{"type": "FeatureCollection", "features": [{"type": "Feature", "properties": {"DAUID": "48112567", "mode": "car", "period": "weekend", "speed_factor": 1.0, "transit_mins": 55.0}, "geometry": {"type": "LineString", "coordinates": [[-113.356405, 53.449099], [-113.356405, 53.449099], [-113.356775, 53.449334], [-113.357983, 53.449657], [-113.358994, 53.449655], [-113.359343, 53.449662], [-113.360028, 53.449658], [-113.360311, 53.449666], [-113.360549, 53.449678], [-113.360813, 53.449703], [-113.361112, 53.449746], [-113.361632, 53.449835], [-113.363965, 53.450232], [-113.364477, 53.450331], [-113.365208, 53.450446], [-113.365448, 53.450467], [-113.366162, 53.450477], [-113.366604, 53.450474], [-113.367091, 53.450474], [-113.367525, 53.450504], [-113.367792, 53.450512], [-113.368246, 53.450514], [-113.368718, 53.450548], [-113.369014, 53.450562], [-113.369194, 53.450559], [-113.369195, 53.450609], [-113.369193, 53.450734], [-113.369194, 53.45085], [-113.369194, 53.450916], [-113.369073, 53.451071], [-113.369065, 53.451205], [-113.369043, 53.45141], [-113.369008, 53.451576], [-113.368939, 53.451997], [-113.368902, 53.452192], [-113.368871, 53.452434], [-113.368848, 53.452739], [-113.368843, 53.453016], [-113.368842, 53.453228], [-113.368801, 53.453837], [-113.368795, 53.453907], [-113.368778, 53.454087], [-113.368771, 53.454183], [-113.36875, 53.45446], [-113.368722, 53.454839], [-113.368686, 53.455319], [-113.368664, 53.455716], [-113.368661, 53.455868], [-113.368644, 53.456542], [-113.368642, 53.456642], [-113.368611, 53.458282], [-113.368605, 53.458964], [-113.368603, 53.45929], [-113.368602, 53.45936], [-113.368602, 53.459448], [-113.368601, 53.459522], [-113.368594, 53.46092], [-113.368598, 53.461025], [-113.368608, 53.461112], [-113.368651, 53.461307], [-113.368663, 53.461375], [-113.368667, 53.461435], [-113.368666, 53.461489], [-113.368664, 53.462195], [-113.368659, 53.463454], [-113.368659, 53.463541], [-113.368661, 53.464062], [-113.368681, 53.46424], [-113.368763, 53.464637], [-113.368789, 53.464793], [-113.368872, 53.464897], [-113.368872, 53.464945], [-113.368863, 53.466313], [-113.368857, 53.467486], [-113.368854, 53.467585], [-113.368849, 53.467993], [-113.368847, 53.468179], [-113.36885, 53.468603], [-113.368848, 53.469581], [-113.368741, 53.46973], [-113.368699, 53.469975], [-113.36869, 53.470055], [-113.368654, 53.470308], [-113.368647, 53.47039], [-113.368631, 53.470626], [-113.368626, 53.471572], [-113.368617, 53.472077], [-113.368615, 53.472343], [-113.368613, 53.472397], [-113.36861, 53.472489], [-113.368611, 53.47256], [-113.368608, 53.472789], [-113.368601, 53.47346], [-113.368554, 53.474102], [-113.368543, 53.474265], [-113.368522, 53.47449], [-113.368494, 53.474994], [-113.368486, 53.475119], [-113.368485, 53.475329], [-113.368482, 53.475469], [-113.368484, 53.475642], [-113.368487, 53.475778], [-113.368494, 53.476087], [-113.368498, 53.476289], [-113.368516, 53.47693], [-113.368519, 53.47702], [-113.368523, 53.477102], [-113.368529, 53.4772], [-113.368527, 53.477262], [-113.368534, 53.477632], [-113.368542, 53.477831], [-113.368548, 53.477965], [-113.368591, 53.478428], [-113.368687, 53.479162], [-113.368696, 53.479258], [-113.368708, 53.479364], [-113.368713, 53.479434], [-113.36872, 53.479551], [-113.368717, 53.479702], [-113.368712, 53.479811], [-113.368708, 53.479929], [-113.368688, 53.480126], [-113.368672, 53.480298], [-113.368673, 53.480511], [-113.368674, 53.480809], [-113.368669, 53.481408], [-113.368669, 53.481515], [-113.368663, 53.481728], [-113.368664, 53.481911], [-113.36866, 53.48225], [-113.368658, 53.482628], [-113.368948, 53.482628], [-113.36911, 53.482627], [-113.371054, 53.482578], [-113.371891, 53.48254], [-113.373015, 53.482566], [-113.373064, 53.482567], [-113.373475, 53.482583], [-113.374446, 53.482671], [-113.375146, 53.482766], [-113.377023, 53.48306], [-113.378339, 53.483386], [-113.379176, 53.483644], [-113.379587, 53.483771], [-113.386706, 53.485941], [-113.386881, 53.485978], [-113.388406, 53.486448], [-113.388536, 53.486488], [-113.389368, 53.486719], [-113.390086, 53.486917], [-113.392817, 53.487592], [-113.393111, 53.487679], [-113.393325, 53.487768], [-113.393471, 53.487849], [-113.393707, 53.488065], [-113.393761, 53.488913], [-113.393798, 53.489564], [-113.393806, 53.489963], [-113.393815, 53.490322], [-113.393826, 53.49289], [-113.393833, 53.493302], [-113.393861, 53.493853], [-113.393874, 53.494169], [-113.393904, 53.494998], [-113.393896, 53.495409], [-113.393898, 53.495508], [-113.393901, 53.495778], [-113.393901, 53.496678], [-113.393961, 53.496821], [-113.393939, 53.497219], [-113.393888, 53.497605], [-113.393863, 53.497855], [-113.393848, 53.498319], [-113.393839, 53.498593], [-113.393833, 53.499328], [-113.393836, 53.499921], [-113.393849, 53.500506], [-113.393864, 53.501216], [-113.393856, 53.503294], [-113.393855, 53.50378], [-113.393851, 53.504786], [-113.393848, 53.506265], [-113.393851, 53.507324], [-113.393854, 53.507431], [-113.393861, 53.509602], [-113.393864, 53.510263], [-113.393866, 53.511558], [-113.393865, 53.512384], [-113.393869, 53.513151], [-113.393875, 53.514041], [-113.393888, 53.515077], [-113.393899, 53.51591], [-113.393892, 53.516071], [-113.39389, 53.516338], [-113.39389, 53.516715], [-113.393896, 53.517356], [-113.393894, 53.517733], [-113.394103, 53.517727], [-113.394185, 53.517722], [-113.394266, 53.517714], [-113.396922, 53.517249], [-113.397428, 53.517172], [-113.398155, 53.517099], [-113.399322, 53.517021], [-113.40022, 53.51698], [-113.401166, 53.51693], [-113.402152, 53.516863], [-113.403217, 53.516756], [-113.404725, 53.516551], [-113.406199, 53.51632], [-113.407677, 53.51609], [-113.408698, 53.515935], [-113.409699, 53.515784], [-113.412123, 53.515413], [-113.414671, 53.515031], [-113.416036, 53.514818], [-113.417515, 53.514576], [-113.418082, 53.514483], [-113.418797, 53.514376], [-113.419641, 53.514291], [-113.420093, 53.514269], [-113.420566, 53.514268], [-113.421377, 53.514296], [-113.421983, 53.514355], [-113.422608, 53.514441], [-113.423347, 53.514588], [-113.424037, 53.514739], [-113.425136, 53.514987], [-113.426667, 53.515335], [-113.428201, 53.515685], [-113.429136, 53.515935], [-113.432483, 53.516695], [-113.434649, 53.517187], [-113.436478, 53.517598], [-113.437287, 53.517779], [-113.437721, 53.517872], [-113.438195, 53.517949], [-113.438784, 53.518027], [-113.439844, 53.518113], [-113.44173, 53.518106], [-113.441869, 53.518105], [-113.442323, 53.518103], [-113.442683, 53.518104], [-113.442821, 53.518103], [-113.442822, 53.518182], [-113.442823, 53.518318], [-113.442825, 53.518575], [-113.442826, 53.51904], [-113.442824, 53.519588], [-113.442823, 53.520049], [-113.442821, 53.520567], [-113.442821, 53.520698], [-113.44282, 53.521164], [-113.442821, 53.521245], [-113.442826, 53.521614], [-113.442818, 53.522048], [-113.442817, 53.522434], [-113.442824, 53.522884], [-113.442829, 53.523316], [-113.44283, 53.52446], [-113.442836, 53.525119], [-113.442837, 53.525187], [-113.442838, 53.52529], [-113.443006, 53.525289], [-113.443114, 53.525289], [-113.443858, 53.525279], [-113.443898, 53.525279], [-113.448922, 53.525246], [-113.449096, 53.525245], [-113.449262, 53.525244], [-113.452521, 53.525224], [-113.454553, 53.525212], [-113.454779, 53.525211], [-113.455508, 53.52522], [-113.457, 53.525219], [-113.457095, 53.525217], [-113.457162, 53.525216], [-113.457284, 53.525214], [-113.457384, 53.525214], [-113.457466, 53.525214], [-113.457578, 53.525213], [-113.457851, 53.525212], [-113.457888, 53.525212], [-113.458225, 53.525213], [-113.458406, 53.525228], [-113.458519, 53.525245], [-113.458526, 53.525247], [-113.458688, 53.525279], [-113.45881, 53.525311], [-113.458943, 53.52536], [-113.459032, 53.525398], [-113.459251, 53.525474], [-113.459707, 53.525729], [-113.461576, 53.526775], [-113.462195, 53.527121], [-113.462281, 53.527168], [-113.462747, 53.527421], [-113.463076, 53.527599], [-113.46336, 53.527753], [-113.463879, 53.528034], [-113.464473, 53.528325], [-113.464645, 53.5284], [-113.465389, 53.528726], [-113.465691, 53.528856], [-113.466144, 53.529052], [-113.466918, 53.529389], [-113.467204, 53.529511], [-113.467674, 53.529721], [-113.46799, 53.529851], [-113.468261, 53.529984], [-113.46838, 53.530046], [-113.468483, 53.530101], [-113.468722, 53.530229], [-113.46935, 53.530578], [-113.470263, 53.531107], [-113.470417, 53.531192], [-113.470585, 53.53128], [-113.470635, 53.531306], [-113.470742, 53.531415], [-113.471002, 53.531564], [-113.471018, 53.53157], [-113.471233, 53.531669], [-113.471373, 53.531727], [-113.471689, 53.531856], [-113.472151, 53.532042], [-113.472572, 53.532202], [-113.472934, 53.532323], [-113.473148, 53.532357], [-113.473543, 53.532474], [-113.473827, 53.532559], [-113.474213, 53.532656], [-113.474646, 53.532748], [-113.474984, 53.532813], [-113.475357, 53.532876], [-113.47566, 53.532915], [-113.475935, 53.532948], [-113.476437, 53.532997], [-113.476764, 53.533013], [-113.477201, 53.533023], [-113.47763, 53.533026], [-113.478296, 53.533006], [-113.478762, 53.533001], [-113.479495, 53.53297], [-113.479862, 53.53297], [-113.480228, 53.532995], [-113.480346, 53.533003], [-113.480589, 53.533035], [-113.480936, 53.533108], [-113.481162, 53.533176], [-113.481386, 53.533254], [-113.481554, 53.533329], [-113.481713, 53.533413], [-113.481892, 53.533536], [-113.482266, 53.533847], [-113.482611, 53.534172], [-113.482752, 53.534325], [-113.482936, 53.534545], [-113.483074, 53.534719], [-113.483395, 53.535039], [-113.483587, 53.535449], [-113.483671, 53.535622], [-113.483918, 53.536168], [-113.483962, 53.536259], [-113.4839, 53.536366], [-113.484028, 53.53688], [-113.484071, 53.537151], [-113.484006, 53.537378], [-113.484006, 53.537382], [-113.483928, 53.537501], [-113.483786, 53.537623], [-113.483667, 53.537683], [-113.483555, 53.537724], [-113.48339, 53.53776], [-113.483229, 53.537773], [-113.483069, 53.537772], [-113.482908, 53.53775], [-113.482789, 53.537719], [-113.482686, 53.53768], [-113.482591, 53.537636], [-113.482486, 53.537562], [-113.482403, 53.537475], [-113.482354, 53.537378], [-113.482341, 53.53728], [-113.482375, 53.537141], [-113.482475, 53.537008], [-113.482595, 53.536911], [-113.482787, 53.536813], [-113.483234, 53.536659], [-113.483452, 53.536538], [-113.483606, 53.536505], [-113.484711, 53.536307], [-113.485721, 53.536157], [-113.486245, 53.536089], [-113.486598, 53.536043], [-113.487033, 53.535991], [-113.48743, 53.535939], [-113.487822, 53.535888], [-113.488241, 53.535826], [-113.488637, 53.535765], [-113.489029, 53.535701], [-113.489355, 53.535644], [-113.489823, 53.535553], [-113.490286, 53.535461], [-113.490654, 53.535377], [-113.491261, 53.535232], [-113.49189, 53.535076], [-113.492369, 53.534924], [-113.492752, 53.534781], [-113.493364, 53.534543], [-113.493689, 53.534418], [-113.493998, 53.534312], [-113.49427, 53.534239], [-113.494545, 53.534174], [-113.494949, 53.534108], [-113.495138, 53.534092], [-113.495439, 53.534076], [-113.495557, 53.534071], [-113.496392, 53.534071], [-113.497251, 53.534069], [-113.497399, 53.534069], [-113.497392, 53.534175], [-113.49737, 53.534458], [-113.497343, 53.534797], [-113.497334, 53.534876], [-113.497282, 53.535019], [-113.497246, 53.535113], [-113.497188, 53.5352], [-113.496952, 53.535522], [-113.496494, 53.535832], [-113.496034, 53.536111], [-113.49588, 53.536219], [-113.495821, 53.536282], [-113.495767, 53.536346], [-113.495721, 53.536412], [-113.495679, 53.536487], [-113.495648, 53.536564], [-113.495628, 53.536642], [-113.495617, 53.536721], [-113.495624, 53.537179], [-113.495625, 53.537254], [-113.495626, 53.537316], [-113.495625, 53.537788], [-113.495624, 53.538087], [-113.495623, 53.538362], [-113.495606, 53.538443], [-113.495589, 53.538495], [-113.495566, 53.538543], [-113.495521, 53.538603], [-113.495416, 53.538701], [-113.495392, 53.538722], [-113.495316, 53.538792], [-113.495259, 53.538844], [-113.494894, 53.539146], [-113.49477, 53.539224], [-113.494622, 53.539283], [-113.494521, 53.539309], [-113.494436, 53.539327], [-113.494075, 53.539389], [-113.493982, 53.539412], [-113.493941, 53.539427], [-113.493853, 53.539465], [-113.49379, 53.539499], [-113.493753, 53.539581], [-113.493741, 53.539652], [-113.493743, 53.539675], [-113.493739, 53.540193], [-113.493739, 53.540362], [-113.493738, 53.540826], [-113.493738, 53.540943], [-113.493736, 53.541062], [-113.493735, 53.541098], [-113.493736, 53.541526], [-113.493736, 53.541957], [-113.493736, 53.541987], [-113.493736, 53.542045], [-113.493736, 53.54214], [-113.493737, 53.542178], [-113.493736, 53.542204], [-113.493747, 53.542631], [-113.493746, 53.543058], [-113.493746, 53.543116], [-113.493745, 53.543146], [-113.493745, 53.543209], [-113.493745, 53.543241], [-113.493745, 53.543281], [-113.493745, 53.543292], [-113.493744, 53.543452], [-113.493744, 53.543535], [-113.49374, 53.544215], [-113.493738, 53.544432], [-113.493738, 53.5445]]}}, {"type": "Feature", "properties": {"DAUID": "48112567", "mode": "transit", "period": "weekend", "speed_factor": 0.4, "transit_mins": 55.0}, "geometry": {"type": "LineString", "coordinates": [[-113.356405, 53.449099], [-113.35694113717547, 53.448254869127986], [-113.3570333096694, 53.44836793783084], [-113.3579810217645, 53.44865700195671], [-113.35901405327331, 53.44865520108711], [-113.3593371606835, 53.44866201704895], [-113.36005625726315, 53.44865839931619], [-113.36036135620108, 53.448667268678264], [-113.36064327520593, 53.448682453825505], [-113.36095534821283, 53.44871318335723], [-113.36128070075203, 53.44876033268479], [-113.3617997556606, 53.44884917139505], [-113.36415484302938, 53.449250185544926], [-113.364632407392, 53.449343149534336], [-113.36529516695029, 53.4494498062825], [-113.36546200422879, 53.44946709806403], [-113.36615521282602, 53.44947702303313], [-113.366604, 53.449474], [-113.36715995986877, 53.449476380565294], [-113.36755494910636, 53.4495044485751], [-113.36779640524358, 53.449512009703135], [-113.36831784773476, 53.44951658438802], [-113.36876524448306, 53.449549116644036], [-113.36899733564768, 53.44956213885996], [-113.37019380005997, 53.450539003998564], [-113.37019487202457, 53.45062499795247], [-113.37019296284392, 53.450725379630676], [-113.370194, 53.45085], [-113.36998225561831, 53.451531347934264], [-113.37007122261579, 53.45113059538], [-113.37005929079038, 53.45131170437751], [-113.37002148719876, 53.451616307541975], [-113.36999483379897, 53.451737737606], [-113.36992147061788, 53.452183417501814], [-113.36989389491525, 53.45231906091892], [-113.36986816874784, 53.452509196331796], [-113.36984783712877, 53.45275704760161], [-113.36984298887523, 53.45302071692864], [-113.36983974144913, 53.453295171427605], [-113.36979734664905, 53.453922401141334], [-113.36979056973915, 53.454001026030916], [-113.3697753521339, 53.45415972359321], [-113.36976813857815, 53.45425859534343], [-113.36974728209498, 53.45453367783287], [-113.3697191993099, 53.45491378994826], [-113.36968446808204, 53.45537433072496], [-113.36966380528541, 53.45573573299901], [-113.36966068206313, 53.45589321453275], [-113.36964380005998, 53.45656199600129], [-113.36964182139675, 53.45666089906299], [-113.3696109613029, 53.45829079731351], [-113.36960498118161, 53.45897013485391], [-113.36960289797479, 53.45930428425675], [-113.369602, 53.45936], [-113.36960190870498, 53.459461512279766], [-113.36960098746444, 53.45952700709031], [-113.36959327516526, 53.46088193237462], [-113.36959145885186, 53.4609108093275], [-113.36958453926245, 53.460896660572864], [-113.36963578355882, 53.46113321466611], [-113.36966078515785, 53.46130848098941], [-113.36966682857633, 53.46145351534396], [-113.36966599598748, 53.46149183284984], [-113.36966399211406, 53.46219897137456], [-113.369659, 53.463454], [-113.369658992632, 53.463537161256674], [-113.36965474681213, 53.46395034305486], [-113.36966032787221, 53.464037720691366], [-113.36974939392383, 53.46447260101266], [-113.36957060148127, 53.46416922189484], [-113.369872, 53.464897], [-113.36987197835943, 53.46495157880499], [-113.36986298691819, 53.466318115022595], [-113.36985654117915, 53.467516289126706], [-113.36985392491715, 53.46759725398183], [-113.36984894219486, 53.468003752066586], [-113.36984697496979, 53.468171924705416], [-113.36984999790901, 53.468605044985495], [-113.36966025750753, 53.47016429901547], [-113.36972662225482, 53.46989896381508], [-113.36969273131616, 53.47008679477313], [-113.36968002760513, 53.470195873493196], [-113.36965037612978, 53.47039305649902], [-113.36964470970211, 53.47045764133575], [-113.36963098603249, 53.47063128533843], [-113.36962584122986, 53.47158981895262], [-113.36961697173504, 53.47208451858445], [-113.36961431483377, 53.47238001166068], [-113.36961246876011, 53.47242959137253], [-113.3696099008281, 53.47247491688978], [-113.36961091420032, 53.4725730993127], [-113.36960794558914, 53.47279943162313], [-113.36959833096523, 53.47353301332611], [-113.36955173065847, 53.47416933151683], [-113.36953867269573, 53.47435792945162], [-113.3695204603532, 53.47454547001963], [-113.36949195827006, 53.47505786932924], [-113.36948598866233, 53.47512376185076], [-113.3694847704872, 53.475350423653346], [-113.36948193318187, 53.47545744007885], [-113.3694837567929, 53.475619946541286], [-113.36948674350317, 53.47575535208893], [-113.36949380399842, 53.476067201901], [-113.36949760595829, 53.476260929941894], [-113.36951544490698, 53.4768966851697], [-113.36951781235113, 53.47697127744641], [-113.36952113103357, 53.47704088993673], [-113.36952848011434, 53.47723224129393], [-113.36952682108529, 53.47724308446597], [-113.36953319291771, 53.47759183144045], [-113.36954099905442, 53.47778626869906], [-113.36954371504235, 53.47787252538485], [-113.36958255515349, 53.478298314312354], [-113.36968263422605, 53.47906865929125], [-113.36968965296832, 53.479145510984736], [-113.36970545869983, 53.47929275294999], [-113.36971121503237, 53.479374277733136], [-113.36971980269864, 53.479570863629725], [-113.36971594955747, 53.47974782337422], [-113.36971142594714, 53.4798448788457], [-113.36970288605409, 53.480030003660275], [-113.36968370121599, 53.48021862336894], [-113.36967198897945, 53.480293305216065], [-113.36967299436967, 53.4805076443142], [-113.36967396516357, 53.48081734695462], [-113.369669, 53.481408], [-113.36966860348927, 53.48154315784477], [-113.36966298507005, 53.481722535600724], [-113.36966393039422, 53.48192279858869], [-113.36965998600293, 53.482255290931256], [-113.368658, 53.481628], [-113.36894182727812, 53.48162801905143], [-113.36908480224187, 53.48162731751392], [-113.37100864647792, 53.4815790290004], [-113.3719141254865, 53.48154026742982], [-113.37303540391476, 53.48156620818154], [-113.37310289997505, 53.48156775689048], [-113.3735652583092, 53.48158708161096], [-113.37458048147184, 53.48168008389168], [-113.37530074616573, 53.481778045737805], [-113.37726345247529, 53.482089339087466], [-113.37863356719097, 53.482430369229256], [-113.37947122910928, 53.48268857351249], [-113.37987857328679, 53.48281445150754], [-113.38691285568159, 53.484962628533225], [-113.38717552616727, 53.48502235658492], [-113.38870008584884, 53.485492220991276], [-113.38880352440009, 53.485524448913985], [-113.38963384294935, 53.485754983648334], [-113.39032594192236, 53.4859462127556], [-113.39310075516518, 53.486633103234844], [-113.39349500257057, 53.486755667976404], [-113.39381013432244, 53.48689356035703], [-113.39414615825878, 53.487111327087646], [-113.39470497862239, 53.488001449474524], [-113.39475938875769, 53.488856255938494], [-113.39479779905683, 53.48954395390364], [-113.39480568590467, 53.48993793823636], [-113.39481499082599, 53.4903177165502], [-113.39482585569624, 53.49287301216051], [-113.39483171132696, 53.49325124878919], [-113.39486015485406, 53.49381189552817], [-113.39487334585029, 53.49413283549394], [-113.39490381061616, 53.49501746103391], [-113.39489579600163, 53.49538880210103], [-113.39489793827731, 53.495496889574675], [-113.394901, 53.495778], [-113.3948231201798, 53.49629109642802], [-113.3949594757529, 53.49687619212705], [-113.39493038421836, 53.49734998599776], [-113.39488303719021, 53.49770450371905], [-113.39486247787279, 53.49788731070708], [-113.39484746098277, 53.4983518290104], [-113.39483896668222, 53.498601162993324], [-113.3948329872034, 53.49932294104283], [-113.39483575317783, 53.4998987832627], [-113.39484877690468, 53.50048487795273], [-113.39486399258938, 53.501219849827095], [-113.39485599788313, 53.50329605760881], [-113.39485499209523, 53.50378397611171], [-113.39485099794281, 53.50478802839339], [-113.39484799598748, 53.50626216715018], [-113.39485060718414, 53.507295973630285], [-113.39485399480192, 53.50742777569617], [-113.39486098970082, 53.50959746146884], [-113.39486399880741, 53.51026145560029], [-113.39486599926717, 53.51155921065286], [-113.39486498640153, 53.51237878494707], [-113.39486897727636, 53.51314425858016], [-113.39487492127985, 53.51402845272524], [-113.39488791282167, 53.5150637958691], [-113.39489805615835, 53.51595343722434], [-113.39489197194635, 53.516078490426544], [-113.39489, 53.516338], [-113.39488995619458, 53.51670564003562], [-113.39489598592857, 53.51736130496512], [-113.39386530368873, 53.51673341182394], [-113.39404213742952, 53.51672885384461], [-113.3940867127813, 53.51672684191073], [-113.39409354769973, 53.51672898213004], [-113.39677155800302, 53.51626038116266], [-113.39732808976453, 53.51617700354531], [-113.39808831074899, 53.516101226206096], [-113.3992763904976, 53.51602204065484], [-113.4001672195486, 53.51598139385944], [-113.40109820501894, 53.515932300726405], [-113.40205203378495, 53.51586800916796], [-113.40308229731916, 53.515765113938045], [-113.40457017332378, 53.51556305835176], [-113.40604523497187, 53.51533189255841], [-113.40752690777663, 53.515101327999545], [-113.40854883842339, 53.51494618716429], [-113.4095477089458, 53.51479551074011], [-113.41197473546477, 53.514424052262456], [-113.41451682185138, 53.5140429569349], [-113.41587452324751, 53.51383112348371], [-113.41735314161953, 53.513589186002996], [-113.41793399774612, 53.5134940129764], [-113.41869679598636, 53.51338103308816], [-113.4195923849845, 53.51329218240891], [-113.42009088583983, 53.513269002234836], [-113.42060050471883, 53.5132685954651], [-113.4214739015582, 53.51330070602935], [-113.42211931556814, 53.51336433453382], [-113.42280309512292, 53.51346021567457], [-113.42356078132283, 53.51361111845856], [-113.42425712465354, 53.513763528249044], [-113.42535764863251, 53.51401187340119], [-113.4268894451265, 53.51436005478836], [-113.42845930567817, 53.51471893676365], [-113.42935743220318, 53.51495982423154], [-113.4327045043476, 53.5157198406161], [-113.43486824562342, 53.516211330303534], [-113.43669633518493, 53.516622126162346], [-113.43749652908873, 53.51680119758592], [-113.43788134534834, 53.51688493902454], [-113.43832628169467, 53.516957654895286], [-113.43886486636409, 53.51703027504738], [-113.43984028846671, 53.51711300688776], [-113.44172280594154, 53.517106025877574], [-113.44186459475641, 53.51710500970313], [-113.44232577776705, 53.517103003858004], [-113.44267575381346, 53.51710402625395], [-113.44382091989425, 53.518090342786], [-113.44382197296824, 53.51817464725761], [-113.44382296972083, 53.51831021813449], [-113.4438249976876, 53.51857284946734], [-113.44382599334014, 53.519043649610715], [-113.4438239976473, 53.519590169192284], [-113.44382299254642, 53.5200528609751], [-113.443821, 53.520567], [-113.44382099769751, 53.5207001459178], [-113.44381992380082, 53.52115165526175], [-113.44382090820955, 53.52123145110827], [-113.44382583015222, 53.521632430048875], [-113.44381799664423, 53.522050590664875], [-113.4438168790343, 53.522418446326135], [-113.44382393302713, 53.52287242670107], [-113.44382899961795, 53.52331512587446], [-113.44382995855476, 53.52445089567325], [-113.44383589188605, 53.52510429570759], [-113.44383695287354, 53.5251772917197], [-113.44283204772451, 53.52429001771495], [-113.443006, 53.524289], [-113.4431005603537, 53.524289090316124], [-113.443858, 53.524279], [-113.44389143167037, 53.52427902157171], [-113.44891625296844, 53.524246016514326], [-113.44908997601293, 53.52424501814437], [-113.44925586326377, 53.52424401882995], [-113.45251509459116, 53.52422401743708], [-113.45454857526454, 53.524212009789196], [-113.45479134473828, 53.52421107619919], [-113.45550732975886, 53.52422000022461], [-113.45697895203224, 53.52421922153301], [-113.45708007628906, 53.52421711136477], [-113.45714560875975, 53.5242161343454], [-113.457284, 53.524214], [-113.457384, 53.524214], [-113.45745707178446, 53.524214039857306], [-113.45757433702092, 53.524213006708734], [-113.457851, 53.524212000000006], [-113.45789096734597, 53.524212004402585], [-113.45830758980328, 53.524216416373605], [-113.45855476836472, 53.52423912792857], [-113.45879372112776, 53.52428347605232], [-113.45871978641821, 53.5242659562578], [-113.45894171268839, 53.524311720375614], [-113.4591557053588, 53.52437265688317], [-113.45933567179333, 53.52444032132637], [-113.45935985128006, 53.52445327065349], [-113.45973907872799, 53.52460120039226], [-113.46019537587435, 53.52485636662604], [-113.46206391617123, 53.52590210950868], [-113.46267456687032, 53.52624349466276], [-113.46275813348066, 53.52628916916211], [-113.46322285248816, 53.52654147489547], [-113.4635526819618, 53.52671992417432], [-113.46383611938859, 53.52687361934988], [-113.46431894209924, 53.52713597385933], [-113.46487270024835, 53.52740835409701], [-113.46504633542456, 53.52748406884702], [-113.4657843870769, 53.52780748540598], [-113.46608809566438, 53.52793822277575], [-113.46654320252507, 53.52813513722729], [-113.46731036612897, 53.52846919087804], [-113.46761194006218, 53.52859799128938], [-113.46805445539626, 53.5287962007291], [-113.46843057612193, 53.52895328474404], [-113.46872305654529, 53.52909714953405], [-113.4688510326858, 53.52916388424291], [-113.46895511905448, 53.529219465202964], [-113.469207761104, 53.529354908385905], [-113.4698513351015, 53.52971274679081], [-113.47074622762376, 53.53023150524637], [-113.47088100699469, 53.530306168464726], [-113.47104635273661, 53.53039278319875], [-113.471348623476, 53.53060547053274], [-113.47123921667152, 53.53054737359333], [-113.4713531234415, 53.5306276708224], [-113.47143625427262, 53.53066167001402], [-113.47161574032775, 53.53074514403638], [-113.4717509482506, 53.53080117327762], [-113.47206246687085, 53.53092835648206], [-113.47250625656412, 53.531107231165656], [-113.47288901364172, 53.53125357902229], [-113.47309091045031, 53.53133538716564], [-113.47343200568075, 53.531398177402586], [-113.47382972887496, 53.53151598822958], [-113.47407071782368, 53.53158915381507], [-113.47442083173776, 53.53167783540813], [-113.47483484739365, 53.531765993553016], [-113.47515054199684, 53.531826965637876], [-113.47548465974545, 53.53188418197769], [-113.4757791452206, 53.531922123161515], [-113.4760321478646, 53.53195273004044], [-113.47648587119701, 53.531998194910855], [-113.4767868773062, 53.53201326171981], [-113.477207992836, 53.532023024450176], [-113.4775999835014, 53.53202645059661], [-113.47828527100383, 53.53200605755734], [-113.47871974582034, 53.53200189310667], [-113.479495, 53.53197], [-113.47993014721831, 53.53197232472385], [-113.48029564133574, 53.53199729029788], [-113.48047656005305, 53.53201155959708], [-113.48079486835108, 53.5320564203037], [-113.48122412524705, 53.532150407267146], [-113.48149084764705, 53.532231617013586], [-113.48179365084039, 53.532340862117564], [-113.48202112103311, 53.532444806615935], [-113.48227933339743, 53.53258882375492], [-113.48253137517843, 53.53276710509092], [-113.48295169368456, 53.533119109780976], [-113.48334635599595, 53.533494318984154], [-113.48351907687017, 53.53368344479953], [-113.48371949767908, 53.53392360528898], [-113.48378000279135, 53.53401079094992], [-113.484300618035, 53.53461490570069], [-113.48448656653675, 53.53501221624804], [-113.48458210792285, 53.53520983213014], [-113.48481828433948, 53.53573269768197], [-113.48482724168305, 53.536760354993916], [-113.4848703641955, 53.53612435288519], [-113.48501564448345, 53.536723288882676], [-113.48503236397046, 53.53742628043211], [-113.485006, 53.537378], [-113.48484235001851, 53.53793019581038], [-113.48457967072343, 53.53825950198959], [-113.48423621249415, 53.53851592144677], [-113.48401076188264, 53.53862205685027], [-113.48376816707523, 53.538701015761404], [-113.48347048339964, 53.53875675594926], [-113.48322275012204, 53.538772980469325], [-113.48293361218018, 53.538762792681766], [-113.48265590915327, 53.5387177035729], [-113.48243489324899, 53.53865420500902], [-113.48226573077648, 53.538587399459864], [-113.4820149282378, 53.53845339912209], [-113.48176245567352, 53.53825227792057], [-113.4815104207521, 53.53792589054793], [-113.48136268397606, 53.53750950110518], [-113.48136963682491, 53.53704240037445], [-113.48157572173115, 53.53654003889565], [-113.48184636123723, 53.536230302561435], [-113.48214037942664, 53.536020314795074], [-113.48246127006766, 53.535867537144476], [-113.48274869764218, 53.53578465360326], [-113.48324247091125, 53.53556019758593], [-113.48342962360746, 53.53552067720327], [-113.48456409641351, 53.53531784918426], [-113.48559230810208, 53.535165315375025], [-113.48611578090897, 53.5350973839319], [-113.48647930483094, 53.53505006925879], [-113.48690312696998, 53.53499946936706], [-113.48730098526403, 53.534947357323475], [-113.48767562246876, 53.534898771200204], [-113.48808875527168, 53.5348376571735], [-113.4884758681011, 53.53477806711922], [-113.48885676626297, 53.53471594389001], [-113.48916413034091, 53.53466238461033], [-113.48962810617743, 53.534572175653885], [-113.49006346294684, 53.53448607576706], [-113.49042165744183, 53.53440436598061], [-113.49102028018282, 53.534261405352574], [-113.49158753564524, 53.5341228393031], [-113.49201921721047, 53.53398716917207], [-113.49238955373883, 53.53384899532846], [-113.4930050209207, 53.53360965439379], [-113.49336451915725, 53.53347210773199], [-113.49373879064495, 53.53334617884148], [-113.49403997454607, 53.533265815387225], [-113.49438377098194, 53.53318708298032], [-113.49486464564488, 53.53311156418031], [-113.4950849187934, 53.53309340980102], [-113.49539666510692, 53.53307689652346], [-113.495557, 53.533071], [-113.49638967171761, 53.53307100271045], [-113.497251, 53.533069000000005], [-113.49839682661472, 53.53413489421038], [-113.49838899198842, 53.534252504677546], [-113.49836684326655, 53.53453739459646], [-113.4983365731472, 53.5349101918776], [-113.4982737934235, 53.535217743063065], [-113.49821585675171, 53.535376647266546], [-113.4980780502943, 53.53566770019629], [-113.49799456423501, 53.53579114645798], [-113.49751252825837, 53.53635013529786], [-113.49701259004812, 53.5366870230184], [-113.4966081757432, 53.53692973207822], [-113.49660989840244, 53.536902555646684], [-113.49658529148348, 53.53692687093924], [-113.49658739816677, 53.53691779266169], [-113.49659350601593, 53.536900603368984], [-113.49660664351796, 53.53686046687079], [-113.49661666386604, 53.53681237535034], [-113.49661844476051, 53.536779910029956], [-113.49661688322253, 53.53670571794199], [-113.49662391112297, 53.53716566785173], [-113.49662486995254, 53.53723787306532], [-113.49662599775569, 53.537318118639305], [-113.49662499440727, 53.53779134446289], [-113.4966239933885, 53.53809063633963], [-113.49660167779119, 53.53856740151173], [-113.49655649532517, 53.53875373885632], [-113.49649081602873, 53.53892712018041], [-113.49636600000002, 53.53914299999997], [-113.4962033182504, 53.53933405526821], [-113.49607450460765, 53.5394535766949], [-113.49606947575478, 53.53945754510512], [-113.49598996198752, 53.5395307660248], [-113.49589648130906, 53.539614465820534], [-113.49542645111872, 53.53999246075289], [-113.49514030828419, 53.540152908916234], [-113.49487129799392, 53.54025142682234], [-113.49472817044185, 53.54028730486456], [-113.49460526691227, 53.54031257024732], [-113.49431507879872, 53.5403597534035], [-113.4943255815314, 53.54035112285207], [-113.49433743601625, 53.54034506235356], [-113.49432793260114, 53.540345022172666], [-113.49470150505643, 53.53991028886699], [-113.49473901601385, 53.53974765059387], [-113.49473724058822, 53.53956537038387], [-113.49474297018662, 53.53968272177749], [-113.49473900000001, 53.540193], [-113.49473899767763, 53.54036415516744], [-113.494738, 53.540826], [-113.49473785879694, 53.540959804349484], [-113.49473561442065, 53.54108976706716], [-113.49473499727051, 53.54109566355778], [-113.494736, 53.541526], [-113.494736, 53.541957], [-113.494736, 53.541987], [-113.494736, 53.542045], [-113.49473565391935, 53.54211369331798], [-113.49473626117464, 53.54221643312201], [-113.4947356683473, 53.54217824741962], [-113.49474699725772, 53.54263334191395], [-113.494746, 53.543058], [-113.49474544490698, 53.543149314830146], [-113.49474500000001, 53.543146], [-113.49474500000001, 53.543209], [-113.49474500000001, 53.543241], [-113.49474500000001, 53.543281], [-113.49474498046932, 53.54329824987792], [-113.49474400000001, 53.543452], [-113.49474398269942, 53.54354088225118], [-113.49473995752994, 53.54422421619848], [-113.494738, 53.544432], [-113.494738, 53.5445]]}}, {"type": "Feature", "properties": {"DAUID": "48110997", "mode": "car", "period": "weekend", "speed_factor": 1.0, "transit_mins": 55.0}, "geometry": {"type": "LineString", "coordinates": [[-113.603953, 53.501286], [-113.604169, 53.501151], [-113.604731, 53.500805], [-113.604943, 53.500916], [-113.605245, 53.501043], [-113.605617, 53.501158], [-113.606069, 53.501239], [-113.606739, 53.501316], [-113.607297, 53.501375], [-113.607885, 53.501439], [-113.608405, 53.501513], [-113.608654, 53.501553], [-113.608971, 53.50163], [-113.609225, 53.501702], [-113.609434, 53.501781], [-113.609782, 53.501935], [-113.610093, 53.502111], [-113.610225, 53.502189], [-113.610363, 53.502308], [-113.610518, 53.502441], [-113.610678, 53.502611], [-113.610807, 53.502781], [-113.610907, 53.502949], [-113.611008, 53.503187], [-113.611056, 53.503406], [-113.611072, 53.503613], [-113.611084, 53.503944], [-113.611074, 53.504513], [-113.611075, 53.50459], [-113.611076, 53.504695], [-113.611218, 53.504696], [-113.613834, 53.504713], [-113.613964, 53.504713], [-113.614181, 53.504712], [-113.61436, 53.504711], [-113.6147, 53.504735], [-113.614972, 53.504785], [-113.615129, 53.504853], [-113.615224, 53.504928], [-113.615269, 53.505013], [-113.615352, 53.505169], [-113.615358, 53.509561], [-113.615348, 53.509739], [-113.615303, 53.509992], [-113.615196, 53.510288], [-113.615045, 53.510553], [-113.614752, 53.510997], [-113.614576, 53.511125], [-113.614498, 53.5112], [-113.614362, 53.511306], [-113.614156, 53.511422], [-113.613903, 53.511524], [-113.613381, 53.511641], [-113.613135, 53.511718], [-113.612383, 53.511803], [-113.611632, 53.511872], [-113.611274, 53.511895], [-113.610915, 53.511912], [-113.610276, 53.511924], [-113.609637, 53.511928], [-113.607464, 53.511939], [-113.606708, 53.512016], [-113.603745, 53.511999], [-113.602765, 53.511993], [-113.602025, 53.511901], [-113.601875, 53.511891], [-113.601182, 53.511868], [-113.600349, 53.511828], [-113.599456, 53.511752], [-113.598215, 53.511554], [-113.597455, 53.511446], [-113.596973, 53.511423], [-113.596852, 53.511422], [-113.596643, 53.511424], [-113.596629, 53.51156], [-113.596629, 53.511779], [-113.59663, 53.511863], [-113.59663, 53.512223], [-113.596631, 53.512345], [-113.596633, 53.512401], [-113.596644, 53.512553], [-113.596648, 53.512656], [-113.596656, 53.512904], [-113.596714, 53.51311], [-113.596712, 53.515174], [-113.596708, 53.516836], [-113.596709, 53.518032], [-113.596628, 53.518179], [-113.59661, 53.518645], [-113.596596, 53.518904], [-113.59655, 53.51923], [-113.596527, 53.519396], [-113.596418, 53.519397], [-113.596267, 53.519401], [-113.595895, 53.519421], [-113.595712, 53.519431], [-113.595524, 53.519437], [-113.595125, 53.519436], [-113.59379, 53.519436], [-113.592582, 53.519426], [-113.592399, 53.519425], [-113.591708, 53.519422], [-113.591566, 53.519421], [-113.590588, 53.519412], [-113.590339, 53.51941], [-113.590166, 53.519409], [-113.589525, 53.519404], [-113.588758, 53.519402], [-113.588572, 53.519403], [-113.586441, 53.519416], [-113.58505, 53.519413], [-113.584921, 53.519413], [-113.582427, 53.519412], [-113.580778, 53.519409], [-113.57976, 53.51941], [-113.57918, 53.519392], [-113.578539, 53.519356], [-113.578048, 53.519343], [-113.577859, 53.519385], [-113.577044, 53.519376], [-113.576954, 53.519375], [-113.574872, 53.519361], [-113.570292, 53.519364], [-113.567996, 53.519364], [-113.567641, 53.519364], [-113.566952, 53.519365], [-113.566846, 53.519365], [-113.56674, 53.519359], [-113.566636, 53.519346], [-113.566535, 53.519327], [-113.566437, 53.519301], [-113.566351, 53.519272], [-113.56627, 53.519239], [-113.566194, 53.519201], [-113.566126, 53.519158], [-113.566014, 53.519092], [-113.565948, 53.519072], [-113.565878, 53.519056], [-113.565805, 53.519047], [-113.565731, 53.519044], [-113.565656, 53.519046], [-113.565572, 53.519056], [-113.565492, 53.519074], [-113.565417, 53.5191], [-113.565345, 53.519132], [-113.565238, 53.519194], [-113.565206, 53.519236], [-113.565183, 53.519281], [-113.56517, 53.519326], [-113.565167, 53.519372], [-113.565175, 53.519421], [-113.565194, 53.519469], [-113.565224, 53.519514], [-113.565264, 53.519557], [-113.565387, 53.519632], [-113.565459, 53.519681], [-113.565524, 53.519733], [-113.56558, 53.51979], [-113.565636, 53.519863], [-113.565678, 53.519939], [-113.565705, 53.520018], [-113.565716, 53.520098], [-113.565713, 53.520671], [-113.565721, 53.521202], [-113.56572, 53.521271], [-113.565729, 53.522238], [-113.565728, 53.522302], [-113.565731, 53.524873], [-113.565738, 53.52541], [-113.565732, 53.525918], [-113.565718, 53.526249], [-113.565662, 53.527949], [-113.56566, 53.528014], [-113.565655, 53.528117], [-113.565639, 53.528538], [-113.56561, 53.529374], [-113.565605, 53.529639], [-113.565597, 53.530003], [-113.565579, 53.53151], [-113.56558, 53.53197], [-113.565581, 53.533561], [-113.565581, 53.533648], [-113.565585, 53.534335], [-113.56558, 53.534522], [-113.565585, 53.536073], [-113.565585, 53.536132], [-113.565595, 53.537559], [-113.565548, 53.537933], [-113.565548, 53.538043], [-113.565595, 53.53929], [-113.565593, 53.53946], [-113.565605, 53.539712], [-113.565608, 53.539959], [-113.565605, 53.540368], [-113.565601, 53.540811], [-113.565603, 53.541243], [-113.565599, 53.541676], [-113.565605, 53.542099], [-113.56561, 53.542499], [-113.565559, 53.542611], [-113.565415, 53.542736], [-113.565279, 53.542801], [-113.565207, 53.542822], [-113.565097, 53.54288], [-113.564757, 53.542892], [-113.563049, 53.542957], [-113.562622, 53.542951], [-113.562234, 53.54296], [-113.562086, 53.543038], [-113.561974, 53.543105], [-113.561803, 53.543197], [-113.56162, 53.543331], [-113.561504, 53.543417], [-113.561376, 53.54349], [-113.56124, 53.543556], [-113.560908, 53.543634], [-113.55982, 53.543871], [-113.55971, 53.543897], [-113.558873, 53.544082], [-113.558023, 53.544275], [-113.556345, 53.544658], [-113.55622, 53.544686], [-113.555178, 53.544919], [-113.554928, 53.544979], [-113.554653, 53.545055], [-113.553737, 53.545359], [-113.553317, 53.545497], [-113.553089, 53.545567], [-113.552959, 53.545611], [-113.552637, 53.545711], [-113.552296, 53.545821], [-113.552205, 53.545849], [-113.552124, 53.545872], [-113.551974, 53.545907], [-113.551841, 53.545942], [-113.55168, 53.545986], [-113.551287, 53.546113], [-113.549599, 53.546655], [-113.548988, 53.546862], [-113.548887, 53.546901], [-113.548801, 53.546935], [-113.548607, 53.547014], [-113.548474, 53.547062], [-113.548335, 53.547109], [-113.547921, 53.547243], [-113.547412, 53.547406], [-113.546815, 53.547591], [-113.546603, 53.547646], [-113.546306, 53.547703], [-113.545749, 53.547807], [-113.545388, 53.547853], [-113.545101, 53.54788], [-113.544822, 53.54789], [-113.544573, 53.54788], [-113.543757, 53.547821], [-113.5434, 53.547836], [-113.542903, 53.547771], [-113.542231, 53.547691], [-113.542002, 53.547663], [-113.541295, 53.54758], [-113.541171, 53.547563], [-113.541065, 53.547549], [-113.54054, 53.547484], [-113.540339, 53.547459], [-113.539459, 53.547349], [-113.538566, 53.547235], [-113.537687, 53.547129], [-113.537616, 53.547114], [-113.536769, 53.547011], [-113.536101, 53.546925], [-113.535922, 53.546903], [-113.535732, 53.54688], [-113.535016, 53.546792], [-113.534138, 53.54668], [-113.533264, 53.546571], [-113.533151, 53.546557], [-113.532693, 53.5465], [-113.532527, 53.546479], [-113.532392, 53.546463], [-113.531046, 53.546275], [-113.530852, 53.546256], [-113.530649, 53.546236], [-113.530503, 53.546226], [-113.530298, 53.546181], [-113.529715, 53.546172], [-113.528807, 53.546158], [-113.528678, 53.546156], [-113.528546, 53.546157], [-113.527735, 53.546158], [-113.527532, 53.546157], [-113.526785, 53.546159], [-113.525117, 53.546162], [-113.524989, 53.546162], [-113.524825, 53.546161], [-113.524091, 53.546158], [-113.523146, 53.546153], [-113.522433, 53.546149], [-113.522089, 53.546148], [-113.521755, 53.546147], [-113.521515, 53.546145], [-113.521318, 53.546144], [-113.521133, 53.546144], [-113.520928, 53.546144], [-113.519925, 53.546145], [-113.51916, 53.546146], [-113.517789, 53.546148], [-113.517624, 53.546148], [-113.517488, 53.546148], [-113.5162, 53.54615], [-113.515465, 53.546151], [-113.514674, 53.546152], [-113.514535, 53.54615], [-113.514069, 53.546147], [-113.51393, 53.546147], [-113.513786, 53.546147], [-113.513512, 53.546148], [-113.513314, 53.546147], [-113.512187, 53.546149], [-113.511918, 53.546148], [-113.510424, 53.546166], [-113.51025, 53.546164], [-113.510079, 53.546167], [-113.5098, 53.546174], [-113.508796, 53.546171], [-113.508705, 53.546171], [-113.508531, 53.54617], [-113.50836, 53.54617], [-113.5082, 53.546171], [-113.507508, 53.546171], [-113.5066, 53.546173], [-113.506453, 53.546173], [-113.505906, 53.546173], [-113.505638, 53.546173], [-113.504914, 53.546175], [-113.504739, 53.546176], [-113.504588, 53.546176], [-113.50384, 53.546174], [-113.503079, 53.546175], [-113.502891, 53.546173], [-113.50261, 53.546225], [-113.502114, 53.546227], [-113.501977, 53.546228], [-113.501334, 53.546226], [-113.501188, 53.546227], [-113.501, 53.546227], [-113.500874, 53.546226], [-113.500154, 53.546224], [-113.499388, 53.546218], [-113.499307, 53.546217], [-113.499164, 53.546215], [-113.498564, 53.54621], [-113.49833, 53.546208], [-113.497429, 53.546196], [-113.49729, 53.546195], [-113.496622, 53.546187], [-113.496368, 53.546185], [-113.496014, 53.546142], [-113.495523, 53.546126], [-113.495064, 53.546119], [-113.494418, 53.546105], [-113.493944, 53.546095], [-113.493723, 53.546089], [-113.493723, 53.545985], [-113.49373, 53.545705], [-113.493736, 53.545478], [-113.493738, 53.5454], [-113.493738, 53.545304], [-113.493738, 53.545228], [-113.493738, 53.544991], [-113.493738, 53.544949], [-113.493738, 53.544808], [-113.493738, 53.544507], [-113.493738, 53.5445]]}}, {"type": "Feature", "properties": {"DAUID": "48110997", "mode": "transit", "period": "weekend", "speed_factor": 0.4, "transit_mins": 55.0}, "geometry": {"type": "LineString", "coordinates": [[-113.60342300106, 53.500438001696004], [-113.6036447335042, 53.5002994457496], [-113.60519485083876, 53.499919086686305], [-113.60533064758872, 53.49999419234817], [-113.6055403488939, 53.50008761053446], [-113.60579339357764, 53.50017368028275], [-113.60618317385143, 53.50024553921484], [-113.60684414862824, 53.50032154348211], [-113.60740520447987, 53.50038087134106], [-113.60802588824508, 53.50044897449406], [-113.60856360907022, 53.50052565853787], [-113.60889003868087, 53.5005812563398], [-113.60924371944688, 53.50066790639577], [-113.6095785746363, 53.50076659368371], [-113.60983867506883, 53.50086653945484], [-113.61027451824192, 53.501064697879265], [-113.61060172931217, 53.5012500734718], [-113.61087804817345, 53.50143168363074], [-113.61101419449811, 53.501549089118775], [-113.6112461999927, 53.501755635301016], [-113.61147461345965, 53.50200651096296], [-113.6116662928844, 53.502269516140224], [-113.6118275396369, 53.50255835082635], [-113.61198481264141, 53.50297290407856], [-113.61205302608482, 53.503328935181905], [-113.61207134347893, 53.5035767700249], [-113.61208384560086, 53.50396157197893], [-113.61207391567942, 53.50450001408212], [-113.6120749546516, 53.50458047662239], [-113.61108304207893, 53.503695024795746], [-113.61122449833373, 53.50369602111439], [-113.613834, 53.503713000000005], [-113.61395939175398, 53.50371301061802], [-113.61417541349502, 53.50371201560464], [-113.61443041302981, 53.503713482077735], [-113.6148807942891, 53.50375147906731], [-113.61536944340631, 53.50386737331186], [-113.61574864428859, 53.50406811723447], [-113.61610778791633, 53.504460112279574], [-113.61615182246256, 53.504543293176965], [-113.61635199906686, 53.50516763388106], [-113.61635642564215, 53.509617091328224], [-113.61633254760142, 53.50991411716232], [-113.61624344107473, 53.51033195673984], [-113.61606484778905, 53.51078307930623], [-113.61587964397407, 53.51110378982974], [-113.61534017169767, 53.511805736084305], [-113.61526910871625, 53.511845833064896], [-113.61511274329868, 53.511988727251165], [-113.61485266283525, 53.512177349517756], [-113.6145299174772, 53.51234946197779], [-113.6141217114569, 53.51249978957702], [-113.61367971674777, 53.51259534181749], [-113.61324731670098, 53.51271167246046], [-113.61247449214389, 53.51279880579814], [-113.61169611363104, 53.512869942604716], [-113.61132130075704, 53.51289388069277], [-113.6109337760322, 53.512911823714774], [-113.61028225965826, 53.51292398040815], [-113.60964206206124, 53.51292798718768], [-113.6075653276316, 53.5129338531103], [-113.60670226266615, 53.513015983541365], [-113.60373887766576, 53.51299898125834], [-113.60264162549092, 53.51298536018184], [-113.60195848098945, 53.51289878515786], [-113.60184182923079, 53.51289044969862], [-113.60113403605916, 53.51286684906787], [-113.60026420016959, 53.512824398007204], [-113.59929844400416, 53.51273951005472], [-113.59807430819522, 53.51254405344101], [-113.59740733639165, 53.51244486344434], [-113.59696473581944, 53.51242296585108], [-113.59686156893984, 53.51242195421665], [-113.59763774329889, 53.51152640004552], [-113.597629, 53.51156], [-113.59762892914584, 53.511767096081456], [-113.59763000000001, 53.511863], [-113.59762996640858, 53.512214803554045], [-113.59763036285435, 53.512309308469575], [-113.59763039164669, 53.51232882034135], [-113.59764324677515, 53.51251419429995], [-113.59764748011435, 53.51262375870601], [-113.59761857478583, 53.51263298379811], [-113.59771399953053, 53.513110968991796], [-113.59771199710381, 53.5151764067319], [-113.59770799965045, 53.51683516387989], [-113.59758483825661, 53.51851460475367], [-113.59762725482628, 53.5182175978259], [-113.59760854227328, 53.51869897525799], [-113.59758619102404, 53.51904372020588], [-113.5975405373908, 53.51936724313246], [-113.59653617392583, 53.52039595791866], [-113.59644448077678, 53.52039664932274], [-113.59632068590709, 53.520399557871826], [-113.59594956340477, 53.52041951030784], [-113.59574389865243, 53.5204304911085], [-113.5955214937422, 53.52043699685933], [-113.595125, 53.520436], [-113.59378172213793, 53.52043596573791], [-113.59257653560068, 53.52042598507006], [-113.5923946585069, 53.52042499057567], [-113.5917009579211, 53.52042197520425], [-113.59155679793564, 53.52042095766011], [-113.59057996813056, 53.52041196774402], [-113.59033321974977, 53.520409983294215], [-113.59015819992527, 53.52040896957896], [-113.58952239244692, 53.52040399660033], [-113.58876337626637, 53.52040198554778], [-113.58857810030882, 53.52040298139294], [-113.58643884328323, 53.520415997674284], [-113.58505, 53.520413], [-113.58492059903772, 53.520412999919614], [-113.58242518071859, 53.52041199834511], [-113.5807789823178, 53.52040899951753], [-113.57972898045172, 53.520409518778024], [-113.57912392611794, 53.52039042662212], [-113.57851253269688, 53.52035564967957], [-113.57826493045782, 53.52031918706018], [-113.57784795772848, 53.52038493903226], [-113.57703288957465, 53.52037593827732], [-113.57694727584847, 53.520374977392635], [-113.5748726550217, 53.520360999785474], [-113.570292, 53.520364], [-113.567996, 53.520364], [-113.56764245137727, 53.520363998946756], [-113.566952, 53.520365], [-113.56678948668798, 53.520363401845735], [-113.56661596526537, 53.52035127787671], [-113.56645112400712, 53.52032876185684], [-113.56627856530102, 53.52029356155787], [-113.5661174686569, 53.52024857570715], [-113.56597370311265, 53.520198092359756], [-113.56582278640457, 53.520133427191034], [-113.56565953945264, 53.52004619342362], [-113.56561830769233, 53.52001953846155], [-113.56572399260467, 53.52004902440442], [-113.5657251751985, 53.520046858506575], [-113.56575563875792, 53.52004848563034], [-113.56576449273336, 53.520046179243856], [-113.56575765719026, 53.520043644633965], [-113.56577421288974, 53.5200389882742], [-113.56579151219518, 53.52003160975608], [-113.56581954321543, 53.520018836198524], [-113.565823138466, 53.520013811548644], [-113.56584635499391, 53.51999724168304], [-113.56603343172011, 53.51980004321514], [-113.56609643468221, 53.51969111105977], [-113.56614371418279, 53.51955853965301], [-113.56616788010597, 53.519391079137186], [-113.5661539328808, 53.519210868101226], [-113.56610480661301, 53.519052951548844], [-113.56602605029438, 53.51891429980384], [-113.56595618673816, 53.51883289605752], [-113.56578460742428, 53.51870320382421], [-113.56594962404327, 53.51880528712002], [-113.56608369504764, 53.51890013119061], [-113.5662373364315, 53.51903217824271], [-113.5663734313913, 53.51918134030256], [-113.5665112415354, 53.519379313888244], [-113.56662426047966, 53.51961559451975], [-113.56669567883984, 53.51988178165951], [-113.56671598629451, 53.52010323553032], [-113.56671288652845, 53.52065593579619], [-113.56672089499658, 53.521216491231804], [-113.56671995669143, 53.521261693267604], [-113.56672887795203, 53.522253623093185], [-113.56672799931921, 53.52230083313965], [-113.56673091505024, 53.52485996572561], [-113.56673793025715, 53.52542181019989], [-113.56673110671947, 53.525960258290226], [-113.56671745788061, 53.52628192331842], [-113.56666152696307, 53.527979754675926], [-113.56665882383342, 53.52806248659373], [-113.56665427860085, 53.528154977334005], [-113.56663839887926, 53.528572668142935], [-113.56660982204824, 53.52939286456695], [-113.56660475857073, 53.52966097271587], [-113.56659692867495, 53.53001494340819], [-113.56657899763707, 53.531507826092096], [-113.56657999980247, 53.53196937146461], [-113.566581, 53.533561], [-113.56658098305016, 53.53364217768238], [-113.56658464273208, 53.534361728415305], [-113.56657999480383, 53.53451877629013], [-113.566585, 53.536073], [-113.56658497544691, 53.536124992463584], [-113.5665871960332, 53.53768368773678], [-113.56654800000001, 53.537933], [-113.5665472904706, 53.538005336285394], [-113.56659493080303, 53.53930176389177], [-113.56659186813773, 53.53941243485059], [-113.56660492624856, 53.539699855146814], [-113.56660797310023, 53.539966334766], [-113.56660495923796, 53.540377028977325], [-113.56660098928344, 53.54080637041999], [-113.56660295733356, 53.54125223748112], [-113.56659889941662, 53.541661817029556], [-113.56660492188416, 53.542086500976446], [-113.56652008799125, 53.54291341506754], [-113.56621452929348, 53.54336616974607], [-113.56584622073532, 53.543638246461576], [-113.56555900000004, 53.54376099999999], [-113.56567340916203, 53.543706569100515], [-113.56513227215568, 53.54387937774391], [-113.56479502867806, 53.5438912766482], [-113.56303494986476, 53.54395690129198], [-113.56264518963854, 53.54395073108417], [-113.5627002390767, 53.54384465876097], [-113.56259936851467, 53.54389616826331], [-113.56244779268884, 53.54398563641079], [-113.56239379010472, 53.544003825292215], [-113.5622155587272, 53.54413431177164], [-113.56199940791845, 53.54428566045976], [-113.56181259808639, 53.544389656662815], [-113.56146871245139, 53.54452949402391], [-113.56112083974959, 53.54461108712047], [-113.5600500254539, 53.544844184612785], [-113.55992581862819, 53.54487343346918], [-113.55909442275009, 53.54505717791492], [-113.55824552504811, 53.54524992697314], [-113.55656358329774, 53.5456338182935], [-113.55643821942151, 53.54566189973054], [-113.55541137295248, 53.54589138730198], [-113.55519437822592, 53.545942868580646], [-113.55496798413598, 53.54600409693608], [-113.55404915328897, 53.54630903174904], [-113.5536104965335, 53.54645296013768], [-113.55340959617433, 53.546514215969566], [-113.55325558578161, 53.546566006216814], [-113.55294400277992, 53.54666270861776], [-113.55259008584885, 53.54677677900872], [-113.55247815220996, 53.54681097082606], [-113.55235122961558, 53.54684584120975], [-113.55222849329925, 53.54687407453727], [-113.55210462433936, 53.54690662542351], [-113.55198749794087, 53.54693754874618], [-113.55159271703191, 53.54706512241671], [-113.54991987431917, 53.54760212178272], [-113.5493482166214, 53.54779486868618], [-113.54925465888937, 53.54783096072017], [-113.54917814523786, 53.5478611541284], [-113.54894647066753, 53.5479546166413], [-113.54879431394261, 53.54800931144729], [-113.54864294265516, 53.548060404919646], [-113.54822597938913, 53.54819535895135], [-113.54770799659012, 53.54836118899629], [-113.54706612060967, 53.54855895580446], [-113.54679147944994, 53.54862807713391], [-113.54648954259046, 53.54868601175857], [-113.54587540177265, 53.54879897912875], [-113.54548166308938, 53.54884860395022], [-113.54513681929332, 53.54887935828321], [-113.54478187170538, 53.548889194535604], [-113.5445008843379, 53.54887739627595], [-113.54379897976726, 53.548820118461016], [-113.54327031965713, 53.54882755585252], [-113.54278478711021, 53.548763988274196], [-113.54210963311758, 53.548683607717], [-113.54188540327397, 53.548656179341044], [-113.54115917374642, 53.548570732672744], [-113.54104006163075, 53.54855439051007], [-113.5409421286299, 53.54854142260474], [-113.54041657292964, 53.54847635364578], [-113.5402149652654, 53.548451277876715], [-113.53933236811324, 53.5483409497796], [-113.53844627581087, 53.54822780719102], [-113.53748029507157, 53.54810740332816], [-113.53749528363039, 53.54810668703936], [-113.53664131133274, 53.548002814299274], [-113.53597901286594, 53.54791753168168], [-113.53580182467512, 53.54789575268385], [-113.53561001286593, 53.547872531681676], [-113.53488946272489, 53.547783961853106], [-113.53401424474585, 53.5476723127718], [-113.53314104625107, 53.54756341240199], [-113.53302749862262, 53.54754934440079], [-113.53256749427229, 53.547492092895006], [-113.53240930520711, 53.547472049815326], [-113.53225366969083, 53.547453386149726], [-113.53094852820891, 53.54727023828802], [-113.53075395253795, 53.547251181739774], [-113.53058066694757, 53.54723366256517], [-113.53028859270515, 53.54720274434317], [-113.53028256444635, 53.547180880864744], [-113.52969958333018, 53.54717188115608], [-113.52879149798707, 53.547157879836575], [-113.52868557554017, 53.54715597130519], [-113.52854723304469, 53.5471569992398], [-113.52773007395142, 53.547157987866946], [-113.52753467736657, 53.54715699641585], [-113.52678679855825, 53.5471589983826], [-113.525117, 53.547162], [-113.52498290255235, 53.5471619814104], [-113.52482091284068, 53.54716099164753], [-113.52408570906877, 53.54715798600292], [-113.5231403899901, 53.54715298426377], [-113.52243009303555, 53.54714899577477], [-113.52208600600143, 53.54714799551798], [-113.52174666695602, 53.54714696527959], [-113.52150992392323, 53.547144987116646], [-113.521318, 53.547143999999996], [-113.521133, 53.547143999999996], [-113.52092899700848, 53.547143999502985], [-113.51992630718843, 53.54714499914563], [-113.51916145878765, 53.54714599893597], [-113.517789, 53.547148], [-113.517624, 53.547148], [-113.51748955279315, 53.547147998794415], [-113.51620136054296, 53.547149999074456], [-113.5154662642215, 53.54715099920087], [-113.51465961299996, 53.54715189650176], [-113.51452856236516, 53.54714997927821], [-113.514069, 53.547146999999995], [-113.51393, 53.547146999999995], [-113.51378964961074, 53.54714699334015], [-113.51350694955934, 53.54714798724645], [-113.5133157746201, 53.54714699842536], [-113.51218328255358, 53.547148993090275], [-113.5119300473184, 53.547147927428426], [-113.51041250650634, 53.54716593394762], [-113.51026754116039, 53.547163846142006], [-113.51010408171267, 53.547166685404356], [-113.50979701196553, 53.547173995535815], [-113.508796, 53.547171], [-113.50869925296846, 53.54717098348568], [-113.508531, 53.547169999999994], [-113.50836624987795, 53.54716998046932], [-113.5082, 53.547171], [-113.50751020263783, 53.54717099757419], [-113.5066, 53.547173], [-113.506453, 53.547173], [-113.505906, 53.547173], [-113.5056407624204, 53.547172996184514], [-113.50491971419245, 53.54717498367387], [-113.504739, 53.547176], [-113.50458532621276, 53.54717599642543], [-113.5038413140593, 53.547173999136625], [-113.50306836230409, 53.54717494341811], [-113.50307296395195, 53.54715630520196], [-113.5026140322253, 53.54722499187054], [-113.50212129907561, 53.5472269733614], [-113.50197388959513, 53.54722799516268], [-113.50134084915445, 53.54722597654426], [-113.501188, 53.547227], [-113.50099206374198, 53.54722696850741], [-113.50087122223295, 53.547225996142], [-113.50014616734211, 53.547223969324264], [-113.49937565526166, 53.547217923800815], [-113.4992930153537, 53.54721690221005], [-113.499155666956, 53.54721496527958], [-113.49855545330361, 53.54720996347633], [-113.49831668264612, 53.54720791132011], [-113.49742180594153, 53.54719597412243], [-113.49727802481085, 53.54719492829485], [-113.49661412622832, 53.54718696900138], [-113.49624741739615, 53.54717770329689], [-113.49598143072976, 53.54714146948059], [-113.4955077512285, 53.54712588373073], [-113.49504233326087, 53.54711876524865], [-113.49439690764702, 53.54710477753157], [-113.4939168606789, 53.54709463166079], [-113.492723, 53.546089], [-113.49272331235359, 53.54596000780885], [-113.49273034913493, 53.545678577510174], [-113.49273632856908, 53.54545236739928], [-113.49273799999999, 53.5454], [-113.49273799999999, 53.545304], [-113.49273799999999, 53.545228], [-113.49273799999999, 53.544991], [-113.49273799999999, 53.544949], [-113.49273799999999, 53.544808], [-113.49273799999999, 53.544507], [-113.49273799999999, 53.5445]]}}, {"type": "Feature", "properties": {"DAUID": "48110998", "mode": "car", "period": "weekend", "speed_factor": 1.0, "transit_mins": 55.0}, "geometry": {"type": "LineString", "coordinates": [[-113.608637, 53.500891], [-113.608575, 53.500956], [-113.608412, 53.500995], [-113.607455, 53.500881], [-113.607297, 53.501375], [-113.607885, 53.501439], [-113.608405, 53.501513], [-113.608654, 53.501553], [-113.608971, 53.50163], [-113.609225, 53.501702], [-113.609434, 53.501781], [-113.609782, 53.501935], [-113.610093, 53.502111], [-113.610225, 53.502189], [-113.610363, 53.502308], [-113.610518, 53.502441], [-113.610678, 53.502611], [-113.610807, 53.502781], [-113.610907, 53.502949], [-113.611008, 53.503187], [-113.611056, 53.503406], [-113.611072, 53.503613], [-113.611084, 53.503944], [-113.611074, 53.504513], [-113.611075, 53.50459], [-113.611076, 53.504695], [-113.611218, 53.504696], [-113.613834, 53.504713], [-113.613964, 53.504713], [-113.614181, 53.504712], [-113.61436, 53.504711], [-113.6147, 53.504735], [-113.614972, 53.504785], [-113.615129, 53.504853], [-113.615224, 53.504928], [-113.615269, 53.505013], [-113.615352, 53.505169], [-113.615358, 53.509561], [-113.615348, 53.509739], [-113.615303, 53.509992], [-113.615196, 53.510288], [-113.615045, 53.510553], [-113.614752, 53.510997], [-113.614576, 53.511125], [-113.614498, 53.5112], [-113.614362, 53.511306], [-113.614156, 53.511422], [-113.613903, 53.511524], [-113.613381, 53.511641], [-113.613135, 53.511718], [-113.612383, 53.511803], [-113.611632, 53.511872], [-113.611274, 53.511895], [-113.610915, 53.511912], [-113.610276, 53.511924], [-113.609637, 53.511928], [-113.607464, 53.511939], [-113.606708, 53.512016], [-113.603745, 53.511999], [-113.602765, 53.511993], [-113.602025, 53.511901], [-113.601875, 53.511891], [-113.601182, 53.511868], [-113.600349, 53.511828], [-113.599456, 53.511752], [-113.598215, 53.511554], [-113.597455, 53.511446], [-113.596973, 53.511423], [-113.596852, 53.511422], [-113.596643, 53.511424], [-113.596629, 53.51156], [-113.596629, 53.511779], [-113.59663, 53.511863], [-113.59663, 53.512223], [-113.596631, 53.512345], [-113.596633, 53.512401], [-113.596644, 53.512553], [-113.596648, 53.512656], [-113.596656, 53.512904], [-113.596714, 53.51311], [-113.596712, 53.515174], [-113.596708, 53.516836], [-113.596709, 53.518032], [-113.596628, 53.518179], [-113.59661, 53.518645], [-113.596596, 53.518904], [-113.59655, 53.51923], [-113.596527, 53.519396], [-113.596418, 53.519397], [-113.596267, 53.519401], [-113.595895, 53.519421], [-113.595712, 53.519431], [-113.595524, 53.519437], [-113.595125, 53.519436], [-113.59379, 53.519436], [-113.592582, 53.519426], [-113.592399, 53.519425], [-113.591708, 53.519422], [-113.591566, 53.519421], [-113.590588, 53.519412], [-113.590339, 53.51941], [-113.590166, 53.519409], [-113.589525, 53.519404], [-113.588758, 53.519402], [-113.588572, 53.519403], [-113.586441, 53.519416], [-113.58505, 53.519413], [-113.584921, 53.519413], [-113.582427, 53.519412], [-113.580778, 53.519409], [-113.57976, 53.51941], [-113.57918, 53.519392], [-113.578539, 53.519356], [-113.578048, 53.519343], [-113.577859, 53.519385], [-113.577044, 53.519376], [-113.576954, 53.519375], [-113.574872, 53.519361], [-113.570292, 53.519364], [-113.567996, 53.519364], [-113.567641, 53.519364], [-113.566952, 53.519365], [-113.566846, 53.519365], [-113.56674, 53.519359], [-113.566636, 53.519346], [-113.566535, 53.519327], [-113.566437, 53.519301], [-113.566351, 53.519272], [-113.56627, 53.519239], [-113.566194, 53.519201], [-113.566126, 53.519158], [-113.566014, 53.519092], [-113.565948, 53.519072], [-113.565878, 53.519056], [-113.565805, 53.519047], [-113.565731, 53.519044], [-113.565656, 53.519046], [-113.565572, 53.519056], [-113.565492, 53.519074], [-113.565417, 53.5191], [-113.565345, 53.519132], [-113.565238, 53.519194], [-113.565206, 53.519236], [-113.565183, 53.519281], [-113.56517, 53.519326], [-113.565167, 53.519372], [-113.565175, 53.519421], [-113.565194, 53.519469], [-113.565224, 53.519514], [-113.565264, 53.519557], [-113.565387, 53.519632], [-113.565459, 53.519681], [-113.565524, 53.519733], [-113.56558, 53.51979], [-113.565636, 53.519863], [-113.565678, 53.519939], [-113.565705, 53.520018], [-113.565716, 53.520098], [-113.565713, 53.520671], [-113.565721, 53.521202], [-113.56572, 53.521271], [-113.565729, 53.522238], [-113.565728, 53.522302], [-113.565731, 53.524873], [-113.565738, 53.52541], [-113.565732, 53.525918], [-113.565718, 53.526249], [-113.565662, 53.527949], [-113.56566, 53.528014], [-113.565655, 53.528117], [-113.565639, 53.528538], [-113.56561, 53.529374], [-113.565605, 53.529639], [-113.565597, 53.530003], [-113.565579, 53.53151], [-113.56558, 53.53197], [-113.565581, 53.533561], [-113.565581, 53.533648], [-113.565585, 53.534335], [-113.56558, 53.534522], [-113.565585, 53.536073], [-113.565585, 53.536132], [-113.565595, 53.537559], [-113.565548, 53.537933], [-113.565548, 53.538043], [-113.565595, 53.53929], [-113.565593, 53.53946], [-113.565605, 53.539712], [-113.565608, 53.539959], [-113.565605, 53.540368], [-113.565601, 53.540811], [-113.565603, 53.541243], [-113.565599, 53.541676], [-113.565605, 53.542099], [-113.56561, 53.542499], [-113.565559, 53.542611], [-113.565415, 53.542736], [-113.565279, 53.542801], [-113.565207, 53.542822], [-113.565097, 53.54288], [-113.564757, 53.542892], [-113.563049, 53.542957], [-113.562622, 53.542951], [-113.562234, 53.54296], [-113.562086, 53.543038], [-113.561974, 53.543105], [-113.561803, 53.543197], [-113.56162, 53.543331], [-113.561504, 53.543417], [-113.561376, 53.54349], [-113.56124, 53.543556], [-113.560908, 53.543634], [-113.55982, 53.543871], [-113.55971, 53.543897], [-113.558873, 53.544082], [-113.558023, 53.544275], [-113.556345, 53.544658], [-113.55622, 53.544686], [-113.555178, 53.544919], [-113.554928, 53.544979], [-113.554653, 53.545055], [-113.553737, 53.545359], [-113.553317, 53.545497], [-113.553089, 53.545567], [-113.552959, 53.545611], [-113.552637, 53.545711], [-113.552296, 53.545821], [-113.552205, 53.545849], [-113.552124, 53.545872], [-113.551974, 53.545907], [-113.551841, 53.545942], [-113.55168, 53.545986], [-113.551287, 53.546113], [-113.549599, 53.546655], [-113.548988, 53.546862], [-113.548887, 53.546901], [-113.548801, 53.546935], [-113.548607, 53.547014], [-113.548474, 53.547062], [-113.548335, 53.547109], [-113.547921, 53.547243], [-113.547412, 53.547406], [-113.546815, 53.547591], [-113.546603, 53.547646], [-113.546306, 53.547703], [-113.545749, 53.547807], [-113.545388, 53.547853], [-113.545101, 53.54788], [-113.544822, 53.54789], [-113.544573, 53.54788], [-113.543757, 53.547821], [-113.5434, 53.547836], [-113.542903, 53.547771], [-113.542231, 53.547691], [-113.542002, 53.547663], [-113.541295, 53.54758], [-113.541171, 53.547563], [-113.541065, 53.547549], [-113.54054, 53.547484], [-113.540339, 53.547459], [-113.539459, 53.547349], [-113.538566, 53.547235], [-113.537687, 53.547129], [-113.537616, 53.547114], [-113.536769, 53.547011], [-113.536101, 53.546925], [-113.535922, 53.546903], [-113.535732, 53.54688], [-113.535016, 53.546792], [-113.534138, 53.54668], [-113.533264, 53.546571], [-113.533151, 53.546557], [-113.532693, 53.5465], [-113.532527, 53.546479], [-113.532392, 53.546463], [-113.531046, 53.546275], [-113.530852, 53.546256], [-113.530649, 53.546236], [-113.530503, 53.546226], [-113.530298, 53.546181], [-113.529715, 53.546172], [-113.528807, 53.546158], [-113.528678, 53.546156], [-113.528546, 53.546157], [-113.527735, 53.546158], [-113.527532, 53.546157], [-113.526785, 53.546159], [-113.525117, 53.546162], [-113.524989, 53.546162], [-113.524825, 53.546161], [-113.524091, 53.546158], [-113.523146, 53.546153], [-113.522433, 53.546149], [-113.522089, 53.546148], [-113.521755, 53.546147], [-113.521515, 53.546145], [-113.521318, 53.546144], [-113.521133, 53.546144], [-113.520928, 53.546144], [-113.519925, 53.546145], [-113.51916, 53.546146], [-113.517789, 53.546148], [-113.517624, 53.546148], [-113.517488, 53.546148], [-113.5162, 53.54615], [-113.515465, 53.546151], [-113.514674, 53.546152], [-113.514535, 53.54615], [-113.514069, 53.546147], [-113.51393, 53.546147], [-113.513786, 53.546147], [-113.513512, 53.546148], [-113.513314, 53.546147], [-113.512187, 53.546149], [-113.511918, 53.546148], [-113.510424, 53.546166], [-113.51025, 53.546164], [-113.510079, 53.546167], [-113.5098, 53.546174], [-113.508796, 53.546171], [-113.508705, 53.546171], [-113.508531, 53.54617], [-113.50836, 53.54617], [-113.5082, 53.546171], [-113.507508, 53.546171], [-113.5066, 53.546173], [-113.506453, 53.546173], [-113.505906, 53.546173], [-113.505638, 53.546173], [-113.504914, 53.546175], [-113.504739, 53.546176], [-113.504588, 53.546176], [-113.50384, 53.546174], [-113.503079, 53.546175], [-113.502891, 53.546173], [-113.50261, 53.546225], [-113.502114, 53.546227], [-113.501977, 53.546228], [-113.501334, 53.546226], [-113.501188, 53.546227], [-113.501, 53.546227], [-113.500874, 53.546226], [-113.500154, 53.546224], [-113.499388, 53.546218], [-113.499307, 53.546217], [-113.499164, 53.546215], [-113.498564, 53.54621], [-113.49833, 53.546208], [-113.497429, 53.546196], [-113.49729, 53.546195], [-113.496622, 53.546187], [-113.496368, 53.546185], [-113.496014, 53.546142], [-113.495523, 53.546126], [-113.495064, 53.546119], [-113.494418, 53.546105], [-113.493944, 53.546095], [-113.493723, 53.546089], [-113.493723, 53.545985], [-113.49373, 53.545705], [-113.493736, 53.545478], [-113.493738, 53.5454], [-113.493738, 53.545304], [-113.493738, 53.545228], [-113.493738, 53.544991], [-113.493738, 53.544949], [-113.493738, 53.544808], [-113.493738, 53.544507], [-113.493738, 53.5445]]}}, {"type": "Feature", "properties": {"DAUID": "48110998", "mode": "transit", "period": "weekend", "speed_factor": 0.4, "transit_mins": 55.0}, "geometry": {"type": "LineString", "coordinates": [[-113.60936060823204, 53.501581210929025], [-113.60880769590331, 53.501928549544544], [-113.60829371403221, 53.50198797957171], [-113.6084074689108, 53.50118563580547], [-113.60740520447987, 53.50038087134106], [-113.60802588824508, 53.50044897449406], [-113.60856360907022, 53.50052565853787], [-113.60889003868087, 53.5005812563398], [-113.60924371944688, 53.50066790639577], [-113.6095785746363, 53.50076659368371], [-113.60983867506883, 53.50086653945484], [-113.61027451824192, 53.501064697879265], [-113.61060172931217, 53.5012500734718], [-113.61087804817345, 53.50143168363074], [-113.61101419449811, 53.501549089118775], [-113.6112461999927, 53.501755635301016], [-113.61147461345965, 53.50200651096296], [-113.6116662928844, 53.502269516140224], [-113.6118275396369, 53.50255835082635], [-113.61198481264141, 53.50297290407856], [-113.61205302608482, 53.503328935181905], [-113.61207134347893, 53.5035767700249], [-113.61208384560086, 53.50396157197893], [-113.61207391567942, 53.50450001408212], [-113.6120749546516, 53.50458047662239], [-113.61108304207893, 53.503695024795746], [-113.61122449833373, 53.50369602111439], [-113.613834, 53.503713000000005], [-113.61395939175398, 53.50371301061802], [-113.61417541349502, 53.50371201560464], [-113.61443041302981, 53.503713482077735], [-113.6148807942891, 53.50375147906731], [-113.61536944340631, 53.50386737331186], [-113.61574864428859, 53.50406811723447], [-113.61610778791633, 53.504460112279574], [-113.61615182246256, 53.504543293176965], [-113.61635199906686, 53.50516763388106], [-113.61635642564215, 53.509617091328224], [-113.61633254760142, 53.50991411716232], [-113.61624344107473, 53.51033195673984], [-113.61606484778905, 53.51078307930623], [-113.61587964397407, 53.51110378982974], [-113.61534017169767, 53.511805736084305], [-113.61526910871625, 53.511845833064896], [-113.61511274329868, 53.511988727251165], [-113.61485266283525, 53.512177349517756], [-113.6145299174772, 53.51234946197779], [-113.6141217114569, 53.51249978957702], [-113.61367971674777, 53.51259534181749], [-113.61324731670098, 53.51271167246046], [-113.61247449214389, 53.51279880579814], [-113.61169611363104, 53.512869942604716], [-113.61132130075704, 53.51289388069277], [-113.6109337760322, 53.512911823714774], [-113.61028225965826, 53.51292398040815], [-113.60964206206124, 53.51292798718768], [-113.6075653276316, 53.5129338531103], [-113.60670226266615, 53.513015983541365], [-113.60373887766576, 53.51299898125834], [-113.60264162549092, 53.51298536018184], [-113.60195848098945, 53.51289878515786], [-113.60184182923079, 53.51289044969862], [-113.60113403605916, 53.51286684906787], [-113.60026420016959, 53.512824398007204], [-113.59929844400416, 53.51273951005472], [-113.59807430819522, 53.51254405344101], [-113.59740733639165, 53.51244486344434], [-113.59696473581944, 53.51242296585108], [-113.59686156893984, 53.51242195421665], [-113.59763774329889, 53.51152640004552], [-113.597629, 53.51156], [-113.59762892914584, 53.511767096081456], [-113.59763000000001, 53.511863], [-113.59762996640858, 53.512214803554045], [-113.59763036285435, 53.512309308469575], [-113.59763039164669, 53.51232882034135], [-113.59764324677515, 53.51251419429995], [-113.59764748011435, 53.51262375870601], [-113.59761857478583, 53.51263298379811], [-113.59771399953053, 53.513110968991796], [-113.59771199710381, 53.5151764067319], [-113.59770799965045, 53.51683516387989], [-113.59758483825661, 53.51851460475367], [-113.59762725482628, 53.5182175978259], [-113.59760854227328, 53.51869897525799], [-113.59758619102404, 53.51904372020588], [-113.5975405373908, 53.51936724313246], [-113.59653617392583, 53.52039595791866], [-113.59644448077678, 53.52039664932274], [-113.59632068590709, 53.520399557871826], [-113.59594956340477, 53.52041951030784], [-113.59574389865243, 53.5204304911085], [-113.5955214937422, 53.52043699685933], [-113.595125, 53.520436], [-113.59378172213793, 53.52043596573791], [-113.59257653560068, 53.52042598507006], [-113.5923946585069, 53.52042499057567], [-113.5917009579211, 53.52042197520425], [-113.59155679793564, 53.52042095766011], [-113.59057996813056, 53.52041196774402], [-113.59033321974977, 53.520409983294215], [-113.59015819992527, 53.52040896957896], [-113.58952239244692, 53.52040399660033], [-113.58876337626637, 53.52040198554778], [-113.58857810030882, 53.52040298139294], [-113.58643884328323, 53.520415997674284], [-113.58505, 53.520413], [-113.58492059903772, 53.520412999919614], [-113.58242518071859, 53.52041199834511], [-113.5807789823178, 53.52040899951753], [-113.57972898045172, 53.520409518778024], [-113.57912392611794, 53.52039042662212], [-113.57851253269688, 53.52035564967957], [-113.57826493045782, 53.52031918706018], [-113.57784795772848, 53.52038493903226], [-113.57703288957465, 53.52037593827732], [-113.57694727584847, 53.520374977392635], [-113.5748726550217, 53.520360999785474], [-113.570292, 53.520364], [-113.567996, 53.520364], [-113.56764245137727, 53.520363998946756], [-113.566952, 53.520365], [-113.56678948668798, 53.520363401845735], [-113.56661596526537, 53.52035127787671], [-113.56645112400712, 53.52032876185684], [-113.56627856530102, 53.52029356155787], [-113.5661174686569, 53.52024857570715], [-113.56597370311265, 53.520198092359756], [-113.56582278640457, 53.520133427191034], [-113.56565953945264, 53.52004619342362], [-113.56561830769233, 53.52001953846155], [-113.56572399260467, 53.52004902440442], [-113.5657251751985, 53.520046858506575], [-113.56575563875792, 53.52004848563034], [-113.56576449273336, 53.520046179243856], [-113.56575765719026, 53.520043644633965], [-113.56577421288974, 53.5200389882742], [-113.56579151219518, 53.52003160975608], [-113.56581954321543, 53.520018836198524], [-113.565823138466, 53.520013811548644], [-113.56584635499391, 53.51999724168304], [-113.56603343172011, 53.51980004321514], [-113.56609643468221, 53.51969111105977], [-113.56614371418279, 53.51955853965301], [-113.56616788010597, 53.519391079137186], [-113.5661539328808, 53.519210868101226], [-113.56610480661301, 53.519052951548844], [-113.56602605029438, 53.51891429980384], [-113.56595618673816, 53.51883289605752], [-113.56578460742428, 53.51870320382421], [-113.56594962404327, 53.51880528712002], [-113.56608369504764, 53.51890013119061], [-113.5662373364315, 53.51903217824271], [-113.5663734313913, 53.51918134030256], [-113.5665112415354, 53.519379313888244], [-113.56662426047966, 53.51961559451975], [-113.56669567883984, 53.51988178165951], [-113.56671598629451, 53.52010323553032], [-113.56671288652845, 53.52065593579619], [-113.56672089499658, 53.521216491231804], [-113.56671995669143, 53.521261693267604], [-113.56672887795203, 53.522253623093185], [-113.56672799931921, 53.52230083313965], [-113.56673091505024, 53.52485996572561], [-113.56673793025715, 53.52542181019989], [-113.56673110671947, 53.525960258290226], [-113.56671745788061, 53.52628192331842], [-113.56666152696307, 53.527979754675926], [-113.56665882383342, 53.52806248659373], [-113.56665427860085, 53.528154977334005], [-113.56663839887926, 53.528572668142935], [-113.56660982204824, 53.52939286456695], [-113.56660475857073, 53.52966097271587], [-113.56659692867495, 53.53001494340819], [-113.56657899763707, 53.531507826092096], [-113.56657999980247, 53.53196937146461], [-113.566581, 53.533561], [-113.56658098305016, 53.53364217768238], [-113.56658464273208, 53.534361728415305], [-113.56657999480383, 53.53451877629013], [-113.566585, 53.536073], [-113.56658497544691, 53.536124992463584], [-113.5665871960332, 53.53768368773678], [-113.56654800000001, 53.537933], [-113.5665472904706, 53.538005336285394], [-113.56659493080303, 53.53930176389177], [-113.56659186813773, 53.53941243485059], [-113.56660492624856, 53.539699855146814], [-113.56660797310023, 53.539966334766], [-113.56660495923796, 53.540377028977325], [-113.56660098928344, 53.54080637041999], [-113.56660295733356, 53.54125223748112], [-113.56659889941662, 53.541661817029556], [-113.56660492188416, 53.542086500976446], [-113.56652008799125, 53.54291341506754], [-113.56621452929348, 53.54336616974607], [-113.56584622073532, 53.543638246461576], [-113.56555900000004, 53.54376099999999], [-113.56567340916203, 53.543706569100515], [-113.56513227215568, 53.54387937774391], [-113.56479502867806, 53.5438912766482], [-113.56303494986476, 53.54395690129198], [-113.56264518963854, 53.54395073108417], [-113.5627002390767, 53.54384465876097], [-113.56259936851467, 53.54389616826331], [-113.56244779268884, 53.54398563641079], [-113.56239379010472, 53.544003825292215], [-113.5622155587272, 53.54413431177164], [-113.56199940791845, 53.54428566045976], [-113.56181259808639, 53.544389656662815], [-113.56146871245139, 53.54452949402391], [-113.56112083974959, 53.54461108712047], [-113.5600500254539, 53.544844184612785], [-113.55992581862819, 53.54487343346918], [-113.55909442275009, 53.54505717791492], [-113.55824552504811, 53.54524992697314], [-113.55656358329774, 53.5456338182935], [-113.55643821942151, 53.54566189973054], [-113.55541137295248, 53.54589138730198], [-113.55519437822592, 53.545942868580646], [-113.55496798413598, 53.54600409693608], [-113.55404915328897, 53.54630903174904], [-113.5536104965335, 53.54645296013768], [-113.55340959617433, 53.546514215969566], [-113.55325558578161, 53.546566006216814], [-113.55294400277992, 53.54666270861776], [-113.55259008584885, 53.54677677900872], [-113.55247815220996, 53.54681097082606], [-113.55235122961558, 53.54684584120975], [-113.55222849329925, 53.54687407453727], [-113.55210462433936, 53.54690662542351], [-113.55198749794087, 53.54693754874618], [-113.55159271703191, 53.54706512241671], [-113.54991987431917, 53.54760212178272], [-113.5493482166214, 53.54779486868618], [-113.54925465888937, 53.54783096072017], [-113.54917814523786, 53.5478611541284], [-113.54894647066753, 53.5479546166413], [-113.54879431394261, 53.54800931144729], [-113.54864294265516, 53.548060404919646], [-113.54822597938913, 53.54819535895135], [-113.54770799659012, 53.54836118899629], [-113.54706612060967, 53.54855895580446], [-113.54679147944994, 53.54862807713391], [-113.54648954259046, 53.54868601175857], [-113.54587540177265, 53.54879897912875], [-113.54548166308938, 53.54884860395022], [-113.54513681929332, 53.54887935828321], [-113.54478187170538, 53.548889194535604], [-113.5445008843379, 53.54887739627595], [-113.54379897976726, 53.548820118461016], [-113.54327031965713, 53.54882755585252], [-113.54278478711021, 53.548763988274196], [-113.54210963311758, 53.548683607717], [-113.54188540327397, 53.548656179341044], [-113.54115917374642, 53.548570732672744], [-113.54104006163075, 53.54855439051007], [-113.5409421286299, 53.54854142260474], [-113.54041657292964, 53.54847635364578], [-113.5402149652654, 53.548451277876715], [-113.53933236811324, 53.5483409497796], [-113.53844627581087, 53.54822780719102], [-113.53748029507157, 53.54810740332816], [-113.53749528363039, 53.54810668703936], [-113.53664131133274, 53.548002814299274], [-113.53597901286594, 53.54791753168168], [-113.53580182467512, 53.54789575268385], [-113.53561001286593, 53.547872531681676], [-113.53488946272489, 53.547783961853106], [-113.53401424474585, 53.5476723127718], [-113.53314104625107, 53.54756341240199], [-113.53302749862262, 53.54754934440079], [-113.53256749427229, 53.547492092895006], [-113.53240930520711, 53.547472049815326], [-113.53225366969083, 53.547453386149726], [-113.53094852820891, 53.54727023828802], [-113.53075395253795, 53.547251181739774], [-113.53058066694757, 53.54723366256517], [-113.53028859270515, 53.54720274434317], [-113.53028256444635, 53.547180880864744], [-113.52969958333018, 53.54717188115608], [-113.52879149798707, 53.547157879836575], [-113.52868557554017, 53.54715597130519], [-113.52854723304469, 53.5471569992398], [-113.52773007395142, 53.547157987866946], [-113.52753467736657, 53.54715699641585], [-113.52678679855825, 53.5471589983826], [-113.525117, 53.547162], [-113.52498290255235, 53.5471619814104], [-113.52482091284068, 53.54716099164753], [-113.52408570906877, 53.54715798600292], [-113.5231403899901, 53.54715298426377], [-113.52243009303555, 53.54714899577477], [-113.52208600600143, 53.54714799551798], [-113.52174666695602, 53.54714696527959], [-113.52150992392323, 53.547144987116646], [-113.521318, 53.547143999999996], [-113.521133, 53.547143999999996], [-113.52092899700848, 53.547143999502985], [-113.51992630718843, 53.54714499914563], [-113.51916145878765, 53.54714599893597], [-113.517789, 53.547148], [-113.517624, 53.547148], [-113.51748955279315, 53.547147998794415], [-113.51620136054296, 53.547149999074456], [-113.5154662642215, 53.54715099920087], [-113.51465961299996, 53.54715189650176], [-113.51452856236516, 53.54714997927821], [-113.514069, 53.547146999999995], [-113.51393, 53.547146999999995], [-113.51378964961074, 53.54714699334015], [-113.51350694955934, 53.54714798724645], [-113.5133157746201, 53.54714699842536], [-113.51218328255358, 53.547148993090275], [-113.5119300473184, 53.547147927428426], [-113.51041250650634, 53.54716593394762], [-113.51026754116039, 53.547163846142006], [-113.51010408171267, 53.547166685404356], [-113.50979701196553, 53.547173995535815], [-113.508796, 53.547171], [-113.50869925296846, 53.54717098348568], [-113.508531, 53.547169999999994], [-113.50836624987795, 53.54716998046932], [-113.5082, 53.547171], [-113.50751020263783, 53.54717099757419], [-113.5066, 53.547173], [-113.506453, 53.547173], [-113.505906, 53.547173], [-113.5056407624204, 53.547172996184514], [-113.50491971419245, 53.54717498367387], [-113.504739, 53.547176], [-113.50458532621276, 53.54717599642543], [-113.5038413140593, 53.547173999136625], [-113.50306836230409, 53.54717494341811], [-113.50307296395195, 53.54715630520196], [-113.5026140322253, 53.54722499187054], [-113.50212129907561, 53.5472269733614], [-113.50197388959513, 53.54722799516268], [-113.50134084915445, 53.54722597654426], [-113.501188, 53.547227], [-113.50099206374198, 53.54722696850741], [-113.50087122223295, 53.547225996142], [-113.50014616734211, 53.547223969324264], [-113.49937565526166, 53.547217923800815], [-113.4992930153537, 53.54721690221005], [-113.499155666956, 53.54721496527958], [-113.49855545330361, 53.54720996347633], [-113.49831668264612, 53.54720791132011], [-113.49742180594153, 53.54719597412243], [-113.49727802481085, 53.54719492829485], [-113.49661412622832, 53.54718696900138], [-113.49624741739615, 53.54717770329689], [-113.49598143072976, 53.54714146948059], [-113.4955077512285, 53.54712588373073], [-113.49504233326087, 53.54711876524865], [-113.49439690764702, 53.54710477753157], [-113.4939168606789, 53.54709463166079], [-113.492723, 53.546089], [-113.49272331235359, 53.54596000780885], [-113.49273034913493, 53.545678577510174], [-113.49273632856908, 53.54545236739928], [-113.49273799999999, 53.5454], [-113.49273799999999, 53.545304], [-113.49273799999999, 53.545228], [-113.49273799999999, 53.544991], [-113.49273799999999, 53.544949], [-113.49273799999999, 53.544808], [-113.49273799999999, 53.544507], [-113.49273799999999, 53.5445]]}}, {"type": "Feature", "properties": {"DAUID": "48111262", "mode": "car", "period": "weekend", "speed_factor": 1.0, "transit_mins": 114.0}, "geometry": {"type": "LineString", "coordinates": [[-113.451907, 53.44082], [-113.4519, 53.441282], [-113.452904, 53.441684], [-113.453351, 53.441347], [-113.45341, 53.441303], [-113.454034, 53.441463], [-113.45375, 53.441754], [-113.453546, 53.441927], [-113.453449, 53.442019], [-113.453279, 53.442169], [-113.45317, 53.442299], [-113.453096, 53.442384], [-113.453063, 53.442438], [-113.453009, 53.442563], [-113.452977, 53.442665], [-113.452938, 53.442846], [-113.453278, 53.442868], [-113.454175, 53.442931], [-113.454875, 53.442924], [-113.454927, 53.44292], [-113.455705, 53.442857], [-113.456443, 53.442779], [-113.456529, 53.442764], [-113.456988, 53.442681], [-113.457589, 53.442547], [-113.45773, 53.442493], [-113.458216, 53.442376], [-113.458892, 53.442281], [-113.459416, 53.442262], [-113.4596, 53.442279], [-113.460403, 53.442426], [-113.460855, 53.442556], [-113.461474, 53.442851], [-113.461993, 53.443175], [-113.462066, 53.443221], [-113.462378, 53.443437], [-113.462814, 53.443762], [-113.462986, 53.443995], [-113.463055, 53.444258], [-113.463066, 53.44454], [-113.462948, 53.444834], [-113.462827, 53.445004], [-113.462574, 53.445235], [-113.462224, 53.445467], [-113.461891, 53.445632], [-113.461717, 53.445803], [-113.461514, 53.446018], [-113.461408, 53.446171], [-113.461375, 53.446294], [-113.461335, 53.446466], [-113.461304, 53.446671], [-113.461317, 53.446857], [-113.461399, 53.447074], [-113.461467, 53.447199], [-113.461704, 53.447564], [-113.461812, 53.447765], [-113.461889, 53.448039], [-113.461899, 53.448074], [-113.461951, 53.448456], [-113.461814, 53.448801], [-113.461644, 53.449131], [-113.461303, 53.449459], [-113.460925, 53.449667], [-113.460616, 53.449783], [-113.460311, 53.449862], [-113.460092, 53.44991], [-113.459834, 53.449954], [-113.459949, 53.450321], [-113.459965, 53.450422], [-113.459969, 53.450867], [-113.459967, 53.451755], [-113.459969, 53.451817], [-113.459972, 53.452002], [-113.460112, 53.451994], [-113.46154, 53.451931], [-113.462362, 53.45191], [-113.463181, 53.451899], [-113.464342, 53.451913], [-113.465606, 53.451917], [-113.465799, 53.451983], [-113.46599, 53.452032], [-113.466083, 53.45208], [-113.466135, 53.452116], [-113.466224, 53.452213], [-113.466379, 53.452459], [-113.466364, 53.453293], [-113.466382, 53.455089], [-113.466347, 53.456518], [-113.466339, 53.457236], [-113.466339, 53.457321], [-113.466351, 53.457536], [-113.466332, 53.457943], [-113.466348, 53.458695], [-113.466348, 53.45877], [-113.466354, 53.458952], [-113.466372, 53.463305], [-113.466372, 53.464437], [-113.466354, 53.465169], [-113.466364, 53.465234], [-113.466367, 53.465306], [-113.466368, 53.465408], [-113.466365, 53.465477], [-113.466369, 53.46564], [-113.466361, 53.466079], [-113.466358, 53.468594], [-113.466367, 53.472658], [-113.466379, 53.473384], [-113.466377, 53.47398], [-113.466378, 53.474044], [-113.466379, 53.474107], [-113.466379, 53.474195], [-113.46638, 53.474262], [-113.466384, 53.474417], [-113.466385, 53.474842], [-113.466383, 53.479496], [-113.466392, 53.479677], [-113.466408, 53.480003], [-113.466415, 53.480085], [-113.466421, 53.480162], [-113.466476, 53.480926], [-113.466501, 53.481162], [-113.466542, 53.481674], [-113.466565, 53.481996], [-113.466585, 53.48221], [-113.466597, 53.482334], [-113.466617, 53.482474], [-113.466632, 53.482625], [-113.466692, 53.483252], [-113.466732, 53.483583], [-113.466787, 53.484204], [-113.466814, 53.48472], [-113.466986, 53.486654], [-113.466994, 53.486776], [-113.467147, 53.487146], [-113.467238, 53.488005], [-113.467239, 53.48801], [-113.467253, 53.488069], [-113.467276, 53.488118], [-113.467304, 53.488159], [-113.467357, 53.488187], [-113.467476, 53.488188], [-113.467795, 53.488189], [-113.468779, 53.488189], [-113.468997, 53.488192], [-113.469142, 53.488192], [-113.470338, 53.488174], [-113.471036, 53.488167], [-113.471248, 53.488146], [-113.471489, 53.488123], [-113.471657, 53.48812], [-113.47205, 53.488122], [-113.472268, 53.488123], [-113.473273, 53.48813], [-113.473435, 53.48813], [-113.473658, 53.488132], [-113.474507, 53.488134], [-113.474556, 53.488134], [-113.474717, 53.488134], [-113.475236, 53.488135], [-113.475823, 53.488138], [-113.476052, 53.488139], [-113.476384, 53.48814], [-113.476575, 53.48814], [-113.477241, 53.488142], [-113.47789, 53.488143], [-113.478654, 53.488147], [-113.479234, 53.488148], [-113.479395, 53.488148], [-113.479567, 53.488149], [-113.480077, 53.48815], [-113.480733, 53.488152], [-113.481746, 53.488154], [-113.481876, 53.488154], [-113.4821, 53.488203], [-113.483226, 53.488201], [-113.4833, 53.488202], [-113.484133, 53.488201], [-113.4843, 53.488201], [-113.484739, 53.488201], [-113.485327, 53.4882], [-113.485922, 53.488203], [-113.486119, 53.488204], [-113.486307, 53.488203], [-113.486821, 53.488203], [-113.48724, 53.488204], [-113.488073, 53.488204], [-113.488779, 53.488204], [-113.48973, 53.488205], [-113.490353, 53.488205], [-113.490787, 53.488207], [-113.49126, 53.488216], [-113.491578, 53.488236], [-113.491667, 53.488256], [-113.491748, 53.488283], [-113.491797, 53.488308], [-113.491852, 53.488348], [-113.491891, 53.488383], [-113.491939, 53.488486], [-113.491941, 53.488739], [-113.491943, 53.488799], [-113.491944, 53.488919], [-113.491942, 53.48904], [-113.49194, 53.489286], [-113.49194, 53.489498], [-113.491943, 53.489673], [-113.491941, 53.489895], [-113.491942, 53.489914], [-113.49194, 53.490004], [-113.491941, 53.490429], [-113.491939, 53.490461], [-113.491935, 53.491348], [-113.491935, 53.491403], [-113.491934, 53.491597], [-113.491936, 53.491669], [-113.491935, 53.492055], [-113.491935, 53.492229], [-113.491935, 53.492561], [-113.491939, 53.492661], [-113.491936, 53.492967], [-113.491938, 53.49325], [-113.491937, 53.493628], [-113.491934, 53.495136], [-113.491927, 53.496338], [-113.49193, 53.496445], [-113.491931, 53.496521], [-113.491933, 53.496908], [-113.49193, 53.497059], [-113.491926, 53.497217], [-113.491935, 53.497337], [-113.491937, 53.497482], [-113.491948, 53.497564], [-113.491959, 53.497652], [-113.491978, 53.497731], [-113.491993, 53.497789], [-113.491997, 53.497805], [-113.492049, 53.497949], [-113.492057, 53.497965], [-113.492138, 53.498125], [-113.492198, 53.49822], [-113.492244, 53.498287], [-113.4924, 53.498467], [-113.492596, 53.498654], [-113.492829, 53.498855], [-113.492913, 53.498927], [-113.493356, 53.499314], [-113.493502, 53.499442], [-113.493638, 53.499559], [-113.493732, 53.49964], [-113.493777, 53.499689], [-113.493804, 53.499718], [-113.493837, 53.499755], [-113.493889, 53.49982], [-113.493962, 53.49993], [-113.494027, 53.500027], [-113.494116, 53.500214], [-113.494203, 53.500398], [-113.494222, 53.500446], [-113.49434, 53.500751], [-113.494392, 53.500892], [-113.494501, 53.501228], [-113.494552, 53.501463], [-113.494573, 53.501593], [-113.494589, 53.501728], [-113.494591, 53.501852], [-113.494595, 53.502319], [-113.494596, 53.502538], [-113.494597, 53.502713], [-113.4946, 53.503458], [-113.4946, 53.503522], [-113.494614, 53.504365], [-113.494719, 53.505888], [-113.494759, 53.506353], [-113.494774, 53.506719], [-113.494749, 53.506994], [-113.494697, 53.507197], [-113.49462, 53.507381], [-113.494351, 53.507937], [-113.494281, 53.508074], [-113.49418, 53.508292], [-113.494114, 53.508488], [-113.494077, 53.508733], [-113.494071, 53.508979], [-113.49409, 53.50923], [-113.494401, 53.511133], [-113.4945, 53.511755], [-113.494556, 53.512078], [-113.494567, 53.512156], [-113.494583, 53.512353], [-113.494431, 53.513508], [-113.494333, 53.514237], [-113.494332, 53.514353], [-113.494344, 53.514472], [-113.494369, 53.514638], [-113.494433, 53.515027], [-113.494485, 53.515326], [-113.494516, 53.5155], [-113.494544, 53.515709], [-113.494615, 53.516136], [-113.494635, 53.516268], [-113.494765, 53.517076], [-113.494777, 53.517169], [-113.494784, 53.517227], [-113.494826, 53.517558], [-113.494883, 53.517963], [-113.494899, 53.518074], [-113.494916, 53.518195], [-113.494938, 53.518316], [-113.494983, 53.518599], [-113.495056, 53.519057], [-113.495063, 53.519096], [-113.495178, 53.519826], [-113.495191, 53.519909], [-113.4952, 53.519967], [-113.495264, 53.520373], [-113.495372, 53.520971], [-113.495422, 53.521281], [-113.49551, 53.521835], [-113.495783, 53.523514], [-113.49578, 53.523584], [-113.495777, 53.523597], [-113.495775, 53.523638], [-113.495753, 53.523661], [-113.495696, 53.523685], [-113.494801, 53.52385], [-113.494269, 53.523942], [-113.494223, 53.52395], [-113.494055, 53.523982], [-113.493923, 53.524019], [-113.493787, 53.524054], [-113.493597, 53.524123], [-113.493561, 53.524149], [-113.493535, 53.524177], [-113.493531, 53.524206], [-113.493547, 53.524243], [-113.493578, 53.524267], [-113.493614, 53.52428], [-113.493673, 53.524287], [-113.494002, 53.524217], [-113.494183, 53.52419], [-113.494968, 53.524131], [-113.495388, 53.524105], [-113.495709, 53.524094], [-113.497242, 53.524105], [-113.497489, 53.524106], [-113.497721, 53.524139], [-113.497904, 53.524199], [-113.498002, 53.524253], [-113.498105, 53.524307], [-113.498147, 53.524334], [-113.498222, 53.524382], [-113.498533, 53.52458], [-113.498641, 53.524644], [-113.498882, 53.524768], [-113.499022, 53.524816], [-113.499185, 53.524861], [-113.499351, 53.524893], [-113.499525, 53.524914], [-113.499726, 53.524923], [-113.500078, 53.524935], [-113.500263, 53.524942], [-113.500427, 53.524957], [-113.500583, 53.524977], [-113.500778, 53.525013], [-113.500961, 53.525059], [-113.501156, 53.525107], [-113.501315, 53.525156], [-113.501471, 53.525221], [-113.501611, 53.52529], [-113.501762, 53.525379], [-113.501902, 53.525465], [-113.502036, 53.525564], [-113.502197, 53.525706], [-113.502341, 53.525862], [-113.502414, 53.525978], [-113.502464, 53.526084], [-113.502503, 53.526202], [-113.502512, 53.526244], [-113.502531, 53.526332], [-113.502551, 53.52642], [-113.502556, 53.526518], [-113.502554, 53.526615], [-113.502512, 53.526834], [-113.502365, 53.527101], [-113.502281, 53.527264], [-113.501183, 53.529377], [-113.501139, 53.529505], [-113.501096, 53.529771], [-113.501098, 53.53009], [-113.5011, 53.530428], [-113.501096, 53.530513], [-113.500913, 53.530532], [-113.50035, 53.530591], [-113.49984, 53.530694], [-113.499411, 53.530844], [-113.498783, 53.531153], [-113.498451, 53.53134], [-113.498202, 53.531512], [-113.497932, 53.531759], [-113.497748, 53.531977], [-113.497482, 53.532386], [-113.497439, 53.53248], [-113.497413, 53.53258], [-113.497428, 53.532852], [-113.497427, 53.532879], [-113.497424, 53.533196], [-113.497422, 53.533398], [-113.497416, 53.53382], [-113.497407, 53.533891], [-113.497399, 53.534069], [-113.497392, 53.534175], [-113.49737, 53.534458], [-113.497343, 53.534797], [-113.497334, 53.534876], [-113.497282, 53.535019], [-113.497246, 53.535113], [-113.497188, 53.5352], [-113.496952, 53.535522], [-113.496494, 53.535832], [-113.496034, 53.536111], [-113.49588, 53.536219], [-113.495821, 53.536282], [-113.495767, 53.536346], [-113.495721, 53.536412], [-113.495679, 53.536487], [-113.495648, 53.536564], [-113.495628, 53.536642], [-113.495617, 53.536721], [-113.495624, 53.537179], [-113.495625, 53.537254], [-113.495626, 53.537316], [-113.495625, 53.537788], [-113.495624, 53.538087], [-113.495623, 53.538362], [-113.495606, 53.538443], [-113.495589, 53.538495], [-113.495566, 53.538543], [-113.495521, 53.538603], [-113.495416, 53.538701], [-113.495392, 53.538722], [-113.495316, 53.538792], [-113.495259, 53.538844], [-113.494894, 53.539146], [-113.49477, 53.539224], [-113.494622, 53.539283], [-113.494521, 53.539309], [-113.494436, 53.539327], [-113.494075, 53.539389], [-113.493982, 53.539412], [-113.493941, 53.539427], [-113.493853, 53.539465], [-113.49379, 53.539499], [-113.493753, 53.539581], [-113.493741, 53.539652], [-113.493743, 53.539675], [-113.493739, 53.540193], [-113.493739, 53.540362], [-113.493738, 53.540826], [-113.493738, 53.540943], [-113.493736, 53.541062], [-113.493735, 53.541098], [-113.493736, 53.541526], [-113.493736, 53.541957], [-113.493736, 53.541987], [-113.493736, 53.542045], [-113.493736, 53.54214], [-113.493737, 53.542178], [-113.493736, 53.542204], [-113.493747, 53.542631], [-113.493746, 53.543058], [-113.493746, 53.543116], [-113.493745, 53.543146], [-113.493745, 53.543209], [-113.493745, 53.543241], [-113.493745, 53.543281], [-113.493745, 53.543292], [-113.493744, 53.543452], [-113.493744, 53.543535], [-113.49374, 53.544215], [-113.493738, 53.544432], [-113.493738, 53.5445]]}}, {"type": "Feature", "properties": {"DAUID": "48111262", "mode": "transit", "period": "weekend", "speed_factor": 0.2, "transit_mins": 114.0}, "geometry": {"type": "LineString", "coordinates": [[-113.45290688523556, 53.44083514977632], [-113.45227170949944, 53.44035365090186], [-113.45230200116805, 53.440885503032995], [-113.4527531761203, 53.44054537252489], [-113.45365837535027, 53.44033433613396], [-113.45474966200759, 53.442161446770264], [-113.45439677981699, 53.44251667677842], [-113.45423415948417, 53.4426525594561], [-113.45411062163706, 53.4427688378554], [-113.45404528515567, 53.442811500630505], [-113.45392422333975, 53.44295561796637], [-113.45394928183366, 53.442905450009434], [-113.45398100159558, 53.44283457668934], [-113.45396314648761, 53.442862340074456], [-113.45395456467487, 53.44287563548243], [-113.45300257084926, 53.44184808687481], [-113.45334806152546, 53.4418704573279], [-113.45416500049997, 53.44193104999625], [-113.45479830350116, 53.441926945514496], [-113.45484628733053, 53.441923262589754], [-113.45559989435928, 53.44186253893777], [-113.45627117542502, 53.441793872436975], [-113.45635105795127, 53.4417799590317], [-113.45677038177723, 53.441704966030755], [-113.4572313527334, 53.4416131432483], [-113.45749594616143, 53.44152077636284], [-113.45807683494968, 53.44138573079985], [-113.45885576427074, 53.441281656729686], [-113.45950799947794, 53.44126624094478], [-113.45978007108248, 53.44129534639976], [-113.460679405617, 53.44146495893173], [-113.46128521660536, 53.4416532743094], [-113.4620035581209, 53.44200272634334], [-113.46252612062034, 53.442328960754935], [-113.46263520997881, 53.44239880780835], [-113.4629756436066, 53.442635238115464], [-113.46361853479667, 53.44316809448484], [-113.46395326482642, 53.44374123090107], [-113.46405424009045, 53.44421902254966], [-113.46399404065963, 53.444912478904214], [-113.4637627037621, 53.445413877383594], [-113.46350126936403, 53.44574248549393], [-113.46312649998448, 53.4460685129076], [-113.4626679817233, 53.44636303584157], [-113.4625919315268, 53.44634522857117], [-113.46244410693399, 53.44648952422138], [-113.46233599873273, 53.446587489318055], [-113.46237384283724, 53.4464301285661], [-113.46234900802705, 53.446520513494654], [-113.46232375875928, 53.44661551961729], [-113.46230156643338, 53.446601277614896], [-113.46225244042034, 53.4465035156015], [-113.46227743215111, 53.4465961329098], [-113.4623057060122, 53.446654415548245], [-113.46258489292327, 53.44709068439944], [-113.46277470815266, 53.44749445792788], [-113.46285052394761, 53.447764278872], [-113.46288986170951, 53.447939118301335], [-113.46288040272476, 53.44882506716895], [-113.46270297455644, 53.449258956589674], [-113.46233723541943, 53.449851711213505], [-113.46178509668782, 53.45033511801921], [-113.46127645545111, 53.45060320460685], [-113.46086674185261, 53.45075105398782], [-113.46052509592141, 53.45083881264142], [-113.46026011535837, 53.450895767328674], [-113.46078824836253, 53.449654984845544], [-113.46093668354811, 53.450164535279484], [-113.4609649596035, 53.45041301159906], [-113.4609689974637, 53.450869252246534], [-113.46096648011435, 53.45172275870607], [-113.46096886854309, 53.45180078591556], [-113.45991495020945, 53.451003628665575], [-113.46006792522493, 53.45099497176506], [-113.46151446088771, 53.450931326176324], [-113.46234857019783, 53.45091009018386], [-113.46319305769359, 53.45089907269663], [-113.46434516454111, 53.45091300500717], [-113.46592957217808, 53.45097079650943], [-113.46604749736166, 53.45101436742711], [-113.4664486429198, 53.45114337934296], [-113.46665220997879, 53.45125780780833], [-113.46687183874283, 53.45143993146276], [-113.46707006049446, 53.45167991310305], [-113.46737883829812, 53.4524769827032], [-113.46736394978082, 53.4532829782316], [-113.46738170018988, 53.455113485309056], [-113.46734693793302, 53.45652914136972], [-113.46733900000001, 53.457236], [-113.46733744603105, 53.45726527277967], [-113.46734991212436, 53.45758263226135], [-113.46733177373005, 53.45792172821851], [-113.467348, 53.458695], [-113.46734745702992, 53.45873705086715], [-113.46735399145066, 53.45894786495609], [-113.46737200000001, 53.463305], [-113.46737169779897, 53.464461582732774], [-113.46734237169764, 53.4650169428157], [-113.46736313307309, 53.465192369455195], [-113.46736695194502, 53.46529619654958], [-113.46736705615835, 53.46545143722437], [-113.46736469903313, 53.465452467508364], [-113.46736883399821, 53.46565822020952], [-113.46736099928857, 53.4660801928421], [-113.46735799754785, 53.468591785438505], [-113.4673668634253, 53.47264147333182], [-113.46737899436967, 53.47338735568582], [-113.46737687795202, 53.473964376906814], [-113.46737787404749, 53.47402812898341], [-113.46737900000001, 53.474107], [-113.46737888863522, 53.474180076289066], [-113.46737966717976, 53.47423620213727], [-113.46738399723185, 53.474414647065345], [-113.46738499990767, 53.474842429737826], [-113.46738176606166, 53.479446337599114], [-113.46739079776039, 53.47962797925102], [-113.46740437612979, 53.479917943501164], [-113.46741197783057, 53.48000731341581], [-113.4674184187824, 53.48009019629184], [-113.46747043596874, 53.48082065720673], [-113.46749780908509, 53.48108217739746], [-113.46753945869983, 53.48160275295002], [-113.46756066120828, 53.481902947550665], [-113.46758035001355, 53.48211367580516], [-113.46758694949365, 53.48219257864372], [-113.4676121022246, 53.48237514878561], [-113.46762745255823, 53.482529741382], [-113.46768477714654, 53.48313202693094], [-113.46772810088233, 53.483494778504785], [-113.46778563382153, 53.48415174590468], [-113.46781006860218, 53.484631414788225], [-113.46798385694906, 53.48658856675749], [-113.46791810808855, 53.486393868817444], [-113.46814143545484, 53.48704065235578], [-113.46821858067526, 53.48780888386272], [-113.46821198287543, 53.48777912270764], [-113.46815823694408, 53.487644092862986], [-113.46810180098188, 53.48755403835386], [-113.46777112103304, 53.4872748066159], [-113.46736540306463, 53.48718703530638], [-113.46747913478083, 53.48718800491344], [-113.467795, 53.487189], [-113.46879276016502, 53.48718909467555], [-113.468997, 53.487192], [-113.46912695153698, 53.48719211323453], [-113.47032797185096, 53.48717405028315], [-113.47093742583095, 53.487171870293274], [-113.47115299598156, 53.487150523111026], [-113.47147114570359, 53.48712315940065], [-113.4716620889926, 53.487120012949006], [-113.47205458710772, 53.48712201052083], [-113.47227496500518, 53.48712302425594], [-113.473273, 53.48713], [-113.47344396824919, 53.487130040215554], [-113.47366035570607, 53.48713200277468], [-113.474507, 53.487134000000005], [-113.474556, 53.487134000000005], [-113.47471892677869, 53.48713400185624], [-113.47524111066579, 53.487135013059536], [-113.47582736677059, 53.48713800953439], [-113.47605501203454, 53.48713900453618], [-113.476384, 53.487140000000004], [-113.47657800298946, 53.48714000450899], [-113.47724254083022, 53.48714200118708], [-113.47789523553034, 53.487143013705484], [-113.47865572413538, 53.48714700148632], [-113.479234, 53.487148000000005], [-113.47940081385521, 53.487148016900605], [-113.47956896078054, 53.48714900192233], [-113.48008004876631, 53.487150004647496], [-113.48073497432982, 53.48715200194899], [-113.481746, 53.487154000000004], [-113.48208969687879, 53.4871770999826], [-113.48209822380387, 53.487203001577434], [-113.48323951227987, 53.48720109129502], [-113.48329879952067, 53.48720200072058], [-113.484133, 53.487201], [-113.4843, 53.487201], [-113.48473729932219, 53.48720100144615], [-113.48533204195272, 53.48720001271072], [-113.48592707607676, 53.487203012883356], [-113.4861136809263, 53.48720401414638], [-113.486307, 53.487203], [-113.48682338662806, 53.487203002848], [-113.48724, 53.487204000000006], [-113.488073, 53.487204000000006], [-113.48878005152412, 53.48720400055286], [-113.48973, 53.487205], [-113.490357608246, 53.48720501061802], [-113.49080602404067, 53.48720718097344], [-113.49132276906151, 53.48721797192178], [-113.49179725132905, 53.487260331585674], [-113.49198322776607, 53.487307316701965], [-113.49220247034167, 53.48739223813028], [-113.49238517169775, 53.487499263915744], [-113.49251990974173, 53.48760375771627], [-113.49279740783138, 53.487960596350376], [-113.49293896875587, 53.48847809510867], [-113.49294044490698, 53.48870568516961], [-113.4929429652796, 53.48879066695603], [-113.4929438634253, 53.488935526668264], [-113.49294196695253, 53.4890481298126], [-113.49294, 53.489286], [-113.4929398530936, 53.489480859661214], [-113.49294295942136, 53.48968200864348], [-113.49293961782934, 53.48984244116701], [-113.49294175317783, 53.48993621673723], [-113.49293999723184, 53.49000164706534], [-113.49293905257849, 53.49049137828599], [-113.49293898983198, 53.49046550953702], [-113.492935, 53.491348], [-113.49293498671511, 53.491408154570685], [-113.49293361442065, 53.49156923293283], [-113.49293599664422, 53.49167159066488], [-113.492935, 53.492055], [-113.492935, 53.492229], [-113.49293420095871, 53.49252103196161], [-113.49293895194502, 53.49267080345046], [-113.49293597502871, 53.492959933038634], [-113.49293799650069, 53.49325264549342], [-113.49293699802116, 53.49362998938598], [-113.49293398304312, 53.495141823528535], [-113.49292660718416, 53.496309973630424], [-113.49292991344613, 53.49643184324417], [-113.49293098664636, 53.49651583211033], [-113.49293280269865, 53.496927863629814], [-113.4929296796925, 53.49708430834658], [-113.4929231993099, 53.49714221005183], [-113.49293490488871, 53.49732320820847], [-113.49292812202245, 53.49734904460673], [-113.49294027787671, 53.49743996526541], [-113.4929312754754, 53.49741816159442], [-113.49294614691165, 53.49748061717816], [-113.49296314250009, 53.49754646437476], [-113.4929375538997, 53.49746535553624], [-113.49294342719084, 53.49750178640418], [-113.49294918560257, 53.49751333103873], [-113.49298348890301, 53.49759100700859], [-113.49302240077566, 53.4976539934973], [-113.49299968908278, 53.497632069461574], [-113.4930903001333, 53.49774347686563], [-113.49324919672583, 53.49789681175565], [-113.49347979137346, 53.49809574339764], [-113.49357090262504, 53.498173896995105], [-113.49401523353937, 53.498562061744174], [-113.49415416742876, 53.49868392504007], [-113.49429078018649, 53.49880145262318], [-113.49446852988841, 53.4989635950004], [-113.49450889397444, 53.4990075814721], [-113.49455029543444, 53.499052385153014], [-113.49461786880946, 53.499130304952466], [-113.49472221379217, 53.49926704902882], [-113.49479273037315, 53.499373325007646], [-113.49492994975274, 53.499597253860976], [-113.49502003774737, 53.499786547369474], [-113.4951328066131, 53.500029951549074], [-113.49515463449663, 53.50008517747343], [-113.49527822945937, 53.5004049862986], [-113.49534320036341, 53.5005834260726], [-113.4954782513664, 53.501015915660915], [-113.49553920258339, 53.50130352881342], [-113.49556604981532, 53.50147530520706], [-113.49558886995254, 53.501711873065325], [-113.49559096331974, 53.50184343500368], [-113.49559498957503, 53.50231443383757], [-113.49559598367387, 53.5025322858076], [-113.49559699189236, 53.502708973187005], [-113.49560000000001, 53.503458], [-113.49559986212641, 53.50350539493503], [-113.49561163187857, 53.50429622038919], [-113.49571532055784, 53.50580229500578], [-113.49575816122848, 53.50631205076931], [-113.49576989320647, 53.506809535746065], [-113.49571772271648, 53.50724214572046], [-113.49561948251213, 53.507583038877364], [-113.49552017972717, 53.50781651860902], [-113.49524149321003, 53.50839199653063], [-113.49518834932987, 53.50849437744183], [-113.49512771180916, 53.50861112744596], [-113.49510278784582, 53.50863732714403], [-113.49507670269065, 53.50875738299245], [-113.49506814722025, 53.50890351873634], [-113.4950769076221, 53.50906871346796], [-113.49538856910571, 53.51097581456355], [-113.49548530117528, 53.51158417379005], [-113.49554620179615, 53.51193835615694], [-113.49556371802402, 53.5120750482823], [-113.49557445137359, 53.512483476717556], [-113.49542208484297, 53.51364123225599], [-113.49533296284392, 53.51424562036932], [-113.4953269540641, 53.514252668497754], [-113.49533284879367, 53.51432307698885], [-113.49535573456247, 53.51447565806686], [-113.49541821175482, 53.51485565882526], [-113.49546949743618, 53.51515060103145], [-113.49550714487071, 53.515367215041245], [-113.4955304562906, 53.515544975651935], [-113.49560371550422, 53.515986194620524], [-113.49562230300893, 53.51610915174361], [-113.49575677786663, 53.51694802866239], [-113.49576979561301, 53.51704917983986], [-113.49577604561516, 53.51710112110017], [-113.49581624076781, 53.51741863278083], [-113.49587277036954, 53.517820330397164], [-113.4958892742048, 53.51793487056627], [-113.4958998699101, 53.51801611456179], [-113.49592559260965, 53.51815896230589], [-113.49597053464257, 53.51844159819016], [-113.49604027120702, 53.51888033593729], [-113.49605081776268, 53.51894038487301], [-113.49616595523166, 53.519671260023834], [-113.49617917390339, 53.51975566267031], [-113.49618780238795, 53.51981128730828], [-113.4962480798672, 53.520195273201246], [-113.49635924112071, 53.52081176756117], [-113.49640961799756, 53.52112412205095], [-113.4964970376061, 53.521674510859754], [-113.49678208289582, 53.52355681783848], [-113.49675439119582, 53.52380885950611], [-113.49677581235112, 53.523645722553944], [-113.4964976418571, 53.524329222646], [-113.4961410570001, 53.52458263537511], [-113.49587730226173, 53.52466842741973], [-113.49497140309838, 53.52483537443851], [-113.49444034117478, 53.524927211754814], [-113.49441011210787, 53.52493233856642], [-113.4943249004864, 53.52494488822167], [-113.49417223187099, 53.524987443841674], [-113.4941283458249, 53.524993937778696], [-113.49418249055387, 53.524933679228376], [-113.49429379349156, 53.52482945109944], [-113.49452562112928, 53.52431363739681], [-113.49444885703593, 53.523809088849255], [-113.49415917319314, 53.523452276292495], [-113.49391764446372, 53.52332644610029], [-113.49373181773991, 53.523286964763884], [-113.49346489235553, 53.523308894071015], [-113.49385446121916, 53.52322794372852], [-113.49410805215308, 53.52319281254508], [-113.49490621351397, 53.523132910610144], [-113.49535375218976, 53.52310558662832], [-113.49571617528822, 53.52309402574271], [-113.49724604854984, 53.52310500819541], [-113.49762982389575, 53.523115965338796], [-113.49803255066918, 53.52318877045903], [-113.49838660475366, 53.52332316174339], [-113.49846632826683, 53.5233673368244], [-113.49864575759128, 53.5234658215246], [-113.49868605369645, 53.52349172859935], [-113.49875905098743, 53.523538450216705], [-113.49904280239026, 53.52371970846635], [-113.49909851474085, 53.52375479796339], [-113.49920632432432, 53.52382205405405], [-113.49928811849418, 53.523852059676614], [-113.49937428616224, 53.523879078033254], [-113.49947082016021, 53.52390020438699], [-113.49956973130095, 53.52391500094559], [-113.49976007111627, 53.52392358058903], [-113.50011581078066, 53.52393571508324], [-113.50035408322717, 53.523946156716285], [-113.50055416431599, 53.52396511833531], [-113.50076454747948, 53.52399361781961], [-113.50102178239342, 53.524043170043434], [-113.50120001904713, 53.524087985121064], [-113.5014505081705, 53.52415135103856], [-113.50169961538464, 53.52423292307693], [-113.50191308067922, 53.52432402470878], [-113.50211876792572, 53.524428506103554], [-113.50228541810586, 53.52452692401368], [-113.50249622228073, 53.52466069913521], [-113.50269746755743, 53.524814026220135], [-113.5029318034446, 53.525027719897246], [-113.50318735465956, 53.52532938025737], [-113.5033184315925, 53.52555138132426], [-113.50341348487508, 53.5257701872023], [-113.50348080241412, 53.52599247091146], [-113.50348947613413, 53.52603295401639], [-113.50350613285582, 53.526110378896504], [-113.50354970099448, 53.52636904586761], [-113.5035557875053, 53.526538614175315], [-113.50353610227923, 53.52680334838235], [-113.50338800801406, 53.52731629654706], [-113.50325390726952, 53.52755908718185], [-113.503168347404, 53.52772510149058], [-113.5021286865993, 53.52970207976852], [-113.50212618459993, 53.52966458247289], [-113.5020959803467, 53.52976473053076], [-113.50209798249406, 53.53008408294384], [-113.50209889456923, 53.530475006803144], [-113.50119927002079, 53.53150765335811], [-113.50101722499276, 53.53152655374459], [-113.50054796384363, 53.531571209322856], [-113.50017005637184, 53.53163796122346], [-113.49985248939304, 53.53174126646869], [-113.49927375955855, 53.53202429504515], [-113.49901935053356, 53.53216278652822], [-113.49887698181094, 53.532249834368216], [-113.49869618349038, 53.53240399890933], [-113.49858630310341, 53.53252220446332], [-113.49839136993207, 53.53280198837324], [-113.49840682250678, 53.5327316338518], [-113.4984114828605, 53.53252493660694], [-113.49842731483378, 53.53288901166041], [-113.49842695522199, 53.532888463298654], [-113.4984239509888, 53.53320590050481], [-113.49842189893943, 53.53341221657259], [-113.49840806142193, 53.533945754264835], [-113.49840599155401, 53.53393589849677], [-113.49839682661472, 53.53413489421038], [-113.49838899198842, 53.534252504677546], [-113.49836684326655, 53.53453739459646], [-113.4983365731472, 53.5349101918776], [-113.4982737934235, 53.535217743063065], [-113.49821585675171, 53.535376647266546], [-113.4980780502943, 53.53566770019629], [-113.49799456423501, 53.53579114645798], [-113.49751252825837, 53.53635013529786], [-113.49701259004812, 53.5366870230184], [-113.4966081757432, 53.53692973207822], [-113.49660989840244, 53.536902555646684], [-113.49658529148348, 53.53692687093924], [-113.49658739816677, 53.53691779266169], [-113.49659350601593, 53.536900603368984], [-113.49660664351796, 53.53686046687079], [-113.49661666386604, 53.53681237535034], [-113.49661844476051, 53.536779910029956], [-113.49661688322253, 53.53670571794199], [-113.49662391112297, 53.53716566785173], [-113.49662486995254, 53.53723787306532], [-113.49662599775569, 53.537318118639305], [-113.49662499440727, 53.53779134446289], [-113.4966239933885, 53.53809063633963], [-113.49660167779119, 53.53856740151173], [-113.49655649532517, 53.53875373885632], [-113.49649081602873, 53.53892712018041], [-113.49636600000002, 53.53914299999997], [-113.4962033182504, 53.53933405526821], [-113.49607450460765, 53.5394535766949], [-113.49606947575478, 53.53945754510512], [-113.49598996198752, 53.5395307660248], [-113.49589648130906, 53.539614465820534], [-113.49542645111872, 53.53999246075289], [-113.49514030828419, 53.540152908916234], [-113.49487129799392, 53.54025142682234], [-113.49472817044185, 53.54028730486456], [-113.49460526691227, 53.54031257024732], [-113.49431507879872, 53.5403597534035], [-113.4943255815314, 53.54035112285207], [-113.49433743601625, 53.54034506235356], [-113.49432793260114, 53.540345022172666], [-113.49470150505643, 53.53991028886699], [-113.49473901601385, 53.53974765059387], [-113.49473724058822, 53.53956537038387], [-113.49474297018662, 53.53968272177749], [-113.49473900000001, 53.540193], [-113.49473899767763, 53.54036415516744], [-113.494738, 53.540826], [-113.49473785879694, 53.540959804349484], [-113.49473561442065, 53.54108976706716], [-113.49473499727051, 53.54109566355778], [-113.494736, 53.541526], [-113.494736, 53.541957], [-113.494736, 53.541987], [-113.494736, 53.542045], [-113.49473565391935, 53.54211369331798], [-113.49473626117464, 53.54221643312201], [-113.4947356683473, 53.54217824741962], [-113.49474699725772, 53.54263334191395], [-113.494746, 53.543058], [-113.49474544490698, 53.543149314830146], [-113.49474500000001, 53.543146], [-113.49474500000001, 53.543209], [-113.49474500000001, 53.543241], [-113.49474500000001, 53.543281], [-113.49474498046932, 53.54329824987792], [-113.49474400000001, 53.543452], [-113.49474398269942, 53.54354088225118], [-113.49473995752994, 53.54422421619848], [-113.494738, 53.544432], [-113.494738, 53.5445]]}}, {"type": "Feature", "properties": {"DAUID": "48112171", "mode": "car", "period": "weekend", "speed_factor": 1.0, "transit_mins": 114.0}, "geometry": {"type": "LineString", "coordinates": [[-113.459508, 53.442805], [-113.459508, 53.442805], [-113.460004, 53.442847], [-113.460068, 53.442853], [-113.460113, 53.442799], [-113.460403, 53.442426], [-113.460855, 53.442556], [-113.461474, 53.442851], [-113.461993, 53.443175], [-113.462066, 53.443221], [-113.462378, 53.443437], [-113.462814, 53.443762], [-113.462986, 53.443995], [-113.463055, 53.444258], [-113.463066, 53.44454], [-113.462948, 53.444834], [-113.462827, 53.445004], [-113.462574, 53.445235], [-113.462224, 53.445467], [-113.461891, 53.445632], [-113.461717, 53.445803], [-113.461514, 53.446018], [-113.461408, 53.446171], [-113.461375, 53.446294], [-113.461335, 53.446466], [-113.461304, 53.446671], [-113.461317, 53.446857], [-113.461399, 53.447074], [-113.461467, 53.447199], [-113.461704, 53.447564], [-113.461812, 53.447765], [-113.461889, 53.448039], [-113.461899, 53.448074], [-113.461951, 53.448456], [-113.461814, 53.448801], [-113.461644, 53.449131], [-113.461303, 53.449459], [-113.460925, 53.449667], [-113.460616, 53.449783], [-113.460311, 53.449862], [-113.460092, 53.44991], [-113.459834, 53.449954], [-113.459949, 53.450321], [-113.459965, 53.450422], [-113.459969, 53.450867], [-113.459967, 53.451755], [-113.459969, 53.451817], [-113.459972, 53.452002], [-113.460112, 53.451994], [-113.46154, 53.451931], [-113.462362, 53.45191], [-113.463181, 53.451899], [-113.464342, 53.451913], [-113.465606, 53.451917], [-113.465799, 53.451983], [-113.46599, 53.452032], [-113.466083, 53.45208], [-113.466135, 53.452116], [-113.466224, 53.452213], [-113.466379, 53.452459], [-113.466364, 53.453293], [-113.466382, 53.455089], [-113.466347, 53.456518], [-113.466339, 53.457236], [-113.466339, 53.457321], [-113.466351, 53.457536], [-113.466332, 53.457943], [-113.466348, 53.458695], [-113.466348, 53.45877], [-113.466354, 53.458952], [-113.466372, 53.463305], [-113.466372, 53.464437], [-113.466354, 53.465169], [-113.466364, 53.465234], [-113.466367, 53.465306], [-113.466368, 53.465408], [-113.466365, 53.465477], [-113.466369, 53.46564], [-113.466361, 53.466079], [-113.466358, 53.468594], [-113.466367, 53.472658], [-113.466379, 53.473384], [-113.466377, 53.47398], [-113.466378, 53.474044], [-113.466379, 53.474107], [-113.466379, 53.474195], [-113.46638, 53.474262], [-113.466384, 53.474417], [-113.466385, 53.474842], [-113.466383, 53.479496], [-113.466392, 53.479677], [-113.466408, 53.480003], [-113.466415, 53.480085], [-113.466421, 53.480162], [-113.466476, 53.480926], [-113.466501, 53.481162], [-113.466542, 53.481674], [-113.466565, 53.481996], [-113.466585, 53.48221], [-113.466597, 53.482334], [-113.466617, 53.482474], [-113.466632, 53.482625], [-113.466692, 53.483252], [-113.466732, 53.483583], [-113.466787, 53.484204], [-113.466814, 53.48472], [-113.466986, 53.486654], [-113.466994, 53.486776], [-113.467147, 53.487146], [-113.467238, 53.488005], [-113.467239, 53.48801], [-113.467253, 53.488069], [-113.467276, 53.488118], [-113.467304, 53.488159], [-113.467357, 53.488187], [-113.467476, 53.488188], [-113.467795, 53.488189], [-113.468779, 53.488189], [-113.468997, 53.488192], [-113.469142, 53.488192], [-113.470338, 53.488174], [-113.471036, 53.488167], [-113.471248, 53.488146], [-113.471489, 53.488123], [-113.471657, 53.48812], [-113.47205, 53.488122], [-113.472268, 53.488123], [-113.473273, 53.48813], [-113.473435, 53.48813], [-113.473658, 53.488132], [-113.474507, 53.488134], [-113.474556, 53.488134], [-113.474717, 53.488134], [-113.475236, 53.488135], [-113.475823, 53.488138], [-113.476052, 53.488139], [-113.476384, 53.48814], [-113.476575, 53.48814], [-113.477241, 53.488142], [-113.47789, 53.488143], [-113.478654, 53.488147], [-113.479234, 53.488148], [-113.479395, 53.488148], [-113.479567, 53.488149], [-113.480077, 53.48815], [-113.480733, 53.488152], [-113.481746, 53.488154], [-113.481876, 53.488154], [-113.4821, 53.488203], [-113.483226, 53.488201], [-113.4833, 53.488202], [-113.484133, 53.488201], [-113.4843, 53.488201], [-113.484739, 53.488201], [-113.485327, 53.4882], [-113.485922, 53.488203], [-113.486119, 53.488204], [-113.486307, 53.488203], [-113.486821, 53.488203], [-113.48724, 53.488204], [-113.488073, 53.488204], [-113.488779, 53.488204], [-113.48973, 53.488205], [-113.490353, 53.488205], [-113.490787, 53.488207], [-113.49126, 53.488216], [-113.491578, 53.488236], [-113.491667, 53.488256], [-113.491748, 53.488283], [-113.491797, 53.488308], [-113.491852, 53.488348], [-113.491891, 53.488383], [-113.491939, 53.488486], [-113.491941, 53.488739], [-113.491943, 53.488799], [-113.491944, 53.488919], [-113.491942, 53.48904], [-113.49194, 53.489286], [-113.49194, 53.489498], [-113.491943, 53.489673], [-113.491941, 53.489895], [-113.491942, 53.489914], [-113.49194, 53.490004], [-113.491941, 53.490429], [-113.491939, 53.490461], [-113.491935, 53.491348], [-113.491935, 53.491403], [-113.491934, 53.491597], [-113.491936, 53.491669], [-113.491935, 53.492055], [-113.491935, 53.492229], [-113.491935, 53.492561], [-113.491939, 53.492661], [-113.491936, 53.492967], [-113.491938, 53.49325], [-113.491937, 53.493628], [-113.491934, 53.495136], [-113.491927, 53.496338], [-113.49193, 53.496445], [-113.491931, 53.496521], [-113.491933, 53.496908], [-113.49193, 53.497059], [-113.491926, 53.497217], [-113.491935, 53.497337], [-113.491937, 53.497482], [-113.491948, 53.497564], [-113.491959, 53.497652], [-113.491978, 53.497731], [-113.491993, 53.497789], [-113.491997, 53.497805], [-113.492049, 53.497949], [-113.492057, 53.497965], [-113.492138, 53.498125], [-113.492198, 53.49822], [-113.492244, 53.498287], [-113.4924, 53.498467], [-113.492596, 53.498654], [-113.492829, 53.498855], [-113.492913, 53.498927], [-113.493356, 53.499314], [-113.493502, 53.499442], [-113.493638, 53.499559], [-113.493732, 53.49964], [-113.493777, 53.499689], [-113.493804, 53.499718], [-113.493837, 53.499755], [-113.493889, 53.49982], [-113.493962, 53.49993], [-113.494027, 53.500027], [-113.494116, 53.500214], [-113.494203, 53.500398], [-113.494222, 53.500446], [-113.49434, 53.500751], [-113.494392, 53.500892], [-113.494501, 53.501228], [-113.494552, 53.501463], [-113.494573, 53.501593], [-113.494589, 53.501728], [-113.494591, 53.501852], [-113.494595, 53.502319], [-113.494596, 53.502538], [-113.494597, 53.502713], [-113.4946, 53.503458], [-113.4946, 53.503522], [-113.494614, 53.504365], [-113.494719, 53.505888], [-113.494759, 53.506353], [-113.494774, 53.506719], [-113.494749, 53.506994], [-113.494697, 53.507197], [-113.49462, 53.507381], [-113.494351, 53.507937], [-113.494281, 53.508074], [-113.49418, 53.508292], [-113.494114, 53.508488], [-113.494077, 53.508733], [-113.494071, 53.508979], [-113.49409, 53.50923], [-113.494401, 53.511133], [-113.4945, 53.511755], [-113.494556, 53.512078], [-113.494567, 53.512156], [-113.494583, 53.512353], [-113.494431, 53.513508], [-113.494333, 53.514237], [-113.494332, 53.514353], [-113.494344, 53.514472], [-113.494369, 53.514638], [-113.494433, 53.515027], [-113.494485, 53.515326], [-113.494516, 53.5155], [-113.494544, 53.515709], [-113.494615, 53.516136], [-113.494635, 53.516268], [-113.494765, 53.517076], [-113.494777, 53.517169], [-113.494784, 53.517227], [-113.494826, 53.517558], [-113.494883, 53.517963], [-113.494899, 53.518074], [-113.494916, 53.518195], [-113.494938, 53.518316], [-113.494983, 53.518599], [-113.495056, 53.519057], [-113.495063, 53.519096], [-113.495178, 53.519826], [-113.495191, 53.519909], [-113.4952, 53.519967], [-113.495264, 53.520373], [-113.495372, 53.520971], [-113.495422, 53.521281], [-113.49551, 53.521835], [-113.495783, 53.523514], [-113.49578, 53.523584], [-113.495777, 53.523597], [-113.495775, 53.523638], [-113.495753, 53.523661], [-113.495696, 53.523685], [-113.494801, 53.52385], [-113.494269, 53.523942], [-113.494223, 53.52395], [-113.494055, 53.523982], [-113.493923, 53.524019], [-113.493787, 53.524054], [-113.493597, 53.524123], [-113.493561, 53.524149], [-113.493535, 53.524177], [-113.493531, 53.524206], [-113.493547, 53.524243], [-113.493578, 53.524267], [-113.493614, 53.52428], [-113.493673, 53.524287], [-113.494002, 53.524217], [-113.494183, 53.52419], [-113.494968, 53.524131], [-113.495388, 53.524105], [-113.495709, 53.524094], [-113.497242, 53.524105], [-113.497489, 53.524106], [-113.497721, 53.524139], [-113.497904, 53.524199], [-113.498002, 53.524253], [-113.498105, 53.524307], [-113.498147, 53.524334], [-113.498222, 53.524382], [-113.498533, 53.52458], [-113.498641, 53.524644], [-113.498882, 53.524768], [-113.499022, 53.524816], [-113.499185, 53.524861], [-113.499351, 53.524893], [-113.499525, 53.524914], [-113.499726, 53.524923], [-113.500078, 53.524935], [-113.500263, 53.524942], [-113.500427, 53.524957], [-113.500583, 53.524977], [-113.500778, 53.525013], [-113.500961, 53.525059], [-113.501156, 53.525107], [-113.501315, 53.525156], [-113.501471, 53.525221], [-113.501611, 53.52529], [-113.501762, 53.525379], [-113.501902, 53.525465], [-113.502036, 53.525564], [-113.502197, 53.525706], [-113.502341, 53.525862], [-113.502414, 53.525978], [-113.502464, 53.526084], [-113.502503, 53.526202], [-113.502512, 53.526244], [-113.502531, 53.526332], [-113.502551, 53.52642], [-113.502556, 53.526518], [-113.502554, 53.526615], [-113.502512, 53.526834], [-113.502365, 53.527101], [-113.502281, 53.527264], [-113.501183, 53.529377], [-113.501139, 53.529505], [-113.501096, 53.529771], [-113.501098, 53.53009], [-113.5011, 53.530428], [-113.501096, 53.530513], [-113.500913, 53.530532], [-113.50035, 53.530591], [-113.49984, 53.530694], [-113.499411, 53.530844], [-113.498783, 53.531153], [-113.498451, 53.53134], [-113.498202, 53.531512], [-113.497932, 53.531759], [-113.497748, 53.531977], [-113.497482, 53.532386], [-113.497439, 53.53248], [-113.497413, 53.53258], [-113.497428, 53.532852], [-113.497427, 53.532879], [-113.497424, 53.533196], [-113.497422, 53.533398], [-113.497416, 53.53382], [-113.497407, 53.533891], [-113.497399, 53.534069], [-113.497392, 53.534175], [-113.49737, 53.534458], [-113.497343, 53.534797], [-113.497334, 53.534876], [-113.497282, 53.535019], [-113.497246, 53.535113], [-113.497188, 53.5352], [-113.496952, 53.535522], [-113.496494, 53.535832], [-113.496034, 53.536111], [-113.49588, 53.536219], [-113.495821, 53.536282], [-113.495767, 53.536346], [-113.495721, 53.536412], [-113.495679, 53.536487], [-113.495648, 53.536564], [-113.495628, 53.536642], [-113.495617, 53.536721], [-113.495624, 53.537179], [-113.495625, 53.537254], [-113.495626, 53.537316], [-113.495625, 53.537788], [-113.495624, 53.538087], [-113.495623, 53.538362], [-113.495606, 53.538443], [-113.495589, 53.538495], [-113.495566, 53.538543], [-113.495521, 53.538603], [-113.495416, 53.538701], [-113.495392, 53.538722], [-113.495316, 53.538792], [-113.495259, 53.538844], [-113.494894, 53.539146], [-113.49477, 53.539224], [-113.494622, 53.539283], [-113.494521, 53.539309], [-113.494436, 53.539327], [-113.494075, 53.539389], [-113.493982, 53.539412], [-113.493941, 53.539427], [-113.493853, 53.539465], [-113.49379, 53.539499], [-113.493753, 53.539581], [-113.493741, 53.539652], [-113.493743, 53.539675], [-113.493739, 53.540193], [-113.493739, 53.540362], [-113.493738, 53.540826], [-113.493738, 53.540943], [-113.493736, 53.541062], [-113.493735, 53.541098], [-113.493736, 53.541526], [-113.493736, 53.541957], [-113.493736, 53.541987], [-113.493736, 53.542045], [-113.493736, 53.54214], [-113.493737, 53.542178], [-113.493736, 53.542204], [-113.493747, 53.542631], [-113.493746, 53.543058], [-113.493746, 53.543116], [-113.493745, 53.543146], [-113.493745, 53.543209], [-113.493745, 53.543241], [-113.493745, 53.543281], [-113.493745, 53.543292], [-113.493744, 53.543452], [-113.493744, 53.543535], [-113.49374, 53.544215], [-113.493738, 53.544432], [-113.493738, 53.5445]]}}, {"type": "Feature", "properties": {"DAUID": "48112171", "mode": "transit", "period": "weekend", "speed_factor": 0.2, "transit_mins": 114.0}, "geometry": {"type": "LineString", "coordinates": [[-113.459508, 53.442805], [-113.45959237546244, 53.44180856596739], [-113.46009734070866, 53.441851365773935], [-113.45929977872042, 53.44221281560033], [-113.45932353382915, 53.442185205926165], [-113.460679405617, 53.44146495893173], [-113.46128521660536, 53.4416532743094], [-113.4620035581209, 53.44200272634334], [-113.46252612062034, 53.442328960754935], [-113.46263520997881, 53.44239880780835], [-113.4629756436066, 53.442635238115464], [-113.46361853479667, 53.44316809448484], [-113.46395326482642, 53.44374123090107], [-113.46405424009045, 53.44421902254966], [-113.46399404065963, 53.444912478904214], [-113.4637627037621, 53.445413877383594], [-113.46350126936403, 53.44574248549393], [-113.46312649998448, 53.4460685129076], [-113.4626679817233, 53.44636303584157], [-113.4625919315268, 53.44634522857117], [-113.46244410693399, 53.44648952422138], [-113.46233599873273, 53.446587489318055], [-113.46237384283724, 53.4464301285661], [-113.46234900802705, 53.446520513494654], [-113.46232375875928, 53.44661551961729], [-113.46230156643338, 53.446601277614896], [-113.46225244042034, 53.4465035156015], [-113.46227743215111, 53.4465961329098], [-113.4623057060122, 53.446654415548245], [-113.46258489292327, 53.44709068439944], [-113.46277470815266, 53.44749445792788], [-113.46285052394761, 53.447764278872], [-113.46288986170951, 53.447939118301335], [-113.46288040272476, 53.44882506716895], [-113.46270297455644, 53.449258956589674], [-113.46233723541943, 53.449851711213505], [-113.46178509668782, 53.45033511801921], [-113.46127645545111, 53.45060320460685], [-113.46086674185261, 53.45075105398782], [-113.46052509592141, 53.45083881264142], [-113.46026011535837, 53.450895767328674], [-113.46078824836253, 53.449654984845544], [-113.46093668354811, 53.450164535279484], [-113.4609649596035, 53.45041301159906], [-113.4609689974637, 53.450869252246534], [-113.46096648011435, 53.45172275870607], [-113.46096886854309, 53.45180078591556], [-113.45991495020945, 53.451003628665575], [-113.46006792522493, 53.45099497176506], [-113.46151446088771, 53.450931326176324], [-113.46234857019783, 53.45091009018386], [-113.46319305769359, 53.45089907269663], [-113.46434516454111, 53.45091300500717], [-113.46592957217808, 53.45097079650943], [-113.46604749736166, 53.45101436742711], [-113.4664486429198, 53.45114337934296], [-113.46665220997879, 53.45125780780833], [-113.46687183874283, 53.45143993146276], [-113.46707006049446, 53.45167991310305], [-113.46737883829812, 53.4524769827032], [-113.46736394978082, 53.4532829782316], [-113.46738170018988, 53.455113485309056], [-113.46734693793302, 53.45652914136972], [-113.46733900000001, 53.457236], [-113.46733744603105, 53.45726527277967], [-113.46734991212436, 53.45758263226135], [-113.46733177373005, 53.45792172821851], [-113.467348, 53.458695], [-113.46734745702992, 53.45873705086715], [-113.46735399145066, 53.45894786495609], [-113.46737200000001, 53.463305], [-113.46737169779897, 53.464461582732774], [-113.46734237169764, 53.4650169428157], [-113.46736313307309, 53.465192369455195], [-113.46736695194502, 53.46529619654958], [-113.46736705615835, 53.46545143722437], [-113.46736469903313, 53.465452467508364], [-113.46736883399821, 53.46565822020952], [-113.46736099928857, 53.4660801928421], [-113.46735799754785, 53.468591785438505], [-113.4673668634253, 53.47264147333182], [-113.46737899436967, 53.47338735568582], [-113.46737687795202, 53.473964376906814], [-113.46737787404749, 53.47402812898341], [-113.46737900000001, 53.474107], [-113.46737888863522, 53.474180076289066], [-113.46737966717976, 53.47423620213727], [-113.46738399723185, 53.474414647065345], [-113.46738499990767, 53.474842429737826], [-113.46738176606166, 53.479446337599114], [-113.46739079776039, 53.47962797925102], [-113.46740437612979, 53.479917943501164], [-113.46741197783057, 53.48000731341581], [-113.4674184187824, 53.48009019629184], [-113.46747043596874, 53.48082065720673], [-113.46749780908509, 53.48108217739746], [-113.46753945869983, 53.48160275295002], [-113.46756066120828, 53.481902947550665], [-113.46758035001355, 53.48211367580516], [-113.46758694949365, 53.48219257864372], [-113.4676121022246, 53.48237514878561], [-113.46762745255823, 53.482529741382], [-113.46768477714654, 53.48313202693094], [-113.46772810088233, 53.483494778504785], [-113.46778563382153, 53.48415174590468], [-113.46781006860218, 53.484631414788225], [-113.46798385694906, 53.48658856675749], [-113.46791810808855, 53.486393868817444], [-113.46814143545484, 53.48704065235578], [-113.46821858067526, 53.48780888386272], [-113.46821198287543, 53.48777912270764], [-113.46815823694408, 53.487644092862986], [-113.46810180098188, 53.48755403835386], [-113.46777112103304, 53.4872748066159], [-113.46736540306463, 53.48718703530638], [-113.46747913478083, 53.48718800491344], [-113.467795, 53.487189], [-113.46879276016502, 53.48718909467555], [-113.468997, 53.487192], [-113.46912695153698, 53.48719211323453], [-113.47032797185096, 53.48717405028315], [-113.47093742583095, 53.487171870293274], [-113.47115299598156, 53.487150523111026], [-113.47147114570359, 53.48712315940065], [-113.4716620889926, 53.487120012949006], [-113.47205458710772, 53.48712201052083], [-113.47227496500518, 53.48712302425594], [-113.473273, 53.48713], [-113.47344396824919, 53.487130040215554], [-113.47366035570607, 53.48713200277468], [-113.474507, 53.487134000000005], [-113.474556, 53.487134000000005], [-113.47471892677869, 53.48713400185624], [-113.47524111066579, 53.487135013059536], [-113.47582736677059, 53.48713800953439], [-113.47605501203454, 53.48713900453618], [-113.476384, 53.487140000000004], [-113.47657800298946, 53.48714000450899], [-113.47724254083022, 53.48714200118708], [-113.47789523553034, 53.487143013705484], [-113.47865572413538, 53.48714700148632], [-113.479234, 53.487148000000005], [-113.47940081385521, 53.487148016900605], [-113.47956896078054, 53.48714900192233], [-113.48008004876631, 53.487150004647496], [-113.48073497432982, 53.48715200194899], [-113.481746, 53.487154000000004], [-113.48208969687879, 53.4871770999826], [-113.48209822380387, 53.487203001577434], [-113.48323951227987, 53.48720109129502], [-113.48329879952067, 53.48720200072058], [-113.484133, 53.487201], [-113.4843, 53.487201], [-113.48473729932219, 53.48720100144615], [-113.48533204195272, 53.48720001271072], [-113.48592707607676, 53.487203012883356], [-113.4861136809263, 53.48720401414638], [-113.486307, 53.487203], [-113.48682338662806, 53.487203002848], [-113.48724, 53.487204000000006], [-113.488073, 53.487204000000006], [-113.48878005152412, 53.48720400055286], [-113.48973, 53.487205], [-113.490357608246, 53.48720501061802], [-113.49080602404067, 53.48720718097344], [-113.49132276906151, 53.48721797192178], [-113.49179725132905, 53.487260331585674], [-113.49198322776607, 53.487307316701965], [-113.49220247034167, 53.48739223813028], [-113.49238517169775, 53.487499263915744], [-113.49251990974173, 53.48760375771627], [-113.49279740783138, 53.487960596350376], [-113.49293896875587, 53.48847809510867], [-113.49294044490698, 53.48870568516961], [-113.4929429652796, 53.48879066695603], [-113.4929438634253, 53.488935526668264], [-113.49294196695253, 53.4890481298126], [-113.49294, 53.489286], [-113.4929398530936, 53.489480859661214], [-113.49294295942136, 53.48968200864348], [-113.49293961782934, 53.48984244116701], [-113.49294175317783, 53.48993621673723], [-113.49293999723184, 53.49000164706534], [-113.49293905257849, 53.49049137828599], [-113.49293898983198, 53.49046550953702], [-113.492935, 53.491348], [-113.49293498671511, 53.491408154570685], [-113.49293361442065, 53.49156923293283], [-113.49293599664422, 53.49167159066488], [-113.492935, 53.492055], [-113.492935, 53.492229], [-113.49293420095871, 53.49252103196161], [-113.49293895194502, 53.49267080345046], [-113.49293597502871, 53.492959933038634], [-113.49293799650069, 53.49325264549342], [-113.49293699802116, 53.49362998938598], [-113.49293398304312, 53.495141823528535], [-113.49292660718416, 53.496309973630424], [-113.49292991344613, 53.49643184324417], [-113.49293098664636, 53.49651583211033], [-113.49293280269865, 53.496927863629814], [-113.4929296796925, 53.49708430834658], [-113.4929231993099, 53.49714221005183], [-113.49293490488871, 53.49732320820847], [-113.49292812202245, 53.49734904460673], [-113.49294027787671, 53.49743996526541], [-113.4929312754754, 53.49741816159442], [-113.49294614691165, 53.49748061717816], [-113.49296314250009, 53.49754646437476], [-113.4929375538997, 53.49746535553624], [-113.49294342719084, 53.49750178640418], [-113.49294918560257, 53.49751333103873], [-113.49298348890301, 53.49759100700859], [-113.49302240077566, 53.4976539934973], [-113.49299968908278, 53.497632069461574], [-113.4930903001333, 53.49774347686563], [-113.49324919672583, 53.49789681175565], [-113.49347979137346, 53.49809574339764], [-113.49357090262504, 53.498173896995105], [-113.49401523353937, 53.498562061744174], [-113.49415416742876, 53.49868392504007], [-113.49429078018649, 53.49880145262318], [-113.49446852988841, 53.4989635950004], [-113.49450889397444, 53.4990075814721], [-113.49455029543444, 53.499052385153014], [-113.49461786880946, 53.499130304952466], [-113.49472221379217, 53.49926704902882], [-113.49479273037315, 53.499373325007646], [-113.49492994975274, 53.499597253860976], [-113.49502003774737, 53.499786547369474], [-113.4951328066131, 53.500029951549074], [-113.49515463449663, 53.50008517747343], [-113.49527822945937, 53.5004049862986], [-113.49534320036341, 53.5005834260726], [-113.4954782513664, 53.501015915660915], [-113.49553920258339, 53.50130352881342], [-113.49556604981532, 53.50147530520706], [-113.49558886995254, 53.501711873065325], [-113.49559096331974, 53.50184343500368], [-113.49559498957503, 53.50231443383757], [-113.49559598367387, 53.5025322858076], [-113.49559699189236, 53.502708973187005], [-113.49560000000001, 53.503458], [-113.49559986212641, 53.50350539493503], [-113.49561163187857, 53.50429622038919], [-113.49571532055784, 53.50580229500578], [-113.49575816122848, 53.50631205076931], [-113.49576989320647, 53.506809535746065], [-113.49571772271648, 53.50724214572046], [-113.49561948251213, 53.507583038877364], [-113.49552017972717, 53.50781651860902], [-113.49524149321003, 53.50839199653063], [-113.49518834932987, 53.50849437744183], [-113.49512771180916, 53.50861112744596], [-113.49510278784582, 53.50863732714403], [-113.49507670269065, 53.50875738299245], [-113.49506814722025, 53.50890351873634], [-113.4950769076221, 53.50906871346796], [-113.49538856910571, 53.51097581456355], [-113.49548530117528, 53.51158417379005], [-113.49554620179615, 53.51193835615694], [-113.49556371802402, 53.5120750482823], [-113.49557445137359, 53.512483476717556], [-113.49542208484297, 53.51364123225599], [-113.49533296284392, 53.51424562036932], [-113.4953269540641, 53.514252668497754], [-113.49533284879367, 53.51432307698885], [-113.49535573456247, 53.51447565806686], [-113.49541821175482, 53.51485565882526], [-113.49546949743618, 53.51515060103145], [-113.49550714487071, 53.515367215041245], [-113.4955304562906, 53.515544975651935], [-113.49560371550422, 53.515986194620524], [-113.49562230300893, 53.51610915174361], [-113.49575677786663, 53.51694802866239], [-113.49576979561301, 53.51704917983986], [-113.49577604561516, 53.51710112110017], [-113.49581624076781, 53.51741863278083], [-113.49587277036954, 53.517820330397164], [-113.4958892742048, 53.51793487056627], [-113.4958998699101, 53.51801611456179], [-113.49592559260965, 53.51815896230589], [-113.49597053464257, 53.51844159819016], [-113.49604027120702, 53.51888033593729], [-113.49605081776268, 53.51894038487301], [-113.49616595523166, 53.519671260023834], [-113.49617917390339, 53.51975566267031], [-113.49618780238795, 53.51981128730828], [-113.4962480798672, 53.520195273201246], [-113.49635924112071, 53.52081176756117], [-113.49640961799756, 53.52112412205095], [-113.4964970376061, 53.521674510859754], [-113.49678208289582, 53.52355681783848], [-113.49675439119582, 53.52380885950611], [-113.49677581235112, 53.523645722553944], [-113.4964976418571, 53.524329222646], [-113.4961410570001, 53.52458263537511], [-113.49587730226173, 53.52466842741973], [-113.49497140309838, 53.52483537443851], [-113.49444034117478, 53.524927211754814], [-113.49441011210787, 53.52493233856642], [-113.4943249004864, 53.52494488822167], [-113.49417223187099, 53.524987443841674], [-113.4941283458249, 53.524993937778696], [-113.49418249055387, 53.524933679228376], [-113.49429379349156, 53.52482945109944], [-113.49452562112928, 53.52431363739681], [-113.49444885703593, 53.523809088849255], [-113.49415917319314, 53.523452276292495], [-113.49391764446372, 53.52332644610029], [-113.49373181773991, 53.523286964763884], [-113.49346489235553, 53.523308894071015], [-113.49385446121916, 53.52322794372852], [-113.49410805215308, 53.52319281254508], [-113.49490621351397, 53.523132910610144], [-113.49535375218976, 53.52310558662832], [-113.49571617528822, 53.52309402574271], [-113.49724604854984, 53.52310500819541], [-113.49762982389575, 53.523115965338796], [-113.49803255066918, 53.52318877045903], [-113.49838660475366, 53.52332316174339], [-113.49846632826683, 53.5233673368244], [-113.49864575759128, 53.5234658215246], [-113.49868605369645, 53.52349172859935], [-113.49875905098743, 53.523538450216705], [-113.49904280239026, 53.52371970846635], [-113.49909851474085, 53.52375479796339], [-113.49920632432432, 53.52382205405405], [-113.49928811849418, 53.523852059676614], [-113.49937428616224, 53.523879078033254], [-113.49947082016021, 53.52390020438699], [-113.49956973130095, 53.52391500094559], [-113.49976007111627, 53.52392358058903], [-113.50011581078066, 53.52393571508324], [-113.50035408322717, 53.523946156716285], [-113.50055416431599, 53.52396511833531], [-113.50076454747948, 53.52399361781961], [-113.50102178239342, 53.524043170043434], [-113.50120001904713, 53.524087985121064], [-113.5014505081705, 53.52415135103856], [-113.50169961538464, 53.52423292307693], [-113.50191308067922, 53.52432402470878], [-113.50211876792572, 53.524428506103554], [-113.50228541810586, 53.52452692401368], [-113.50249622228073, 53.52466069913521], [-113.50269746755743, 53.524814026220135], [-113.5029318034446, 53.525027719897246], [-113.50318735465956, 53.52532938025737], [-113.5033184315925, 53.52555138132426], [-113.50341348487508, 53.5257701872023], [-113.50348080241412, 53.52599247091146], [-113.50348947613413, 53.52603295401639], [-113.50350613285582, 53.526110378896504], [-113.50354970099448, 53.52636904586761], [-113.5035557875053, 53.526538614175315], [-113.50353610227923, 53.52680334838235], [-113.50338800801406, 53.52731629654706], [-113.50325390726952, 53.52755908718185], [-113.503168347404, 53.52772510149058], [-113.5021286865993, 53.52970207976852], [-113.50212618459993, 53.52966458247289], [-113.5020959803467, 53.52976473053076], [-113.50209798249406, 53.53008408294384], [-113.50209889456923, 53.530475006803144], [-113.50119927002079, 53.53150765335811], [-113.50101722499276, 53.53152655374459], [-113.50054796384363, 53.531571209322856], [-113.50017005637184, 53.53163796122346], [-113.49985248939304, 53.53174126646869], [-113.49927375955855, 53.53202429504515], [-113.49901935053356, 53.53216278652822], [-113.49887698181094, 53.532249834368216], [-113.49869618349038, 53.53240399890933], [-113.49858630310341, 53.53252220446332], [-113.49839136993207, 53.53280198837324], [-113.49840682250678, 53.5327316338518], [-113.4984114828605, 53.53252493660694], [-113.49842731483378, 53.53288901166041], [-113.49842695522199, 53.532888463298654], [-113.4984239509888, 53.53320590050481], [-113.49842189893943, 53.53341221657259], [-113.49840806142193, 53.533945754264835], [-113.49840599155401, 53.53393589849677], [-113.49839682661472, 53.53413489421038], [-113.49838899198842, 53.534252504677546], [-113.49836684326655, 53.53453739459646], [-113.4983365731472, 53.5349101918776], [-113.4982737934235, 53.535217743063065], [-113.49821585675171, 53.535376647266546], [-113.4980780502943, 53.53566770019629], [-113.49799456423501, 53.53579114645798], [-113.49751252825837, 53.53635013529786], [-113.49701259004812, 53.5366870230184], [-113.4966081757432, 53.53692973207822], [-113.49660989840244, 53.536902555646684], [-113.49658529148348, 53.53692687093924], [-113.49658739816677, 53.53691779266169], [-113.49659350601593, 53.536900603368984], [-113.49660664351796, 53.53686046687079], [-113.49661666386604, 53.53681237535034], [-113.49661844476051, 53.536779910029956], [-113.49661688322253, 53.53670571794199], [-113.49662391112297, 53.53716566785173], [-113.49662486995254, 53.53723787306532], [-113.49662599775569, 53.537318118639305], [-113.49662499440727, 53.53779134446289], [-113.4966239933885, 53.53809063633963], [-113.49660167779119, 53.53856740151173], [-113.49655649532517, 53.53875373885632], [-113.49649081602873, 53.53892712018041], [-113.49636600000002, 53.53914299999997], [-113.4962033182504, 53.53933405526821], [-113.49607450460765, 53.5394535766949], [-113.49606947575478, 53.53945754510512], [-113.49598996198752, 53.5395307660248], [-113.49589648130906, 53.539614465820534], [-113.49542645111872, 53.53999246075289], [-113.49514030828419, 53.540152908916234], [-113.49487129799392, 53.54025142682234], [-113.49472817044185, 53.54028730486456], [-113.49460526691227, 53.54031257024732], [-113.49431507879872, 53.5403597534035], [-113.4943255815314, 53.54035112285207], [-113.49433743601625, 53.54034506235356], [-113.49432793260114, 53.540345022172666], [-113.49470150505643, 53.53991028886699], [-113.49473901601385, 53.53974765059387], [-113.49473724058822, 53.53956537038387], [-113.49474297018662, 53.53968272177749], [-113.49473900000001, 53.540193], [-113.49473899767763, 53.54036415516744], [-113.494738, 53.540826], [-113.49473785879694, 53.540959804349484], [-113.49473561442065, 53.54108976706716], [-113.49473499727051, 53.54109566355778], [-113.494736, 53.541526], [-113.494736, 53.541957], [-113.494736, 53.541987], [-113.494736, 53.542045], [-113.49473565391935, 53.54211369331798], [-113.49473626117464, 53.54221643312201], [-113.4947356683473, 53.54217824741962], [-113.49474699725772, 53.54263334191395], [-113.494746, 53.543058], [-113.49474544490698, 53.543149314830146], [-113.49474500000001, 53.543146], [-113.49474500000001, 53.543209], [-113.49474500000001, 53.543241], [-113.49474500000001, 53.543281], [-113.49474498046932, 53.54329824987792], [-113.49474400000001, 53.543452], [-113.49474398269942, 53.54354088225118], [-113.49473995752994, 53.54422421619848], [-113.494738, 53.544432], [-113.494738, 53.5445]]}}, {"type": "Feature", "properties": {"DAUID": "48111205", "mode": "car", "period": "weekend", "speed_factor": 1.0, "transit_mins": 115.0}, "geometry": {"type": "LineString", "coordinates": [[-113.599547, 53.477027], [-113.599339, 53.477028], [-113.59791, 53.477023], [-113.597886, 53.476347], [-113.597891, 53.476297], [-113.597902, 53.476268], [-113.597929, 53.476243], [-113.597969, 53.476229], [-113.598021, 53.47622], [-113.599158, 53.476215], [-113.599147, 53.47596], [-113.599129, 53.47587], [-113.599109, 53.475806], [-113.599065, 53.475737], [-113.598738, 53.475396], [-113.598666, 53.475324], [-113.59859, 53.475264], [-113.598495, 53.4752], [-113.597973, 53.474923], [-113.59848, 53.474577], [-113.598572, 53.474513], [-113.59848, 53.474464], [-113.595863, 53.473057], [-113.595806, 53.473027], [-113.595736, 53.472935], [-113.595552, 53.472814], [-113.595147, 53.472595], [-113.594295, 53.472149], [-113.594205, 53.472106], [-113.594048, 53.472025], [-113.593972, 53.471982], [-113.593539, 53.471761], [-113.592901, 53.471454], [-113.592247, 53.471152], [-113.591522, 53.470915], [-113.590811, 53.470693], [-113.590176, 53.47052], [-113.589951, 53.470462], [-113.589248, 53.47028], [-113.589109, 53.470245], [-113.58891, 53.470196], [-113.587838, 53.469928], [-113.587591, 53.469866], [-113.586672, 53.469632], [-113.586552, 53.469603], [-113.585752, 53.469404], [-113.585438, 53.469326], [-113.584684, 53.469151], [-113.584591, 53.46913], [-113.583801, 53.468949], [-113.583474, 53.46887], [-113.582546, 53.46865], [-113.582332, 53.468597], [-113.580962, 53.468271], [-113.580854, 53.468402], [-113.580785, 53.468489], [-113.580564, 53.46879], [-113.58017, 53.469385], [-113.579846, 53.469974], [-113.579597, 53.470418], [-113.579246, 53.470979], [-113.578743, 53.471725], [-113.578018, 53.472666], [-113.577028, 53.473909], [-113.576817, 53.474134], [-113.576589, 53.474363], [-113.576328, 53.474601], [-113.576062, 53.474827], [-113.575851, 53.475009], [-113.575367, 53.475414], [-113.574995, 53.475772], [-113.574939, 53.475831], [-113.574753, 53.476026], [-113.574676, 53.476112], [-113.57461, 53.476186], [-113.574535, 53.476276], [-113.574457, 53.47636], [-113.574363, 53.476467], [-113.574206, 53.476646], [-113.573964, 53.476949], [-113.573745, 53.477234], [-113.57318, 53.478144], [-113.572923, 53.478578], [-113.572639, 53.479078], [-113.572327, 53.479559], [-113.571812, 53.480214], [-113.571271, 53.480824], [-113.570818, 53.48135], [-113.570583, 53.481644], [-113.570365, 53.481957], [-113.570213, 53.482276], [-113.570169, 53.482439], [-113.570123, 53.482619], [-113.570094, 53.482745], [-113.570071, 53.482903], [-113.570083, 53.483106], [-113.57012, 53.483317], [-113.57019, 53.483532], [-113.570265, 53.483697], [-113.570355, 53.483857], [-113.570461, 53.484018], [-113.570602, 53.484221], [-113.570762, 53.484436], [-113.571162, 53.484979], [-113.571347, 53.485257], [-113.571456, 53.485446], [-113.571581, 53.485708], [-113.571661, 53.485891], [-113.571734, 53.486101], [-113.571795, 53.486314], [-113.571837, 53.48653], [-113.571863, 53.48673], [-113.571884, 53.486974], [-113.571903, 53.487929], [-113.571911, 53.488554], [-113.57188, 53.488662], [-113.571796, 53.488756], [-113.571831, 53.489842], [-113.571839, 53.490262], [-113.571848, 53.491739], [-113.571845, 53.491908], [-113.571836, 53.49267], [-113.571829, 53.493647], [-113.571803, 53.495935], [-113.571787, 53.497047], [-113.57176, 53.497453], [-113.571714, 53.497823], [-113.571669, 53.498052], [-113.571618, 53.498233], [-113.571555, 53.498413], [-113.571491, 53.498573], [-113.571406, 53.498754], [-113.571306, 53.498933], [-113.570933, 53.499233], [-113.570619, 53.499519], [-113.570406, 53.499694], [-113.570111, 53.499909], [-113.569684, 53.500175], [-113.569287, 53.500409], [-113.568497, 53.500878], [-113.567972, 53.501195], [-113.567768, 53.501341], [-113.567514, 53.50155], [-113.567371, 53.501687], [-113.567221, 53.50182], [-113.567025, 53.502035], [-113.566889, 53.502184], [-113.566679, 53.502364], [-113.566505, 53.502531], [-113.56628, 53.502666], [-113.566155, 53.502734], [-113.566022, 53.502796], [-113.565882, 53.502852], [-113.565737, 53.502904], [-113.565586, 53.502949], [-113.565429, 53.502986], [-113.565254, 53.503019], [-113.565135, 53.503037], [-113.565014, 53.50305], [-113.564892, 53.503059], [-113.56477, 53.503064], [-113.564647, 53.503064], [-113.564525, 53.503061], [-113.564353, 53.503054], [-113.564229, 53.503049], [-113.563967, 53.503038], [-113.562557, 53.502957], [-113.562411, 53.502949], [-113.562397, 53.503183], [-113.562222, 53.503172], [-113.561549, 53.503126], [-113.561211, 53.503109], [-113.560851, 53.503094], [-113.560214, 53.503063], [-113.559389, 53.503038], [-113.558519, 53.503024], [-113.557923, 53.503027], [-113.557371, 53.503036], [-113.556785, 53.503065], [-113.556032, 53.503107], [-113.555877, 53.503116], [-113.55518, 53.503166], [-113.554658, 53.503215], [-113.553868, 53.503299], [-113.553422, 53.503355], [-113.55298, 53.503416], [-113.55254, 53.503485], [-113.552062, 53.503572], [-113.551305, 53.50373], [-113.55045, 53.503935], [-113.549629, 53.504166], [-113.549053, 53.504349], [-113.548481, 53.504539], [-113.547823, 53.504785], [-113.54724, 53.505026], [-113.546301, 53.505395], [-113.546038, 53.505485], [-113.545725, 53.505571], [-113.545508, 53.505623], [-113.545273, 53.505661], [-113.545023, 53.505688], [-113.544784, 53.505701], [-113.54456, 53.505701], [-113.544326, 53.505688], [-113.544086, 53.505661], [-113.543854, 53.505622], [-113.543629, 53.505575], [-113.543291, 53.505487], [-113.542964, 53.50538], [-113.54259, 53.505245], [-113.541731, 53.504911], [-113.540274, 53.504351], [-113.539027, 53.503878], [-113.538954, 53.503855], [-113.538904, 53.503837], [-113.538808, 53.503815], [-113.538073, 53.504131], [-113.537728, 53.504271], [-113.537307, 53.504422], [-113.536944, 53.504533], [-113.536564, 53.504633], [-113.536194, 53.504723], [-113.535813, 53.504805], [-113.535251, 53.504923], [-113.534705, 53.505062], [-113.534527, 53.505119], [-113.534346, 53.50518], [-113.534099, 53.505278], [-113.533893, 53.505385], [-113.533573, 53.505564], [-113.533343, 53.505705], [-113.533163, 53.505844], [-113.532845, 53.506086], [-113.532412, 53.506417], [-113.531895, 53.506803], [-113.531725, 53.50692], [-113.531521, 53.507031], [-113.531348, 53.507097], [-113.531101, 53.507175], [-113.530883, 53.507232], [-113.530577, 53.507272], [-113.530303, 53.507303], [-113.529805, 53.507316], [-113.529107, 53.507333], [-113.528727, 53.507347], [-113.528421, 53.507361], [-113.528133, 53.50739], [-113.527846, 53.507422], [-113.527286, 53.507483], [-113.526589, 53.507567], [-113.526332, 53.507607], [-113.526076, 53.507659], [-113.525761, 53.507737], [-113.525282, 53.507884], [-113.52473, 53.508028], [-113.524597, 53.508066], [-113.52443, 53.508116], [-113.524312, 53.508141], [-113.524259, 53.508156], [-113.523881, 53.508282], [-113.523638, 53.508343], [-113.523328, 53.508402], [-113.522945, 53.508442], [-113.522842, 53.508456], [-113.52268, 53.508477], [-113.519942, 53.508478], [-113.519838, 53.508478], [-113.516737, 53.508478], [-113.516615, 53.508478], [-113.512267, 53.508478], [-113.512041, 53.508479], [-113.512042, 53.508558], [-113.512047, 53.508963], [-113.512053, 53.509428], [-113.512058, 53.509907], [-113.512063, 53.510318], [-113.512063, 53.510375], [-113.512056, 53.510864], [-113.512061, 53.511326], [-113.512055, 53.511796], [-113.512057, 53.511851], [-113.512067, 53.512182], [-113.512068, 53.51221], [-113.51207, 53.512264], [-113.512069, 53.512315], [-113.512069, 53.512349], [-113.512068, 53.512745], [-113.512069, 53.512933], [-113.512066, 53.513242], [-113.512065, 53.513698], [-113.51206, 53.514013], [-113.512059, 53.514082], [-113.512058, 53.514256], [-113.512057, 53.514311], [-113.512053, 53.514742], [-113.512045, 53.515211], [-113.512046, 53.515691], [-113.51205, 53.516159], [-113.512051, 53.516222], [-113.512056, 53.516634], [-113.512051, 53.517099], [-113.512057, 53.517576], [-113.512057, 53.517653], [-113.512058, 53.517868], [-113.512058, 53.517984], [-113.512059, 53.518055], [-113.512059, 53.518119], [-113.512059, 53.518159], [-113.512059, 53.518229], [-113.512061, 53.518628], [-113.512062, 53.518649], [-113.512058, 53.518774], [-113.511995, 53.51903], [-113.511994, 53.519094], [-113.511994, 53.519127], [-113.511993, 53.519165], [-113.51199, 53.519577], [-113.511999, 53.520053], [-113.511999, 53.520117], [-113.511996, 53.520541], [-113.511995, 53.520636], [-113.511995, 53.520915], [-113.511996, 53.520997], [-113.511996, 53.521079], [-113.511996, 53.521213], [-113.511997, 53.521479], [-113.511994, 53.521871], [-113.511994, 53.521949], [-113.511992, 53.522028], [-113.511992, 53.522563], [-113.511987, 53.522769], [-113.511989, 53.522891], [-113.511989, 53.523337], [-113.511987, 53.52375], [-113.511963, 53.523816], [-113.511928, 53.523856], [-113.511911, 53.523873], [-113.511886, 53.523893], [-113.511755, 53.523935], [-113.511685, 53.523951], [-113.51161, 53.523962], [-113.511496, 53.523973], [-113.511362, 53.523984], [-113.510882, 53.524021], [-113.50682, 53.524327], [-113.506543, 53.524351], [-113.506323, 53.524377], [-113.506031, 53.524426], [-113.505768, 53.524482], [-113.505559, 53.524536], [-113.50532, 53.524605], [-113.5051, 53.524678], [-113.50488, 53.524769], [-113.504671, 53.524863], [-113.504457, 53.524971], [-113.504282, 53.525081], [-113.504124, 53.525184], [-113.503976, 53.525289], [-113.503837, 53.525392], [-113.503711, 53.525496], [-113.50355, 53.525641], [-113.503418, 53.525764], [-113.503244, 53.525927], [-113.503099, 53.52607], [-113.502968, 53.526224], [-113.502926, 53.526268], [-113.502868, 53.526334], [-113.502752, 53.526469], [-113.50269, 53.526552], [-113.502621, 53.526658], [-113.502512, 53.526834], [-113.502365, 53.527101], [-113.502281, 53.527264], [-113.501183, 53.529377], [-113.501139, 53.529505], [-113.501096, 53.529771], [-113.501098, 53.53009], [-113.5011, 53.530428], [-113.501096, 53.530513], [-113.500913, 53.530532], [-113.50035, 53.530591], [-113.49984, 53.530694], [-113.499411, 53.530844], [-113.498783, 53.531153], [-113.498451, 53.53134], [-113.498202, 53.531512], [-113.497932, 53.531759], [-113.497748, 53.531977], [-113.497482, 53.532386], [-113.497439, 53.53248], [-113.497413, 53.53258], [-113.497428, 53.532852], [-113.497427, 53.532879], [-113.497424, 53.533196], [-113.497422, 53.533398], [-113.497416, 53.53382], [-113.497407, 53.533891], [-113.497399, 53.534069], [-113.497392, 53.534175], [-113.49737, 53.534458], [-113.497343, 53.534797], [-113.497334, 53.534876], [-113.497282, 53.535019], [-113.497246, 53.535113], [-113.497188, 53.5352], [-113.496952, 53.535522], [-113.496494, 53.535832], [-113.496034, 53.536111], [-113.49588, 53.536219], [-113.495821, 53.536282], [-113.495767, 53.536346], [-113.495721, 53.536412], [-113.495679, 53.536487], [-113.495648, 53.536564], [-113.495628, 53.536642], [-113.495617, 53.536721], [-113.495624, 53.537179], [-113.495625, 53.537254], [-113.495626, 53.537316], [-113.495625, 53.537788], [-113.495624, 53.538087], [-113.495623, 53.538362], [-113.495606, 53.538443], [-113.495589, 53.538495], [-113.495566, 53.538543], [-113.495521, 53.538603], [-113.495416, 53.538701], [-113.495392, 53.538722], [-113.495316, 53.538792], [-113.495259, 53.538844], [-113.494894, 53.539146], [-113.49477, 53.539224], [-113.494622, 53.539283], [-113.494521, 53.539309], [-113.494436, 53.539327], [-113.494075, 53.539389], [-113.493982, 53.539412], [-113.493941, 53.539427], [-113.493853, 53.539465], [-113.49379, 53.539499], [-113.493753, 53.539581], [-113.493741, 53.539652], [-113.493743, 53.539675], [-113.493739, 53.540193], [-113.493739, 53.540362], [-113.493738, 53.540826], [-113.493738, 53.540943], [-113.493736, 53.541062], [-113.493735, 53.541098], [-113.493736, 53.541526], [-113.493736, 53.541957], [-113.493736, 53.541987], [-113.493736, 53.542045], [-113.493736, 53.54214], [-113.493737, 53.542178], [-113.493736, 53.542204], [-113.493747, 53.542631], [-113.493746, 53.543058], [-113.493746, 53.543116], [-113.493745, 53.543146], [-113.493745, 53.543209], [-113.493745, 53.543241], [-113.493745, 53.543281], [-113.493745, 53.543292], [-113.493744, 53.543452], [-113.493744, 53.543535], [-113.49374, 53.544215], [-113.493738, 53.544432], [-113.493738, 53.5445]]}}, {"type": "Feature", "properties": {"DAUID": "48111205", "mode": "transit", "period": "weekend", "speed_factor": 0.2, "transit_mins": 115.0}, "geometry": {"type": "LineString", "coordinates": [[-113.59955180763673, 53.47802698844325], [-113.59933550107111, 53.478027993878726], [-113.59691062963488, 53.477058480604676], [-113.5968909628098, 53.47624749628093], [-113.59695600247368, 53.475942345765915], [-113.59722259196835, 53.47553423932613], [-113.59759864957536, 53.475299141643596], [-113.59779845856632, 53.47524364949414], [-113.59801660250515, 53.47522000966902], [-113.5981589291149, 53.47625809717544], [-113.5981664193243, 53.47615611613511], [-113.598174520022, 53.47616827499321], [-113.59826584204613, 53.476343665941656], [-113.59834323211334, 53.47642913518751], [-113.5980308932188, 53.47610310678119], [-113.59804635571139, 53.476108882765516], [-113.59803127705577, 53.476093354370335], [-113.59802625724551, 53.47608333472145], [-113.59740930936071, 53.47409701400545], [-113.59790893551187, 53.47375609479816], [-113.5981019097814, 53.47539561836962], [-113.59800646223354, 53.475344773514436], [-113.59539725356721, 53.4739419182224], [-113.59501017130584, 53.47363252183244], [-113.59518655030935, 53.47377052680234], [-113.59507634668837, 53.47369363283656], [-113.5946832261554, 53.47348095362241], [-113.59386389928794, 53.47305130381583], [-113.59374650127268, 53.472994695064145], [-113.59355556543248, 53.47289534946815], [-113.5935173964255, 53.47287269388123], [-113.5931053967234, 53.47266210387777], [-113.59248176576693, 53.472361878107364], [-113.5919362839216, 53.47210250277149], [-113.59122395434751, 53.47186955161674], [-113.59054813973677, 53.47165783391421], [-113.58992638231459, 53.47148834446925], [-113.5897003723898, 53.47143008357129], [-113.58900382319742, 53.47124973073019], [-113.58886991017468, 53.471215997453875], [-113.58866746437496, 53.471166142500145], [-113.58759454054014, 53.47089791107397], [-113.58734424869633, 53.470835078837936], [-113.58643709553795, 53.47060401846367], [-113.58631060622201, 53.47057342724815], [-113.58551091913243, 53.470374505031046], [-113.58521191407365, 53.47030010736262], [-113.58446373912858, 53.470126441002066], [-113.58436767268925, 53.47010474351102], [-113.5835661657525, 53.4699210354295], [-113.58324332460408, 53.469843030760934], [-113.58230559948382, 53.46962067378239], [-113.5821005074755, 53.46956983668265], [-113.58173359008391, 53.46890712006918], [-113.58163749767911, 53.46902339471097], [-113.581591064313, 53.46908082795076], [-113.5813977709442, 53.46934211050759], [-113.58104618449919, 53.469866975853535], [-113.58071820436697, 53.47046314163823], [-113.58044474352138, 53.470948406374355], [-113.58007513203424, 53.471538052832734], [-113.57953515433682, 53.47233532082274], [-113.57880021767303, 53.4732890052263], [-113.57775743609623, 53.47459304896134], [-113.57752565236422, 53.47483955781244], [-113.57726279932503, 53.475101914385824], [-113.57697548207868, 53.4753630806767], [-113.57671515257123, 53.47558422633254], [-113.57649274165325, 53.47577592088932], [-113.57606041832172, 53.476134535239325], [-113.57572030629092, 53.476460426310034], [-113.57566260823204, 53.47652121092902], [-113.57549801470073, 53.476693048046016], [-113.5754222954345, 53.47677761484691], [-113.57537822127956, 53.47682618439971], [-113.57526779349162, 53.47695645109937], [-113.57520827038906, 53.477019994547334], [-113.5751147956396, 53.477126396175514], [-113.57498737173361, 53.47727006587306], [-113.5747569341718, 53.47755830731096], [-113.57459456803532, 53.477761479054905], [-113.57404045251484, 53.478653530636656], [-113.57379252445425, 53.47907188989002], [-113.57347796128703, 53.47962219110509], [-113.5731131100631, 53.480177086538184], [-113.57256015319645, 53.480877526031605], [-113.57202872922892, 53.48147656908878], [-113.57159912795176, 53.48197437098185], [-113.57140358445984, 53.48221552527876], [-113.57126775587265, 53.48238715326848], [-113.57117844398641, 53.48253661064657], [-113.5711378627859, 53.48268659826757], [-113.57109752138528, 53.48284329460453], [-113.5710835702126, 53.482889051360054], [-113.57106925737457, 53.48284398971186], [-113.57106797096024, 53.482933279973764], [-113.5710708714315, 53.483007413952556], [-113.57110036647744, 53.48311819705566], [-113.57113657553714, 53.483206738760366], [-113.5711902289803, 53.48330709769005], [-113.57128231730863, 53.48344752837183], [-113.57140423322126, 53.483623989230665], [-113.57156713036754, 53.483842902123364], [-113.57199451072164, 53.484424991066525], [-113.57221326188112, 53.48475740981463], [-113.57235854189638, 53.485015397950214], [-113.57249727221088, 53.48530744384218], [-113.57260555746043, 53.48556265383518], [-113.57269535344604, 53.48582568281598], [-113.57277661538966, 53.486123130340864], [-113.57282865561736, 53.48640108476979], [-113.57285931680775, 53.48664425142227], [-113.57288380214749, 53.48695410864836], [-113.57290291809007, 53.487916201048456], [-113.57287218738448, 53.488829896378945], [-113.57262565610068, 53.489328330983454], [-113.5727954810706, 53.488723788363295], [-113.57283081864345, 53.48982295583538], [-113.57283898143555, 53.49025590668049], [-113.57284784247972, 53.491756748683116], [-113.57284493025715, 53.49191981019988], [-113.57283597433388, 53.49267716460629], [-113.57282893544013, 53.49365836290273], [-113.57280289650176, 53.49594938700003], [-113.57278479601898, 53.4971133558929], [-113.57275236018184, 53.49757637450909], [-113.5726952343463, 53.49801581897634], [-113.57263152089222, 53.49832320754422], [-113.57256185835637, 53.49856335042471], [-113.57248347669088, 53.4987843906764], [-113.57239615841658, 53.49899807439453], [-113.57227900455989, 53.499241712044565], [-113.57193273106945, 53.4997122356297], [-113.57160637563226, 53.499972300519325], [-113.57125381677791, 53.5002916627068], [-113.57099498583617, 53.50050214335659], [-113.57063974762991, 53.500757779090144], [-113.5701917785913, 53.501036487610016], [-113.56979748845615, 53.5012688846063], [-113.56901389164526, 53.50173405083205], [-113.56855399209897, 53.50200819443969], [-113.56840338751441, 53.50211319343854], [-113.56820579568057, 53.50227209330169], [-113.56803443448315, 53.502435234379426], [-113.56796000617457, 53.50249369865218], [-113.56776359280104, 53.502709151818394], [-113.56753979137345, 53.50294325660238], [-113.56737144551225, 53.503085470174405], [-113.56701949575543, 53.50338849292571], [-113.56675786709017, 53.50354443215113], [-113.56657751236115, 53.50364035716176], [-113.56639339067635, 53.503724476690884], [-113.56621956983037, 53.50379330048848], [-113.56602260061496, 53.50386234873023], [-113.56581538487026, 53.503922335800894], [-113.5656143055509, 53.50396868095169], [-113.56540355924196, 53.50400775276644], [-113.56524182325893, 53.504031278025174], [-113.56508757057473, 53.504047290013254], [-113.56493294923068, 53.504058161228485], [-113.56477, 53.504064], [-113.56462241726723, 53.50406369779896], [-113.56448433598754, 53.50406017287698], [-113.56431271015987, 53.504053188034746], [-113.56418705222194, 53.50404811980458], [-113.56390964774866, 53.50403635400498], [-113.56250228755329, 53.503955502152316], [-113.56340921503237, 53.50300872226686], [-113.56233426666532, 53.504181030324546], [-113.5621538084349, 53.50416967224601], [-113.56149876763762, 53.50412473755801], [-113.56116936945527, 53.504108133073096], [-113.56080239190618, 53.504092817927955], [-113.56018371087336, 53.504062541179145], [-113.55937291012908, 53.504037870549645], [-113.55852403349328, 53.5040239873319], [-113.55793930218115, 53.50402686711062], [-113.5574204275659, 53.50403477771087], [-113.55684069033168, 53.50406344808926], [-113.55608996688102, 53.504105318506646], [-113.55594855214208, 53.504113436860635], [-113.55527345887718, 53.50416162314069], [-113.554763733091, 53.50420939454617], [-113.55399258233034, 53.504291209273774], [-113.55355871323667, 53.50434561066566], [-113.55313492480073, 53.50440392626553], [-113.55271906655996, 53.50446883696164], [-113.55226631571624, 53.5045509050455], [-113.55153815786443, 53.50470243889795], [-113.55072084743964, 53.50489762228545], [-113.54993179385686, 53.50511905607403], [-113.54936823212206, 53.50529801459905], [-113.54883118724943, 53.505475679715985], [-113.54820502507974, 53.50570915195636], [-113.5476057443694, 53.50595671534652], [-113.5466247724291, 53.50634113498728], [-113.54630294166759, 53.50644926444131], [-113.54595803395021, 53.506543468600036], [-113.54566762864314, 53.506610177135215], [-113.54538037560094, 53.50665521852745], [-113.54507731301868, 53.50668652395865], [-113.544784, 53.506701], [-113.54450452998037, 53.506699460353204], [-113.54421420522695, 53.506681731316164], [-113.54392022256673, 53.506647163192696], [-113.54364952457854, 53.506600871698446], [-113.54337704434134, 53.50654273877987], [-113.54298000867225, 53.506437412749314], [-113.54262447914174, 53.50632059852584], [-113.54222760609923, 53.50617702503222], [-113.5413722355812, 53.5058444281396], [-113.53991934576588, 53.505285997526315], [-113.5387264939968, 53.50483177992327], [-113.53861528053167, 53.504795887411845], [-113.53868062384373, 53.50481173231854], [-113.53920297500628, 53.50473369186587], [-113.53844901680603, 53.505057612843416], [-113.53806561081731, 53.505212285788716], [-113.53759941931682, 53.50537829019819], [-113.53719849329927, 53.50550007453727], [-113.53680035157915, 53.50560466760316], [-113.5364044051713, 53.505700614271525], [-113.53601848387743, 53.505783660500946], [-113.53549770958755, 53.50589208945893], [-113.53500996985531, 53.506014362004365], [-113.53484636735061, 53.506066630991135], [-113.53471479391288, 53.506109511188654], [-113.53455994577021, 53.50616542830523], [-113.53438118807188, 53.506257738452504], [-113.53409564897551, 53.50641654797425], [-113.53395419718268, 53.506496478366024], [-113.53376859073909, 53.50663977626048], [-113.53345231389187, 53.50688046197942], [-113.53301026269574, 53.50721830003548], [-113.53246194005344, 53.50762675905203], [-113.5322029468297, 53.50779838876813], [-113.53187744445141, 53.507965316516525], [-113.53164913136793, 53.508050582665135], [-113.53135396383878, 53.508142475734196], [-113.53101261623975, 53.50822356423413], [-113.53068942145634, 53.50826566061417], [-113.53032909552792, 53.508302659453726], [-113.52982934808053, 53.50831570354155], [-113.52914381712704, 53.508332322019754], [-113.5287727038251, 53.508345955034216], [-113.52852118780477, 53.508355968544116], [-113.52824381158823, 53.50838384143198], [-113.52795428802374, 53.50841611956218], [-113.52740565071463, 53.508475816048666], [-113.52674279042628, 53.50855510348891], [-113.52653105992428, 53.50858698731958], [-113.52631635981348, 53.50862968386206], [-113.52605438453803, 53.50869299451507], [-113.52553442189716, 53.50885161727239], [-113.52500472112787, 53.508989523947655], [-113.52488382156409, 53.50902398402407], [-113.52463726379067, 53.509094285091926], [-113.52458432246578, 53.50910320604583], [-113.52457522776602, 53.50910468329805], [-113.5241244746615, 53.50925190725805], [-113.5238249664879, 53.50932536629239], [-113.52343187368126, 53.509396590497815], [-113.52307968388959, 53.50943288861629], [-113.52297055402862, 53.50944770250667], [-113.52268036523006, 53.509476999933305], [-113.519942, 53.509477999999994], [-113.519838, 53.509477999999994], [-113.516737, 53.509477999999994], [-113.516615, 53.509477999999994], [-113.51227142473546, 53.509477990210804], [-113.51304091989425, 53.50846634278618], [-113.51304192380081, 53.50854565526171], [-113.51304691676377, 53.50895009784821], [-113.51305294552421, 53.50941756215528], [-113.51305792600913, 53.509894835450005], [-113.513063, 53.510318], [-113.51306289755715, 53.51038931346196], [-113.51305594144178, 53.51085317812292], [-113.51306091852513, 53.51133876491733], [-113.51305433949796, 53.51175966038198], [-113.5130565439454, 53.51182080229771], [-113.51306636285435, 53.51214630846958], [-113.51306731483378, 53.512172988339586], [-113.51306980782165, 53.51228360407489], [-113.513069, 53.512315], [-113.51306899681157, 53.51235152524447], [-113.51306798585362, 53.51273968092632], [-113.51306895287354, 53.5129427082803], [-113.51306599759543, 53.513244192977176], [-113.51306487404749, 53.51371387101663], [-113.51305989499659, 53.514027491232], [-113.51305898348568, 53.51408774703152], [-113.5130578347517, 53.51427417881363], [-113.5130569569367, 53.51432028034281], [-113.5130528545514, 53.514759055088284], [-113.51304499782987, 53.51520891667119], [-113.51304596347632, 53.51568245330361], [-113.51304987404748, 53.516143128983416], [-113.51305092636782, 53.51620986497126], [-113.51305594219487, 53.51664475206662], [-113.51305092089859, 53.51708642237864], [-113.513057, 53.517576], [-113.51305698918351, 53.51764834888753], [-113.513058, 53.517868], [-113.51305790082809, 53.517969916889776], [-113.513059, 53.518055], [-113.513059, 53.518119], [-113.513059, 53.518159], [-113.51305898743749, 53.51822398753162], [-113.51305986813773, 53.51858043485071], [-113.51306148839288, 53.518680983628606], [-113.51302902842106, 53.519012964025485], [-113.51299487795204, 53.519045623092964], [-113.512994, 53.519094], [-113.51299365391935, 53.519153306682014], [-113.51299297349055, 53.51917228136038], [-113.51298982129994, 53.519558095815746], [-113.51299900000001, 53.520053], [-113.51299897496979, 53.52012407529461], [-113.51299594460293, 53.520551525732635], [-113.512995, 53.520636], [-113.51299492564779, 53.520902805784814], [-113.512996, 53.520997], [-113.512996, 53.521079], [-113.51299599293353, 53.52120924062808], [-113.51299697071661, 53.5214866528371], [-113.512994, 53.521871], [-113.5129936796925, 53.52197430834658], [-113.51299200000001, 53.522028], [-113.51299170556887, 53.52258726469828], [-113.5129868656546, 53.5227526087598], [-113.512989, 53.522891], [-113.51298898827474, 53.52334184255822], [-113.51292679342345, 53.52409174306323], [-113.51271557669477, 53.52447450460778], [-113.51263510678119, 53.52456310678119], [-113.51253569504763, 53.52465386880938], [-113.51219130319295, 53.524845255197086], [-113.51197782480145, 53.52490985850658], [-113.51183011418745, 53.524940414914276], [-113.51170604514706, 53.5249573769787], [-113.51157781435411, 53.52496964758639], [-113.51143885534043, 53.52498104225419], [-113.51095711949996, 53.525018174538744], [-113.50690631920851, 53.52532326753146], [-113.50666036504484, 53.52534408884107], [-113.50648849426995, 53.52536321075162], [-113.50623925903984, 53.525404073704955], [-113.50601815822192, 53.525450204970035], [-113.50583637474757, 53.5254967618068], [-113.50563493322561, 53.52555411383059], [-113.50548222812537, 53.52560206799543], [-113.50529018322842, 53.525681003135475], [-113.50512154787393, 53.52575575226872], [-113.50498917154522, 53.52581763654921], [-113.50482810603827, 53.525918716058676], [-113.50470262877612, 53.525999591036886], [-113.50457136577633, 53.52609245478552], [-113.50447356503649, 53.52616322302502], [-113.50438021968168, 53.52623906461202], [-113.50423172559923, 53.52637260796016], [-113.5041016620438, 53.526493798746145], [-113.50394617938623, 53.52663900007693], [-113.50386069519038, 53.52671793551913], [-113.50369135554422, 53.5269144757466], [-113.50367716489846, 53.52692811460772], [-113.50362646287466, 53.526985716247886], [-113.50355315680828, 53.527067454483266], [-113.50352808215384, 53.52709754404353], [-113.50347116218603, 53.52718452089933], [-113.50338800801406, 53.52731629654706], [-113.50325390726952, 53.52755908718185], [-113.503168347404, 53.52772510149058], [-113.5021286865993, 53.52970207976852], [-113.50212618459993, 53.52966458247289], [-113.5020959803467, 53.52976473053076], [-113.50209798249406, 53.53008408294384], [-113.50209889456923, 53.530475006803144], [-113.50119927002079, 53.53150765335811], [-113.50101722499276, 53.53152655374459], [-113.50054796384363, 53.531571209322856], [-113.50017005637184, 53.53163796122346], [-113.49985248939304, 53.53174126646869], [-113.49927375955855, 53.53202429504515], [-113.49901935053356, 53.53216278652822], [-113.49887698181094, 53.532249834368216], [-113.49869618349038, 53.53240399890933], [-113.49858630310341, 53.53252220446332], [-113.49839136993207, 53.53280198837324], [-113.49840682250678, 53.5327316338518], [-113.4984114828605, 53.53252493660694], [-113.49842731483378, 53.53288901166041], [-113.49842695522199, 53.532888463298654], [-113.4984239509888, 53.53320590050481], [-113.49842189893943, 53.53341221657259], [-113.49840806142193, 53.533945754264835], [-113.49840599155401, 53.53393589849677], [-113.49839682661472, 53.53413489421038], [-113.49838899198842, 53.534252504677546], [-113.49836684326655, 53.53453739459646], [-113.4983365731472, 53.5349101918776], [-113.4982737934235, 53.535217743063065], [-113.49821585675171, 53.535376647266546], [-113.4980780502943, 53.53566770019629], [-113.49799456423501, 53.53579114645798], [-113.49751252825837, 53.53635013529786], [-113.49701259004812, 53.5366870230184], [-113.4966081757432, 53.53692973207822], [-113.49660989840244, 53.536902555646684], [-113.49658529148348, 53.53692687093924], [-113.49658739816677, 53.53691779266169], [-113.49659350601593, 53.536900603368984], [-113.49660664351796, 53.53686046687079], [-113.49661666386604, 53.53681237535034], [-113.49661844476051, 53.536779910029956], [-113.49661688322253, 53.53670571794199], [-113.49662391112297, 53.53716566785173], [-113.49662486995254, 53.53723787306532], [-113.49662599775569, 53.537318118639305], [-113.49662499440727, 53.53779134446289], [-113.4966239933885, 53.53809063633963], [-113.49660167779119, 53.53856740151173], [-113.49655649532517, 53.53875373885632], [-113.49649081602873, 53.53892712018041], [-113.49636600000002, 53.53914299999997], [-113.4962033182504, 53.53933405526821], [-113.49607450460765, 53.5394535766949], [-113.49606947575478, 53.53945754510512], [-113.49598996198752, 53.5395307660248], [-113.49589648130906, 53.539614465820534], [-113.49542645111872, 53.53999246075289], [-113.49514030828419, 53.540152908916234], [-113.49487129799392, 53.54025142682234], [-113.49472817044185, 53.54028730486456], [-113.49460526691227, 53.54031257024732], [-113.49431507879872, 53.5403597534035], [-113.4943255815314, 53.54035112285207], [-113.49433743601625, 53.54034506235356], [-113.49432793260114, 53.540345022172666], [-113.49470150505643, 53.53991028886699], [-113.49473901601385, 53.53974765059387], [-113.49473724058822, 53.53956537038387], [-113.49474297018662, 53.53968272177749], [-113.49473900000001, 53.540193], [-113.49473899767763, 53.54036415516744], [-113.494738, 53.540826], [-113.49473785879694, 53.540959804349484], [-113.49473561442065, 53.54108976706716], [-113.49473499727051, 53.54109566355778], [-113.494736, 53.541526], [-113.494736, 53.541957], [-113.494736, 53.541987], [-113.494736, 53.542045], [-113.49473565391935, 53.54211369331798], [-113.49473626117464, 53.54221643312201], [-113.4947356683473, 53.54217824741962], [-113.49474699725772, 53.54263334191395], [-113.494746, 53.543058], [-113.49474544490698, 53.543149314830146], [-113.49474500000001, 53.543146], [-113.49474500000001, 53.543209], [-113.49474500000001, 53.543241], [-113.49474500000001, 53.543281], [-113.49474498046932, 53.54329824987792], [-113.49474400000001, 53.543452], [-113.49474398269942, 53.54354088225118], [-113.49473995752994, 53.54422421619848], [-113.494738, 53.544432], [-113.494738, 53.5445]]}}, {"type": "Feature", "properties": {"DAUID": "48112170", "mode": "car", "period": "weekend", "speed_factor": 1.0, "transit_mins": 112.0}, "geometry": {"type": "LineString", "coordinates": [[-113.461139, 53.444937], [-113.460902, 53.445116], [-113.461384, 53.445367], [-113.461819, 53.445595], [-113.461891, 53.445632], [-113.461717, 53.445803], [-113.461514, 53.446018], [-113.461408, 53.446171], [-113.461375, 53.446294], [-113.461335, 53.446466], [-113.461304, 53.446671], [-113.461317, 53.446857], [-113.461399, 53.447074], [-113.461467, 53.447199], [-113.461704, 53.447564], [-113.461812, 53.447765], [-113.461889, 53.448039], [-113.461899, 53.448074], [-113.461951, 53.448456], [-113.461814, 53.448801], [-113.461644, 53.449131], [-113.461303, 53.449459], [-113.460925, 53.449667], [-113.460616, 53.449783], [-113.460311, 53.449862], [-113.460092, 53.44991], [-113.459834, 53.449954], [-113.459949, 53.450321], [-113.459965, 53.450422], [-113.459969, 53.450867], [-113.459967, 53.451755], [-113.459969, 53.451817], [-113.459972, 53.452002], [-113.460112, 53.451994], [-113.46154, 53.451931], [-113.462362, 53.45191], [-113.463181, 53.451899], [-113.464342, 53.451913], [-113.465606, 53.451917], [-113.465799, 53.451983], [-113.46599, 53.452032], [-113.466083, 53.45208], [-113.466135, 53.452116], [-113.466224, 53.452213], [-113.466379, 53.452459], [-113.466364, 53.453293], [-113.466382, 53.455089], [-113.466347, 53.456518], [-113.466339, 53.457236], [-113.466339, 53.457321], [-113.466351, 53.457536], [-113.466332, 53.457943], [-113.466348, 53.458695], [-113.466348, 53.45877], [-113.466354, 53.458952], [-113.466372, 53.463305], [-113.466372, 53.464437], [-113.466354, 53.465169], [-113.466364, 53.465234], [-113.466367, 53.465306], [-113.466368, 53.465408], [-113.466365, 53.465477], [-113.466369, 53.46564], [-113.466361, 53.466079], [-113.466358, 53.468594], [-113.466367, 53.472658], [-113.466379, 53.473384], [-113.466377, 53.47398], [-113.466378, 53.474044], [-113.466379, 53.474107], [-113.466379, 53.474195], [-113.46638, 53.474262], [-113.466384, 53.474417], [-113.466385, 53.474842], [-113.466383, 53.479496], [-113.466392, 53.479677], [-113.466408, 53.480003], [-113.466415, 53.480085], [-113.466421, 53.480162], [-113.466476, 53.480926], [-113.466501, 53.481162], [-113.466542, 53.481674], [-113.466565, 53.481996], [-113.466585, 53.48221], [-113.466597, 53.482334], [-113.466617, 53.482474], [-113.466632, 53.482625], [-113.466692, 53.483252], [-113.466732, 53.483583], [-113.466787, 53.484204], [-113.466814, 53.48472], [-113.466986, 53.486654], [-113.466994, 53.486776], [-113.467147, 53.487146], [-113.467238, 53.488005], [-113.467239, 53.48801], [-113.467253, 53.488069], [-113.467276, 53.488118], [-113.467304, 53.488159], [-113.467357, 53.488187], [-113.467476, 53.488188], [-113.467795, 53.488189], [-113.468779, 53.488189], [-113.468997, 53.488192], [-113.469142, 53.488192], [-113.470338, 53.488174], [-113.471036, 53.488167], [-113.471248, 53.488146], [-113.471489, 53.488123], [-113.471657, 53.48812], [-113.47205, 53.488122], [-113.472268, 53.488123], [-113.473273, 53.48813], [-113.473435, 53.48813], [-113.473658, 53.488132], [-113.474507, 53.488134], [-113.474556, 53.488134], [-113.474717, 53.488134], [-113.475236, 53.488135], [-113.475823, 53.488138], [-113.476052, 53.488139], [-113.476384, 53.48814], [-113.476575, 53.48814], [-113.477241, 53.488142], [-113.47789, 53.488143], [-113.478654, 53.488147], [-113.479234, 53.488148], [-113.479395, 53.488148], [-113.479567, 53.488149], [-113.480077, 53.48815], [-113.480733, 53.488152], [-113.481746, 53.488154], [-113.481876, 53.488154], [-113.4821, 53.488203], [-113.483226, 53.488201], [-113.4833, 53.488202], [-113.484133, 53.488201], [-113.4843, 53.488201], [-113.484739, 53.488201], [-113.485327, 53.4882], [-113.485922, 53.488203], [-113.486119, 53.488204], [-113.486307, 53.488203], [-113.486821, 53.488203], [-113.48724, 53.488204], [-113.488073, 53.488204], [-113.488779, 53.488204], [-113.48973, 53.488205], [-113.490353, 53.488205], [-113.490787, 53.488207], [-113.49126, 53.488216], [-113.491578, 53.488236], [-113.491667, 53.488256], [-113.491748, 53.488283], [-113.491797, 53.488308], [-113.491852, 53.488348], [-113.491891, 53.488383], [-113.491939, 53.488486], [-113.491941, 53.488739], [-113.491943, 53.488799], [-113.491944, 53.488919], [-113.491942, 53.48904], [-113.49194, 53.489286], [-113.49194, 53.489498], [-113.491943, 53.489673], [-113.491941, 53.489895], [-113.491942, 53.489914], [-113.49194, 53.490004], [-113.491941, 53.490429], [-113.491939, 53.490461], [-113.491935, 53.491348], [-113.491935, 53.491403], [-113.491934, 53.491597], [-113.491936, 53.491669], [-113.491935, 53.492055], [-113.491935, 53.492229], [-113.491935, 53.492561], [-113.491939, 53.492661], [-113.491936, 53.492967], [-113.491938, 53.49325], [-113.491937, 53.493628], [-113.491934, 53.495136], [-113.491927, 53.496338], [-113.49193, 53.496445], [-113.491931, 53.496521], [-113.491933, 53.496908], [-113.49193, 53.497059], [-113.491926, 53.497217], [-113.491935, 53.497337], [-113.491937, 53.497482], [-113.491948, 53.497564], [-113.491959, 53.497652], [-113.491978, 53.497731], [-113.491993, 53.497789], [-113.491997, 53.497805], [-113.492049, 53.497949], [-113.492057, 53.497965], [-113.492138, 53.498125], [-113.492198, 53.49822], [-113.492244, 53.498287], [-113.4924, 53.498467], [-113.492596, 53.498654], [-113.492829, 53.498855], [-113.492913, 53.498927], [-113.493356, 53.499314], [-113.493502, 53.499442], [-113.493638, 53.499559], [-113.493732, 53.49964], [-113.493777, 53.499689], [-113.493804, 53.499718], [-113.493837, 53.499755], [-113.493889, 53.49982], [-113.493962, 53.49993], [-113.494027, 53.500027], [-113.494116, 53.500214], [-113.494203, 53.500398], [-113.494222, 53.500446], [-113.49434, 53.500751], [-113.494392, 53.500892], [-113.494501, 53.501228], [-113.494552, 53.501463], [-113.494573, 53.501593], [-113.494589, 53.501728], [-113.494591, 53.501852], [-113.494595, 53.502319], [-113.494596, 53.502538], [-113.494597, 53.502713], [-113.4946, 53.503458], [-113.4946, 53.503522], [-113.494614, 53.504365], [-113.494719, 53.505888], [-113.494759, 53.506353], [-113.494774, 53.506719], [-113.494749, 53.506994], [-113.494697, 53.507197], [-113.49462, 53.507381], [-113.494351, 53.507937], [-113.494281, 53.508074], [-113.49418, 53.508292], [-113.494114, 53.508488], [-113.494077, 53.508733], [-113.494071, 53.508979], [-113.49409, 53.50923], [-113.494401, 53.511133], [-113.4945, 53.511755], [-113.494556, 53.512078], [-113.494567, 53.512156], [-113.494583, 53.512353], [-113.494431, 53.513508], [-113.494333, 53.514237], [-113.494332, 53.514353], [-113.494344, 53.514472], [-113.494369, 53.514638], [-113.494433, 53.515027], [-113.494485, 53.515326], [-113.494516, 53.5155], [-113.494544, 53.515709], [-113.494615, 53.516136], [-113.494635, 53.516268], [-113.494765, 53.517076], [-113.494777, 53.517169], [-113.494784, 53.517227], [-113.494826, 53.517558], [-113.494883, 53.517963], [-113.494899, 53.518074], [-113.494916, 53.518195], [-113.494938, 53.518316], [-113.494983, 53.518599], [-113.495056, 53.519057], [-113.495063, 53.519096], [-113.495178, 53.519826], [-113.495191, 53.519909], [-113.4952, 53.519967], [-113.495264, 53.520373], [-113.495372, 53.520971], [-113.495422, 53.521281], [-113.49551, 53.521835], [-113.495783, 53.523514], [-113.49578, 53.523584], [-113.495777, 53.523597], [-113.495775, 53.523638], [-113.495753, 53.523661], [-113.495696, 53.523685], [-113.494801, 53.52385], [-113.494269, 53.523942], [-113.494223, 53.52395], [-113.494055, 53.523982], [-113.493923, 53.524019], [-113.493787, 53.524054], [-113.493597, 53.524123], [-113.493561, 53.524149], [-113.493535, 53.524177], [-113.493531, 53.524206], [-113.493547, 53.524243], [-113.493578, 53.524267], [-113.493614, 53.52428], [-113.493673, 53.524287], [-113.494002, 53.524217], [-113.494183, 53.52419], [-113.494968, 53.524131], [-113.495388, 53.524105], [-113.495709, 53.524094], [-113.497242, 53.524105], [-113.497489, 53.524106], [-113.497721, 53.524139], [-113.497904, 53.524199], [-113.498002, 53.524253], [-113.498105, 53.524307], [-113.498147, 53.524334], [-113.498222, 53.524382], [-113.498533, 53.52458], [-113.498641, 53.524644], [-113.498882, 53.524768], [-113.499022, 53.524816], [-113.499185, 53.524861], [-113.499351, 53.524893], [-113.499525, 53.524914], [-113.499726, 53.524923], [-113.500078, 53.524935], [-113.500263, 53.524942], [-113.500427, 53.524957], [-113.500583, 53.524977], [-113.500778, 53.525013], [-113.500961, 53.525059], [-113.501156, 53.525107], [-113.501315, 53.525156], [-113.501471, 53.525221], [-113.501611, 53.52529], [-113.501762, 53.525379], [-113.501902, 53.525465], [-113.502036, 53.525564], [-113.502197, 53.525706], [-113.502341, 53.525862], [-113.502414, 53.525978], [-113.502464, 53.526084], [-113.502503, 53.526202], [-113.502512, 53.526244], [-113.502531, 53.526332], [-113.502551, 53.52642], [-113.502556, 53.526518], [-113.502554, 53.526615], [-113.502512, 53.526834], [-113.502365, 53.527101], [-113.502281, 53.527264], [-113.501183, 53.529377], [-113.501139, 53.529505], [-113.501096, 53.529771], [-113.501098, 53.53009], [-113.5011, 53.530428], [-113.501096, 53.530513], [-113.500913, 53.530532], [-113.50035, 53.530591], [-113.49984, 53.530694], [-113.499411, 53.530844], [-113.498783, 53.531153], [-113.498451, 53.53134], [-113.498202, 53.531512], [-113.497932, 53.531759], [-113.497748, 53.531977], [-113.497482, 53.532386], [-113.497439, 53.53248], [-113.497413, 53.53258], [-113.497428, 53.532852], [-113.497427, 53.532879], [-113.497424, 53.533196], [-113.497422, 53.533398], [-113.497416, 53.53382], [-113.497407, 53.533891], [-113.497399, 53.534069], [-113.497392, 53.534175], [-113.49737, 53.534458], [-113.497343, 53.534797], [-113.497334, 53.534876], [-113.497282, 53.535019], [-113.497246, 53.535113], [-113.497188, 53.5352], [-113.496952, 53.535522], [-113.496494, 53.535832], [-113.496034, 53.536111], [-113.49588, 53.536219], [-113.495821, 53.536282], [-113.495767, 53.536346], [-113.495721, 53.536412], [-113.495679, 53.536487], [-113.495648, 53.536564], [-113.495628, 53.536642], [-113.495617, 53.536721], [-113.495624, 53.537179], [-113.495625, 53.537254], [-113.495626, 53.537316], [-113.495625, 53.537788], [-113.495624, 53.538087], [-113.495623, 53.538362], [-113.495606, 53.538443], [-113.495589, 53.538495], [-113.495566, 53.538543], [-113.495521, 53.538603], [-113.495416, 53.538701], [-113.495392, 53.538722], [-113.495316, 53.538792], [-113.495259, 53.538844], [-113.494894, 53.539146], [-113.49477, 53.539224], [-113.494622, 53.539283], [-113.494521, 53.539309], [-113.494436, 53.539327], [-113.494075, 53.539389], [-113.493982, 53.539412], [-113.493941, 53.539427], [-113.493853, 53.539465], [-113.49379, 53.539499], [-113.493753, 53.539581], [-113.493741, 53.539652], [-113.493743, 53.539675], [-113.493739, 53.540193], [-113.493739, 53.540362], [-113.493738, 53.540826], [-113.493738, 53.540943], [-113.493736, 53.541062], [-113.493735, 53.541098], [-113.493736, 53.541526], [-113.493736, 53.541957], [-113.493736, 53.541987], [-113.493736, 53.542045], [-113.493736, 53.54214], [-113.493737, 53.542178], [-113.493736, 53.542204], [-113.493747, 53.542631], [-113.493746, 53.543058], [-113.493746, 53.543116], [-113.493745, 53.543146], [-113.493745, 53.543209], [-113.493745, 53.543241], [-113.493745, 53.543281], [-113.493745, 53.543292], [-113.493744, 53.543452], [-113.493744, 53.543535], [-113.49374, 53.544215], [-113.493738, 53.544432], [-113.493738, 53.5445]]}}, {"type": "Feature", "properties": {"DAUID": "48112170", "mode": "transit", "period": "weekend", "speed_factor": 0.2, "transit_mins": 112.0}, "geometry": {"type": "LineString", "coordinates": [[-113.46174169018644, 53.445734975274796], [-113.46136387410606, 53.44422905450553], [-113.46184823522752, 53.444481288052735], [-113.46227606886663, 53.44470556869227], [-113.4625919315268, 53.44634522857117], [-113.46244410693399, 53.44648952422138], [-113.46233599873273, 53.446587489318055], [-113.46237384283724, 53.4464301285661], [-113.46234900802705, 53.446520513494654], [-113.46232375875928, 53.44661551961729], [-113.46230156643338, 53.446601277614896], [-113.46225244042034, 53.4465035156015], [-113.46227743215111, 53.4465961329098], [-113.4623057060122, 53.446654415548245], [-113.46258489292327, 53.44709068439944], [-113.46277470815266, 53.44749445792788], [-113.46285052394761, 53.447764278872], [-113.46288986170951, 53.447939118301335], [-113.46288040272476, 53.44882506716895], [-113.46270297455644, 53.449258956589674], [-113.46233723541943, 53.449851711213505], [-113.46178509668782, 53.45033511801921], [-113.46127645545111, 53.45060320460685], [-113.46086674185261, 53.45075105398782], [-113.46052509592141, 53.45083881264142], [-113.46026011535837, 53.450895767328674], [-113.46078824836253, 53.449654984845544], [-113.46093668354811, 53.450164535279484], [-113.4609649596035, 53.45041301159906], [-113.4609689974637, 53.450869252246534], [-113.46096648011435, 53.45172275870607], [-113.46096886854309, 53.45180078591556], [-113.45991495020945, 53.451003628665575], [-113.46006792522493, 53.45099497176506], [-113.46151446088771, 53.450931326176324], [-113.46234857019783, 53.45091009018386], [-113.46319305769359, 53.45089907269663], [-113.46434516454111, 53.45091300500717], [-113.46592957217808, 53.45097079650943], [-113.46604749736166, 53.45101436742711], [-113.4664486429198, 53.45114337934296], [-113.46665220997879, 53.45125780780833], [-113.46687183874283, 53.45143993146276], [-113.46707006049446, 53.45167991310305], [-113.46737883829812, 53.4524769827032], [-113.46736394978082, 53.4532829782316], [-113.46738170018988, 53.455113485309056], [-113.46734693793302, 53.45652914136972], [-113.46733900000001, 53.457236], [-113.46733744603105, 53.45726527277967], [-113.46734991212436, 53.45758263226135], [-113.46733177373005, 53.45792172821851], [-113.467348, 53.458695], [-113.46734745702992, 53.45873705086715], [-113.46735399145066, 53.45894786495609], [-113.46737200000001, 53.463305], [-113.46737169779897, 53.464461582732774], [-113.46734237169764, 53.4650169428157], [-113.46736313307309, 53.465192369455195], [-113.46736695194502, 53.46529619654958], [-113.46736705615835, 53.46545143722437], [-113.46736469903313, 53.465452467508364], [-113.46736883399821, 53.46565822020952], [-113.46736099928857, 53.4660801928421], [-113.46735799754785, 53.468591785438505], [-113.4673668634253, 53.47264147333182], [-113.46737899436967, 53.47338735568582], [-113.46737687795202, 53.473964376906814], [-113.46737787404749, 53.47402812898341], [-113.46737900000001, 53.474107], [-113.46737888863522, 53.474180076289066], [-113.46737966717976, 53.47423620213727], [-113.46738399723185, 53.474414647065345], [-113.46738499990767, 53.474842429737826], [-113.46738176606166, 53.479446337599114], [-113.46739079776039, 53.47962797925102], [-113.46740437612979, 53.479917943501164], [-113.46741197783057, 53.48000731341581], [-113.4674184187824, 53.48009019629184], [-113.46747043596874, 53.48082065720673], [-113.46749780908509, 53.48108217739746], [-113.46753945869983, 53.48160275295002], [-113.46756066120828, 53.481902947550665], [-113.46758035001355, 53.48211367580516], [-113.46758694949365, 53.48219257864372], [-113.4676121022246, 53.48237514878561], [-113.46762745255823, 53.482529741382], [-113.46768477714654, 53.48313202693094], [-113.46772810088233, 53.483494778504785], [-113.46778563382153, 53.48415174590468], [-113.46781006860218, 53.484631414788225], [-113.46798385694906, 53.48658856675749], [-113.46791810808855, 53.486393868817444], [-113.46814143545484, 53.48704065235578], [-113.46821858067526, 53.48780888386272], [-113.46821198287543, 53.48777912270764], [-113.46815823694408, 53.487644092862986], [-113.46810180098188, 53.48755403835386], [-113.46777112103304, 53.4872748066159], [-113.46736540306463, 53.48718703530638], [-113.46747913478083, 53.48718800491344], [-113.467795, 53.487189], [-113.46879276016502, 53.48718909467555], [-113.468997, 53.487192], [-113.46912695153698, 53.48719211323453], [-113.47032797185096, 53.48717405028315], [-113.47093742583095, 53.487171870293274], [-113.47115299598156, 53.487150523111026], [-113.47147114570359, 53.48712315940065], [-113.4716620889926, 53.487120012949006], [-113.47205458710772, 53.48712201052083], [-113.47227496500518, 53.48712302425594], [-113.473273, 53.48713], [-113.47344396824919, 53.487130040215554], [-113.47366035570607, 53.48713200277468], [-113.474507, 53.487134000000005], [-113.474556, 53.487134000000005], [-113.47471892677869, 53.48713400185624], [-113.47524111066579, 53.487135013059536], [-113.47582736677059, 53.48713800953439], [-113.47605501203454, 53.48713900453618], [-113.476384, 53.487140000000004], [-113.47657800298946, 53.48714000450899], [-113.47724254083022, 53.48714200118708], [-113.47789523553034, 53.487143013705484], [-113.47865572413538, 53.48714700148632], [-113.479234, 53.487148000000005], [-113.47940081385521, 53.487148016900605], [-113.47956896078054, 53.48714900192233], [-113.48008004876631, 53.487150004647496], [-113.48073497432982, 53.48715200194899], [-113.481746, 53.487154000000004], [-113.48208969687879, 53.4871770999826], [-113.48209822380387, 53.487203001577434], [-113.48323951227987, 53.48720109129502], [-113.48329879952067, 53.48720200072058], [-113.484133, 53.487201], [-113.4843, 53.487201], [-113.48473729932219, 53.48720100144615], [-113.48533204195272, 53.48720001271072], [-113.48592707607676, 53.487203012883356], [-113.4861136809263, 53.48720401414638], [-113.486307, 53.487203], [-113.48682338662806, 53.487203002848], [-113.48724, 53.487204000000006], [-113.488073, 53.487204000000006], [-113.48878005152412, 53.48720400055286], [-113.48973, 53.487205], [-113.490357608246, 53.48720501061802], [-113.49080602404067, 53.48720718097344], [-113.49132276906151, 53.48721797192178], [-113.49179725132905, 53.487260331585674], [-113.49198322776607, 53.487307316701965], [-113.49220247034167, 53.48739223813028], [-113.49238517169775, 53.487499263915744], [-113.49251990974173, 53.48760375771627], [-113.49279740783138, 53.487960596350376], [-113.49293896875587, 53.48847809510867], [-113.49294044490698, 53.48870568516961], [-113.4929429652796, 53.48879066695603], [-113.4929438634253, 53.488935526668264], [-113.49294196695253, 53.4890481298126], [-113.49294, 53.489286], [-113.4929398530936, 53.489480859661214], [-113.49294295942136, 53.48968200864348], [-113.49293961782934, 53.48984244116701], [-113.49294175317783, 53.48993621673723], [-113.49293999723184, 53.49000164706534], [-113.49293905257849, 53.49049137828599], [-113.49293898983198, 53.49046550953702], [-113.492935, 53.491348], [-113.49293498671511, 53.491408154570685], [-113.49293361442065, 53.49156923293283], [-113.49293599664422, 53.49167159066488], [-113.492935, 53.492055], [-113.492935, 53.492229], [-113.49293420095871, 53.49252103196161], [-113.49293895194502, 53.49267080345046], [-113.49293597502871, 53.492959933038634], [-113.49293799650069, 53.49325264549342], [-113.49293699802116, 53.49362998938598], [-113.49293398304312, 53.495141823528535], [-113.49292660718416, 53.496309973630424], [-113.49292991344613, 53.49643184324417], [-113.49293098664636, 53.49651583211033], [-113.49293280269865, 53.496927863629814], [-113.4929296796925, 53.49708430834658], [-113.4929231993099, 53.49714221005183], [-113.49293490488871, 53.49732320820847], [-113.49292812202245, 53.49734904460673], [-113.49294027787671, 53.49743996526541], [-113.4929312754754, 53.49741816159442], [-113.49294614691165, 53.49748061717816], [-113.49296314250009, 53.49754646437476], [-113.4929375538997, 53.49746535553624], [-113.49294342719084, 53.49750178640418], [-113.49294918560257, 53.49751333103873], [-113.49298348890301, 53.49759100700859], [-113.49302240077566, 53.4976539934973], [-113.49299968908278, 53.497632069461574], [-113.4930903001333, 53.49774347686563], [-113.49324919672583, 53.49789681175565], [-113.49347979137346, 53.49809574339764], [-113.49357090262504, 53.498173896995105], [-113.49401523353937, 53.498562061744174], [-113.49415416742876, 53.49868392504007], [-113.49429078018649, 53.49880145262318], [-113.49446852988841, 53.4989635950004], [-113.49450889397444, 53.4990075814721], [-113.49455029543444, 53.499052385153014], [-113.49461786880946, 53.499130304952466], [-113.49472221379217, 53.49926704902882], [-113.49479273037315, 53.499373325007646], [-113.49492994975274, 53.499597253860976], [-113.49502003774737, 53.499786547369474], [-113.4951328066131, 53.500029951549074], [-113.49515463449663, 53.50008517747343], [-113.49527822945937, 53.5004049862986], [-113.49534320036341, 53.5005834260726], [-113.4954782513664, 53.501015915660915], [-113.49553920258339, 53.50130352881342], [-113.49556604981532, 53.50147530520706], [-113.49558886995254, 53.501711873065325], [-113.49559096331974, 53.50184343500368], [-113.49559498957503, 53.50231443383757], [-113.49559598367387, 53.5025322858076], [-113.49559699189236, 53.502708973187005], [-113.49560000000001, 53.503458], [-113.49559986212641, 53.50350539493503], [-113.49561163187857, 53.50429622038919], [-113.49571532055784, 53.50580229500578], [-113.49575816122848, 53.50631205076931], [-113.49576989320647, 53.506809535746065], [-113.49571772271648, 53.50724214572046], [-113.49561948251213, 53.507583038877364], [-113.49552017972717, 53.50781651860902], [-113.49524149321003, 53.50839199653063], [-113.49518834932987, 53.50849437744183], [-113.49512771180916, 53.50861112744596], [-113.49510278784582, 53.50863732714403], [-113.49507670269065, 53.50875738299245], [-113.49506814722025, 53.50890351873634], [-113.4950769076221, 53.50906871346796], [-113.49538856910571, 53.51097581456355], [-113.49548530117528, 53.51158417379005], [-113.49554620179615, 53.51193835615694], [-113.49556371802402, 53.5120750482823], [-113.49557445137359, 53.512483476717556], [-113.49542208484297, 53.51364123225599], [-113.49533296284392, 53.51424562036932], [-113.4953269540641, 53.514252668497754], [-113.49533284879367, 53.51432307698885], [-113.49535573456247, 53.51447565806686], [-113.49541821175482, 53.51485565882526], [-113.49546949743618, 53.51515060103145], [-113.49550714487071, 53.515367215041245], [-113.4955304562906, 53.515544975651935], [-113.49560371550422, 53.515986194620524], [-113.49562230300893, 53.51610915174361], [-113.49575677786663, 53.51694802866239], [-113.49576979561301, 53.51704917983986], [-113.49577604561516, 53.51710112110017], [-113.49581624076781, 53.51741863278083], [-113.49587277036954, 53.517820330397164], [-113.4958892742048, 53.51793487056627], [-113.4958998699101, 53.51801611456179], [-113.49592559260965, 53.51815896230589], [-113.49597053464257, 53.51844159819016], [-113.49604027120702, 53.51888033593729], [-113.49605081776268, 53.51894038487301], [-113.49616595523166, 53.519671260023834], [-113.49617917390339, 53.51975566267031], [-113.49618780238795, 53.51981128730828], [-113.4962480798672, 53.520195273201246], [-113.49635924112071, 53.52081176756117], [-113.49640961799756, 53.52112412205095], [-113.4964970376061, 53.521674510859754], [-113.49678208289582, 53.52355681783848], [-113.49675439119582, 53.52380885950611], [-113.49677581235112, 53.523645722553944], [-113.4964976418571, 53.524329222646], [-113.4961410570001, 53.52458263537511], [-113.49587730226173, 53.52466842741973], [-113.49497140309838, 53.52483537443851], [-113.49444034117478, 53.524927211754814], [-113.49441011210787, 53.52493233856642], [-113.4943249004864, 53.52494488822167], [-113.49417223187099, 53.524987443841674], [-113.4941283458249, 53.524993937778696], [-113.49418249055387, 53.524933679228376], [-113.49429379349156, 53.52482945109944], [-113.49452562112928, 53.52431363739681], [-113.49444885703593, 53.523809088849255], [-113.49415917319314, 53.523452276292495], [-113.49391764446372, 53.52332644610029], [-113.49373181773991, 53.523286964763884], [-113.49346489235553, 53.523308894071015], [-113.49385446121916, 53.52322794372852], [-113.49410805215308, 53.52319281254508], [-113.49490621351397, 53.523132910610144], [-113.49535375218976, 53.52310558662832], [-113.49571617528822, 53.52309402574271], [-113.49724604854984, 53.52310500819541], [-113.49762982389575, 53.523115965338796], [-113.49803255066918, 53.52318877045903], [-113.49838660475366, 53.52332316174339], [-113.49846632826683, 53.5233673368244], [-113.49864575759128, 53.5234658215246], [-113.49868605369645, 53.52349172859935], [-113.49875905098743, 53.523538450216705], [-113.49904280239026, 53.52371970846635], [-113.49909851474085, 53.52375479796339], [-113.49920632432432, 53.52382205405405], [-113.49928811849418, 53.523852059676614], [-113.49937428616224, 53.523879078033254], [-113.49947082016021, 53.52390020438699], [-113.49956973130095, 53.52391500094559], [-113.49976007111627, 53.52392358058903], [-113.50011581078066, 53.52393571508324], [-113.50035408322717, 53.523946156716285], [-113.50055416431599, 53.52396511833531], [-113.50076454747948, 53.52399361781961], [-113.50102178239342, 53.524043170043434], [-113.50120001904713, 53.524087985121064], [-113.5014505081705, 53.52415135103856], [-113.50169961538464, 53.52423292307693], [-113.50191308067922, 53.52432402470878], [-113.50211876792572, 53.524428506103554], [-113.50228541810586, 53.52452692401368], [-113.50249622228073, 53.52466069913521], [-113.50269746755743, 53.524814026220135], [-113.5029318034446, 53.525027719897246], [-113.50318735465956, 53.52532938025737], [-113.5033184315925, 53.52555138132426], [-113.50341348487508, 53.5257701872023], [-113.50348080241412, 53.52599247091146], [-113.50348947613413, 53.52603295401639], [-113.50350613285582, 53.526110378896504], [-113.50354970099448, 53.52636904586761], [-113.5035557875053, 53.526538614175315], [-113.50353610227923, 53.52680334838235], [-113.50338800801406, 53.52731629654706], [-113.50325390726952, 53.52755908718185], [-113.503168347404, 53.52772510149058], [-113.5021286865993, 53.52970207976852], [-113.50212618459993, 53.52966458247289], [-113.5020959803467, 53.52976473053076], [-113.50209798249406, 53.53008408294384], [-113.50209889456923, 53.530475006803144], [-113.50119927002079, 53.53150765335811], [-113.50101722499276, 53.53152655374459], [-113.50054796384363, 53.531571209322856], [-113.50017005637184, 53.53163796122346], [-113.49985248939304, 53.53174126646869], [-113.49927375955855, 53.53202429504515], [-113.49901935053356, 53.53216278652822], [-113.49887698181094, 53.532249834368216], [-113.49869618349038, 53.53240399890933], [-113.49858630310341, 53.53252220446332], [-113.49839136993207, 53.53280198837324], [-113.49840682250678, 53.5327316338518], [-113.4984114828605, 53.53252493660694], [-113.49842731483378, 53.53288901166041], [-113.49842695522199, 53.532888463298654], [-113.4984239509888, 53.53320590050481], [-113.49842189893943, 53.53341221657259], [-113.49840806142193, 53.533945754264835], [-113.49840599155401, 53.53393589849677], [-113.49839682661472, 53.53413489421038], [-113.49838899198842, 53.534252504677546], [-113.49836684326655, 53.53453739459646], [-113.4983365731472, 53.5349101918776], [-113.4982737934235, 53.535217743063065], [-113.49821585675171, 53.535376647266546], [-113.4980780502943, 53.53566770019629], [-113.49799456423501, 53.53579114645798], [-113.49751252825837, 53.53635013529786], [-113.49701259004812, 53.5366870230184], [-113.4966081757432, 53.53692973207822], [-113.49660989840244, 53.536902555646684], [-113.49658529148348, 53.53692687093924], [-113.49658739816677, 53.53691779266169], [-113.49659350601593, 53.536900603368984], [-113.49660664351796, 53.53686046687079], [-113.49661666386604, 53.53681237535034], [-113.49661844476051, 53.536779910029956], [-113.49661688322253, 53.53670571794199], [-113.49662391112297, 53.53716566785173], [-113.49662486995254, 53.53723787306532], [-113.49662599775569, 53.537318118639305], [-113.49662499440727, 53.53779134446289], [-113.4966239933885, 53.53809063633963], [-113.49660167779119, 53.53856740151173], [-113.49655649532517, 53.53875373885632], [-113.49649081602873, 53.53892712018041], [-113.49636600000002, 53.53914299999997], [-113.4962033182504, 53.53933405526821], [-113.49607450460765, 53.5394535766949], [-113.49606947575478, 53.53945754510512], [-113.49598996198752, 53.5395307660248], [-113.49589648130906, 53.539614465820534], [-113.49542645111872, 53.53999246075289], [-113.49514030828419, 53.540152908916234], [-113.49487129799392, 53.54025142682234], [-113.49472817044185, 53.54028730486456], [-113.49460526691227, 53.54031257024732], [-113.49431507879872, 53.5403597534035], [-113.4943255815314, 53.54035112285207], [-113.49433743601625, 53.54034506235356], [-113.49432793260114, 53.540345022172666], [-113.49470150505643, 53.53991028886699], [-113.49473901601385, 53.53974765059387], [-113.49473724058822, 53.53956537038387], [-113.49474297018662, 53.53968272177749], [-113.49473900000001, 53.540193], [-113.49473899767763, 53.54036415516744], [-113.494738, 53.540826], [-113.49473785879694, 53.540959804349484], [-113.49473561442065, 53.54108976706716], [-113.49473499727051, 53.54109566355778], [-113.494736, 53.541526], [-113.494736, 53.541957], [-113.494736, 53.541987], [-113.494736, 53.542045], [-113.49473565391935, 53.54211369331798], [-113.49473626117464, 53.54221643312201], [-113.4947356683473, 53.54217824741962], [-113.49474699725772, 53.54263334191395], [-113.494746, 53.543058], [-113.49474544490698, 53.543149314830146], [-113.49474500000001, 53.543146], [-113.49474500000001, 53.543209], [-113.49474500000001, 53.543241], [-113.49474500000001, 53.543281], [-113.49474498046932, 53.54329824987792], [-113.49474400000001, 53.543452], [-113.49474398269942, 53.54354088225118], [-113.49473995752994, 53.54422421619848], [-113.494738, 53.544432], [-113.494738, 53.5445]]}}, {"type": "Feature", "properties": {"DAUID": "48112564", "mode": "car", "period": "weekend", "speed_factor": 1.0, "transit_mins": 114.0}, "geometry": {"type": "LineString", "coordinates": [[-113.385436, 53.448621], [-113.385606, 53.448621], [-113.385928, 53.448611], [-113.386362, 53.448555], [-113.38647, 53.448537], [-113.387062, 53.448443], [-113.387251, 53.448428], [-113.387431, 53.448423], [-113.3878, 53.448425], [-113.387802, 53.447725], [-113.388575, 53.447724], [-113.389676, 53.447724], [-113.390527, 53.447725], [-113.390643, 53.447725], [-113.391335, 53.447722], [-113.392363, 53.447723], [-113.393854, 53.447724], [-113.393871, 53.448205], [-113.393896, 53.448474], [-113.393943, 53.448992], [-113.393952, 53.449931], [-113.39387, 53.450617], [-113.393791, 53.451734], [-113.393755, 53.452622], [-113.393745, 53.45301], [-113.393735, 53.453714], [-113.393741, 53.453794], [-113.393744, 53.453906], [-113.393743, 53.454], [-113.393748, 53.454382], [-113.393753, 53.457344], [-113.393755, 53.458053], [-113.393759, 53.458236], [-113.393752, 53.45843], [-113.393745, 53.45867], [-113.393734, 53.459104], [-113.393729, 53.459185], [-113.39373, 53.459286], [-113.393731, 53.459382], [-113.393752, 53.46218], [-113.393751, 53.462247], [-113.393752, 53.462775], [-113.393754, 53.463061], [-113.393757, 53.463386], [-113.393756, 53.463444], [-113.393757, 53.463487], [-113.39377, 53.463561], [-113.393772, 53.463641], [-113.393776, 53.463743], [-113.393797, 53.464295], [-113.393812, 53.464503], [-113.393816, 53.464738], [-113.393782, 53.466467], [-113.393781, 53.46651], [-113.393773, 53.466701], [-113.393739, 53.467527], [-113.393737, 53.467595], [-113.393737, 53.46771], [-113.393734, 53.46776], [-113.393732, 53.467858], [-113.393648, 53.469717], [-113.393597, 53.471558], [-113.393585, 53.471791], [-113.393546, 53.472569], [-113.39355, 53.47274], [-113.393554, 53.472821], [-113.39356, 53.47291], [-113.39356, 53.472981], [-113.393557, 53.473049], [-113.393566, 53.473345], [-113.39357, 53.473433], [-113.39355, 53.47395], [-113.393549, 53.474411], [-113.393557, 53.474889], [-113.393561, 53.475691], [-113.393524, 53.476869], [-113.393537, 53.478786], [-113.393537, 53.479228], [-113.393537, 53.479317], [-113.393539, 53.479508], [-113.393545, 53.480396], [-113.393544, 53.480507], [-113.393495, 53.483008], [-113.393494, 53.483041], [-113.393488, 53.483291], [-113.39351, 53.483723], [-113.393562, 53.484761], [-113.393591, 53.48554], [-113.393603, 53.486005], [-113.393627, 53.486665], [-113.393641, 53.48683], [-113.39368, 53.487521], [-113.393689, 53.487736], [-113.393707, 53.488065], [-113.393761, 53.488913], [-113.393798, 53.489564], [-113.393806, 53.489963], [-113.393815, 53.490322], [-113.393826, 53.49289], [-113.393833, 53.493302], [-113.393861, 53.493853], [-113.393874, 53.494169], [-113.393904, 53.494998], [-113.393896, 53.495409], [-113.393898, 53.495508], [-113.393901, 53.495778], [-113.393901, 53.496678], [-113.393961, 53.496821], [-113.393939, 53.497219], [-113.393888, 53.497605], [-113.393863, 53.497855], [-113.393848, 53.498319], [-113.393839, 53.498593], [-113.393833, 53.499328], [-113.393836, 53.499921], [-113.393849, 53.500506], [-113.393864, 53.501216], [-113.393856, 53.503294], [-113.393855, 53.50378], [-113.393851, 53.504786], [-113.393848, 53.506265], [-113.393851, 53.507324], [-113.393854, 53.507431], [-113.393861, 53.509602], [-113.393864, 53.510263], [-113.393866, 53.511558], [-113.393865, 53.512384], [-113.393869, 53.513151], [-113.393875, 53.514041], [-113.393888, 53.515077], [-113.393899, 53.51591], [-113.393892, 53.516071], [-113.39389, 53.516338], [-113.39389, 53.516715], [-113.393896, 53.517356], [-113.393894, 53.517733], [-113.394103, 53.517727], [-113.394185, 53.517722], [-113.394266, 53.517714], [-113.396922, 53.517249], [-113.397428, 53.517172], [-113.398155, 53.517099], [-113.399322, 53.517021], [-113.40022, 53.51698], [-113.401166, 53.51693], [-113.402152, 53.516863], [-113.403217, 53.516756], [-113.404725, 53.516551], [-113.406199, 53.51632], [-113.407677, 53.51609], [-113.408698, 53.515935], [-113.409699, 53.515784], [-113.412123, 53.515413], [-113.414671, 53.515031], [-113.416036, 53.514818], [-113.417515, 53.514576], [-113.418082, 53.514483], [-113.418797, 53.514376], [-113.419641, 53.514291], [-113.420093, 53.514269], [-113.420566, 53.514268], [-113.421377, 53.514296], [-113.421983, 53.514355], [-113.422608, 53.514441], [-113.423347, 53.514588], [-113.424037, 53.514739], [-113.425136, 53.514987], [-113.426667, 53.515335], [-113.428201, 53.515685], [-113.429136, 53.515935], [-113.432483, 53.516695], [-113.434649, 53.517187], [-113.436478, 53.517598], [-113.437287, 53.517779], [-113.437721, 53.517872], [-113.438195, 53.517949], [-113.438784, 53.518027], [-113.439844, 53.518113], [-113.44173, 53.518106], [-113.441869, 53.518105], [-113.442323, 53.518103], [-113.442683, 53.518104], [-113.442821, 53.518103], [-113.442822, 53.518182], [-113.442823, 53.518318], [-113.442825, 53.518575], [-113.442826, 53.51904], [-113.442824, 53.519588], [-113.442823, 53.520049], [-113.442821, 53.520567], [-113.442821, 53.520698], [-113.44282, 53.521164], [-113.442821, 53.521245], [-113.442826, 53.521614], [-113.442818, 53.522048], [-113.442817, 53.522434], [-113.442824, 53.522884], [-113.442829, 53.523316], [-113.44283, 53.52446], [-113.442836, 53.525119], [-113.442837, 53.525187], [-113.442838, 53.52529], [-113.443006, 53.525289], [-113.443114, 53.525289], [-113.443858, 53.525279], [-113.443898, 53.525279], [-113.448922, 53.525246], [-113.449096, 53.525245], [-113.449262, 53.525244], [-113.452521, 53.525224], [-113.454553, 53.525212], [-113.454779, 53.525211], [-113.455508, 53.52522], [-113.457, 53.525219], [-113.457095, 53.525217], [-113.457162, 53.525216], [-113.457284, 53.525214], [-113.457384, 53.525214], [-113.457466, 53.525214], [-113.457578, 53.525213], [-113.457851, 53.525212], [-113.457888, 53.525212], [-113.458225, 53.525213], [-113.458406, 53.525228], [-113.458519, 53.525245], [-113.458526, 53.525247], [-113.458688, 53.525279], [-113.45881, 53.525311], [-113.458943, 53.52536], [-113.459032, 53.525398], [-113.459251, 53.525474], [-113.459707, 53.525729], [-113.461576, 53.526775], [-113.462195, 53.527121], [-113.462281, 53.527168], [-113.462747, 53.527421], [-113.463076, 53.527599], [-113.46336, 53.527753], [-113.463879, 53.528034], [-113.464473, 53.528325], [-113.464645, 53.5284], [-113.465389, 53.528726], [-113.465691, 53.528856], [-113.466144, 53.529052], [-113.466918, 53.529389], [-113.467204, 53.529511], [-113.467674, 53.529721], [-113.46799, 53.529851], [-113.468261, 53.529984], [-113.46838, 53.530046], [-113.468483, 53.530101], [-113.468722, 53.530229], [-113.46935, 53.530578], [-113.470263, 53.531107], [-113.470417, 53.531192], [-113.470585, 53.53128], [-113.470635, 53.531306], [-113.470742, 53.531415], [-113.471002, 53.531564], [-113.471018, 53.53157], [-113.471233, 53.531669], [-113.471373, 53.531727], [-113.471689, 53.531856], [-113.472151, 53.532042], [-113.472572, 53.532202], [-113.472934, 53.532323], [-113.473148, 53.532357], [-113.473543, 53.532474], [-113.473827, 53.532559], [-113.474213, 53.532656], [-113.474646, 53.532748], [-113.474984, 53.532813], [-113.475357, 53.532876], [-113.47566, 53.532915], [-113.475935, 53.532948], [-113.476437, 53.532997], [-113.476764, 53.533013], [-113.477201, 53.533023], [-113.47763, 53.533026], [-113.478296, 53.533006], [-113.478762, 53.533001], [-113.479495, 53.53297], [-113.479862, 53.53297], [-113.480228, 53.532995], [-113.480346, 53.533003], [-113.480589, 53.533035], [-113.480936, 53.533108], [-113.481162, 53.533176], [-113.481386, 53.533254], [-113.481554, 53.533329], [-113.481713, 53.533413], [-113.481892, 53.533536], [-113.482266, 53.533847], [-113.482611, 53.534172], [-113.482752, 53.534325], [-113.482936, 53.534545], [-113.483074, 53.534719], [-113.483395, 53.535039], [-113.483587, 53.535449], [-113.483671, 53.535622], [-113.483918, 53.536168], [-113.483962, 53.536259], [-113.4839, 53.536366], [-113.484028, 53.53688], [-113.484071, 53.537151], [-113.484006, 53.537378], [-113.484006, 53.537382], [-113.483928, 53.537501], [-113.483786, 53.537623], [-113.483667, 53.537683], [-113.483555, 53.537724], [-113.48339, 53.53776], [-113.483229, 53.537773], [-113.483069, 53.537772], [-113.482908, 53.53775], [-113.482789, 53.537719], [-113.482686, 53.53768], [-113.482591, 53.537636], [-113.482486, 53.537562], [-113.482403, 53.537475], [-113.482354, 53.537378], [-113.482341, 53.53728], [-113.482375, 53.537141], [-113.482475, 53.537008], [-113.482595, 53.536911], [-113.482787, 53.536813], [-113.483234, 53.536659], [-113.483452, 53.536538], [-113.483606, 53.536505], [-113.484711, 53.536307], [-113.485721, 53.536157], [-113.486245, 53.536089], [-113.486598, 53.536043], [-113.487033, 53.535991], [-113.48743, 53.535939], [-113.487822, 53.535888], [-113.488241, 53.535826], [-113.488637, 53.535765], [-113.489029, 53.535701], [-113.489355, 53.535644], [-113.489823, 53.535553], [-113.490286, 53.535461], [-113.490654, 53.535377], [-113.491261, 53.535232], [-113.49189, 53.535076], [-113.492369, 53.534924], [-113.492752, 53.534781], [-113.493364, 53.534543], [-113.493689, 53.534418], [-113.493998, 53.534312], [-113.49427, 53.534239], [-113.494545, 53.534174], [-113.494949, 53.534108], [-113.495138, 53.534092], [-113.495439, 53.534076], [-113.495557, 53.534071], [-113.496392, 53.534071], [-113.497251, 53.534069], [-113.497399, 53.534069], [-113.497392, 53.534175], [-113.49737, 53.534458], [-113.497343, 53.534797], [-113.497334, 53.534876], [-113.497282, 53.535019], [-113.497246, 53.535113], [-113.497188, 53.5352], [-113.496952, 53.535522], [-113.496494, 53.535832], [-113.496034, 53.536111], [-113.49588, 53.536219], [-113.495821, 53.536282], [-113.495767, 53.536346], [-113.495721, 53.536412], [-113.495679, 53.536487], [-113.495648, 53.536564], [-113.495628, 53.536642], [-113.495617, 53.536721], [-113.495624, 53.537179], [-113.495625, 53.537254], [-113.495626, 53.537316], [-113.495625, 53.537788], [-113.495624, 53.538087], [-113.495623, 53.538362], [-113.495606, 53.538443], [-113.495589, 53.538495], [-113.495566, 53.538543], [-113.495521, 53.538603], [-113.495416, 53.538701], [-113.495392, 53.538722], [-113.495316, 53.538792], [-113.495259, 53.538844], [-113.494894, 53.539146], [-113.49477, 53.539224], [-113.494622, 53.539283], [-113.494521, 53.539309], [-113.494436, 53.539327], [-113.494075, 53.539389], [-113.493982, 53.539412], [-113.493941, 53.539427], [-113.493853, 53.539465], [-113.49379, 53.539499], [-113.493753, 53.539581], [-113.493741, 53.539652], [-113.493743, 53.539675], [-113.493739, 53.540193], [-113.493739, 53.540362], [-113.493738, 53.540826], [-113.493738, 53.540943], [-113.493736, 53.541062], [-113.493735, 53.541098], [-113.493736, 53.541526], [-113.493736, 53.541957], [-113.493736, 53.541987], [-113.493736, 53.542045], [-113.493736, 53.54214], [-113.493737, 53.542178], [-113.493736, 53.542204], [-113.493747, 53.542631], [-113.493746, 53.543058], [-113.493746, 53.543116], [-113.493745, 53.543146], [-113.493745, 53.543209], [-113.493745, 53.543241], [-113.493745, 53.543281], [-113.493745, 53.543292], [-113.493744, 53.543452], [-113.493744, 53.543535], [-113.49374, 53.544215], [-113.493738, 53.544432], [-113.493738, 53.5445]]}}, {"type": "Feature", "properties": {"DAUID": "48112564", "mode": "transit", "period": "weekend", "speed_factor": 0.2, "transit_mins": 114.0}, "geometry": {"type": "LineString", "coordinates": [[-113.385436, 53.447621000000005], [-113.38557495906477, 53.44762148188594], [-113.38580002866237, 53.44761922213337], [-113.38619760101273, 53.44756860607616], [-113.38631318079602, 53.44754937267289], [-113.38698288369902, 53.44744613460742], [-113.38722323293275, 53.44742838557935], [-113.3874364199746, 53.44742301468817], [-113.3868000040816, 53.448422142868814], [-113.38780070634002, 53.44672500083678], [-113.388575, 53.446724], [-113.38967717508731, 53.446724000690416], [-113.390527, 53.446725], [-113.39063866478062, 53.446725009397106], [-113.39133597276219, 53.44672200047313], [-113.39236367069066, 53.446723000224914], [-113.39485337601944, 53.44768867901803], [-113.39486670915126, 53.448112461974816], [-113.39489190895043, 53.44838363760489], [-113.39494295407026, 53.448982415775674], [-113.3949449315255, 53.45004968860799], [-113.39486750831985, 53.450687548932216], [-113.39479017924384, 53.45177450726664], [-113.39475466803655, 53.452647764640126], [-113.3947448991307, 53.45302420311263], [-113.3947321993099, 53.45363921005177], [-113.39474064145568, 53.45376722388965], [-113.3947439434181, 53.45391663769591], [-113.39474291434998, 53.45398691211584], [-113.39474799857526, 53.45438031195379], [-113.39475299602137, 53.45734117913676], [-113.39475476120116, 53.458031147296126], [-113.3947583496625, 53.45827205900842], [-113.39475157492397, 53.45845915426866], [-113.39474467895438, 53.45869533748502], [-113.39473210023004, 53.45916561112534], [-113.39472895098879, 53.45917509949504], [-113.39472994575095, 53.45927558389845], [-113.39473097183597, 53.45937449485041], [-113.39475188863523, 53.462194923711145], [-113.39475099820649, 53.46224510606398], [-113.39475197554982, 53.46276800716401], [-113.39475395739917, 53.46305176962404], [-113.39475685140054, 53.46340323881721], [-113.39475572969319, 53.46342075047231], [-113.39474191725628, 53.46331397399538], [-113.39476968764642, 53.463536007808905], [-113.39477123195073, 53.46360181443327], [-113.39477527713144, 53.463704984022165], [-113.39479440978435, 53.464223071409826], [-113.39481185516954, 53.46448598118859], [-113.39481580670888, 53.46475766074499], [-113.3947817296932, 53.466490249527695], [-113.39478012398352, 53.46655184812501], [-113.39477215391052, 53.46674212740068], [-113.39473856775446, 53.467556399051524], [-113.394737, 53.467595], [-113.39473520484546, 53.46776989229085], [-113.39473379181845, 53.46778040391461], [-113.39473098069212, 53.467903139525625], [-113.39464761651101, 53.46974469171215], [-113.39459567639702, 53.47160943397752], [-113.394583745928, 53.47184106566992], [-113.39454572652377, 53.47254561458421], [-113.3945487828993, 53.47269067738782], [-113.39455173527641, 53.472753736947666], [-113.39456, 53.47291], [-113.39455902823494, 53.47302507477495], [-113.39455653807592, 53.47301860863957], [-113.39456496854022, 53.473299592339195], [-113.39456925258501, 53.47347165580598], [-113.3945499976473, 53.47395216919232], [-113.39454885997584, 53.47439426594181], [-113.3945569875625, 53.47488401253085], [-113.39456050709676, 53.475722393686404], [-113.3945239770069, 53.47686221872661], [-113.394537, 53.478786], [-113.394537, 53.479228], [-113.39453694518144, 53.47930652936978], [-113.39453897717391, 53.47950124339748], [-113.39454495942135, 53.48040500864341], [-113.39454380812882, 53.48052658840397], [-113.39449454117914, 53.48303828912656], [-113.39449371212436, 53.483064993090984], [-113.39448670579185, 53.48324013998282], [-113.39450874753534, 53.48367296640478], [-113.39456130778666, 53.484723798554796], [-113.39459066717976, 53.4855142021373], [-113.39460233949795, 53.4859686603819], [-113.39462341968746, 53.486580455299205], [-113.39463941106159, 53.48677364973747], [-113.39467912500051, 53.48747917616281], [-113.3946875066914, 53.48768137045454], [-113.39470497862239, 53.488001449474524], [-113.39475938875769, 53.488856255938494], [-113.39479779905683, 53.48954395390364], [-113.39480568590467, 53.48993793823636], [-113.39481499082599, 53.4903177165502], [-113.39482585569624, 53.49287301216051], [-113.39483171132696, 53.49325124878919], [-113.39486015485406, 53.49381189552817], [-113.39487334585029, 53.49413283549394], [-113.39490381061616, 53.49501746103391], [-113.39489579600163, 53.49538880210103], [-113.39489793827731, 53.495496889574675], [-113.394901, 53.495778], [-113.3948231201798, 53.49629109642802], [-113.3949594757529, 53.49687619212705], [-113.39493038421836, 53.49734998599776], [-113.39488303719021, 53.49770450371905], [-113.39486247787279, 53.49788731070708], [-113.39484746098277, 53.4983518290104], [-113.39483896668222, 53.498601162993324], [-113.3948329872034, 53.49932294104283], [-113.39483575317783, 53.4998987832627], [-113.39484877690468, 53.50048487795273], [-113.39486399258938, 53.501219849827095], [-113.39485599788313, 53.50329605760881], [-113.39485499209523, 53.50378397611171], [-113.39485099794281, 53.50478802839339], [-113.39484799598748, 53.50626216715018], [-113.39485060718414, 53.507295973630285], [-113.39485399480192, 53.50742777569617], [-113.39486098970082, 53.50959746146884], [-113.39486399880741, 53.51026145560029], [-113.39486599926717, 53.51155921065286], [-113.39486498640153, 53.51237878494707], [-113.39486897727636, 53.51314425858016], [-113.39487492127985, 53.51402845272524], [-113.39488791282167, 53.5150637958691], [-113.39489805615835, 53.51595343722434], [-113.39489197194635, 53.516078490426544], [-113.39489, 53.516338], [-113.39488995619458, 53.51670564003562], [-113.39489598592857, 53.51736130496512], [-113.39386530368873, 53.51673341182394], [-113.39404213742952, 53.51672885384461], [-113.3940867127813, 53.51672684191073], [-113.39409354769973, 53.51672898213004], [-113.39677155800302, 53.51626038116266], [-113.39732808976453, 53.51617700354531], [-113.39808831074899, 53.516101226206096], [-113.3992763904976, 53.51602204065484], [-113.4001672195486, 53.51598139385944], [-113.40109820501894, 53.515932300726405], [-113.40205203378495, 53.51586800916796], [-113.40308229731916, 53.515765113938045], [-113.40457017332378, 53.51556305835176], [-113.40604523497187, 53.51533189255841], [-113.40752690777663, 53.515101327999545], [-113.40854883842339, 53.51494618716429], [-113.4095477089458, 53.51479551074011], [-113.41197473546477, 53.514424052262456], [-113.41451682185138, 53.5140429569349], [-113.41587452324751, 53.51383112348371], [-113.41735314161953, 53.513589186002996], [-113.41793399774612, 53.5134940129764], [-113.41869679598636, 53.51338103308816], [-113.4195923849845, 53.51329218240891], [-113.42009088583983, 53.513269002234836], [-113.42060050471883, 53.5132685954651], [-113.4214739015582, 53.51330070602935], [-113.42211931556814, 53.51336433453382], [-113.42280309512292, 53.51346021567457], [-113.42356078132283, 53.51361111845856], [-113.42425712465354, 53.513763528249044], [-113.42535764863251, 53.51401187340119], [-113.4268894451265, 53.51436005478836], [-113.42845930567817, 53.51471893676365], [-113.42935743220318, 53.51495982423154], [-113.4327045043476, 53.5157198406161], [-113.43486824562342, 53.516211330303534], [-113.43669633518493, 53.516622126162346], [-113.43749652908873, 53.51680119758592], [-113.43788134534834, 53.51688493902454], [-113.43832628169467, 53.516957654895286], [-113.43886486636409, 53.51703027504738], [-113.43984028846671, 53.51711300688776], [-113.44172280594154, 53.517106025877574], [-113.44186459475641, 53.51710500970313], [-113.44232577776705, 53.517103003858004], [-113.44267575381346, 53.51710402625395], [-113.44382091989425, 53.518090342786], [-113.44382197296824, 53.51817464725761], [-113.44382296972083, 53.51831021813449], [-113.4438249976876, 53.51857284946734], [-113.44382599334014, 53.519043649610715], [-113.4438239976473, 53.519590169192284], [-113.44382299254642, 53.5200528609751], [-113.443821, 53.520567], [-113.44382099769751, 53.5207001459178], [-113.44381992380082, 53.52115165526175], [-113.44382090820955, 53.52123145110827], [-113.44382583015222, 53.521632430048875], [-113.44381799664423, 53.522050590664875], [-113.4438168790343, 53.522418446326135], [-113.44382393302713, 53.52287242670107], [-113.44382899961795, 53.52331512587446], [-113.44382995855476, 53.52445089567325], [-113.44383589188605, 53.52510429570759], [-113.44383695287354, 53.5251772917197], [-113.44283204772451, 53.52429001771495], [-113.443006, 53.524289], [-113.4431005603537, 53.524289090316124], [-113.443858, 53.524279], [-113.44389143167037, 53.52427902157171], [-113.44891625296844, 53.524246016514326], [-113.44908997601293, 53.52424501814437], [-113.44925586326377, 53.52424401882995], [-113.45251509459116, 53.52422401743708], [-113.45454857526454, 53.524212009789196], [-113.45479134473828, 53.52421107619919], [-113.45550732975886, 53.52422000022461], [-113.45697895203224, 53.52421922153301], [-113.45708007628906, 53.52421711136477], [-113.45714560875975, 53.5242161343454], [-113.457284, 53.524214], [-113.457384, 53.524214], [-113.45745707178446, 53.524214039857306], [-113.45757433702092, 53.524213006708734], [-113.457851, 53.524212000000006], [-113.45789096734597, 53.524212004402585], [-113.45830758980328, 53.524216416373605], [-113.45855476836472, 53.52423912792857], [-113.45879372112776, 53.52428347605232], [-113.45871978641821, 53.5242659562578], [-113.45894171268839, 53.524311720375614], [-113.4591557053588, 53.52437265688317], [-113.45933567179333, 53.52444032132637], [-113.45935985128006, 53.52445327065349], [-113.45973907872799, 53.52460120039226], [-113.46019537587435, 53.52485636662604], [-113.46206391617123, 53.52590210950868], [-113.46267456687032, 53.52624349466276], [-113.46275813348066, 53.52628916916211], [-113.46322285248816, 53.52654147489547], [-113.4635526819618, 53.52671992417432], [-113.46383611938859, 53.52687361934988], [-113.46431894209924, 53.52713597385933], [-113.46487270024835, 53.52740835409701], [-113.46504633542456, 53.52748406884702], [-113.4657843870769, 53.52780748540598], [-113.46608809566438, 53.52793822277575], [-113.46654320252507, 53.52813513722729], [-113.46731036612897, 53.52846919087804], [-113.46761194006218, 53.52859799128938], [-113.46805445539626, 53.5287962007291], [-113.46843057612193, 53.52895328474404], [-113.46872305654529, 53.52909714953405], [-113.4688510326858, 53.52916388424291], [-113.46895511905448, 53.529219465202964], [-113.469207761104, 53.529354908385905], [-113.4698513351015, 53.52971274679081], [-113.47074622762376, 53.53023150524637], [-113.47088100699469, 53.530306168464726], [-113.47104635273661, 53.53039278319875], [-113.471348623476, 53.53060547053274], [-113.47123921667152, 53.53054737359333], [-113.4713531234415, 53.5306276708224], [-113.47143625427262, 53.53066167001402], [-113.47161574032775, 53.53074514403638], [-113.4717509482506, 53.53080117327762], [-113.47206246687085, 53.53092835648206], [-113.47250625656412, 53.531107231165656], [-113.47288901364172, 53.53125357902229], [-113.47309091045031, 53.53133538716564], [-113.47343200568075, 53.531398177402586], [-113.47382972887496, 53.53151598822958], [-113.47407071782368, 53.53158915381507], [-113.47442083173776, 53.53167783540813], [-113.47483484739365, 53.531765993553016], [-113.47515054199684, 53.531826965637876], [-113.47548465974545, 53.53188418197769], [-113.4757791452206, 53.531922123161515], [-113.4760321478646, 53.53195273004044], [-113.47648587119701, 53.531998194910855], [-113.4767868773062, 53.53201326171981], [-113.477207992836, 53.532023024450176], [-113.4775999835014, 53.53202645059661], [-113.47828527100383, 53.53200605755734], [-113.47871974582034, 53.53200189310667], [-113.479495, 53.53197], [-113.47993014721831, 53.53197232472385], [-113.48029564133574, 53.53199729029788], [-113.48047656005305, 53.53201155959708], [-113.48079486835108, 53.5320564203037], [-113.48122412524705, 53.532150407267146], [-113.48149084764705, 53.532231617013586], [-113.48179365084039, 53.532340862117564], [-113.48202112103311, 53.532444806615935], [-113.48227933339743, 53.53258882375492], [-113.48253137517843, 53.53276710509092], [-113.48295169368456, 53.533119109780976], [-113.48334635599595, 53.533494318984154], [-113.48351907687017, 53.53368344479953], [-113.48371949767908, 53.53392360528898], [-113.48378000279135, 53.53401079094992], [-113.484300618035, 53.53461490570069], [-113.48448656653675, 53.53501221624804], [-113.48458210792285, 53.53520983213014], [-113.48481828433948, 53.53573269768197], [-113.48482724168305, 53.536760354993916], [-113.4848703641955, 53.53612435288519], [-113.48501564448345, 53.536723288882676], [-113.48503236397046, 53.53742628043211], [-113.485006, 53.537378], [-113.48484235001851, 53.53793019581038], [-113.48457967072343, 53.53825950198959], [-113.48423621249415, 53.53851592144677], [-113.48401076188264, 53.53862205685027], [-113.48376816707523, 53.538701015761404], [-113.48347048339964, 53.53875675594926], [-113.48322275012204, 53.538772980469325], [-113.48293361218018, 53.538762792681766], [-113.48265590915327, 53.5387177035729], [-113.48243489324899, 53.53865420500902], [-113.48226573077648, 53.538587399459864], [-113.4820149282378, 53.53845339912209], [-113.48176245567352, 53.53825227792057], [-113.4815104207521, 53.53792589054793], [-113.48136268397606, 53.53750950110518], [-113.48136963682491, 53.53704240037445], [-113.48157572173115, 53.53654003889565], [-113.48184636123723, 53.536230302561435], [-113.48214037942664, 53.536020314795074], [-113.48246127006766, 53.535867537144476], [-113.48274869764218, 53.53578465360326], [-113.48324247091125, 53.53556019758593], [-113.48342962360746, 53.53552067720327], [-113.48456409641351, 53.53531784918426], [-113.48559230810208, 53.535165315375025], [-113.48611578090897, 53.5350973839319], [-113.48647930483094, 53.53505006925879], [-113.48690312696998, 53.53499946936706], [-113.48730098526403, 53.534947357323475], [-113.48767562246876, 53.534898771200204], [-113.48808875527168, 53.5348376571735], [-113.4884758681011, 53.53477806711922], [-113.48885676626297, 53.53471594389001], [-113.48916413034091, 53.53466238461033], [-113.48962810617743, 53.534572175653885], [-113.49006346294684, 53.53448607576706], [-113.49042165744183, 53.53440436598061], [-113.49102028018282, 53.534261405352574], [-113.49158753564524, 53.5341228393031], [-113.49201921721047, 53.53398716917207], [-113.49238955373883, 53.53384899532846], [-113.4930050209207, 53.53360965439379], [-113.49336451915725, 53.53347210773199], [-113.49373879064495, 53.53334617884148], [-113.49403997454607, 53.533265815387225], [-113.49438377098194, 53.53318708298032], [-113.49486464564488, 53.53311156418031], [-113.4950849187934, 53.53309340980102], [-113.49539666510692, 53.53307689652346], [-113.495557, 53.533071], [-113.49638967171761, 53.53307100271045], [-113.497251, 53.533069000000005], [-113.49839682661472, 53.53413489421038], [-113.49838899198842, 53.534252504677546], [-113.49836684326655, 53.53453739459646], [-113.4983365731472, 53.5349101918776], [-113.4982737934235, 53.535217743063065], [-113.49821585675171, 53.535376647266546], [-113.4980780502943, 53.53566770019629], [-113.49799456423501, 53.53579114645798], [-113.49751252825837, 53.53635013529786], [-113.49701259004812, 53.5366870230184], [-113.4966081757432, 53.53692973207822], [-113.49660989840244, 53.536902555646684], [-113.49658529148348, 53.53692687093924], [-113.49658739816677, 53.53691779266169], [-113.49659350601593, 53.536900603368984], [-113.49660664351796, 53.53686046687079], [-113.49661666386604, 53.53681237535034], [-113.49661844476051, 53.536779910029956], [-113.49661688322253, 53.53670571794199], [-113.49662391112297, 53.53716566785173], [-113.49662486995254, 53.53723787306532], [-113.49662599775569, 53.537318118639305], [-113.49662499440727, 53.53779134446289], [-113.4966239933885, 53.53809063633963], [-113.49660167779119, 53.53856740151173], [-113.49655649532517, 53.53875373885632], [-113.49649081602873, 53.53892712018041], [-113.49636600000002, 53.53914299999997], [-113.4962033182504, 53.53933405526821], [-113.49607450460765, 53.5394535766949], [-113.49606947575478, 53.53945754510512], [-113.49598996198752, 53.5395307660248], [-113.49589648130906, 53.539614465820534], [-113.49542645111872, 53.53999246075289], [-113.49514030828419, 53.540152908916234], [-113.49487129799392, 53.54025142682234], [-113.49472817044185, 53.54028730486456], [-113.49460526691227, 53.54031257024732], [-113.49431507879872, 53.5403597534035], [-113.4943255815314, 53.54035112285207], [-113.49433743601625, 53.54034506235356], [-113.49432793260114, 53.540345022172666], [-113.49470150505643, 53.53991028886699], [-113.49473901601385, 53.53974765059387], [-113.49473724058822, 53.53956537038387], [-113.49474297018662, 53.53968272177749], [-113.49473900000001, 53.540193], [-113.49473899767763, 53.54036415516744], [-113.494738, 53.540826], [-113.49473785879694, 53.540959804349484], [-113.49473561442065, 53.54108976706716], [-113.49473499727051, 53.54109566355778], [-113.494736, 53.541526], [-113.494736, 53.541957], [-113.494736, 53.541987], [-113.494736, 53.542045], [-113.49473565391935, 53.54211369331798], [-113.49473626117464, 53.54221643312201], [-113.4947356683473, 53.54217824741962], [-113.49474699725772, 53.54263334191395], [-113.494746, 53.543058], [-113.49474544490698, 53.543149314830146], [-113.49474500000001, 53.543146], [-113.49474500000001, 53.543209], [-113.49474500000001, 53.543241], [-113.49474500000001, 53.543281], [-113.49474498046932, 53.54329824987792], [-113.49474400000001, 53.543452], [-113.49474398269942, 53.54354088225118], [-113.49473995752994, 53.54422421619848], [-113.494738, 53.544432], [-113.494738, 53.5445]]}}, {"type": "Feature", "properties": {"DAUID": "48112169", "mode": "car", "period": "weekend", "speed_factor": 1.0, "transit_mins": 111.0}, "geometry": {"type": "LineString", "coordinates": [[-113.460209, 53.447855], [-113.460138, 53.447697], [-113.45995, 53.447312], [-113.460657, 53.447189], [-113.461399, 53.447074], [-113.461467, 53.447199], [-113.461704, 53.447564], [-113.461812, 53.447765], [-113.461889, 53.448039], [-113.461899, 53.448074], [-113.461951, 53.448456], [-113.461814, 53.448801], [-113.461644, 53.449131], [-113.461303, 53.449459], [-113.460925, 53.449667], [-113.460616, 53.449783], [-113.460311, 53.449862], [-113.460092, 53.44991], [-113.459834, 53.449954], [-113.459949, 53.450321], [-113.459965, 53.450422], [-113.459969, 53.450867], [-113.459967, 53.451755], [-113.459969, 53.451817], [-113.459972, 53.452002], [-113.460112, 53.451994], [-113.46154, 53.451931], [-113.462362, 53.45191], [-113.463181, 53.451899], [-113.464342, 53.451913], [-113.465606, 53.451917], [-113.465799, 53.451983], [-113.46599, 53.452032], [-113.466083, 53.45208], [-113.466135, 53.452116], [-113.466224, 53.452213], [-113.466379, 53.452459], [-113.466364, 53.453293], [-113.466382, 53.455089], [-113.466347, 53.456518], [-113.466339, 53.457236], [-113.466339, 53.457321], [-113.466351, 53.457536], [-113.466332, 53.457943], [-113.466348, 53.458695], [-113.466348, 53.45877], [-113.466354, 53.458952], [-113.466372, 53.463305], [-113.466372, 53.464437], [-113.466354, 53.465169], [-113.466364, 53.465234], [-113.466367, 53.465306], [-113.466368, 53.465408], [-113.466365, 53.465477], [-113.466369, 53.46564], [-113.466361, 53.466079], [-113.466358, 53.468594], [-113.466367, 53.472658], [-113.466379, 53.473384], [-113.466377, 53.47398], [-113.466378, 53.474044], [-113.466379, 53.474107], [-113.466379, 53.474195], [-113.46638, 53.474262], [-113.466384, 53.474417], [-113.466385, 53.474842], [-113.466383, 53.479496], [-113.466392, 53.479677], [-113.466408, 53.480003], [-113.466415, 53.480085], [-113.466421, 53.480162], [-113.466476, 53.480926], [-113.466501, 53.481162], [-113.466542, 53.481674], [-113.466565, 53.481996], [-113.466585, 53.48221], [-113.466597, 53.482334], [-113.466617, 53.482474], [-113.466632, 53.482625], [-113.466692, 53.483252], [-113.466732, 53.483583], [-113.466787, 53.484204], [-113.466814, 53.48472], [-113.466986, 53.486654], [-113.466994, 53.486776], [-113.467147, 53.487146], [-113.467238, 53.488005], [-113.467239, 53.48801], [-113.467253, 53.488069], [-113.467276, 53.488118], [-113.467304, 53.488159], [-113.467357, 53.488187], [-113.467476, 53.488188], [-113.467795, 53.488189], [-113.468779, 53.488189], [-113.468997, 53.488192], [-113.469142, 53.488192], [-113.470338, 53.488174], [-113.471036, 53.488167], [-113.471248, 53.488146], [-113.471489, 53.488123], [-113.471657, 53.48812], [-113.47205, 53.488122], [-113.472268, 53.488123], [-113.473273, 53.48813], [-113.473435, 53.48813], [-113.473658, 53.488132], [-113.474507, 53.488134], [-113.474556, 53.488134], [-113.474717, 53.488134], [-113.475236, 53.488135], [-113.475823, 53.488138], [-113.476052, 53.488139], [-113.476384, 53.48814], [-113.476575, 53.48814], [-113.477241, 53.488142], [-113.47789, 53.488143], [-113.478654, 53.488147], [-113.479234, 53.488148], [-113.479395, 53.488148], [-113.479567, 53.488149], [-113.480077, 53.48815], [-113.480733, 53.488152], [-113.481746, 53.488154], [-113.481876, 53.488154], [-113.4821, 53.488203], [-113.483226, 53.488201], [-113.4833, 53.488202], [-113.484133, 53.488201], [-113.4843, 53.488201], [-113.484739, 53.488201], [-113.485327, 53.4882], [-113.485922, 53.488203], [-113.486119, 53.488204], [-113.486307, 53.488203], [-113.486821, 53.488203], [-113.48724, 53.488204], [-113.488073, 53.488204], [-113.488779, 53.488204], [-113.48973, 53.488205], [-113.490353, 53.488205], [-113.490787, 53.488207], [-113.49126, 53.488216], [-113.491578, 53.488236], [-113.491667, 53.488256], [-113.491748, 53.488283], [-113.491797, 53.488308], [-113.491852, 53.488348], [-113.491891, 53.488383], [-113.491939, 53.488486], [-113.491941, 53.488739], [-113.491943, 53.488799], [-113.491944, 53.488919], [-113.491942, 53.48904], [-113.49194, 53.489286], [-113.49194, 53.489498], [-113.491943, 53.489673], [-113.491941, 53.489895], [-113.491942, 53.489914], [-113.49194, 53.490004], [-113.491941, 53.490429], [-113.491939, 53.490461], [-113.491935, 53.491348], [-113.491935, 53.491403], [-113.491934, 53.491597], [-113.491936, 53.491669], [-113.491935, 53.492055], [-113.491935, 53.492229], [-113.491935, 53.492561], [-113.491939, 53.492661], [-113.491936, 53.492967], [-113.491938, 53.49325], [-113.491937, 53.493628], [-113.491934, 53.495136], [-113.491927, 53.496338], [-113.49193, 53.496445], [-113.491931, 53.496521], [-113.491933, 53.496908], [-113.49193, 53.497059], [-113.491926, 53.497217], [-113.491935, 53.497337], [-113.491937, 53.497482], [-113.491948, 53.497564], [-113.491959, 53.497652], [-113.491978, 53.497731], [-113.491993, 53.497789], [-113.491997, 53.497805], [-113.492049, 53.497949], [-113.492057, 53.497965], [-113.492138, 53.498125], [-113.492198, 53.49822], [-113.492244, 53.498287], [-113.4924, 53.498467], [-113.492596, 53.498654], [-113.492829, 53.498855], [-113.492913, 53.498927], [-113.493356, 53.499314], [-113.493502, 53.499442], [-113.493638, 53.499559], [-113.493732, 53.49964], [-113.493777, 53.499689], [-113.493804, 53.499718], [-113.493837, 53.499755], [-113.493889, 53.49982], [-113.493962, 53.49993], [-113.494027, 53.500027], [-113.494116, 53.500214], [-113.494203, 53.500398], [-113.494222, 53.500446], [-113.49434, 53.500751], [-113.494392, 53.500892], [-113.494501, 53.501228], [-113.494552, 53.501463], [-113.494573, 53.501593], [-113.494589, 53.501728], [-113.494591, 53.501852], [-113.494595, 53.502319], [-113.494596, 53.502538], [-113.494597, 53.502713], [-113.4946, 53.503458], [-113.4946, 53.503522], [-113.494614, 53.504365], [-113.494719, 53.505888], [-113.494759, 53.506353], [-113.494774, 53.506719], [-113.494749, 53.506994], [-113.494697, 53.507197], [-113.49462, 53.507381], [-113.494351, 53.507937], [-113.494281, 53.508074], [-113.49418, 53.508292], [-113.494114, 53.508488], [-113.494077, 53.508733], [-113.494071, 53.508979], [-113.49409, 53.50923], [-113.494401, 53.511133], [-113.4945, 53.511755], [-113.494556, 53.512078], [-113.494567, 53.512156], [-113.494583, 53.512353], [-113.494431, 53.513508], [-113.494333, 53.514237], [-113.494332, 53.514353], [-113.494344, 53.514472], [-113.494369, 53.514638], [-113.494433, 53.515027], [-113.494485, 53.515326], [-113.494516, 53.5155], [-113.494544, 53.515709], [-113.494615, 53.516136], [-113.494635, 53.516268], [-113.494765, 53.517076], [-113.494777, 53.517169], [-113.494784, 53.517227], [-113.494826, 53.517558], [-113.494883, 53.517963], [-113.494899, 53.518074], [-113.494916, 53.518195], [-113.494938, 53.518316], [-113.494983, 53.518599], [-113.495056, 53.519057], [-113.495063, 53.519096], [-113.495178, 53.519826], [-113.495191, 53.519909], [-113.4952, 53.519967], [-113.495264, 53.520373], [-113.495372, 53.520971], [-113.495422, 53.521281], [-113.49551, 53.521835], [-113.495783, 53.523514], [-113.49578, 53.523584], [-113.495777, 53.523597], [-113.495775, 53.523638], [-113.495753, 53.523661], [-113.495696, 53.523685], [-113.494801, 53.52385], [-113.494269, 53.523942], [-113.494223, 53.52395], [-113.494055, 53.523982], [-113.493923, 53.524019], [-113.493787, 53.524054], [-113.493597, 53.524123], [-113.493561, 53.524149], [-113.493535, 53.524177], [-113.493531, 53.524206], [-113.493547, 53.524243], [-113.493578, 53.524267], [-113.493614, 53.52428], [-113.493673, 53.524287], [-113.494002, 53.524217], [-113.494183, 53.52419], [-113.494968, 53.524131], [-113.495388, 53.524105], [-113.495709, 53.524094], [-113.497242, 53.524105], [-113.497489, 53.524106], [-113.497721, 53.524139], [-113.497904, 53.524199], [-113.498002, 53.524253], [-113.498105, 53.524307], [-113.498147, 53.524334], [-113.498222, 53.524382], [-113.498533, 53.52458], [-113.498641, 53.524644], [-113.498882, 53.524768], [-113.499022, 53.524816], [-113.499185, 53.524861], [-113.499351, 53.524893], [-113.499525, 53.524914], [-113.499726, 53.524923], [-113.500078, 53.524935], [-113.500263, 53.524942], [-113.500427, 53.524957], [-113.500583, 53.524977], [-113.500778, 53.525013], [-113.500961, 53.525059], [-113.501156, 53.525107], [-113.501315, 53.525156], [-113.501471, 53.525221], [-113.501611, 53.52529], [-113.501762, 53.525379], [-113.501902, 53.525465], [-113.502036, 53.525564], [-113.502197, 53.525706], [-113.502341, 53.525862], [-113.502414, 53.525978], [-113.502464, 53.526084], [-113.502503, 53.526202], [-113.502512, 53.526244], [-113.502531, 53.526332], [-113.502551, 53.52642], [-113.502556, 53.526518], [-113.502554, 53.526615], [-113.502512, 53.526834], [-113.502365, 53.527101], [-113.502281, 53.527264], [-113.501183, 53.529377], [-113.501139, 53.529505], [-113.501096, 53.529771], [-113.501098, 53.53009], [-113.5011, 53.530428], [-113.501096, 53.530513], [-113.500913, 53.530532], [-113.50035, 53.530591], [-113.49984, 53.530694], [-113.499411, 53.530844], [-113.498783, 53.531153], [-113.498451, 53.53134], [-113.498202, 53.531512], [-113.497932, 53.531759], [-113.497748, 53.531977], [-113.497482, 53.532386], [-113.497439, 53.53248], [-113.497413, 53.53258], [-113.497428, 53.532852], [-113.497427, 53.532879], [-113.497424, 53.533196], [-113.497422, 53.533398], [-113.497416, 53.53382], [-113.497407, 53.533891], [-113.497399, 53.534069], [-113.497392, 53.534175], [-113.49737, 53.534458], [-113.497343, 53.534797], [-113.497334, 53.534876], [-113.497282, 53.535019], [-113.497246, 53.535113], [-113.497188, 53.5352], [-113.496952, 53.535522], [-113.496494, 53.535832], [-113.496034, 53.536111], [-113.49588, 53.536219], [-113.495821, 53.536282], [-113.495767, 53.536346], [-113.495721, 53.536412], [-113.495679, 53.536487], [-113.495648, 53.536564], [-113.495628, 53.536642], [-113.495617, 53.536721], [-113.495624, 53.537179], [-113.495625, 53.537254], [-113.495626, 53.537316], [-113.495625, 53.537788], [-113.495624, 53.538087], [-113.495623, 53.538362], [-113.495606, 53.538443], [-113.495589, 53.538495], [-113.495566, 53.538543], [-113.495521, 53.538603], [-113.495416, 53.538701], [-113.495392, 53.538722], [-113.495316, 53.538792], [-113.495259, 53.538844], [-113.494894, 53.539146], [-113.49477, 53.539224], [-113.494622, 53.539283], [-113.494521, 53.539309], [-113.494436, 53.539327], [-113.494075, 53.539389], [-113.493982, 53.539412], [-113.493941, 53.539427], [-113.493853, 53.539465], [-113.49379, 53.539499], [-113.493753, 53.539581], [-113.493741, 53.539652], [-113.493743, 53.539675], [-113.493739, 53.540193], [-113.493739, 53.540362], [-113.493738, 53.540826], [-113.493738, 53.540943], [-113.493736, 53.541062], [-113.493735, 53.541098], [-113.493736, 53.541526], [-113.493736, 53.541957], [-113.493736, 53.541987], [-113.493736, 53.542045], [-113.493736, 53.54214], [-113.493737, 53.542178], [-113.493736, 53.542204], [-113.493747, 53.542631], [-113.493746, 53.543058], [-113.493746, 53.543116], [-113.493745, 53.543146], [-113.493745, 53.543209], [-113.493745, 53.543241], [-113.493745, 53.543281], [-113.493745, 53.543292], [-113.493744, 53.543452], [-113.493744, 53.543535], [-113.49374, 53.544215], [-113.493738, 53.544432], [-113.493738, 53.5445]]}}, {"type": "Feature", "properties": {"DAUID": "48112169", "mode": "transit", "period": "weekend", "speed_factor": 0.2, "transit_mins": 111.0}, "geometry": {"type": "LineString", "coordinates": [[-113.45929686258299, 53.448264884535526], [-113.45923941108161, 53.44813579147182], [-113.45977860001749, 53.44632679847442], [-113.46050384205122, 53.446200798278326], [-113.46227743215111, 53.4465961329098], [-113.4623057060122, 53.446654415548245], [-113.46258489292327, 53.44709068439944], [-113.46277470815266, 53.44749445792788], [-113.46285052394761, 53.447764278872], [-113.46288986170951, 53.447939118301335], [-113.46288040272476, 53.44882506716895], [-113.46270297455644, 53.449258956589674], [-113.46233723541943, 53.449851711213505], [-113.46178509668782, 53.45033511801921], [-113.46127645545111, 53.45060320460685], [-113.46086674185261, 53.45075105398782], [-113.46052509592141, 53.45083881264142], [-113.46026011535837, 53.450895767328674], [-113.46078824836253, 53.449654984845544], [-113.46093668354811, 53.450164535279484], [-113.4609649596035, 53.45041301159906], [-113.4609689974637, 53.450869252246534], [-113.46096648011435, 53.45172275870607], [-113.46096886854309, 53.45180078591556], [-113.45991495020945, 53.451003628665575], [-113.46006792522493, 53.45099497176506], [-113.46151446088771, 53.450931326176324], [-113.46234857019783, 53.45091009018386], [-113.46319305769359, 53.45089907269663], [-113.46434516454111, 53.45091300500717], [-113.46592957217808, 53.45097079650943], [-113.46604749736166, 53.45101436742711], [-113.4664486429198, 53.45114337934296], [-113.46665220997879, 53.45125780780833], [-113.46687183874283, 53.45143993146276], [-113.46707006049446, 53.45167991310305], [-113.46737883829812, 53.4524769827032], [-113.46736394978082, 53.4532829782316], [-113.46738170018988, 53.455113485309056], [-113.46734693793302, 53.45652914136972], [-113.46733900000001, 53.457236], [-113.46733744603105, 53.45726527277967], [-113.46734991212436, 53.45758263226135], [-113.46733177373005, 53.45792172821851], [-113.467348, 53.458695], [-113.46734745702992, 53.45873705086715], [-113.46735399145066, 53.45894786495609], [-113.46737200000001, 53.463305], [-113.46737169779897, 53.464461582732774], [-113.46734237169764, 53.4650169428157], [-113.46736313307309, 53.465192369455195], [-113.46736695194502, 53.46529619654958], [-113.46736705615835, 53.46545143722437], [-113.46736469903313, 53.465452467508364], [-113.46736883399821, 53.46565822020952], [-113.46736099928857, 53.4660801928421], [-113.46735799754785, 53.468591785438505], [-113.4673668634253, 53.47264147333182], [-113.46737899436967, 53.47338735568582], [-113.46737687795202, 53.473964376906814], [-113.46737787404749, 53.47402812898341], [-113.46737900000001, 53.474107], [-113.46737888863522, 53.474180076289066], [-113.46737966717976, 53.47423620213727], [-113.46738399723185, 53.474414647065345], [-113.46738499990767, 53.474842429737826], [-113.46738176606166, 53.479446337599114], [-113.46739079776039, 53.47962797925102], [-113.46740437612979, 53.479917943501164], [-113.46741197783057, 53.48000731341581], [-113.4674184187824, 53.48009019629184], [-113.46747043596874, 53.48082065720673], [-113.46749780908509, 53.48108217739746], [-113.46753945869983, 53.48160275295002], [-113.46756066120828, 53.481902947550665], [-113.46758035001355, 53.48211367580516], [-113.46758694949365, 53.48219257864372], [-113.4676121022246, 53.48237514878561], [-113.46762745255823, 53.482529741382], [-113.46768477714654, 53.48313202693094], [-113.46772810088233, 53.483494778504785], [-113.46778563382153, 53.48415174590468], [-113.46781006860218, 53.484631414788225], [-113.46798385694906, 53.48658856675749], [-113.46791810808855, 53.486393868817444], [-113.46814143545484, 53.48704065235578], [-113.46821858067526, 53.48780888386272], [-113.46821198287543, 53.48777912270764], [-113.46815823694408, 53.487644092862986], [-113.46810180098188, 53.48755403835386], [-113.46777112103304, 53.4872748066159], [-113.46736540306463, 53.48718703530638], [-113.46747913478083, 53.48718800491344], [-113.467795, 53.487189], [-113.46879276016502, 53.48718909467555], [-113.468997, 53.487192], [-113.46912695153698, 53.48719211323453], [-113.47032797185096, 53.48717405028315], [-113.47093742583095, 53.487171870293274], [-113.47115299598156, 53.487150523111026], [-113.47147114570359, 53.48712315940065], [-113.4716620889926, 53.487120012949006], [-113.47205458710772, 53.48712201052083], [-113.47227496500518, 53.48712302425594], [-113.473273, 53.48713], [-113.47344396824919, 53.487130040215554], [-113.47366035570607, 53.48713200277468], [-113.474507, 53.487134000000005], [-113.474556, 53.487134000000005], [-113.47471892677869, 53.48713400185624], [-113.47524111066579, 53.487135013059536], [-113.47582736677059, 53.48713800953439], [-113.47605501203454, 53.48713900453618], [-113.476384, 53.487140000000004], [-113.47657800298946, 53.48714000450899], [-113.47724254083022, 53.48714200118708], [-113.47789523553034, 53.487143013705484], [-113.47865572413538, 53.48714700148632], [-113.479234, 53.487148000000005], [-113.47940081385521, 53.487148016900605], [-113.47956896078054, 53.48714900192233], [-113.48008004876631, 53.487150004647496], [-113.48073497432982, 53.48715200194899], [-113.481746, 53.487154000000004], [-113.48208969687879, 53.4871770999826], [-113.48209822380387, 53.487203001577434], [-113.48323951227987, 53.48720109129502], [-113.48329879952067, 53.48720200072058], [-113.484133, 53.487201], [-113.4843, 53.487201], [-113.48473729932219, 53.48720100144615], [-113.48533204195272, 53.48720001271072], [-113.48592707607676, 53.487203012883356], [-113.4861136809263, 53.48720401414638], [-113.486307, 53.487203], [-113.48682338662806, 53.487203002848], [-113.48724, 53.487204000000006], [-113.488073, 53.487204000000006], [-113.48878005152412, 53.48720400055286], [-113.48973, 53.487205], [-113.490357608246, 53.48720501061802], [-113.49080602404067, 53.48720718097344], [-113.49132276906151, 53.48721797192178], [-113.49179725132905, 53.487260331585674], [-113.49198322776607, 53.487307316701965], [-113.49220247034167, 53.48739223813028], [-113.49238517169775, 53.487499263915744], [-113.49251990974173, 53.48760375771627], [-113.49279740783138, 53.487960596350376], [-113.49293896875587, 53.48847809510867], [-113.49294044490698, 53.48870568516961], [-113.4929429652796, 53.48879066695603], [-113.4929438634253, 53.488935526668264], [-113.49294196695253, 53.4890481298126], [-113.49294, 53.489286], [-113.4929398530936, 53.489480859661214], [-113.49294295942136, 53.48968200864348], [-113.49293961782934, 53.48984244116701], [-113.49294175317783, 53.48993621673723], [-113.49293999723184, 53.49000164706534], [-113.49293905257849, 53.49049137828599], [-113.49293898983198, 53.49046550953702], [-113.492935, 53.491348], [-113.49293498671511, 53.491408154570685], [-113.49293361442065, 53.49156923293283], [-113.49293599664422, 53.49167159066488], [-113.492935, 53.492055], [-113.492935, 53.492229], [-113.49293420095871, 53.49252103196161], [-113.49293895194502, 53.49267080345046], [-113.49293597502871, 53.492959933038634], [-113.49293799650069, 53.49325264549342], [-113.49293699802116, 53.49362998938598], [-113.49293398304312, 53.495141823528535], [-113.49292660718416, 53.496309973630424], [-113.49292991344613, 53.49643184324417], [-113.49293098664636, 53.49651583211033], [-113.49293280269865, 53.496927863629814], [-113.4929296796925, 53.49708430834658], [-113.4929231993099, 53.49714221005183], [-113.49293490488871, 53.49732320820847], [-113.49292812202245, 53.49734904460673], [-113.49294027787671, 53.49743996526541], [-113.4929312754754, 53.49741816159442], [-113.49294614691165, 53.49748061717816], [-113.49296314250009, 53.49754646437476], [-113.4929375538997, 53.49746535553624], [-113.49294342719084, 53.49750178640418], [-113.49294918560257, 53.49751333103873], [-113.49298348890301, 53.49759100700859], [-113.49302240077566, 53.4976539934973], [-113.49299968908278, 53.497632069461574], [-113.4930903001333, 53.49774347686563], [-113.49324919672583, 53.49789681175565], [-113.49347979137346, 53.49809574339764], [-113.49357090262504, 53.498173896995105], [-113.49401523353937, 53.498562061744174], [-113.49415416742876, 53.49868392504007], [-113.49429078018649, 53.49880145262318], [-113.49446852988841, 53.4989635950004], [-113.49450889397444, 53.4990075814721], [-113.49455029543444, 53.499052385153014], [-113.49461786880946, 53.499130304952466], [-113.49472221379217, 53.49926704902882], [-113.49479273037315, 53.499373325007646], [-113.49492994975274, 53.499597253860976], [-113.49502003774737, 53.499786547369474], [-113.4951328066131, 53.500029951549074], [-113.49515463449663, 53.50008517747343], [-113.49527822945937, 53.5004049862986], [-113.49534320036341, 53.5005834260726], [-113.4954782513664, 53.501015915660915], [-113.49553920258339, 53.50130352881342], [-113.49556604981532, 53.50147530520706], [-113.49558886995254, 53.501711873065325], [-113.49559096331974, 53.50184343500368], [-113.49559498957503, 53.50231443383757], [-113.49559598367387, 53.5025322858076], [-113.49559699189236, 53.502708973187005], [-113.49560000000001, 53.503458], [-113.49559986212641, 53.50350539493503], [-113.49561163187857, 53.50429622038919], [-113.49571532055784, 53.50580229500578], [-113.49575816122848, 53.50631205076931], [-113.49576989320647, 53.506809535746065], [-113.49571772271648, 53.50724214572046], [-113.49561948251213, 53.507583038877364], [-113.49552017972717, 53.50781651860902], [-113.49524149321003, 53.50839199653063], [-113.49518834932987, 53.50849437744183], [-113.49512771180916, 53.50861112744596], [-113.49510278784582, 53.50863732714403], [-113.49507670269065, 53.50875738299245], [-113.49506814722025, 53.50890351873634], [-113.4950769076221, 53.50906871346796], [-113.49538856910571, 53.51097581456355], [-113.49548530117528, 53.51158417379005], [-113.49554620179615, 53.51193835615694], [-113.49556371802402, 53.5120750482823], [-113.49557445137359, 53.512483476717556], [-113.49542208484297, 53.51364123225599], [-113.49533296284392, 53.51424562036932], [-113.4953269540641, 53.514252668497754], [-113.49533284879367, 53.51432307698885], [-113.49535573456247, 53.51447565806686], [-113.49541821175482, 53.51485565882526], [-113.49546949743618, 53.51515060103145], [-113.49550714487071, 53.515367215041245], [-113.4955304562906, 53.515544975651935], [-113.49560371550422, 53.515986194620524], [-113.49562230300893, 53.51610915174361], [-113.49575677786663, 53.51694802866239], [-113.49576979561301, 53.51704917983986], [-113.49577604561516, 53.51710112110017], [-113.49581624076781, 53.51741863278083], [-113.49587277036954, 53.517820330397164], [-113.4958892742048, 53.51793487056627], [-113.4958998699101, 53.51801611456179], [-113.49592559260965, 53.51815896230589], [-113.49597053464257, 53.51844159819016], [-113.49604027120702, 53.51888033593729], [-113.49605081776268, 53.51894038487301], [-113.49616595523166, 53.519671260023834], [-113.49617917390339, 53.51975566267031], [-113.49618780238795, 53.51981128730828], [-113.4962480798672, 53.520195273201246], [-113.49635924112071, 53.52081176756117], [-113.49640961799756, 53.52112412205095], [-113.4964970376061, 53.521674510859754], [-113.49678208289582, 53.52355681783848], [-113.49675439119582, 53.52380885950611], [-113.49677581235112, 53.523645722553944], [-113.4964976418571, 53.524329222646], [-113.4961410570001, 53.52458263537511], [-113.49587730226173, 53.52466842741973], [-113.49497140309838, 53.52483537443851], [-113.49444034117478, 53.524927211754814], [-113.49441011210787, 53.52493233856642], [-113.4943249004864, 53.52494488822167], [-113.49417223187099, 53.524987443841674], [-113.4941283458249, 53.524993937778696], [-113.49418249055387, 53.524933679228376], [-113.49429379349156, 53.52482945109944], [-113.49452562112928, 53.52431363739681], [-113.49444885703593, 53.523809088849255], [-113.49415917319314, 53.523452276292495], [-113.49391764446372, 53.52332644610029], [-113.49373181773991, 53.523286964763884], [-113.49346489235553, 53.523308894071015], [-113.49385446121916, 53.52322794372852], [-113.49410805215308, 53.52319281254508], [-113.49490621351397, 53.523132910610144], [-113.49535375218976, 53.52310558662832], [-113.49571617528822, 53.52309402574271], [-113.49724604854984, 53.52310500819541], [-113.49762982389575, 53.523115965338796], [-113.49803255066918, 53.52318877045903], [-113.49838660475366, 53.52332316174339], [-113.49846632826683, 53.5233673368244], [-113.49864575759128, 53.5234658215246], [-113.49868605369645, 53.52349172859935], [-113.49875905098743, 53.523538450216705], [-113.49904280239026, 53.52371970846635], [-113.49909851474085, 53.52375479796339], [-113.49920632432432, 53.52382205405405], [-113.49928811849418, 53.523852059676614], [-113.49937428616224, 53.523879078033254], [-113.49947082016021, 53.52390020438699], [-113.49956973130095, 53.52391500094559], [-113.49976007111627, 53.52392358058903], [-113.50011581078066, 53.52393571508324], [-113.50035408322717, 53.523946156716285], [-113.50055416431599, 53.52396511833531], [-113.50076454747948, 53.52399361781961], [-113.50102178239342, 53.524043170043434], [-113.50120001904713, 53.524087985121064], [-113.5014505081705, 53.52415135103856], [-113.50169961538464, 53.52423292307693], [-113.50191308067922, 53.52432402470878], [-113.50211876792572, 53.524428506103554], [-113.50228541810586, 53.52452692401368], [-113.50249622228073, 53.52466069913521], [-113.50269746755743, 53.524814026220135], [-113.5029318034446, 53.525027719897246], [-113.50318735465956, 53.52532938025737], [-113.5033184315925, 53.52555138132426], [-113.50341348487508, 53.5257701872023], [-113.50348080241412, 53.52599247091146], [-113.50348947613413, 53.52603295401639], [-113.50350613285582, 53.526110378896504], [-113.50354970099448, 53.52636904586761], [-113.5035557875053, 53.526538614175315], [-113.50353610227923, 53.52680334838235], [-113.50338800801406, 53.52731629654706], [-113.50325390726952, 53.52755908718185], [-113.503168347404, 53.52772510149058], [-113.5021286865993, 53.52970207976852], [-113.50212618459993, 53.52966458247289], [-113.5020959803467, 53.52976473053076], [-113.50209798249406, 53.53008408294384], [-113.50209889456923, 53.530475006803144], [-113.50119927002079, 53.53150765335811], [-113.50101722499276, 53.53152655374459], [-113.50054796384363, 53.531571209322856], [-113.50017005637184, 53.53163796122346], [-113.49985248939304, 53.53174126646869], [-113.49927375955855, 53.53202429504515], [-113.49901935053356, 53.53216278652822], [-113.49887698181094, 53.532249834368216], [-113.49869618349038, 53.53240399890933], [-113.49858630310341, 53.53252220446332], [-113.49839136993207, 53.53280198837324], [-113.49840682250678, 53.5327316338518], [-113.4984114828605, 53.53252493660694], [-113.49842731483378, 53.53288901166041], [-113.49842695522199, 53.532888463298654], [-113.4984239509888, 53.53320590050481], [-113.49842189893943, 53.53341221657259], [-113.49840806142193, 53.533945754264835], [-113.49840599155401, 53.53393589849677], [-113.49839682661472, 53.53413489421038], [-113.49838899198842, 53.534252504677546], [-113.49836684326655, 53.53453739459646], [-113.4983365731472, 53.5349101918776], [-113.4982737934235, 53.535217743063065], [-113.49821585675171, 53.535376647266546], [-113.4980780502943, 53.53566770019629], [-113.49799456423501, 53.53579114645798], [-113.49751252825837, 53.53635013529786], [-113.49701259004812, 53.5366870230184], [-113.4966081757432, 53.53692973207822], [-113.49660989840244, 53.536902555646684], [-113.49658529148348, 53.53692687093924], [-113.49658739816677, 53.53691779266169], [-113.49659350601593, 53.536900603368984], [-113.49660664351796, 53.53686046687079], [-113.49661666386604, 53.53681237535034], [-113.49661844476051, 53.536779910029956], [-113.49661688322253, 53.53670571794199], [-113.49662391112297, 53.53716566785173], [-113.49662486995254, 53.53723787306532], [-113.49662599775569, 53.537318118639305], [-113.49662499440727, 53.53779134446289], [-113.4966239933885, 53.53809063633963], [-113.49660167779119, 53.53856740151173], [-113.49655649532517, 53.53875373885632], [-113.49649081602873, 53.53892712018041], [-113.49636600000002, 53.53914299999997], [-113.4962033182504, 53.53933405526821], [-113.49607450460765, 53.5394535766949], [-113.49606947575478, 53.53945754510512], [-113.49598996198752, 53.5395307660248], [-113.49589648130906, 53.539614465820534], [-113.49542645111872, 53.53999246075289], [-113.49514030828419, 53.540152908916234], [-113.49487129799392, 53.54025142682234], [-113.49472817044185, 53.54028730486456], [-113.49460526691227, 53.54031257024732], [-113.49431507879872, 53.5403597534035], [-113.4943255815314, 53.54035112285207], [-113.49433743601625, 53.54034506235356], [-113.49432793260114, 53.540345022172666], [-113.49470150505643, 53.53991028886699], [-113.49473901601385, 53.53974765059387], [-113.49473724058822, 53.53956537038387], [-113.49474297018662, 53.53968272177749], [-113.49473900000001, 53.540193], [-113.49473899767763, 53.54036415516744], [-113.494738, 53.540826], [-113.49473785879694, 53.540959804349484], [-113.49473561442065, 53.54108976706716], [-113.49473499727051, 53.54109566355778], [-113.494736, 53.541526], [-113.494736, 53.541957], [-113.494736, 53.541987], [-113.494736, 53.542045], [-113.49473565391935, 53.54211369331798], [-113.49473626117464, 53.54221643312201], [-113.4947356683473, 53.54217824741962], [-113.49474699725772, 53.54263334191395], [-113.494746, 53.543058], [-113.49474544490698, 53.543149314830146], [-113.49474500000001, 53.543146], [-113.49474500000001, 53.543209], [-113.49474500000001, 53.543241], [-113.49474500000001, 53.543281], [-113.49474498046932, 53.54329824987792], [-113.49474400000001, 53.543452], [-113.49474398269942, 53.54354088225118], [-113.49473995752994, 53.54422421619848], [-113.494738, 53.544432], [-113.494738, 53.5445]]}}, {"type": "Feature", "properties": {"DAUID": "48112242", "mode": "car", "period": "weekend", "speed_factor": 1.0, "transit_mins": 117.0}, "geometry": {"type": "LineString", "coordinates": [[-113.467825, 53.42759], [-113.467825, 53.42759], [-113.468034, 53.427419], [-113.468048, 53.427394], [-113.468052, 53.427366], [-113.468, 53.427254], [-113.468214, 53.427183], [-113.468601, 53.427116], [-113.469285, 53.427108], [-113.469995, 53.427119], [-113.471214, 53.427151], [-113.471647, 53.427172], [-113.47203, 53.4272], [-113.472501, 53.427244], [-113.472663, 53.427311], [-113.473177, 53.427388], [-113.473314, 53.427409], [-113.473467, 53.427434], [-113.473619, 53.427459], [-113.473661, 53.427359], [-113.473732, 53.42702], [-113.473803, 53.426681], [-113.473844, 53.426348], [-113.473851, 53.426253], [-113.473867, 53.426018], [-113.473929, 53.42559], [-113.473937, 53.425533], [-113.473998, 53.425433], [-113.474113, 53.425274], [-113.474194, 53.425181], [-113.474251, 53.425132], [-113.474313, 53.425107], [-113.474468, 53.425077], [-113.475222, 53.425116], [-113.475518, 53.425124], [-113.476182, 53.425151], [-113.476913, 53.425165], [-113.4776, 53.425179], [-113.478582, 53.425181], [-113.479747, 53.425176], [-113.479917, 53.425175], [-113.480133, 53.425156], [-113.480262, 53.425146], [-113.480737, 53.42512], [-113.481498, 53.425072], [-113.482086, 53.42504], [-113.482559, 53.425015], [-113.483008, 53.424985], [-113.483937, 53.42496], [-113.485294, 53.424945], [-113.486283, 53.42493], [-113.486833, 53.424903], [-113.487216, 53.424888], [-113.487497, 53.424884], [-113.488924, 53.424862], [-113.489079, 53.424862], [-113.489152, 53.424861], [-113.489272, 53.424862], [-113.489465, 53.42486], [-113.490103, 53.424856], [-113.490469, 53.424854], [-113.490816, 53.424893], [-113.491045, 53.424919], [-113.491267, 53.424982], [-113.491489, 53.425111], [-113.491624, 53.425242], [-113.49172, 53.425418], [-113.491778, 53.425683], [-113.491805, 53.425971], [-113.491837, 53.426242], [-113.491906, 53.426543], [-113.491953, 53.426733], [-113.492016, 53.427038], [-113.492068, 53.427242], [-113.492083, 53.427302], [-113.492124, 53.427593], [-113.492146, 53.427797], [-113.492146, 53.428001], [-113.492132, 53.428192], [-113.492073, 53.428459], [-113.492015, 53.428726], [-113.491927, 53.429049], [-113.49168, 53.429793], [-113.491533, 53.430223], [-113.491422, 53.430561], [-113.491279, 53.43127], [-113.490205, 53.434199], [-113.490126, 53.434432], [-113.490053, 53.434674], [-113.49001, 53.434845], [-113.489946, 53.43514], [-113.489921, 53.435311], [-113.489902, 53.435656], [-113.489895, 53.43593], [-113.489908, 53.43618], [-113.489933, 53.436448], [-113.489962, 53.436664], [-113.489991, 53.436834], [-113.490035, 53.437041], [-113.490098, 53.437258], [-113.49014, 53.437446], [-113.490179, 53.43758], [-113.490225, 53.437706], [-113.490313, 53.437904], [-113.490337, 53.437947], [-113.490395, 53.438075], [-113.490721, 53.438691], [-113.491099, 53.439356], [-113.492182, 53.44121], [-113.492325, 53.441499], [-113.492461, 53.441847], [-113.492529, 53.442113], [-113.492611, 53.44249], [-113.49264, 53.442864], [-113.492583, 53.444935], [-113.49247, 53.448508], [-113.492461, 53.449386], [-113.492467, 53.449621], [-113.492436, 53.453442], [-113.492427, 53.453651], [-113.492396, 53.45423], [-113.492386, 53.454436], [-113.492344, 53.455024], [-113.49226, 53.455986], [-113.492186, 53.456865], [-113.49203, 53.459382], [-113.492026, 53.460185], [-113.492027, 53.460319], [-113.492023, 53.46143], [-113.492021, 53.461813], [-113.49202, 53.462575], [-113.492017, 53.463464], [-113.492016, 53.464313], [-113.492019, 53.46455], [-113.492016, 53.464832], [-113.492016, 53.465193], [-113.492016, 53.466251], [-113.492014, 53.466641], [-113.492015, 53.466928], [-113.492044, 53.467209], [-113.492068, 53.467591], [-113.492072, 53.467666], [-113.492075, 53.467744], [-113.492075, 53.467817], [-113.492075, 53.467875], [-113.492065, 53.468171], [-113.492062, 53.468268], [-113.492057, 53.468888], [-113.492062, 53.469131], [-113.492068, 53.469406], [-113.492084, 53.469866], [-113.492072, 53.470186], [-113.492069, 53.470828], [-113.492071, 53.471401], [-113.49206, 53.471995], [-113.49206, 53.472101], [-113.492062, 53.472226], [-113.492063, 53.472887], [-113.492047, 53.473557], [-113.492046, 53.473574], [-113.492048, 53.47364], [-113.492047, 53.473715], [-113.492047, 53.473882], [-113.492012, 53.475156], [-113.491992, 53.475896], [-113.491989, 53.476604], [-113.491991, 53.476906], [-113.491988, 53.477066], [-113.491987, 53.477501], [-113.491985, 53.477695], [-113.491986, 53.477746], [-113.491986, 53.478099], [-113.491979, 53.478247], [-113.491982, 53.478418], [-113.491981, 53.478566], [-113.49198, 53.479285], [-113.491979, 53.479483], [-113.491978, 53.479845], [-113.491977, 53.479937], [-113.491982, 53.480063], [-113.491968, 53.480841], [-113.491969, 53.480965], [-113.491973, 53.481052], [-113.491977, 53.481288], [-113.491977, 53.48143], [-113.491971, 53.481953], [-113.491967, 53.482153], [-113.491972, 53.482267], [-113.491975, 53.4829], [-113.491974, 53.483123], [-113.491973, 53.483703], [-113.491976, 53.484025], [-113.491977, 53.484471], [-113.491979, 53.485007], [-113.491971, 53.485553], [-113.491959, 53.485805], [-113.491955, 53.485886], [-113.491941, 53.486296], [-113.491932, 53.486967], [-113.491932, 53.487462], [-113.491932, 53.487615], [-113.491936, 53.487961], [-113.491941, 53.488055], [-113.491948, 53.488215], [-113.491948, 53.488289], [-113.491945, 53.488403], [-113.491939, 53.488486], [-113.491941, 53.488739], [-113.491943, 53.488799], [-113.491944, 53.488919], [-113.491942, 53.48904], [-113.49194, 53.489286], [-113.49194, 53.489498], [-113.491943, 53.489673], [-113.491941, 53.489895], [-113.491942, 53.489914], [-113.49194, 53.490004], [-113.491941, 53.490429], [-113.491939, 53.490461], [-113.491935, 53.491348], [-113.491935, 53.491403], [-113.491934, 53.491597], [-113.491936, 53.491669], [-113.491935, 53.492055], [-113.491935, 53.492229], [-113.491935, 53.492561], [-113.491939, 53.492661], [-113.491936, 53.492967], [-113.491938, 53.49325], [-113.491937, 53.493628], [-113.491934, 53.495136], [-113.491927, 53.496338], [-113.49193, 53.496445], [-113.491931, 53.496521], [-113.491933, 53.496908], [-113.49193, 53.497059], [-113.491926, 53.497217], [-113.491935, 53.497337], [-113.491937, 53.497482], [-113.491948, 53.497564], [-113.491959, 53.497652], [-113.491978, 53.497731], [-113.491993, 53.497789], [-113.491997, 53.497805], [-113.492049, 53.497949], [-113.492057, 53.497965], [-113.492138, 53.498125], [-113.492198, 53.49822], [-113.492244, 53.498287], [-113.4924, 53.498467], [-113.492596, 53.498654], [-113.492829, 53.498855], [-113.492913, 53.498927], [-113.493356, 53.499314], [-113.493502, 53.499442], [-113.493638, 53.499559], [-113.493732, 53.49964], [-113.493777, 53.499689], [-113.493804, 53.499718], [-113.493837, 53.499755], [-113.493889, 53.49982], [-113.493962, 53.49993], [-113.494027, 53.500027], [-113.494116, 53.500214], [-113.494203, 53.500398], [-113.494222, 53.500446], [-113.49434, 53.500751], [-113.494392, 53.500892], [-113.494501, 53.501228], [-113.494552, 53.501463], [-113.494573, 53.501593], [-113.494589, 53.501728], [-113.494591, 53.501852], [-113.494595, 53.502319], [-113.494596, 53.502538], [-113.494597, 53.502713], [-113.4946, 53.503458], [-113.4946, 53.503522], [-113.494614, 53.504365], [-113.494719, 53.505888], [-113.494759, 53.506353], [-113.494774, 53.506719], [-113.494749, 53.506994], [-113.494697, 53.507197], [-113.49462, 53.507381], [-113.494351, 53.507937], [-113.494281, 53.508074], [-113.49418, 53.508292], [-113.494114, 53.508488], [-113.494077, 53.508733], [-113.494071, 53.508979], [-113.49409, 53.50923], [-113.494401, 53.511133], [-113.4945, 53.511755], [-113.494556, 53.512078], [-113.494567, 53.512156], [-113.494583, 53.512353], [-113.494431, 53.513508], [-113.494333, 53.514237], [-113.494332, 53.514353], [-113.494344, 53.514472], [-113.494369, 53.514638], [-113.494433, 53.515027], [-113.494485, 53.515326], [-113.494516, 53.5155], [-113.494544, 53.515709], [-113.494615, 53.516136], [-113.494635, 53.516268], [-113.494765, 53.517076], [-113.494777, 53.517169], [-113.494784, 53.517227], [-113.494826, 53.517558], [-113.494883, 53.517963], [-113.494899, 53.518074], [-113.494916, 53.518195], [-113.494938, 53.518316], [-113.494983, 53.518599], [-113.495056, 53.519057], [-113.495063, 53.519096], [-113.495178, 53.519826], [-113.495191, 53.519909], [-113.4952, 53.519967], [-113.495264, 53.520373], [-113.495372, 53.520971], [-113.495422, 53.521281], [-113.49551, 53.521835], [-113.495783, 53.523514], [-113.49578, 53.523584], [-113.495777, 53.523597], [-113.495775, 53.523638], [-113.495753, 53.523661], [-113.495696, 53.523685], [-113.494801, 53.52385], [-113.494269, 53.523942], [-113.494223, 53.52395], [-113.494055, 53.523982], [-113.493923, 53.524019], [-113.493787, 53.524054], [-113.493597, 53.524123], [-113.493561, 53.524149], [-113.493535, 53.524177], [-113.493531, 53.524206], [-113.493547, 53.524243], [-113.493578, 53.524267], [-113.493614, 53.52428], [-113.493673, 53.524287], [-113.494002, 53.524217], [-113.494183, 53.52419], [-113.494968, 53.524131], [-113.495388, 53.524105], [-113.495709, 53.524094], [-113.497242, 53.524105], [-113.497489, 53.524106], [-113.497721, 53.524139], [-113.497904, 53.524199], [-113.498002, 53.524253], [-113.498105, 53.524307], [-113.498147, 53.524334], [-113.498222, 53.524382], [-113.498533, 53.52458], [-113.498641, 53.524644], [-113.498882, 53.524768], [-113.499022, 53.524816], [-113.499185, 53.524861], [-113.499351, 53.524893], [-113.499525, 53.524914], [-113.499726, 53.524923], [-113.500078, 53.524935], [-113.500263, 53.524942], [-113.500427, 53.524957], [-113.500583, 53.524977], [-113.500778, 53.525013], [-113.500961, 53.525059], [-113.501156, 53.525107], [-113.501315, 53.525156], [-113.501471, 53.525221], [-113.501611, 53.52529], [-113.501762, 53.525379], [-113.501902, 53.525465], [-113.502036, 53.525564], [-113.502197, 53.525706], [-113.502341, 53.525862], [-113.502414, 53.525978], [-113.502464, 53.526084], [-113.502503, 53.526202], [-113.502512, 53.526244], [-113.502531, 53.526332], [-113.502551, 53.52642], [-113.502556, 53.526518], [-113.502554, 53.526615], [-113.502512, 53.526834], [-113.502365, 53.527101], [-113.502281, 53.527264], [-113.501183, 53.529377], [-113.501139, 53.529505], [-113.501096, 53.529771], [-113.501098, 53.53009], [-113.5011, 53.530428], [-113.501096, 53.530513], [-113.500913, 53.530532], [-113.50035, 53.530591], [-113.49984, 53.530694], [-113.499411, 53.530844], [-113.498783, 53.531153], [-113.498451, 53.53134], [-113.498202, 53.531512], [-113.497932, 53.531759], [-113.497748, 53.531977], [-113.497482, 53.532386], [-113.497439, 53.53248], [-113.497413, 53.53258], [-113.497428, 53.532852], [-113.497427, 53.532879], [-113.497424, 53.533196], [-113.497422, 53.533398], [-113.497416, 53.53382], [-113.497407, 53.533891], [-113.497399, 53.534069], [-113.497392, 53.534175], [-113.49737, 53.534458], [-113.497343, 53.534797], [-113.497334, 53.534876], [-113.497282, 53.535019], [-113.497246, 53.535113], [-113.497188, 53.5352], [-113.496952, 53.535522], [-113.496494, 53.535832], [-113.496034, 53.536111], [-113.49588, 53.536219], [-113.495821, 53.536282], [-113.495767, 53.536346], [-113.495721, 53.536412], [-113.495679, 53.536487], [-113.495648, 53.536564], [-113.495628, 53.536642], [-113.495617, 53.536721], [-113.495624, 53.537179], [-113.495625, 53.537254], [-113.495626, 53.537316], [-113.495625, 53.537788], [-113.495624, 53.538087], [-113.495623, 53.538362], [-113.495606, 53.538443], [-113.495589, 53.538495], [-113.495566, 53.538543], [-113.495521, 53.538603], [-113.495416, 53.538701], [-113.495392, 53.538722], [-113.495316, 53.538792], [-113.495259, 53.538844], [-113.494894, 53.539146], [-113.49477, 53.539224], [-113.494622, 53.539283], [-113.494521, 53.539309], [-113.494436, 53.539327], [-113.494075, 53.539389], [-113.493982, 53.539412], [-113.493941, 53.539427], [-113.493853, 53.539465], [-113.49379, 53.539499], [-113.493753, 53.539581], [-113.493741, 53.539652], [-113.493743, 53.539675], [-113.493739, 53.540193], [-113.493739, 53.540362], [-113.493738, 53.540826], [-113.493738, 53.540943], [-113.493736, 53.541062], [-113.493735, 53.541098], [-113.493736, 53.541526], [-113.493736, 53.541957], [-113.493736, 53.541987], [-113.493736, 53.542045], [-113.493736, 53.54214], [-113.493737, 53.542178], [-113.493736, 53.542204], [-113.493747, 53.542631], [-113.493746, 53.543058], [-113.493746, 53.543116], [-113.493745, 53.543146], [-113.493745, 53.543209], [-113.493745, 53.543241], [-113.493745, 53.543281], [-113.493745, 53.543292], [-113.493744, 53.543452], [-113.493744, 53.543535], [-113.49374, 53.544215], [-113.493738, 53.544432], [-113.493738, 53.5445]]}}, {"type": "Feature", "properties": {"DAUID": "48112242", "mode": "transit", "period": "weekend", "speed_factor": 0.2, "transit_mins": 117.0}, "geometry": {"type": "LineString", "coordinates": [[-113.467825, 53.42759], [-113.46719176220974, 53.42681604270081], [-113.46716149398394, 53.42693039663126], [-113.46705805050635, 53.427252578643625], [-113.46714499103224, 53.42778711130643], [-113.46768510309532, 53.426304874118244], [-113.46804341102703, 53.42619765772328], [-113.46858930489346, 53.426116068390094], [-113.46930049109868, 53.42610811999427], [-113.4700212419851, 53.42611934438019], [-113.4712624419077, 53.42615217399835], [-113.4717199124638, 53.42617466165589], [-113.47212301327858, 53.42620433513168], [-113.47288318384442, 53.4263199136896], [-113.47281115227854, 53.426322035439284], [-113.47332851499375, 53.426399545040645], [-113.47347526012061, 53.426422088061926], [-113.47362929318767, 53.42644725741896], [-113.47269701789442, 53.42707176751557], [-113.47268223631053, 53.42715400819486], [-113.47275323631054, 53.426815008194815], [-113.47281049454945, 53.42655879962923], [-113.47284670367698, 53.426274515007805], [-113.47285330976362, 53.42618507215411], [-113.47287732988944, 53.42587463657277], [-113.47293870602287, 53.425451011371486], [-113.47308329639009, 53.42501224079807], [-113.47318772410155, 53.42484695139416], [-113.4733589184041, 53.424617219255225], [-113.47354211369682, 53.42442268328007], [-113.47387703166449, 53.42420455852797], [-113.47412297809346, 53.4241252201494], [-113.47451965508543, 53.42407833501506], [-113.47524901716133, 53.42411636503013], [-113.47555862907538, 53.424124825701774], [-113.47620114833536, 53.42415118334618], [-113.47693337422697, 53.42416520757611], [-113.47760203665565, 53.424179002073984], [-113.47857770819404, 53.424181009209846], [-113.47974111774884, 53.42417601730059], [-113.4798293753808, 53.42417884643448], [-113.48005571249244, 53.42415899115291], [-113.48020734497322, 53.42414749470304], [-113.48067405019538, 53.4241219833057], [-113.48144365864398, 53.424073477583114], [-113.48203321954858, 53.42404139385945], [-113.48249233349793, 53.42401722468586], [-113.48298109908221, 53.42398536189517], [-113.4839259468801, 53.42396006108759], [-113.48527883490894, 53.423945114996606], [-113.48623396813672, 53.423931202785155], [-113.486793865511, 53.42390376604753], [-113.48720176656654, 53.42388810130045], [-113.4874815848732, 53.423884118820126], [-113.488924, 53.423862], [-113.489065302655, 53.42386209381303], [-113.48916033304398, 53.42386103472041], [-113.48926163786209, 53.42386205368839], [-113.48945873053073, 53.42386001965332], [-113.49009753560073, 53.42385601492994], [-113.49058068872162, 53.423860256758786], [-113.49092881233251, 53.42389938368691], [-113.49131800368556, 53.42395698701274], [-113.49176941736452, 53.424117374767995], [-113.49218539486333, 53.42439334117136], [-113.49250189557291, 53.42476314786933], [-113.4926968759625, 53.42520419318558], [-113.49277363422605, 53.4255896592913], [-113.49279810048492, 53.42585373352206], [-113.49281171762739, 53.42601855974656], [-113.4928767405986, 53.42630286943089], [-113.49293232626998, 53.426530712934365], [-113.49298501453534, 53.42679099629493], [-113.49303814250018, 53.4269994643751], [-113.493073219885, 53.42716248448352], [-113.49311823516481, 53.42748577856065], [-113.49314600000001, 53.427797], [-113.49314332444645, 53.428074102315485], [-113.49310844451692, 53.42840776863855], [-113.49305020938424, 53.42867127769399], [-113.49297983272116, 53.42898886464227], [-113.492876065291, 53.42936407947161], [-113.49262623490358, 53.43011648030424], [-113.49248307937134, 53.430535008314266], [-113.49240226031746, 53.430758711178264], [-113.49221787286238, 53.43161426406766], [-113.49115204493141, 53.43452010107116], [-113.4910833896449, 53.434720799355695], [-113.49102280797109, 53.43491786984071], [-113.49098726597265, 53.43505701702456], [-113.490935481275, 53.435284661005156], [-113.49091948695278, 53.435365989136514], [-113.49090167382367, 53.435681539112274], [-113.4908936507357, 53.43587807016176], [-113.49090367727797, 53.43608711965693], [-113.49092410726892, 53.43631493467217], [-113.49094775987844, 53.436495840961925], [-113.49096914683989, 53.436626084729674], [-113.49099534622677, 53.436762189805144], [-113.49107394215031, 53.43703997037071], [-113.49110016034669, 53.437166550346845], [-113.49111835731982, 53.43723706002611], [-113.49113881154861, 53.43729986153393], [-113.49118619770204, 53.43741663384078], [-113.491247853246, 53.43753426962282], [-113.49127885770926, 53.437607244134405], [-113.49159036721053, 53.43819683337504], [-113.49196247468797, 53.43885160782791], [-113.49307828023792, 53.44076651185461], [-113.49325640064596, 53.44113500434523], [-113.49342984336651, 53.44159932575593], [-113.49350615296525, 53.44190046275028], [-113.49360800725451, 53.44241269195086], [-113.49363962145904, 53.44289151251722], [-113.49358250027024, 53.44496661028003], [-113.49346994746705, 53.44851825003097], [-113.49346067421993, 53.449360476402894], [-113.49346696709077, 53.449629112792415], [-113.49343507411092, 53.4534850223301], [-113.49342556977693, 53.45370446401225], [-113.49339482383343, 53.45427848659387], [-113.49338345869982, 53.454507247049975], [-113.4933402094378, 53.45511098710268], [-113.49325647503628, 53.45606988982103], [-113.49318408484574, 53.456926859847414], [-113.49302998759346, 53.459386981258255], [-113.49302597215531, 53.46017753752125], [-113.49302699351875, 53.46032260033669], [-113.493022986366, 53.461435221860945], [-113.49302099913888, 53.46181431233482], [-113.49301999430615, 53.46257837455896], [-113.49301699930633, 53.46346517785548], [-113.49301591989426, 53.46430034278618], [-113.49301894341811, 53.46456063769591], [-113.49301600000001, 53.464832], [-113.49301600000001, 53.465193], [-113.49301598685102, 53.46625612813772], [-113.49301399392981, 53.466637515700604], [-113.49300971675214, 53.466825342399204], [-113.49304203219357, 53.467146296406696], [-113.4930665808047, 53.467537742357216], [-113.49307126117462, 53.467627566877816], [-113.493075, 53.467744], [-113.493075, 53.467817], [-113.493074429816, 53.46790876452082], [-113.49306452207735, 53.46820191305386], [-113.49306196748338, 53.4682760642539], [-113.4930567883786, 53.46886742822266], [-113.49306176206842, 53.469109187009416], [-113.4930673956334, 53.46937123841275], [-113.49308329761571, 53.46990347366063], [-113.49307198908218, 53.470190672846165], [-113.49306899390861, 53.470824509619874], [-113.49307082857632, 53.47141951534401], [-113.49306, 53.471995], [-113.49305987202456, 53.472085002047535], [-113.49306199885564, 53.472224487142434], [-113.49306271498044, 53.47291087379058], [-113.49304527437319, 53.473615722021805], [-113.49304554117914, 53.473543710873436], [-113.49304791112296, 53.473653332148274], [-113.493047, 53.473715], [-113.4930466228436, 53.473909462166034], [-113.49301163496987, 53.475183017161356], [-113.4929919910228, 53.47590023725009], [-113.49298897807186, 53.47659737762868], [-113.49299082426508, 53.476924746704924], [-113.49298799735766, 53.47706829884453], [-113.49298694686362, 53.47751130873052], [-113.49298480782166, 53.47767539592511], [-113.492986, 53.477746], [-113.49298488335596, 53.47814624448303], [-113.49297884614201, 53.478229458839664], [-113.4929819771739, 53.47842475660251], [-113.49298099903281, 53.47856739081924], [-113.49297998724644, 53.479290050440625], [-113.4929789961845, 53.479485762420396], [-113.49297794093151, 53.47985586892314], [-113.4929762135767, 53.47989734866769], [-113.49298183813184, 53.48008099194581], [-113.49296796748338, 53.48083293574612], [-113.49296794472995, 53.48091907150662], [-113.49297285639406, 53.48103505328144], [-113.49297700000001, 53.481288], [-113.49297693419994, 53.48144147152046], [-113.49297080006, 53.48197299600122], [-113.49296603955106, 53.48210918247582], [-113.49297198876954, 53.482262260716745], [-113.49297498994565, 53.482904484259834], [-113.49297399851368, 53.483124724135365], [-113.49297295660172, 53.483693683634165], [-113.49297599748638, 53.48402275785315], [-113.49297699303861, 53.4844672686827], [-113.49297889267652, 53.485021650442135], [-113.49296986813773, 53.48560056514947], [-113.4929577828993, 53.485854322612184], [-113.492954417523, 53.48592012645202], [-113.49294091006031, 53.486309411610335], [-113.49293200000001, 53.486967], [-113.49293200000001, 53.487462], [-113.49293193318188, 53.48760344007885], [-113.49293458832759, 53.48790788359958], [-113.49294004434043, 53.48801129181013], [-113.492948, 53.488215], [-113.49294765391934, 53.488315306682026], [-113.49294239733509, 53.488475101012156], [-113.49293896875587, 53.48847809510867], [-113.49294044490698, 53.48870568516961], [-113.4929429652796, 53.48879066695603], [-113.4929438634253, 53.488935526668264], [-113.49294196695253, 53.4890481298126], [-113.49294, 53.489286], [-113.4929398530936, 53.489480859661214], [-113.49294295942136, 53.48968200864348], [-113.49293961782934, 53.48984244116701], [-113.49294175317783, 53.48993621673723], [-113.49293999723184, 53.49000164706534], [-113.49293905257849, 53.49049137828599], [-113.49293898983198, 53.49046550953702], [-113.492935, 53.491348], [-113.49293498671511, 53.491408154570685], [-113.49293361442065, 53.49156923293283], [-113.49293599664422, 53.49167159066488], [-113.492935, 53.492055], [-113.492935, 53.492229], [-113.49293420095871, 53.49252103196161], [-113.49293895194502, 53.49267080345046], [-113.49293597502871, 53.492959933038634], [-113.49293799650069, 53.49325264549342], [-113.49293699802116, 53.49362998938598], [-113.49293398304312, 53.495141823528535], [-113.49292660718416, 53.496309973630424], [-113.49292991344613, 53.49643184324417], [-113.49293098664636, 53.49651583211033], [-113.49293280269865, 53.496927863629814], [-113.4929296796925, 53.49708430834658], [-113.4929231993099, 53.49714221005183], [-113.49293490488871, 53.49732320820847], [-113.49292812202245, 53.49734904460673], [-113.49294027787671, 53.49743996526541], [-113.4929312754754, 53.49741816159442], [-113.49294614691165, 53.49748061717816], [-113.49296314250009, 53.49754646437476], [-113.4929375538997, 53.49746535553624], [-113.49294342719084, 53.49750178640418], [-113.49294918560257, 53.49751333103873], [-113.49298348890301, 53.49759100700859], [-113.49302240077566, 53.4976539934973], [-113.49299968908278, 53.497632069461574], [-113.4930903001333, 53.49774347686563], [-113.49324919672583, 53.49789681175565], [-113.49347979137346, 53.49809574339764], [-113.49357090262504, 53.498173896995105], [-113.49401523353937, 53.498562061744174], [-113.49415416742876, 53.49868392504007], [-113.49429078018649, 53.49880145262318], [-113.49446852988841, 53.4989635950004], [-113.49450889397444, 53.4990075814721], [-113.49455029543444, 53.499052385153014], [-113.49461786880946, 53.499130304952466], [-113.49472221379217, 53.49926704902882], [-113.49479273037315, 53.499373325007646], [-113.49492994975274, 53.499597253860976], [-113.49502003774737, 53.499786547369474], [-113.4951328066131, 53.500029951549074], [-113.49515463449663, 53.50008517747343], [-113.49527822945937, 53.5004049862986], [-113.49534320036341, 53.5005834260726], [-113.4954782513664, 53.501015915660915], [-113.49553920258339, 53.50130352881342], [-113.49556604981532, 53.50147530520706], [-113.49558886995254, 53.501711873065325], [-113.49559096331974, 53.50184343500368], [-113.49559498957503, 53.50231443383757], [-113.49559598367387, 53.5025322858076], [-113.49559699189236, 53.502708973187005], [-113.49560000000001, 53.503458], [-113.49559986212641, 53.50350539493503], [-113.49561163187857, 53.50429622038919], [-113.49571532055784, 53.50580229500578], [-113.49575816122848, 53.50631205076931], [-113.49576989320647, 53.506809535746065], [-113.49571772271648, 53.50724214572046], [-113.49561948251213, 53.507583038877364], [-113.49552017972717, 53.50781651860902], [-113.49524149321003, 53.50839199653063], [-113.49518834932987, 53.50849437744183], [-113.49512771180916, 53.50861112744596], [-113.49510278784582, 53.50863732714403], [-113.49507670269065, 53.50875738299245], [-113.49506814722025, 53.50890351873634], [-113.4950769076221, 53.50906871346796], [-113.49538856910571, 53.51097581456355], [-113.49548530117528, 53.51158417379005], [-113.49554620179615, 53.51193835615694], [-113.49556371802402, 53.5120750482823], [-113.49557445137359, 53.512483476717556], [-113.49542208484297, 53.51364123225599], [-113.49533296284392, 53.51424562036932], [-113.4953269540641, 53.514252668497754], [-113.49533284879367, 53.51432307698885], [-113.49535573456247, 53.51447565806686], [-113.49541821175482, 53.51485565882526], [-113.49546949743618, 53.51515060103145], [-113.49550714487071, 53.515367215041245], [-113.4955304562906, 53.515544975651935], [-113.49560371550422, 53.515986194620524], [-113.49562230300893, 53.51610915174361], [-113.49575677786663, 53.51694802866239], [-113.49576979561301, 53.51704917983986], [-113.49577604561516, 53.51710112110017], [-113.49581624076781, 53.51741863278083], [-113.49587277036954, 53.517820330397164], [-113.4958892742048, 53.51793487056627], [-113.4958998699101, 53.51801611456179], [-113.49592559260965, 53.51815896230589], [-113.49597053464257, 53.51844159819016], [-113.49604027120702, 53.51888033593729], [-113.49605081776268, 53.51894038487301], [-113.49616595523166, 53.519671260023834], [-113.49617917390339, 53.51975566267031], [-113.49618780238795, 53.51981128730828], [-113.4962480798672, 53.520195273201246], [-113.49635924112071, 53.52081176756117], [-113.49640961799756, 53.52112412205095], [-113.4964970376061, 53.521674510859754], [-113.49678208289582, 53.52355681783848], [-113.49675439119582, 53.52380885950611], [-113.49677581235112, 53.523645722553944], [-113.4964976418571, 53.524329222646], [-113.4961410570001, 53.52458263537511], [-113.49587730226173, 53.52466842741973], [-113.49497140309838, 53.52483537443851], [-113.49444034117478, 53.524927211754814], [-113.49441011210787, 53.52493233856642], [-113.4943249004864, 53.52494488822167], [-113.49417223187099, 53.524987443841674], [-113.4941283458249, 53.524993937778696], [-113.49418249055387, 53.524933679228376], [-113.49429379349156, 53.52482945109944], [-113.49452562112928, 53.52431363739681], [-113.49444885703593, 53.523809088849255], [-113.49415917319314, 53.523452276292495], [-113.49391764446372, 53.52332644610029], [-113.49373181773991, 53.523286964763884], [-113.49346489235553, 53.523308894071015], [-113.49385446121916, 53.52322794372852], [-113.49410805215308, 53.52319281254508], [-113.49490621351397, 53.523132910610144], [-113.49535375218976, 53.52310558662832], [-113.49571617528822, 53.52309402574271], [-113.49724604854984, 53.52310500819541], [-113.49762982389575, 53.523115965338796], [-113.49803255066918, 53.52318877045903], [-113.49838660475366, 53.52332316174339], [-113.49846632826683, 53.5233673368244], [-113.49864575759128, 53.5234658215246], [-113.49868605369645, 53.52349172859935], [-113.49875905098743, 53.523538450216705], [-113.49904280239026, 53.52371970846635], [-113.49909851474085, 53.52375479796339], [-113.49920632432432, 53.52382205405405], [-113.49928811849418, 53.523852059676614], [-113.49937428616224, 53.523879078033254], [-113.49947082016021, 53.52390020438699], [-113.49956973130095, 53.52391500094559], [-113.49976007111627, 53.52392358058903], [-113.50011581078066, 53.52393571508324], [-113.50035408322717, 53.523946156716285], [-113.50055416431599, 53.52396511833531], [-113.50076454747948, 53.52399361781961], [-113.50102178239342, 53.524043170043434], [-113.50120001904713, 53.524087985121064], [-113.5014505081705, 53.52415135103856], [-113.50169961538464, 53.52423292307693], [-113.50191308067922, 53.52432402470878], [-113.50211876792572, 53.524428506103554], [-113.50228541810586, 53.52452692401368], [-113.50249622228073, 53.52466069913521], [-113.50269746755743, 53.524814026220135], [-113.5029318034446, 53.525027719897246], [-113.50318735465956, 53.52532938025737], [-113.5033184315925, 53.52555138132426], [-113.50341348487508, 53.5257701872023], [-113.50348080241412, 53.52599247091146], [-113.50348947613413, 53.52603295401639], [-113.50350613285582, 53.526110378896504], [-113.50354970099448, 53.52636904586761], [-113.5035557875053, 53.526538614175315], [-113.50353610227923, 53.52680334838235], [-113.50338800801406, 53.52731629654706], [-113.50325390726952, 53.52755908718185], [-113.503168347404, 53.52772510149058], [-113.5021286865993, 53.52970207976852], [-113.50212618459993, 53.52966458247289], [-113.5020959803467, 53.52976473053076], [-113.50209798249406, 53.53008408294384], [-113.50209889456923, 53.530475006803144], [-113.50119927002079, 53.53150765335811], [-113.50101722499276, 53.53152655374459], [-113.50054796384363, 53.531571209322856], [-113.50017005637184, 53.53163796122346], [-113.49985248939304, 53.53174126646869], [-113.49927375955855, 53.53202429504515], [-113.49901935053356, 53.53216278652822], [-113.49887698181094, 53.532249834368216], [-113.49869618349038, 53.53240399890933], [-113.49858630310341, 53.53252220446332], [-113.49839136993207, 53.53280198837324], [-113.49840682250678, 53.5327316338518], [-113.4984114828605, 53.53252493660694], [-113.49842731483378, 53.53288901166041], [-113.49842695522199, 53.532888463298654], [-113.4984239509888, 53.53320590050481], [-113.49842189893943, 53.53341221657259], [-113.49840806142193, 53.533945754264835], [-113.49840599155401, 53.53393589849677], [-113.49839682661472, 53.53413489421038], [-113.49838899198842, 53.534252504677546], [-113.49836684326655, 53.53453739459646], [-113.4983365731472, 53.5349101918776], [-113.4982737934235, 53.535217743063065], [-113.49821585675171, 53.535376647266546], [-113.4980780502943, 53.53566770019629], [-113.49799456423501, 53.53579114645798], [-113.49751252825837, 53.53635013529786], [-113.49701259004812, 53.5366870230184], [-113.4966081757432, 53.53692973207822], [-113.49660989840244, 53.536902555646684], [-113.49658529148348, 53.53692687093924], [-113.49658739816677, 53.53691779266169], [-113.49659350601593, 53.536900603368984], [-113.49660664351796, 53.53686046687079], [-113.49661666386604, 53.53681237535034], [-113.49661844476051, 53.536779910029956], [-113.49661688322253, 53.53670571794199], [-113.49662391112297, 53.53716566785173], [-113.49662486995254, 53.53723787306532], [-113.49662599775569, 53.537318118639305], [-113.49662499440727, 53.53779134446289], [-113.4966239933885, 53.53809063633963], [-113.49660167779119, 53.53856740151173], [-113.49655649532517, 53.53875373885632], [-113.49649081602873, 53.53892712018041], [-113.49636600000002, 53.53914299999997], [-113.4962033182504, 53.53933405526821], [-113.49607450460765, 53.5394535766949], [-113.49606947575478, 53.53945754510512], [-113.49598996198752, 53.5395307660248], [-113.49589648130906, 53.539614465820534], [-113.49542645111872, 53.53999246075289], [-113.49514030828419, 53.540152908916234], [-113.49487129799392, 53.54025142682234], [-113.49472817044185, 53.54028730486456], [-113.49460526691227, 53.54031257024732], [-113.49431507879872, 53.5403597534035], [-113.4943255815314, 53.54035112285207], [-113.49433743601625, 53.54034506235356], [-113.49432793260114, 53.540345022172666], [-113.49470150505643, 53.53991028886699], [-113.49473901601385, 53.53974765059387], [-113.49473724058822, 53.53956537038387], [-113.49474297018662, 53.53968272177749], [-113.49473900000001, 53.540193], [-113.49473899767763, 53.54036415516744], [-113.494738, 53.540826], [-113.49473785879694, 53.540959804349484], [-113.49473561442065, 53.54108976706716], [-113.49473499727051, 53.54109566355778], [-113.494736, 53.541526], [-113.494736, 53.541957], [-113.494736, 53.541987], [-113.494736, 53.542045], [-113.49473565391935, 53.54211369331798], [-113.49473626117464, 53.54221643312201], [-113.4947356683473, 53.54217824741962], [-113.49474699725772, 53.54263334191395], [-113.494746, 53.543058], [-113.49474544490698, 53.543149314830146], [-113.49474500000001, 53.543146], [-113.49474500000001, 53.543209], [-113.49474500000001, 53.543241], [-113.49474500000001, 53.543281], [-113.49474498046932, 53.54329824987792], [-113.49474400000001, 53.543452], [-113.49474398269942, 53.54354088225118], [-113.49473995752994, 53.54422421619848], [-113.494738, 53.544432], [-113.494738, 53.5445]]}}, {"type": "Feature", "properties": {"DAUID": "48112565", "mode": "car", "period": "weekend", "speed_factor": 1.0, "transit_mins": 113.0}, "geometry": {"type": "LineString", "coordinates": [[-113.377747, 53.446274], [-113.377684, 53.446263], [-113.377638, 53.446251], [-113.377595, 53.446234], [-113.377574, 53.446209], [-113.37757, 53.445024], [-113.377563, 53.445], [-113.377545, 53.444979], [-113.377515, 53.444959], [-113.37747, 53.444942], [-113.377416, 53.444932], [-113.377344, 53.44493], [-113.376868, 53.44493], [-113.375551, 53.444929], [-113.37542, 53.444929], [-113.37542, 53.445009], [-113.375423, 53.445567], [-113.375425, 53.447034], [-113.37541, 53.447457], [-113.375418, 53.447857], [-113.375414, 53.448229], [-113.375425, 53.448371], [-113.375475, 53.448704], [-113.375528, 53.448927], [-113.375623, 53.449149], [-113.375752, 53.449383], [-113.375872, 53.449579], [-113.376037, 53.449799], [-113.376226, 53.450039], [-113.376426, 53.450278], [-113.376639, 53.450516], [-113.376703, 53.450585], [-113.37717, 53.451109], [-113.377465, 53.451477], [-113.377479, 53.451495], [-113.377634, 53.451762], [-113.377796, 53.452114], [-113.377911, 53.452728], [-113.377912, 53.452778], [-113.377898, 53.453325], [-113.377894, 53.453598], [-113.377905, 53.45396], [-113.377905, 53.454082], [-113.378297, 53.45408], [-113.378966, 53.454077], [-113.379438, 53.454075], [-113.38052, 53.454072], [-113.381039, 53.45407], [-113.381179, 53.45407], [-113.38167, 53.454072], [-113.381739, 53.45409], [-113.38209, 53.454093], [-113.383961, 53.454096], [-113.384018, 53.454083], [-113.384374, 53.454076], [-113.384604, 53.45407], [-113.384914, 53.454059], [-113.38627, 53.454019], [-113.386395, 53.454016], [-113.386517, 53.454011], [-113.386627, 53.454008], [-113.389788, 53.453905], [-113.391568, 53.453934], [-113.393594, 53.453903], [-113.393744, 53.453906], [-113.393743, 53.454], [-113.393748, 53.454382], [-113.393753, 53.457344], [-113.393755, 53.458053], [-113.393759, 53.458236], [-113.393752, 53.45843], [-113.393745, 53.45867], [-113.393734, 53.459104], [-113.393729, 53.459185], [-113.39373, 53.459286], [-113.393731, 53.459382], [-113.393752, 53.46218], [-113.393751, 53.462247], [-113.393752, 53.462775], [-113.393754, 53.463061], [-113.393757, 53.463386], [-113.393756, 53.463444], [-113.393757, 53.463487], [-113.39377, 53.463561], [-113.393772, 53.463641], [-113.393776, 53.463743], [-113.393797, 53.464295], [-113.393812, 53.464503], [-113.393816, 53.464738], [-113.393782, 53.466467], [-113.393781, 53.46651], [-113.393773, 53.466701], [-113.393739, 53.467527], [-113.393737, 53.467595], [-113.393737, 53.46771], [-113.393734, 53.46776], [-113.393732, 53.467858], [-113.393648, 53.469717], [-113.393597, 53.471558], [-113.393585, 53.471791], [-113.393546, 53.472569], [-113.39355, 53.47274], [-113.393554, 53.472821], [-113.39356, 53.47291], [-113.39356, 53.472981], [-113.393557, 53.473049], [-113.393566, 53.473345], [-113.39357, 53.473433], [-113.39355, 53.47395], [-113.393549, 53.474411], [-113.393557, 53.474889], [-113.393561, 53.475691], [-113.393524, 53.476869], [-113.393537, 53.478786], [-113.393537, 53.479228], [-113.393537, 53.479317], [-113.393539, 53.479508], [-113.393545, 53.480396], [-113.393544, 53.480507], [-113.393495, 53.483008], [-113.393494, 53.483041], [-113.393488, 53.483291], [-113.39351, 53.483723], [-113.393562, 53.484761], [-113.393591, 53.48554], [-113.393603, 53.486005], [-113.393627, 53.486665], [-113.393641, 53.48683], [-113.39368, 53.487521], [-113.393689, 53.487736], [-113.393707, 53.488065], [-113.393761, 53.488913], [-113.393798, 53.489564], [-113.393806, 53.489963], [-113.393815, 53.490322], [-113.393826, 53.49289], [-113.393833, 53.493302], [-113.393861, 53.493853], [-113.393874, 53.494169], [-113.393904, 53.494998], [-113.393896, 53.495409], [-113.393898, 53.495508], [-113.393901, 53.495778], [-113.393901, 53.496678], [-113.393961, 53.496821], [-113.393939, 53.497219], [-113.393888, 53.497605], [-113.393863, 53.497855], [-113.393848, 53.498319], [-113.393839, 53.498593], [-113.393833, 53.499328], [-113.393836, 53.499921], [-113.393849, 53.500506], [-113.393864, 53.501216], [-113.393856, 53.503294], [-113.393855, 53.50378], [-113.393851, 53.504786], [-113.393848, 53.506265], [-113.393851, 53.507324], [-113.393854, 53.507431], [-113.393861, 53.509602], [-113.393864, 53.510263], [-113.393866, 53.511558], [-113.393865, 53.512384], [-113.393869, 53.513151], [-113.393875, 53.514041], [-113.393888, 53.515077], [-113.393899, 53.51591], [-113.393892, 53.516071], [-113.39389, 53.516338], [-113.39389, 53.516715], [-113.393896, 53.517356], [-113.393894, 53.517733], [-113.394103, 53.517727], [-113.394185, 53.517722], [-113.394266, 53.517714], [-113.396922, 53.517249], [-113.397428, 53.517172], [-113.398155, 53.517099], [-113.399322, 53.517021], [-113.40022, 53.51698], [-113.401166, 53.51693], [-113.402152, 53.516863], [-113.403217, 53.516756], [-113.404725, 53.516551], [-113.406199, 53.51632], [-113.407677, 53.51609], [-113.408698, 53.515935], [-113.409699, 53.515784], [-113.412123, 53.515413], [-113.414671, 53.515031], [-113.416036, 53.514818], [-113.417515, 53.514576], [-113.418082, 53.514483], [-113.418797, 53.514376], [-113.419641, 53.514291], [-113.420093, 53.514269], [-113.420566, 53.514268], [-113.421377, 53.514296], [-113.421983, 53.514355], [-113.422608, 53.514441], [-113.423347, 53.514588], [-113.424037, 53.514739], [-113.425136, 53.514987], [-113.426667, 53.515335], [-113.428201, 53.515685], [-113.429136, 53.515935], [-113.432483, 53.516695], [-113.434649, 53.517187], [-113.436478, 53.517598], [-113.437287, 53.517779], [-113.437721, 53.517872], [-113.438195, 53.517949], [-113.438784, 53.518027], [-113.439844, 53.518113], [-113.44173, 53.518106], [-113.441869, 53.518105], [-113.442323, 53.518103], [-113.442683, 53.518104], [-113.442821, 53.518103], [-113.442822, 53.518182], [-113.442823, 53.518318], [-113.442825, 53.518575], [-113.442826, 53.51904], [-113.442824, 53.519588], [-113.442823, 53.520049], [-113.442821, 53.520567], [-113.442821, 53.520698], [-113.44282, 53.521164], [-113.442821, 53.521245], [-113.442826, 53.521614], [-113.442818, 53.522048], [-113.442817, 53.522434], [-113.442824, 53.522884], [-113.442829, 53.523316], [-113.44283, 53.52446], [-113.442836, 53.525119], [-113.442837, 53.525187], [-113.442838, 53.52529], [-113.443006, 53.525289], [-113.443114, 53.525289], [-113.443858, 53.525279], [-113.443898, 53.525279], [-113.448922, 53.525246], [-113.449096, 53.525245], [-113.449262, 53.525244], [-113.452521, 53.525224], [-113.454553, 53.525212], [-113.454779, 53.525211], [-113.455508, 53.52522], [-113.457, 53.525219], [-113.457095, 53.525217], [-113.457162, 53.525216], [-113.457284, 53.525214], [-113.457384, 53.525214], [-113.457466, 53.525214], [-113.457578, 53.525213], [-113.457851, 53.525212], [-113.457888, 53.525212], [-113.458225, 53.525213], [-113.458406, 53.525228], [-113.458519, 53.525245], [-113.458526, 53.525247], [-113.458688, 53.525279], [-113.45881, 53.525311], [-113.458943, 53.52536], [-113.459032, 53.525398], [-113.459251, 53.525474], [-113.459707, 53.525729], [-113.461576, 53.526775], [-113.462195, 53.527121], [-113.462281, 53.527168], [-113.462747, 53.527421], [-113.463076, 53.527599], [-113.46336, 53.527753], [-113.463879, 53.528034], [-113.464473, 53.528325], [-113.464645, 53.5284], [-113.465389, 53.528726], [-113.465691, 53.528856], [-113.466144, 53.529052], [-113.466918, 53.529389], [-113.467204, 53.529511], [-113.467674, 53.529721], [-113.46799, 53.529851], [-113.468261, 53.529984], [-113.46838, 53.530046], [-113.468483, 53.530101], [-113.468722, 53.530229], [-113.46935, 53.530578], [-113.470263, 53.531107], [-113.470417, 53.531192], [-113.470585, 53.53128], [-113.470635, 53.531306], [-113.470742, 53.531415], [-113.471002, 53.531564], [-113.471018, 53.53157], [-113.471233, 53.531669], [-113.471373, 53.531727], [-113.471689, 53.531856], [-113.472151, 53.532042], [-113.472572, 53.532202], [-113.472934, 53.532323], [-113.473148, 53.532357], [-113.473543, 53.532474], [-113.473827, 53.532559], [-113.474213, 53.532656], [-113.474646, 53.532748], [-113.474984, 53.532813], [-113.475357, 53.532876], [-113.47566, 53.532915], [-113.475935, 53.532948], [-113.476437, 53.532997], [-113.476764, 53.533013], [-113.477201, 53.533023], [-113.47763, 53.533026], [-113.478296, 53.533006], [-113.478762, 53.533001], [-113.479495, 53.53297], [-113.479862, 53.53297], [-113.480228, 53.532995], [-113.480346, 53.533003], [-113.480589, 53.533035], [-113.480936, 53.533108], [-113.481162, 53.533176], [-113.481386, 53.533254], [-113.481554, 53.533329], [-113.481713, 53.533413], [-113.481892, 53.533536], [-113.482266, 53.533847], [-113.482611, 53.534172], [-113.482752, 53.534325], [-113.482936, 53.534545], [-113.483074, 53.534719], [-113.483395, 53.535039], [-113.483587, 53.535449], [-113.483671, 53.535622], [-113.483918, 53.536168], [-113.483962, 53.536259], [-113.4839, 53.536366], [-113.484028, 53.53688], [-113.484071, 53.537151], [-113.484006, 53.537378], [-113.484006, 53.537382], [-113.483928, 53.537501], [-113.483786, 53.537623], [-113.483667, 53.537683], [-113.483555, 53.537724], [-113.48339, 53.53776], [-113.483229, 53.537773], [-113.483069, 53.537772], [-113.482908, 53.53775], [-113.482789, 53.537719], [-113.482686, 53.53768], [-113.482591, 53.537636], [-113.482486, 53.537562], [-113.482403, 53.537475], [-113.482354, 53.537378], [-113.482341, 53.53728], [-113.482375, 53.537141], [-113.482475, 53.537008], [-113.482595, 53.536911], [-113.482787, 53.536813], [-113.483234, 53.536659], [-113.483452, 53.536538], [-113.483606, 53.536505], [-113.484711, 53.536307], [-113.485721, 53.536157], [-113.486245, 53.536089], [-113.486598, 53.536043], [-113.487033, 53.535991], [-113.48743, 53.535939], [-113.487822, 53.535888], [-113.488241, 53.535826], [-113.488637, 53.535765], [-113.489029, 53.535701], [-113.489355, 53.535644], [-113.489823, 53.535553], [-113.490286, 53.535461], [-113.490654, 53.535377], [-113.491261, 53.535232], [-113.49189, 53.535076], [-113.492369, 53.534924], [-113.492752, 53.534781], [-113.493364, 53.534543], [-113.493689, 53.534418], [-113.493998, 53.534312], [-113.49427, 53.534239], [-113.494545, 53.534174], [-113.494949, 53.534108], [-113.495138, 53.534092], [-113.495439, 53.534076], [-113.495557, 53.534071], [-113.496392, 53.534071], [-113.497251, 53.534069], [-113.497399, 53.534069], [-113.497392, 53.534175], [-113.49737, 53.534458], [-113.497343, 53.534797], [-113.497334, 53.534876], [-113.497282, 53.535019], [-113.497246, 53.535113], [-113.497188, 53.5352], [-113.496952, 53.535522], [-113.496494, 53.535832], [-113.496034, 53.536111], [-113.49588, 53.536219], [-113.495821, 53.536282], [-113.495767, 53.536346], [-113.495721, 53.536412], [-113.495679, 53.536487], [-113.495648, 53.536564], [-113.495628, 53.536642], [-113.495617, 53.536721], [-113.495624, 53.537179], [-113.495625, 53.537254], [-113.495626, 53.537316], [-113.495625, 53.537788], [-113.495624, 53.538087], [-113.495623, 53.538362], [-113.495606, 53.538443], [-113.495589, 53.538495], [-113.495566, 53.538543], [-113.495521, 53.538603], [-113.495416, 53.538701], [-113.495392, 53.538722], [-113.495316, 53.538792], [-113.495259, 53.538844], [-113.494894, 53.539146], [-113.49477, 53.539224], [-113.494622, 53.539283], [-113.494521, 53.539309], [-113.494436, 53.539327], [-113.494075, 53.539389], [-113.493982, 53.539412], [-113.493941, 53.539427], [-113.493853, 53.539465], [-113.49379, 53.539499], [-113.493753, 53.539581], [-113.493741, 53.539652], [-113.493743, 53.539675], [-113.493739, 53.540193], [-113.493739, 53.540362], [-113.493738, 53.540826], [-113.493738, 53.540943], [-113.493736, 53.541062], [-113.493735, 53.541098], [-113.493736, 53.541526], [-113.493736, 53.541957], [-113.493736, 53.541987], [-113.493736, 53.542045], [-113.493736, 53.54214], [-113.493737, 53.542178], [-113.493736, 53.542204], [-113.493747, 53.542631], [-113.493746, 53.543058], [-113.493746, 53.543116], [-113.493745, 53.543146], [-113.493745, 53.543209], [-113.493745, 53.543241], [-113.493745, 53.543281], [-113.493745, 53.543292], [-113.493744, 53.543452], [-113.493744, 53.543535], [-113.49374, 53.544215], [-113.493738, 53.544432], [-113.493738, 53.5445]]}}, {"type": "Feature", "properties": {"DAUID": "48112565", "mode": "transit", "period": "weekend", "speed_factor": 0.2, "transit_mins": 113.0}, "geometry": {"type": "LineString", "coordinates": [[-113.3775749989765, 53.44725909677084], [-113.37743157810274, 53.44723061727237], [-113.37727034111067, 53.44718096072019], [-113.37682929513535, 53.44687719208658], [-113.37657400569704, 53.44621237550819], [-113.37661000000013, 53.445304000000434], [-113.37680374339752, 53.44565079137333], [-113.37699029980372, 53.4458110502943], [-113.37716159943129, 53.44589447209366], [-113.37728791073991, 53.445925282005], [-113.37738823293273, 53.44593161442065], [-113.377344, 53.44593], [-113.37686724069879, 53.44592999971173], [-113.375551, 53.445929], [-113.37642000000001, 53.444929], [-113.37641998554778, 53.445003623733626], [-113.37642299907067, 53.44556563667474], [-113.37642437185134, 53.447069438718145], [-113.37640980005999, 53.447437003998814], [-113.37641794219486, 53.447867752066585], [-113.37641101303966, 53.448151766595515], [-113.37641391455948, 53.448222514330446], [-113.37644789975707, 53.44847277270343], [-113.37644735909709, 53.448533580566554], [-113.37649874138874, 53.44866621949082], [-113.3766048513041, 53.44886084614038], [-113.37667200000001, 53.44897900000001], [-113.37682263631466, 53.44918031140217], [-113.3769929045744, 53.449397238849905], [-113.37717115942225, 53.4496111136263], [-113.37737217182705, 53.44983595656608], [-113.37744954403875, 53.449919663996006], [-113.37795024786648, 53.45048352956356], [-113.3782543522176, 53.45086305938676], [-113.37834383431539, 53.450992942625874], [-113.37854241205245, 53.45134392399858], [-113.3787789084131, 53.45192990477606], [-113.37891080005998, 53.45270800399885], [-113.37891167263057, 53.45280358577116], [-113.37889789267652, 53.45333965044216], [-113.37889353864247, 53.453567627278815], [-113.378905, 53.45396], [-113.37789989802557, 53.453082013015155], [-113.37829251574016, 53.45308001005434], [-113.37896176274992, 53.45307700897718], [-113.3794352273674, 53.45307500384376], [-113.38051614646407, 53.45307200742489], [-113.381039, 53.453070000000004], [-113.38118307328595, 53.45307000829587], [-113.38192242189722, 53.453104382727616], [-113.38174754669637, 53.453090036523676], [-113.38209160341857, 53.453093001285474], [-113.38373863966318, 53.453121035446486], [-113.3839983408787, 53.4530831932592], [-113.38434792191542, 53.45307634009108], [-113.38456853844691, 53.45307062895867], [-113.38488451430081, 53.45305943479775], [-113.38624600690902, 53.45301928787565], [-113.38635405076931, 53.45301683877152], [-113.38648973740983, 53.45301137169349], [-113.3865944326596, 53.45300853045652], [-113.38980428997301, 53.45290513269041], [-113.39155270070498, 53.45293411704106], [-113.39361399600124, 53.45290319994002], [-113.3947439434181, 53.45391663769591], [-113.39474291434998, 53.45398691211584], [-113.39474799857526, 53.45438031195379], [-113.39475299602137, 53.45734117913676], [-113.39475476120116, 53.458031147296126], [-113.3947583496625, 53.45827205900842], [-113.39475157492397, 53.45845915426866], [-113.39474467895438, 53.45869533748502], [-113.39473210023004, 53.45916561112534], [-113.39472895098879, 53.45917509949504], [-113.39472994575095, 53.45927558389845], [-113.39473097183597, 53.45937449485041], [-113.39475188863523, 53.462194923711145], [-113.39475099820649, 53.46224510606398], [-113.39475197554982, 53.46276800716401], [-113.39475395739917, 53.46305176962404], [-113.39475685140054, 53.46340323881721], [-113.39475572969319, 53.46342075047231], [-113.39474191725628, 53.46331397399538], [-113.39476968764642, 53.463536007808905], [-113.39477123195073, 53.46360181443327], [-113.39477527713144, 53.463704984022165], [-113.39479440978435, 53.464223071409826], [-113.39481185516954, 53.46448598118859], [-113.39481580670888, 53.46475766074499], [-113.3947817296932, 53.466490249527695], [-113.39478012398352, 53.46655184812501], [-113.39477215391052, 53.46674212740068], [-113.39473856775446, 53.467556399051524], [-113.394737, 53.467595], [-113.39473520484546, 53.46776989229085], [-113.39473379181845, 53.46778040391461], [-113.39473098069212, 53.467903139525625], [-113.39464761651101, 53.46974469171215], [-113.39459567639702, 53.47160943397752], [-113.394583745928, 53.47184106566992], [-113.39454572652377, 53.47254561458421], [-113.3945487828993, 53.47269067738782], [-113.39455173527641, 53.472753736947666], [-113.39456, 53.47291], [-113.39455902823494, 53.47302507477495], [-113.39455653807592, 53.47301860863957], [-113.39456496854022, 53.473299592339195], [-113.39456925258501, 53.47347165580598], [-113.3945499976473, 53.47395216919232], [-113.39454885997584, 53.47439426594181], [-113.3945569875625, 53.47488401253085], [-113.39456050709676, 53.475722393686404], [-113.3945239770069, 53.47686221872661], [-113.394537, 53.478786], [-113.394537, 53.479228], [-113.39453694518144, 53.47930652936978], [-113.39453897717391, 53.47950124339748], [-113.39454495942135, 53.48040500864341], [-113.39454380812882, 53.48052658840397], [-113.39449454117914, 53.48303828912656], [-113.39449371212436, 53.483064993090984], [-113.39448670579185, 53.48324013998282], [-113.39450874753534, 53.48367296640478], [-113.39456130778666, 53.484723798554796], [-113.39459066717976, 53.4855142021373], [-113.39460233949795, 53.4859686603819], [-113.39462341968746, 53.486580455299205], [-113.39463941106159, 53.48677364973747], [-113.39467912500051, 53.48747917616281], [-113.3946875066914, 53.48768137045454], [-113.39470497862239, 53.488001449474524], [-113.39475938875769, 53.488856255938494], [-113.39479779905683, 53.48954395390364], [-113.39480568590467, 53.48993793823636], [-113.39481499082599, 53.4903177165502], [-113.39482585569624, 53.49287301216051], [-113.39483171132696, 53.49325124878919], [-113.39486015485406, 53.49381189552817], [-113.39487334585029, 53.49413283549394], [-113.39490381061616, 53.49501746103391], [-113.39489579600163, 53.49538880210103], [-113.39489793827731, 53.495496889574675], [-113.394901, 53.495778], [-113.3948231201798, 53.49629109642802], [-113.3949594757529, 53.49687619212705], [-113.39493038421836, 53.49734998599776], [-113.39488303719021, 53.49770450371905], [-113.39486247787279, 53.49788731070708], [-113.39484746098277, 53.4983518290104], [-113.39483896668222, 53.498601162993324], [-113.3948329872034, 53.49932294104283], [-113.39483575317783, 53.4998987832627], [-113.39484877690468, 53.50048487795273], [-113.39486399258938, 53.501219849827095], [-113.39485599788313, 53.50329605760881], [-113.39485499209523, 53.50378397611171], [-113.39485099794281, 53.50478802839339], [-113.39484799598748, 53.50626216715018], [-113.39485060718414, 53.507295973630285], [-113.39485399480192, 53.50742777569617], [-113.39486098970082, 53.50959746146884], [-113.39486399880741, 53.51026145560029], [-113.39486599926717, 53.51155921065286], [-113.39486498640153, 53.51237878494707], [-113.39486897727636, 53.51314425858016], [-113.39487492127985, 53.51402845272524], [-113.39488791282167, 53.5150637958691], [-113.39489805615835, 53.51595343722434], [-113.39489197194635, 53.516078490426544], [-113.39489, 53.516338], [-113.39488995619458, 53.51670564003562], [-113.39489598592857, 53.51736130496512], [-113.39386530368873, 53.51673341182394], [-113.39404213742952, 53.51672885384461], [-113.3940867127813, 53.51672684191073], [-113.39409354769973, 53.51672898213004], [-113.39677155800302, 53.51626038116266], [-113.39732808976453, 53.51617700354531], [-113.39808831074899, 53.516101226206096], [-113.3992763904976, 53.51602204065484], [-113.4001672195486, 53.51598139385944], [-113.40109820501894, 53.515932300726405], [-113.40205203378495, 53.51586800916796], [-113.40308229731916, 53.515765113938045], [-113.40457017332378, 53.51556305835176], [-113.40604523497187, 53.51533189255841], [-113.40752690777663, 53.515101327999545], [-113.40854883842339, 53.51494618716429], [-113.4095477089458, 53.51479551074011], [-113.41197473546477, 53.514424052262456], [-113.41451682185138, 53.5140429569349], [-113.41587452324751, 53.51383112348371], [-113.41735314161953, 53.513589186002996], [-113.41793399774612, 53.5134940129764], [-113.41869679598636, 53.51338103308816], [-113.4195923849845, 53.51329218240891], [-113.42009088583983, 53.513269002234836], [-113.42060050471883, 53.5132685954651], [-113.4214739015582, 53.51330070602935], [-113.42211931556814, 53.51336433453382], [-113.42280309512292, 53.51346021567457], [-113.42356078132283, 53.51361111845856], [-113.42425712465354, 53.513763528249044], [-113.42535764863251, 53.51401187340119], [-113.4268894451265, 53.51436005478836], [-113.42845930567817, 53.51471893676365], [-113.42935743220318, 53.51495982423154], [-113.4327045043476, 53.5157198406161], [-113.43486824562342, 53.516211330303534], [-113.43669633518493, 53.516622126162346], [-113.43749652908873, 53.51680119758592], [-113.43788134534834, 53.51688493902454], [-113.43832628169467, 53.516957654895286], [-113.43886486636409, 53.51703027504738], [-113.43984028846671, 53.51711300688776], [-113.44172280594154, 53.517106025877574], [-113.44186459475641, 53.51710500970313], [-113.44232577776705, 53.517103003858004], [-113.44267575381346, 53.51710402625395], [-113.44382091989425, 53.518090342786], [-113.44382197296824, 53.51817464725761], [-113.44382296972083, 53.51831021813449], [-113.4438249976876, 53.51857284946734], [-113.44382599334014, 53.519043649610715], [-113.4438239976473, 53.519590169192284], [-113.44382299254642, 53.5200528609751], [-113.443821, 53.520567], [-113.44382099769751, 53.5207001459178], [-113.44381992380082, 53.52115165526175], [-113.44382090820955, 53.52123145110827], [-113.44382583015222, 53.521632430048875], [-113.44381799664423, 53.522050590664875], [-113.4438168790343, 53.522418446326135], [-113.44382393302713, 53.52287242670107], [-113.44382899961795, 53.52331512587446], [-113.44382995855476, 53.52445089567325], [-113.44383589188605, 53.52510429570759], [-113.44383695287354, 53.5251772917197], [-113.44283204772451, 53.52429001771495], [-113.443006, 53.524289], [-113.4431005603537, 53.524289090316124], [-113.443858, 53.524279], [-113.44389143167037, 53.52427902157171], [-113.44891625296844, 53.524246016514326], [-113.44908997601293, 53.52424501814437], [-113.44925586326377, 53.52424401882995], [-113.45251509459116, 53.52422401743708], [-113.45454857526454, 53.524212009789196], [-113.45479134473828, 53.52421107619919], [-113.45550732975886, 53.52422000022461], [-113.45697895203224, 53.52421922153301], [-113.45708007628906, 53.52421711136477], [-113.45714560875975, 53.5242161343454], [-113.457284, 53.524214], [-113.457384, 53.524214], [-113.45745707178446, 53.524214039857306], [-113.45757433702092, 53.524213006708734], [-113.457851, 53.524212000000006], [-113.45789096734597, 53.524212004402585], [-113.45830758980328, 53.524216416373605], [-113.45855476836472, 53.52423912792857], [-113.45879372112776, 53.52428347605232], [-113.45871978641821, 53.5242659562578], [-113.45894171268839, 53.524311720375614], [-113.4591557053588, 53.52437265688317], [-113.45933567179333, 53.52444032132637], [-113.45935985128006, 53.52445327065349], [-113.45973907872799, 53.52460120039226], [-113.46019537587435, 53.52485636662604], [-113.46206391617123, 53.52590210950868], [-113.46267456687032, 53.52624349466276], [-113.46275813348066, 53.52628916916211], [-113.46322285248816, 53.52654147489547], [-113.4635526819618, 53.52671992417432], [-113.46383611938859, 53.52687361934988], [-113.46431894209924, 53.52713597385933], [-113.46487270024835, 53.52740835409701], [-113.46504633542456, 53.52748406884702], [-113.4657843870769, 53.52780748540598], [-113.46608809566438, 53.52793822277575], [-113.46654320252507, 53.52813513722729], [-113.46731036612897, 53.52846919087804], [-113.46761194006218, 53.52859799128938], [-113.46805445539626, 53.5287962007291], [-113.46843057612193, 53.52895328474404], [-113.46872305654529, 53.52909714953405], [-113.4688510326858, 53.52916388424291], [-113.46895511905448, 53.529219465202964], [-113.469207761104, 53.529354908385905], [-113.4698513351015, 53.52971274679081], [-113.47074622762376, 53.53023150524637], [-113.47088100699469, 53.530306168464726], [-113.47104635273661, 53.53039278319875], [-113.471348623476, 53.53060547053274], [-113.47123921667152, 53.53054737359333], [-113.4713531234415, 53.5306276708224], [-113.47143625427262, 53.53066167001402], [-113.47161574032775, 53.53074514403638], [-113.4717509482506, 53.53080117327762], [-113.47206246687085, 53.53092835648206], [-113.47250625656412, 53.531107231165656], [-113.47288901364172, 53.53125357902229], [-113.47309091045031, 53.53133538716564], [-113.47343200568075, 53.531398177402586], [-113.47382972887496, 53.53151598822958], [-113.47407071782368, 53.53158915381507], [-113.47442083173776, 53.53167783540813], [-113.47483484739365, 53.531765993553016], [-113.47515054199684, 53.531826965637876], [-113.47548465974545, 53.53188418197769], [-113.4757791452206, 53.531922123161515], [-113.4760321478646, 53.53195273004044], [-113.47648587119701, 53.531998194910855], [-113.4767868773062, 53.53201326171981], [-113.477207992836, 53.532023024450176], [-113.4775999835014, 53.53202645059661], [-113.47828527100383, 53.53200605755734], [-113.47871974582034, 53.53200189310667], [-113.479495, 53.53197], [-113.47993014721831, 53.53197232472385], [-113.48029564133574, 53.53199729029788], [-113.48047656005305, 53.53201155959708], [-113.48079486835108, 53.5320564203037], [-113.48122412524705, 53.532150407267146], [-113.48149084764705, 53.532231617013586], [-113.48179365084039, 53.532340862117564], [-113.48202112103311, 53.532444806615935], [-113.48227933339743, 53.53258882375492], [-113.48253137517843, 53.53276710509092], [-113.48295169368456, 53.533119109780976], [-113.48334635599595, 53.533494318984154], [-113.48351907687017, 53.53368344479953], [-113.48371949767908, 53.53392360528898], [-113.48378000279135, 53.53401079094992], [-113.484300618035, 53.53461490570069], [-113.48448656653675, 53.53501221624804], [-113.48458210792285, 53.53520983213014], [-113.48481828433948, 53.53573269768197], [-113.48482724168305, 53.536760354993916], [-113.4848703641955, 53.53612435288519], [-113.48501564448345, 53.536723288882676], [-113.48503236397046, 53.53742628043211], [-113.485006, 53.537378], [-113.48484235001851, 53.53793019581038], [-113.48457967072343, 53.53825950198959], [-113.48423621249415, 53.53851592144677], [-113.48401076188264, 53.53862205685027], [-113.48376816707523, 53.538701015761404], [-113.48347048339964, 53.53875675594926], [-113.48322275012204, 53.538772980469325], [-113.48293361218018, 53.538762792681766], [-113.48265590915327, 53.5387177035729], [-113.48243489324899, 53.53865420500902], [-113.48226573077648, 53.538587399459864], [-113.4820149282378, 53.53845339912209], [-113.48176245567352, 53.53825227792057], [-113.4815104207521, 53.53792589054793], [-113.48136268397606, 53.53750950110518], [-113.48136963682491, 53.53704240037445], [-113.48157572173115, 53.53654003889565], [-113.48184636123723, 53.536230302561435], [-113.48214037942664, 53.536020314795074], [-113.48246127006766, 53.535867537144476], [-113.48274869764218, 53.53578465360326], [-113.48324247091125, 53.53556019758593], [-113.48342962360746, 53.53552067720327], [-113.48456409641351, 53.53531784918426], [-113.48559230810208, 53.535165315375025], [-113.48611578090897, 53.5350973839319], [-113.48647930483094, 53.53505006925879], [-113.48690312696998, 53.53499946936706], [-113.48730098526403, 53.534947357323475], [-113.48767562246876, 53.534898771200204], [-113.48808875527168, 53.5348376571735], [-113.4884758681011, 53.53477806711922], [-113.48885676626297, 53.53471594389001], [-113.48916413034091, 53.53466238461033], [-113.48962810617743, 53.534572175653885], [-113.49006346294684, 53.53448607576706], [-113.49042165744183, 53.53440436598061], [-113.49102028018282, 53.534261405352574], [-113.49158753564524, 53.5341228393031], [-113.49201921721047, 53.53398716917207], [-113.49238955373883, 53.53384899532846], [-113.4930050209207, 53.53360965439379], [-113.49336451915725, 53.53347210773199], [-113.49373879064495, 53.53334617884148], [-113.49403997454607, 53.533265815387225], [-113.49438377098194, 53.53318708298032], [-113.49486464564488, 53.53311156418031], [-113.4950849187934, 53.53309340980102], [-113.49539666510692, 53.53307689652346], [-113.495557, 53.533071], [-113.49638967171761, 53.53307100271045], [-113.497251, 53.533069000000005], [-113.49839682661472, 53.53413489421038], [-113.49838899198842, 53.534252504677546], [-113.49836684326655, 53.53453739459646], [-113.4983365731472, 53.5349101918776], [-113.4982737934235, 53.535217743063065], [-113.49821585675171, 53.535376647266546], [-113.4980780502943, 53.53566770019629], [-113.49799456423501, 53.53579114645798], [-113.49751252825837, 53.53635013529786], [-113.49701259004812, 53.5366870230184], [-113.4966081757432, 53.53692973207822], [-113.49660989840244, 53.536902555646684], [-113.49658529148348, 53.53692687093924], [-113.49658739816677, 53.53691779266169], [-113.49659350601593, 53.536900603368984], [-113.49660664351796, 53.53686046687079], [-113.49661666386604, 53.53681237535034], [-113.49661844476051, 53.536779910029956], [-113.49661688322253, 53.53670571794199], [-113.49662391112297, 53.53716566785173], [-113.49662486995254, 53.53723787306532], [-113.49662599775569, 53.537318118639305], [-113.49662499440727, 53.53779134446289], [-113.4966239933885, 53.53809063633963], [-113.49660167779119, 53.53856740151173], [-113.49655649532517, 53.53875373885632], [-113.49649081602873, 53.53892712018041], [-113.49636600000002, 53.53914299999997], [-113.4962033182504, 53.53933405526821], [-113.49607450460765, 53.5394535766949], [-113.49606947575478, 53.53945754510512], [-113.49598996198752, 53.5395307660248], [-113.49589648130906, 53.539614465820534], [-113.49542645111872, 53.53999246075289], [-113.49514030828419, 53.540152908916234], [-113.49487129799392, 53.54025142682234], [-113.49472817044185, 53.54028730486456], [-113.49460526691227, 53.54031257024732], [-113.49431507879872, 53.5403597534035], [-113.4943255815314, 53.54035112285207], [-113.49433743601625, 53.54034506235356], [-113.49432793260114, 53.540345022172666], [-113.49470150505643, 53.53991028886699], [-113.49473901601385, 53.53974765059387], [-113.49473724058822, 53.53956537038387], [-113.49474297018662, 53.53968272177749], [-113.49473900000001, 53.540193], [-113.49473899767763, 53.54036415516744], [-113.494738, 53.540826], [-113.49473785879694, 53.540959804349484], [-113.49473561442065, 53.54108976706716], [-113.49473499727051, 53.54109566355778], [-113.494736, 53.541526], [-113.494736, 53.541957], [-113.494736, 53.541987], [-113.494736, 53.542045], [-113.49473565391935, 53.54211369331798], [-113.49473626117464, 53.54221643312201], [-113.4947356683473, 53.54217824741962], [-113.49474699725772, 53.54263334191395], [-113.494746, 53.543058], [-113.49474544490698, 53.543149314830146], [-113.49474500000001, 53.543146], [-113.49474500000001, 53.543209], [-113.49474500000001, 53.543241], [-113.49474500000001, 53.543281], [-113.49474498046932, 53.54329824987792], [-113.49474400000001, 53.543452], [-113.49474398269942, 53.54354088225118], [-113.49473995752994, 53.54422421619848], [-113.494738, 53.544432], [-113.494738, 53.5445]]}}, {"type": "Feature", "properties": {"DAUID": "48112583", "mode": "car", "period": "weekend", "speed_factor": 1.0, "transit_mins": 117.0}, "geometry": {"type": "LineString", "coordinates": [[-113.457133, 53.431034], [-113.458231, 53.431028], [-113.458239, 53.431868], [-113.460333, 53.431867], [-113.460392, 53.431862], [-113.460441, 53.431854], [-113.460489, 53.431839], [-113.460523, 53.431818], [-113.460544, 53.431785], [-113.460552, 53.431751], [-113.460554, 53.430065], [-113.46056, 53.429981], [-113.460577, 53.429913], [-113.460605, 53.429851], [-113.460639, 53.429799], [-113.460726, 53.42969], [-113.460839, 53.429737], [-113.460987, 53.429787], [-113.461141, 53.429835], [-113.461308, 53.429879], [-113.461552, 53.429925], [-113.461804, 53.429969], [-113.462044, 53.430006], [-113.462227, 53.43003], [-113.462429, 53.430052], [-113.462682, 53.430067], [-113.462824, 53.430075], [-113.462975, 53.430081], [-113.463261, 53.430085], [-113.463401, 53.430082], [-113.463734, 53.430099], [-113.464053, 53.430068], [-113.464101, 53.430064], [-113.464877, 53.429953], [-113.465396, 53.429897], [-113.465739, 53.429865], [-113.466033, 53.42984], [-113.466066, 53.429837], [-113.466261, 53.429834], [-113.466589, 53.429826], [-113.467066, 53.429827], [-113.467261, 53.429828], [-113.467315, 53.429828], [-113.467897, 53.429829], [-113.468072, 53.429831], [-113.468238, 53.429835], [-113.468425, 53.429847], [-113.468529, 53.429859], [-113.46862, 53.429873], [-113.468741, 53.429896], [-113.468848, 53.42992], [-113.469001, 53.429961], [-113.469147, 53.430016], [-113.46927, 53.43007], [-113.469387, 53.430133], [-113.469658, 53.430297], [-113.469768, 53.430366], [-113.469677, 53.430415], [-113.469331, 53.430601], [-113.468981, 53.430801], [-113.468644, 53.431025], [-113.468495, 53.431148], [-113.468307, 53.431316], [-113.468119, 53.431498], [-113.467965, 53.431656], [-113.467874, 53.431761], [-113.46779, 53.431867], [-113.467677, 53.432019], [-113.467542, 53.43223], [-113.467467, 53.432361], [-113.467395, 53.4325], [-113.467336, 53.432628], [-113.467282, 53.43277], [-113.467236, 53.432911], [-113.467176, 53.43316], [-113.46714, 53.433362], [-113.467125, 53.433464], [-113.467119, 53.433534], [-113.467039, 53.434068], [-113.466964, 53.434672], [-113.466914, 53.435128], [-113.466897, 53.435279], [-113.46683, 53.435835], [-113.466783, 53.436361], [-113.466756, 53.43687], [-113.466619, 53.437926], [-113.466523, 53.438467], [-113.466456, 53.43912], [-113.46644, 53.439468], [-113.466437, 53.439569], [-113.46643, 53.439717], [-113.466424, 53.439829], [-113.466443, 53.440861], [-113.46645, 53.441968], [-113.466385, 53.444521], [-113.46636, 53.450358], [-113.46636, 53.450803], [-113.46636, 53.451135], [-113.466373, 53.451747], [-113.466371, 53.451822], [-113.466366, 53.45192], [-113.466368, 53.451987], [-113.466379, 53.452459], [-113.466364, 53.453293], [-113.466382, 53.455089], [-113.466347, 53.456518], [-113.466339, 53.457236], [-113.466339, 53.457321], [-113.466351, 53.457536], [-113.466332, 53.457943], [-113.466348, 53.458695], [-113.466348, 53.45877], [-113.466354, 53.458952], [-113.466372, 53.463305], [-113.466372, 53.464437], [-113.466354, 53.465169], [-113.466364, 53.465234], [-113.466367, 53.465306], [-113.466368, 53.465408], [-113.466365, 53.465477], [-113.466369, 53.46564], [-113.466361, 53.466079], [-113.466358, 53.468594], [-113.466367, 53.472658], [-113.466379, 53.473384], [-113.466377, 53.47398], [-113.466378, 53.474044], [-113.466379, 53.474107], [-113.466379, 53.474195], [-113.46638, 53.474262], [-113.466384, 53.474417], [-113.466385, 53.474842], [-113.466383, 53.479496], [-113.466392, 53.479677], [-113.466408, 53.480003], [-113.466415, 53.480085], [-113.466421, 53.480162], [-113.466476, 53.480926], [-113.466501, 53.481162], [-113.466542, 53.481674], [-113.466565, 53.481996], [-113.466585, 53.48221], [-113.466597, 53.482334], [-113.466617, 53.482474], [-113.466632, 53.482625], [-113.466692, 53.483252], [-113.466732, 53.483583], [-113.466787, 53.484204], [-113.466814, 53.48472], [-113.466986, 53.486654], [-113.466994, 53.486776], [-113.467147, 53.487146], [-113.467238, 53.488005], [-113.467239, 53.48801], [-113.467253, 53.488069], [-113.467276, 53.488118], [-113.467304, 53.488159], [-113.467357, 53.488187], [-113.467476, 53.488188], [-113.467795, 53.488189], [-113.468779, 53.488189], [-113.468997, 53.488192], [-113.469142, 53.488192], [-113.470338, 53.488174], [-113.471036, 53.488167], [-113.471248, 53.488146], [-113.471489, 53.488123], [-113.471657, 53.48812], [-113.47205, 53.488122], [-113.472268, 53.488123], [-113.473273, 53.48813], [-113.473435, 53.48813], [-113.473658, 53.488132], [-113.474507, 53.488134], [-113.474556, 53.488134], [-113.474717, 53.488134], [-113.475236, 53.488135], [-113.475823, 53.488138], [-113.476052, 53.488139], [-113.476384, 53.48814], [-113.476575, 53.48814], [-113.477241, 53.488142], [-113.47789, 53.488143], [-113.478654, 53.488147], [-113.479234, 53.488148], [-113.479395, 53.488148], [-113.479567, 53.488149], [-113.480077, 53.48815], [-113.480733, 53.488152], [-113.481746, 53.488154], [-113.481876, 53.488154], [-113.4821, 53.488203], [-113.483226, 53.488201], [-113.4833, 53.488202], [-113.484133, 53.488201], [-113.4843, 53.488201], [-113.484739, 53.488201], [-113.485327, 53.4882], [-113.485922, 53.488203], [-113.486119, 53.488204], [-113.486307, 53.488203], [-113.486821, 53.488203], [-113.48724, 53.488204], [-113.488073, 53.488204], [-113.488779, 53.488204], [-113.48973, 53.488205], [-113.490353, 53.488205], [-113.490787, 53.488207], [-113.49126, 53.488216], [-113.491578, 53.488236], [-113.491667, 53.488256], [-113.491748, 53.488283], [-113.491797, 53.488308], [-113.491852, 53.488348], [-113.491891, 53.488383], [-113.491939, 53.488486], [-113.491941, 53.488739], [-113.491943, 53.488799], [-113.491944, 53.488919], [-113.491942, 53.48904], [-113.49194, 53.489286], [-113.49194, 53.489498], [-113.491943, 53.489673], [-113.491941, 53.489895], [-113.491942, 53.489914], [-113.49194, 53.490004], [-113.491941, 53.490429], [-113.491939, 53.490461], [-113.491935, 53.491348], [-113.491935, 53.491403], [-113.491934, 53.491597], [-113.491936, 53.491669], [-113.491935, 53.492055], [-113.491935, 53.492229], [-113.491935, 53.492561], [-113.491939, 53.492661], [-113.491936, 53.492967], [-113.491938, 53.49325], [-113.491937, 53.493628], [-113.491934, 53.495136], [-113.491927, 53.496338], [-113.49193, 53.496445], [-113.491931, 53.496521], [-113.491933, 53.496908], [-113.49193, 53.497059], [-113.491926, 53.497217], [-113.491935, 53.497337], [-113.491937, 53.497482], [-113.491948, 53.497564], [-113.491959, 53.497652], [-113.491978, 53.497731], [-113.491993, 53.497789], [-113.491997, 53.497805], [-113.492049, 53.497949], [-113.492057, 53.497965], [-113.492138, 53.498125], [-113.492198, 53.49822], [-113.492244, 53.498287], [-113.4924, 53.498467], [-113.492596, 53.498654], [-113.492829, 53.498855], [-113.492913, 53.498927], [-113.493356, 53.499314], [-113.493502, 53.499442], [-113.493638, 53.499559], [-113.493732, 53.49964], [-113.493777, 53.499689], [-113.493804, 53.499718], [-113.493837, 53.499755], [-113.493889, 53.49982], [-113.493962, 53.49993], [-113.494027, 53.500027], [-113.494116, 53.500214], [-113.494203, 53.500398], [-113.494222, 53.500446], [-113.49434, 53.500751], [-113.494392, 53.500892], [-113.494501, 53.501228], [-113.494552, 53.501463], [-113.494573, 53.501593], [-113.494589, 53.501728], [-113.494591, 53.501852], [-113.494595, 53.502319], [-113.494596, 53.502538], [-113.494597, 53.502713], [-113.4946, 53.503458], [-113.4946, 53.503522], [-113.494614, 53.504365], [-113.494719, 53.505888], [-113.494759, 53.506353], [-113.494774, 53.506719], [-113.494749, 53.506994], [-113.494697, 53.507197], [-113.49462, 53.507381], [-113.494351, 53.507937], [-113.494281, 53.508074], [-113.49418, 53.508292], [-113.494114, 53.508488], [-113.494077, 53.508733], [-113.494071, 53.508979], [-113.49409, 53.50923], [-113.494401, 53.511133], [-113.4945, 53.511755], [-113.494556, 53.512078], [-113.494567, 53.512156], [-113.494583, 53.512353], [-113.494431, 53.513508], [-113.494333, 53.514237], [-113.494332, 53.514353], [-113.494344, 53.514472], [-113.494369, 53.514638], [-113.494433, 53.515027], [-113.494485, 53.515326], [-113.494516, 53.5155], [-113.494544, 53.515709], [-113.494615, 53.516136], [-113.494635, 53.516268], [-113.494765, 53.517076], [-113.494777, 53.517169], [-113.494784, 53.517227], [-113.494826, 53.517558], [-113.494883, 53.517963], [-113.494899, 53.518074], [-113.494916, 53.518195], [-113.494938, 53.518316], [-113.494983, 53.518599], [-113.495056, 53.519057], [-113.495063, 53.519096], [-113.495178, 53.519826], [-113.495191, 53.519909], [-113.4952, 53.519967], [-113.495264, 53.520373], [-113.495372, 53.520971], [-113.495422, 53.521281], [-113.49551, 53.521835], [-113.495783, 53.523514], [-113.49578, 53.523584], [-113.495777, 53.523597], [-113.495775, 53.523638], [-113.495753, 53.523661], [-113.495696, 53.523685], [-113.494801, 53.52385], [-113.494269, 53.523942], [-113.494223, 53.52395], [-113.494055, 53.523982], [-113.493923, 53.524019], [-113.493787, 53.524054], [-113.493597, 53.524123], [-113.493561, 53.524149], [-113.493535, 53.524177], [-113.493531, 53.524206], [-113.493547, 53.524243], [-113.493578, 53.524267], [-113.493614, 53.52428], [-113.493673, 53.524287], [-113.494002, 53.524217], [-113.494183, 53.52419], [-113.494968, 53.524131], [-113.495388, 53.524105], [-113.495709, 53.524094], [-113.497242, 53.524105], [-113.497489, 53.524106], [-113.497721, 53.524139], [-113.497904, 53.524199], [-113.498002, 53.524253], [-113.498105, 53.524307], [-113.498147, 53.524334], [-113.498222, 53.524382], [-113.498533, 53.52458], [-113.498641, 53.524644], [-113.498882, 53.524768], [-113.499022, 53.524816], [-113.499185, 53.524861], [-113.499351, 53.524893], [-113.499525, 53.524914], [-113.499726, 53.524923], [-113.500078, 53.524935], [-113.500263, 53.524942], [-113.500427, 53.524957], [-113.500583, 53.524977], [-113.500778, 53.525013], [-113.500961, 53.525059], [-113.501156, 53.525107], [-113.501315, 53.525156], [-113.501471, 53.525221], [-113.501611, 53.52529], [-113.501762, 53.525379], [-113.501902, 53.525465], [-113.502036, 53.525564], [-113.502197, 53.525706], [-113.502341, 53.525862], [-113.502414, 53.525978], [-113.502464, 53.526084], [-113.502503, 53.526202], [-113.502512, 53.526244], [-113.502531, 53.526332], [-113.502551, 53.52642], [-113.502556, 53.526518], [-113.502554, 53.526615], [-113.502512, 53.526834], [-113.502365, 53.527101], [-113.502281, 53.527264], [-113.501183, 53.529377], [-113.501139, 53.529505], [-113.501096, 53.529771], [-113.501098, 53.53009], [-113.5011, 53.530428], [-113.501096, 53.530513], [-113.500913, 53.530532], [-113.50035, 53.530591], [-113.49984, 53.530694], [-113.499411, 53.530844], [-113.498783, 53.531153], [-113.498451, 53.53134], [-113.498202, 53.531512], [-113.497932, 53.531759], [-113.497748, 53.531977], [-113.497482, 53.532386], [-113.497439, 53.53248], [-113.497413, 53.53258], [-113.497428, 53.532852], [-113.497427, 53.532879], [-113.497424, 53.533196], [-113.497422, 53.533398], [-113.497416, 53.53382], [-113.497407, 53.533891], [-113.497399, 53.534069], [-113.497392, 53.534175], [-113.49737, 53.534458], [-113.497343, 53.534797], [-113.497334, 53.534876], [-113.497282, 53.535019], [-113.497246, 53.535113], [-113.497188, 53.5352], [-113.496952, 53.535522], [-113.496494, 53.535832], [-113.496034, 53.536111], [-113.49588, 53.536219], [-113.495821, 53.536282], [-113.495767, 53.536346], [-113.495721, 53.536412], [-113.495679, 53.536487], [-113.495648, 53.536564], [-113.495628, 53.536642], [-113.495617, 53.536721], [-113.495624, 53.537179], [-113.495625, 53.537254], [-113.495626, 53.537316], [-113.495625, 53.537788], [-113.495624, 53.538087], [-113.495623, 53.538362], [-113.495606, 53.538443], [-113.495589, 53.538495], [-113.495566, 53.538543], [-113.495521, 53.538603], [-113.495416, 53.538701], [-113.495392, 53.538722], [-113.495316, 53.538792], [-113.495259, 53.538844], [-113.494894, 53.539146], [-113.49477, 53.539224], [-113.494622, 53.539283], [-113.494521, 53.539309], [-113.494436, 53.539327], [-113.494075, 53.539389], [-113.493982, 53.539412], [-113.493941, 53.539427], [-113.493853, 53.539465], [-113.49379, 53.539499], [-113.493753, 53.539581], [-113.493741, 53.539652], [-113.493743, 53.539675], [-113.493739, 53.540193], [-113.493739, 53.540362], [-113.493738, 53.540826], [-113.493738, 53.540943], [-113.493736, 53.541062], [-113.493735, 53.541098], [-113.493736, 53.541526], [-113.493736, 53.541957], [-113.493736, 53.541987], [-113.493736, 53.542045], [-113.493736, 53.54214], [-113.493737, 53.542178], [-113.493736, 53.542204], [-113.493747, 53.542631], [-113.493746, 53.543058], [-113.493746, 53.543116], [-113.493745, 53.543146], [-113.493745, 53.543209], [-113.493745, 53.543241], [-113.493745, 53.543281], [-113.493745, 53.543292], [-113.493744, 53.543452], [-113.493744, 53.543535], [-113.49374, 53.544215], [-113.493738, 53.544432], [-113.493738, 53.5445]]}}, {"type": "Feature", "properties": {"DAUID": "48112583", "mode": "transit", "period": "weekend", "speed_factor": 0.2, "transit_mins": 117.0}, "geometry": {"type": "LineString", "coordinates": [[-113.4571275356007, 53.43003401492994], [-113.4592309546516, 53.431018476622356], [-113.45823852244514, 53.43086800011403], [-113.4602485569234, 53.430870571695095], [-113.46023086810109, 53.43087506711923], [-113.46014272500673, 53.43089952002201], [-113.45996350711933, 53.4309882020026], [-113.45967933851229, 53.43128112450776], [-113.45957058283172, 53.431555960666046], [-113.45955200070358, 53.431749813761215], [-113.45955654130017, 53.429993752950026], [-113.45958985749985, 53.429738464374964], [-113.45966562940035, 53.42950141327757], [-113.45976803038604, 53.429303750637], [-113.45985743213404, 53.42917517977678], [-113.4611100351221, 53.428766681514865], [-113.46115906596597, 53.42878960474066], [-113.46128456893544, 53.428832299665515], [-113.46139577830871, 53.42886800051013], [-113.4614932611036, 53.42889631066787], [-113.46172400102348, 53.42893990322916], [-113.46195636662314, 53.42898067595792], [-113.46217403403683, 53.4290144904694], [-113.46233527065343, 53.42903587854585], [-113.46248818460798, 53.42905375294532], [-113.46273824883275, 53.429068583218886], [-113.46286370376798, 53.42907578850547], [-113.46298898464629, 53.42908109778995], [-113.46323957634671, 53.42908522951279], [-113.46345198465593, 53.4290833005633], [-113.46363727695496, 53.42910368866551], [-113.4639699545202, 53.42907145424175], [-113.46395940005154, 53.42907407603595], [-113.46476972286554, 53.4289587708431], [-113.46530310891885, 53.42890132372377], [-113.46565427176041, 53.42886859590255], [-113.46594246425397, 53.42884410679353], [-113.46605061720496, 53.42883711832219], [-113.46623661700754, 53.42883429730936], [-113.46659109643146, 53.42882600219751], [-113.46707112813769, 53.42882701314899], [-113.467261, 53.428828], [-113.46731671821051, 53.42882800147613], [-113.46790842782515, 53.42882906529972], [-113.46809608939296, 53.42883129019153], [-113.4683020394035, 53.42883705262924], [-113.46853962410796, 53.428853591064126], [-113.46868105718427, 53.42887062830235], [-113.46880673900723, 53.428890590440204], [-113.46895986116127, 53.42892024398947], [-113.46910684127236, 53.42895408012976], [-113.4693535278898, 53.42902519869261], [-113.46954899006207, 53.42910035596982], [-113.469744099823, 53.42918952890007], [-113.46990474187498, 53.42927746312125], [-113.47018938271877, 53.4294498681294], [-113.47024209982308, 53.4312464710999], [-113.47015049248898, 53.43129579785586], [-113.46982713893836, 53.431469243142125], [-113.46953455909998, 53.43163380989598], [-113.46928061389941, 53.43179618269111], [-113.46916133098352, 53.43189365610063], [-113.46900254873802, 53.43203447891621], [-113.46883511340299, 53.43219598394972], [-113.46872068908277, 53.43231093053845], [-113.46865774587648, 53.43238208163802], [-113.46859252715997, 53.43246361558603], [-113.46851934389521, 53.432557940406895], [-113.46840983517542, 53.43272685219963], [-113.46835494782304, 53.43282094419614], [-113.46830316693317, 53.43291860819569], [-113.4682706961248, 53.43298344782215], [-113.46823268662783, 53.43308015308424], [-113.46820817425791, 53.433145258857344], [-113.46816048776124, 53.43333545326435], [-113.46812935913536, 53.43350749399055], [-113.46812134664904, 53.433549401141335], [-113.46810796350486, 53.433682159326565], [-113.46803137865541, 53.43419122582641], [-113.46795804220406, 53.43478099585571], [-113.46790772217406, 53.43523987600634], [-113.46788981757024, 53.43539863808851], [-113.46782603171256, 53.43592399903134], [-113.46778159606619, 53.43641397071471], [-113.46774768919876, 53.43699865664795], [-113.46760361821646, 53.438100719683504], [-113.46751777747326, 53.438569067520234], [-113.46745494472995, 53.4391659284933], [-113.46743955915846, 53.439497689876056], [-113.46743588335596, 53.43961624448303], [-113.46742856813228, 53.439770494721365], [-113.46742383056333, 53.43981059226677], [-113.46744298000793, 53.44085467672985], [-113.4674496760455, 53.44199345199489], [-113.467384990828, 53.444525282982816], [-113.46736, 53.450358], [-113.46736, 53.450803], [-113.46735977446865, 53.45111376296062], [-113.46737264463397, 53.45177365719036], [-113.46736970099448, 53.45187295413239], [-113.46736555476399, 53.451890162544224], [-113.46736772854709, 53.45196370124149], [-113.46737883829812, 53.4524769827032], [-113.46736394978082, 53.4532829782316], [-113.46738170018988, 53.455113485309056], [-113.46734693793302, 53.45652914136972], [-113.46733900000001, 53.457236], [-113.46733744603105, 53.45726527277967], [-113.46734991212436, 53.45758263226135], [-113.46733177373005, 53.45792172821851], [-113.467348, 53.458695], [-113.46734745702992, 53.45873705086715], [-113.46735399145066, 53.45894786495609], [-113.46737200000001, 53.463305], [-113.46737169779897, 53.464461582732774], [-113.46734237169764, 53.4650169428157], [-113.46736313307309, 53.465192369455195], [-113.46736695194502, 53.46529619654958], [-113.46736705615835, 53.46545143722437], [-113.46736469903313, 53.465452467508364], [-113.46736883399821, 53.46565822020952], [-113.46736099928857, 53.4660801928421], [-113.46735799754785, 53.468591785438505], [-113.4673668634253, 53.47264147333182], [-113.46737899436967, 53.47338735568582], [-113.46737687795202, 53.473964376906814], [-113.46737787404749, 53.47402812898341], [-113.46737900000001, 53.474107], [-113.46737888863522, 53.474180076289066], [-113.46737966717976, 53.47423620213727], [-113.46738399723185, 53.474414647065345], [-113.46738499990767, 53.474842429737826], [-113.46738176606166, 53.479446337599114], [-113.46739079776039, 53.47962797925102], [-113.46740437612979, 53.479917943501164], [-113.46741197783057, 53.48000731341581], [-113.4674184187824, 53.48009019629184], [-113.46747043596874, 53.48082065720673], [-113.46749780908509, 53.48108217739746], [-113.46753945869983, 53.48160275295002], [-113.46756066120828, 53.481902947550665], [-113.46758035001355, 53.48211367580516], [-113.46758694949365, 53.48219257864372], [-113.4676121022246, 53.48237514878561], [-113.46762745255823, 53.482529741382], [-113.46768477714654, 53.48313202693094], [-113.46772810088233, 53.483494778504785], [-113.46778563382153, 53.48415174590468], [-113.46781006860218, 53.484631414788225], [-113.46798385694906, 53.48658856675749], [-113.46791810808855, 53.486393868817444], [-113.46814143545484, 53.48704065235578], [-113.46821858067526, 53.48780888386272], [-113.46821198287543, 53.48777912270764], [-113.46815823694408, 53.487644092862986], [-113.46810180098188, 53.48755403835386], [-113.46777112103304, 53.4872748066159], [-113.46736540306463, 53.48718703530638], [-113.46747913478083, 53.48718800491344], [-113.467795, 53.487189], [-113.46879276016502, 53.48718909467555], [-113.468997, 53.487192], [-113.46912695153698, 53.48719211323453], [-113.47032797185096, 53.48717405028315], [-113.47093742583095, 53.487171870293274], [-113.47115299598156, 53.487150523111026], [-113.47147114570359, 53.48712315940065], [-113.4716620889926, 53.487120012949006], [-113.47205458710772, 53.48712201052083], [-113.47227496500518, 53.48712302425594], [-113.473273, 53.48713], [-113.47344396824919, 53.487130040215554], [-113.47366035570607, 53.48713200277468], [-113.474507, 53.487134000000005], [-113.474556, 53.487134000000005], [-113.47471892677869, 53.48713400185624], [-113.47524111066579, 53.487135013059536], [-113.47582736677059, 53.48713800953439], [-113.47605501203454, 53.48713900453618], [-113.476384, 53.487140000000004], [-113.47657800298946, 53.48714000450899], [-113.47724254083022, 53.48714200118708], [-113.47789523553034, 53.487143013705484], [-113.47865572413538, 53.48714700148632], [-113.479234, 53.487148000000005], [-113.47940081385521, 53.487148016900605], [-113.47956896078054, 53.48714900192233], [-113.48008004876631, 53.487150004647496], [-113.48073497432982, 53.48715200194899], [-113.481746, 53.487154000000004], [-113.48208969687879, 53.4871770999826], [-113.48209822380387, 53.487203001577434], [-113.48323951227987, 53.48720109129502], [-113.48329879952067, 53.48720200072058], [-113.484133, 53.487201], [-113.4843, 53.487201], [-113.48473729932219, 53.48720100144615], [-113.48533204195272, 53.48720001271072], [-113.48592707607676, 53.487203012883356], [-113.4861136809263, 53.48720401414638], [-113.486307, 53.487203], [-113.48682338662806, 53.487203002848], [-113.48724, 53.487204000000006], [-113.488073, 53.487204000000006], [-113.48878005152412, 53.48720400055286], [-113.48973, 53.487205], [-113.490357608246, 53.48720501061802], [-113.49080602404067, 53.48720718097344], [-113.49132276906151, 53.48721797192178], [-113.49179725132905, 53.487260331585674], [-113.49198322776607, 53.487307316701965], [-113.49220247034167, 53.48739223813028], [-113.49238517169775, 53.487499263915744], [-113.49251990974173, 53.48760375771627], [-113.49279740783138, 53.487960596350376], [-113.49293896875587, 53.48847809510867], [-113.49294044490698, 53.48870568516961], [-113.4929429652796, 53.48879066695603], [-113.4929438634253, 53.488935526668264], [-113.49294196695253, 53.4890481298126], [-113.49294, 53.489286], [-113.4929398530936, 53.489480859661214], [-113.49294295942136, 53.48968200864348], [-113.49293961782934, 53.48984244116701], [-113.49294175317783, 53.48993621673723], [-113.49293999723184, 53.49000164706534], [-113.49293905257849, 53.49049137828599], [-113.49293898983198, 53.49046550953702], [-113.492935, 53.491348], [-113.49293498671511, 53.491408154570685], [-113.49293361442065, 53.49156923293283], [-113.49293599664422, 53.49167159066488], [-113.492935, 53.492055], [-113.492935, 53.492229], [-113.49293420095871, 53.49252103196161], [-113.49293895194502, 53.49267080345046], [-113.49293597502871, 53.492959933038634], [-113.49293799650069, 53.49325264549342], [-113.49293699802116, 53.49362998938598], [-113.49293398304312, 53.495141823528535], [-113.49292660718416, 53.496309973630424], [-113.49292991344613, 53.49643184324417], [-113.49293098664636, 53.49651583211033], [-113.49293280269865, 53.496927863629814], [-113.4929296796925, 53.49708430834658], [-113.4929231993099, 53.49714221005183], [-113.49293490488871, 53.49732320820847], [-113.49292812202245, 53.49734904460673], [-113.49294027787671, 53.49743996526541], [-113.4929312754754, 53.49741816159442], [-113.49294614691165, 53.49748061717816], [-113.49296314250009, 53.49754646437476], [-113.4929375538997, 53.49746535553624], [-113.49294342719084, 53.49750178640418], [-113.49294918560257, 53.49751333103873], [-113.49298348890301, 53.49759100700859], [-113.49302240077566, 53.4976539934973], [-113.49299968908278, 53.497632069461574], [-113.4930903001333, 53.49774347686563], [-113.49324919672583, 53.49789681175565], [-113.49347979137346, 53.49809574339764], [-113.49357090262504, 53.498173896995105], [-113.49401523353937, 53.498562061744174], [-113.49415416742876, 53.49868392504007], [-113.49429078018649, 53.49880145262318], [-113.49446852988841, 53.4989635950004], [-113.49450889397444, 53.4990075814721], [-113.49455029543444, 53.499052385153014], [-113.49461786880946, 53.499130304952466], [-113.49472221379217, 53.49926704902882], [-113.49479273037315, 53.499373325007646], [-113.49492994975274, 53.499597253860976], [-113.49502003774737, 53.499786547369474], [-113.4951328066131, 53.500029951549074], [-113.49515463449663, 53.50008517747343], [-113.49527822945937, 53.5004049862986], [-113.49534320036341, 53.5005834260726], [-113.4954782513664, 53.501015915660915], [-113.49553920258339, 53.50130352881342], [-113.49556604981532, 53.50147530520706], [-113.49558886995254, 53.501711873065325], [-113.49559096331974, 53.50184343500368], [-113.49559498957503, 53.50231443383757], [-113.49559598367387, 53.5025322858076], [-113.49559699189236, 53.502708973187005], [-113.49560000000001, 53.503458], [-113.49559986212641, 53.50350539493503], [-113.49561163187857, 53.50429622038919], [-113.49571532055784, 53.50580229500578], [-113.49575816122848, 53.50631205076931], [-113.49576989320647, 53.506809535746065], [-113.49571772271648, 53.50724214572046], [-113.49561948251213, 53.507583038877364], [-113.49552017972717, 53.50781651860902], [-113.49524149321003, 53.50839199653063], [-113.49518834932987, 53.50849437744183], [-113.49512771180916, 53.50861112744596], [-113.49510278784582, 53.50863732714403], [-113.49507670269065, 53.50875738299245], [-113.49506814722025, 53.50890351873634], [-113.4950769076221, 53.50906871346796], [-113.49538856910571, 53.51097581456355], [-113.49548530117528, 53.51158417379005], [-113.49554620179615, 53.51193835615694], [-113.49556371802402, 53.5120750482823], [-113.49557445137359, 53.512483476717556], [-113.49542208484297, 53.51364123225599], [-113.49533296284392, 53.51424562036932], [-113.4953269540641, 53.514252668497754], [-113.49533284879367, 53.51432307698885], [-113.49535573456247, 53.51447565806686], [-113.49541821175482, 53.51485565882526], [-113.49546949743618, 53.51515060103145], [-113.49550714487071, 53.515367215041245], [-113.4955304562906, 53.515544975651935], [-113.49560371550422, 53.515986194620524], [-113.49562230300893, 53.51610915174361], [-113.49575677786663, 53.51694802866239], [-113.49576979561301, 53.51704917983986], [-113.49577604561516, 53.51710112110017], [-113.49581624076781, 53.51741863278083], [-113.49587277036954, 53.517820330397164], [-113.4958892742048, 53.51793487056627], [-113.4958998699101, 53.51801611456179], [-113.49592559260965, 53.51815896230589], [-113.49597053464257, 53.51844159819016], [-113.49604027120702, 53.51888033593729], [-113.49605081776268, 53.51894038487301], [-113.49616595523166, 53.519671260023834], [-113.49617917390339, 53.51975566267031], [-113.49618780238795, 53.51981128730828], [-113.4962480798672, 53.520195273201246], [-113.49635924112071, 53.52081176756117], [-113.49640961799756, 53.52112412205095], [-113.4964970376061, 53.521674510859754], [-113.49678208289582, 53.52355681783848], [-113.49675439119582, 53.52380885950611], [-113.49677581235112, 53.523645722553944], [-113.4964976418571, 53.524329222646], [-113.4961410570001, 53.52458263537511], [-113.49587730226173, 53.52466842741973], [-113.49497140309838, 53.52483537443851], [-113.49444034117478, 53.524927211754814], [-113.49441011210787, 53.52493233856642], [-113.4943249004864, 53.52494488822167], [-113.49417223187099, 53.524987443841674], [-113.4941283458249, 53.524993937778696], [-113.49418249055387, 53.524933679228376], [-113.49429379349156, 53.52482945109944], [-113.49452562112928, 53.52431363739681], [-113.49444885703593, 53.523809088849255], [-113.49415917319314, 53.523452276292495], [-113.49391764446372, 53.52332644610029], [-113.49373181773991, 53.523286964763884], [-113.49346489235553, 53.523308894071015], [-113.49385446121916, 53.52322794372852], [-113.49410805215308, 53.52319281254508], [-113.49490621351397, 53.523132910610144], [-113.49535375218976, 53.52310558662832], [-113.49571617528822, 53.52309402574271], [-113.49724604854984, 53.52310500819541], [-113.49762982389575, 53.523115965338796], [-113.49803255066918, 53.52318877045903], [-113.49838660475366, 53.52332316174339], [-113.49846632826683, 53.5233673368244], [-113.49864575759128, 53.5234658215246], [-113.49868605369645, 53.52349172859935], [-113.49875905098743, 53.523538450216705], [-113.49904280239026, 53.52371970846635], [-113.49909851474085, 53.52375479796339], [-113.49920632432432, 53.52382205405405], [-113.49928811849418, 53.523852059676614], [-113.49937428616224, 53.523879078033254], [-113.49947082016021, 53.52390020438699], [-113.49956973130095, 53.52391500094559], [-113.49976007111627, 53.52392358058903], [-113.50011581078066, 53.52393571508324], [-113.50035408322717, 53.523946156716285], [-113.50055416431599, 53.52396511833531], [-113.50076454747948, 53.52399361781961], [-113.50102178239342, 53.524043170043434], [-113.50120001904713, 53.524087985121064], [-113.5014505081705, 53.52415135103856], [-113.50169961538464, 53.52423292307693], [-113.50191308067922, 53.52432402470878], [-113.50211876792572, 53.524428506103554], [-113.50228541810586, 53.52452692401368], [-113.50249622228073, 53.52466069913521], [-113.50269746755743, 53.524814026220135], [-113.5029318034446, 53.525027719897246], [-113.50318735465956, 53.52532938025737], [-113.5033184315925, 53.52555138132426], [-113.50341348487508, 53.5257701872023], [-113.50348080241412, 53.52599247091146], [-113.50348947613413, 53.52603295401639], [-113.50350613285582, 53.526110378896504], [-113.50354970099448, 53.52636904586761], [-113.5035557875053, 53.526538614175315], [-113.50353610227923, 53.52680334838235], [-113.50338800801406, 53.52731629654706], [-113.50325390726952, 53.52755908718185], [-113.503168347404, 53.52772510149058], [-113.5021286865993, 53.52970207976852], [-113.50212618459993, 53.52966458247289], [-113.5020959803467, 53.52976473053076], [-113.50209798249406, 53.53008408294384], [-113.50209889456923, 53.530475006803144], [-113.50119927002079, 53.53150765335811], [-113.50101722499276, 53.53152655374459], [-113.50054796384363, 53.531571209322856], [-113.50017005637184, 53.53163796122346], [-113.49985248939304, 53.53174126646869], [-113.49927375955855, 53.53202429504515], [-113.49901935053356, 53.53216278652822], [-113.49887698181094, 53.532249834368216], [-113.49869618349038, 53.53240399890933], [-113.49858630310341, 53.53252220446332], [-113.49839136993207, 53.53280198837324], [-113.49840682250678, 53.5327316338518], [-113.4984114828605, 53.53252493660694], [-113.49842731483378, 53.53288901166041], [-113.49842695522199, 53.532888463298654], [-113.4984239509888, 53.53320590050481], [-113.49842189893943, 53.53341221657259], [-113.49840806142193, 53.533945754264835], [-113.49840599155401, 53.53393589849677], [-113.49839682661472, 53.53413489421038], [-113.49838899198842, 53.534252504677546], [-113.49836684326655, 53.53453739459646], [-113.4983365731472, 53.5349101918776], [-113.4982737934235, 53.535217743063065], [-113.49821585675171, 53.535376647266546], [-113.4980780502943, 53.53566770019629], [-113.49799456423501, 53.53579114645798], [-113.49751252825837, 53.53635013529786], [-113.49701259004812, 53.5366870230184], [-113.4966081757432, 53.53692973207822], [-113.49660989840244, 53.536902555646684], [-113.49658529148348, 53.53692687093924], [-113.49658739816677, 53.53691779266169], [-113.49659350601593, 53.536900603368984], [-113.49660664351796, 53.53686046687079], [-113.49661666386604, 53.53681237535034], [-113.49661844476051, 53.536779910029956], [-113.49661688322253, 53.53670571794199], [-113.49662391112297, 53.53716566785173], [-113.49662486995254, 53.53723787306532], [-113.49662599775569, 53.537318118639305], [-113.49662499440727, 53.53779134446289], [-113.4966239933885, 53.53809063633963], [-113.49660167779119, 53.53856740151173], [-113.49655649532517, 53.53875373885632], [-113.49649081602873, 53.53892712018041], [-113.49636600000002, 53.53914299999997], [-113.4962033182504, 53.53933405526821], [-113.49607450460765, 53.5394535766949], [-113.49606947575478, 53.53945754510512], [-113.49598996198752, 53.5395307660248], [-113.49589648130906, 53.539614465820534], [-113.49542645111872, 53.53999246075289], [-113.49514030828419, 53.540152908916234], [-113.49487129799392, 53.54025142682234], [-113.49472817044185, 53.54028730486456], [-113.49460526691227, 53.54031257024732], [-113.49431507879872, 53.5403597534035], [-113.4943255815314, 53.54035112285207], [-113.49433743601625, 53.54034506235356], [-113.49432793260114, 53.540345022172666], [-113.49470150505643, 53.53991028886699], [-113.49473901601385, 53.53974765059387], [-113.49473724058822, 53.53956537038387], [-113.49474297018662, 53.53968272177749], [-113.49473900000001, 53.540193], [-113.49473899767763, 53.54036415516744], [-113.494738, 53.540826], [-113.49473785879694, 53.540959804349484], [-113.49473561442065, 53.54108976706716], [-113.49473499727051, 53.54109566355778], [-113.494736, 53.541526], [-113.494736, 53.541957], [-113.494736, 53.541987], [-113.494736, 53.542045], [-113.49473565391935, 53.54211369331798], [-113.49473626117464, 53.54221643312201], [-113.4947356683473, 53.54217824741962], [-113.49474699725772, 53.54263334191395], [-113.494746, 53.543058], [-113.49474544490698, 53.543149314830146], [-113.49474500000001, 53.543146], [-113.49474500000001, 53.543209], [-113.49474500000001, 53.543241], [-113.49474500000001, 53.543281], [-113.49474498046932, 53.54329824987792], [-113.49474400000001, 53.543452], [-113.49474398269942, 53.54354088225118], [-113.49473995752994, 53.54422421619848], [-113.494738, 53.544432], [-113.494738, 53.5445]]}}, {"type": "Feature", "properties": {"DAUID": "48112584", "mode": "car", "period": "weekend", "speed_factor": 1.0, "transit_mins": 117.0}, "geometry": {"type": "LineString", "coordinates": [[-113.461622, 53.427192], [-113.462531, 53.427181], [-113.462654, 53.427181], [-113.462642, 53.426779], [-113.462669, 53.426366], [-113.46268, 53.426037], [-113.462953, 53.425538], [-113.462975, 53.425417], [-113.462987, 53.425345], [-113.462981, 53.425002], [-113.46694, 53.425003], [-113.469532, 53.424995], [-113.47065, 53.425], [-113.471074, 53.425005], [-113.472035, 53.425012], [-113.473543, 53.42505], [-113.473674, 53.425052], [-113.47379, 53.425056], [-113.47398, 53.425059], [-113.474081, 53.425061], [-113.474468, 53.425077], [-113.475222, 53.425116], [-113.475518, 53.425124], [-113.476182, 53.425151], [-113.476913, 53.425165], [-113.4776, 53.425179], [-113.478582, 53.425181], [-113.479747, 53.425176], [-113.479917, 53.425175], [-113.480133, 53.425156], [-113.480262, 53.425146], [-113.480737, 53.42512], [-113.481498, 53.425072], [-113.482086, 53.42504], [-113.482559, 53.425015], [-113.483008, 53.424985], [-113.483937, 53.42496], [-113.485294, 53.424945], [-113.486283, 53.42493], [-113.486833, 53.424903], [-113.487216, 53.424888], [-113.487497, 53.424884], [-113.488924, 53.424862], [-113.489079, 53.424862], [-113.489152, 53.424861], [-113.489272, 53.424862], [-113.489465, 53.42486], [-113.490103, 53.424856], [-113.490469, 53.424854], [-113.490816, 53.424893], [-113.491045, 53.424919], [-113.491267, 53.424982], [-113.491489, 53.425111], [-113.491624, 53.425242], [-113.49172, 53.425418], [-113.491778, 53.425683], [-113.491805, 53.425971], [-113.491837, 53.426242], [-113.491906, 53.426543], [-113.491953, 53.426733], [-113.492016, 53.427038], [-113.492068, 53.427242], [-113.492083, 53.427302], [-113.492124, 53.427593], [-113.492146, 53.427797], [-113.492146, 53.428001], [-113.492132, 53.428192], [-113.492073, 53.428459], [-113.492015, 53.428726], [-113.491927, 53.429049], [-113.49168, 53.429793], [-113.491533, 53.430223], [-113.491422, 53.430561], [-113.491279, 53.43127], [-113.490205, 53.434199], [-113.490126, 53.434432], [-113.490053, 53.434674], [-113.49001, 53.434845], [-113.489946, 53.43514], [-113.489921, 53.435311], [-113.489902, 53.435656], [-113.489895, 53.43593], [-113.489908, 53.43618], [-113.489933, 53.436448], [-113.489962, 53.436664], [-113.489991, 53.436834], [-113.490035, 53.437041], [-113.490098, 53.437258], [-113.49014, 53.437446], [-113.490179, 53.43758], [-113.490225, 53.437706], [-113.490313, 53.437904], [-113.490337, 53.437947], [-113.490395, 53.438075], [-113.490721, 53.438691], [-113.491099, 53.439356], [-113.492182, 53.44121], [-113.492325, 53.441499], [-113.492461, 53.441847], [-113.492529, 53.442113], [-113.492611, 53.44249], [-113.49264, 53.442864], [-113.492583, 53.444935], [-113.49247, 53.448508], [-113.492461, 53.449386], [-113.492467, 53.449621], [-113.492436, 53.453442], [-113.492427, 53.453651], [-113.492396, 53.45423], [-113.492386, 53.454436], [-113.492344, 53.455024], [-113.49226, 53.455986], [-113.492186, 53.456865], [-113.49203, 53.459382], [-113.492026, 53.460185], [-113.492027, 53.460319], [-113.492023, 53.46143], [-113.492021, 53.461813], [-113.49202, 53.462575], [-113.492017, 53.463464], [-113.492016, 53.464313], [-113.492019, 53.46455], [-113.492016, 53.464832], [-113.492016, 53.465193], [-113.492016, 53.466251], [-113.492014, 53.466641], [-113.492015, 53.466928], [-113.492044, 53.467209], [-113.492068, 53.467591], [-113.492072, 53.467666], [-113.492075, 53.467744], [-113.492075, 53.467817], [-113.492075, 53.467875], [-113.492065, 53.468171], [-113.492062, 53.468268], [-113.492057, 53.468888], [-113.492062, 53.469131], [-113.492068, 53.469406], [-113.492084, 53.469866], [-113.492072, 53.470186], [-113.492069, 53.470828], [-113.492071, 53.471401], [-113.49206, 53.471995], [-113.49206, 53.472101], [-113.492062, 53.472226], [-113.492063, 53.472887], [-113.492047, 53.473557], [-113.492046, 53.473574], [-113.492048, 53.47364], [-113.492047, 53.473715], [-113.492047, 53.473882], [-113.492012, 53.475156], [-113.491992, 53.475896], [-113.491989, 53.476604], [-113.491991, 53.476906], [-113.491988, 53.477066], [-113.491987, 53.477501], [-113.491985, 53.477695], [-113.491986, 53.477746], [-113.491986, 53.478099], [-113.491979, 53.478247], [-113.491982, 53.478418], [-113.491981, 53.478566], [-113.49198, 53.479285], [-113.491979, 53.479483], [-113.491978, 53.479845], [-113.491977, 53.479937], [-113.491982, 53.480063], [-113.491968, 53.480841], [-113.491969, 53.480965], [-113.491973, 53.481052], [-113.491977, 53.481288], [-113.491977, 53.48143], [-113.491971, 53.481953], [-113.491967, 53.482153], [-113.491972, 53.482267], [-113.491975, 53.4829], [-113.491974, 53.483123], [-113.491973, 53.483703], [-113.491976, 53.484025], [-113.491977, 53.484471], [-113.491979, 53.485007], [-113.491971, 53.485553], [-113.491959, 53.485805], [-113.491955, 53.485886], [-113.491941, 53.486296], [-113.491932, 53.486967], [-113.491932, 53.487462], [-113.491932, 53.487615], [-113.491936, 53.487961], [-113.491941, 53.488055], [-113.491948, 53.488215], [-113.491948, 53.488289], [-113.491945, 53.488403], [-113.491939, 53.488486], [-113.491941, 53.488739], [-113.491943, 53.488799], [-113.491944, 53.488919], [-113.491942, 53.48904], [-113.49194, 53.489286], [-113.49194, 53.489498], [-113.491943, 53.489673], [-113.491941, 53.489895], [-113.491942, 53.489914], [-113.49194, 53.490004], [-113.491941, 53.490429], [-113.491939, 53.490461], [-113.491935, 53.491348], [-113.491935, 53.491403], [-113.491934, 53.491597], [-113.491936, 53.491669], [-113.491935, 53.492055], [-113.491935, 53.492229], [-113.491935, 53.492561], [-113.491939, 53.492661], [-113.491936, 53.492967], [-113.491938, 53.49325], [-113.491937, 53.493628], [-113.491934, 53.495136], [-113.491927, 53.496338], [-113.49193, 53.496445], [-113.491931, 53.496521], [-113.491933, 53.496908], [-113.49193, 53.497059], [-113.491926, 53.497217], [-113.491935, 53.497337], [-113.491937, 53.497482], [-113.491948, 53.497564], [-113.491959, 53.497652], [-113.491978, 53.497731], [-113.491993, 53.497789], [-113.491997, 53.497805], [-113.492049, 53.497949], [-113.492057, 53.497965], [-113.492138, 53.498125], [-113.492198, 53.49822], [-113.492244, 53.498287], [-113.4924, 53.498467], [-113.492596, 53.498654], [-113.492829, 53.498855], [-113.492913, 53.498927], [-113.493356, 53.499314], [-113.493502, 53.499442], [-113.493638, 53.499559], [-113.493732, 53.49964], [-113.493777, 53.499689], [-113.493804, 53.499718], [-113.493837, 53.499755], [-113.493889, 53.49982], [-113.493962, 53.49993], [-113.494027, 53.500027], [-113.494116, 53.500214], [-113.494203, 53.500398], [-113.494222, 53.500446], [-113.49434, 53.500751], [-113.494392, 53.500892], [-113.494501, 53.501228], [-113.494552, 53.501463], [-113.494573, 53.501593], [-113.494589, 53.501728], [-113.494591, 53.501852], [-113.494595, 53.502319], [-113.494596, 53.502538], [-113.494597, 53.502713], [-113.4946, 53.503458], [-113.4946, 53.503522], [-113.494614, 53.504365], [-113.494719, 53.505888], [-113.494759, 53.506353], [-113.494774, 53.506719], [-113.494749, 53.506994], [-113.494697, 53.507197], [-113.49462, 53.507381], [-113.494351, 53.507937], [-113.494281, 53.508074], [-113.49418, 53.508292], [-113.494114, 53.508488], [-113.494077, 53.508733], [-113.494071, 53.508979], [-113.49409, 53.50923], [-113.494401, 53.511133], [-113.4945, 53.511755], [-113.494556, 53.512078], [-113.494567, 53.512156], [-113.494583, 53.512353], [-113.494431, 53.513508], [-113.494333, 53.514237], [-113.494332, 53.514353], [-113.494344, 53.514472], [-113.494369, 53.514638], [-113.494433, 53.515027], [-113.494485, 53.515326], [-113.494516, 53.5155], [-113.494544, 53.515709], [-113.494615, 53.516136], [-113.494635, 53.516268], [-113.494765, 53.517076], [-113.494777, 53.517169], [-113.494784, 53.517227], [-113.494826, 53.517558], [-113.494883, 53.517963], [-113.494899, 53.518074], [-113.494916, 53.518195], [-113.494938, 53.518316], [-113.494983, 53.518599], [-113.495056, 53.519057], [-113.495063, 53.519096], [-113.495178, 53.519826], [-113.495191, 53.519909], [-113.4952, 53.519967], [-113.495264, 53.520373], [-113.495372, 53.520971], [-113.495422, 53.521281], [-113.49551, 53.521835], [-113.495783, 53.523514], [-113.49578, 53.523584], [-113.495777, 53.523597], [-113.495775, 53.523638], [-113.495753, 53.523661], [-113.495696, 53.523685], [-113.494801, 53.52385], [-113.494269, 53.523942], [-113.494223, 53.52395], [-113.494055, 53.523982], [-113.493923, 53.524019], [-113.493787, 53.524054], [-113.493597, 53.524123], [-113.493561, 53.524149], [-113.493535, 53.524177], [-113.493531, 53.524206], [-113.493547, 53.524243], [-113.493578, 53.524267], [-113.493614, 53.52428], [-113.493673, 53.524287], [-113.494002, 53.524217], [-113.494183, 53.52419], [-113.494968, 53.524131], [-113.495388, 53.524105], [-113.495709, 53.524094], [-113.497242, 53.524105], [-113.497489, 53.524106], [-113.497721, 53.524139], [-113.497904, 53.524199], [-113.498002, 53.524253], [-113.498105, 53.524307], [-113.498147, 53.524334], [-113.498222, 53.524382], [-113.498533, 53.52458], [-113.498641, 53.524644], [-113.498882, 53.524768], [-113.499022, 53.524816], [-113.499185, 53.524861], [-113.499351, 53.524893], [-113.499525, 53.524914], [-113.499726, 53.524923], [-113.500078, 53.524935], [-113.500263, 53.524942], [-113.500427, 53.524957], [-113.500583, 53.524977], [-113.500778, 53.525013], [-113.500961, 53.525059], [-113.501156, 53.525107], [-113.501315, 53.525156], [-113.501471, 53.525221], [-113.501611, 53.52529], [-113.501762, 53.525379], [-113.501902, 53.525465], [-113.502036, 53.525564], [-113.502197, 53.525706], [-113.502341, 53.525862], [-113.502414, 53.525978], [-113.502464, 53.526084], [-113.502503, 53.526202], [-113.502512, 53.526244], [-113.502531, 53.526332], [-113.502551, 53.52642], [-113.502556, 53.526518], [-113.502554, 53.526615], [-113.502512, 53.526834], [-113.502365, 53.527101], [-113.502281, 53.527264], [-113.501183, 53.529377], [-113.501139, 53.529505], [-113.501096, 53.529771], [-113.501098, 53.53009], [-113.5011, 53.530428], [-113.501096, 53.530513], [-113.500913, 53.530532], [-113.50035, 53.530591], [-113.49984, 53.530694], [-113.499411, 53.530844], [-113.498783, 53.531153], [-113.498451, 53.53134], [-113.498202, 53.531512], [-113.497932, 53.531759], [-113.497748, 53.531977], [-113.497482, 53.532386], [-113.497439, 53.53248], [-113.497413, 53.53258], [-113.497428, 53.532852], [-113.497427, 53.532879], [-113.497424, 53.533196], [-113.497422, 53.533398], [-113.497416, 53.53382], [-113.497407, 53.533891], [-113.497399, 53.534069], [-113.497392, 53.534175], [-113.49737, 53.534458], [-113.497343, 53.534797], [-113.497334, 53.534876], [-113.497282, 53.535019], [-113.497246, 53.535113], [-113.497188, 53.5352], [-113.496952, 53.535522], [-113.496494, 53.535832], [-113.496034, 53.536111], [-113.49588, 53.536219], [-113.495821, 53.536282], [-113.495767, 53.536346], [-113.495721, 53.536412], [-113.495679, 53.536487], [-113.495648, 53.536564], [-113.495628, 53.536642], [-113.495617, 53.536721], [-113.495624, 53.537179], [-113.495625, 53.537254], [-113.495626, 53.537316], [-113.495625, 53.537788], [-113.495624, 53.538087], [-113.495623, 53.538362], [-113.495606, 53.538443], [-113.495589, 53.538495], [-113.495566, 53.538543], [-113.495521, 53.538603], [-113.495416, 53.538701], [-113.495392, 53.538722], [-113.495316, 53.538792], [-113.495259, 53.538844], [-113.494894, 53.539146], [-113.49477, 53.539224], [-113.494622, 53.539283], [-113.494521, 53.539309], [-113.494436, 53.539327], [-113.494075, 53.539389], [-113.493982, 53.539412], [-113.493941, 53.539427], [-113.493853, 53.539465], [-113.49379, 53.539499], [-113.493753, 53.539581], [-113.493741, 53.539652], [-113.493743, 53.539675], [-113.493739, 53.540193], [-113.493739, 53.540362], [-113.493738, 53.540826], [-113.493738, 53.540943], [-113.493736, 53.541062], [-113.493735, 53.541098], [-113.493736, 53.541526], [-113.493736, 53.541957], [-113.493736, 53.541987], [-113.493736, 53.542045], [-113.493736, 53.54214], [-113.493737, 53.542178], [-113.493736, 53.542204], [-113.493747, 53.542631], [-113.493746, 53.543058], [-113.493746, 53.543116], [-113.493745, 53.543146], [-113.493745, 53.543209], [-113.493745, 53.543241], [-113.493745, 53.543281], [-113.493745, 53.543292], [-113.493744, 53.543452], [-113.493744, 53.543535], [-113.49374, 53.544215], [-113.493738, 53.544432], [-113.493738, 53.5445]]}}, {"type": "Feature", "properties": {"DAUID": "48112584", "mode": "transit", "period": "weekend", "speed_factor": 0.2, "transit_mins": 117.0}, "geometry": {"type": "LineString", "coordinates": [[-113.46160989967584, 53.4261920732116], [-113.462531, 53.426181], [-113.461654445236, 53.42721083745563], [-113.46164413013948, 53.426713763955846], [-113.46166955846975, 53.426332584021786], [-113.46180270982269, 53.425557039642484], [-113.4619691300899, 53.42535911456179], [-113.46198860607616, 53.42525260101273], [-113.46198715296237, 53.42536249003564], [-113.46298125258903, 53.4240020000319], [-113.46693691359495, 53.42400300476296], [-113.46953647222719, 53.42399501000046], [-113.47066179163299, 53.42400006952372], [-113.47108128388585, 53.424005026527844], [-113.47206019094232, 53.42401231734214], [-113.47355826539662, 53.424050116522956], [-113.47370846227582, 53.42405259400065], [-113.47380578750582, 53.42405612463043], [-113.473999798099, 53.424059196001565], [-113.47412230838015, 53.424061853555415], [-113.47451965508543, 53.42407833501506], [-113.47524901716133, 53.42411636503013], [-113.47555862907538, 53.424124825701774], [-113.47620114833536, 53.42415118334618], [-113.47693337422697, 53.42416520757611], [-113.47760203665565, 53.424179002073984], [-113.47857770819404, 53.424181009209846], [-113.47974111774884, 53.42417601730059], [-113.4798293753808, 53.42417884643448], [-113.48005571249244, 53.42415899115291], [-113.48020734497322, 53.42414749470304], [-113.48067405019538, 53.4241219833057], [-113.48144365864398, 53.424073477583114], [-113.48203321954858, 53.42404139385945], [-113.48249233349793, 53.42401722468586], [-113.48298109908221, 53.42398536189517], [-113.4839259468801, 53.42396006108759], [-113.48527883490894, 53.423945114996606], [-113.48623396813672, 53.423931202785155], [-113.486793865511, 53.42390376604753], [-113.48720176656654, 53.42388810130045], [-113.4874815848732, 53.423884118820126], [-113.488924, 53.423862], [-113.489065302655, 53.42386209381303], [-113.48916033304398, 53.42386103472041], [-113.48926163786209, 53.42386205368839], [-113.48945873053073, 53.42386001965332], [-113.49009753560073, 53.42385601492994], [-113.49058068872162, 53.423860256758786], [-113.49092881233251, 53.42389938368691], [-113.49131800368556, 53.42395698701274], [-113.49176941736452, 53.424117374767995], [-113.49218539486333, 53.42439334117136], [-113.49250189557291, 53.42476314786933], [-113.4926968759625, 53.42520419318558], [-113.49277363422605, 53.4255896592913], [-113.49279810048492, 53.42585373352206], [-113.49281171762739, 53.42601855974656], [-113.4928767405986, 53.42630286943089], [-113.49293232626998, 53.426530712934365], [-113.49298501453534, 53.42679099629493], [-113.49303814250018, 53.4269994643751], [-113.493073219885, 53.42716248448352], [-113.49311823516481, 53.42748577856065], [-113.49314600000001, 53.427797], [-113.49314332444645, 53.428074102315485], [-113.49310844451692, 53.42840776863855], [-113.49305020938424, 53.42867127769399], [-113.49297983272116, 53.42898886464227], [-113.492876065291, 53.42936407947161], [-113.49262623490358, 53.43011648030424], [-113.49248307937134, 53.430535008314266], [-113.49240226031746, 53.430758711178264], [-113.49221787286238, 53.43161426406766], [-113.49115204493141, 53.43452010107116], [-113.4910833896449, 53.434720799355695], [-113.49102280797109, 53.43491786984071], [-113.49098726597265, 53.43505701702456], [-113.490935481275, 53.435284661005156], [-113.49091948695278, 53.435365989136514], [-113.49090167382367, 53.435681539112274], [-113.4908936507357, 53.43587807016176], [-113.49090367727797, 53.43608711965693], [-113.49092410726892, 53.43631493467217], [-113.49094775987844, 53.436495840961925], [-113.49096914683989, 53.436626084729674], [-113.49099534622677, 53.436762189805144], [-113.49107394215031, 53.43703997037071], [-113.49110016034669, 53.437166550346845], [-113.49111835731982, 53.43723706002611], [-113.49113881154861, 53.43729986153393], [-113.49118619770204, 53.43741663384078], [-113.491247853246, 53.43753426962282], [-113.49127885770926, 53.437607244134405], [-113.49159036721053, 53.43819683337504], [-113.49196247468797, 53.43885160782791], [-113.49307828023792, 53.44076651185461], [-113.49325640064596, 53.44113500434523], [-113.49342984336651, 53.44159932575593], [-113.49350615296525, 53.44190046275028], [-113.49360800725451, 53.44241269195086], [-113.49363962145904, 53.44289151251722], [-113.49358250027024, 53.44496661028003], [-113.49346994746705, 53.44851825003097], [-113.49346067421993, 53.449360476402894], [-113.49346696709077, 53.449629112792415], [-113.49343507411092, 53.4534850223301], [-113.49342556977693, 53.45370446401225], [-113.49339482383343, 53.45427848659387], [-113.49338345869982, 53.454507247049975], [-113.4933402094378, 53.45511098710268], [-113.49325647503628, 53.45606988982103], [-113.49318408484574, 53.456926859847414], [-113.49302998759346, 53.459386981258255], [-113.49302597215531, 53.46017753752125], [-113.49302699351875, 53.46032260033669], [-113.493022986366, 53.461435221860945], [-113.49302099913888, 53.46181431233482], [-113.49301999430615, 53.46257837455896], [-113.49301699930633, 53.46346517785548], [-113.49301591989426, 53.46430034278618], [-113.49301894341811, 53.46456063769591], [-113.49301600000001, 53.464832], [-113.49301600000001, 53.465193], [-113.49301598685102, 53.46625612813772], [-113.49301399392981, 53.466637515700604], [-113.49300971675214, 53.466825342399204], [-113.49304203219357, 53.467146296406696], [-113.4930665808047, 53.467537742357216], [-113.49307126117462, 53.467627566877816], [-113.493075, 53.467744], [-113.493075, 53.467817], [-113.493074429816, 53.46790876452082], [-113.49306452207735, 53.46820191305386], [-113.49306196748338, 53.4682760642539], [-113.4930567883786, 53.46886742822266], [-113.49306176206842, 53.469109187009416], [-113.4930673956334, 53.46937123841275], [-113.49308329761571, 53.46990347366063], [-113.49307198908218, 53.470190672846165], [-113.49306899390861, 53.470824509619874], [-113.49307082857632, 53.47141951534401], [-113.49306, 53.471995], [-113.49305987202456, 53.472085002047535], [-113.49306199885564, 53.472224487142434], [-113.49306271498044, 53.47291087379058], [-113.49304527437319, 53.473615722021805], [-113.49304554117914, 53.473543710873436], [-113.49304791112296, 53.473653332148274], [-113.493047, 53.473715], [-113.4930466228436, 53.473909462166034], [-113.49301163496987, 53.475183017161356], [-113.4929919910228, 53.47590023725009], [-113.49298897807186, 53.47659737762868], [-113.49299082426508, 53.476924746704924], [-113.49298799735766, 53.47706829884453], [-113.49298694686362, 53.47751130873052], [-113.49298480782166, 53.47767539592511], [-113.492986, 53.477746], [-113.49298488335596, 53.47814624448303], [-113.49297884614201, 53.478229458839664], [-113.4929819771739, 53.47842475660251], [-113.49298099903281, 53.47856739081924], [-113.49297998724644, 53.479290050440625], [-113.4929789961845, 53.479485762420396], [-113.49297794093151, 53.47985586892314], [-113.4929762135767, 53.47989734866769], [-113.49298183813184, 53.48008099194581], [-113.49296796748338, 53.48083293574612], [-113.49296794472995, 53.48091907150662], [-113.49297285639406, 53.48103505328144], [-113.49297700000001, 53.481288], [-113.49297693419994, 53.48144147152046], [-113.49297080006, 53.48197299600122], [-113.49296603955106, 53.48210918247582], [-113.49297198876954, 53.482262260716745], [-113.49297498994565, 53.482904484259834], [-113.49297399851368, 53.483124724135365], [-113.49297295660172, 53.483693683634165], [-113.49297599748638, 53.48402275785315], [-113.49297699303861, 53.4844672686827], [-113.49297889267652, 53.485021650442135], [-113.49296986813773, 53.48560056514947], [-113.4929577828993, 53.485854322612184], [-113.492954417523, 53.48592012645202], [-113.49294091006031, 53.486309411610335], [-113.49293200000001, 53.486967], [-113.49293200000001, 53.487462], [-113.49293193318188, 53.48760344007885], [-113.49293458832759, 53.48790788359958], [-113.49294004434043, 53.48801129181013], [-113.492948, 53.488215], [-113.49294765391934, 53.488315306682026], [-113.49294239733509, 53.488475101012156], [-113.49293896875587, 53.48847809510867], [-113.49294044490698, 53.48870568516961], [-113.4929429652796, 53.48879066695603], [-113.4929438634253, 53.488935526668264], [-113.49294196695253, 53.4890481298126], [-113.49294, 53.489286], [-113.4929398530936, 53.489480859661214], [-113.49294295942136, 53.48968200864348], [-113.49293961782934, 53.48984244116701], [-113.49294175317783, 53.48993621673723], [-113.49293999723184, 53.49000164706534], [-113.49293905257849, 53.49049137828599], [-113.49293898983198, 53.49046550953702], [-113.492935, 53.491348], [-113.49293498671511, 53.491408154570685], [-113.49293361442065, 53.49156923293283], [-113.49293599664422, 53.49167159066488], [-113.492935, 53.492055], [-113.492935, 53.492229], [-113.49293420095871, 53.49252103196161], [-113.49293895194502, 53.49267080345046], [-113.49293597502871, 53.492959933038634], [-113.49293799650069, 53.49325264549342], [-113.49293699802116, 53.49362998938598], [-113.49293398304312, 53.495141823528535], [-113.49292660718416, 53.496309973630424], [-113.49292991344613, 53.49643184324417], [-113.49293098664636, 53.49651583211033], [-113.49293280269865, 53.496927863629814], [-113.4929296796925, 53.49708430834658], [-113.4929231993099, 53.49714221005183], [-113.49293490488871, 53.49732320820847], [-113.49292812202245, 53.49734904460673], [-113.49294027787671, 53.49743996526541], [-113.4929312754754, 53.49741816159442], [-113.49294614691165, 53.49748061717816], [-113.49296314250009, 53.49754646437476], [-113.4929375538997, 53.49746535553624], [-113.49294342719084, 53.49750178640418], [-113.49294918560257, 53.49751333103873], [-113.49298348890301, 53.49759100700859], [-113.49302240077566, 53.4976539934973], [-113.49299968908278, 53.497632069461574], [-113.4930903001333, 53.49774347686563], [-113.49324919672583, 53.49789681175565], [-113.49347979137346, 53.49809574339764], [-113.49357090262504, 53.498173896995105], [-113.49401523353937, 53.498562061744174], [-113.49415416742876, 53.49868392504007], [-113.49429078018649, 53.49880145262318], [-113.49446852988841, 53.4989635950004], [-113.49450889397444, 53.4990075814721], [-113.49455029543444, 53.499052385153014], [-113.49461786880946, 53.499130304952466], [-113.49472221379217, 53.49926704902882], [-113.49479273037315, 53.499373325007646], [-113.49492994975274, 53.499597253860976], [-113.49502003774737, 53.499786547369474], [-113.4951328066131, 53.500029951549074], [-113.49515463449663, 53.50008517747343], [-113.49527822945937, 53.5004049862986], [-113.49534320036341, 53.5005834260726], [-113.4954782513664, 53.501015915660915], [-113.49553920258339, 53.50130352881342], [-113.49556604981532, 53.50147530520706], [-113.49558886995254, 53.501711873065325], [-113.49559096331974, 53.50184343500368], [-113.49559498957503, 53.50231443383757], [-113.49559598367387, 53.5025322858076], [-113.49559699189236, 53.502708973187005], [-113.49560000000001, 53.503458], [-113.49559986212641, 53.50350539493503], [-113.49561163187857, 53.50429622038919], [-113.49571532055784, 53.50580229500578], [-113.49575816122848, 53.50631205076931], [-113.49576989320647, 53.506809535746065], [-113.49571772271648, 53.50724214572046], [-113.49561948251213, 53.507583038877364], [-113.49552017972717, 53.50781651860902], [-113.49524149321003, 53.50839199653063], [-113.49518834932987, 53.50849437744183], [-113.49512771180916, 53.50861112744596], [-113.49510278784582, 53.50863732714403], [-113.49507670269065, 53.50875738299245], [-113.49506814722025, 53.50890351873634], [-113.4950769076221, 53.50906871346796], [-113.49538856910571, 53.51097581456355], [-113.49548530117528, 53.51158417379005], [-113.49554620179615, 53.51193835615694], [-113.49556371802402, 53.5120750482823], [-113.49557445137359, 53.512483476717556], [-113.49542208484297, 53.51364123225599], [-113.49533296284392, 53.51424562036932], [-113.4953269540641, 53.514252668497754], [-113.49533284879367, 53.51432307698885], [-113.49535573456247, 53.51447565806686], [-113.49541821175482, 53.51485565882526], [-113.49546949743618, 53.51515060103145], [-113.49550714487071, 53.515367215041245], [-113.4955304562906, 53.515544975651935], [-113.49560371550422, 53.515986194620524], [-113.49562230300893, 53.51610915174361], [-113.49575677786663, 53.51694802866239], [-113.49576979561301, 53.51704917983986], [-113.49577604561516, 53.51710112110017], [-113.49581624076781, 53.51741863278083], [-113.49587277036954, 53.517820330397164], [-113.4958892742048, 53.51793487056627], [-113.4958998699101, 53.51801611456179], [-113.49592559260965, 53.51815896230589], [-113.49597053464257, 53.51844159819016], [-113.49604027120702, 53.51888033593729], [-113.49605081776268, 53.51894038487301], [-113.49616595523166, 53.519671260023834], [-113.49617917390339, 53.51975566267031], [-113.49618780238795, 53.51981128730828], [-113.4962480798672, 53.520195273201246], [-113.49635924112071, 53.52081176756117], [-113.49640961799756, 53.52112412205095], [-113.4964970376061, 53.521674510859754], [-113.49678208289582, 53.52355681783848], [-113.49675439119582, 53.52380885950611], [-113.49677581235112, 53.523645722553944], [-113.4964976418571, 53.524329222646], [-113.4961410570001, 53.52458263537511], [-113.49587730226173, 53.52466842741973], [-113.49497140309838, 53.52483537443851], [-113.49444034117478, 53.524927211754814], [-113.49441011210787, 53.52493233856642], [-113.4943249004864, 53.52494488822167], [-113.49417223187099, 53.524987443841674], [-113.4941283458249, 53.524993937778696], [-113.49418249055387, 53.524933679228376], [-113.49429379349156, 53.52482945109944], [-113.49452562112928, 53.52431363739681], [-113.49444885703593, 53.523809088849255], [-113.49415917319314, 53.523452276292495], [-113.49391764446372, 53.52332644610029], [-113.49373181773991, 53.523286964763884], [-113.49346489235553, 53.523308894071015], [-113.49385446121916, 53.52322794372852], [-113.49410805215308, 53.52319281254508], [-113.49490621351397, 53.523132910610144], [-113.49535375218976, 53.52310558662832], [-113.49571617528822, 53.52309402574271], [-113.49724604854984, 53.52310500819541], [-113.49762982389575, 53.523115965338796], [-113.49803255066918, 53.52318877045903], [-113.49838660475366, 53.52332316174339], [-113.49846632826683, 53.5233673368244], [-113.49864575759128, 53.5234658215246], [-113.49868605369645, 53.52349172859935], [-113.49875905098743, 53.523538450216705], [-113.49904280239026, 53.52371970846635], [-113.49909851474085, 53.52375479796339], [-113.49920632432432, 53.52382205405405], [-113.49928811849418, 53.523852059676614], [-113.49937428616224, 53.523879078033254], [-113.49947082016021, 53.52390020438699], [-113.49956973130095, 53.52391500094559], [-113.49976007111627, 53.52392358058903], [-113.50011581078066, 53.52393571508324], [-113.50035408322717, 53.523946156716285], [-113.50055416431599, 53.52396511833531], [-113.50076454747948, 53.52399361781961], [-113.50102178239342, 53.524043170043434], [-113.50120001904713, 53.524087985121064], [-113.5014505081705, 53.52415135103856], [-113.50169961538464, 53.52423292307693], [-113.50191308067922, 53.52432402470878], [-113.50211876792572, 53.524428506103554], [-113.50228541810586, 53.52452692401368], [-113.50249622228073, 53.52466069913521], [-113.50269746755743, 53.524814026220135], [-113.5029318034446, 53.525027719897246], [-113.50318735465956, 53.52532938025737], [-113.5033184315925, 53.52555138132426], [-113.50341348487508, 53.5257701872023], [-113.50348080241412, 53.52599247091146], [-113.50348947613413, 53.52603295401639], [-113.50350613285582, 53.526110378896504], [-113.50354970099448, 53.52636904586761], [-113.5035557875053, 53.526538614175315], [-113.50353610227923, 53.52680334838235], [-113.50338800801406, 53.52731629654706], [-113.50325390726952, 53.52755908718185], [-113.503168347404, 53.52772510149058], [-113.5021286865993, 53.52970207976852], [-113.50212618459993, 53.52966458247289], [-113.5020959803467, 53.52976473053076], [-113.50209798249406, 53.53008408294384], [-113.50209889456923, 53.530475006803144], [-113.50119927002079, 53.53150765335811], [-113.50101722499276, 53.53152655374459], [-113.50054796384363, 53.531571209322856], [-113.50017005637184, 53.53163796122346], [-113.49985248939304, 53.53174126646869], [-113.49927375955855, 53.53202429504515], [-113.49901935053356, 53.53216278652822], [-113.49887698181094, 53.532249834368216], [-113.49869618349038, 53.53240399890933], [-113.49858630310341, 53.53252220446332], [-113.49839136993207, 53.53280198837324], [-113.49840682250678, 53.5327316338518], [-113.4984114828605, 53.53252493660694], [-113.49842731483378, 53.53288901166041], [-113.49842695522199, 53.532888463298654], [-113.4984239509888, 53.53320590050481], [-113.49842189893943, 53.53341221657259], [-113.49840806142193, 53.533945754264835], [-113.49840599155401, 53.53393589849677], [-113.49839682661472, 53.53413489421038], [-113.49838899198842, 53.534252504677546], [-113.49836684326655, 53.53453739459646], [-113.4983365731472, 53.5349101918776], [-113.4982737934235, 53.535217743063065], [-113.49821585675171, 53.535376647266546], [-113.4980780502943, 53.53566770019629], [-113.49799456423501, 53.53579114645798], [-113.49751252825837, 53.53635013529786], [-113.49701259004812, 53.5366870230184], [-113.4966081757432, 53.53692973207822], [-113.49660989840244, 53.536902555646684], [-113.49658529148348, 53.53692687093924], [-113.49658739816677, 53.53691779266169], [-113.49659350601593, 53.536900603368984], [-113.49660664351796, 53.53686046687079], [-113.49661666386604, 53.53681237535034], [-113.49661844476051, 53.536779910029956], [-113.49661688322253, 53.53670571794199], [-113.49662391112297, 53.53716566785173], [-113.49662486995254, 53.53723787306532], [-113.49662599775569, 53.537318118639305], [-113.49662499440727, 53.53779134446289], [-113.4966239933885, 53.53809063633963], [-113.49660167779119, 53.53856740151173], [-113.49655649532517, 53.53875373885632], [-113.49649081602873, 53.53892712018041], [-113.49636600000002, 53.53914299999997], [-113.4962033182504, 53.53933405526821], [-113.49607450460765, 53.5394535766949], [-113.49606947575478, 53.53945754510512], [-113.49598996198752, 53.5395307660248], [-113.49589648130906, 53.539614465820534], [-113.49542645111872, 53.53999246075289], [-113.49514030828419, 53.540152908916234], [-113.49487129799392, 53.54025142682234], [-113.49472817044185, 53.54028730486456], [-113.49460526691227, 53.54031257024732], [-113.49431507879872, 53.5403597534035], [-113.4943255815314, 53.54035112285207], [-113.49433743601625, 53.54034506235356], [-113.49432793260114, 53.540345022172666], [-113.49470150505643, 53.53991028886699], [-113.49473901601385, 53.53974765059387], [-113.49473724058822, 53.53956537038387], [-113.49474297018662, 53.53968272177749], [-113.49473900000001, 53.540193], [-113.49473899767763, 53.54036415516744], [-113.494738, 53.540826], [-113.49473785879694, 53.540959804349484], [-113.49473561442065, 53.54108976706716], [-113.49473499727051, 53.54109566355778], [-113.494736, 53.541526], [-113.494736, 53.541957], [-113.494736, 53.541987], [-113.494736, 53.542045], [-113.49473565391935, 53.54211369331798], [-113.49473626117464, 53.54221643312201], [-113.4947356683473, 53.54217824741962], [-113.49474699725772, 53.54263334191395], [-113.494746, 53.543058], [-113.49474544490698, 53.543149314830146], [-113.49474500000001, 53.543146], [-113.49474500000001, 53.543209], [-113.49474500000001, 53.543241], [-113.49474500000001, 53.543281], [-113.49474498046932, 53.54329824987792], [-113.49474400000001, 53.543452], [-113.49474398269942, 53.54354088225118], [-113.49473995752994, 53.54422421619848], [-113.494738, 53.544432], [-113.494738, 53.5445]]}}, {"type": "Feature", "properties": {"DAUID": "48111048", "mode": "car", "period": "weekend", "speed_factor": 1.0, "transit_mins": 55.0}, "geometry": {"type": "LineString", "coordinates": [[-113.606161, 53.507302], [-113.605992, 53.507279], [-113.605759, 53.507158], [-113.605542, 53.506894], [-113.605734, 53.506829], [-113.605918, 53.506755], [-113.606093, 53.506674], [-113.606329, 53.506547], [-113.606551, 53.506403], [-113.606803, 53.506205], [-113.606852, 53.506155], [-113.606975, 53.506058], [-113.607063, 53.505984], [-113.607317, 53.505774], [-113.607676, 53.505477], [-113.607872, 53.505323], [-113.608083, 53.505186], [-113.608245, 53.505092], [-113.608484, 53.504984], [-113.60862, 53.504932], [-113.608777, 53.504877], [-113.608913, 53.504836], [-113.609052, 53.504799], [-113.609194, 53.504767], [-113.609388, 53.50473], [-113.609586, 53.5047], [-113.609787, 53.504679], [-113.609989, 53.504666], [-113.610154, 53.504661], [-113.610403, 53.504694], [-113.610919, 53.504694], [-113.611076, 53.504695], [-113.611218, 53.504696], [-113.613834, 53.504713], [-113.613964, 53.504713], [-113.614181, 53.504712], [-113.61436, 53.504711], [-113.6147, 53.504735], [-113.614972, 53.504785], [-113.615129, 53.504853], [-113.615224, 53.504928], [-113.615269, 53.505013], [-113.615352, 53.505169], [-113.615358, 53.509561], [-113.615348, 53.509739], [-113.615303, 53.509992], [-113.615196, 53.510288], [-113.615045, 53.510553], [-113.614752, 53.510997], [-113.614576, 53.511125], [-113.614498, 53.5112], [-113.614362, 53.511306], [-113.614156, 53.511422], [-113.613903, 53.511524], [-113.613381, 53.511641], [-113.613135, 53.511718], [-113.612383, 53.511803], [-113.611632, 53.511872], [-113.611274, 53.511895], [-113.610915, 53.511912], [-113.610276, 53.511924], [-113.609637, 53.511928], [-113.607464, 53.511939], [-113.606708, 53.512016], [-113.603745, 53.511999], [-113.602765, 53.511993], [-113.602025, 53.511901], [-113.601875, 53.511891], [-113.601182, 53.511868], [-113.600349, 53.511828], [-113.599456, 53.511752], [-113.598215, 53.511554], [-113.597455, 53.511446], [-113.596973, 53.511423], [-113.596852, 53.511422], [-113.596643, 53.511424], [-113.596629, 53.51156], [-113.596629, 53.511779], [-113.59663, 53.511863], [-113.59663, 53.512223], [-113.596631, 53.512345], [-113.596633, 53.512401], [-113.596644, 53.512553], [-113.596648, 53.512656], [-113.596656, 53.512904], [-113.596714, 53.51311], [-113.596712, 53.515174], [-113.596708, 53.516836], [-113.596709, 53.518032], [-113.596628, 53.518179], [-113.59661, 53.518645], [-113.596596, 53.518904], [-113.59655, 53.51923], [-113.596527, 53.519396], [-113.596418, 53.519397], [-113.596267, 53.519401], [-113.595895, 53.519421], [-113.595712, 53.519431], [-113.595524, 53.519437], [-113.595125, 53.519436], [-113.59379, 53.519436], [-113.592582, 53.519426], [-113.592399, 53.519425], [-113.591708, 53.519422], [-113.591566, 53.519421], [-113.590588, 53.519412], [-113.590339, 53.51941], [-113.590166, 53.519409], [-113.589525, 53.519404], [-113.588758, 53.519402], [-113.588572, 53.519403], [-113.586441, 53.519416], [-113.58505, 53.519413], [-113.584921, 53.519413], [-113.582427, 53.519412], [-113.580778, 53.519409], [-113.57976, 53.51941], [-113.57918, 53.519392], [-113.578539, 53.519356], [-113.578048, 53.519343], [-113.577859, 53.519385], [-113.577044, 53.519376], [-113.576954, 53.519375], [-113.574872, 53.519361], [-113.570292, 53.519364], [-113.567996, 53.519364], [-113.567641, 53.519364], [-113.566952, 53.519365], [-113.566846, 53.519365], [-113.56674, 53.519359], [-113.566636, 53.519346], [-113.566535, 53.519327], [-113.566437, 53.519301], [-113.566351, 53.519272], [-113.56627, 53.519239], [-113.566194, 53.519201], [-113.566126, 53.519158], [-113.566014, 53.519092], [-113.565948, 53.519072], [-113.565878, 53.519056], [-113.565805, 53.519047], [-113.565731, 53.519044], [-113.565656, 53.519046], [-113.565572, 53.519056], [-113.565492, 53.519074], [-113.565417, 53.5191], [-113.565345, 53.519132], [-113.565238, 53.519194], [-113.565206, 53.519236], [-113.565183, 53.519281], [-113.56517, 53.519326], [-113.565167, 53.519372], [-113.565175, 53.519421], [-113.565194, 53.519469], [-113.565224, 53.519514], [-113.565264, 53.519557], [-113.565387, 53.519632], [-113.565459, 53.519681], [-113.565524, 53.519733], [-113.56558, 53.51979], [-113.565636, 53.519863], [-113.565678, 53.519939], [-113.565705, 53.520018], [-113.565716, 53.520098], [-113.565713, 53.520671], [-113.565721, 53.521202], [-113.56572, 53.521271], [-113.565729, 53.522238], [-113.565728, 53.522302], [-113.565731, 53.524873], [-113.565738, 53.52541], [-113.565732, 53.525918], [-113.565718, 53.526249], [-113.565662, 53.527949], [-113.56566, 53.528014], [-113.565655, 53.528117], [-113.565639, 53.528538], [-113.56561, 53.529374], [-113.565605, 53.529639], [-113.565597, 53.530003], [-113.565579, 53.53151], [-113.56558, 53.53197], [-113.565581, 53.533561], [-113.565581, 53.533648], [-113.565585, 53.534335], [-113.56558, 53.534522], [-113.565585, 53.536073], [-113.565585, 53.536132], [-113.565595, 53.537559], [-113.565548, 53.537933], [-113.565548, 53.538043], [-113.565595, 53.53929], [-113.565593, 53.53946], [-113.565605, 53.539712], [-113.565608, 53.539959], [-113.565605, 53.540368], [-113.565601, 53.540811], [-113.565603, 53.541243], [-113.565599, 53.541676], [-113.565605, 53.542099], [-113.56561, 53.542499], [-113.565559, 53.542611], [-113.565415, 53.542736], [-113.565279, 53.542801], [-113.565207, 53.542822], [-113.565097, 53.54288], [-113.564757, 53.542892], [-113.563049, 53.542957], [-113.562622, 53.542951], [-113.562234, 53.54296], [-113.562086, 53.543038], [-113.561974, 53.543105], [-113.561803, 53.543197], [-113.56162, 53.543331], [-113.561504, 53.543417], [-113.561376, 53.54349], [-113.56124, 53.543556], [-113.560908, 53.543634], [-113.55982, 53.543871], [-113.55971, 53.543897], [-113.558873, 53.544082], [-113.558023, 53.544275], [-113.556345, 53.544658], [-113.55622, 53.544686], [-113.555178, 53.544919], [-113.554928, 53.544979], [-113.554653, 53.545055], [-113.553737, 53.545359], [-113.553317, 53.545497], [-113.553089, 53.545567], [-113.552959, 53.545611], [-113.552637, 53.545711], [-113.552296, 53.545821], [-113.552205, 53.545849], [-113.552124, 53.545872], [-113.551974, 53.545907], [-113.551841, 53.545942], [-113.55168, 53.545986], [-113.551287, 53.546113], [-113.549599, 53.546655], [-113.548988, 53.546862], [-113.548887, 53.546901], [-113.548801, 53.546935], [-113.548607, 53.547014], [-113.548474, 53.547062], [-113.548335, 53.547109], [-113.547921, 53.547243], [-113.547412, 53.547406], [-113.546815, 53.547591], [-113.546603, 53.547646], [-113.546306, 53.547703], [-113.545749, 53.547807], [-113.545388, 53.547853], [-113.545101, 53.54788], [-113.544822, 53.54789], [-113.544573, 53.54788], [-113.543757, 53.547821], [-113.5434, 53.547836], [-113.542903, 53.547771], [-113.542231, 53.547691], [-113.542002, 53.547663], [-113.541295, 53.54758], [-113.541171, 53.547563], [-113.541065, 53.547549], [-113.54054, 53.547484], [-113.540339, 53.547459], [-113.539459, 53.547349], [-113.538566, 53.547235], [-113.537687, 53.547129], [-113.537616, 53.547114], [-113.536769, 53.547011], [-113.536101, 53.546925], [-113.535922, 53.546903], [-113.535732, 53.54688], [-113.535016, 53.546792], [-113.534138, 53.54668], [-113.533264, 53.546571], [-113.533151, 53.546557], [-113.532693, 53.5465], [-113.532527, 53.546479], [-113.532392, 53.546463], [-113.531046, 53.546275], [-113.530852, 53.546256], [-113.530649, 53.546236], [-113.530503, 53.546226], [-113.530298, 53.546181], [-113.529715, 53.546172], [-113.528807, 53.546158], [-113.528678, 53.546156], [-113.528546, 53.546157], [-113.527735, 53.546158], [-113.527532, 53.546157], [-113.526785, 53.546159], [-113.525117, 53.546162], [-113.524989, 53.546162], [-113.524825, 53.546161], [-113.524091, 53.546158], [-113.523146, 53.546153], [-113.522433, 53.546149], [-113.522089, 53.546148], [-113.521755, 53.546147], [-113.521515, 53.546145], [-113.521318, 53.546144], [-113.521133, 53.546144], [-113.520928, 53.546144], [-113.519925, 53.546145], [-113.51916, 53.546146], [-113.517789, 53.546148], [-113.517624, 53.546148], [-113.517488, 53.546148], [-113.5162, 53.54615], [-113.515465, 53.546151], [-113.514674, 53.546152], [-113.514535, 53.54615], [-113.514069, 53.546147], [-113.51393, 53.546147], [-113.513786, 53.546147], [-113.513512, 53.546148], [-113.513314, 53.546147], [-113.512187, 53.546149], [-113.511918, 53.546148], [-113.510424, 53.546166], [-113.51025, 53.546164], [-113.510079, 53.546167], [-113.5098, 53.546174], [-113.508796, 53.546171], [-113.508705, 53.546171], [-113.508531, 53.54617], [-113.50836, 53.54617], [-113.5082, 53.546171], [-113.507508, 53.546171], [-113.5066, 53.546173], [-113.506453, 53.546173], [-113.505906, 53.546173], [-113.505638, 53.546173], [-113.504914, 53.546175], [-113.504739, 53.546176], [-113.504588, 53.546176], [-113.50384, 53.546174], [-113.503079, 53.546175], [-113.502891, 53.546173], [-113.50261, 53.546225], [-113.502114, 53.546227], [-113.501977, 53.546228], [-113.501334, 53.546226], [-113.501188, 53.546227], [-113.501, 53.546227], [-113.500874, 53.546226], [-113.500154, 53.546224], [-113.499388, 53.546218], [-113.499307, 53.546217], [-113.499164, 53.546215], [-113.498564, 53.54621], [-113.49833, 53.546208], [-113.497429, 53.546196], [-113.49729, 53.546195], [-113.496622, 53.546187], [-113.496368, 53.546185], [-113.496014, 53.546142], [-113.495523, 53.546126], [-113.495064, 53.546119], [-113.494418, 53.546105], [-113.493944, 53.546095], [-113.493723, 53.546089], [-113.493723, 53.545985], [-113.49373, 53.545705], [-113.493736, 53.545478], [-113.493738, 53.5454], [-113.493738, 53.545304], [-113.493738, 53.545228], [-113.493738, 53.544991], [-113.493738, 53.544949], [-113.493738, 53.544808], [-113.493738, 53.544507], [-113.493738, 53.5445]]}}, {"type": "Feature", "properties": {"DAUID": "48111048", "mode": "transit", "period": "weekend", "speed_factor": 0.4, "transit_mins": 55.0}, "geometry": {"type": "LineString", "coordinates": [[-113.6060261484398, 53.50829286581166], [-113.60553112703701, 53.50816646611878], [-113.60498647882154, 53.507792988998986], [-113.60522133573046, 53.50594680708077], [-113.60536087125749, 53.50590122042407], [-113.60549795551556, 53.50584749648425], [-113.60561912270185, 53.50579340911525], [-113.6057848088949, 53.505708038712974], [-113.60593317844807, 53.50561668166117], [-113.60608878716087, 53.50550507141762], [-113.60623276976527, 53.505369790527055], [-113.60633140006406, 53.50529263791415], [-113.60642580495166, 53.5052132974177], [-113.60667956406921, 53.505003496635865], [-113.60705817844807, 53.504690681661174], [-113.6073274308694, 53.504484284039734], [-113.60758112211253, 53.504321061513124], [-113.60783320896766, 53.504180721696905], [-113.60812686253371, 53.50404994816516], [-113.60828938182736, 53.50398823539803], [-113.60848836063545, 53.5039195621079], [-113.60865577008234, 53.50386964976874], [-113.60883216087026, 53.50382346386174], [-113.60900665522598, 53.50378470577949], [-113.60923819462056, 53.50374128449578], [-113.60948208797836, 53.50370541350715], [-113.60972277642593, 53.50368106446474], [-113.60995871087334, 53.50366645882085], [-113.61028538133671, 53.50366966809576], [-113.610403, 53.503694], [-113.61092536929753, 53.50369402028418], [-113.61108304207893, 53.503695024795746], [-113.61122449833373, 53.50369602111439], [-113.613834, 53.503713000000005], [-113.61395939175398, 53.50371301061802], [-113.61417541349502, 53.50371201560464], [-113.61443041302981, 53.503713482077735], [-113.6148807942891, 53.50375147906731], [-113.61536944340631, 53.50386737331186], [-113.61574864428859, 53.50406811723447], [-113.61610778791633, 53.504460112279574], [-113.61615182246256, 53.504543293176965], [-113.61635199906686, 53.50516763388106], [-113.61635642564215, 53.509617091328224], [-113.61633254760142, 53.50991411716232], [-113.61624344107473, 53.51033195673984], [-113.61606484778905, 53.51078307930623], [-113.61587964397407, 53.51110378982974], [-113.61534017169767, 53.511805736084305], [-113.61526910871625, 53.511845833064896], [-113.61511274329868, 53.511988727251165], [-113.61485266283525, 53.512177349517756], [-113.6145299174772, 53.51234946197779], [-113.6141217114569, 53.51249978957702], [-113.61367971674777, 53.51259534181749], [-113.61324731670098, 53.51271167246046], [-113.61247449214389, 53.51279880579814], [-113.61169611363104, 53.512869942604716], [-113.61132130075704, 53.51289388069277], [-113.6109337760322, 53.512911823714774], [-113.61028225965826, 53.51292398040815], [-113.60964206206124, 53.51292798718768], [-113.6075653276316, 53.5129338531103], [-113.60670226266615, 53.513015983541365], [-113.60373887766576, 53.51299898125834], [-113.60264162549092, 53.51298536018184], [-113.60195848098945, 53.51289878515786], [-113.60184182923079, 53.51289044969862], [-113.60113403605916, 53.51286684906787], [-113.60026420016959, 53.512824398007204], [-113.59929844400416, 53.51273951005472], [-113.59807430819522, 53.51254405344101], [-113.59740733639165, 53.51244486344434], [-113.59696473581944, 53.51242296585108], [-113.59686156893984, 53.51242195421665], [-113.59763774329889, 53.51152640004552], [-113.597629, 53.51156], [-113.59762892914584, 53.511767096081456], [-113.59763000000001, 53.511863], [-113.59762996640858, 53.512214803554045], [-113.59763036285435, 53.512309308469575], [-113.59763039164669, 53.51232882034135], [-113.59764324677515, 53.51251419429995], [-113.59764748011435, 53.51262375870601], [-113.59761857478583, 53.51263298379811], [-113.59771399953053, 53.513110968991796], [-113.59771199710381, 53.5151764067319], [-113.59770799965045, 53.51683516387989], [-113.59758483825661, 53.51851460475367], [-113.59762725482628, 53.5182175978259], [-113.59760854227328, 53.51869897525799], [-113.59758619102404, 53.51904372020588], [-113.5975405373908, 53.51936724313246], [-113.59653617392583, 53.52039595791866], [-113.59644448077678, 53.52039664932274], [-113.59632068590709, 53.520399557871826], [-113.59594956340477, 53.52041951030784], [-113.59574389865243, 53.5204304911085], [-113.5955214937422, 53.52043699685933], [-113.595125, 53.520436], [-113.59378172213793, 53.52043596573791], [-113.59257653560068, 53.52042598507006], [-113.5923946585069, 53.52042499057567], [-113.5917009579211, 53.52042197520425], [-113.59155679793564, 53.52042095766011], [-113.59057996813056, 53.52041196774402], [-113.59033321974977, 53.520409983294215], [-113.59015819992527, 53.52040896957896], [-113.58952239244692, 53.52040399660033], [-113.58876337626637, 53.52040198554778], [-113.58857810030882, 53.52040298139294], [-113.58643884328323, 53.520415997674284], [-113.58505, 53.520413], [-113.58492059903772, 53.520412999919614], [-113.58242518071859, 53.52041199834511], [-113.5807789823178, 53.52040899951753], [-113.57972898045172, 53.520409518778024], [-113.57912392611794, 53.52039042662212], [-113.57851253269688, 53.52035564967957], [-113.57826493045782, 53.52031918706018], [-113.57784795772848, 53.52038493903226], [-113.57703288957465, 53.52037593827732], [-113.57694727584847, 53.520374977392635], [-113.5748726550217, 53.520360999785474], [-113.570292, 53.520364], [-113.567996, 53.520364], [-113.56764245137727, 53.520363998946756], [-113.566952, 53.520365], [-113.56678948668798, 53.520363401845735], [-113.56661596526537, 53.52035127787671], [-113.56645112400712, 53.52032876185684], [-113.56627856530102, 53.52029356155787], [-113.5661174686569, 53.52024857570715], [-113.56597370311265, 53.520198092359756], [-113.56582278640457, 53.520133427191034], [-113.56565953945264, 53.52004619342362], [-113.56561830769233, 53.52001953846155], [-113.56572399260467, 53.52004902440442], [-113.5657251751985, 53.520046858506575], [-113.56575563875792, 53.52004848563034], [-113.56576449273336, 53.520046179243856], [-113.56575765719026, 53.520043644633965], [-113.56577421288974, 53.5200389882742], [-113.56579151219518, 53.52003160975608], [-113.56581954321543, 53.520018836198524], [-113.565823138466, 53.520013811548644], [-113.56584635499391, 53.51999724168304], [-113.56603343172011, 53.51980004321514], [-113.56609643468221, 53.51969111105977], [-113.56614371418279, 53.51955853965301], [-113.56616788010597, 53.519391079137186], [-113.5661539328808, 53.519210868101226], [-113.56610480661301, 53.519052951548844], [-113.56602605029438, 53.51891429980384], [-113.56595618673816, 53.51883289605752], [-113.56578460742428, 53.51870320382421], [-113.56594962404327, 53.51880528712002], [-113.56608369504764, 53.51890013119061], [-113.5662373364315, 53.51903217824271], [-113.5663734313913, 53.51918134030256], [-113.5665112415354, 53.519379313888244], [-113.56662426047966, 53.51961559451975], [-113.56669567883984, 53.51988178165951], [-113.56671598629451, 53.52010323553032], [-113.56671288652845, 53.52065593579619], [-113.56672089499658, 53.521216491231804], [-113.56671995669143, 53.521261693267604], [-113.56672887795203, 53.522253623093185], [-113.56672799931921, 53.52230083313965], [-113.56673091505024, 53.52485996572561], [-113.56673793025715, 53.52542181019989], [-113.56673110671947, 53.525960258290226], [-113.56671745788061, 53.52628192331842], [-113.56666152696307, 53.527979754675926], [-113.56665882383342, 53.52806248659373], [-113.56665427860085, 53.528154977334005], [-113.56663839887926, 53.528572668142935], [-113.56660982204824, 53.52939286456695], [-113.56660475857073, 53.52966097271587], [-113.56659692867495, 53.53001494340819], [-113.56657899763707, 53.531507826092096], [-113.56657999980247, 53.53196937146461], [-113.566581, 53.533561], [-113.56658098305016, 53.53364217768238], [-113.56658464273208, 53.534361728415305], [-113.56657999480383, 53.53451877629013], [-113.566585, 53.536073], [-113.56658497544691, 53.536124992463584], [-113.5665871960332, 53.53768368773678], [-113.56654800000001, 53.537933], [-113.5665472904706, 53.538005336285394], [-113.56659493080303, 53.53930176389177], [-113.56659186813773, 53.53941243485059], [-113.56660492624856, 53.539699855146814], [-113.56660797310023, 53.539966334766], [-113.56660495923796, 53.540377028977325], [-113.56660098928344, 53.54080637041999], [-113.56660295733356, 53.54125223748112], [-113.56659889941662, 53.541661817029556], [-113.56660492188416, 53.542086500976446], [-113.56652008799125, 53.54291341506754], [-113.56621452929348, 53.54336616974607], [-113.56584622073532, 53.543638246461576], [-113.56555900000004, 53.54376099999999], [-113.56567340916203, 53.543706569100515], [-113.56513227215568, 53.54387937774391], [-113.56479502867806, 53.5438912766482], [-113.56303494986476, 53.54395690129198], [-113.56264518963854, 53.54395073108417], [-113.5627002390767, 53.54384465876097], [-113.56259936851467, 53.54389616826331], [-113.56244779268884, 53.54398563641079], [-113.56239379010472, 53.544003825292215], [-113.5622155587272, 53.54413431177164], [-113.56199940791845, 53.54428566045976], [-113.56181259808639, 53.544389656662815], [-113.56146871245139, 53.54452949402391], [-113.56112083974959, 53.54461108712047], [-113.5600500254539, 53.544844184612785], [-113.55992581862819, 53.54487343346918], [-113.55909442275009, 53.54505717791492], [-113.55824552504811, 53.54524992697314], [-113.55656358329774, 53.5456338182935], [-113.55643821942151, 53.54566189973054], [-113.55541137295248, 53.54589138730198], [-113.55519437822592, 53.545942868580646], [-113.55496798413598, 53.54600409693608], [-113.55404915328897, 53.54630903174904], [-113.5536104965335, 53.54645296013768], [-113.55340959617433, 53.546514215969566], [-113.55325558578161, 53.546566006216814], [-113.55294400277992, 53.54666270861776], [-113.55259008584885, 53.54677677900872], [-113.55247815220996, 53.54681097082606], [-113.55235122961558, 53.54684584120975], [-113.55222849329925, 53.54687407453727], [-113.55210462433936, 53.54690662542351], [-113.55198749794087, 53.54693754874618], [-113.55159271703191, 53.54706512241671], [-113.54991987431917, 53.54760212178272], [-113.5493482166214, 53.54779486868618], [-113.54925465888937, 53.54783096072017], [-113.54917814523786, 53.5478611541284], [-113.54894647066753, 53.5479546166413], [-113.54879431394261, 53.54800931144729], [-113.54864294265516, 53.548060404919646], [-113.54822597938913, 53.54819535895135], [-113.54770799659012, 53.54836118899629], [-113.54706612060967, 53.54855895580446], [-113.54679147944994, 53.54862807713391], [-113.54648954259046, 53.54868601175857], [-113.54587540177265, 53.54879897912875], [-113.54548166308938, 53.54884860395022], [-113.54513681929332, 53.54887935828321], [-113.54478187170538, 53.548889194535604], [-113.5445008843379, 53.54887739627595], [-113.54379897976726, 53.548820118461016], [-113.54327031965713, 53.54882755585252], [-113.54278478711021, 53.548763988274196], [-113.54210963311758, 53.548683607717], [-113.54188540327397, 53.548656179341044], [-113.54115917374642, 53.548570732672744], [-113.54104006163075, 53.54855439051007], [-113.5409421286299, 53.54854142260474], [-113.54041657292964, 53.54847635364578], [-113.5402149652654, 53.548451277876715], [-113.53933236811324, 53.5483409497796], [-113.53844627581087, 53.54822780719102], [-113.53748029507157, 53.54810740332816], [-113.53749528363039, 53.54810668703936], [-113.53664131133274, 53.548002814299274], [-113.53597901286594, 53.54791753168168], [-113.53580182467512, 53.54789575268385], [-113.53561001286593, 53.547872531681676], [-113.53488946272489, 53.547783961853106], [-113.53401424474585, 53.5476723127718], [-113.53314104625107, 53.54756341240199], [-113.53302749862262, 53.54754934440079], [-113.53256749427229, 53.547492092895006], [-113.53240930520711, 53.547472049815326], [-113.53225366969083, 53.547453386149726], [-113.53094852820891, 53.54727023828802], [-113.53075395253795, 53.547251181739774], [-113.53058066694757, 53.54723366256517], [-113.53028859270515, 53.54720274434317], [-113.53028256444635, 53.547180880864744], [-113.52969958333018, 53.54717188115608], [-113.52879149798707, 53.547157879836575], [-113.52868557554017, 53.54715597130519], [-113.52854723304469, 53.5471569992398], [-113.52773007395142, 53.547157987866946], [-113.52753467736657, 53.54715699641585], [-113.52678679855825, 53.5471589983826], [-113.525117, 53.547162], [-113.52498290255235, 53.5471619814104], [-113.52482091284068, 53.54716099164753], [-113.52408570906877, 53.54715798600292], [-113.5231403899901, 53.54715298426377], [-113.52243009303555, 53.54714899577477], [-113.52208600600143, 53.54714799551798], [-113.52174666695602, 53.54714696527959], [-113.52150992392323, 53.547144987116646], [-113.521318, 53.547143999999996], [-113.521133, 53.547143999999996], [-113.52092899700848, 53.547143999502985], [-113.51992630718843, 53.54714499914563], [-113.51916145878765, 53.54714599893597], [-113.517789, 53.547148], [-113.517624, 53.547148], [-113.51748955279315, 53.547147998794415], [-113.51620136054296, 53.547149999074456], [-113.5154662642215, 53.54715099920087], [-113.51465961299996, 53.54715189650176], [-113.51452856236516, 53.54714997927821], [-113.514069, 53.547146999999995], [-113.51393, 53.547146999999995], [-113.51378964961074, 53.54714699334015], [-113.51350694955934, 53.54714798724645], [-113.5133157746201, 53.54714699842536], [-113.51218328255358, 53.547148993090275], [-113.5119300473184, 53.547147927428426], [-113.51041250650634, 53.54716593394762], [-113.51026754116039, 53.547163846142006], [-113.51010408171267, 53.547166685404356], [-113.50979701196553, 53.547173995535815], [-113.508796, 53.547171], [-113.50869925296846, 53.54717098348568], [-113.508531, 53.547169999999994], [-113.50836624987795, 53.54716998046932], [-113.5082, 53.547171], [-113.50751020263783, 53.54717099757419], [-113.5066, 53.547173], [-113.506453, 53.547173], [-113.505906, 53.547173], [-113.5056407624204, 53.547172996184514], [-113.50491971419245, 53.54717498367387], [-113.504739, 53.547176], [-113.50458532621276, 53.54717599642543], [-113.5038413140593, 53.547173999136625], [-113.50306836230409, 53.54717494341811], [-113.50307296395195, 53.54715630520196], [-113.5026140322253, 53.54722499187054], [-113.50212129907561, 53.5472269733614], [-113.50197388959513, 53.54722799516268], [-113.50134084915445, 53.54722597654426], [-113.501188, 53.547227], [-113.50099206374198, 53.54722696850741], [-113.50087122223295, 53.547225996142], [-113.50014616734211, 53.547223969324264], [-113.49937565526166, 53.547217923800815], [-113.4992930153537, 53.54721690221005], [-113.499155666956, 53.54721496527958], [-113.49855545330361, 53.54720996347633], [-113.49831668264612, 53.54720791132011], [-113.49742180594153, 53.54719597412243], [-113.49727802481085, 53.54719492829485], [-113.49661412622832, 53.54718696900138], [-113.49624741739615, 53.54717770329689], [-113.49598143072976, 53.54714146948059], [-113.4955077512285, 53.54712588373073], [-113.49504233326087, 53.54711876524865], [-113.49439690764702, 53.54710477753157], [-113.4939168606789, 53.54709463166079], [-113.492723, 53.546089], [-113.49272331235359, 53.54596000780885], [-113.49273034913493, 53.545678577510174], [-113.49273632856908, 53.54545236739928], [-113.49273799999999, 53.5454], [-113.49273799999999, 53.545304], [-113.49273799999999, 53.545228], [-113.49273799999999, 53.544991], [-113.49273799999999, 53.544949], [-113.49273799999999, 53.544808], [-113.49273799999999, 53.544507], [-113.49273799999999, 53.5445]]}}, {"type": "Feature", "properties": {"DAUID": "48112149", "mode": "car", "period": "weekend", "speed_factor": 1.0, "transit_mins": 55.0}, "geometry": {"type": "LineString", "coordinates": [[-113.61872, 53.508323], [-113.61874, 53.508295], [-113.619058, 53.508081], [-113.619666, 53.507915], [-113.619626, 53.507724], [-113.61959, 53.507557], [-113.61956, 53.507162], [-113.619555, 53.506656], [-113.619553, 53.506475], [-113.61955, 53.506125], [-113.619543, 53.505427], [-113.619538, 53.505093], [-113.619531, 53.504715], [-113.619541, 53.504646], [-113.619538, 53.504558], [-113.618703, 53.504573], [-113.617816, 53.504597], [-113.617495, 53.504599], [-113.61708, 53.504601], [-113.61661, 53.504605], [-113.615742, 53.504615], [-113.615615, 53.504613], [-113.615548, 53.504615], [-113.615354, 53.50461], [-113.615353, 53.504644], [-113.615353, 53.504715], [-113.615352, 53.505169], [-113.615358, 53.509561], [-113.615348, 53.509739], [-113.615303, 53.509992], [-113.615196, 53.510288], [-113.615045, 53.510553], [-113.614752, 53.510997], [-113.614576, 53.511125], [-113.614498, 53.5112], [-113.614362, 53.511306], [-113.614156, 53.511422], [-113.613903, 53.511524], [-113.613381, 53.511641], [-113.613135, 53.511718], [-113.612383, 53.511803], [-113.611632, 53.511872], [-113.611274, 53.511895], [-113.610915, 53.511912], [-113.610276, 53.511924], [-113.609637, 53.511928], [-113.607464, 53.511939], [-113.606708, 53.512016], [-113.603745, 53.511999], [-113.602765, 53.511993], [-113.602025, 53.511901], [-113.601875, 53.511891], [-113.601182, 53.511868], [-113.600349, 53.511828], [-113.599456, 53.511752], [-113.598215, 53.511554], [-113.597455, 53.511446], [-113.596973, 53.511423], [-113.596852, 53.511422], [-113.596643, 53.511424], [-113.596629, 53.51156], [-113.596629, 53.511779], [-113.59663, 53.511863], [-113.59663, 53.512223], [-113.596631, 53.512345], [-113.596633, 53.512401], [-113.596644, 53.512553], [-113.596648, 53.512656], [-113.596656, 53.512904], [-113.596714, 53.51311], [-113.596712, 53.515174], [-113.596708, 53.516836], [-113.596709, 53.518032], [-113.596628, 53.518179], [-113.59661, 53.518645], [-113.596596, 53.518904], [-113.59655, 53.51923], [-113.596527, 53.519396], [-113.596418, 53.519397], [-113.596267, 53.519401], [-113.595895, 53.519421], [-113.595712, 53.519431], [-113.595524, 53.519437], [-113.595125, 53.519436], [-113.59379, 53.519436], [-113.592582, 53.519426], [-113.592399, 53.519425], [-113.591708, 53.519422], [-113.591566, 53.519421], [-113.590588, 53.519412], [-113.590339, 53.51941], [-113.590166, 53.519409], [-113.589525, 53.519404], [-113.588758, 53.519402], [-113.588572, 53.519403], [-113.586441, 53.519416], [-113.58505, 53.519413], [-113.584921, 53.519413], [-113.582427, 53.519412], [-113.580778, 53.519409], [-113.57976, 53.51941], [-113.57918, 53.519392], [-113.578539, 53.519356], [-113.578048, 53.519343], [-113.577859, 53.519385], [-113.577044, 53.519376], [-113.576954, 53.519375], [-113.574872, 53.519361], [-113.570292, 53.519364], [-113.567996, 53.519364], [-113.567641, 53.519364], [-113.566952, 53.519365], [-113.566846, 53.519365], [-113.56674, 53.519359], [-113.566636, 53.519346], [-113.566535, 53.519327], [-113.566437, 53.519301], [-113.566351, 53.519272], [-113.56627, 53.519239], [-113.566194, 53.519201], [-113.566126, 53.519158], [-113.566014, 53.519092], [-113.565948, 53.519072], [-113.565878, 53.519056], [-113.565805, 53.519047], [-113.565731, 53.519044], [-113.565656, 53.519046], [-113.565572, 53.519056], [-113.565492, 53.519074], [-113.565417, 53.5191], [-113.565345, 53.519132], [-113.565238, 53.519194], [-113.565206, 53.519236], [-113.565183, 53.519281], [-113.56517, 53.519326], [-113.565167, 53.519372], [-113.565175, 53.519421], [-113.565194, 53.519469], [-113.565224, 53.519514], [-113.565264, 53.519557], [-113.565387, 53.519632], [-113.565459, 53.519681], [-113.565524, 53.519733], [-113.56558, 53.51979], [-113.565636, 53.519863], [-113.565678, 53.519939], [-113.565705, 53.520018], [-113.565716, 53.520098], [-113.565713, 53.520671], [-113.565721, 53.521202], [-113.56572, 53.521271], [-113.565729, 53.522238], [-113.565728, 53.522302], [-113.565731, 53.524873], [-113.565738, 53.52541], [-113.565732, 53.525918], [-113.565718, 53.526249], [-113.565662, 53.527949], [-113.56566, 53.528014], [-113.565655, 53.528117], [-113.565639, 53.528538], [-113.56561, 53.529374], [-113.565605, 53.529639], [-113.565597, 53.530003], [-113.565579, 53.53151], [-113.56558, 53.53197], [-113.565581, 53.533561], [-113.565581, 53.533648], [-113.565585, 53.534335], [-113.56558, 53.534522], [-113.565585, 53.536073], [-113.565585, 53.536132], [-113.565595, 53.537559], [-113.565548, 53.537933], [-113.565548, 53.538043], [-113.565595, 53.53929], [-113.565593, 53.53946], [-113.565605, 53.539712], [-113.565608, 53.539959], [-113.565605, 53.540368], [-113.565601, 53.540811], [-113.565603, 53.541243], [-113.565599, 53.541676], [-113.565605, 53.542099], [-113.56561, 53.542499], [-113.565559, 53.542611], [-113.565415, 53.542736], [-113.565279, 53.542801], [-113.565207, 53.542822], [-113.565097, 53.54288], [-113.564757, 53.542892], [-113.563049, 53.542957], [-113.562622, 53.542951], [-113.562234, 53.54296], [-113.562086, 53.543038], [-113.561974, 53.543105], [-113.561803, 53.543197], [-113.56162, 53.543331], [-113.561504, 53.543417], [-113.561376, 53.54349], [-113.56124, 53.543556], [-113.560908, 53.543634], [-113.55982, 53.543871], [-113.55971, 53.543897], [-113.558873, 53.544082], [-113.558023, 53.544275], [-113.556345, 53.544658], [-113.55622, 53.544686], [-113.555178, 53.544919], [-113.554928, 53.544979], [-113.554653, 53.545055], [-113.553737, 53.545359], [-113.553317, 53.545497], [-113.553089, 53.545567], [-113.552959, 53.545611], [-113.552637, 53.545711], [-113.552296, 53.545821], [-113.552205, 53.545849], [-113.552124, 53.545872], [-113.551974, 53.545907], [-113.551841, 53.545942], [-113.55168, 53.545986], [-113.551287, 53.546113], [-113.549599, 53.546655], [-113.548988, 53.546862], [-113.548887, 53.546901], [-113.548801, 53.546935], [-113.548607, 53.547014], [-113.548474, 53.547062], [-113.548335, 53.547109], [-113.547921, 53.547243], [-113.547412, 53.547406], [-113.546815, 53.547591], [-113.546603, 53.547646], [-113.546306, 53.547703], [-113.545749, 53.547807], [-113.545388, 53.547853], [-113.545101, 53.54788], [-113.544822, 53.54789], [-113.544573, 53.54788], [-113.543757, 53.547821], [-113.5434, 53.547836], [-113.542903, 53.547771], [-113.542231, 53.547691], [-113.542002, 53.547663], [-113.541295, 53.54758], [-113.541171, 53.547563], [-113.541065, 53.547549], [-113.54054, 53.547484], [-113.540339, 53.547459], [-113.539459, 53.547349], [-113.538566, 53.547235], [-113.537687, 53.547129], [-113.537616, 53.547114], [-113.536769, 53.547011], [-113.536101, 53.546925], [-113.535922, 53.546903], [-113.535732, 53.54688], [-113.535016, 53.546792], [-113.534138, 53.54668], [-113.533264, 53.546571], [-113.533151, 53.546557], [-113.532693, 53.5465], [-113.532527, 53.546479], [-113.532392, 53.546463], [-113.531046, 53.546275], [-113.530852, 53.546256], [-113.530649, 53.546236], [-113.530503, 53.546226], [-113.530298, 53.546181], [-113.529715, 53.546172], [-113.528807, 53.546158], [-113.528678, 53.546156], [-113.528546, 53.546157], [-113.527735, 53.546158], [-113.527532, 53.546157], [-113.526785, 53.546159], [-113.525117, 53.546162], [-113.524989, 53.546162], [-113.524825, 53.546161], [-113.524091, 53.546158], [-113.523146, 53.546153], [-113.522433, 53.546149], [-113.522089, 53.546148], [-113.521755, 53.546147], [-113.521515, 53.546145], [-113.521318, 53.546144], [-113.521133, 53.546144], [-113.520928, 53.546144], [-113.519925, 53.546145], [-113.51916, 53.546146], [-113.517789, 53.546148], [-113.517624, 53.546148], [-113.517488, 53.546148], [-113.5162, 53.54615], [-113.515465, 53.546151], [-113.514674, 53.546152], [-113.514535, 53.54615], [-113.514069, 53.546147], [-113.51393, 53.546147], [-113.513786, 53.546147], [-113.513512, 53.546148], [-113.513314, 53.546147], [-113.512187, 53.546149], [-113.511918, 53.546148], [-113.510424, 53.546166], [-113.51025, 53.546164], [-113.510079, 53.546167], [-113.5098, 53.546174], [-113.508796, 53.546171], [-113.508705, 53.546171], [-113.508531, 53.54617], [-113.50836, 53.54617], [-113.5082, 53.546171], [-113.507508, 53.546171], [-113.5066, 53.546173], [-113.506453, 53.546173], [-113.505906, 53.546173], [-113.505638, 53.546173], [-113.504914, 53.546175], [-113.504739, 53.546176], [-113.504588, 53.546176], [-113.50384, 53.546174], [-113.503079, 53.546175], [-113.502891, 53.546173], [-113.50261, 53.546225], [-113.502114, 53.546227], [-113.501977, 53.546228], [-113.501334, 53.546226], [-113.501188, 53.546227], [-113.501, 53.546227], [-113.500874, 53.546226], [-113.500154, 53.546224], [-113.499388, 53.546218], [-113.499307, 53.546217], [-113.499164, 53.546215], [-113.498564, 53.54621], [-113.49833, 53.546208], [-113.497429, 53.546196], [-113.49729, 53.546195], [-113.496622, 53.546187], [-113.496368, 53.546185], [-113.496014, 53.546142], [-113.495523, 53.546126], [-113.495064, 53.546119], [-113.494418, 53.546105], [-113.493944, 53.546095], [-113.493723, 53.546089], [-113.493723, 53.545985], [-113.49373, 53.545705], [-113.493736, 53.545478], [-113.493738, 53.5454], [-113.493738, 53.545304], [-113.493738, 53.545228], [-113.493738, 53.544991], [-113.493738, 53.544949], [-113.493738, 53.544808], [-113.493738, 53.544507], [-113.493738, 53.5445]]}}, {"type": "Feature", "properties": {"DAUID": "48112149", "mode": "transit", "period": "weekend", "speed_factor": 0.4, "transit_mins": 55.0}, "geometry": {"type": "LineString", "coordinates": [[-113.61790626652888, 53.50774176180616], [-113.61818169269084, 53.507465365774245], [-113.61879461409235, 53.50711630944669], [-113.61868723327773, 53.508119977324036], [-113.61864845530697, 53.50793472819726], [-113.61859287173534, 53.50763273126059], [-113.61856004881768, 53.50717188094054], [-113.61855506104261, 53.506667049049305], [-113.61855303673266, 53.5064835711137], [-113.61855005028316, 53.50613502814903], [-113.61854311203251, 53.505441968382705], [-113.61853817142368, 53.50511151534403], [-113.618541339401, 53.504571570927624], [-113.61854158058902, 53.5046800711162], [-113.61955596117399, 53.50555783868511], [-113.6187300475981, 53.505572634146795], [-113.61782223040868, 53.50559698059081], [-113.61749981922115, 53.50559898838748], [-113.61708851033009, 53.505600963786485], [-113.61662151997284, 53.50560493364291], [-113.61572625392088, 53.50561487602281], [-113.61564483745568, 53.505612554764], [-113.61552223535988, 53.505614668036564], [-113.61635356775446, 53.50463939905153], [-113.616353, 53.504644], [-113.61635299757418, 53.50471720263782], [-113.61635199906686, 53.50516763388106], [-113.61635642564215, 53.509617091328224], [-113.61633254760142, 53.50991411716232], [-113.61624344107473, 53.51033195673984], [-113.61606484778905, 53.51078307930623], [-113.61587964397407, 53.51110378982974], [-113.61534017169767, 53.511805736084305], [-113.61526910871625, 53.511845833064896], [-113.61511274329868, 53.511988727251165], [-113.61485266283525, 53.512177349517756], [-113.6145299174772, 53.51234946197779], [-113.6141217114569, 53.51249978957702], [-113.61367971674777, 53.51259534181749], [-113.61324731670098, 53.51271167246046], [-113.61247449214389, 53.51279880579814], [-113.61169611363104, 53.512869942604716], [-113.61132130075704, 53.51289388069277], [-113.6109337760322, 53.512911823714774], [-113.61028225965826, 53.51292398040815], [-113.60964206206124, 53.51292798718768], [-113.6075653276316, 53.5129338531103], [-113.60670226266615, 53.513015983541365], [-113.60373887766576, 53.51299898125834], [-113.60264162549092, 53.51298536018184], [-113.60195848098945, 53.51289878515786], [-113.60184182923079, 53.51289044969862], [-113.60113403605916, 53.51286684906787], [-113.60026420016959, 53.512824398007204], [-113.59929844400416, 53.51273951005472], [-113.59807430819522, 53.51254405344101], [-113.59740733639165, 53.51244486344434], [-113.59696473581944, 53.51242296585108], [-113.59686156893984, 53.51242195421665], [-113.59763774329889, 53.51152640004552], [-113.597629, 53.51156], [-113.59762892914584, 53.511767096081456], [-113.59763000000001, 53.511863], [-113.59762996640858, 53.512214803554045], [-113.59763036285435, 53.512309308469575], [-113.59763039164669, 53.51232882034135], [-113.59764324677515, 53.51251419429995], [-113.59764748011435, 53.51262375870601], [-113.59761857478583, 53.51263298379811], [-113.59771399953053, 53.513110968991796], [-113.59771199710381, 53.5151764067319], [-113.59770799965045, 53.51683516387989], [-113.59758483825661, 53.51851460475367], [-113.59762725482628, 53.5182175978259], [-113.59760854227328, 53.51869897525799], [-113.59758619102404, 53.51904372020588], [-113.5975405373908, 53.51936724313246], [-113.59653617392583, 53.52039595791866], [-113.59644448077678, 53.52039664932274], [-113.59632068590709, 53.520399557871826], [-113.59594956340477, 53.52041951030784], [-113.59574389865243, 53.5204304911085], [-113.5955214937422, 53.52043699685933], [-113.595125, 53.520436], [-113.59378172213793, 53.52043596573791], [-113.59257653560068, 53.52042598507006], [-113.5923946585069, 53.52042499057567], [-113.5917009579211, 53.52042197520425], [-113.59155679793564, 53.52042095766011], [-113.59057996813056, 53.52041196774402], [-113.59033321974977, 53.520409983294215], [-113.59015819992527, 53.52040896957896], [-113.58952239244692, 53.52040399660033], [-113.58876337626637, 53.52040198554778], [-113.58857810030882, 53.52040298139294], [-113.58643884328323, 53.520415997674284], [-113.58505, 53.520413], [-113.58492059903772, 53.520412999919614], [-113.58242518071859, 53.52041199834511], [-113.5807789823178, 53.52040899951753], [-113.57972898045172, 53.520409518778024], [-113.57912392611794, 53.52039042662212], [-113.57851253269688, 53.52035564967957], [-113.57826493045782, 53.52031918706018], [-113.57784795772848, 53.52038493903226], [-113.57703288957465, 53.52037593827732], [-113.57694727584847, 53.520374977392635], [-113.5748726550217, 53.520360999785474], [-113.570292, 53.520364], [-113.567996, 53.520364], [-113.56764245137727, 53.520363998946756], [-113.566952, 53.520365], [-113.56678948668798, 53.520363401845735], [-113.56661596526537, 53.52035127787671], [-113.56645112400712, 53.52032876185684], [-113.56627856530102, 53.52029356155787], [-113.5661174686569, 53.52024857570715], [-113.56597370311265, 53.520198092359756], [-113.56582278640457, 53.520133427191034], [-113.56565953945264, 53.52004619342362], [-113.56561830769233, 53.52001953846155], [-113.56572399260467, 53.52004902440442], [-113.5657251751985, 53.520046858506575], [-113.56575563875792, 53.52004848563034], [-113.56576449273336, 53.520046179243856], [-113.56575765719026, 53.520043644633965], [-113.56577421288974, 53.5200389882742], [-113.56579151219518, 53.52003160975608], [-113.56581954321543, 53.520018836198524], [-113.565823138466, 53.520013811548644], [-113.56584635499391, 53.51999724168304], [-113.56603343172011, 53.51980004321514], [-113.56609643468221, 53.51969111105977], [-113.56614371418279, 53.51955853965301], [-113.56616788010597, 53.519391079137186], [-113.5661539328808, 53.519210868101226], [-113.56610480661301, 53.519052951548844], [-113.56602605029438, 53.51891429980384], [-113.56595618673816, 53.51883289605752], [-113.56578460742428, 53.51870320382421], [-113.56594962404327, 53.51880528712002], [-113.56608369504764, 53.51890013119061], [-113.5662373364315, 53.51903217824271], [-113.5663734313913, 53.51918134030256], [-113.5665112415354, 53.519379313888244], [-113.56662426047966, 53.51961559451975], [-113.56669567883984, 53.51988178165951], [-113.56671598629451, 53.52010323553032], [-113.56671288652845, 53.52065593579619], [-113.56672089499658, 53.521216491231804], [-113.56671995669143, 53.521261693267604], [-113.56672887795203, 53.522253623093185], [-113.56672799931921, 53.52230083313965], [-113.56673091505024, 53.52485996572561], [-113.56673793025715, 53.52542181019989], [-113.56673110671947, 53.525960258290226], [-113.56671745788061, 53.52628192331842], [-113.56666152696307, 53.527979754675926], [-113.56665882383342, 53.52806248659373], [-113.56665427860085, 53.528154977334005], [-113.56663839887926, 53.528572668142935], [-113.56660982204824, 53.52939286456695], [-113.56660475857073, 53.52966097271587], [-113.56659692867495, 53.53001494340819], [-113.56657899763707, 53.531507826092096], [-113.56657999980247, 53.53196937146461], [-113.566581, 53.533561], [-113.56658098305016, 53.53364217768238], [-113.56658464273208, 53.534361728415305], [-113.56657999480383, 53.53451877629013], [-113.566585, 53.536073], [-113.56658497544691, 53.536124992463584], [-113.5665871960332, 53.53768368773678], [-113.56654800000001, 53.537933], [-113.5665472904706, 53.538005336285394], [-113.56659493080303, 53.53930176389177], [-113.56659186813773, 53.53941243485059], [-113.56660492624856, 53.539699855146814], [-113.56660797310023, 53.539966334766], [-113.56660495923796, 53.540377028977325], [-113.56660098928344, 53.54080637041999], [-113.56660295733356, 53.54125223748112], [-113.56659889941662, 53.541661817029556], [-113.56660492188416, 53.542086500976446], [-113.56652008799125, 53.54291341506754], [-113.56621452929348, 53.54336616974607], [-113.56584622073532, 53.543638246461576], [-113.56555900000004, 53.54376099999999], [-113.56567340916203, 53.543706569100515], [-113.56513227215568, 53.54387937774391], [-113.56479502867806, 53.5438912766482], [-113.56303494986476, 53.54395690129198], [-113.56264518963854, 53.54395073108417], [-113.5627002390767, 53.54384465876097], [-113.56259936851467, 53.54389616826331], [-113.56244779268884, 53.54398563641079], [-113.56239379010472, 53.544003825292215], [-113.5622155587272, 53.54413431177164], [-113.56199940791845, 53.54428566045976], [-113.56181259808639, 53.544389656662815], [-113.56146871245139, 53.54452949402391], [-113.56112083974959, 53.54461108712047], [-113.5600500254539, 53.544844184612785], [-113.55992581862819, 53.54487343346918], [-113.55909442275009, 53.54505717791492], [-113.55824552504811, 53.54524992697314], [-113.55656358329774, 53.5456338182935], [-113.55643821942151, 53.54566189973054], [-113.55541137295248, 53.54589138730198], [-113.55519437822592, 53.545942868580646], [-113.55496798413598, 53.54600409693608], [-113.55404915328897, 53.54630903174904], [-113.5536104965335, 53.54645296013768], [-113.55340959617433, 53.546514215969566], [-113.55325558578161, 53.546566006216814], [-113.55294400277992, 53.54666270861776], [-113.55259008584885, 53.54677677900872], [-113.55247815220996, 53.54681097082606], [-113.55235122961558, 53.54684584120975], [-113.55222849329925, 53.54687407453727], [-113.55210462433936, 53.54690662542351], [-113.55198749794087, 53.54693754874618], [-113.55159271703191, 53.54706512241671], [-113.54991987431917, 53.54760212178272], [-113.5493482166214, 53.54779486868618], [-113.54925465888937, 53.54783096072017], [-113.54917814523786, 53.5478611541284], [-113.54894647066753, 53.5479546166413], [-113.54879431394261, 53.54800931144729], [-113.54864294265516, 53.548060404919646], [-113.54822597938913, 53.54819535895135], [-113.54770799659012, 53.54836118899629], [-113.54706612060967, 53.54855895580446], [-113.54679147944994, 53.54862807713391], [-113.54648954259046, 53.54868601175857], [-113.54587540177265, 53.54879897912875], [-113.54548166308938, 53.54884860395022], [-113.54513681929332, 53.54887935828321], [-113.54478187170538, 53.548889194535604], [-113.5445008843379, 53.54887739627595], [-113.54379897976726, 53.548820118461016], [-113.54327031965713, 53.54882755585252], [-113.54278478711021, 53.548763988274196], [-113.54210963311758, 53.548683607717], [-113.54188540327397, 53.548656179341044], [-113.54115917374642, 53.548570732672744], [-113.54104006163075, 53.54855439051007], [-113.5409421286299, 53.54854142260474], [-113.54041657292964, 53.54847635364578], [-113.5402149652654, 53.548451277876715], [-113.53933236811324, 53.5483409497796], [-113.53844627581087, 53.54822780719102], [-113.53748029507157, 53.54810740332816], [-113.53749528363039, 53.54810668703936], [-113.53664131133274, 53.548002814299274], [-113.53597901286594, 53.54791753168168], [-113.53580182467512, 53.54789575268385], [-113.53561001286593, 53.547872531681676], [-113.53488946272489, 53.547783961853106], [-113.53401424474585, 53.5476723127718], [-113.53314104625107, 53.54756341240199], [-113.53302749862262, 53.54754934440079], [-113.53256749427229, 53.547492092895006], [-113.53240930520711, 53.547472049815326], [-113.53225366969083, 53.547453386149726], [-113.53094852820891, 53.54727023828802], [-113.53075395253795, 53.547251181739774], [-113.53058066694757, 53.54723366256517], [-113.53028859270515, 53.54720274434317], [-113.53028256444635, 53.547180880864744], [-113.52969958333018, 53.54717188115608], [-113.52879149798707, 53.547157879836575], [-113.52868557554017, 53.54715597130519], [-113.52854723304469, 53.5471569992398], [-113.52773007395142, 53.547157987866946], [-113.52753467736657, 53.54715699641585], [-113.52678679855825, 53.5471589983826], [-113.525117, 53.547162], [-113.52498290255235, 53.5471619814104], [-113.52482091284068, 53.54716099164753], [-113.52408570906877, 53.54715798600292], [-113.5231403899901, 53.54715298426377], [-113.52243009303555, 53.54714899577477], [-113.52208600600143, 53.54714799551798], [-113.52174666695602, 53.54714696527959], [-113.52150992392323, 53.547144987116646], [-113.521318, 53.547143999999996], [-113.521133, 53.547143999999996], [-113.52092899700848, 53.547143999502985], [-113.51992630718843, 53.54714499914563], [-113.51916145878765, 53.54714599893597], [-113.517789, 53.547148], [-113.517624, 53.547148], [-113.51748955279315, 53.547147998794415], [-113.51620136054296, 53.547149999074456], [-113.5154662642215, 53.54715099920087], [-113.51465961299996, 53.54715189650176], [-113.51452856236516, 53.54714997927821], [-113.514069, 53.547146999999995], [-113.51393, 53.547146999999995], [-113.51378964961074, 53.54714699334015], [-113.51350694955934, 53.54714798724645], [-113.5133157746201, 53.54714699842536], [-113.51218328255358, 53.547148993090275], [-113.5119300473184, 53.547147927428426], [-113.51041250650634, 53.54716593394762], [-113.51026754116039, 53.547163846142006], [-113.51010408171267, 53.547166685404356], [-113.50979701196553, 53.547173995535815], [-113.508796, 53.547171], [-113.50869925296846, 53.54717098348568], [-113.508531, 53.547169999999994], [-113.50836624987795, 53.54716998046932], [-113.5082, 53.547171], [-113.50751020263783, 53.54717099757419], [-113.5066, 53.547173], [-113.506453, 53.547173], [-113.505906, 53.547173], [-113.5056407624204, 53.547172996184514], [-113.50491971419245, 53.54717498367387], [-113.504739, 53.547176], [-113.50458532621276, 53.54717599642543], [-113.5038413140593, 53.547173999136625], [-113.50306836230409, 53.54717494341811], [-113.50307296395195, 53.54715630520196], [-113.5026140322253, 53.54722499187054], [-113.50212129907561, 53.5472269733614], [-113.50197388959513, 53.54722799516268], [-113.50134084915445, 53.54722597654426], [-113.501188, 53.547227], [-113.50099206374198, 53.54722696850741], [-113.50087122223295, 53.547225996142], [-113.50014616734211, 53.547223969324264], [-113.49937565526166, 53.547217923800815], [-113.4992930153537, 53.54721690221005], [-113.499155666956, 53.54721496527958], [-113.49855545330361, 53.54720996347633], [-113.49831668264612, 53.54720791132011], [-113.49742180594153, 53.54719597412243], [-113.49727802481085, 53.54719492829485], [-113.49661412622832, 53.54718696900138], [-113.49624741739615, 53.54717770329689], [-113.49598143072976, 53.54714146948059], [-113.4955077512285, 53.54712588373073], [-113.49504233326087, 53.54711876524865], [-113.49439690764702, 53.54710477753157], [-113.4939168606789, 53.54709463166079], [-113.492723, 53.546089], [-113.49272331235359, 53.54596000780885], [-113.49273034913493, 53.545678577510174], [-113.49273632856908, 53.54545236739928], [-113.49273799999999, 53.5454], [-113.49273799999999, 53.545304], [-113.49273799999999, 53.545228], [-113.49273799999999, 53.544991], [-113.49273799999999, 53.544949], [-113.49273799999999, 53.544808], [-113.49273799999999, 53.544507], [-113.49273799999999, 53.5445]]}}]}