{"type": "FeatureCollection", "features": [{"type": "Feature", "properties": {"DAUID": "48110083", "accessible_jobs": 3262}, "geometry": {"type": "Polygon", "coordinates": [[[-113.380031, 53.568045], [-113.380831, 53.5689687604307], [-113.382431, 53.5689687604307], [-113.383231, 53.568045], [-113.382431, 53.567121239569296], [-113.380831, 53.567121239569296], [-113.380031, 53.568045]]]}}, {"type": "Feature", "properties": {"DAUID": "48110084", "accessible_jobs": 4552}, "geometry": {"type": "Polygon", "coordinates": [[[-113.39114330000001, 53.57440515], [-113.39194330000001, 53.5753289104307], [-113.3935433, 53.5753289104307], [-113.3943433, 53.57440515], [-113.3935433, 53.573481389569295], [-113.39194330000001, 53.573481389569295], [-113.39114330000001, 53.57440515]]]}}, {"type": "Feature", "properties": {"DAUID": "48110085", "accessible_jobs": 5775}, "geometry": {"type": "Polygon", "coordinates": [[[-113.38875744666667, 53.571504619], [-113.38955744666667, 53.572428379430704], [-113.39115744666667, 53.572428379430704], [-113.39195744666667, 53.571504619], [-113.39115744666667, 53.5705808585693], [-113.38955744666667, 53.5705808585693], [-113.38875744666667, 53.571504619]]]}}, {"type": "Feature", "properties": {"DAUID": "48110086", "accessible_jobs": 6141}, "geometry": {"type": "Polygon", "coordinates": [[[-113.39378543571429, 53.570859462142856], [-113.39458543571429, 53.57178322257356], [-113.39618543571429, 53.57178322257356], [-113.39698543571429, 53.570859462142856], [-113.39618543571429, 53.569935701712154], [-113.39458543571429, 53.569935701712154], [-113.39378543571429, 53.570859462142856]]]}}, {"type": "Feature", "properties": {"DAUID": "48110091", "accessible_jobs": 5543}, "geometry": {"type": "Polygon", "coordinates": [[[-113.409936275, 53.575303955], [-113.410736275, 53.576227715430704], [-113.412336275, 53.576227715430704], [-113.413136275, 53.575303955], [-113.412336275, 53.5743801945693], [-113.410736275, 53.5743801945693], [-113.409936275, 53.575303955]]]}}, {"type": "Feature", "properties": {"DAUID": "48110092", "accessible_jobs": 6820}, "geometry": {"type": "Polygon", "coordinates": [[[-113.40844832580646, 53.57048577548387], [-113.40924832580646, 53.57140953591457], [-113.41084832580646, 53.57140953591457], [-113.41164832580645, 53.57048577548387], [-113.41084832580646, 53.569562015053165], [-113.40924832580646, 53.569562015053165], [-113.40844832580646, 53.57048577548387]]]}}, {"type": "Feature", "properties": {"DAUID": "48110093", "accessible_jobs": 8540}, "geometry": {"type": "Polygon", "coordinates": [[[-113.413263325, 53.57081854875], [-113.414063325, 53.5717423091807], [-113.415663325, 53.5717423091807], [-113.416463325, 53.57081854875], [-113.415663325, 53.569894788319296], [-113.414063325, 53.569894788319296], [-113.413263325, 53.57081854875]]]}}, {"type": "Feature", "properties": {"DAUID": "48110096", "accessible_jobs": 22892}, "geometry": {"type": "Polygon", "coordinates": [[[-113.41950550000001, 53.57058775], [-113.42030550000001, 53.5715115104307], [-113.42190550000001, 53.5715115104307], [-113.4227055, 53.57058775], [-113.42190550000001, 53.5696639895693], [-113.42030550000001, 53.5696639895693], [-113.41950550000001, 53.57058775]]]}}, {"type": "Feature", "properties": {"DAUID": "48110097", "accessible_jobs": 18868}, "geometry": {"type": "Polygon", "coordinates": [[[-113.42267883636364, 53.573745018181825], [-113.42347883636364, 53.574668778612526], [-113.42507883636364, 53.574668778612526], [-113.42587883636364, 53.573745018181825], [-113.42507883636364, 53.57282125775112], [-113.42347883636364, 53.57282125775112], [-113.42267883636364, 53.573745018181825]]]}}, {"type": "Feature", "properties": {"DAUID": "48110098", "accessible_jobs": 31344}, "geometry": {"type": "Polygon", "coordinates": [[[-113.42629480000001, 53.57046703], [-113.4270948, 53.571390790430705], [-113.4286948, 53.571390790430705], [-113.4294948, 53.57046703], [-113.4286948, 53.5695432695693], [-113.4270948, 53.5695432695693], [-113.42629480000001, 53.57046703]]]}}, {"type": "Feature", "properties": {"DAUID": "48110099", "accessible_jobs": 81743}, "geometry": {"type": "Polygon", "coordinates": [[[-113.430082375, 53.57034412125], [-113.430882375, 53.571267881680704], [-113.43248237499999, 53.571267881680704], [-113.43328237499999, 53.57034412125], [-113.43248237499999, 53.5694203608193], [-113.430882375, 53.5694203608193], [-113.430082375, 53.57034412125]]]}}, {"type": "Feature", "properties": {"DAUID": "48110100", "accessible_jobs": 30201}, "geometry": {"type": "Polygon", "coordinates": [[[-113.434206175, 53.56999089875], [-113.435006175, 53.5709146591807], [-113.436606175, 53.5709146591807], [-113.43740617499999, 53.56999089875], [-113.436606175, 53.5690671383193], [-113.435006175, 53.5690671383193], [-113.434206175, 53.56999089875]]]}}, {"type": "Feature", "properties": {"DAUID": "48110101", "accessible_jobs": 28698}, "geometry": {"type": "Polygon", "coordinates": [[[-113.435963745, 53.564826614000005], [-113.436763745, 53.565750374430706], [-113.43836374499999, 53.565750374430706], [-113.43916374499999, 53.564826614000005], [-113.43836374499999, 53.5639028535693], [-113.436763745, 53.5639028535693], [-113.435963745, 53.564826614000005]]]}}, {"type": "Feature", "properties": {"DAUID": "48110102", "accessible_jobs": 49783}, "geometry": {"type": "Polygon", "coordinates": [[[-113.44054845666668, 53.57108321233333], [-113.44134845666667, 53.57200697276403], [-113.44294845666667, 53.57200697276403], [-113.44374845666667, 53.57108321233333], [-113.44294845666667, 53.570159451902626], [-113.44134845666667, 53.570159451902626], [-113.44054845666668, 53.57108321233333]]]}}, {"type": "Feature", "properties": {"DAUID": "48110103", "accessible_jobs": 29065}, "geometry": {"type": "Polygon", "coordinates": [[[-113.44413442105264, 53.56966046105263], [-113.44493442105264, 53.57058422148333], [-113.44653442105263, 53.57058422148333], [-113.44733442105263, 53.56966046105263], [-113.44653442105263, 53.568736700621926], [-113.44493442105264, 53.568736700621926], [-113.44413442105264, 53.56966046105263]]]}}, {"type": "Feature", "properties": {"DAUID": "48110104", "accessible_jobs": 85736}, "geometry": {"type": "Polygon", "coordinates": [[[-113.45046945882353, 53.571697209999996], [-113.45126945882353, 53.5726209704307], [-113.45286945882353, 53.5726209704307], [-113.45366945882353, 53.571697209999996], [-113.45286945882353, 53.570773449569295], [-113.45126945882353, 53.570773449569295], [-113.45046945882353, 53.571697209999996]]]}}, {"type": "Feature", "properties": {"DAUID": "48110105", "accessible_jobs": 8908}, "geometry": {"type": "Polygon", "coordinates": [[[-113.4439489439394, 53.577560217727275], [-113.4447489439394, 53.578483978157976], [-113.4463489439394, 53.578483978157976], [-113.4471489439394, 53.577560217727275], [-113.4463489439394, 53.57663645729657], [-113.4447489439394, 53.57663645729657], [-113.4439489439394, 53.577560217727275]]]}}, {"type": "Feature", "properties": {"DAUID": "48110106", "accessible_jobs": 27572}, "geometry": {"type": "Polygon", "coordinates": [[[-113.45602998260871, 53.57604871695652], [-113.45682998260871, 53.57697247738722], [-113.4584299826087, 53.57697247738722], [-113.4592299826087, 53.57604871695652], [-113.4584299826087, 53.57512495652582], [-113.45682998260871, 53.57512495652582], [-113.45602998260871, 53.57604871695652]]]}}, {"type": "Feature", "properties": {"DAUID": "48110107", "accessible_jobs": 7974}, "geometry": {"type": "Polygon", "coordinates": [[[-113.45232196, 53.582531486], [-113.45312196, 53.5834552464307], [-113.45472196, 53.5834552464307], [-113.45552196, 53.582531486], [-113.45472196, 53.5816077255693], [-113.45312196, 53.5816077255693], [-113.45232196, 53.582531486]]]}}, {"type": "Feature", "properties": {"DAUID": "48110108", "accessible_jobs": 39355}, "geometry": {"type": "Polygon", "coordinates": [[[-113.46522592222222, 53.579194003333335], [-113.46602592222222, 53.58011776376404], [-113.46762592222221, 53.58011776376404], [-113.46842592222221, 53.579194003333335], [-113.46762592222221, 53.57827024290263], [-113.46602592222222, 53.57827024290263], [-113.46522592222222, 53.579194003333335]]]}}, {"type": "Feature", "properties": {"DAUID": "48110109", "accessible_jobs": 53120}, "geometry": {"type": "Polygon", "coordinates": [[[-113.464123875, 53.5750113675], [-113.464923875, 53.5759351279307], [-113.466523875, 53.5759351279307], [-113.46732387499999, 53.5750113675], [-113.466523875, 53.574087607069295], [-113.464923875, 53.574087607069295], [-113.464123875, 53.5750113675]]]}}, {"type": "Feature", "properties": {"DAUID": "48110111", "accessible_jobs": 78986}, "geometry": {"type": "Polygon", "coordinates": [[[-113.46725148846153, 53.571181942307696], [-113.46805148846153, 53.5721057027384], [-113.46965148846152, 53.5721057027384], [-113.47045148846152, 53.571181942307696], [-113.46965148846152, 53.570258181876994], [-113.46805148846153, 53.570258181876994], [-113.46725148846153, 53.571181942307696]]]}}, {"type": "Feature", "properties": {"DAUID": "48110112", "accessible_jobs": 57184}, "geometry": {"type": "Polygon", "coordinates": [[[-113.47268635714286, 53.571057072857144], [-113.47348635714286, 53.571980833287846], [-113.47508635714286, 53.571980833287846], [-113.47588635714285, 53.571057072857144], [-113.47508635714286, 53.57013331242644], [-113.47348635714286, 53.57013331242644], [-113.47268635714286, 53.571057072857144]]]}}, {"type": "Feature", "properties": {"DAUID": "48110113", "accessible_jobs": 65947}, "geometry": {"type": "Polygon", "coordinates": [[[-113.47662280434784, 53.570807699565215], [-113.47742280434784, 53.57173145999592], [-113.47902280434784, 53.57173145999592], [-113.47982280434783, 53.570807699565215], [-113.47902280434784, 53.56988393913451], [-113.47742280434784, 53.56988393913451], [-113.47662280434784, 53.570807699565215]]]}}, {"type": "Feature", "properties": {"DAUID": "48110114", "accessible_jobs": 84710}, "geometry": {"type": "Polygon", "coordinates": [[[-113.47985400000002, 53.570602713999996], [-113.48065400000002, 53.5715264744307], [-113.48225400000001, 53.5715264744307], [-113.48305400000001, 53.570602713999996], [-113.48225400000001, 53.569678953569294], [-113.48065400000002, 53.569678953569294], [-113.47985400000002, 53.570602713999996]]]}}, {"type": "Feature", "properties": {"DAUID": "48110115", "accessible_jobs": 102150}, "geometry": {"type": "Polygon", "coordinates": [[[-113.4817442903226, 53.57021835580645], [-113.4825442903226, 53.571142116237155], [-113.48414429032259, 53.571142116237155], [-113.48494429032259, 53.57021835580645], [-113.48414429032259, 53.56929459537575], [-113.4825442903226, 53.56929459537575], [-113.4817442903226, 53.57021835580645]]]}}, {"type": "Feature", "properties": {"DAUID": "48110116", "accessible_jobs": 62241}, "geometry": {"type": "Polygon", "coordinates": [[[-113.47564985000001, 53.57016492083333], [-113.47644985000001, 53.57108868126403], [-113.47804985, 53.57108868126403], [-113.47884985, 53.57016492083333], [-113.47804985, 53.569241160402626], [-113.47644985000001, 53.569241160402626], [-113.47564985000001, 53.57016492083333]]]}}, {"type": "Feature", "properties": {"DAUID": "48110117", "accessible_jobs": 49364}, "geometry": {"type": "Polygon", "coordinates": [[[-113.48035, 53.565309174999996], [-113.48115, 53.5662329354307], [-113.48275, 53.5662329354307], [-113.48355, 53.565309174999996], [-113.48275, 53.564385414569294], [-113.48115, 53.564385414569294], [-113.48035, 53.565309174999996]]]}}, {"type": "Feature", "properties": {"DAUID": "48110118", "accessible_jobs": 85118}, "geometry": {"type": "Polygon", "coordinates": [[[-113.4727719, 53.5659911], [-113.4735719, 53.5669148604307], [-113.47517189999999, 53.5669148604307], [-113.47597189999999, 53.5659911], [-113.47517189999999, 53.565067339569296], [-113.4735719, 53.565067339569296], [-113.4727719, 53.5659911]]]}}, {"type": "Feature", "properties": {"DAUID": "48110119", "accessible_jobs": 138387}, "geometry": {"type": "Polygon", "coordinates": [[[-113.47216325000001, 53.56165078833334], [-113.47296325, 53.56257454876404], [-113.47456325, 53.56257454876404], [-113.47536325, 53.56165078833334], [-113.47456325, 53.56072702790264], [-113.47296325, 53.56072702790264], [-113.47216325000001, 53.56165078833334]]]}}, {"type": "Feature", "properties": {"DAUID": "48110120", "accessible_jobs": 146972}, "geometry": {"type": "Polygon", "coordinates": [[[-113.46714200909092, 53.562824898181816], [-113.46794200909092, 53.56374865861252], [-113.46954200909092, 53.56374865861252], [-113.47034200909091, 53.562824898181816], [-113.46954200909092, 53.561901137751114], [-113.46794200909092, 53.561901137751114], [-113.46714200909092, 53.562824898181816]]]}}, {"type": "Feature", "properties": {"DAUID": "48110121", "accessible_jobs": 87714}, "geometry": {"type": "Polygon", "coordinates": [[[-113.46572726666666, 53.56591566], [-113.46652726666666, 53.5668394204307], [-113.46812726666666, 53.5668394204307], [-113.46892726666665, 53.56591566], [-113.46812726666666, 53.5649918995693], [-113.46652726666666, 53.5649918995693], [-113.46572726666666, 53.56591566]]]}}, {"type": "Feature", "properties": {"DAUID": "48110122", "accessible_jobs": 78297}, "geometry": {"type": "Polygon", "coordinates": [[[-113.47157136206897, 53.570235397241376], [-113.47237136206897, 53.57115915767208], [-113.47397136206897, 53.57115915767208], [-113.47477136206896, 53.570235397241376], [-113.47397136206897, 53.569311636810674], [-113.47237136206897, 53.569311636810674], [-113.47157136206897, 53.570235397241376]]]}}, {"type": "Feature", "properties": {"DAUID": "48110123", "accessible_jobs": 112430}, "geometry": {"type": "Polygon", "coordinates": [[[-113.46447683214286, 53.56924529964285], [-113.46527683214286, 53.57016906007355], [-113.46687683214286, 53.57016906007355], [-113.46767683214286, 53.56924529964285], [-113.46687683214286, 53.56832153921215], [-113.46527683214286, 53.56832153921215], [-113.46447683214286, 53.56924529964285]]]}}, {"type": "Feature", "properties": {"DAUID": "48110124", "accessible_jobs": 129281}, "geometry": {"type": "Polygon", "coordinates": [[[-113.46201603548387, 53.571311797096776], [-113.46281603548387, 53.57223555752748], [-113.46441603548386, 53.57223555752748], [-113.46521603548386, 53.571311797096776], [-113.46441603548386, 53.570388036666074], [-113.46281603548387, 53.570388036666074], [-113.46201603548387, 53.571311797096776]]]}}, {"type": "Feature", "properties": {"DAUID": "48110125", "accessible_jobs": 11741}, "geometry": {"type": "Polygon", "coordinates": [[[-113.45486432857143, 53.565214790000006], [-113.45566432857143, 53.56613855043071], [-113.45726432857143, 53.56613855043071], [-113.45806432857142, 53.565214790000006], [-113.45726432857143, 53.564291029569304], [-113.45566432857143, 53.564291029569304], [-113.45486432857143, 53.565214790000006]]]}}, {"type": "Feature", "properties": {"DAUID": "48110126", "accessible_jobs": 3023}, "geometry": {"type": "Polygon", "coordinates": [[[-113.45513800000002, 53.559563080000004], [-113.45593800000002, 53.560486840430706], [-113.45753800000001, 53.560486840430706], [-113.45833800000001, 53.559563080000004], [-113.45753800000001, 53.5586393195693], [-113.45593800000002, 53.5586393195693], [-113.45513800000002, 53.559563080000004]]]}}, {"type": "Feature", "properties": {"DAUID": "48110127", "accessible_jobs": 134234}, "geometry": {"type": "Polygon", "coordinates": [[[-113.46585484857144, 53.55961592857143], [-113.46665484857144, 53.560539689002134], [-113.46825484857143, 53.560539689002134], [-113.46905484857143, 53.55961592857143], [-113.46825484857143, 53.55869216814073], [-113.46665484857144, 53.55869216814073], [-113.46585484857144, 53.55961592857143]]]}}, {"type": "Feature", "properties": {"DAUID": "48110130", "accessible_jobs": 119099}, "geometry": {"type": "Polygon", "coordinates": [[[-113.47055545454546, 53.55563718454545], [-113.47135545454546, 53.556560944976155], [-113.47295545454546, 53.556560944976155], [-113.47375545454545, 53.55563718454545], [-113.47295545454546, 53.55471342411475], [-113.47135545454546, 53.55471342411475], [-113.47055545454546, 53.55563718454545]]]}}, {"type": "Feature", "properties": {"DAUID": "48110131", "accessible_jobs": 131408}, "geometry": {"type": "Polygon", "coordinates": [[[-113.47209485333335, 53.55228029733333], [-113.47289485333334, 53.553204057764034], [-113.47449485333334, 53.553204057764034], [-113.47529485333334, 53.55228029733333], [-113.47449485333334, 53.55135653690263], [-113.47289485333334, 53.55135653690263], [-113.47209485333335, 53.55228029733333]]]}}, {"type": "Feature", "properties": {"DAUID": "48110132", "accessible_jobs": 120303}, "geometry": {"type": "Polygon", "coordinates": [[[-113.47451799166667, 53.553861063333336], [-113.47531799166667, 53.55478482376404], [-113.47691799166667, 53.55478482376404], [-113.47771799166667, 53.553861063333336], [-113.47691799166667, 53.552937302902635], [-113.47531799166667, 53.552937302902635], [-113.47451799166667, 53.553861063333336]]]}}, {"type": "Feature", "properties": {"DAUID": "48110134", "accessible_jobs": 143977}, "geometry": {"type": "Polygon", "coordinates": [[[-113.47641579047618, 53.5499760604762], [-113.47721579047618, 53.5508998209069], [-113.47881579047618, 53.5508998209069], [-113.47961579047617, 53.5499760604762], [-113.47881579047618, 53.549052300045496], [-113.47721579047618, 53.549052300045496], [-113.47641579047618, 53.5499760604762]]]}}, {"type": "Feature", "properties": {"DAUID": "48110135", "accessible_jobs": 148515}, "geometry": {"type": "Polygon", "coordinates": [[[-113.4761307888889, 53.54710465111111], [-113.4769307888889, 53.548028411541814], [-113.47853078888889, 53.548028411541814], [-113.47933078888889, 53.54710465111111], [-113.47853078888889, 53.54618089068041], [-113.4769307888889, 53.54618089068041], [-113.4761307888889, 53.54710465111111]]]}}, {"type": "Feature", "properties": {"DAUID": "48110136", "accessible_jobs": 153007}, "geometry": {"type": "Polygon", "coordinates": [[[-113.47984672222223, 53.54810139222222], [-113.48064672222223, 53.54902515265292], [-113.48224672222223, 53.54902515265292], [-113.48304672222223, 53.54810139222222], [-113.48224672222223, 53.54717763179152], [-113.48064672222223, 53.54717763179152], [-113.47984672222223, 53.54810139222222]]]}}, {"type": "Feature", "properties": {"DAUID": "48110142", "accessible_jobs": 207867}, "geometry": {"type": "Polygon", "coordinates": [[[-113.49130375869565, 53.54457104021739], [-113.49210375869565, 53.54549480064809], [-113.49370375869564, 53.54549480064809], [-113.49450375869564, 53.54457104021739], [-113.49370375869564, 53.54364727978669], [-113.49210375869565, 53.54364727978669], [-113.49130375869565, 53.54457104021739]]]}}, {"type": "Feature", "properties": {"DAUID": "48110144", "accessible_jobs": 176611}, "geometry": {"type": "Polygon", "coordinates": [[[-113.4965974631579, 53.538148438947374], [-113.4973974631579, 53.539072199378076], [-113.49899746315789, 53.539072199378076], [-113.49979746315789, 53.538148438947374], [-113.49899746315789, 53.53722467851667], [-113.4973974631579, 53.53722467851667], [-113.4965974631579, 53.538148438947374]]]}}, {"type": "Feature", "properties": {"DAUID": "48110145", "accessible_jobs": 172267}, "geometry": {"type": "Polygon", "coordinates": [[[-113.49963201379312, 53.537969210344826], [-113.50043201379312, 53.53889297077553], [-113.50203201379311, 53.53889297077553], [-113.50283201379311, 53.537969210344826], [-113.50203201379311, 53.537045449914125], [-113.50043201379312, 53.537045449914125], [-113.49963201379312, 53.537969210344826]]]}}, {"type": "Feature", "properties": {"DAUID": "48110146", "accessible_jobs": 165822}, "geometry": {"type": "Polygon", "coordinates": [[[-113.49676577272727, 53.53503379272727], [-113.49756577272727, 53.53595755315797], [-113.49916577272727, 53.53595755315797], [-113.49996577272726, 53.53503379272727], [-113.49916577272727, 53.53411003229657], [-113.49756577272727, 53.53411003229657], [-113.49676577272727, 53.53503379272727]]]}}, {"type": "Feature", "properties": {"DAUID": "48110149", "accessible_jobs": 142212}, "geometry": {"type": "Polygon", "coordinates": [[[-113.49582475, 53.530837145], [-113.49662475, 53.5317609054307], [-113.49822474999999, 53.5317609054307], [-113.49902474999999, 53.530837145], [-113.49822474999999, 53.5299133845693], [-113.49662475, 53.5299133845693], [-113.49582475, 53.530837145]]]}}, {"type": "Feature", "properties": {"DAUID": "48110150", "accessible_jobs": 158290}, "geometry": {"type": "Polygon", "coordinates": [[[-113.50053093125001, 53.5349390328125], [-113.50133093125001, 53.535862793243204], [-113.50293093125, 53.535862793243204], [-113.50373093125, 53.5349390328125], [-113.50293093125, 53.5340152723818], [-113.50133093125001, 53.5340152723818], [-113.50053093125001, 53.5349390328125]]]}}, {"type": "Feature", "properties": {"DAUID": "48110153", "accessible_jobs": 180076}, "geometry": {"type": "Polygon", "coordinates": [[[-113.50875226470589, 53.54018790784314], [-113.50955226470589, 53.54111166827384], [-113.51115226470588, 53.54111166827384], [-113.51195226470588, 53.54018790784314], [-113.51115226470588, 53.53926414741244], [-113.50955226470589, 53.53926414741244], [-113.50875226470589, 53.54018790784314]]]}}, {"type": "Feature", "properties": {"DAUID": "48110154", "accessible_jobs": 184652}, "geometry": {"type": "Polygon", "coordinates": [[[-113.50894900750001, 53.535043899499996], [-113.5097490075, 53.5359676599307], [-113.5113490075, 53.5359676599307], [-113.5121490075, 53.535043899499996], [-113.5113490075, 53.534120139069294], [-113.5097490075, 53.534120139069294], [-113.50894900750001, 53.535043899499996]]]}}, {"type": "Feature", "properties": {"DAUID": "48110155", "accessible_jobs": 155776}, "geometry": {"type": "Polygon", "coordinates": [[[-113.51375364814815, 53.538168945925925], [-113.51455364814815, 53.53909270635663], [-113.51615364814815, 53.53909270635663], [-113.51695364814815, 53.538168945925925], [-113.51615364814815, 53.53724518549522], [-113.51455364814815, 53.53724518549522], [-113.51375364814815, 53.538168945925925]]]}}, {"type": "Feature", "properties": {"DAUID": "48110156", "accessible_jobs": 165610}, "geometry": {"type": "Polygon", "coordinates": [[[-113.51228969479166, 53.54071594010417], [-113.51308969479166, 53.54163970053487], [-113.51468969479166, 53.54163970053487], [-113.51548969479165, 53.54071594010417], [-113.51468969479166, 53.53979217967347], [-113.51308969479166, 53.53979217967347], [-113.51228969479166, 53.54071594010417]]]}}, {"type": "Feature", "properties": {"DAUID": "48110157", "accessible_jobs": 164074}, "geometry": {"type": "Polygon", "coordinates": [[[-113.51841165555555, 53.53937680777778], [-113.51921165555555, 53.54030056820848], [-113.52081165555555, 53.54030056820848], [-113.52161165555555, 53.53937680777778], [-113.52081165555555, 53.538453047347076], [-113.51921165555555, 53.538453047347076], [-113.51841165555555, 53.53937680777778]]]}}, {"type": "Feature", "properties": {"DAUID": "48110158", "accessible_jobs": 152013}, "geometry": {"type": "Polygon", "coordinates": [[[-113.51875557837839, 53.53825948864865], [-113.51955557837839, 53.53918324907935], [-113.52115557837838, 53.53918324907935], [-113.52195557837838, 53.53825948864865], [-113.52115557837838, 53.53733572821795], [-113.51955557837839, 53.53733572821795], [-113.51875557837839, 53.53825948864865]]]}}, {"type": "Feature", "properties": {"DAUID": "48110159", "accessible_jobs": 164328}, "geometry": {"type": "Polygon", "coordinates": [[[-113.52598789047619, 53.540585625238094], [-113.52678789047619, 53.541509385668796], [-113.52838789047618, 53.541509385668796], [-113.52918789047618, 53.540585625238094], [-113.52838789047618, 53.53966186480739], [-113.52678789047619, 53.53966186480739], [-113.52598789047619, 53.540585625238094]]]}}, {"type": "Feature", "properties": {"DAUID": "48110160", "accessible_jobs": 155457}, "geometry": {"type": "Polygon", "coordinates": [[[-113.52052802222222, 53.53993660555556], [-113.52132802222222, 53.54086036598626], [-113.52292802222222, 53.54086036598626], [-113.52372802222222, 53.53993660555556], [-113.52292802222222, 53.53901284512486], [-113.52132802222222, 53.53901284512486], [-113.52052802222222, 53.53993660555556]]]}}, {"type": "Feature", "properties": {"DAUID": "48110161", "accessible_jobs": 165241}, "geometry": {"type": "Polygon", "coordinates": [[[-113.52269555000001, 53.541179049523805], [-113.52349555, 53.54210280995451], [-113.52509555, 53.54210280995451], [-113.52589555, 53.541179049523805], [-113.52509555, 53.5402552890931], [-113.52349555, 53.5402552890931], [-113.52269555000001, 53.541179049523805]]]}}, {"type": "Feature", "properties": {"DAUID": "48110163", "accessible_jobs": 156876}, "geometry": {"type": "Polygon", "coordinates": [[[-113.52062392222223, 53.54187635444444], [-113.52142392222223, 53.54280011487514], [-113.52302392222222, 53.54280011487514], [-113.52382392222222, 53.54187635444444], [-113.52302392222222, 53.54095259401374], [-113.52142392222223, 53.54095259401374], [-113.52062392222223, 53.54187635444444]]]}}, {"type": "Feature", "properties": {"DAUID": "48110164", "accessible_jobs": 163105}, "geometry": {"type": "Polygon", "coordinates": [[[-113.51873710714285, 53.54189221], [-113.51953710714285, 53.5428159704307], [-113.52113710714285, 53.5428159704307], [-113.52193710714285, 53.54189221], [-113.52113710714285, 53.5409684495693], [-113.51953710714285, 53.5409684495693], [-113.51873710714285, 53.54189221]]]}}, {"type": "Feature", "properties": {"DAUID": "48110165", "accessible_jobs": 160638}, "geometry": {"type": "Polygon", "coordinates": [[[-113.5168523346154, 53.54187721307692], [-113.51765233461539, 53.542800973507624], [-113.51925233461539, 53.542800973507624], [-113.52005233461539, 53.54187721307692], [-113.51925233461539, 53.54095345264622], [-113.51765233461539, 53.54095345264622], [-113.5168523346154, 53.54187721307692]]]}}, {"type": "Feature", "properties": {"DAUID": "48110166", "accessible_jobs": 161017}, "geometry": {"type": "Polygon", "coordinates": [[[-113.51398373125001, 53.541864263125], [-113.51478373125, 53.5427880235557], [-113.51638373125, 53.5427880235557], [-113.51718373125, 53.541864263125], [-113.51638373125, 53.5409405026943], [-113.51478373125, 53.5409405026943], [-113.51398373125001, 53.541864263125]]]}}, {"type": "Feature", "properties": {"DAUID": "48110167", "accessible_jobs": 151853}, "geometry": {"type": "Polygon", "coordinates": [[[-113.51458009230768, 53.54367397615385], [-113.51538009230768, 53.54459773658455], [-113.51698009230768, 53.54459773658455], [-113.51778009230767, 53.54367397615385], [-113.51698009230768, 53.542750215723146], [-113.51538009230768, 53.542750215723146], [-113.51458009230768, 53.54367397615385]]]}}, {"type": "Feature", "properties": {"DAUID": "48110169", "accessible_jobs": 154100}, "geometry": {"type": "Polygon", "coordinates": [[[-113.51854169230769, 53.546098171794874], [-113.51934169230769, 53.547021932225576], [-113.52094169230769, 53.547021932225576], [-113.52174169230769, 53.546098171794874], [-113.52094169230769, 53.54517441136417], [-113.51934169230769, 53.54517441136417], [-113.51854169230769, 53.546098171794874]]]}}, {"type": "Feature", "properties": {"DAUID": "48110170", "accessible_jobs": 150941}, "geometry": {"type": "Polygon", "coordinates": [[[-113.52117857179488, 53.5457607148718], [-113.52197857179488, 53.5466844753025], [-113.52357857179487, 53.5466844753025], [-113.52437857179487, 53.5457607148718], [-113.52357857179487, 53.544836954441095], [-113.52197857179488, 53.544836954441095], [-113.52117857179488, 53.5457607148718]]]}}, {"type": "Feature", "properties": {"DAUID": "48110171", "accessible_jobs": 138227}, "geometry": {"type": "Polygon", "coordinates": [[[-113.52515656315789, 53.544627594736845], [-113.52595656315789, 53.54555135516755], [-113.52755656315789, 53.54555135516755], [-113.52835656315789, 53.544627594736845], [-113.52755656315789, 53.54370383430614], [-113.52595656315789, 53.54370383430614], [-113.52515656315789, 53.544627594736845]]]}}, {"type": "Feature", "properties": {"DAUID": "48110172", "accessible_jobs": 136475}, "geometry": {"type": "Polygon", "coordinates": [[[-113.52864800000002, 53.54524075], [-113.52944800000002, 53.5461645104307], [-113.53104800000001, 53.5461645104307], [-113.53184800000001, 53.54524075], [-113.53104800000001, 53.544316989569296], [-113.52944800000002, 53.544316989569296], [-113.52864800000002, 53.54524075]]]}}, {"type": "Feature", "properties": {"DAUID": "48110173", "accessible_jobs": 153643}, "geometry": {"type": "Polygon", "coordinates": [[[-113.5288524421875, 53.541647146875], [-113.5296524421875, 53.5425709073057], [-113.5312524421875, 53.5425709073057], [-113.53205244218749, 53.541647146875], [-113.5312524421875, 53.5407233864443], [-113.5296524421875, 53.5407233864443], [-113.5288524421875, 53.541647146875]]]}}, {"type": "Feature", "properties": {"DAUID": "48110174", "accessible_jobs": 157698}, "geometry": {"type": "Polygon", "coordinates": [[[-113.52489129375, 53.54207192875], [-113.52569129375, 53.5429956891807], [-113.52729129375, 53.5429956891807], [-113.52809129375, 53.54207192875], [-113.52729129375, 53.541148168319296], [-113.52569129375, 53.541148168319296], [-113.52489129375, 53.54207192875]]]}}, {"type": "Feature", "properties": {"DAUID": "48110176", "accessible_jobs": 146967}, "geometry": {"type": "Polygon", "coordinates": [[[-113.5337144442748, 53.54321921160305], [-113.5345144442748, 53.544142972033754], [-113.5361144442748, 53.544142972033754], [-113.5369144442748, 53.54321921160305], [-113.5361144442748, 53.54229545117235], [-113.5345144442748, 53.54229545117235], [-113.5337144442748, 53.54321921160305]]]}}, {"type": "Feature", "properties": {"DAUID": "48110177", "accessible_jobs": 146903}, "geometry": {"type": "Polygon", "coordinates": [[[-113.53236285158731, 53.546814925952376], [-113.5331628515873, 53.54773868638308], [-113.5347628515873, 53.54773868638308], [-113.5355628515873, 53.546814925952376], [-113.5347628515873, 53.545891165521674], [-113.5331628515873, 53.545891165521674], [-113.53236285158731, 53.546814925952376]]]}}, {"type": "Feature", "properties": {"DAUID": "48110178", "accessible_jobs": 143913}, "geometry": {"type": "Polygon", "coordinates": [[[-113.5358419382353, 53.54454429264706], [-113.53664193823529, 53.54546805307776], [-113.53824193823529, 53.54546805307776], [-113.53904193823529, 53.54454429264706], [-113.53824193823529, 53.54362053221636], [-113.53664193823529, 53.54362053221636], [-113.5358419382353, 53.54454429264706]]]}}, {"type": "Feature", "properties": {"DAUID": "48110179", "accessible_jobs": 168100}, "geometry": {"type": "Polygon", "coordinates": [[[-113.53410395779818, 53.54973196577981], [-113.53490395779818, 53.550655726210515], [-113.53650395779817, 53.550655726210515], [-113.53730395779817, 53.54973196577981], [-113.53650395779817, 53.54880820534911], [-113.53490395779818, 53.54880820534911], [-113.53410395779818, 53.54973196577981]]]}}, {"type": "Feature", "properties": {"DAUID": "48110180", "accessible_jobs": 144799}, "geometry": {"type": "Polygon", "coordinates": [[[-113.54251923333334, 53.55114037333334], [-113.54331923333334, 53.55206413376404], [-113.54491923333333, 53.55206413376404], [-113.54571923333333, 53.55114037333334], [-113.54491923333333, 53.55021661290264], [-113.54331923333334, 53.55021661290264], [-113.54251923333334, 53.55114037333334]]]}}, {"type": "Feature", "properties": {"DAUID": "48110181", "accessible_jobs": 155217}, "geometry": {"type": "Polygon", "coordinates": [[[-113.53948432000001, 53.551420196], [-113.54028432000001, 53.552343956430704], [-113.54188432000001, 53.552343956430704], [-113.54268432, 53.551420196], [-113.54188432000001, 53.5504964355693], [-113.54028432000001, 53.5504964355693], [-113.53948432000001, 53.551420196]]]}}, {"type": "Feature", "properties": {"DAUID": "48110182", "accessible_jobs": 112478}, "geometry": {"type": "Polygon", "coordinates": [[[-113.54589, 53.550797], [-113.54669, 53.551720760430705], [-113.54829, 53.551720760430705], [-113.54908999999999, 53.550797], [-113.54829, 53.5498732395693], [-113.54669, 53.5498732395693], [-113.54589, 53.550797]]]}}, {"type": "Feature", "properties": {"DAUID": "48110183", "accessible_jobs": 85047}, "geometry": {"type": "Polygon", "coordinates": [[[-113.5399488263158, 53.55622257947368], [-113.54074882631579, 53.557146339904385], [-113.54234882631579, 53.557146339904385], [-113.54314882631579, 53.55622257947368], [-113.54234882631579, 53.55529881904298], [-113.54074882631579, 53.55529881904298], [-113.5399488263158, 53.55622257947368]]]}}, {"type": "Feature", "properties": {"DAUID": "48110184", "accessible_jobs": 45548}, "geometry": {"type": "Polygon", "coordinates": [[[-113.54837101111112, 53.55878972666667], [-113.54917101111111, 53.55971348709737], [-113.55077101111111, 53.55971348709737], [-113.55157101111111, 53.55878972666667], [-113.55077101111111, 53.557865966235966], [-113.54917101111111, 53.557865966235966], [-113.54837101111112, 53.55878972666667]]]}}, {"type": "Feature", "properties": {"DAUID": "48110185", "accessible_jobs": 80429}, "geometry": {"type": "Polygon", "coordinates": [[[-113.54018432500001, 53.55892355375], [-113.54098432500001, 53.5598473141807], [-113.542584325, 53.5598473141807], [-113.543384325, 53.55892355375], [-113.542584325, 53.5579997933193], [-113.54098432500001, 53.5579997933193], [-113.54018432500001, 53.55892355375]]]}}, {"type": "Feature", "properties": {"DAUID": "48110186", "accessible_jobs": 61042}, "geometry": {"type": "Polygon", "coordinates": [[[-113.53457691666667, 53.560700115], [-113.53537691666666, 53.561623875430705], [-113.53697691666666, 53.561623875430705], [-113.53777691666666, 53.560700115], [-113.53697691666666, 53.5597763545693], [-113.53537691666666, 53.5597763545693], [-113.53457691666667, 53.560700115]]]}}, {"type": "Feature", "properties": {"DAUID": "48110187", "accessible_jobs": 151529}, "geometry": {"type": "Polygon", "coordinates": [[[-113.534107928, 53.5575226614], [-113.534907928, 53.5584464218307], [-113.53650792799999, 53.5584464218307], [-113.53730792799999, 53.5575226614], [-113.53650792799999, 53.5565989009693], [-113.534907928, 53.5565989009693], [-113.534107928, 53.5575226614]]]}}, {"type": "Feature", "properties": {"DAUID": "48110188", "accessible_jobs": 127760}, "geometry": {"type": "Polygon", "coordinates": [[[-113.52853487441861, 53.557434576976746], [-113.52933487441861, 53.55835833740745], [-113.5309348744186, 53.55835833740745], [-113.5317348744186, 53.557434576976746], [-113.5309348744186, 53.556510816546044], [-113.52933487441861, 53.556510816546044], [-113.52853487441861, 53.557434576976746]]]}}, {"type": "Feature", "properties": {"DAUID": "48110189", "accessible_jobs": 163224}, "geometry": {"type": "Polygon", "coordinates": [[[-113.53431593536584, 53.552776873780495], [-113.53511593536584, 53.5537006342112], [-113.53671593536583, 53.5537006342112], [-113.53751593536583, 53.552776873780495], [-113.53671593536583, 53.55185311334979], [-113.53511593536584, 53.55185311334979], [-113.53431593536584, 53.552776873780495]]]}}, {"type": "Feature", "properties": {"DAUID": "48110190", "accessible_jobs": 86216}, "geometry": {"type": "Polygon", "coordinates": [[[-113.52597708153846, 53.555941245999996], [-113.52677708153846, 53.5568650064307], [-113.52837708153845, 53.5568650064307], [-113.52917708153845, 53.555941245999996], [-113.52837708153845, 53.555017485569294], [-113.52677708153846, 53.555017485569294], [-113.52597708153846, 53.555941245999996]]]}}, {"type": "Feature", "properties": {"DAUID": "48110191", "accessible_jobs": 121584}, "geometry": {"type": "Polygon", "coordinates": [[[-113.51940281666667, 53.553767988333334], [-113.52020281666667, 53.554691748764036], [-113.52180281666666, 53.554691748764036], [-113.52260281666666, 53.553767988333334], [-113.52180281666666, 53.55284422790263], [-113.52020281666667, 53.55284422790263], [-113.51940281666667, 53.553767988333334]]]}}, {"type": "Feature", "properties": {"DAUID": "48110192", "accessible_jobs": 109604}, "geometry": {"type": "Polygon", "coordinates": [[[-113.5155675, 53.554898137500004], [-113.5163675, 53.555821897930706], [-113.5179675, 53.555821897930706], [-113.5187675, 53.554898137500004], [-113.5179675, 53.5539743770693], [-113.5163675, 53.5539743770693], [-113.5155675, 53.554898137500004]]]}}, {"type": "Feature", "properties": {"DAUID": "48110193", "accessible_jobs": 155451}, "geometry": {"type": "Polygon", "coordinates": [[[-113.51298952692308, 53.554232941923075], [-113.51378952692308, 53.55515670235378], [-113.51538952692307, 53.55515670235378], [-113.51618952692307, 53.554232941923075], [-113.51538952692307, 53.553309181492374], [-113.51378952692308, 53.553309181492374], [-113.51298952692308, 53.554232941923075]]]}}, {"type": "Feature", "properties": {"DAUID": "48110194", "accessible_jobs": 142827}, "geometry": {"type": "Polygon", "coordinates": [[[-113.50956954285715, 53.557061375714284], [-113.51036954285715, 53.557985136144985], [-113.51196954285714, 53.557985136144985], [-113.51276954285714, 53.557061375714284], [-113.51196954285714, 53.55613761528358], [-113.51036954285715, 53.55613761528358], [-113.50956954285715, 53.557061375714284]]]}}, {"type": "Feature", "properties": {"DAUID": "48110195", "accessible_jobs": 165743}, "geometry": {"type": "Polygon", "coordinates": [[[-113.50869082328768, 53.55090491506849], [-113.50949082328768, 53.551828675499195], [-113.51109082328767, 53.551828675499195], [-113.51189082328767, 53.55090491506849], [-113.51109082328767, 53.54998115463779], [-113.50949082328768, 53.54998115463779], [-113.50869082328768, 53.55090491506849]]]}}, {"type": "Feature", "properties": {"DAUID": "48110196", "accessible_jobs": 166749}, "geometry": {"type": "Polygon", "coordinates": [[[-113.51251001086956, 53.55136213065217], [-113.51331001086956, 53.552285891082875], [-113.51491001086956, 53.552285891082875], [-113.51571001086955, 53.55136213065217], [-113.51491001086956, 53.55043837022147], [-113.51331001086956, 53.55043837022147], [-113.51251001086956, 53.55136213065217]]]}}, {"type": "Feature", "properties": {"DAUID": "48110198", "accessible_jobs": 151297}, "geometry": {"type": "Polygon", "coordinates": [[[-113.51598679846154, 53.549790124], [-113.51678679846154, 53.5507138844307], [-113.51838679846153, 53.5507138844307], [-113.51918679846153, 53.549790124], [-113.51838679846153, 53.548866363569296], [-113.51678679846154, 53.548866363569296], [-113.51598679846154, 53.549790124]]]}}, {"type": "Feature", "properties": {"DAUID": "48110199", "accessible_jobs": 174584}, "geometry": {"type": "Polygon", "coordinates": [[[-113.51893376911765, 53.55074978720589], [-113.51973376911765, 53.55167354763659], [-113.52133376911765, 53.55167354763659], [-113.52213376911764, 53.55074978720589], [-113.52133376911765, 53.549826026775186], [-113.51973376911765, 53.549826026775186], [-113.51893376911765, 53.55074978720589]]]}}, {"type": "Feature", "properties": {"DAUID": "48110200", "accessible_jobs": 128433}, "geometry": {"type": "Polygon", "coordinates": [[[-113.5235804, 53.54813161515151], [-113.5243804, 53.54905537558221], [-113.5259804, 53.54905537558221], [-113.52678039999999, 53.54813161515151], [-113.5259804, 53.54720785472081], [-113.5243804, 53.54720785472081], [-113.5235804, 53.54813161515151]]]}}, {"type": "Feature", "properties": {"DAUID": "48110201", "accessible_jobs": 128117}, "geometry": {"type": "Polygon", "coordinates": [[[-113.52797849456522, 53.547582492173916], [-113.52877849456522, 53.54850625260462], [-113.53037849456521, 53.54850625260462], [-113.53117849456521, 53.547582492173916], [-113.53037849456521, 53.546658731743214], [-113.52877849456522, 53.546658731743214], [-113.52797849456522, 53.547582492173916]]]}}, {"type": "Feature", "properties": {"DAUID": "48110202", "accessible_jobs": 169022}, "geometry": {"type": "Polygon", "coordinates": [[[-113.50530304957265, 53.5507156074359], [-113.50610304957264, 53.5516393678666], [-113.50770304957264, 53.5516393678666], [-113.50850304957264, 53.5507156074359], [-113.50770304957264, 53.549791847005196], [-113.50610304957264, 53.549791847005196], [-113.50530304957265, 53.5507156074359]]]}}, {"type": "Feature", "properties": {"DAUID": "48110203", "accessible_jobs": 162704}, "geometry": {"type": "Polygon", "coordinates": [[[-113.50220853513513, 53.54875285189189], [-113.50300853513512, 53.54967661232259], [-113.50460853513512, 53.54967661232259], [-113.50540853513512, 53.54875285189189], [-113.50460853513512, 53.54782909146119], [-113.50300853513512, 53.54782909146119], [-113.50220853513513, 53.54875285189189]]]}}, {"type": "Feature", "properties": {"DAUID": "48110206", "accessible_jobs": 166853}, "geometry": {"type": "Polygon", "coordinates": [[[-113.49351763857143, 53.55183859671429], [-113.49431763857143, 53.55276235714499], [-113.49591763857143, 53.55276235714499], [-113.49671763857143, 53.55183859671429], [-113.49591763857143, 53.55091483628359], [-113.49431763857143, 53.55091483628359], [-113.49351763857143, 53.55183859671429]]]}}, {"type": "Feature", "properties": {"DAUID": "48110207", "accessible_jobs": 157106}, "geometry": {"type": "Polygon", "coordinates": [[[-113.48872678048781, 53.553186682439026], [-113.48952678048781, 53.55411044286973], [-113.4911267804878, 53.55411044286973], [-113.4919267804878, 53.553186682439026], [-113.4911267804878, 53.552262922008325], [-113.48952678048781, 53.552262922008325], [-113.48872678048781, 53.553186682439026]]]}}, {"type": "Feature", "properties": {"DAUID": "48110208", "accessible_jobs": 158402}, "geometry": {"type": "Polygon", "coordinates": [[[-113.49710967777779, 53.55687251222222], [-113.49790967777778, 53.55779627265292], [-113.49950967777778, 53.55779627265292], [-113.50030967777778, 53.55687251222222], [-113.49950967777778, 53.55594875179152], [-113.49790967777778, 53.55594875179152], [-113.49710967777779, 53.55687251222222]]]}}, {"type": "Feature", "properties": {"DAUID": "48110209", "accessible_jobs": 162032}, "geometry": {"type": "Polygon", "coordinates": [[[-113.49083387882354, 53.557338889647056], [-113.49163387882354, 53.55826265007776], [-113.49323387882353, 53.55826265007776], [-113.49403387882353, 53.557338889647056], [-113.49323387882353, 53.556415129216354], [-113.49163387882354, 53.556415129216354], [-113.49083387882354, 53.557338889647056]]]}}, {"type": "Feature", "properties": {"DAUID": "48110210", "accessible_jobs": 141171}, "geometry": {"type": "Polygon", "coordinates": [[[-113.48551359230768, 53.55771494653846], [-113.48631359230768, 53.55863870696916], [-113.48791359230768, 53.55863870696916], [-113.48871359230768, 53.55771494653846], [-113.48791359230768, 53.55679118610776], [-113.48631359230768, 53.55679118610776], [-113.48551359230768, 53.55771494653846]]]}}, {"type": "Feature", "properties": {"DAUID": "48110211", "accessible_jobs": 121046}, "geometry": {"type": "Polygon", "coordinates": [[[-113.48186217142857, 53.557403640000004], [-113.48266217142857, 53.558327400430706], [-113.48426217142857, 53.558327400430706], [-113.48506217142857, 53.557403640000004], [-113.48426217142857, 53.5564798795693], [-113.48266217142857, 53.5564798795693], [-113.48186217142857, 53.557403640000004]]]}}, {"type": "Feature", "properties": {"DAUID": "48110212", "accessible_jobs": 138238}, "geometry": {"type": "Polygon", "coordinates": [[[-113.4822018125, 53.55454686725], [-113.48300181249999, 53.5554706276807], [-113.48460181249999, 53.5554706276807], [-113.48540181249999, 53.55454686725], [-113.48460181249999, 53.553623106819295], [-113.48300181249999, 53.553623106819295], [-113.4822018125, 53.55454686725]]]}}, {"type": "Feature", "properties": {"DAUID": "48110213", "accessible_jobs": 140752}, "geometry": {"type": "Polygon", "coordinates": [[[-113.48185751578949, 53.551798420000004], [-113.48265751578948, 53.552722180430706], [-113.48425751578948, 53.552722180430706], [-113.48505751578948, 53.551798420000004], [-113.48425751578948, 53.5508746595693], [-113.48265751578948, 53.5508746595693], [-113.48185751578949, 53.551798420000004]]]}}, {"type": "Feature", "properties": {"DAUID": "48110215", "accessible_jobs": 127789}, "geometry": {"type": "Polygon", "coordinates": [[[-113.47472095, 53.55768912], [-113.47552095, 53.5586128804307], [-113.47712095, 53.5586128804307], [-113.47792095, 53.55768912], [-113.47712095, 53.5567653595693], [-113.47552095, 53.5567653595693], [-113.47472095, 53.55768912]]]}}, {"type": "Feature", "properties": {"DAUID": "48110216", "accessible_jobs": 118984}, "geometry": {"type": "Polygon", "coordinates": [[[-113.48109994615385, 53.56045637769231], [-113.48189994615385, 53.56138013812301], [-113.48349994615384, 53.56138013812301], [-113.48429994615384, 53.56045637769231], [-113.48349994615384, 53.55953261726161], [-113.48189994615385, 53.55953261726161], [-113.48109994615385, 53.56045637769231]]]}}, {"type": "Feature", "properties": {"DAUID": "48110217", "accessible_jobs": 118612}, "geometry": {"type": "Polygon", "coordinates": [[[-113.48517324117647, 53.56385176117647], [-113.48597324117647, 53.564775521607174], [-113.48757324117646, 53.564775521607174], [-113.48837324117646, 53.56385176117647], [-113.48757324117646, 53.56292800074577], [-113.48597324117647, 53.56292800074577], [-113.48517324117647, 53.56385176117647]]]}}, {"type": "Feature", "properties": {"DAUID": "48110218", "accessible_jobs": 149591}, "geometry": {"type": "Polygon", "coordinates": [[[-113.48732313076924, 53.56024438923077], [-113.48812313076924, 53.56116814966147], [-113.48972313076924, 53.56116814966147], [-113.49052313076923, 53.56024438923077], [-113.48972313076924, 53.559320628800066], [-113.48812313076924, 53.559320628800066], [-113.48732313076924, 53.56024438923077]]]}}, {"type": "Feature", "properties": {"DAUID": "48110219", "accessible_jobs": 122818}, "geometry": {"type": "Polygon", "coordinates": [[[-113.4860237, 53.5655682], [-113.4868237, 53.5664919604307], [-113.4884237, 53.5664919604307], [-113.4892237, 53.5655682], [-113.4884237, 53.5646444395693], [-113.4868237, 53.5646444395693], [-113.4860237, 53.5655682]]]}}, {"type": "Feature", "properties": {"DAUID": "48110220", "accessible_jobs": 149567}, "geometry": {"type": "Polygon", "coordinates": [[[-113.4916576375, 53.564374735], [-113.4924576375, 53.5652984954307], [-113.49405763749999, 53.5652984954307], [-113.49485763749999, 53.564374735], [-113.49405763749999, 53.5634509745693], [-113.4924576375, 53.5634509745693], [-113.4916576375, 53.564374735]]]}}, {"type": "Feature", "properties": {"DAUID": "48110221", "accessible_jobs": 135731}, "geometry": {"type": "Polygon", "coordinates": [[[-113.49694743703704, 53.569617378888886], [-113.49774743703703, 53.57054113931959], [-113.49934743703703, 53.57054113931959], [-113.50014743703703, 53.569617378888886], [-113.49934743703703, 53.568693618458184], [-113.49774743703703, 53.568693618458184], [-113.49694743703704, 53.569617378888886]]]}}, {"type": "Feature", "properties": {"DAUID": "48110222", "accessible_jobs": 130807}, "geometry": {"type": "Polygon", "coordinates": [[[-113.502091895, 53.56497047875], [-113.502891895, 53.5658942391807], [-113.504491895, 53.5658942391807], [-113.505291895, 53.56497047875], [-113.504491895, 53.5640467183193], [-113.502891895, 53.5640467183193], [-113.502091895, 53.56497047875]]]}}, {"type": "Feature", "properties": {"DAUID": "48110223", "accessible_jobs": 148274}, "geometry": {"type": "Polygon", "coordinates": [[[-113.49445180000001, 53.55948525241379], [-113.4952518, 53.560409012844495], [-113.4968518, 53.560409012844495], [-113.4976518, 53.55948525241379], [-113.4968518, 53.55856149198309], [-113.4952518, 53.55856149198309], [-113.49445180000001, 53.55948525241379]]]}}, {"type": "Feature", "properties": {"DAUID": "48110225", "accessible_jobs": 165494}, "geometry": {"type": "Polygon", "coordinates": [[[-113.50359560969387, 53.56131684984694], [-113.50439560969387, 53.56224061027764], [-113.50599560969387, 53.56224061027764], [-113.50679560969387, 53.56131684984694], [-113.50599560969387, 53.56039308941624], [-113.50439560969387, 53.56039308941624], [-113.50359560969387, 53.56131684984694]]]}}, {"type": "Feature", "properties": {"DAUID": "48110226", "accessible_jobs": 157430}, "geometry": {"type": "Polygon", "coordinates": [[[-113.50270154166667, 53.55484975833334], [-113.50350154166667, 53.55577351876404], [-113.50510154166666, 53.55577351876404], [-113.50590154166666, 53.55484975833334], [-113.50510154166666, 53.55392599790264], [-113.50350154166667, 53.55392599790264], [-113.50270154166667, 53.55484975833334]]]}}, {"type": "Feature", "properties": {"DAUID": "48110227", "accessible_jobs": 162982}, "geometry": {"type": "Polygon", "coordinates": [[[-113.49936031617648, 53.55161117764706], [-113.50016031617648, 53.55253493807776], [-113.50176031617647, 53.55253493807776], [-113.50256031617647, 53.55161117764706], [-113.50176031617647, 53.55068741721636], [-113.50016031617648, 53.55068741721636], [-113.49936031617648, 53.55161117764706]]]}}, {"type": "Feature", "properties": {"DAUID": "48110228", "accessible_jobs": 29329}, "geometry": {"type": "Polygon", "coordinates": [[[-113.52365806069363, 53.56505597942197], [-113.52445806069363, 53.56597973985267], [-113.52605806069363, 53.56597973985267], [-113.52685806069363, 53.56505597942197], [-113.52605806069363, 53.56413221899127], [-113.52445806069363, 53.56413221899127], [-113.52365806069363, 53.56505597942197]]]}}, {"type": "Feature", "properties": {"DAUID": "48110229", "accessible_jobs": 59532}, "geometry": {"type": "Polygon", "coordinates": [[[-113.52839645625001, 53.566085785], [-113.52919645625, 53.5670095454307], [-113.53079645625, 53.5670095454307], [-113.53159645625, 53.566085785], [-113.53079645625, 53.5651620245693], [-113.52919645625, 53.5651620245693], [-113.52839645625001, 53.566085785]]]}}, {"type": "Feature", "properties": {"DAUID": "48110230", "accessible_jobs": 117016}, "geometry": {"type": "Polygon", "coordinates": [[[-113.53434413333333, 53.56393046166667], [-113.53514413333333, 53.564854222097374], [-113.53674413333333, 53.564854222097374], [-113.53754413333333, 53.56393046166667], [-113.53674413333333, 53.56300670123597], [-113.53514413333333, 53.56300670123597], [-113.53434413333333, 53.56393046166667]]]}}, {"type": "Feature", "properties": {"DAUID": "48110231", "accessible_jobs": 75993}, "geometry": {"type": "Polygon", "coordinates": [[[-113.53437070000001, 53.56675049346154], [-113.53517070000001, 53.56767425389224], [-113.5367707, 53.56767425389224], [-113.5375707, 53.56675049346154], [-113.5367707, 53.56582673303084], [-113.53517070000001, 53.56582673303084], [-113.53437070000001, 53.56675049346154]]]}}, {"type": "Feature", "properties": {"DAUID": "48110232", "accessible_jobs": 60078}, "geometry": {"type": "Polygon", "coordinates": [[[-113.53978273333335, 53.56595063333333], [-113.54058273333335, 53.56687439376403], [-113.54218273333335, 53.56687439376403], [-113.54298273333335, 53.56595063333333], [-113.54218273333335, 53.56502687290263], [-113.54058273333335, 53.56502687290263], [-113.53978273333335, 53.56595063333333]]]}}, {"type": "Feature", "properties": {"DAUID": "48110233", "accessible_jobs": 56067}, "geometry": {"type": "Polygon", "coordinates": [[[-113.53549725625, 53.57025963833333], [-113.53629725625, 53.571183398764035], [-113.53789725624999, 53.571183398764035], [-113.53869725624999, 53.57025963833333], [-113.53789725624999, 53.56933587790263], [-113.53629725625, 53.56933587790263], [-113.53549725625, 53.57025963833333]]]}}, {"type": "Feature", "properties": {"DAUID": "48110234", "accessible_jobs": 73418}, "geometry": {"type": "Polygon", "coordinates": [[[-113.54401557, 53.570150506000004], [-113.54481557, 53.571074266430706], [-113.54641557, 53.571074266430706], [-113.54721556999999, 53.570150506000004], [-113.54641557, 53.5692267455693], [-113.54481557, 53.5692267455693], [-113.54401557, 53.570150506000004]]]}}, {"type": "Feature", "properties": {"DAUID": "48110235", "accessible_jobs": 36677}, "geometry": {"type": "Polygon", "coordinates": [[[-113.53866225833333, 53.57096582083333], [-113.53946225833333, 53.57188958126403], [-113.54106225833333, 53.57188958126403], [-113.54186225833332, 53.57096582083333], [-113.54106225833333, 53.57004206040263], [-113.53946225833333, 53.57004206040263], [-113.53866225833333, 53.57096582083333]]]}}, {"type": "Feature", "properties": {"DAUID": "48110236", "accessible_jobs": 38924}, "geometry": {"type": "Polygon", "coordinates": [[[-113.54733484675324, 53.57021211246753], [-113.54813484675324, 53.57113587289823], [-113.54973484675324, 53.57113587289823], [-113.55053484675324, 53.57021211246753], [-113.54973484675324, 53.56928835203683], [-113.54813484675324, 53.56928835203683], [-113.54733484675324, 53.57021211246753]]]}}, {"type": "Feature", "properties": {"DAUID": "48110237", "accessible_jobs": 30970}, "geometry": {"type": "Polygon", "coordinates": [[[-113.5395313625, 53.5767857975], [-113.5403313625, 53.5777095579307], [-113.5419313625, 53.5777095579307], [-113.54273136249999, 53.5767857975], [-113.5419313625, 53.5758620370693], [-113.5403313625, 53.5758620370693], [-113.5395313625, 53.5767857975]]]}}, {"type": "Feature", "properties": {"DAUID": "48110238", "accessible_jobs": 28319}, "geometry": {"type": "Polygon", "coordinates": [[[-113.54653470000001, 53.576480675], [-113.54733470000001, 53.5774044354307], [-113.5489347, 53.5774044354307], [-113.5497347, 53.576480675], [-113.5489347, 53.5755569145693], [-113.54733470000001, 53.5755569145693], [-113.54653470000001, 53.576480675]]]}}, {"type": "Feature", "properties": {"DAUID": "48110239", "accessible_jobs": 28039}, "geometry": {"type": "Polygon", "coordinates": [[[-113.546252025, 53.58219004], [-113.547052025, 53.5831138004307], [-113.548652025, 53.5831138004307], [-113.549452025, 53.58219004], [-113.548652025, 53.5812662795693], [-113.547052025, 53.5812662795693], [-113.546252025, 53.58219004]]]}}, {"type": "Feature", "properties": {"DAUID": "48110240", "accessible_jobs": 11394}, "geometry": {"type": "Polygon", "coordinates": [[[-113.53458941, 53.580722613], [-113.53538941, 53.5816463734307], [-113.53698940999999, 53.5816463734307], [-113.53778940999999, 53.580722613], [-113.53698940999999, 53.5797988525693], [-113.53538941, 53.5797988525693], [-113.53458941, 53.580722613]]]}}, {"type": "Feature", "properties": {"DAUID": "48110241", "accessible_jobs": 43316}, "geometry": {"type": "Polygon", "coordinates": [[[-113.53085951333334, 53.572161002], [-113.53165951333334, 53.5730847624307], [-113.53325951333333, 53.5730847624307], [-113.53405951333333, 53.572161002], [-113.53325951333333, 53.5712372415693], [-113.53165951333334, 53.5712372415693], [-113.53085951333334, 53.572161002]]]}}, {"type": "Feature", "properties": {"DAUID": "48110242", "accessible_jobs": 16343}, "geometry": {"type": "Polygon", "coordinates": [[[-113.53653045641026, 53.583535604102565], [-113.53733045641026, 53.58445936453327], [-113.53893045641026, 53.58445936453327], [-113.53973045641025, 53.583535604102565], [-113.53893045641026, 53.58261184367186], [-113.53733045641026, 53.58261184367186], [-113.53653045641026, 53.583535604102565]]]}}, {"type": "Feature", "properties": {"DAUID": "48110244", "accessible_jobs": 25517}, "geometry": {"type": "Polygon", "coordinates": [[[-113.53762675675677, 53.59262944027027], [-113.53842675675676, 53.593553200700974], [-113.54002675675676, 53.593553200700974], [-113.54082675675676, 53.59262944027027], [-113.54002675675676, 53.59170567983957], [-113.53842675675676, 53.59170567983957], [-113.53762675675677, 53.59262944027027]]]}}, {"type": "Feature", "properties": {"DAUID": "48110246", "accessible_jobs": 23100}, "geometry": {"type": "Polygon", "coordinates": [[[-113.5283227, 53.595040194999996], [-113.5291227, 53.5959639554307], [-113.5307227, 53.5959639554307], [-113.5315227, 53.595040194999996], [-113.5307227, 53.594116434569294], [-113.5291227, 53.594116434569294], [-113.5283227, 53.595040194999996]]]}}, {"type": "Feature", "properties": {"DAUID": "48110247", "accessible_jobs": 24036}, "geometry": {"type": "Polygon", "coordinates": [[[-113.5160012625, 53.592585395], [-113.5168012625, 53.5935091554307], [-113.51840126249999, 53.5935091554307], [-113.51920126249999, 53.592585395], [-113.51840126249999, 53.5916616345693], [-113.5168012625, 53.5916616345693], [-113.5160012625, 53.592585395]]]}}, {"type": "Feature", "properties": {"DAUID": "48110248", "accessible_jobs": 16373}, "geometry": {"type": "Polygon", "coordinates": [[[-113.52364153333333, 53.589241449999996], [-113.52444153333333, 53.5901652104307], [-113.52604153333333, 53.5901652104307], [-113.52684153333333, 53.589241449999996], [-113.52604153333333, 53.588317689569294], [-113.52444153333333, 53.588317689569294], [-113.52364153333333, 53.589241449999996]]]}}, {"type": "Feature", "properties": {"DAUID": "48110249", "accessible_jobs": 17368}, "geometry": {"type": "Polygon", "coordinates": [[[-113.5235314, 53.5851584825], [-113.5243314, 53.5860822429307], [-113.52593139999999, 53.5860822429307], [-113.52673139999999, 53.5851584825], [-113.52593139999999, 53.5842347220693], [-113.5243314, 53.5842347220693], [-113.5235314, 53.5851584825]]]}}, {"type": "Feature", "properties": {"DAUID": "48110250", "accessible_jobs": 22064}, "geometry": {"type": "Polygon", "coordinates": [[[-113.52608860434783, 53.58644586086957], [-113.52688860434783, 53.58736962130027], [-113.52848860434783, 53.58736962130027], [-113.52928860434783, 53.58644586086957], [-113.52848860434783, 53.585522100438865], [-113.52688860434783, 53.585522100438865], [-113.52608860434783, 53.58644586086957]]]}}, {"type": "Feature", "properties": {"DAUID": "48110251", "accessible_jobs": 23109}, "geometry": {"type": "Polygon", "coordinates": [[[-113.51437153333335, 53.591102613333334], [-113.51517153333334, 53.592026373764035], [-113.51677153333334, 53.592026373764035], [-113.51757153333334, 53.591102613333334], [-113.51677153333334, 53.59017885290263], [-113.51517153333334, 53.59017885290263], [-113.51437153333335, 53.591102613333334]]]}}, {"type": "Feature", "properties": {"DAUID": "48110252", "accessible_jobs": 18085}, "geometry": {"type": "Polygon", "coordinates": [[[-113.50756833333334, 53.58835133333333], [-113.50836833333334, 53.58927509376403], [-113.50996833333333, 53.58927509376403], [-113.51076833333333, 53.58835133333333], [-113.50996833333333, 53.58742757290263], [-113.50836833333334, 53.58742757290263], [-113.50756833333334, 53.58835133333333]]]}}, {"type": "Feature", "properties": {"DAUID": "48110253", "accessible_jobs": 18301}, "geometry": {"type": "Polygon", "coordinates": [[[-113.50617595, 53.58976705], [-113.50697595, 53.5906908104307], [-113.50857595, 53.5906908104307], [-113.50937594999999, 53.58976705], [-113.50857595, 53.5888432895693], [-113.50697595, 53.5888432895693], [-113.50617595, 53.58976705]]]}}, {"type": "Feature", "properties": {"DAUID": "48110254", "accessible_jobs": 19698}, "geometry": {"type": "Polygon", "coordinates": [[[-113.5017529, 53.5879953], [-113.5025529, 53.588919060430705], [-113.5041529, 53.588919060430705], [-113.50495289999999, 53.5879953], [-113.5041529, 53.5870715395693], [-113.5025529, 53.5870715395693], [-113.5017529, 53.5879953]]]}}, {"type": "Feature", "properties": {"DAUID": "48110255", "accessible_jobs": 20191}, "geometry": {"type": "Polygon", "coordinates": [[[-113.4979287, 53.59029961], [-113.4987287, 53.591223370430704], [-113.5003287, 53.591223370430704], [-113.5011287, 53.59029961], [-113.5003287, 53.5893758495693], [-113.4987287, 53.5893758495693], [-113.4979287, 53.59029961]]]}}, {"type": "Feature", "properties": {"DAUID": "48110256", "accessible_jobs": 49623}, "geometry": {"type": "Polygon", "coordinates": [[[-113.49114915, 53.58994803033333], [-113.49194915, 53.590871790764034], [-113.49354914999999, 53.590871790764034], [-113.49434914999999, 53.58994803033333], [-113.49354914999999, 53.58902426990263], [-113.49194915, 53.58902426990263], [-113.49114915, 53.58994803033333]]]}}, {"type": "Feature", "properties": {"DAUID": "48110257", "accessible_jobs": 30718}, "geometry": {"type": "Polygon", "coordinates": [[[-113.49302884, 53.59405809], [-113.49382883999999, 53.5949818504307], [-113.49542883999999, 53.5949818504307], [-113.49622883999999, 53.59405809], [-113.49542883999999, 53.593134329569295], [-113.49382883999999, 53.593134329569295], [-113.49302884, 53.59405809]]]}}, {"type": "Feature", "properties": {"DAUID": "48110258", "accessible_jobs": 13852}, "geometry": {"type": "Polygon", "coordinates": [[[-113.50427485714286, 53.59522867285715], [-113.50507485714286, 53.59615243328785], [-113.50667485714285, 53.59615243328785], [-113.50747485714285, 53.59522867285715], [-113.50667485714285, 53.594304912426445], [-113.50507485714286, 53.594304912426445], [-113.50427485714286, 53.59522867285715]]]}}, {"type": "Feature", "properties": {"DAUID": "48110259", "accessible_jobs": 35340}, "geometry": {"type": "Polygon", "coordinates": [[[-113.4921975882353, 53.59851054794118], [-113.4929975882353, 53.59943430837188], [-113.4945975882353, 53.59943430837188], [-113.49539758823529, 53.59851054794118], [-113.4945975882353, 53.59758678751048], [-113.4929975882353, 53.59758678751048], [-113.4921975882353, 53.59851054794118]]]}}, {"type": "Feature", "properties": {"DAUID": "48110260", "accessible_jobs": 19073}, "geometry": {"type": "Polygon", "coordinates": [[[-113.50297020000001, 53.5964174], [-113.5037702, 53.5973411604307], [-113.5053702, 53.5973411604307], [-113.5061702, 53.5964174], [-113.5053702, 53.5954936395693], [-113.5037702, 53.5954936395693], [-113.50297020000001, 53.5964174]]]}}, {"type": "Feature", "properties": {"DAUID": "48110261", "accessible_jobs": 19684}, "geometry": {"type": "Polygon", "coordinates": [[[-113.51148328000001, 53.600135425999994], [-113.51228328, 53.601059186430696], [-113.51388328, 53.601059186430696], [-113.51468328, 53.600135425999994], [-113.51388328, 53.59921166556929], [-113.51228328, 53.59921166556929], [-113.51148328000001, 53.600135425999994]]]}}, {"type": "Feature", "properties": {"DAUID": "48110262", "accessible_jobs": 18292}, "geometry": {"type": "Polygon", "coordinates": [[[-113.51099826250001, 53.592601189999996], [-113.51179826250001, 53.5935249504307], [-113.5133982625, 53.5935249504307], [-113.5141982625, 53.592601189999996], [-113.5133982625, 53.591677429569295], [-113.51179826250001, 53.591677429569295], [-113.51099826250001, 53.592601189999996]]]}}, {"type": "Feature", "properties": {"DAUID": "48110263", "accessible_jobs": 18813}, "geometry": {"type": "Polygon", "coordinates": [[[-113.51561587692308, 53.599010466923076], [-113.51641587692308, 53.59993422735378], [-113.51801587692307, 53.59993422735378], [-113.51881587692307, 53.599010466923076], [-113.51801587692307, 53.598086706492374], [-113.51641587692308, 53.598086706492374], [-113.51561587692308, 53.599010466923076]]]}}, {"type": "Feature", "properties": {"DAUID": "48110264", "accessible_jobs": 17523}, "geometry": {"type": "Polygon", "coordinates": [[[-113.52570385000001, 53.59459866500001], [-113.52650385000001, 53.59552242543071], [-113.52810385000001, 53.59552242543071], [-113.52890385, 53.59459866500001], [-113.52810385000001, 53.593674904569305], [-113.52650385000001, 53.593674904569305], [-113.52570385000001, 53.59459866500001]]]}}, {"type": "Feature", "properties": {"DAUID": "48110265", "accessible_jobs": 14887}, "geometry": {"type": "Polygon", "coordinates": [[[-113.5260117, 53.59532054], [-113.5268117, 53.596244300430705], [-113.52841169999999, 53.596244300430705], [-113.52921169999999, 53.59532054], [-113.52841169999999, 53.5943967795693], [-113.5268117, 53.5943967795693], [-113.5260117, 53.59532054]]]}}, {"type": "Feature", "properties": {"DAUID": "48110266", "accessible_jobs": 42018}, "geometry": {"type": "Polygon", "coordinates": [[[-113.53176477317072, 53.60063719097562], [-113.53256477317072, 53.60156095140632], [-113.53416477317072, 53.60156095140632], [-113.53496477317071, 53.60063719097562], [-113.53416477317072, 53.59971343054492], [-113.53256477317072, 53.59971343054492], [-113.53176477317072, 53.60063719097562]]]}}, {"type": "Feature", "properties": {"DAUID": "48110268", "accessible_jobs": 42882}, "geometry": {"type": "Polygon", "coordinates": [[[-113.52489553636364, 53.60737810909091], [-113.52569553636364, 53.60830186952161], [-113.52729553636364, 53.60830186952161], [-113.52809553636364, 53.60737810909091], [-113.52729553636364, 53.60645434866021], [-113.52569553636364, 53.60645434866021], [-113.52489553636364, 53.60737810909091]]]}}, {"type": "Feature", "properties": {"DAUID": "48110269", "accessible_jobs": 42018}, "geometry": {"type": "Polygon", "coordinates": [[[-113.52781785, 53.60395653], [-113.52861785, 53.6048802904307], [-113.53021785, 53.6048802904307], [-113.53101785, 53.60395653], [-113.53021785, 53.603032769569296], [-113.52861785, 53.603032769569296], [-113.52781785, 53.60395653]]]}}, {"type": "Feature", "properties": {"DAUID": "48110270", "accessible_jobs": 23616}, "geometry": {"type": "Polygon", "coordinates": [[[-113.53608102, 53.60243156], [-113.53688102, 53.6033553204307], [-113.53848101999999, 53.6033553204307], [-113.53928101999999, 53.60243156], [-113.53848101999999, 53.6015077995693], [-113.53688102, 53.6015077995693], [-113.53608102, 53.60243156]]]}}, {"type": "Feature", "properties": {"DAUID": "48110271", "accessible_jobs": 19096}, "geometry": {"type": "Polygon", "coordinates": [[[-113.54007603333334, 53.60350418433334], [-113.54087603333333, 53.60442794476404], [-113.54247603333333, 53.60442794476404], [-113.54327603333333, 53.60350418433334], [-113.54247603333333, 53.60258042390264], [-113.54087603333333, 53.60258042390264], [-113.54007603333334, 53.60350418433334]]]}}, {"type": "Feature", "properties": {"DAUID": "48110273", "accessible_jobs": 15444}, "geometry": {"type": "Polygon", "coordinates": [[[-113.53001445000001, 53.607682440000005], [-113.53081445000001, 53.60860620043071], [-113.53241445, 53.60860620043071], [-113.53321445, 53.607682440000005], [-113.53241445, 53.6067586795693], [-113.53081445000001, 53.6067586795693], [-113.53001445000001, 53.607682440000005]]]}}, {"type": "Feature", "properties": {"DAUID": "48110274", "accessible_jobs": 18957}, "geometry": {"type": "Polygon", "coordinates": [[[-113.52690686363637, 53.61138150409091], [-113.52770686363637, 53.61230526452161], [-113.52930686363636, 53.61230526452161], [-113.53010686363636, 53.61138150409091], [-113.52930686363636, 53.610457743660206], [-113.52770686363637, 53.610457743660206], [-113.52690686363637, 53.61138150409091]]]}}, {"type": "Feature", "properties": {"DAUID": "48110277", "accessible_jobs": 17854}, "geometry": {"type": "Polygon", "coordinates": [[[-113.51917646666668, 53.61565733166666], [-113.51997646666668, 53.61658109209736], [-113.52157646666667, 53.61658109209736], [-113.52237646666667, 53.61565733166666], [-113.52157646666667, 53.61473357123596], [-113.51997646666668, 53.61473357123596], [-113.51917646666668, 53.61565733166666]]]}}, {"type": "Feature", "properties": {"DAUID": "48110280", "accessible_jobs": 10121}, "geometry": {"type": "Polygon", "coordinates": [[[-113.53004531428572, 53.62286059142857], [-113.53084531428571, 53.62378435185927], [-113.53244531428571, 53.62378435185927], [-113.53324531428571, 53.62286059142857], [-113.53244531428571, 53.62193683099787], [-113.53084531428571, 53.62193683099787], [-113.53004531428572, 53.62286059142857]]]}}, {"type": "Feature", "properties": {"DAUID": "48110281", "accessible_jobs": 17854}, "geometry": {"type": "Polygon", "coordinates": [[[-113.5224295, 53.62565742], [-113.5232295, 53.626581180430705], [-113.5248295, 53.626581180430705], [-113.5256295, 53.62565742], [-113.5248295, 53.6247336595693], [-113.5232295, 53.6247336595693], [-113.5224295, 53.62565742]]]}}, {"type": "Feature", "properties": {"DAUID": "48110284", "accessible_jobs": 10121}, "geometry": {"type": "Polygon", "coordinates": [[[-113.5336053, 53.62532975], [-113.5344053, 53.6262535104307], [-113.5360053, 53.6262535104307], [-113.5368053, 53.62532975], [-113.5360053, 53.6244059895693], [-113.5344053, 53.6244059895693], [-113.5336053, 53.62532975]]]}}, {"type": "Feature", "properties": {"DAUID": "48110286", "accessible_jobs": 17854}, "geometry": {"type": "Polygon", "coordinates": [[[-113.52134835000001, 53.625340765000004], [-113.52214835000001, 53.626264525430706], [-113.52374835, 53.626264525430706], [-113.52454835, 53.625340765000004], [-113.52374835, 53.6244170045693], [-113.52214835000001, 53.6244170045693], [-113.52134835000001, 53.625340765000004]]]}}, {"type": "Feature", "properties": {"DAUID": "48110288", "accessible_jobs": 17854}, "geometry": {"type": "Polygon", "coordinates": [[[-113.5074555, 53.6237058], [-113.5082555, 53.624629560430705], [-113.5098555, 53.624629560430705], [-113.5106555, 53.6237058], [-113.5098555, 53.6227820395693], [-113.5082555, 53.6227820395693], [-113.5074555, 53.6237058]]]}}, {"type": "Feature", "properties": {"DAUID": "48110291", "accessible_jobs": 17854}, "geometry": {"type": "Polygon", "coordinates": [[[-113.50372393333333, 53.62290759333333], [-113.50452393333333, 53.62383135376403], [-113.50612393333333, 53.62383135376403], [-113.50692393333333, 53.62290759333333], [-113.50612393333333, 53.62198383290263], [-113.50452393333333, 53.62198383290263], [-113.50372393333333, 53.62290759333333]]]}}, {"type": "Feature", "properties": {"DAUID": "48110292", "accessible_jobs": 17854}, "geometry": {"type": "Polygon", "coordinates": [[[-113.50042744285714, 53.61894061142857], [-113.50122744285714, 53.61986437185927], [-113.50282744285714, 53.61986437185927], [-113.50362744285714, 53.61894061142857], [-113.50282744285714, 53.61801685099787], [-113.50122744285714, 53.61801685099787], [-113.50042744285714, 53.61894061142857]]]}}, {"type": "Feature", "properties": {"DAUID": "48110293", "accessible_jobs": 17854}, "geometry": {"type": "Polygon", "coordinates": [[[-113.49669990000001, 53.61879064], [-113.49749990000001, 53.6197144004307], [-113.4990999, 53.6197144004307], [-113.4998999, 53.61879064], [-113.4990999, 53.6178668795693], [-113.49749990000001, 53.6178668795693], [-113.49669990000001, 53.61879064]]]}}, {"type": "Feature", "properties": {"DAUID": "48110294", "accessible_jobs": 17854}, "geometry": {"type": "Polygon", "coordinates": [[[-113.49138734117648, 53.61474645], [-113.49218734117648, 53.6156702104307], [-113.49378734117647, 53.6156702104307], [-113.49458734117647, 53.61474645], [-113.49378734117647, 53.6138226895693], [-113.49218734117648, 53.6138226895693], [-113.49138734117648, 53.61474645]]]}}, {"type": "Feature", "properties": {"DAUID": "48110300", "accessible_jobs": 22107}, "geometry": {"type": "Polygon", "coordinates": [[[-113.48874455, 53.614551253], [-113.48954455, 53.615475013430704], [-113.49114455, 53.615475013430704], [-113.49194455, 53.614551253], [-113.49114455, 53.6136274925693], [-113.48954455, 53.6136274925693], [-113.48874455, 53.614551253]]]}}, {"type": "Feature", "properties": {"DAUID": "48110302", "accessible_jobs": 22107}, "geometry": {"type": "Polygon", "coordinates": [[[-113.48791858333334, 53.6147788], [-113.48871858333334, 53.615702560430705], [-113.49031858333333, 53.615702560430705], [-113.49111858333333, 53.6147788], [-113.49031858333333, 53.6138550395693], [-113.48871858333334, 53.6138550395693], [-113.48791858333334, 53.6147788]]]}}, {"type": "Feature", "properties": {"DAUID": "48110303", "accessible_jobs": 26058}, "geometry": {"type": "Polygon", "coordinates": [[[-113.4823856, 53.6098825], [-113.4831856, 53.6108062604307], [-113.4847856, 53.6108062604307], [-113.4855856, 53.6098825], [-113.4847856, 53.608958739569296], [-113.4831856, 53.608958739569296], [-113.4823856, 53.6098825]]]}}, {"type": "Feature", "properties": {"DAUID": "48110304", "accessible_jobs": 14991}, "geometry": {"type": "Polygon", "coordinates": [[[-113.4789579, 53.61452264], [-113.4797579, 53.6154464004307], [-113.48135789999999, 53.6154464004307], [-113.48215789999999, 53.61452264], [-113.48135789999999, 53.613598879569295], [-113.4797579, 53.613598879569295], [-113.4789579, 53.61452264]]]}}, {"type": "Feature", "properties": {"DAUID": "48110306", "accessible_jobs": 14138}, "geometry": {"type": "Polygon", "coordinates": [[[-113.4727424, 53.60712825], [-113.4735424, 53.608052010430704], [-113.4751424, 53.608052010430704], [-113.4759424, 53.60712825], [-113.4751424, 53.6062044895693], [-113.4735424, 53.6062044895693], [-113.4727424, 53.60712825]]]}}, {"type": "Feature", "properties": {"DAUID": "48110307", "accessible_jobs": 14138}, "geometry": {"type": "Polygon", "coordinates": [[[-113.46987680000001, 53.61121652], [-113.4706768, 53.6121402804307], [-113.4722768, 53.6121402804307], [-113.4730768, 53.61121652], [-113.4722768, 53.6102927595693], [-113.4706768, 53.6102927595693], [-113.46987680000001, 53.61121652]]]}}, {"type": "Feature", "properties": {"DAUID": "48110311", "accessible_jobs": 12514}, "geometry": {"type": "Polygon", "coordinates": [[[-113.46462145000001, 53.620537905], [-113.46542145000001, 53.6214616654307], [-113.46702145, 53.6214616654307], [-113.46782145, 53.620537905], [-113.46702145, 53.6196141445693], [-113.46542145000001, 53.6196141445693], [-113.46462145000001, 53.620537905]]]}}, {"type": "Feature", "properties": {"DAUID": "48110314", "accessible_jobs": 12450}, "geometry": {"type": "Polygon", "coordinates": [[[-113.4464, 53.62012], [-113.4472, 53.6210437604307], [-113.44879999999999, 53.6210437604307], [-113.44959999999999, 53.62012], [-113.44879999999999, 53.6191962395693], [-113.4472, 53.6191962395693], [-113.4464, 53.62012]]]}}, {"type": "Feature", "properties": {"DAUID": "48110318", "accessible_jobs": 10522}, "geometry": {"type": "Polygon", "coordinates": [[[-113.44498320000001, 53.6106864], [-113.44578320000001, 53.6116101604307], [-113.4473832, 53.6116101604307], [-113.4481832, 53.6106864], [-113.4473832, 53.6097626395693], [-113.44578320000001, 53.6097626395693], [-113.44498320000001, 53.6106864]]]}}, {"type": "Feature", "properties": {"DAUID": "48110319", "accessible_jobs": 10522}, "geometry": {"type": "Polygon", "coordinates": [[[-113.44759732000001, 53.608065515999996], [-113.44839732000001, 53.6089892764307], [-113.44999732000001, 53.6089892764307], [-113.45079732, 53.608065515999996], [-113.44999732000001, 53.607141755569295], [-113.44839732000001, 53.607141755569295], [-113.44759732000001, 53.608065515999996]]]}}, {"type": "Feature", "properties": {"DAUID": "48110320", "accessible_jobs": 12450}, "geometry": {"type": "Polygon", "coordinates": [[[-113.4527082, 53.61657863], [-113.4535082, 53.6175023904307], [-113.4551082, 53.6175023904307], [-113.4559082, 53.61657863], [-113.4551082, 53.6156548695693], [-113.4535082, 53.6156548695693], [-113.4527082, 53.61657863]]]}}, {"type": "Feature", "properties": {"DAUID": "48110322", "accessible_jobs": 12514}, "geometry": {"type": "Polygon", "coordinates": [[[-113.45583810000001, 53.6072216275], [-113.4566381, 53.608145387930705], [-113.4582381, 53.608145387930705], [-113.4590381, 53.6072216275], [-113.4582381, 53.6062978670693], [-113.4566381, 53.6062978670693], [-113.45583810000001, 53.6072216275]]]}}, {"type": "Feature", "properties": {"DAUID": "48110323", "accessible_jobs": 14138}, "geometry": {"type": "Polygon", "coordinates": [[[-113.4586554, 53.60915842], [-113.4594554, 53.6100821804307], [-113.46105539999999, 53.6100821804307], [-113.46185539999999, 53.60915842], [-113.46105539999999, 53.6082346595693], [-113.4594554, 53.6082346595693], [-113.4586554, 53.60915842]]]}}, {"type": "Feature", "properties": {"DAUID": "48110324", "accessible_jobs": 12514}, "geometry": {"type": "Polygon", "coordinates": [[[-113.45913180000001, 53.6113461], [-113.4599318, 53.6122698604307], [-113.4615318, 53.6122698604307], [-113.4623318, 53.6113461], [-113.4615318, 53.6104223395693], [-113.4599318, 53.6104223395693], [-113.45913180000001, 53.6113461]]]}}, {"type": "Feature", "properties": {"DAUID": "48110325", "accessible_jobs": 14138}, "geometry": {"type": "Polygon", "coordinates": [[[-113.4665788, 53.60729742], [-113.46737879999999, 53.608221180430704], [-113.46897879999999, 53.608221180430704], [-113.46977879999999, 53.60729742], [-113.46897879999999, 53.6063736595693], [-113.46737879999999, 53.6063736595693], [-113.4665788, 53.60729742]]]}}, {"type": "Feature", "properties": {"DAUID": "48110326", "accessible_jobs": 11704}, "geometry": {"type": "Polygon", "coordinates": [[[-113.45727056, 53.60726806066667], [-113.45807056, 53.60819182109737], [-113.45967055999999, 53.60819182109737], [-113.46047055999999, 53.60726806066667], [-113.45967055999999, 53.60634430023597], [-113.45807056, 53.60634430023597], [-113.45727056, 53.60726806066667]]]}}, {"type": "Feature", "properties": {"DAUID": "48110327", "accessible_jobs": 13035}, "geometry": {"type": "Polygon", "coordinates": [[[-113.45697146666667, 53.60245937333334], [-113.45777146666667, 53.60338313376404], [-113.45937146666667, 53.60338313376404], [-113.46017146666667, 53.60245937333334], [-113.45937146666667, 53.60153561290264], [-113.45777146666667, 53.60153561290264], [-113.45697146666667, 53.60245937333334]]]}}, {"type": "Feature", "properties": {"DAUID": "48110328", "accessible_jobs": 12703}, "geometry": {"type": "Polygon", "coordinates": [[[-113.4544685, 53.60031376], [-113.4552685, 53.6012375204307], [-113.4568685, 53.6012375204307], [-113.4576685, 53.60031376], [-113.4568685, 53.5993899995693], [-113.4552685, 53.5993899995693], [-113.4544685, 53.60031376]]]}}, {"type": "Feature", "properties": {"DAUID": "48110331", "accessible_jobs": 15012}, "geometry": {"type": "Polygon", "coordinates": [[[-113.46504440000001, 53.592737310000004], [-113.46584440000001, 53.593661070430706], [-113.4674444, 53.593661070430706], [-113.4682444, 53.592737310000004], [-113.4674444, 53.5918135495693], [-113.46584440000001, 53.5918135495693], [-113.46504440000001, 53.592737310000004]]]}}, {"type": "Feature", "properties": {"DAUID": "48110332", "accessible_jobs": 16818}, "geometry": {"type": "Polygon", "coordinates": [[[-113.4661123516129, 53.59115974258064], [-113.4669123516129, 53.592083503011345], [-113.4685123516129, 53.592083503011345], [-113.4693123516129, 53.59115974258064], [-113.4685123516129, 53.59023598214994], [-113.4669123516129, 53.59023598214994], [-113.4661123516129, 53.59115974258064]]]}}, {"type": "Feature", "properties": {"DAUID": "48110333", "accessible_jobs": 13335}, "geometry": {"type": "Polygon", "coordinates": [[[-113.45944863333334, 53.590659536666664], [-113.46024863333334, 53.591583297097365], [-113.46184863333333, 53.591583297097365], [-113.46264863333333, 53.590659536666664], [-113.46184863333333, 53.58973577623596], [-113.46024863333334, 53.58973577623596], [-113.45944863333334, 53.590659536666664]]]}}, {"type": "Feature", "properties": {"DAUID": "48110334", "accessible_jobs": 10505}, "geometry": {"type": "Polygon", "coordinates": [[[-113.46406577333333, 53.584252812], [-113.46486577333333, 53.585176572430704], [-113.46646577333333, 53.585176572430704], [-113.46726577333332, 53.584252812], [-113.46646577333333, 53.5833290515693], [-113.46486577333333, 53.5833290515693], [-113.46406577333333, 53.584252812]]]}}, {"type": "Feature", "properties": {"DAUID": "48110335", "accessible_jobs": 10459}, "geometry": {"type": "Polygon", "coordinates": [[[-113.45981446, 53.583915432000005], [-113.46061446, 53.58483919243071], [-113.46221446, 53.58483919243071], [-113.46301446, 53.583915432000005], [-113.46221446, 53.5829916715693], [-113.46061446, 53.5829916715693], [-113.45981446, 53.583915432000005]]]}}, {"type": "Feature", "properties": {"DAUID": "48110336", "accessible_jobs": 16108}, "geometry": {"type": "Polygon", "coordinates": [[[-113.46612161111112, 53.58653474138889], [-113.46692161111112, 53.58745850181959], [-113.46852161111111, 53.58745850181959], [-113.46932161111111, 53.58653474138889], [-113.46852161111111, 53.58561098095819], [-113.46692161111112, 53.58561098095819], [-113.46612161111112, 53.58653474138889]]]}}, {"type": "Feature", "properties": {"DAUID": "48110338", "accessible_jobs": 12821}, "geometry": {"type": "Polygon", "coordinates": [[[-113.47777277000002, 53.583110128], [-113.47857277000001, 53.5840338884307], [-113.48017277000001, 53.5840338884307], [-113.48097277000001, 53.583110128], [-113.48017277000001, 53.5821863675693], [-113.47857277000001, 53.5821863675693], [-113.47777277000002, 53.583110128]]]}}, {"type": "Feature", "properties": {"DAUID": "48110339", "accessible_jobs": 18253}, "geometry": {"type": "Polygon", "coordinates": [[[-113.47474706666668, 53.59167213333333], [-113.47554706666668, 53.592595893764035], [-113.47714706666667, 53.592595893764035], [-113.47794706666667, 53.59167213333333], [-113.47714706666667, 53.59074837290263], [-113.47554706666668, 53.59074837290263], [-113.47474706666668, 53.59167213333333]]]}}, {"type": "Feature", "properties": {"DAUID": "48110340", "accessible_jobs": 15470}, "geometry": {"type": "Polygon", "coordinates": [[[-113.47687245333334, 53.592995642666665], [-113.47767245333334, 53.59391940309737], [-113.47927245333334, 53.59391940309737], [-113.48007245333334, 53.592995642666665], [-113.47927245333334, 53.59207188223596], [-113.47767245333334, 53.59207188223596], [-113.47687245333334, 53.592995642666665]]]}}, {"type": "Feature", "properties": {"DAUID": "48110341", "accessible_jobs": 16009}, "geometry": {"type": "Polygon", "coordinates": [[[-113.47991598, 53.592932754], [-113.48071598, 53.593856514430705], [-113.48231598, 53.593856514430705], [-113.48311598, 53.592932754], [-113.48231598, 53.5920089935693], [-113.48071598, 53.5920089935693], [-113.47991598, 53.592932754]]]}}, {"type": "Feature", "properties": {"DAUID": "48110342", "accessible_jobs": 15368}, "geometry": {"type": "Polygon", "coordinates": [[[-113.4789305, 53.5969302], [-113.4797305, 53.597853960430704], [-113.4813305, 53.597853960430704], [-113.4821305, 53.5969302], [-113.4813305, 53.5960064395693], [-113.4797305, 53.5960064395693], [-113.4789305, 53.5969302]]]}}, {"type": "Feature", "properties": {"DAUID": "48110343", "accessible_jobs": 30134}, "geometry": {"type": "Polygon", "coordinates": [[[-113.48779575897436, 53.59756911820512], [-113.48859575897436, 53.598492878635824], [-113.49019575897435, 53.598492878635824], [-113.49099575897435, 53.59756911820512], [-113.49019575897435, 53.59664535777442], [-113.48859575897436, 53.59664535777442], [-113.48779575897436, 53.59756911820512]]]}}, {"type": "Feature", "properties": {"DAUID": "48110344", "accessible_jobs": 64336}, "geometry": {"type": "Polygon", "coordinates": [[[-113.48662786756756, 53.60052468405405], [-113.48742786756756, 53.60144844448475], [-113.48902786756756, 53.60144844448475], [-113.48982786756756, 53.60052468405405], [-113.48902786756756, 53.59960092362335], [-113.48742786756756, 53.59960092362335], [-113.48662786756756, 53.60052468405405]]]}}, {"type": "Feature", "properties": {"DAUID": "48110345", "accessible_jobs": 28170}, "geometry": {"type": "Polygon", "coordinates": [[[-113.48404918, 53.600646815000005], [-113.48484918, 53.601570575430706], [-113.48644918, 53.601570575430706], [-113.48724917999999, 53.600646815000005], [-113.48644918, 53.5997230545693], [-113.48484918, 53.5997230545693], [-113.48404918, 53.600646815000005]]]}}, {"type": "Feature", "properties": {"DAUID": "48110347", "accessible_jobs": 26058}, "geometry": {"type": "Polygon", "coordinates": [[[-113.48177558, 53.606663254], [-113.48257558, 53.6075870144307], [-113.48417558, 53.6075870144307], [-113.48497558, 53.606663254], [-113.48417558, 53.605739493569295], [-113.48257558, 53.605739493569295], [-113.48177558, 53.606663254]]]}}, {"type": "Feature", "properties": {"DAUID": "48110348", "accessible_jobs": 15025}, "geometry": {"type": "Polygon", "coordinates": [[[-113.47722505, 53.6064953075], [-113.47802505, 53.6074190679307], [-113.47962505, 53.6074190679307], [-113.48042505, 53.6064953075], [-113.47962505, 53.605571547069296], [-113.47802505, 53.605571547069296], [-113.47722505, 53.6064953075]]]}}, {"type": "Feature", "properties": {"DAUID": "48110349", "accessible_jobs": 14991}, "geometry": {"type": "Polygon", "coordinates": [[[-113.47429844999999, 53.606442825], [-113.47509844999999, 53.607366585430704], [-113.47669844999999, 53.607366585430704], [-113.47749844999998, 53.606442825], [-113.47669844999999, 53.6055190645693], [-113.47509844999999, 53.6055190645693], [-113.47429844999999, 53.606442825]]]}}, {"type": "Feature", "properties": {"DAUID": "48110350", "accessible_jobs": 14138}, "geometry": {"type": "Polygon", "coordinates": [[[-113.4671778, 53.60717954], [-113.4679778, 53.6081033004307], [-113.4695778, 53.6081033004307], [-113.4703778, 53.60717954], [-113.4695778, 53.606255779569295], [-113.4679778, 53.606255779569295], [-113.4671778, 53.60717954]]]}}, {"type": "Feature", "properties": {"DAUID": "48110352", "accessible_jobs": 16472}, "geometry": {"type": "Polygon", "coordinates": [[[-113.47621380000001, 53.6034166], [-113.47701380000001, 53.604340360430704], [-113.4786138, 53.604340360430704], [-113.4794138, 53.6034166], [-113.4786138, 53.6024928395693], [-113.47701380000001, 53.6024928395693], [-113.47621380000001, 53.6034166]]]}}, {"type": "Feature", "properties": {"DAUID": "48110353", "accessible_jobs": 9819}, "geometry": {"type": "Polygon", "coordinates": [[[-113.46644994285715, 53.59895262285714], [-113.46724994285715, 53.59987638328784], [-113.46884994285715, 53.59987638328784], [-113.46964994285715, 53.59895262285714], [-113.46884994285715, 53.59802886242644], [-113.46724994285715, 53.59802886242644], [-113.46644994285715, 53.59895262285714]]]}}, {"type": "Feature", "properties": {"DAUID": "48110354", "accessible_jobs": 19760}, "geometry": {"type": "Polygon", "coordinates": [[[-113.487267075, 53.591007995], [-113.488067075, 53.5919317554307], [-113.489667075, 53.5919317554307], [-113.490467075, 53.591007995], [-113.489667075, 53.5900842345693], [-113.488067075, 53.5900842345693], [-113.487267075, 53.591007995]]]}}, {"type": "Feature", "properties": {"DAUID": "48110355", "accessible_jobs": 18426}, "geometry": {"type": "Polygon", "coordinates": [[[-113.48079940000001, 53.58651323], [-113.48159940000001, 53.5874369904307], [-113.4831994, 53.5874369904307], [-113.4839994, 53.58651323], [-113.4831994, 53.5855894695693], [-113.48159940000001, 53.5855894695693], [-113.48079940000001, 53.58651323]]]}}, {"type": "Feature", "properties": {"DAUID": "48110356", "accessible_jobs": 115181}, "geometry": {"type": "Polygon", "coordinates": [[[-113.48964331086957, 53.58749840565217], [-113.49044331086957, 53.58842216608287], [-113.49204331086956, 53.58842216608287], [-113.49284331086956, 53.58749840565217], [-113.49204331086956, 53.58657464522147], [-113.49044331086957, 53.58657464522147], [-113.48964331086957, 53.58749840565217]]]}}, {"type": "Feature", "properties": {"DAUID": "48110357", "accessible_jobs": 76786}, "geometry": {"type": "Polygon", "coordinates": [[[-113.4919973275, 53.5862005155], [-113.4927973275, 53.587124275930705], [-113.4943973275, 53.587124275930705], [-113.4951973275, 53.5862005155], [-113.4943973275, 53.5852767550693], [-113.4927973275, 53.5852767550693], [-113.4919973275, 53.5862005155]]]}}, {"type": "Feature", "properties": {"DAUID": "48110358", "accessible_jobs": 17483}, "geometry": {"type": "Polygon", "coordinates": [[[-113.48389038636363, 53.58212505454546], [-113.48469038636362, 53.58304881497616], [-113.48629038636362, 53.58304881497616], [-113.48709038636362, 53.58212505454546], [-113.48629038636362, 53.581201294114756], [-113.48469038636362, 53.581201294114756], [-113.48389038636363, 53.58212505454546]]]}}, {"type": "Feature", "properties": {"DAUID": "48110359", "accessible_jobs": 121765}, "geometry": {"type": "Polygon", "coordinates": [[[-113.48986400000001, 53.578948538750005], [-113.49066400000001, 53.57987229918071], [-113.492264, 53.57987229918071], [-113.493064, 53.578948538750005], [-113.492264, 53.5780247783193], [-113.49066400000001, 53.5780247783193], [-113.48986400000001, 53.578948538750005]]]}}, {"type": "Feature", "properties": {"DAUID": "48110361", "accessible_jobs": 52724}, "geometry": {"type": "Polygon", "coordinates": [[[-113.47850373333334, 53.57550637], [-113.47930373333334, 53.5764301304307], [-113.48090373333334, 53.5764301304307], [-113.48170373333333, 53.57550637], [-113.48090373333334, 53.5745826095693], [-113.47930373333334, 53.5745826095693], [-113.47850373333334, 53.57550637]]]}}, {"type": "Feature", "properties": {"DAUID": "48110362", "accessible_jobs": 22929}, "geometry": {"type": "Polygon", "coordinates": [[[-113.4752943, 53.57620187], [-113.4760943, 53.5771256304307], [-113.4776943, 53.5771256304307], [-113.4784943, 53.57620187], [-113.4776943, 53.5752781095693], [-113.4760943, 53.5752781095693], [-113.4752943, 53.57620187]]]}}, {"type": "Feature", "properties": {"DAUID": "48110363", "accessible_jobs": 8943}, "geometry": {"type": "Polygon", "coordinates": [[[-113.47170539411765, 53.58236170705882], [-113.47250539411765, 53.583285467489524], [-113.47410539411764, 53.583285467489524], [-113.47490539411764, 53.58236170705882], [-113.47410539411764, 53.58143794662812], [-113.47250539411765, 53.58143794662812], [-113.47170539411765, 53.58236170705882]]]}}, {"type": "Feature", "properties": {"DAUID": "48110364", "accessible_jobs": 37538}, "geometry": {"type": "Polygon", "coordinates": [[[-113.46679846428573, 53.578888727142854], [-113.46759846428573, 53.579812487573555], [-113.46919846428572, 53.579812487573555], [-113.46999846428572, 53.578888727142854], [-113.46919846428572, 53.57796496671215], [-113.46759846428573, 53.57796496671215], [-113.46679846428573, 53.578888727142854]]]}}, {"type": "Feature", "properties": {"DAUID": "48110365", "accessible_jobs": 128215}, "geometry": {"type": "Polygon", "coordinates": [[[-113.48944778571429, 53.571284018571426], [-113.49024778571429, 53.57220777900213], [-113.49184778571428, 53.57220777900213], [-113.49264778571428, 53.571284018571426], [-113.49184778571428, 53.570360258140724], [-113.49024778571429, 53.570360258140724], [-113.48944778571429, 53.571284018571426]]]}}, {"type": "Feature", "properties": {"DAUID": "48110366", "accessible_jobs": 146444}, "geometry": {"type": "Polygon", "coordinates": [[[-113.486105554, 53.569902080599995], [-113.486905554, 53.5708258410307], [-113.488505554, 53.5708258410307], [-113.489305554, 53.569902080599995], [-113.488505554, 53.56897832016929], [-113.486905554, 53.56897832016929], [-113.486105554, 53.569902080599995]]]}}, {"type": "Feature", "properties": {"DAUID": "48110367", "accessible_jobs": 137096}, "geometry": {"type": "Polygon", "coordinates": [[[-113.49238712702702, 53.57156015162162], [-113.49318712702701, 53.57248391205232], [-113.49478712702701, 53.57248391205232], [-113.49558712702701, 53.57156015162162], [-113.49478712702701, 53.57063639119092], [-113.49318712702701, 53.57063639119092], [-113.49238712702702, 53.57156015162162]]]}}, {"type": "Feature", "properties": {"DAUID": "48110368", "accessible_jobs": 115907}, "geometry": {"type": "Polygon", "coordinates": [[[-113.496501675, 53.5719119375], [-113.497301675, 53.5728356979307], [-113.498901675, 53.5728356979307], [-113.499701675, 53.5719119375], [-113.498901675, 53.570988177069296], [-113.497301675, 53.570988177069296], [-113.496501675, 53.5719119375]]]}}, {"type": "Feature", "properties": {"DAUID": "48110369", "accessible_jobs": 85633}, "geometry": {"type": "Polygon", "coordinates": [[[-113.50079333783783, 53.573471442162166], [-113.50159333783783, 53.57439520259287], [-113.50319333783783, 53.57439520259287], [-113.50399333783783, 53.573471442162166], [-113.50319333783783, 53.572547681731464], [-113.50159333783783, 53.572547681731464], [-113.50079333783783, 53.573471442162166]]]}}, {"type": "Feature", "properties": {"DAUID": "48110370", "accessible_jobs": 126205}, "geometry": {"type": "Polygon", "coordinates": [[[-113.494729, 53.57538277], [-113.495529, 53.5763065304307], [-113.497129, 53.5763065304307], [-113.497929, 53.57538277], [-113.497129, 53.574459009569296], [-113.495529, 53.574459009569296], [-113.494729, 53.57538277]]]}}, {"type": "Feature", "properties": {"DAUID": "48110372", "accessible_jobs": 4382}, "geometry": {"type": "Polygon", "coordinates": [[[-113.4512804, 53.586625], [-113.4520804, 53.5875487604307], [-113.4536804, 53.5875487604307], [-113.4544804, 53.586625], [-113.4536804, 53.585701239569296], [-113.4520804, 53.585701239569296], [-113.4512804, 53.586625]]]}}, {"type": "Feature", "properties": {"DAUID": "48110373", "accessible_jobs": 8804}, "geometry": {"type": "Polygon", "coordinates": [[[-113.44992470000001, 53.59193799], [-113.45072470000001, 53.5928617504307], [-113.4523247, 53.5928617504307], [-113.4531247, 53.59193799], [-113.4523247, 53.591014229569296], [-113.45072470000001, 53.591014229569296], [-113.44992470000001, 53.59193799]]]}}, {"type": "Feature", "properties": {"DAUID": "48110374", "accessible_jobs": 8763}, "geometry": {"type": "Polygon", "coordinates": [[[-113.44566675, 53.5867729225], [-113.44646675, 53.587696682930705], [-113.44806675, 53.587696682930705], [-113.44886675, 53.5867729225], [-113.44806675, 53.5858491620693], [-113.44646675, 53.5858491620693], [-113.44566675, 53.5867729225]]]}}, {"type": "Feature", "properties": {"DAUID": "48110375", "accessible_jobs": 11428}, "geometry": {"type": "Polygon", "coordinates": [[[-113.44351721764706, 53.59066719411765], [-113.44431721764705, 53.59159095454835], [-113.44591721764705, 53.59159095454835], [-113.44671721764705, 53.59066719411765], [-113.44591721764705, 53.58974343368695], [-113.44431721764705, 53.58974343368695], [-113.44351721764706, 53.59066719411765]]]}}, {"type": "Feature", "properties": {"DAUID": "48110376", "accessible_jobs": 22932}, "geometry": {"type": "Polygon", "coordinates": [[[-113.44072244285715, 53.58730421357143], [-113.44152244285715, 53.58822797400213], [-113.44312244285715, 53.58822797400213], [-113.44392244285714, 53.58730421357143], [-113.44312244285715, 53.58638045314073], [-113.44152244285715, 53.58638045314073], [-113.44072244285715, 53.58730421357143]]]}}, {"type": "Feature", "properties": {"DAUID": "48110377", "accessible_jobs": 33305}, "geometry": {"type": "Polygon", "coordinates": [[[-113.4347, 53.58878], [-113.4355, 53.5897037604307], [-113.4371, 53.5897037604307], [-113.4379, 53.58878], [-113.4371, 53.5878562395693], [-113.4355, 53.5878562395693], [-113.4347, 53.58878]]]}}, {"type": "Feature", "properties": {"DAUID": "48110378", "accessible_jobs": 65077}, "geometry": {"type": "Polygon", "coordinates": [[[-113.44009348214287, 53.58583048142857], [-113.44089348214287, 53.586754241859275], [-113.44249348214286, 53.586754241859275], [-113.44329348214286, 53.58583048142857], [-113.44249348214286, 53.58490672099787], [-113.44089348214287, 53.58490672099787], [-113.44009348214287, 53.58583048142857]]]}}, {"type": "Feature", "properties": {"DAUID": "48110379", "accessible_jobs": 10843}, "geometry": {"type": "Polygon", "coordinates": [[[-113.44349922307693, 53.58406107538462], [-113.44429922307692, 53.58498483581532], [-113.44589922307692, 53.58498483581532], [-113.44669922307692, 53.58406107538462], [-113.44589922307692, 53.583137314953916], [-113.44429922307692, 53.583137314953916], [-113.44349922307693, 53.58406107538462]]]}}, {"type": "Feature", "properties": {"DAUID": "48110380", "accessible_jobs": 17561}, "geometry": {"type": "Polygon", "coordinates": [[[-113.42217462321429, 53.58772871651786], [-113.42297462321429, 53.58865247694856], [-113.42457462321428, 53.58865247694856], [-113.42537462321428, 53.58772871651786], [-113.42457462321428, 53.58680495608716], [-113.42297462321429, 53.58680495608716], [-113.42217462321429, 53.58772871651786]]]}}, {"type": "Feature", "properties": {"DAUID": "48110381", "accessible_jobs": 3255}, "geometry": {"type": "Polygon", "coordinates": [[[-113.43065808666667, 53.58194703633333], [-113.43145808666667, 53.582870796764034], [-113.43305808666666, 53.582870796764034], [-113.43385808666666, 53.58194703633333], [-113.43305808666666, 53.58102327590263], [-113.43145808666667, 53.58102327590263], [-113.43065808666667, 53.58194703633333]]]}}, {"type": "Feature", "properties": {"DAUID": "48110382", "accessible_jobs": 5141}, "geometry": {"type": "Polygon", "coordinates": [[[-113.4201559, 53.58389412666667], [-113.4209559, 53.58481788709737], [-113.42255589999999, 53.58481788709737], [-113.42335589999999, 53.58389412666667], [-113.42255589999999, 53.58297036623597], [-113.4209559, 53.58297036623597], [-113.4201559, 53.58389412666667]]]}}, {"type": "Feature", "properties": {"DAUID": "48110383", "accessible_jobs": 9310}, "geometry": {"type": "Polygon", "coordinates": [[[-113.42536023636364, 53.58104791454546], [-113.42616023636364, 53.58197167497616], [-113.42776023636364, 53.58197167497616], [-113.42856023636364, 53.58104791454546], [-113.42776023636364, 53.580124154114756], [-113.42616023636364, 53.580124154114756], [-113.42536023636364, 53.58104791454546]]]}}, {"type": "Feature", "properties": {"DAUID": "48110385", "accessible_jobs": 8098}, "geometry": {"type": "Polygon", "coordinates": [[[-113.4331092, 53.572887865], [-113.4339092, 53.5738116254307], [-113.4355092, 53.5738116254307], [-113.4363092, 53.572887865], [-113.4355092, 53.5719641045693], [-113.4339092, 53.5719641045693], [-113.4331092, 53.572887865]]]}}, {"type": "Feature", "properties": {"DAUID": "48110386", "accessible_jobs": 11456}, "geometry": {"type": "Polygon", "coordinates": [[[-113.44033095, 53.576812618999995], [-113.44113095, 53.577736379430696], [-113.44273095, 53.577736379430696], [-113.44353095, 53.576812618999995], [-113.44273095, 53.57588885856929], [-113.44113095, 53.57588885856929], [-113.44033095, 53.576812618999995]]]}}, {"type": "Feature", "properties": {"DAUID": "48110388", "accessible_jobs": 4186}, "geometry": {"type": "Polygon", "coordinates": [[[-113.40478933333333, 53.58523065], [-113.40558933333332, 53.5861544104307], [-113.40718933333332, 53.5861544104307], [-113.40798933333332, 53.58523065], [-113.40718933333332, 53.5843068895693], [-113.40558933333332, 53.5843068895693], [-113.40478933333333, 53.58523065]]]}}, {"type": "Feature", "properties": {"DAUID": "48110389", "accessible_jobs": 9490}, "geometry": {"type": "Polygon", "coordinates": [[[-113.40414385000001, 53.58712697285715], [-113.40494385000001, 53.58805073328785], [-113.40654385, 53.58805073328785], [-113.40734385, 53.58712697285715], [-113.40654385, 53.58620321242645], [-113.40494385000001, 53.58620321242645], [-113.40414385000001, 53.58712697285715]]]}}, {"type": "Feature", "properties": {"DAUID": "48110390", "accessible_jobs": 10286}, "geometry": {"type": "Polygon", "coordinates": [[[-113.39432813333333, 53.58477355333333], [-113.39512813333333, 53.58569731376403], [-113.39672813333333, 53.58569731376403], [-113.39752813333332, 53.58477355333333], [-113.39672813333333, 53.583849792902626], [-113.39512813333333, 53.583849792902626], [-113.39432813333333, 53.58477355333333]]]}}, {"type": "Feature", "properties": {"DAUID": "48110391", "accessible_jobs": 9413}, "geometry": {"type": "Polygon", "coordinates": [[[-113.3910467, 53.58540369], [-113.3918467, 53.5863274504307], [-113.3934467, 53.5863274504307], [-113.3942467, 53.58540369], [-113.3934467, 53.5844799295693], [-113.3918467, 53.5844799295693], [-113.3910467, 53.58540369]]]}}, {"type": "Feature", "properties": {"DAUID": "48110392", "accessible_jobs": 10013}, "geometry": {"type": "Polygon", "coordinates": [[[-113.3893465, 53.58400889333333], [-113.3901465, 53.584932653764035], [-113.3917465, 53.584932653764035], [-113.3925465, 53.58400889333333], [-113.3917465, 53.58308513290263], [-113.3901465, 53.58308513290263], [-113.3893465, 53.58400889333333]]]}}, {"type": "Feature", "properties": {"DAUID": "48110393", "accessible_jobs": 10381}, "geometry": {"type": "Polygon", "coordinates": [[[-113.38573934, 53.581918592], [-113.38653934, 53.5828423524307], [-113.38813934, 53.5828423524307], [-113.38893934, 53.581918592], [-113.38813934, 53.5809948315693], [-113.38653934, 53.5809948315693], [-113.38573934, 53.581918592]]]}}, {"type": "Feature", "properties": {"DAUID": "48110395", "accessible_jobs": 2688}, "geometry": {"type": "Polygon", "coordinates": [[[-113.35596084999999, 53.575190025000005], [-113.35676084999999, 53.57611378543071], [-113.35836084999998, 53.57611378543071], [-113.35916084999998, 53.575190025000005], [-113.35836084999998, 53.5742662645693], [-113.35676084999999, 53.5742662645693], [-113.35596084999999, 53.575190025000005]]]}}, {"type": "Feature", "properties": {"DAUID": "48110396", "accessible_jobs": 3226}, "geometry": {"type": "Polygon", "coordinates": [[[-113.37833409999999, 53.57819619000001], [-113.37913409999999, 53.57911995043071], [-113.38073409999998, 53.57911995043071], [-113.38153409999998, 53.57819619000001], [-113.38073409999998, 53.577272429569305], [-113.37913409999999, 53.577272429569305], [-113.37833409999999, 53.57819619000001]]]}}, {"type": "Feature", "properties": {"DAUID": "48110399", "accessible_jobs": 11835}, "geometry": {"type": "Polygon", "coordinates": [[[-113.38514805, 53.59354039], [-113.38594805, 53.5944641504307], [-113.38754804999999, 53.5944641504307], [-113.38834804999999, 53.59354039], [-113.38754804999999, 53.5926166295693], [-113.38594805, 53.5926166295693], [-113.38514805, 53.59354039]]]}}, {"type": "Feature", "properties": {"DAUID": "48110401", "accessible_jobs": 6111}, "geometry": {"type": "Polygon", "coordinates": [[[-113.38897845000001, 53.595524545], [-113.38977845000001, 53.596448305430705], [-113.39137845, 53.596448305430705], [-113.39217845, 53.595524545], [-113.39137845, 53.5946007845693], [-113.38977845000001, 53.5946007845693], [-113.38897845000001, 53.595524545]]]}}, {"type": "Feature", "properties": {"DAUID": "48110403", "accessible_jobs": 7346}, "geometry": {"type": "Polygon", "coordinates": [[[-113.399138575, 53.596947452500004], [-113.399938575, 53.597871212930706], [-113.40153857499999, 53.597871212930706], [-113.40233857499999, 53.596947452500004], [-113.40153857499999, 53.5960236920693], [-113.399938575, 53.5960236920693], [-113.399138575, 53.596947452500004]]]}}, {"type": "Feature", "properties": {"DAUID": "48110405", "accessible_jobs": 16656}, "geometry": {"type": "Polygon", "coordinates": [[[-113.40659649473683, 53.59805778578947], [-113.40739649473683, 53.59898154622017], [-113.40899649473683, 53.59898154622017], [-113.40979649473682, 53.59805778578947], [-113.40899649473683, 53.59713402535877], [-113.40739649473683, 53.59713402535877], [-113.40659649473683, 53.59805778578947]]]}}, {"type": "Feature", "properties": {"DAUID": "48110406", "accessible_jobs": 12084}, "geometry": {"type": "Polygon", "coordinates": [[[-113.40783003333333, 53.59414850333334], [-113.40863003333332, 53.59507226376404], [-113.41023003333332, 53.59507226376404], [-113.41103003333332, 53.59414850333334], [-113.41023003333332, 53.593224742902635], [-113.40863003333332, 53.593224742902635], [-113.40783003333333, 53.59414850333334]]]}}, {"type": "Feature", "properties": {"DAUID": "48110408", "accessible_jobs": 9575}, "geometry": {"type": "Polygon", "coordinates": [[[-113.41582221470588, 53.590273047941174], [-113.41662221470588, 53.591196808371876], [-113.41822221470588, 53.591196808371876], [-113.41902221470588, 53.590273047941174], [-113.41822221470588, 53.58934928751047], [-113.41662221470588, 53.58934928751047], [-113.41582221470588, 53.590273047941174]]]}}, {"type": "Feature", "properties": {"DAUID": "48110410", "accessible_jobs": 9088}, "geometry": {"type": "Polygon", "coordinates": [[[-113.41469338333334, 53.586458157], [-113.41549338333334, 53.587381917430704], [-113.41709338333334, 53.587381917430704], [-113.41789338333334, 53.586458157], [-113.41709338333334, 53.5855343965693], [-113.41549338333334, 53.5855343965693], [-113.41469338333334, 53.586458157]]]}}, {"type": "Feature", "properties": {"DAUID": "48110412", "accessible_jobs": 7458}, "geometry": {"type": "Polygon", "coordinates": [[[-113.39426952222222, 53.59951891666667], [-113.39506952222222, 53.60044267709737], [-113.39666952222221, 53.60044267709737], [-113.39746952222221, 53.59951891666667], [-113.39666952222221, 53.598595156235966], [-113.39506952222222, 53.598595156235966], [-113.39426952222222, 53.59951891666667]]]}}, {"type": "Feature", "properties": {"DAUID": "48110415", "accessible_jobs": 10687}, "geometry": {"type": "Polygon", "coordinates": [[[-113.38251301904762, 53.60307142714286], [-113.38331301904762, 53.60399518757356], [-113.38491301904762, 53.60399518757356], [-113.38571301904761, 53.60307142714286], [-113.38491301904762, 53.602147666712156], [-113.38331301904762, 53.602147666712156], [-113.38251301904762, 53.60307142714286]]]}}, {"type": "Feature", "properties": {"DAUID": "48110417", "accessible_jobs": 11880}, "geometry": {"type": "Polygon", "coordinates": [[[-113.38487045454546, 53.596579788484846], [-113.38567045454546, 53.59750354891555], [-113.38727045454546, 53.59750354891555], [-113.38807045454546, 53.596579788484846], [-113.38727045454546, 53.595656028054144], [-113.38567045454546, 53.595656028054144], [-113.38487045454546, 53.596579788484846]]]}}, {"type": "Feature", "properties": {"DAUID": "48110421", "accessible_jobs": 11948}, "geometry": {"type": "Polygon", "coordinates": [[[-113.37796730000001, 53.60430072333333], [-113.3787673, 53.60522448376403], [-113.3803673, 53.60522448376403], [-113.3811673, 53.60430072333333], [-113.3803673, 53.60337696290263], [-113.3787673, 53.60337696290263], [-113.37796730000001, 53.60430072333333]]]}}, {"type": "Feature", "properties": {"DAUID": "48110423", "accessible_jobs": 7788}, "geometry": {"type": "Polygon", "coordinates": [[[-113.38231595, 53.60424696], [-113.38311595, 53.6051707204307], [-113.38471595, 53.6051707204307], [-113.38551595, 53.60424696], [-113.38471595, 53.603323199569296], [-113.38311595, 53.603323199569296], [-113.38231595, 53.60424696]]]}}, {"type": "Feature", "properties": {"DAUID": "48110424", "accessible_jobs": 7142}, "geometry": {"type": "Polygon", "coordinates": [[[-113.37753164285715, 53.612724404285714], [-113.37833164285715, 53.613648164716416], [-113.37993164285714, 53.613648164716416], [-113.38073164285714, 53.612724404285714], [-113.37993164285714, 53.61180064385501], [-113.37833164285715, 53.61180064385501], [-113.37753164285715, 53.612724404285714]]]}}, {"type": "Feature", "properties": {"DAUID": "48110425", "accessible_jobs": 7142}, "geometry": {"type": "Polygon", "coordinates": [[[-113.3711287, 53.611805], [-113.3719287, 53.6127287604307], [-113.3735287, 53.6127287604307], [-113.37432869999999, 53.611805], [-113.3735287, 53.610881239569295], [-113.3719287, 53.610881239569295], [-113.3711287, 53.611805]]]}}, {"type": "Feature", "properties": {"DAUID": "48110634", "accessible_jobs": 6870}, "geometry": {"type": "Polygon", "coordinates": [[[-113.4356022, 53.443216], [-113.4364022, 53.4441397604307], [-113.4380022, 53.4441397604307], [-113.4388022, 53.443216], [-113.4380022, 53.4422922395693], [-113.4364022, 53.4422922395693], [-113.4356022, 53.443216]]]}}, {"type": "Feature", "properties": {"DAUID": "48110635", "accessible_jobs": 9879}, "geometry": {"type": "Polygon", "coordinates": [[[-113.4310402, 53.44380374], [-113.4318402, 53.4447275004307], [-113.43344019999999, 53.4447275004307], [-113.43424019999999, 53.44380374], [-113.43344019999999, 53.4428799795693], [-113.4318402, 53.4428799795693], [-113.4310402, 53.44380374]]]}}, {"type": "Feature", "properties": {"DAUID": "48110636", "accessible_jobs": 5211}, "geometry": {"type": "Polygon", "coordinates": [[[-113.44104426666667, 53.44427338], [-113.44184426666666, 53.4451971404307], [-113.44344426666666, 53.4451971404307], [-113.44424426666666, 53.44427338], [-113.44344426666666, 53.4433496195693], [-113.44184426666666, 53.4433496195693], [-113.44104426666667, 53.44427338]]]}}, {"type": "Feature", "properties": {"DAUID": "48110637", "accessible_jobs": 4412}, "geometry": {"type": "Polygon", "coordinates": [[[-113.43734370000001, 53.44755205], [-113.43814370000001, 53.4484758104307], [-113.43974370000001, 53.4484758104307], [-113.4405437, 53.44755205], [-113.43974370000001, 53.4466282895693], [-113.43814370000001, 53.4466282895693], [-113.43734370000001, 53.44755205]]]}}, {"type": "Feature", "properties": {"DAUID": "48110638", "accessible_jobs": 6495}, "geometry": {"type": "Polygon", "coordinates": [[[-113.44270948571429, 53.444819835714284], [-113.44350948571429, 53.445743596144986], [-113.44510948571428, 53.445743596144986], [-113.44590948571428, 53.444819835714284], [-113.44510948571428, 53.44389607528358], [-113.44350948571429, 53.44389607528358], [-113.44270948571429, 53.444819835714284]]]}}, {"type": "Feature", "properties": {"DAUID": "48110641", "accessible_jobs": 9189}, "geometry": {"type": "Polygon", "coordinates": [[[-113.42861359333334, 53.45288420466667], [-113.42941359333334, 53.45380796509737], [-113.43101359333333, 53.45380796509737], [-113.43181359333333, 53.45288420466667], [-113.43101359333333, 53.451960444235965], [-113.42941359333334, 53.451960444235965], [-113.42861359333334, 53.45288420466667]]]}}, {"type": "Feature", "properties": {"DAUID": "48110643", "accessible_jobs": 6094}, "geometry": {"type": "Polygon", "coordinates": [[[-113.42636685, 53.447984625000004], [-113.42716684999999, 53.448908385430705], [-113.42876684999999, 53.448908385430705], [-113.42956684999999, 53.447984625000004], [-113.42876684999999, 53.4470608645693], [-113.42716684999999, 53.4470608645693], [-113.42636685, 53.447984625000004]]]}}, {"type": "Feature", "properties": {"DAUID": "48110644", "accessible_jobs": 5506}, "geometry": {"type": "Polygon", "coordinates": [[[-113.42461266666668, 53.453050278333336], [-113.42541266666667, 53.45397403876404], [-113.42701266666667, 53.45397403876404], [-113.42781266666667, 53.453050278333336], [-113.42701266666667, 53.452126517902634], [-113.42541266666667, 53.452126517902634], [-113.42461266666668, 53.453050278333336]]]}}, {"type": "Feature", "properties": {"DAUID": "48110645", "accessible_jobs": 9634}, "geometry": {"type": "Polygon", "coordinates": [[[-113.4193918, 53.45010213], [-113.4201918, 53.4510258904307], [-113.4217918, 53.4510258904307], [-113.42259179999999, 53.45010213], [-113.4217918, 53.449178369569296], [-113.4201918, 53.449178369569296], [-113.4193918, 53.45010213]]]}}, {"type": "Feature", "properties": {"DAUID": "48110646", "accessible_jobs": 9012}, "geometry": {"type": "Polygon", "coordinates": [[[-113.42138397777778, 53.45344901777778], [-113.42218397777778, 53.45437277820848], [-113.42378397777777, 53.45437277820848], [-113.42458397777777, 53.45344901777778], [-113.42378397777777, 53.45252525734708], [-113.42218397777778, 53.45252525734708], [-113.42138397777778, 53.45344901777778]]]}}, {"type": "Feature", "properties": {"DAUID": "48110648", "accessible_jobs": 12077}, "geometry": {"type": "Polygon", "coordinates": [[[-113.4128, 53.45493], [-113.4136, 53.4558537604307], [-113.4152, 53.4558537604307], [-113.416, 53.45493], [-113.4152, 53.454006239569296], [-113.4136, 53.454006239569296], [-113.4128, 53.45493]]]}}, {"type": "Feature", "properties": {"DAUID": "48110649", "accessible_jobs": 5507}, "geometry": {"type": "Polygon", "coordinates": [[[-113.40704291111112, 53.45470262888889], [-113.40784291111112, 53.45562638931959], [-113.40944291111111, 53.45562638931959], [-113.41024291111111, 53.45470262888889], [-113.40944291111111, 53.45377886845819], [-113.40784291111112, 53.45377886845819], [-113.40704291111112, 53.45470262888889]]]}}, {"type": "Feature", "properties": {"DAUID": "48110650", "accessible_jobs": 5677}, "geometry": {"type": "Polygon", "coordinates": [[[-113.410385, 53.44880395], [-113.411185, 53.4497277104307], [-113.412785, 53.4497277104307], [-113.413585, 53.44880395], [-113.412785, 53.4478801895693], [-113.411185, 53.4478801895693], [-113.410385, 53.44880395]]]}}, {"type": "Feature", "properties": {"DAUID": "48110653", "accessible_jobs": 7814}, "geometry": {"type": "Polygon", "coordinates": [[[-113.40019768333333, 53.44445546666666], [-113.40099768333333, 53.44537922709736], [-113.40259768333333, 53.44537922709736], [-113.40339768333332, 53.44445546666666], [-113.40259768333333, 53.44353170623596], [-113.40099768333333, 53.44353170623596], [-113.40019768333333, 53.44445546666666]]]}}, {"type": "Feature", "properties": {"DAUID": "48110654", "accessible_jobs": 7814}, "geometry": {"type": "Polygon", "coordinates": [[[-113.4040502, 53.44099865], [-113.4048502, 53.4419224104307], [-113.4064502, 53.4419224104307], [-113.4072502, 53.44099865], [-113.4064502, 53.440074889569296], [-113.4048502, 53.440074889569296], [-113.4040502, 53.44099865]]]}}, {"type": "Feature", "properties": {"DAUID": "48110655", "accessible_jobs": 10236}, "geometry": {"type": "Polygon", "coordinates": [[[-113.4064079, 53.44369908], [-113.4072079, 53.4446228404307], [-113.4088079, 53.4446228404307], [-113.4096079, 53.44369908], [-113.4088079, 53.4427753195693], [-113.4072079, 53.4427753195693], [-113.4064079, 53.44369908]]]}}, {"type": "Feature", "properties": {"DAUID": "48110658", "accessible_jobs": 7675}, "geometry": {"type": "Polygon", "coordinates": [[[-113.40091815, 53.431684375], [-113.40171815, 53.432608135430705], [-113.40331814999999, 53.432608135430705], [-113.40411814999999, 53.431684375], [-113.40331814999999, 53.4307606145693], [-113.40171815, 53.4307606145693], [-113.40091815, 53.431684375]]]}}, {"type": "Feature", "properties": {"DAUID": "48110659", "accessible_jobs": 6372}, "geometry": {"type": "Polygon", "coordinates": [[[-113.39411387666667, 53.42850185266666], [-113.39491387666666, 53.429425613097365], [-113.39651387666666, 53.429425613097365], [-113.39731387666666, 53.42850185266666], [-113.39651387666666, 53.42757809223596], [-113.39491387666666, 53.42757809223596], [-113.39411387666667, 53.42850185266666]]]}}, {"type": "Feature", "properties": {"DAUID": "48110660", "accessible_jobs": 7407}, "geometry": {"type": "Polygon", "coordinates": [[[-113.39862680000002, 53.444002195], [-113.39942680000001, 53.444925955430705], [-113.40102680000001, 53.444925955430705], [-113.40182680000001, 53.444002195], [-113.40102680000001, 53.4430784345693], [-113.39942680000001, 53.4430784345693], [-113.39862680000002, 53.444002195]]]}}, {"type": "Feature", "properties": {"DAUID": "48110664", "accessible_jobs": 7559}, "geometry": {"type": "Polygon", "coordinates": [[[-113.39716580000001, 53.45349553], [-113.39796580000001, 53.4544192904307], [-113.3995658, 53.4544192904307], [-113.4003658, 53.45349553], [-113.3995658, 53.452571769569296], [-113.39796580000001, 53.452571769569296], [-113.39716580000001, 53.45349553]]]}}, {"type": "Feature", "properties": {"DAUID": "48110666", "accessible_jobs": 6725}, "geometry": {"type": "Polygon", "coordinates": [[[-113.40636524666667, 53.454470776], [-113.40716524666666, 53.4553945364307], [-113.40876524666666, 53.4553945364307], [-113.40956524666666, 53.454470776], [-113.40876524666666, 53.4535470155693], [-113.40716524666666, 53.4535470155693], [-113.40636524666667, 53.454470776]]]}}, {"type": "Feature", "properties": {"DAUID": "48110667", "accessible_jobs": 10520}, "geometry": {"type": "Polygon", "coordinates": [[[-113.4030786, 53.45559482], [-113.4038786, 53.4565185804307], [-113.4054786, 53.4565185804307], [-113.4062786, 53.45559482], [-113.4054786, 53.4546710595693], [-113.4038786, 53.4546710595693], [-113.4030786, 53.45559482]]]}}, {"type": "Feature", "properties": {"DAUID": "48110669", "accessible_jobs": 12331}, "geometry": {"type": "Polygon", "coordinates": [[[-113.40021680000001, 53.45573513], [-113.40101680000001, 53.4566588904307], [-113.4026168, 53.4566588904307], [-113.4034168, 53.45573513], [-113.4026168, 53.4548113695693], [-113.40101680000001, 53.4548113695693], [-113.40021680000001, 53.45573513]]]}}, {"type": "Feature", "properties": {"DAUID": "48110677", "accessible_jobs": 9844}, "geometry": {"type": "Polygon", "coordinates": [[[-113.3981809, 53.46281015], [-113.3989809, 53.463733910430705], [-113.4005809, 53.463733910430705], [-113.40138089999999, 53.46281015], [-113.4005809, 53.4618863895693], [-113.3989809, 53.4618863895693], [-113.3981809, 53.46281015]]]}}, {"type": "Feature", "properties": {"DAUID": "48110683", "accessible_jobs": 16090}, "geometry": {"type": "Polygon", "coordinates": [[[-113.39248595, 53.48070274857143], [-113.39328594999999, 53.48162650900213], [-113.39488594999999, 53.48162650900213], [-113.39568594999999, 53.48070274857143], [-113.39488594999999, 53.47977898814073], [-113.39328594999999, 53.47977898814073], [-113.39248595, 53.48070274857143]]]}}, {"type": "Feature", "properties": {"DAUID": "48110692", "accessible_jobs": 16026}, "geometry": {"type": "Polygon", "coordinates": [[[-113.39288252, 53.492817256], [-113.39368252, 53.493741016430704], [-113.39528252, 53.493741016430704], [-113.39608252, 53.492817256], [-113.39528252, 53.4918934955693], [-113.39368252, 53.4918934955693], [-113.39288252, 53.492817256]]]}}, {"type": "Feature", "properties": {"DAUID": "48110693", "accessible_jobs": 14498}, "geometry": {"type": "Polygon", "coordinates": [[[-113.398157583, 53.493262679], [-113.398957583, 53.4941864394307], [-113.400557583, 53.4941864394307], [-113.40135758299999, 53.493262679], [-113.400557583, 53.492338918569295], [-113.398957583, 53.492338918569295], [-113.398157583, 53.493262679]]]}}, {"type": "Feature", "properties": {"DAUID": "48110694", "accessible_jobs": 16026}, "geometry": {"type": "Polygon", "coordinates": [[[-113.40572786666667, 53.484642183333335], [-113.40652786666666, 53.48556594376404], [-113.40812786666666, 53.48556594376404], [-113.40892786666666, 53.484642183333335], [-113.40812786666666, 53.48371842290263], [-113.40652786666666, 53.48371842290263], [-113.40572786666667, 53.484642183333335]]]}}, {"type": "Feature", "properties": {"DAUID": "48110695", "accessible_jobs": 16358}, "geometry": {"type": "Polygon", "coordinates": [[[-113.41176804108528, 53.49352950844961], [-113.41256804108528, 53.494453268880314], [-113.41416804108528, 53.494453268880314], [-113.41496804108527, 53.49352950844961], [-113.41416804108528, 53.49260574801891], [-113.41256804108528, 53.49260574801891], [-113.41176804108528, 53.49352950844961]]]}}, {"type": "Feature", "properties": {"DAUID": "48110699", "accessible_jobs": 18471}, "geometry": {"type": "Polygon", "coordinates": [[[-113.41535200909091, 53.48138476909091], [-113.41615200909091, 53.48230852952161], [-113.4177520090909, 53.48230852952161], [-113.4185520090909, 53.48138476909091], [-113.4177520090909, 53.48046100866021], [-113.41615200909091, 53.48046100866021], [-113.41535200909091, 53.48138476909091]]]}}, {"type": "Feature", "properties": {"DAUID": "48110700", "accessible_jobs": 5602}, "geometry": {"type": "Polygon", "coordinates": [[[-113.42931255961538, 53.49267371538462], [-113.43011255961538, 53.49359747581532], [-113.43171255961538, 53.49359747581532], [-113.43251255961538, 53.49267371538462], [-113.43171255961538, 53.49174995495392], [-113.43011255961538, 53.49174995495392], [-113.42931255961538, 53.49267371538462]]]}}, {"type": "Feature", "properties": {"DAUID": "48110702", "accessible_jobs": 24828}, "geometry": {"type": "Polygon", "coordinates": [[[-113.42532545, 53.473062965], [-113.42612545, 53.4739867254307], [-113.42772545, 53.4739867254307], [-113.42852545, 53.473062965], [-113.42772545, 53.472139204569295], [-113.42612545, 53.472139204569295], [-113.42532545, 53.473062965]]]}}, {"type": "Feature", "properties": {"DAUID": "48110703", "accessible_jobs": 8220}, "geometry": {"type": "Polygon", "coordinates": [[[-113.41629662500002, 53.47625349416666], [-113.41709662500001, 53.477177254597365], [-113.41869662500001, 53.477177254597365], [-113.41949662500001, 53.47625349416666], [-113.41869662500001, 53.47532973373596], [-113.41709662500001, 53.47532973373596], [-113.41629662500002, 53.47625349416666]]]}}, {"type": "Feature", "properties": {"DAUID": "48110705", "accessible_jobs": 11064}, "geometry": {"type": "Polygon", "coordinates": [[[-113.4066686, 53.4677099], [-113.4074686, 53.468633660430704], [-113.4090686, 53.468633660430704], [-113.4098686, 53.4677099], [-113.4090686, 53.4667861395693], [-113.4074686, 53.4667861395693], [-113.4066686, 53.4677099]]]}}, {"type": "Feature", "properties": {"DAUID": "48110706", "accessible_jobs": 9132}, "geometry": {"type": "Polygon", "coordinates": [[[-113.41427060000001, 53.46505059], [-113.4150706, 53.4659743504307], [-113.4166706, 53.4659743504307], [-113.4174706, 53.46505059], [-113.4166706, 53.464126829569295], [-113.4150706, 53.464126829569295], [-113.41427060000001, 53.46505059]]]}}, {"type": "Feature", "properties": {"DAUID": "48110708", "accessible_jobs": 9643}, "geometry": {"type": "Polygon", "coordinates": [[[-113.4081690888889, 53.467139124444444], [-113.4089690888889, 53.468062884875145], [-113.41056908888889, 53.468062884875145], [-113.41136908888889, 53.467139124444444], [-113.41056908888889, 53.46621536401374], [-113.4089690888889, 53.46621536401374], [-113.4081690888889, 53.467139124444444]]]}}, {"type": "Feature", "properties": {"DAUID": "48110711", "accessible_jobs": 5826}, "geometry": {"type": "Polygon", "coordinates": [[[-113.4101613, 53.46169323], [-113.4109613, 53.4626169904307], [-113.4125613, 53.4626169904307], [-113.41336129999999, 53.46169323], [-113.4125613, 53.4607694695693], [-113.4109613, 53.4607694695693], [-113.4101613, 53.46169323]]]}}, {"type": "Feature", "properties": {"DAUID": "48110712", "accessible_jobs": 11643}, "geometry": {"type": "Polygon", "coordinates": [[[-113.41431970000001, 53.46002665], [-113.4151197, 53.460950410430705], [-113.4167197, 53.460950410430705], [-113.4175197, 53.46002665], [-113.4167197, 53.4591028895693], [-113.4151197, 53.4591028895693], [-113.41431970000001, 53.46002665]]]}}, {"type": "Feature", "properties": {"DAUID": "48110713", "accessible_jobs": 14937}, "geometry": {"type": "Polygon", "coordinates": [[[-113.41026, 53.456643060000005], [-113.41105999999999, 53.457566820430706], [-113.41265999999999, 53.457566820430706], [-113.41345999999999, 53.456643060000005], [-113.41265999999999, 53.4557192995693], [-113.41105999999999, 53.4557192995693], [-113.41026, 53.456643060000005]]]}}, {"type": "Feature", "properties": {"DAUID": "48110714", "accessible_jobs": 14308}, "geometry": {"type": "Polygon", "coordinates": [[[-113.41602976666667, 53.45893330888889], [-113.41682976666667, 53.45985706931959], [-113.41842976666666, 53.45985706931959], [-113.41922976666666, 53.45893330888889], [-113.41842976666666, 53.458009548458186], [-113.41682976666667, 53.458009548458186], [-113.41602976666667, 53.45893330888889]]]}}, {"type": "Feature", "properties": {"DAUID": "48110718", "accessible_jobs": 20163}, "geometry": {"type": "Polygon", "coordinates": [[[-113.419994, 53.47081299], [-113.420794, 53.4717367504307], [-113.422394, 53.4717367504307], [-113.423194, 53.47081299], [-113.422394, 53.4698892295693], [-113.420794, 53.4698892295693], [-113.419994, 53.47081299]]]}}, {"type": "Feature", "properties": {"DAUID": "48110719", "accessible_jobs": 14317}, "geometry": {"type": "Polygon", "coordinates": [[[-113.4262732, 53.467877], [-113.4270732, 53.4688007604307], [-113.42867319999999, 53.4688007604307], [-113.42947319999999, 53.467877], [-113.42867319999999, 53.4669532395693], [-113.4270732, 53.4669532395693], [-113.4262732, 53.467877]]]}}, {"type": "Feature", "properties": {"DAUID": "48110726", "accessible_jobs": 16148}, "geometry": {"type": "Polygon", "coordinates": [[[-113.4509764, 53.4689708], [-113.4517764, 53.4698945604307], [-113.4533764, 53.4698945604307], [-113.4541764, 53.4689708], [-113.4533764, 53.4680470395693], [-113.4517764, 53.4680470395693], [-113.4509764, 53.4689708]]]}}, {"type": "Feature", "properties": {"DAUID": "48110727", "accessible_jobs": 23007}, "geometry": {"type": "Polygon", "coordinates": [[[-113.45467970000001, 53.4706276525], [-113.45547970000001, 53.4715514129307], [-113.45707970000001, 53.4715514129307], [-113.4578797, 53.4706276525], [-113.45707970000001, 53.4697038920693], [-113.45547970000001, 53.4697038920693], [-113.45467970000001, 53.4706276525]]]}}, {"type": "Feature", "properties": {"DAUID": "48110728", "accessible_jobs": 12375}, "geometry": {"type": "Polygon", "coordinates": [[[-113.4575813, 53.46927844], [-113.4583813, 53.4702022004307], [-113.4599813, 53.4702022004307], [-113.4607813, 53.46927844], [-113.4599813, 53.468354679569295], [-113.4583813, 53.468354679569295], [-113.4575813, 53.46927844]]]}}, {"type": "Feature", "properties": {"DAUID": "48110729", "accessible_jobs": 10773}, "geometry": {"type": "Polygon", "coordinates": [[[-113.46786587560976, 53.46944826536585], [-113.46866587560976, 53.47037202579655], [-113.47026587560975, 53.47037202579655], [-113.47106587560975, 53.46944826536585], [-113.47026587560975, 53.46852450493515], [-113.46866587560976, 53.46852450493515], [-113.46786587560976, 53.46944826536585]]]}}, {"type": "Feature", "properties": {"DAUID": "48110730", "accessible_jobs": 18311}, "geometry": {"type": "Polygon", "coordinates": [[[-113.4598119, 53.47082329], [-113.4606119, 53.4717470504307], [-113.4622119, 53.4717470504307], [-113.4630119, 53.47082329], [-113.4622119, 53.4698995295693], [-113.4606119, 53.4698995295693], [-113.4598119, 53.47082329]]]}}, {"type": "Feature", "properties": {"DAUID": "48110731", "accessible_jobs": 14885}, "geometry": {"type": "Polygon", "coordinates": [[[-113.46857095, 53.48410452294118], [-113.46937095, 53.48502828337188], [-113.47097095, 53.48502828337188], [-113.47177094999999, 53.48410452294118], [-113.47097095, 53.48318076251048], [-113.46937095, 53.48318076251048], [-113.46857095, 53.48410452294118]]]}}, {"type": "Feature", "properties": {"DAUID": "48110732", "accessible_jobs": 14885}, "geometry": {"type": "Polygon", "coordinates": [[[-113.46719288571428, 53.47796771142857], [-113.46799288571428, 53.47889147185927], [-113.46959288571428, 53.47889147185927], [-113.47039288571428, 53.47796771142857], [-113.46959288571428, 53.47704395099787], [-113.46799288571428, 53.47704395099787], [-113.46719288571428, 53.47796771142857]]]}}, {"type": "Feature", "properties": {"DAUID": "48110733", "accessible_jobs": 14885}, "geometry": {"type": "Polygon", "coordinates": [[[-113.46090375105486, 53.48759916012658], [-113.46170375105486, 53.48852292055728], [-113.46330375105485, 53.48852292055728], [-113.46410375105485, 53.48759916012658], [-113.46330375105485, 53.486675399695876], [-113.46170375105486, 53.486675399695876], [-113.46090375105486, 53.48759916012658]]]}}, {"type": "Feature", "properties": {"DAUID": "48110736", "accessible_jobs": 16123}, "geometry": {"type": "Polygon", "coordinates": [[[-113.45414222000001, 53.474182002], [-113.45494222, 53.4751057624307], [-113.45654222, 53.4751057624307], [-113.45734222, 53.474182002], [-113.45654222, 53.4732582415693], [-113.45494222, 53.4732582415693], [-113.45414222000001, 53.474182002]]]}}, {"type": "Feature", "properties": {"DAUID": "48110737", "accessible_jobs": 45608}, "geometry": {"type": "Polygon", "coordinates": [[[-113.445752, 53.47478537], [-113.446552, 53.4757091304307], [-113.448152, 53.4757091304307], [-113.44895199999999, 53.47478537], [-113.448152, 53.4738616095693], [-113.446552, 53.4738616095693], [-113.445752, 53.47478537]]]}}, {"type": "Feature", "properties": {"DAUID": "48110742", "accessible_jobs": 25812}, "geometry": {"type": "Polygon", "coordinates": [[[-113.46131800842697, 53.496995543314604], [-113.46211800842697, 53.497919303745306], [-113.46371800842697, 53.497919303745306], [-113.46451800842696, 53.496995543314604], [-113.46371800842697, 53.4960717828839], [-113.46211800842697, 53.4960717828839], [-113.46131800842697, 53.496995543314604]]]}}, {"type": "Feature", "properties": {"DAUID": "48110743", "accessible_jobs": 23484}, "geometry": {"type": "Polygon", "coordinates": [[[-113.45714388333334, 53.503159465], [-113.45794388333334, 53.504083225430705], [-113.45954388333334, 53.504083225430705], [-113.46034388333334, 53.503159465], [-113.45954388333334, 53.5022357045693], [-113.45794388333334, 53.5022357045693], [-113.45714388333334, 53.503159465]]]}}, {"type": "Feature", "properties": {"DAUID": "48110744", "accessible_jobs": 32485}, "geometry": {"type": "Polygon", "coordinates": [[[-113.44871100675675, 53.502014425540544], [-113.44951100675675, 53.502938185971246], [-113.45111100675675, 53.502938185971246], [-113.45191100675675, 53.502014425540544], [-113.45111100675675, 53.50109066510984], [-113.44951100675675, 53.50109066510984], [-113.44871100675675, 53.502014425540544]]]}}, {"type": "Feature", "properties": {"DAUID": "48110746", "accessible_jobs": 14535}, "geometry": {"type": "Polygon", "coordinates": [[[-113.44232863977273, 53.50436918755682], [-113.44312863977272, 53.50529294798752], [-113.44472863977272, 53.50529294798752], [-113.44552863977272, 53.50436918755682], [-113.44472863977272, 53.50344542712612], [-113.44312863977272, 53.50344542712612], [-113.44232863977273, 53.50436918755682]]]}}, {"type": "Feature", "properties": {"DAUID": "48110749", "accessible_jobs": 93178}, "geometry": {"type": "Polygon", "coordinates": [[[-113.44839921666666, 53.51781268833333], [-113.44919921666666, 53.51873644876403], [-113.45079921666665, 53.51873644876403], [-113.45159921666665, 53.51781268833333], [-113.45079921666665, 53.51688892790263], [-113.44919921666666, 53.51688892790263], [-113.44839921666666, 53.51781268833333]]]}}, {"type": "Feature", "properties": {"DAUID": "48110750", "accessible_jobs": 150107}, "geometry": {"type": "Polygon", "coordinates": [[[-113.45152824615386, 53.518238323846155], [-113.45232824615385, 53.51916208427686], [-113.45392824615385, 53.51916208427686], [-113.45472824615385, 53.518238323846155], [-113.45392824615385, 53.517314563415454], [-113.45232824615385, 53.517314563415454], [-113.45152824615386, 53.518238323846155]]]}}, {"type": "Feature", "properties": {"DAUID": "48110751", "accessible_jobs": 147226}, "geometry": {"type": "Polygon", "coordinates": [[[-113.45523559545455, 53.52085380761364], [-113.45603559545455, 53.52177756804434], [-113.45763559545455, 53.52177756804434], [-113.45843559545455, 53.52085380761364], [-113.45763559545455, 53.51993004718294], [-113.45603559545455, 53.51993004718294], [-113.45523559545455, 53.52085380761364]]]}}, {"type": "Feature", "properties": {"DAUID": "48110752", "accessible_jobs": 64175}, "geometry": {"type": "Polygon", "coordinates": [[[-113.44216030000001, 53.51840562666666], [-113.44296030000001, 53.519329387097365], [-113.4445603, 53.519329387097365], [-113.4453603, 53.51840562666666], [-113.4445603, 53.51748186623596], [-113.44296030000001, 53.51748186623596], [-113.44216030000001, 53.51840562666666]]]}}, {"type": "Feature", "properties": {"DAUID": "48110753", "accessible_jobs": 38524}, "geometry": {"type": "Polygon", "coordinates": [[[-113.4394863, 53.52488233], [-113.4402863, 53.5258060904307], [-113.4418863, 53.5258060904307], [-113.44268629999999, 53.52488233], [-113.4418863, 53.523958569569295], [-113.4402863, 53.523958569569295], [-113.4394863, 53.52488233]]]}}, {"type": "Feature", "properties": {"DAUID": "48110754", "accessible_jobs": 23708}, "geometry": {"type": "Polygon", "coordinates": [[[-113.43309105, 53.5202005525], [-113.43389105, 53.5211243129307], [-113.43549105, 53.5211243129307], [-113.43629105, 53.5202005525], [-113.43549105, 53.5192767920693], [-113.43389105, 53.5192767920693], [-113.43309105, 53.5202005525]]]}}, {"type": "Feature", "properties": {"DAUID": "48110755", "accessible_jobs": 24737}, "geometry": {"type": "Polygon", "coordinates": [[[-113.42957426000001, 53.525574794], [-113.43037426000001, 53.5264985544307], [-113.43197426, 53.5264985544307], [-113.43277426, 53.525574794], [-113.43197426, 53.5246510335693], [-113.43037426000001, 53.5246510335693], [-113.42957426000001, 53.525574794]]]}}, {"type": "Feature", "properties": {"DAUID": "48110756", "accessible_jobs": 28578}, "geometry": {"type": "Polygon", "coordinates": [[[-113.43480000000001, 53.52493], [-113.43560000000001, 53.5258537604307], [-113.4372, 53.5258537604307], [-113.438, 53.52493], [-113.4372, 53.524006239569296], [-113.43560000000001, 53.524006239569296], [-113.43480000000001, 53.52493]]]}}, {"type": "Feature", "properties": {"DAUID": "48110757", "accessible_jobs": 22293}, "geometry": {"type": "Polygon", "coordinates": [[[-113.42584010588236, 53.52540885352941], [-113.42664010588236, 53.526332613960115], [-113.42824010588235, 53.526332613960115], [-113.42904010588235, 53.52540885352941], [-113.42824010588235, 53.52448509309871], [-113.42664010588236, 53.52448509309871], [-113.42584010588236, 53.52540885352941]]]}}, {"type": "Feature", "properties": {"DAUID": "48110759", "accessible_jobs": 15605}, "geometry": {"type": "Polygon", "coordinates": [[[-113.41251190727273, 53.530967452545454], [-113.41331190727273, 53.531891212976156], [-113.41491190727272, 53.531891212976156], [-113.41571190727272, 53.530967452545454], [-113.41491190727272, 53.53004369211475], [-113.41331190727273, 53.53004369211475], [-113.41251190727273, 53.530967452545454]]]}}, {"type": "Feature", "properties": {"DAUID": "48110760", "accessible_jobs": 15542}, "geometry": {"type": "Polygon", "coordinates": [[[-113.4270474, 53.5310629], [-113.4278474, 53.531986660430704], [-113.4294474, 53.531986660430704], [-113.4302474, 53.5310629], [-113.4294474, 53.5301391395693], [-113.4278474, 53.5301391395693], [-113.4270474, 53.5310629]]]}}, {"type": "Feature", "properties": {"DAUID": "48110765", "accessible_jobs": 20504}, "geometry": {"type": "Polygon", "coordinates": [[[-113.41975996363637, 53.54150668636364], [-113.42055996363636, 53.54243044679434], [-113.42215996363636, 53.54243044679434], [-113.42295996363636, 53.54150668636364], [-113.42215996363636, 53.54058292593294], [-113.42055996363636, 53.54058292593294], [-113.41975996363637, 53.54150668636364]]]}}, {"type": "Feature", "properties": {"DAUID": "48110768", "accessible_jobs": 80791}, "geometry": {"type": "Polygon", "coordinates": [[[-113.42758446666666, 53.54787328333333], [-113.42838446666666, 53.54879704376403], [-113.42998446666665, 53.54879704376403], [-113.43078446666665, 53.54787328333333], [-113.42998446666665, 53.54694952290263], [-113.42838446666666, 53.54694952290263], [-113.42758446666666, 53.54787328333333]]]}}, {"type": "Feature", "properties": {"DAUID": "48110771", "accessible_jobs": 10012}, "geometry": {"type": "Polygon", "coordinates": [[[-113.4227972, 53.550024], [-113.4235972, 53.5509477604307], [-113.4251972, 53.5509477604307], [-113.4259972, 53.550024], [-113.4251972, 53.5491002395693], [-113.4235972, 53.5491002395693], [-113.4227972, 53.550024]]]}}, {"type": "Feature", "properties": {"DAUID": "48110772", "accessible_jobs": 5727}, "geometry": {"type": "Polygon", "coordinates": [[[-113.418682, 53.552588888], [-113.419482, 53.553512648430704], [-113.421082, 53.553512648430704], [-113.421882, 53.552588888], [-113.421082, 53.5516651275693], [-113.419482, 53.5516651275693], [-113.418682, 53.552588888]]]}}, {"type": "Feature", "properties": {"DAUID": "48110774", "accessible_jobs": 2191}, "geometry": {"type": "Polygon", "coordinates": [[[-113.4137, 53.56139], [-113.4145, 53.562313760430705], [-113.4161, 53.562313760430705], [-113.4169, 53.56139], [-113.4161, 53.5604662395693], [-113.4145, 53.5604662395693], [-113.4137, 53.56139]]]}}, {"type": "Feature", "properties": {"DAUID": "48110775", "accessible_jobs": 5542}, "geometry": {"type": "Polygon", "coordinates": [[[-113.39665000000001, 53.539595], [-113.39745, 53.5405187604307], [-113.39905, 53.5405187604307], [-113.39985, 53.539595], [-113.39905, 53.5386712395693], [-113.39745, 53.5386712395693], [-113.39665000000001, 53.539595]]]}}, {"type": "Feature", "properties": {"DAUID": "48110776", "accessible_jobs": 8803}, "geometry": {"type": "Polygon", "coordinates": [[[-113.4118916, 53.54959585], [-113.4126916, 53.550519610430705], [-113.4142916, 53.550519610430705], [-113.4150916, 53.54959585], [-113.4142916, 53.5486720895693], [-113.4126916, 53.5486720895693], [-113.4118916, 53.54959585]]]}}, {"type": "Feature", "properties": {"DAUID": "48110777", "accessible_jobs": 8988}, "geometry": {"type": "Polygon", "coordinates": [[[-113.40265503333335, 53.53916462], [-113.40345503333334, 53.5400883804307], [-113.40505503333334, 53.5400883804307], [-113.40585503333334, 53.53916462], [-113.40505503333334, 53.5382408595693], [-113.40345503333334, 53.5382408595693], [-113.40265503333335, 53.53916462]]]}}, {"type": "Feature", "properties": {"DAUID": "48110778", "accessible_jobs": 18493}, "geometry": {"type": "Polygon", "coordinates": [[[-113.4185563, 53.55111410000001], [-113.4193563, 53.55203786043071], [-113.4209563, 53.55203786043071], [-113.4217563, 53.55111410000001], [-113.4209563, 53.550190339569305], [-113.4193563, 53.550190339569305], [-113.4185563, 53.55111410000001]]]}}, {"type": "Feature", "properties": {"DAUID": "48110779", "accessible_jobs": 17972}, "geometry": {"type": "Polygon", "coordinates": [[[-113.41231015735293, 53.537819199411764], [-113.41311015735293, 53.538742959842466], [-113.41471015735293, 53.538742959842466], [-113.41551015735293, 53.537819199411764], [-113.41471015735293, 53.53689543898106], [-113.41311015735293, 53.53689543898106], [-113.41231015735293, 53.537819199411764]]]}}, {"type": "Feature", "properties": {"DAUID": "48110785", "accessible_jobs": 18254}, "geometry": {"type": "Polygon", "coordinates": [[[-113.41896712857144, 53.51705674714285], [-113.41976712857144, 53.517980507573554], [-113.42136712857143, 53.517980507573554], [-113.42216712857143, 53.51705674714285], [-113.42136712857143, 53.51613298671215], [-113.41976712857144, 53.51613298671215], [-113.41896712857144, 53.51705674714285]]]}}, {"type": "Feature", "properties": {"DAUID": "48110786", "accessible_jobs": 20549}, "geometry": {"type": "Polygon", "coordinates": [[[-113.41291227058824, 53.524675099058825], [-113.41371227058823, 53.52559885948953], [-113.41531227058823, 53.52559885948953], [-113.41611227058823, 53.524675099058825], [-113.41531227058823, 53.523751338628124], [-113.41371227058823, 53.523751338628124], [-113.41291227058824, 53.524675099058825]]]}}, {"type": "Feature", "properties": {"DAUID": "48110787", "accessible_jobs": 47060}, "geometry": {"type": "Polygon", "coordinates": [[[-113.42946942666667, 53.518211629666666], [-113.43026942666667, 53.51913539009737], [-113.43186942666667, 53.51913539009737], [-113.43266942666666, 53.518211629666666], [-113.43186942666667, 53.517287869235965], [-113.43026942666667, 53.517287869235965], [-113.42946942666667, 53.518211629666666]]]}}, {"type": "Feature", "properties": {"DAUID": "48110788", "accessible_jobs": 110484}, "geometry": {"type": "Polygon", "coordinates": [[[-113.4379988, 53.51816982862069], [-113.4387988, 53.519093589051394], [-113.4403988, 53.519093589051394], [-113.4411988, 53.51816982862069], [-113.4403988, 53.51724606818999], [-113.4387988, 53.51724606818999], [-113.4379988, 53.51816982862069]]]}}, {"type": "Feature", "properties": {"DAUID": "48110789", "accessible_jobs": 52504}, "geometry": {"type": "Polygon", "coordinates": [[[-113.43747149555556, 53.510524636], [-113.43827149555555, 53.5114483964307], [-113.43987149555555, 53.5114483964307], [-113.44067149555555, 53.510524636], [-113.43987149555555, 53.5096008755693], [-113.43827149555555, 53.5096008755693], [-113.43747149555556, 53.510524636]]]}}, {"type": "Feature", "properties": {"DAUID": "48110790", "accessible_jobs": 14136}, "geometry": {"type": "Polygon", "coordinates": [[[-113.43006020708333, 53.50950098420833], [-113.43086020708333, 53.51042474463903], [-113.43246020708332, 53.51042474463903], [-113.43326020708332, 53.50950098420833], [-113.43246020708332, 53.50857722377763], [-113.43086020708333, 53.50857722377763], [-113.43006020708333, 53.50950098420833]]]}}, {"type": "Feature", "properties": {"DAUID": "48110791", "accessible_jobs": 1031}, "geometry": {"type": "Polygon", "coordinates": [[[-113.38299743333334, 53.56070122], [-113.38379743333334, 53.5616249804307], [-113.38539743333334, 53.5616249804307], [-113.38619743333334, 53.56070122], [-113.38539743333334, 53.5597774595693], [-113.38379743333334, 53.5597774595693], [-113.38299743333334, 53.56070122]]]}}, {"type": "Feature", "properties": {"DAUID": "48110792", "accessible_jobs": 2604}, "geometry": {"type": "Polygon", "coordinates": [[[-113.3925207875, 53.55928268625], [-113.3933207875, 53.5602064466807], [-113.3949207875, 53.5602064466807], [-113.3957207875, 53.55928268625], [-113.3949207875, 53.5583589258193], [-113.3933207875, 53.5583589258193], [-113.3925207875, 53.55928268625]]]}}, {"type": "Feature", "properties": {"DAUID": "48110793", "accessible_jobs": 3970}, "geometry": {"type": "Polygon", "coordinates": [[[-113.38789200000001, 53.5633745], [-113.388692, 53.564298260430704], [-113.390292, 53.564298260430704], [-113.391092, 53.5633745], [-113.390292, 53.5624507395693], [-113.388692, 53.5624507395693], [-113.38789200000001, 53.5633745]]]}}, {"type": "Feature", "properties": {"DAUID": "48110795", "accessible_jobs": 3262}, "geometry": {"type": "Polygon", "coordinates": [[[-113.38724996666667, 53.56843868666667], [-113.38804996666667, 53.56936244709737], [-113.38964996666667, 53.56936244709737], [-113.39044996666667, 53.56843868666667], [-113.38964996666667, 53.567514926235965], [-113.38804996666667, 53.567514926235965], [-113.38724996666667, 53.56843868666667]]]}}, {"type": "Feature", "properties": {"DAUID": "48110796", "accessible_jobs": 4030}, "geometry": {"type": "Polygon", "coordinates": [[[-113.39132768235294, 53.56898635529412], [-113.39212768235294, 53.569910115724824], [-113.39372768235293, 53.569910115724824], [-113.39452768235293, 53.56898635529412], [-113.39372768235293, 53.56806259486342], [-113.39212768235294, 53.56806259486342], [-113.39132768235294, 53.56898635529412]]]}}, {"type": "Feature", "properties": {"DAUID": "48110797", "accessible_jobs": 4684}, "geometry": {"type": "Polygon", "coordinates": [[[-113.39445375000001, 53.569584829444445], [-113.39525375000001, 53.570508589875146], [-113.39685375, 53.570508589875146], [-113.39765375, 53.569584829444445], [-113.39685375, 53.56866106901374], [-113.39525375000001, 53.56866106901374], [-113.39445375000001, 53.569584829444445]]]}}, {"type": "Feature", "properties": {"DAUID": "48110798", "accessible_jobs": 4921}, "geometry": {"type": "Polygon", "coordinates": [[[-113.39765460000001, 53.5672574], [-113.39845460000001, 53.568181160430704], [-113.4000546, 53.568181160430704], [-113.4008546, 53.5672574], [-113.4000546, 53.5663336395693], [-113.39845460000001, 53.5663336395693], [-113.39765460000001, 53.5672574]]]}}, {"type": "Feature", "properties": {"DAUID": "48110799", "accessible_jobs": 6839}, "geometry": {"type": "Polygon", "coordinates": [[[-113.40385234615385, 53.57012434307693], [-113.40465234615385, 53.57104810350763], [-113.40625234615385, 53.57104810350763], [-113.40705234615385, 53.57012434307693], [-113.40625234615385, 53.569200582646225], [-113.40465234615385, 53.569200582646225], [-113.40385234615385, 53.57012434307693]]]}}, {"type": "Feature", "properties": {"DAUID": "48110800", "accessible_jobs": 6141}, "geometry": {"type": "Polygon", "coordinates": [[[-113.40028130370371, 53.57057096518518], [-113.4010813037037, 53.571494725615885], [-113.4026813037037, 53.571494725615885], [-113.4034813037037, 53.57057096518518], [-113.4026813037037, 53.56964720475448], [-113.4010813037037, 53.56964720475448], [-113.40028130370371, 53.57057096518518]]]}}, {"type": "Feature", "properties": {"DAUID": "48110801", "accessible_jobs": 9801}, "geometry": {"type": "Polygon", "coordinates": [[[-113.411745915, 53.5702529755], [-113.412545915, 53.5711767359307], [-113.41414591499999, 53.5711767359307], [-113.41494591499999, 53.5702529755], [-113.41414591499999, 53.569329215069295], [-113.412545915, 53.569329215069295], [-113.411745915, 53.5702529755]]]}}, {"type": "Feature", "properties": {"DAUID": "48110804", "accessible_jobs": 10834}, "geometry": {"type": "Polygon", "coordinates": [[[-113.41680585, 53.5696743475], [-113.41760585, 53.5705981079307], [-113.41920585, 53.5705981079307], [-113.42000585, 53.5696743475], [-113.41920585, 53.568750587069296], [-113.41760585, 53.568750587069296], [-113.41680585, 53.5696743475]]]}}, {"type": "Feature", "properties": {"DAUID": "48110806", "accessible_jobs": 1860}, "geometry": {"type": "Polygon", "coordinates": [[[-113.43650000000001, 53.56137], [-113.43730000000001, 53.5622937604307], [-113.4389, 53.5622937604307], [-113.4397, 53.56137], [-113.4389, 53.560446239569295], [-113.43730000000001, 53.560446239569295], [-113.43650000000001, 53.56137]]]}}, {"type": "Feature", "properties": {"DAUID": "48110807", "accessible_jobs": 51950}, "geometry": {"type": "Polygon", "coordinates": [[[-113.44384493333335, 53.560369220000005], [-113.44464493333335, 53.56129298043071], [-113.44624493333335, 53.56129298043071], [-113.44704493333334, 53.560369220000005], [-113.44624493333335, 53.559445459569304], [-113.44464493333335, 53.559445459569304], [-113.44384493333335, 53.560369220000005]]]}}, {"type": "Feature", "properties": {"DAUID": "48110809", "accessible_jobs": 63114}, "geometry": {"type": "Polygon", "coordinates": [[[-113.45558925, 53.5525535], [-113.45638925, 53.553477260430704], [-113.45798925, 53.553477260430704], [-113.45878925, 53.5525535], [-113.45798925, 53.5516297395693], [-113.45638925, 53.5516297395693], [-113.45558925, 53.5525535]]]}}, {"type": "Feature", "properties": {"DAUID": "48110810", "accessible_jobs": 70819}, "geometry": {"type": "Polygon", "coordinates": [[[-113.45212556923077, 53.54942392076923], [-113.45292556923077, 53.55034768119993], [-113.45452556923077, 53.55034768119993], [-113.45532556923077, 53.54942392076923], [-113.45452556923077, 53.54850016033853], [-113.45292556923077, 53.54850016033853], [-113.45212556923077, 53.54942392076923]]]}}, {"type": "Feature", "properties": {"DAUID": "48110811", "accessible_jobs": 60200}, "geometry": {"type": "Polygon", "coordinates": [[[-113.4479915, 53.549175192], [-113.4487915, 53.5500989524307], [-113.4503915, 53.5500989524307], [-113.4511915, 53.549175192], [-113.4503915, 53.5482514315693], [-113.4487915, 53.5482514315693], [-113.4479915, 53.549175192]]]}}, {"type": "Feature", "properties": {"DAUID": "48110812", "accessible_jobs": 29499}, "geometry": {"type": "Polygon", "coordinates": [[[-113.45019291428572, 53.54322721], [-113.45099291428572, 53.5441509704307], [-113.45259291428572, 53.5441509704307], [-113.45339291428571, 53.54322721], [-113.45259291428572, 53.542303449569296], [-113.45099291428572, 53.542303449569296], [-113.45019291428572, 53.54322721]]]}}, {"type": "Feature", "properties": {"DAUID": "48110814", "accessible_jobs": 10519}, "geometry": {"type": "Polygon", "coordinates": [[[-113.44671680625001, 53.541319396875004], [-113.44751680625001, 53.542243157305705], [-113.44911680625, 53.542243157305705], [-113.44991680625, 53.541319396875004], [-113.44911680625, 53.5403956364443], [-113.44751680625001, 53.5403956364443], [-113.44671680625001, 53.541319396875004]]]}}, {"type": "Feature", "properties": {"DAUID": "48110815", "accessible_jobs": 15919}, "geometry": {"type": "Polygon", "coordinates": [[[-113.4454346, 53.536622210000004], [-113.4462346, 53.537545970430706], [-113.4478346, 53.537545970430706], [-113.44863459999999, 53.536622210000004], [-113.4478346, 53.5356984495693], [-113.4462346, 53.5356984495693], [-113.4454346, 53.536622210000004]]]}}, {"type": "Feature", "properties": {"DAUID": "48110818", "accessible_jobs": 2940}, "geometry": {"type": "Polygon", "coordinates": [[[-113.43504752727273, 53.54146560545455], [-113.43584752727273, 53.54238936588525], [-113.43744752727272, 53.54238936588525], [-113.43824752727272, 53.54146560545455], [-113.43744752727272, 53.540541845023846], [-113.43584752727273, 53.540541845023846], [-113.43504752727273, 53.54146560545455]]]}}, {"type": "Feature", "properties": {"DAUID": "48110819", "accessible_jobs": 5304}, "geometry": {"type": "Polygon", "coordinates": [[[-113.4390556375, 53.5413885225], [-113.4398556375, 53.5423122829307], [-113.4414556375, 53.5423122829307], [-113.4422556375, 53.5413885225], [-113.4414556375, 53.5404647620693], [-113.4398556375, 53.5404647620693], [-113.4390556375, 53.5413885225]]]}}, {"type": "Feature", "properties": {"DAUID": "48110820", "accessible_jobs": 21521}, "geometry": {"type": "Polygon", "coordinates": [[[-113.44320700000002, 53.54650760333333], [-113.44400700000001, 53.547431363764034], [-113.44560700000001, 53.547431363764034], [-113.44640700000001, 53.54650760333333], [-113.44560700000001, 53.54558384290263], [-113.44400700000001, 53.54558384290263], [-113.44320700000002, 53.54650760333333]]]}}, {"type": "Feature", "properties": {"DAUID": "48110821", "accessible_jobs": 16530}, "geometry": {"type": "Polygon", "coordinates": [[[-113.4357615, 53.531240350000004], [-113.4365615, 53.532164110430706], [-113.43816149999999, 53.532164110430706], [-113.43896149999999, 53.531240350000004], [-113.43816149999999, 53.5303165895693], [-113.4365615, 53.5303165895693], [-113.4357615, 53.531240350000004]]]}}, {"type": "Feature", "properties": {"DAUID": "48110822", "accessible_jobs": 48808}, "geometry": {"type": "Polygon", "coordinates": [[[-113.44800685, 53.532277085000004], [-113.44880685, 53.533200845430706], [-113.45040685, 53.533200845430706], [-113.45120684999999, 53.532277085000004], [-113.45040685, 53.5313533245693], [-113.44880685, 53.5313533245693], [-113.44800685, 53.532277085000004]]]}}, {"type": "Feature", "properties": {"DAUID": "48110823", "accessible_jobs": 9892}, "geometry": {"type": "Polygon", "coordinates": [[[-113.44183015, 53.52583643333333], [-113.44263015, 53.526760193764034], [-113.44423015, 53.526760193764034], [-113.44503015, 53.52583643333333], [-113.44423015, 53.52491267290263], [-113.44263015, 53.52491267290263], [-113.44183015, 53.52583643333333]]]}}, {"type": "Feature", "properties": {"DAUID": "48110825", "accessible_jobs": 75848}, "geometry": {"type": "Polygon", "coordinates": [[[-113.45334075, 53.525457195], [-113.45414075, 53.5263809554307], [-113.45574074999999, 53.5263809554307], [-113.45654074999999, 53.525457195], [-113.45574074999999, 53.5245334345693], [-113.45414075, 53.5245334345693], [-113.45334075, 53.525457195]]]}}, {"type": "Feature", "properties": {"DAUID": "48110826", "accessible_jobs": 82835}, "geometry": {"type": "Polygon", "coordinates": [[[-113.45219556666667, 53.53104991666667], [-113.45299556666667, 53.53197367709737], [-113.45459556666667, 53.53197367709737], [-113.45539556666667, 53.53104991666667], [-113.45459556666667, 53.530126156235966], [-113.45299556666667, 53.530126156235966], [-113.45219556666667, 53.53104991666667]]]}}, {"type": "Feature", "properties": {"DAUID": "48110828", "accessible_jobs": 106768}, "geometry": {"type": "Polygon", "coordinates": [[[-113.45908366666667, 53.52587794000001], [-113.45988366666667, 53.52680170043071], [-113.46148366666667, 53.52680170043071], [-113.46228366666666, 53.52587794000001], [-113.46148366666667, 53.524954179569306], [-113.45988366666667, 53.524954179569306], [-113.45908366666667, 53.52587794000001]]]}}, {"type": "Feature", "properties": {"DAUID": "48110829", "accessible_jobs": 95464}, "geometry": {"type": "Polygon", "coordinates": [[[-113.4674768875, 53.523559956250004], [-113.4682768875, 53.524483716680706], [-113.46987688749999, 53.524483716680706], [-113.47067688749999, 53.523559956250004], [-113.46987688749999, 53.5226361958193], [-113.4682768875, 53.5226361958193], [-113.4674768875, 53.523559956250004]]]}}, {"type": "Feature", "properties": {"DAUID": "48110830", "accessible_jobs": 94005}, "geometry": {"type": "Polygon", "coordinates": [[[-113.46521816078432, 53.522757665098034], [-113.46601816078432, 53.523681425528736], [-113.46761816078431, 53.523681425528736], [-113.46841816078431, 53.522757665098034], [-113.46761816078431, 53.52183390466733], [-113.46601816078432, 53.52183390466733], [-113.46521816078432, 53.522757665098034]]]}}, {"type": "Feature", "properties": {"DAUID": "48110831", "accessible_jobs": 78899}, "geometry": {"type": "Polygon", "coordinates": [[[-113.46408122647058, 53.51821478352941], [-113.46488122647058, 53.51913854396011], [-113.46648122647058, 53.51913854396011], [-113.46728122647058, 53.51821478352941], [-113.46648122647058, 53.51729102309871], [-113.46488122647058, 53.51729102309871], [-113.46408122647058, 53.51821478352941]]]}}, {"type": "Feature", "properties": {"DAUID": "48110832", "accessible_jobs": 83800}, "geometry": {"type": "Polygon", "coordinates": [[[-113.45983587272727, 53.518083650909084], [-113.46063587272727, 53.519007411339786], [-113.46223587272726, 53.519007411339786], [-113.46303587272726, 53.518083650909084], [-113.46223587272726, 53.51715989047838], [-113.46063587272727, 53.51715989047838], [-113.45983587272727, 53.518083650909084]]]}}, {"type": "Feature", "properties": {"DAUID": "48110834", "accessible_jobs": 62482}, "geometry": {"type": "Polygon", "coordinates": [[[-113.45599359230769, 53.51453294692307], [-113.45679359230769, 53.51545670735377], [-113.45839359230769, 53.51545670735377], [-113.45919359230768, 53.51453294692307], [-113.45839359230769, 53.51360918649237], [-113.45679359230769, 53.51360918649237], [-113.45599359230769, 53.51453294692307]]]}}, {"type": "Feature", "properties": {"DAUID": "48110835", "accessible_jobs": 44359}, "geometry": {"type": "Polygon", "coordinates": [[[-113.46768825625, 53.51730311125], [-113.46848825625, 53.5182268716807], [-113.47008825625, 53.5182268716807], [-113.47088825624999, 53.51730311125], [-113.47008825625, 53.5163793508193], [-113.46848825625, 53.5163793508193], [-113.46768825625, 53.51730311125]]]}}, {"type": "Feature", "properties": {"DAUID": "48110836", "accessible_jobs": 14498}, "geometry": {"type": "Polygon", "coordinates": [[[-113.46877280000001, 53.51242542], [-113.46957280000001, 53.5133491804307], [-113.4711728, 53.5133491804307], [-113.4719728, 53.51242542], [-113.4711728, 53.5115016595693], [-113.46957280000001, 53.5115016595693], [-113.46877280000001, 53.51242542]]]}}, {"type": "Feature", "properties": {"DAUID": "48110837", "accessible_jobs": 64469}, "geometry": {"type": "Polygon", "coordinates": [[[-113.47469050952381, 53.517646025714285], [-113.47549050952381, 53.51856978614499], [-113.4770905095238, 53.51856978614499], [-113.4778905095238, 53.517646025714285], [-113.4770905095238, 53.51672226528358], [-113.47549050952381, 53.51672226528358], [-113.47469050952381, 53.517646025714285]]]}}, {"type": "Feature", "properties": {"DAUID": "48110838", "accessible_jobs": 47106}, "geometry": {"type": "Polygon", "coordinates": [[[-113.47508450476191, 53.51239169238095], [-113.47588450476191, 53.51331545281165], [-113.4774845047619, 53.51331545281165], [-113.4782845047619, 53.51239169238095], [-113.4774845047619, 53.51146793195025], [-113.47588450476191, 53.51146793195025], [-113.47508450476191, 53.51239169238095]]]}}, {"type": "Feature", "properties": {"DAUID": "48110839", "accessible_jobs": 54398}, "geometry": {"type": "Polygon", "coordinates": [[[-113.48324166666667, 53.511177872666664], [-113.48404166666667, 53.512101633097366], [-113.48564166666667, 53.512101633097366], [-113.48644166666666, 53.511177872666664], [-113.48564166666667, 53.51025411223596], [-113.48404166666667, 53.51025411223596], [-113.48324166666667, 53.511177872666664]]]}}, {"type": "Feature", "properties": {"DAUID": "48110840", "accessible_jobs": 40687}, "geometry": {"type": "Polygon", "coordinates": [[[-113.47683892, 53.506909631999996], [-113.47763892, 53.5078333924307], [-113.47923892, 53.5078333924307], [-113.48003892, 53.506909631999996], [-113.47923892, 53.505985871569294], [-113.47763892, 53.505985871569294], [-113.47683892, 53.506909631999996]]]}}, {"type": "Feature", "properties": {"DAUID": "48110841", "accessible_jobs": 78258}, "geometry": {"type": "Polygon", "coordinates": [[[-113.48620591826088, 53.50339531982608], [-113.48700591826088, 53.504319080256785], [-113.48860591826087, 53.504319080256785], [-113.48940591826087, 53.50339531982608], [-113.48860591826087, 53.50247155939538], [-113.48700591826088, 53.50247155939538], [-113.48620591826088, 53.50339531982608]]]}}, {"type": "Feature", "properties": {"DAUID": "48110842", "accessible_jobs": 54500}, "geometry": {"type": "Polygon", "coordinates": [[[-113.48120552391305, 53.49886959369565], [-113.48200552391305, 53.49979335412635], [-113.48360552391304, 53.49979335412635], [-113.48440552391304, 53.49886959369565], [-113.48360552391304, 53.49794583326495], [-113.48200552391305, 53.49794583326495], [-113.48120552391305, 53.49886959369565]]]}}, {"type": "Feature", "properties": {"DAUID": "48110843", "accessible_jobs": 37022}, "geometry": {"type": "Polygon", "coordinates": [[[-113.47426488333333, 53.50261945], [-113.47506488333333, 53.5035432104307], [-113.47666488333333, 53.5035432104307], [-113.47746488333333, 53.50261945], [-113.47666488333333, 53.501695689569296], [-113.47506488333333, 53.501695689569296], [-113.47426488333333, 53.50261945]]]}}, {"type": "Feature", "properties": {"DAUID": "48110844", "accessible_jobs": 37022}, "geometry": {"type": "Polygon", "coordinates": [[[-113.46893601083333, 53.496564703666664], [-113.46973601083333, 53.497488464097366], [-113.47133601083333, 53.497488464097366], [-113.47213601083332, 53.496564703666664], [-113.47133601083333, 53.49564094323596], [-113.46973601083333, 53.49564094323596], [-113.46893601083333, 53.496564703666664]]]}}, {"type": "Feature", "properties": {"DAUID": "48110846", "accessible_jobs": 40258}, "geometry": {"type": "Polygon", "coordinates": [[[-113.4781357609952, 53.489003704141254], [-113.4789357609952, 53.489927464571956], [-113.4805357609952, 53.489927464571956], [-113.4813357609952, 53.489003704141254], [-113.4805357609952, 53.48807994371055], [-113.4789357609952, 53.48807994371055], [-113.4781357609952, 53.489003704141254]]]}}, {"type": "Feature", "properties": {"DAUID": "48110847", "accessible_jobs": 23788}, "geometry": {"type": "Polygon", "coordinates": [[[-113.49258461098592, 53.494599955352115], [-113.49338461098591, 53.49552371578282], [-113.49498461098591, 53.49552371578282], [-113.49578461098591, 53.494599955352115], [-113.49498461098591, 53.49367619492141], [-113.49338461098591, 53.49367619492141], [-113.49258461098592, 53.494599955352115]]]}}, {"type": "Feature", "properties": {"DAUID": "48110848", "accessible_jobs": 56895}, "geometry": {"type": "Polygon", "coordinates": [[[-113.49875214, 53.488260968666665], [-113.49955213999999, 53.48918472909737], [-113.50115213999999, 53.48918472909737], [-113.50195213999999, 53.488260968666665], [-113.50115213999999, 53.487337208235964], [-113.49955213999999, 53.487337208235964], [-113.49875214, 53.488260968666665]]]}}, {"type": "Feature", "properties": {"DAUID": "48110850", "accessible_jobs": 57848}, "geometry": {"type": "Polygon", "coordinates": [[[-113.51342015263158, 53.48978035263158], [-113.51422015263158, 53.49070411306228], [-113.51582015263158, 53.49070411306228], [-113.51662015263157, 53.48978035263158], [-113.51582015263158, 53.488856592200875], [-113.51422015263158, 53.488856592200875], [-113.51342015263158, 53.48978035263158]]]}}, {"type": "Feature", "properties": {"DAUID": "48110851", "accessible_jobs": 32621}, "geometry": {"type": "Polygon", "coordinates": [[[-113.51065995, 53.497408175000004], [-113.51145995, 53.498331935430706], [-113.51305995, 53.498331935430706], [-113.51385995, 53.497408175000004], [-113.51305995, 53.4964844145693], [-113.51145995, 53.4964844145693], [-113.51065995, 53.497408175000004]]]}}, {"type": "Feature", "properties": {"DAUID": "48110852", "accessible_jobs": 38587}, "geometry": {"type": "Polygon", "coordinates": [[[-113.50203760000001, 53.49553], [-113.5028376, 53.496453760430704], [-113.5044376, 53.496453760430704], [-113.5052376, 53.49553], [-113.5044376, 53.4946062395693], [-113.5028376, 53.4946062395693], [-113.50203760000001, 53.49553]]]}}, {"type": "Feature", "properties": {"DAUID": "48110853", "accessible_jobs": 45166}, "geometry": {"type": "Polygon", "coordinates": [[[-113.50912498000001, 53.4989736], [-113.50992498000001, 53.4998973604307], [-113.51152498, 53.4998973604307], [-113.51232498, 53.4989736], [-113.51152498, 53.4980498395693], [-113.50992498000001, 53.4980498395693], [-113.50912498000001, 53.4989736]]]}}, {"type": "Feature", "properties": {"DAUID": "48110854", "accessible_jobs": 58586}, "geometry": {"type": "Polygon", "coordinates": [[[-113.50443905, 53.50243933], [-113.50523905, 53.5033630904307], [-113.50683905, 53.5033630904307], [-113.50763905, 53.50243933], [-113.50683905, 53.5015155695693], [-113.50523905, 53.5015155695693], [-113.50443905, 53.50243933]]]}}, {"type": "Feature", "properties": {"DAUID": "48110856", "accessible_jobs": 75462}, "geometry": {"type": "Polygon", "coordinates": [[[-113.50896484285714, 53.50727819], [-113.50976484285714, 53.5082019504307], [-113.51136484285713, 53.5082019504307], [-113.51216484285713, 53.50727819], [-113.51136484285713, 53.5063544295693], [-113.50976484285714, 53.5063544295693], [-113.50896484285714, 53.50727819]]]}}, {"type": "Feature", "properties": {"DAUID": "48110857", "accessible_jobs": 38327}, "geometry": {"type": "Polygon", "coordinates": [[[-113.50064081250001, 53.505823915], [-113.50144081250001, 53.5067476754307], [-113.5030408125, 53.5067476754307], [-113.5038408125, 53.505823915], [-113.5030408125, 53.5049001545693], [-113.50144081250001, 53.5049001545693], [-113.50064081250001, 53.505823915]]]}}, {"type": "Feature", "properties": {"DAUID": "48110858", "accessible_jobs": 56414}, "geometry": {"type": "Polygon", "coordinates": [[[-113.49795140000002, 53.51062793333333], [-113.49875140000002, 53.511551693764034], [-113.50035140000001, 53.511551693764034], [-113.50115140000001, 53.51062793333333], [-113.50035140000001, 53.50970417290263], [-113.49875140000002, 53.50970417290263], [-113.49795140000002, 53.51062793333333]]]}}, {"type": "Feature", "properties": {"DAUID": "48110860", "accessible_jobs": 128405}, "geometry": {"type": "Polygon", "coordinates": [[[-113.50941351428573, 53.512757581428566], [-113.51021351428572, 53.51368134185927], [-113.51181351428572, 53.51368134185927], [-113.51261351428572, 53.512757581428566], [-113.51181351428572, 53.511833820997865], [-113.51021351428572, 53.511833820997865], [-113.50941351428573, 53.512757581428566]]]}}, {"type": "Feature", "properties": {"DAUID": "48110861", "accessible_jobs": 112168}, "geometry": {"type": "Polygon", "coordinates": [[[-113.5084070875, 53.51506837625], [-113.5092070875, 53.5159921366807], [-113.5108070875, 53.5159921366807], [-113.5116070875, 53.51506837625], [-113.5108070875, 53.5141446158193], [-113.5092070875, 53.5141446158193], [-113.5084070875, 53.51506837625]]]}}, {"type": "Feature", "properties": {"DAUID": "48110862", "accessible_jobs": 131095}, "geometry": {"type": "Polygon", "coordinates": [[[-113.50576584800001, 53.5167038608], [-113.50656584800001, 53.5176276212307], [-113.508165848, 53.5176276212307], [-113.508965848, 53.5167038608], [-113.508165848, 53.5157801003693], [-113.50656584800001, 53.5157801003693], [-113.50576584800001, 53.5167038608]]]}}, {"type": "Feature", "properties": {"DAUID": "48110866", "accessible_jobs": 131241}, "geometry": {"type": "Polygon", "coordinates": [[[-113.5109857744681, 53.52024322531915], [-113.5117857744681, 53.52116698574985], [-113.51338577446809, 53.52116698574985], [-113.51418577446809, 53.52024322531915], [-113.51338577446809, 53.51931946488845], [-113.5117857744681, 53.51931946488845], [-113.5109857744681, 53.52024322531915]]]}}, {"type": "Feature", "properties": {"DAUID": "48110867", "accessible_jobs": 134198}, "geometry": {"type": "Polygon", "coordinates": [[[-113.51738164242425, 53.52135065454546], [-113.51818164242425, 53.52227441497616], [-113.51978164242425, 53.52227441497616], [-113.52058164242425, 53.52135065454546], [-113.51978164242425, 53.520426894114756], [-113.51818164242425, 53.520426894114756], [-113.51738164242425, 53.52135065454546]]]}}, {"type": "Feature", "properties": {"DAUID": "48110868", "accessible_jobs": 140791}, "geometry": {"type": "Polygon", "coordinates": [[[-113.51860369242425, 53.518881370757576], [-113.51940369242425, 53.51980513118828], [-113.52100369242424, 53.51980513118828], [-113.52180369242424, 53.518881370757576], [-113.52100369242424, 53.517957610326874], [-113.51940369242425, 53.517957610326874], [-113.51860369242425, 53.518881370757576]]]}}, {"type": "Feature", "properties": {"DAUID": "48110869", "accessible_jobs": 126088}, "geometry": {"type": "Polygon", "coordinates": [[[-113.51589108823529, 53.51819235117647], [-113.51669108823529, 53.51911611160717], [-113.51829108823529, 53.51911611160717], [-113.51909108823529, 53.51819235117647], [-113.51829108823529, 53.517268590745765], [-113.51669108823529, 53.517268590745765], [-113.51589108823529, 53.51819235117647]]]}}, {"type": "Feature", "properties": {"DAUID": "48110870", "accessible_jobs": 132856}, "geometry": {"type": "Polygon", "coordinates": [[[-113.52301494285715, 53.513963801428574], [-113.52381494285714, 53.514887561859275], [-113.52541494285714, 53.514887561859275], [-113.52621494285714, 53.513963801428574], [-113.52541494285714, 53.51304004099787], [-113.52381494285714, 53.51304004099787], [-113.52301494285715, 53.513963801428574]]]}}, {"type": "Feature", "properties": {"DAUID": "48110871", "accessible_jobs": 131667}, "geometry": {"type": "Polygon", "coordinates": [[[-113.5115090888889, 53.51718442666667], [-113.5123090888889, 53.51810818709737], [-113.5139090888889, 53.51810818709737], [-113.51470908888889, 53.51718442666667], [-113.5139090888889, 53.516260666235965], [-113.5123090888889, 53.516260666235965], [-113.5115090888889, 53.51718442666667]]]}}, {"type": "Feature", "properties": {"DAUID": "48110872", "accessible_jobs": 92350}, "geometry": {"type": "Polygon", "coordinates": [[[-113.51395015, 53.5126939375], [-113.51475015, 53.513617697930705], [-113.51635015, 53.513617697930705], [-113.51715014999999, 53.5126939375], [-113.51635015, 53.5117701770693], [-113.51475015, 53.5117701770693], [-113.51395015, 53.5126939375]]]}}, {"type": "Feature", "properties": {"DAUID": "48110873", "accessible_jobs": 106661}, "geometry": {"type": "Polygon", "coordinates": [[[-113.51071691904762, 53.507520936666666], [-113.51151691904762, 53.50844469709737], [-113.51311691904762, 53.50844469709737], [-113.51391691904762, 53.507520936666666], [-113.51311691904762, 53.506597176235964], [-113.51151691904762, 53.506597176235964], [-113.51071691904762, 53.507520936666666]]]}}, {"type": "Feature", "properties": {"DAUID": "48110874", "accessible_jobs": 65071}, "geometry": {"type": "Polygon", "coordinates": [[[-113.518865, 53.512371443333336], [-113.519665, 53.51329520376404], [-113.521265, 53.51329520376404], [-113.522065, 53.512371443333336], [-113.521265, 53.511447682902634], [-113.519665, 53.511447682902634], [-113.518865, 53.512371443333336]]]}}, {"type": "Feature", "properties": {"DAUID": "48110875", "accessible_jobs": 20287}, "geometry": {"type": "Polygon", "coordinates": [[[-113.52306812, 53.504692332000005], [-113.52386812, 53.50561609243071], [-113.52546812, 53.50561609243071], [-113.52626812, 53.504692332000005], [-113.52546812, 53.5037685715693], [-113.52386812, 53.5037685715693], [-113.52306812, 53.504692332000005]]]}}, {"type": "Feature", "properties": {"DAUID": "48110876", "accessible_jobs": 20971}, "geometry": {"type": "Polygon", "coordinates": [[[-113.51502494761905, 53.50332296809523], [-113.51582494761905, 53.504246728525935], [-113.51742494761905, 53.504246728525935], [-113.51822494761905, 53.50332296809523], [-113.51742494761905, 53.50239920766453], [-113.51582494761905, 53.50239920766453], [-113.51502494761905, 53.50332296809523]]]}}, {"type": "Feature", "properties": {"DAUID": "48110877", "accessible_jobs": 87386}, "geometry": {"type": "Polygon", "coordinates": [[[-113.51090004285714, 53.50598074714286], [-113.51170004285714, 53.50690450757356], [-113.51330004285714, 53.50690450757356], [-113.51410004285714, 53.50598074714286], [-113.51330004285714, 53.505056986712155], [-113.51170004285714, 53.505056986712155], [-113.51090004285714, 53.50598074714286]]]}}, {"type": "Feature", "properties": {"DAUID": "48110879", "accessible_jobs": 13464}, "geometry": {"type": "Polygon", "coordinates": [[[-113.51691051818183, 53.49537424030303], [-113.51771051818183, 53.49629800073373], [-113.51931051818183, 53.49629800073373], [-113.52011051818182, 53.49537424030303], [-113.51931051818183, 53.49445047987233], [-113.51771051818183, 53.49445047987233], [-113.51691051818183, 53.49537424030303]]]}}, {"type": "Feature", "properties": {"DAUID": "48110880", "accessible_jobs": 9281}, "geometry": {"type": "Polygon", "coordinates": [[[-113.524740875, 53.495687114999996], [-113.525540875, 53.4966108754307], [-113.527140875, 53.4966108754307], [-113.527940875, 53.495687114999996], [-113.527140875, 53.494763354569294], [-113.525540875, 53.494763354569294], [-113.524740875, 53.495687114999996]]]}}, {"type": "Feature", "properties": {"DAUID": "48110881", "accessible_jobs": 25324}, "geometry": {"type": "Polygon", "coordinates": [[[-113.51831630000001, 53.487920255], [-113.51911630000001, 53.4888440154307], [-113.5207163, 53.4888440154307], [-113.5215163, 53.487920255], [-113.5207163, 53.4869964945693], [-113.51911630000001, 53.4869964945693], [-113.51831630000001, 53.487920255]]]}}, {"type": "Feature", "properties": {"DAUID": "48110883", "accessible_jobs": 9173}, "geometry": {"type": "Polygon", "coordinates": [[[-113.52412000000001, 53.48957315], [-113.52492000000001, 53.4904969104307], [-113.52652, 53.4904969104307], [-113.52732, 53.48957315], [-113.52652, 53.4886493895693], [-113.52492000000001, 53.4886493895693], [-113.52412000000001, 53.48957315]]]}}, {"type": "Feature", "properties": {"DAUID": "48110884", "accessible_jobs": 28112}, "geometry": {"type": "Polygon", "coordinates": [[[-113.5216254, 53.4882118], [-113.5224254, 53.489135560430704], [-113.5240254, 53.489135560430704], [-113.5248254, 53.4882118], [-113.5240254, 53.4872880395693], [-113.5224254, 53.4872880395693], [-113.5216254, 53.4882118]]]}}, {"type": "Feature", "properties": {"DAUID": "48110885", "accessible_jobs": 9193}, "geometry": {"type": "Polygon", "coordinates": [[[-113.5192614, 53.48078893], [-113.5200614, 53.481712690430705], [-113.5216614, 53.481712690430705], [-113.5224614, 53.48078893], [-113.5216614, 53.4798651695693], [-113.5200614, 53.4798651695693], [-113.5192614, 53.48078893]]]}}, {"type": "Feature", "properties": {"DAUID": "48110886", "accessible_jobs": 13176}, "geometry": {"type": "Polygon", "coordinates": [[[-113.51826575000001, 53.4785443775], [-113.51906575000001, 53.4794681379307], [-113.52066575, 53.4794681379307], [-113.52146575, 53.4785443775], [-113.52066575, 53.4776206170693], [-113.51906575000001, 53.4776206170693], [-113.51826575000001, 53.4785443775]]]}}, {"type": "Feature", "properties": {"DAUID": "48110887", "accessible_jobs": 6735}, "geometry": {"type": "Polygon", "coordinates": [[[-113.52577395238096, 53.475607648095234], [-113.52657395238096, 53.476531408525936], [-113.52817395238095, 53.476531408525936], [-113.52897395238095, 53.475607648095234], [-113.52817395238095, 53.47468388766453], [-113.52657395238096, 53.47468388766453], [-113.52577395238096, 53.475607648095234]]]}}, {"type": "Feature", "properties": {"DAUID": "48110889", "accessible_jobs": 7185}, "geometry": {"type": "Polygon", "coordinates": [[[-113.53046146666667, 53.47729280666667], [-113.53126146666666, 53.47821656709737], [-113.53286146666666, 53.47821656709737], [-113.53366146666666, 53.47729280666667], [-113.53286146666666, 53.476369046235966], [-113.53126146666666, 53.476369046235966], [-113.53046146666667, 53.47729280666667]]]}}, {"type": "Feature", "properties": {"DAUID": "48110890", "accessible_jobs": 7363}, "geometry": {"type": "Polygon", "coordinates": [[[-113.53644861000001, 53.477261098], [-113.53724861, 53.4781848584307], [-113.53884861, 53.4781848584307], [-113.53964861, 53.477261098], [-113.53884861, 53.4763373375693], [-113.53724861, 53.4763373375693], [-113.53644861000001, 53.477261098]]]}}, {"type": "Feature", "properties": {"DAUID": "48110892", "accessible_jobs": 6848}, "geometry": {"type": "Polygon", "coordinates": [[[-113.53898172500001, 53.48542541], [-113.53978172500001, 53.4863491704307], [-113.54138172500001, 53.4863491704307], [-113.542181725, 53.48542541], [-113.54138172500001, 53.484501649569296], [-113.53978172500001, 53.484501649569296], [-113.53898172500001, 53.48542541]]]}}, {"type": "Feature", "properties": {"DAUID": "48110894", "accessible_jobs": 5418}, "geometry": {"type": "Polygon", "coordinates": [[[-113.54113590666667, 53.48899682733334], [-113.54193590666667, 53.48992058776404], [-113.54353590666666, 53.48992058776404], [-113.54433590666666, 53.48899682733334], [-113.54353590666666, 53.488073066902636], [-113.54193590666667, 53.488073066902636], [-113.54113590666667, 53.48899682733334]]]}}, {"type": "Feature", "properties": {"DAUID": "48110895", "accessible_jobs": 4}, "geometry": {"type": "Polygon", "coordinates": [[[-113.5467541, 53.49109407], [-113.5475541, 53.492017830430704], [-113.5491541, 53.492017830430704], [-113.5499541, 53.49109407], [-113.5491541, 53.4901703095693], [-113.5475541, 53.4901703095693], [-113.5467541, 53.49109407]]]}}, {"type": "Feature", "properties": {"DAUID": "48110896", "accessible_jobs": 415}, "geometry": {"type": "Polygon", "coordinates": [[[-113.5548508, 53.48369856], [-113.5556508, 53.4846223204307], [-113.55725079999999, 53.4846223204307], [-113.55805079999999, 53.48369856], [-113.55725079999999, 53.4827747995693], [-113.5556508, 53.4827747995693], [-113.5548508, 53.48369856]]]}}, {"type": "Feature", "properties": {"DAUID": "48110898", "accessible_jobs": 6663}, "geometry": {"type": "Polygon", "coordinates": [[[-113.5384159, 53.47579605], [-113.5392159, 53.4767198104307], [-113.5408159, 53.4767198104307], [-113.5416159, 53.47579605], [-113.5408159, 53.4748722895693], [-113.5392159, 53.4748722895693], [-113.5384159, 53.47579605]]]}}, {"type": "Feature", "properties": {"DAUID": "48110899", "accessible_jobs": 2076}, "geometry": {"type": "Polygon", "coordinates": [[[-113.54283585000002, 53.468255015], [-113.54363585000002, 53.4691787754307], [-113.54523585000001, 53.4691787754307], [-113.54603585000001, 53.468255015], [-113.54523585000001, 53.467331254569295], [-113.54363585000002, 53.467331254569295], [-113.54283585000002, 53.468255015]]]}}, {"type": "Feature", "properties": {"DAUID": "48110900", "accessible_jobs": 6751}, "geometry": {"type": "Polygon", "coordinates": [[[-113.53811552631579, 53.472093938421054], [-113.53891552631579, 53.473017698851756], [-113.54051552631579, 53.473017698851756], [-113.54131552631578, 53.472093938421054], [-113.54051552631579, 53.47117017799035], [-113.53891552631579, 53.47117017799035], [-113.53811552631579, 53.472093938421054]]]}}, {"type": "Feature", "properties": {"DAUID": "48110902", "accessible_jobs": 6756}, "geometry": {"type": "Polygon", "coordinates": [[[-113.52737515000001, 53.47387445], [-113.52817515000001, 53.4747982104307], [-113.52977515, 53.4747982104307], [-113.53057515, 53.47387445], [-113.52977515, 53.472950689569295], [-113.52817515000001, 53.472950689569295], [-113.52737515000001, 53.47387445]]]}}, {"type": "Feature", "properties": {"DAUID": "48110904", "accessible_jobs": 6361}, "geometry": {"type": "Polygon", "coordinates": [[[-113.52525390000001, 53.47229275], [-113.52605390000001, 53.4732165104307], [-113.5276539, 53.4732165104307], [-113.5284539, 53.47229275], [-113.5276539, 53.4713689895693], [-113.52605390000001, 53.4713689895693], [-113.52525390000001, 53.47229275]]]}}, {"type": "Feature", "properties": {"DAUID": "48110906", "accessible_jobs": 6807}, "geometry": {"type": "Polygon", "coordinates": [[[-113.522644, 53.47517], [-113.523444, 53.4760937604307], [-113.525044, 53.4760937604307], [-113.52584399999999, 53.47517], [-113.525044, 53.4742462395693], [-113.523444, 53.4742462395693], [-113.522644, 53.47517]]]}}, {"type": "Feature", "properties": {"DAUID": "48110909", "accessible_jobs": 19775}, "geometry": {"type": "Polygon", "coordinates": [[[-113.50354519523809, 53.47494072285714], [-113.50434519523809, 53.47586448328784], [-113.50594519523808, 53.47586448328784], [-113.50674519523808, 53.47494072285714], [-113.50594519523808, 53.47401696242644], [-113.50434519523809, 53.47401696242644], [-113.50354519523809, 53.47494072285714]]]}}, {"type": "Feature", "properties": {"DAUID": "48110911", "accessible_jobs": 26604}, "geometry": {"type": "Polygon", "coordinates": [[[-113.50306425, 53.477788805], [-113.50386424999999, 53.478712565430705], [-113.50546424999999, 53.478712565430705], [-113.50626424999999, 53.477788805], [-113.50546424999999, 53.4768650445693], [-113.50386424999999, 53.4768650445693], [-113.50306425, 53.477788805]]]}}, {"type": "Feature", "properties": {"DAUID": "48110912", "accessible_jobs": 16970}, "geometry": {"type": "Polygon", "coordinates": [[[-113.5130771, 53.47927192], [-113.5138771, 53.480195680430704], [-113.5154771, 53.480195680430704], [-113.5162771, 53.47927192], [-113.5154771, 53.4783481595693], [-113.5138771, 53.4783481595693], [-113.5130771, 53.47927192]]]}}, {"type": "Feature", "properties": {"DAUID": "48110921", "accessible_jobs": 4295}, "geometry": {"type": "Polygon", "coordinates": [[[-113.4909175487395, 53.475791469075624], [-113.4917175487395, 53.476715229506325], [-113.4933175487395, 53.476715229506325], [-113.4941175487395, 53.475791469075624], [-113.4933175487395, 53.47486770864492], [-113.4917175487395, 53.47486770864492], [-113.4909175487395, 53.475791469075624]]]}}, {"type": "Feature", "properties": {"DAUID": "48110923", "accessible_jobs": 8244}, "geometry": {"type": "Polygon", "coordinates": [[[-113.50073303333333, 53.473154603333334], [-113.50153303333333, 53.474078363764036], [-113.50313303333333, 53.474078363764036], [-113.50393303333333, 53.473154603333334], [-113.50313303333333, 53.47223084290263], [-113.50153303333333, 53.47223084290263], [-113.50073303333333, 53.473154603333334]]]}}, {"type": "Feature", "properties": {"DAUID": "48110924", "accessible_jobs": 18525}, "geometry": {"type": "Polygon", "coordinates": [[[-113.4933966, 53.4697185], [-113.4941966, 53.4706422604307], [-113.49579659999999, 53.4706422604307], [-113.49659659999999, 53.4697185], [-113.49579659999999, 53.4687947395693], [-113.4941966, 53.4687947395693], [-113.4933966, 53.4697185]]]}}, {"type": "Feature", "properties": {"DAUID": "48110929", "accessible_jobs": 27187}, "geometry": {"type": "Polygon", "coordinates": [[[-113.49262, 53.46072038], [-113.49342, 53.4616441404307], [-113.49502, 53.4616441404307], [-113.49582, 53.46072038], [-113.49502, 53.459796619569296], [-113.49342, 53.459796619569296], [-113.49262, 53.46072038]]]}}, {"type": "Feature", "properties": {"DAUID": "48110930", "accessible_jobs": 29731}, "geometry": {"type": "Polygon", "coordinates": [[[-113.48832405555557, 53.45877062598291], [-113.48912405555556, 53.45969438641361], [-113.49072405555556, 53.45969438641361], [-113.49152405555556, 53.45877062598291], [-113.49072405555556, 53.457846865552206], [-113.48912405555556, 53.457846865552206], [-113.48832405555557, 53.45877062598291]]]}}, {"type": "Feature", "properties": {"DAUID": "48110931", "accessible_jobs": 29617}, "geometry": {"type": "Polygon", "coordinates": [[[-113.49906946666668, 53.455951903333336], [-113.49986946666668, 53.45687566376404], [-113.50146946666668, 53.45687566376404], [-113.50226946666668, 53.455951903333336], [-113.50146946666668, 53.455028142902634], [-113.49986946666668, 53.455028142902634], [-113.49906946666668, 53.455951903333336]]]}}, {"type": "Feature", "properties": {"DAUID": "48110932", "accessible_jobs": 30299}, "geometry": {"type": "Polygon", "coordinates": [[[-113.5060151, 53.45545836666667], [-113.5068151, 53.45638212709737], [-113.5084151, 53.45638212709737], [-113.50921509999999, 53.45545836666667], [-113.5084151, 53.45453460623597], [-113.5068151, 53.45453460623597], [-113.5060151, 53.45545836666667]]]}}, {"type": "Feature", "properties": {"DAUID": "48110933", "accessible_jobs": 28989}, "geometry": {"type": "Polygon", "coordinates": [[[-113.505949225, 53.45927953], [-113.506749225, 53.460203290430705], [-113.50834922499999, 53.460203290430705], [-113.50914922499999, 53.45927953], [-113.50834922499999, 53.4583557695693], [-113.506749225, 53.4583557695693], [-113.505949225, 53.45927953]]]}}, {"type": "Feature", "properties": {"DAUID": "48110934", "accessible_jobs": 29566}, "geometry": {"type": "Polygon", "coordinates": [[[-113.50164900666667, 53.462375791666666], [-113.50244900666667, 53.46329955209737], [-113.50404900666666, 53.46329955209737], [-113.50484900666666, 53.462375791666666], [-113.50404900666666, 53.461452031235964], [-113.50244900666667, 53.461452031235964], [-113.50164900666667, 53.462375791666666]]]}}, {"type": "Feature", "properties": {"DAUID": "48110935", "accessible_jobs": 29191}, "geometry": {"type": "Polygon", "coordinates": [[[-113.50589672500001, 53.4618644925], [-113.50669672500001, 53.4627882529307], [-113.50829672500001, 53.4627882529307], [-113.509096725, 53.4618644925], [-113.50829672500001, 53.4609407320693], [-113.50669672500001, 53.4609407320693], [-113.50589672500001, 53.4618644925]]]}}, {"type": "Feature", "properties": {"DAUID": "48110943", "accessible_jobs": 13084}, "geometry": {"type": "Polygon", "coordinates": [[[-113.52760897272726, 53.46158555272727], [-113.52840897272726, 53.46250931315797], [-113.53000897272726, 53.46250931315797], [-113.53080897272726, 53.46158555272727], [-113.53000897272726, 53.46066179229657], [-113.52840897272726, 53.46066179229657], [-113.52760897272726, 53.46158555272727]]]}}, {"type": "Feature", "properties": {"DAUID": "48110944", "accessible_jobs": 1797}, "geometry": {"type": "Polygon", "coordinates": [[[-113.52721655, 53.464193484999996], [-113.52801655, 53.4651172454307], [-113.52961655, 53.4651172454307], [-113.53041655, 53.464193484999996], [-113.52961655, 53.463269724569294], [-113.52801655, 53.463269724569294], [-113.52721655, 53.464193484999996]]]}}, {"type": "Feature", "properties": {"DAUID": "48110946", "accessible_jobs": 1293}, "geometry": {"type": "Polygon", "coordinates": [[[-113.53599200000001, 53.463978], [-113.536792, 53.4649017604307], [-113.538392, 53.4649017604307], [-113.539192, 53.463978], [-113.538392, 53.463054239569296], [-113.536792, 53.463054239569296], [-113.53599200000001, 53.463978]]]}}, {"type": "Feature", "properties": {"DAUID": "48110948", "accessible_jobs": 7606}, "geometry": {"type": "Polygon", "coordinates": [[[-113.52928912222222, 53.46045711185185], [-113.53008912222222, 53.461380872282554], [-113.53168912222222, 53.461380872282554], [-113.53248912222222, 53.46045711185185], [-113.53168912222222, 53.45953335142115], [-113.53008912222222, 53.45953335142115], [-113.52928912222222, 53.46045711185185]]]}}, {"type": "Feature", "properties": {"DAUID": "48110951", "accessible_jobs": 5581}, "geometry": {"type": "Polygon", "coordinates": [[[-113.52718580000001, 53.456863940000005], [-113.52798580000001, 53.45778770043071], [-113.5295858, 53.45778770043071], [-113.5303858, 53.456863940000005], [-113.5295858, 53.4559401795693], [-113.52798580000001, 53.4559401795693], [-113.52718580000001, 53.456863940000005]]]}}, {"type": "Feature", "properties": {"DAUID": "48110952", "accessible_jobs": 12401}, "geometry": {"type": "Polygon", "coordinates": [[[-113.52575528000001, 53.45215502999999], [-113.52655528000001, 53.453078790430695], [-113.52815528000001, 53.453078790430695], [-113.52895528, 53.45215502999999], [-113.52815528000001, 53.45123126956929], [-113.52655528000001, 53.45123126956929], [-113.52575528000001, 53.45215502999999]]]}}, {"type": "Feature", "properties": {"DAUID": "48110953", "accessible_jobs": 10550}, "geometry": {"type": "Polygon", "coordinates": [[[-113.52315633571429, 53.45310165642858], [-113.52395633571429, 53.45402541685928], [-113.52555633571428, 53.45402541685928], [-113.52635633571428, 53.45310165642858], [-113.52555633571428, 53.45217789599788], [-113.52395633571429, 53.45217789599788], [-113.52315633571429, 53.45310165642858]]]}}, {"type": "Feature", "properties": {"DAUID": "48110954", "accessible_jobs": 9964}, "geometry": {"type": "Polygon", "coordinates": [[[-113.51395463529411, 53.45154763117647], [-113.51475463529411, 53.45247139160717], [-113.5163546352941, 53.45247139160717], [-113.5171546352941, 53.45154763117647], [-113.5163546352941, 53.450623870745765], [-113.51475463529411, 53.450623870745765], [-113.51395463529411, 53.45154763117647]]]}}, {"type": "Feature", "properties": {"DAUID": "48110955", "accessible_jobs": 5708}, "geometry": {"type": "Polygon", "coordinates": [[[-113.5176363, 53.44771701], [-113.5184363, 53.4486407704307], [-113.5200363, 53.4486407704307], [-113.5208363, 53.44771701], [-113.5200363, 53.446793249569296], [-113.5184363, 53.446793249569296], [-113.5176363, 53.44771701]]]}}, {"type": "Feature", "properties": {"DAUID": "48110956", "accessible_jobs": 24535}, "geometry": {"type": "Polygon", "coordinates": [[[-113.50886607209303, 53.45286105976744], [-113.50966607209303, 53.453784820198145], [-113.51126607209302, 53.453784820198145], [-113.51206607209302, 53.45286105976744], [-113.51126607209302, 53.45193729933674], [-113.50966607209303, 53.45193729933674], [-113.50886607209303, 53.45286105976744]]]}}, {"type": "Feature", "properties": {"DAUID": "48110957", "accessible_jobs": 38909}, "geometry": {"type": "Polygon", "coordinates": [[[-113.511736475, 53.45528436881579], [-113.512536475, 53.45620812924649], [-113.514136475, 53.45620812924649], [-113.514936475, 53.45528436881579], [-113.514136475, 53.45436060838509], [-113.512536475, 53.45436060838509], [-113.511736475, 53.45528436881579]]]}}, {"type": "Feature", "properties": {"DAUID": "48110958", "accessible_jobs": 23018}, "geometry": {"type": "Polygon", "coordinates": [[[-113.50591822, 53.453023828000006], [-113.50671822, 53.45394758843071], [-113.50831821999999, 53.45394758843071], [-113.50911821999999, 53.453023828000006], [-113.50831821999999, 53.452100067569305], [-113.50671822, 53.452100067569305], [-113.50591822, 53.453023828000006]]]}}, {"type": "Feature", "properties": {"DAUID": "48110960", "accessible_jobs": 16951}, "geometry": {"type": "Polygon", "coordinates": [[[-113.49872912727274, 53.448312150909096], [-113.49952912727274, 53.4492359113398], [-113.50112912727273, 53.4492359113398], [-113.50192912727273, 53.448312150909096], [-113.50112912727273, 53.447388390478395], [-113.49952912727274, 53.447388390478395], [-113.49872912727274, 53.448312150909096]]]}}, {"type": "Feature", "properties": {"DAUID": "48110962", "accessible_jobs": 5282}, "geometry": {"type": "Polygon", "coordinates": [[[-113.50182120000001, 53.44730001], [-113.50262120000001, 53.4482237704307], [-113.5042212, 53.4482237704307], [-113.5050212, 53.44730001], [-113.5042212, 53.4463762495693], [-113.50262120000001, 53.4463762495693], [-113.50182120000001, 53.44730001]]]}}, {"type": "Feature", "properties": {"DAUID": "48110967", "accessible_jobs": 5238}, "geometry": {"type": "Polygon", "coordinates": [[[-113.51599368571428, 53.439003498571424], [-113.51679368571428, 53.439927259002125], [-113.51839368571427, 53.439927259002125], [-113.51919368571427, 53.439003498571424], [-113.51839368571427, 53.43807973814072], [-113.51679368571428, 53.43807973814072], [-113.51599368571428, 53.439003498571424]]]}}, {"type": "Feature", "properties": {"DAUID": "48110968", "accessible_jobs": 5828}, "geometry": {"type": "Polygon", "coordinates": [[[-113.52403495, 53.442457645000005], [-113.52483495, 53.443381405430706], [-113.52643495, 53.443381405430706], [-113.52723495, 53.442457645000005], [-113.52643495, 53.4415338845693], [-113.52483495, 53.4415338845693], [-113.52403495, 53.442457645000005]]]}}, {"type": "Feature", "properties": {"DAUID": "48110977", "accessible_jobs": 3415}, "geometry": {"type": "Polygon", "coordinates": [[[-113.5709101, 53.4737804], [-113.5717101, 53.474704160430704], [-113.5733101, 53.474704160430704], [-113.5741101, 53.4737804], [-113.5733101, 53.4728566395693], [-113.5717101, 53.4728566395693], [-113.5709101, 53.4737804]]]}}, {"type": "Feature", "properties": {"DAUID": "48110978", "accessible_jobs": 3407}, "geometry": {"type": "Polygon", "coordinates": [[[-113.57222505714286, 53.47536384428571], [-113.57302505714286, 53.47628760471641], [-113.57462505714285, 53.47628760471641], [-113.57542505714285, 53.47536384428571], [-113.57462505714285, 53.47444008385501], [-113.57302505714286, 53.47444008385501], [-113.57222505714286, 53.47536384428571]]]}}, {"type": "Feature", "properties": {"DAUID": "48110979", "accessible_jobs": 2554}, "geometry": {"type": "Polygon", "coordinates": [[[-113.58260481, 53.4693426905], [-113.58340481, 53.4702664509307], [-113.58500481, 53.4702664509307], [-113.58580481, 53.4693426905], [-113.58500481, 53.4684189300693], [-113.58340481, 53.4684189300693], [-113.58260481, 53.4693426905]]]}}, {"type": "Feature", "properties": {"DAUID": "48110980", "accessible_jobs": 5196}, "geometry": {"type": "Polygon", "coordinates": [[[-113.5757669, 53.47620996], [-113.5765669, 53.4771337204307], [-113.5781669, 53.4771337204307], [-113.5789669, 53.47620996], [-113.5781669, 53.4752861995693], [-113.5765669, 53.4752861995693], [-113.5757669, 53.47620996]]]}}, {"type": "Feature", "properties": {"DAUID": "48110981", "accessible_jobs": 3876}, "geometry": {"type": "Polygon", "coordinates": [[[-113.5752355375, 53.476246665], [-113.5760355375, 53.4771704254307], [-113.5776355375, 53.4771704254307], [-113.5784355375, 53.476246665], [-113.5776355375, 53.475322904569296], [-113.5760355375, 53.475322904569296], [-113.5752355375, 53.476246665]]]}}, {"type": "Feature", "properties": {"DAUID": "48110982", "accessible_jobs": 7097}, "geometry": {"type": "Polygon", "coordinates": [[[-113.57790736666668, 53.48364199333333], [-113.57870736666668, 53.48456575376403], [-113.58030736666667, 53.48456575376403], [-113.58110736666667, 53.48364199333333], [-113.58030736666667, 53.48271823290263], [-113.57870736666668, 53.48271823290263], [-113.57790736666668, 53.48364199333333]]]}}, {"type": "Feature", "properties": {"DAUID": "48110984", "accessible_jobs": 3816}, "geometry": {"type": "Polygon", "coordinates": [[[-113.58390390000001, 53.47579418], [-113.58470390000001, 53.4767179404307], [-113.5863039, 53.4767179404307], [-113.5871039, 53.47579418], [-113.5863039, 53.4748704195693], [-113.58470390000001, 53.4748704195693], [-113.58390390000001, 53.47579418]]]}}, {"type": "Feature", "properties": {"DAUID": "48110985", "accessible_jobs": 6160}, "geometry": {"type": "Polygon", "coordinates": [[[-113.58050655, 53.48395046], [-113.58130655, 53.484874220430704], [-113.58290654999999, 53.484874220430704], [-113.58370654999999, 53.48395046], [-113.58290654999999, 53.4830266995693], [-113.58130655, 53.4830266995693], [-113.58050655, 53.48395046]]]}}, {"type": "Feature", "properties": {"DAUID": "48110986", "accessible_jobs": 8096}, "geometry": {"type": "Polygon", "coordinates": [[[-113.57793728, 53.485724989000005], [-113.57873728, 53.48664874943071], [-113.58033728, 53.48664874943071], [-113.58113728, 53.485724989000005], [-113.58033728, 53.4848012285693], [-113.57873728, 53.4848012285693], [-113.57793728, 53.485724989000005]]]}}, {"type": "Feature", "properties": {"DAUID": "48110987", "accessible_jobs": 8036}, "geometry": {"type": "Polygon", "coordinates": [[[-113.57287215, 53.490782365], [-113.57367215, 53.4917061254307], [-113.57527214999999, 53.4917061254307], [-113.57607214999999, 53.490782365], [-113.57527214999999, 53.4898586045693], [-113.57367215, 53.4898586045693], [-113.57287215, 53.490782365]]]}}, {"type": "Feature", "properties": {"DAUID": "48110989", "accessible_jobs": 895}, "geometry": {"type": "Polygon", "coordinates": [[[-113.5600304, 53.4835512], [-113.5608304, 53.4844749604307], [-113.5624304, 53.4844749604307], [-113.5632304, 53.4835512], [-113.5624304, 53.4826274395693], [-113.5608304, 53.4826274395693], [-113.5600304, 53.4835512]]]}}, {"type": "Feature", "properties": {"DAUID": "48110991", "accessible_jobs": 1326}, "geometry": {"type": "Polygon", "coordinates": [[[-113.5673902, 53.4923518525], [-113.5681902, 53.4932756129307], [-113.5697902, 53.4932756129307], [-113.5705902, 53.4923518525], [-113.5697902, 53.4914280920693], [-113.5681902, 53.4914280920693], [-113.5673902, 53.4923518525]]]}}, {"type": "Feature", "properties": {"DAUID": "48110993", "accessible_jobs": 2207}, "geometry": {"type": "Polygon", "coordinates": [[[-113.57549498095239, 53.49449485142858], [-113.57629498095238, 53.49541861185928], [-113.57789498095238, 53.49541861185928], [-113.57869498095238, 53.49449485142858], [-113.57789498095238, 53.493571090997875], [-113.57629498095238, 53.493571090997875], [-113.57549498095239, 53.49449485142858]]]}}, {"type": "Feature", "properties": {"DAUID": "48110994", "accessible_jobs": 1370}, "geometry": {"type": "Polygon", "coordinates": [[[-113.57777295, 53.502197655], [-113.57857295, 53.503121415430705], [-113.58017294999999, 53.503121415430705], [-113.58097294999999, 53.502197655], [-113.58017294999999, 53.5012738945693], [-113.57857295, 53.5012738945693], [-113.57777295, 53.502197655]]]}}, {"type": "Feature", "properties": {"DAUID": "48110995", "accessible_jobs": 6494}, "geometry": {"type": "Polygon", "coordinates": [[[-113.57701832500001, 53.49107008], [-113.57781832500001, 53.4919938404307], [-113.579418325, 53.4919938404307], [-113.580218325, 53.49107008], [-113.579418325, 53.4901463195693], [-113.57781832500001, 53.4901463195693], [-113.57701832500001, 53.49107008]]]}}, {"type": "Feature", "properties": {"DAUID": "48110996", "accessible_jobs": 360}, "geometry": {"type": "Polygon", "coordinates": [[[-113.5986, 53.48891], [-113.5994, 53.4898337604307], [-113.601, 53.4898337604307], [-113.6018, 53.48891], [-113.601, 53.487986239569295], [-113.5994, 53.487986239569295], [-113.5986, 53.48891]]]}}, {"type": "Feature", "properties": {"DAUID": "48111001", "accessible_jobs": 2963}, "geometry": {"type": "Polygon", "coordinates": [[[-113.61245250555555, 53.50381699277778], [-113.61325250555555, 53.50474075320848], [-113.61485250555555, 53.50474075320848], [-113.61565250555554, 53.50381699277778], [-113.61485250555555, 53.50289323234708], [-113.61325250555555, 53.50289323234708], [-113.61245250555555, 53.50381699277778]]]}}, {"type": "Feature", "properties": {"DAUID": "48111002", "accessible_jobs": 2963}, "geometry": {"type": "Polygon", "coordinates": [[[-113.617991, 53.498997], [-113.618791, 53.499920760430705], [-113.620391, 53.499920760430705], [-113.621191, 53.498997], [-113.620391, 53.4980732395693], [-113.618791, 53.4980732395693], [-113.617991, 53.498997]]]}}, {"type": "Feature", "properties": {"DAUID": "48111003", "accessible_jobs": 2963}, "geometry": {"type": "Polygon", "coordinates": [[[-113.61682280000001, 53.50432734636363], [-113.6176228, 53.50525110679433], [-113.6192228, 53.50525110679433], [-113.6200228, 53.50432734636363], [-113.6192228, 53.50340358593293], [-113.6176228, 53.50340358593293], [-113.61682280000001, 53.50432734636363]]]}}, {"type": "Feature", "properties": {"DAUID": "48111007", "accessible_jobs": 2963}, "geometry": {"type": "Polygon", "coordinates": [[[-113.62639326666668, 53.49835522666667], [-113.62719326666668, 53.49927898709737], [-113.62879326666668, 53.49927898709737], [-113.62959326666667, 53.49835522666667], [-113.62879326666668, 53.497431466235966], [-113.62719326666668, 53.497431466235966], [-113.62639326666668, 53.49835522666667]]]}}, {"type": "Feature", "properties": {"DAUID": "48111008", "accessible_jobs": 90}, "geometry": {"type": "Polygon", "coordinates": [[[-113.62119243333335, 53.495511670000006], [-113.62199243333335, 53.49643543043071], [-113.62359243333334, 53.49643543043071], [-113.62439243333334, 53.495511670000006], [-113.62359243333334, 53.494587909569304], [-113.62199243333335, 53.494587909569304], [-113.62119243333335, 53.495511670000006]]]}}, {"type": "Feature", "properties": {"DAUID": "48111030", "accessible_jobs": 16936}, "geometry": {"type": "Polygon", "coordinates": [[[-113.62968901176471, 53.507780213529415], [-113.63048901176471, 53.50870397396012], [-113.6320890117647, 53.50870397396012], [-113.6328890117647, 53.507780213529415], [-113.6320890117647, 53.50685645309871], [-113.63048901176471, 53.50685645309871], [-113.62968901176471, 53.507780213529415]]]}}, {"type": "Feature", "properties": {"DAUID": "48111035", "accessible_jobs": 19703}, "geometry": {"type": "Polygon", "coordinates": [[[-113.60305795000001, 53.515300550000006], [-113.60385795, 53.51622431043071], [-113.60545795, 53.51622431043071], [-113.60625795, 53.515300550000006], [-113.60545795, 53.514376789569305], [-113.60385795, 53.514376789569305], [-113.60305795000001, 53.515300550000006]]]}}, {"type": "Feature", "properties": {"DAUID": "48111036", "accessible_jobs": 19148}, "geometry": {"type": "Polygon", "coordinates": [[[-113.60741483333334, 53.51925370666667], [-113.60821483333334, 53.52017746709737], [-113.60981483333333, 53.52017746709737], [-113.61061483333333, 53.51925370666667], [-113.60981483333333, 53.518329946235966], [-113.60821483333334, 53.518329946235966], [-113.60741483333334, 53.51925370666667]]]}}, {"type": "Feature", "properties": {"DAUID": "48111038", "accessible_jobs": 36882}, "geometry": {"type": "Polygon", "coordinates": [[[-113.59293462978722, 53.52053849234043], [-113.59373462978722, 53.52146225277113], [-113.59533462978722, 53.52146225277113], [-113.59613462978722, 53.52053849234043], [-113.59533462978722, 53.519614731909726], [-113.59373462978722, 53.519614731909726], [-113.59293462978722, 53.52053849234043]]]}}, {"type": "Feature", "properties": {"DAUID": "48111039", "accessible_jobs": 35751}, "geometry": {"type": "Polygon", "coordinates": [[[-113.59419171818182, 53.51926012454546], [-113.59499171818182, 53.52018388497616], [-113.59659171818181, 53.52018388497616], [-113.59739171818181, 53.51926012454546], [-113.59659171818181, 53.51833636411476], [-113.59499171818182, 53.51833636411476], [-113.59419171818182, 53.51926012454546]]]}}, {"type": "Feature", "properties": {"DAUID": "48111041", "accessible_jobs": 21896}, "geometry": {"type": "Polygon", "coordinates": [[[-113.59358540000001, 53.5141924], [-113.59438540000001, 53.5151161604307], [-113.5959854, 53.5151161604307], [-113.5967854, 53.5141924], [-113.5959854, 53.5132686395693], [-113.59438540000001, 53.5132686395693], [-113.59358540000001, 53.5141924]]]}}, {"type": "Feature", "properties": {"DAUID": "48111043", "accessible_jobs": 5249}, "geometry": {"type": "Polygon", "coordinates": [[[-113.58477090000001, 53.5086036], [-113.58557090000001, 53.5095273604307], [-113.5871709, 53.5095273604307], [-113.5879709, 53.5086036], [-113.5871709, 53.5076798395693], [-113.58557090000001, 53.5076798395693], [-113.58477090000001, 53.5086036]]]}}, {"type": "Feature", "properties": {"DAUID": "48111046", "accessible_jobs": 17965}, "geometry": {"type": "Polygon", "coordinates": [[[-113.60109580000001, 53.5111205], [-113.60189580000001, 53.5120442604307], [-113.6034958, 53.5120442604307], [-113.6042958, 53.5111205], [-113.6034958, 53.510196739569295], [-113.60189580000001, 53.510196739569295], [-113.60109580000001, 53.5111205]]]}}, {"type": "Feature", "properties": {"DAUID": "48111047", "accessible_jobs": 18379}, "geometry": {"type": "Polygon", "coordinates": [[[-113.59007900833335, 53.50927099166666], [-113.59087900833335, 53.51019475209736], [-113.59247900833334, 53.51019475209736], [-113.59327900833334, 53.50927099166666], [-113.59247900833334, 53.50834723123596], [-113.59087900833335, 53.50834723123596], [-113.59007900833335, 53.50927099166666]]]}}, {"type": "Feature", "properties": {"DAUID": "48111049", "accessible_jobs": 2963}, "geometry": {"type": "Polygon", "coordinates": [[[-113.6053, 53.50672], [-113.6061, 53.5076437604307], [-113.6077, 53.5076437604307], [-113.60849999999999, 53.50672], [-113.6077, 53.5057962395693], [-113.6061, 53.5057962395693], [-113.6053, 53.50672]]]}}, {"type": "Feature", "properties": {"DAUID": "48111051", "accessible_jobs": 780}, "geometry": {"type": "Polygon", "coordinates": [[[-113.549821525, 53.5118889775], [-113.550621525, 53.5128127379307], [-113.552221525, 53.5128127379307], [-113.55302152499999, 53.5118889775], [-113.552221525, 53.5109652170693], [-113.550621525, 53.5109652170693], [-113.549821525, 53.5118889775]]]}}, {"type": "Feature", "properties": {"DAUID": "48111053", "accessible_jobs": 9928}, "geometry": {"type": "Polygon", "coordinates": [[[-113.56452667500001, 53.517499889999996], [-113.56532667500001, 53.5184236504307], [-113.566926675, 53.5184236504307], [-113.567726675, 53.517499889999996], [-113.566926675, 53.516576129569295], [-113.56532667500001, 53.516576129569295], [-113.56452667500001, 53.517499889999996]]]}}, {"type": "Feature", "properties": {"DAUID": "48111054", "accessible_jobs": 7825}, "geometry": {"type": "Polygon", "coordinates": [[[-113.55640000000001, 53.51651], [-113.55720000000001, 53.5174337604307], [-113.5588, 53.5174337604307], [-113.5596, 53.51651], [-113.5588, 53.515586239569295], [-113.55720000000001, 53.515586239569295], [-113.55640000000001, 53.51651]]]}}, {"type": "Feature", "properties": {"DAUID": "48111055", "accessible_jobs": 9131}, "geometry": {"type": "Polygon", "coordinates": [[[-113.5512587, 53.52317101], [-113.5520587, 53.5240947704307], [-113.5536587, 53.5240947704307], [-113.5544587, 53.52317101], [-113.5536587, 53.5222472495693], [-113.5520587, 53.5222472495693], [-113.5512587, 53.52317101]]]}}, {"type": "Feature", "properties": {"DAUID": "48111057", "accessible_jobs": 9749}, "geometry": {"type": "Polygon", "coordinates": [[[-113.5686931, 53.5206374], [-113.5694931, 53.5215611604307], [-113.5710931, 53.5215611604307], [-113.5718931, 53.5206374], [-113.5710931, 53.5197136395693], [-113.5694931, 53.5197136395693], [-113.5686931, 53.5206374]]]}}, {"type": "Feature", "properties": {"DAUID": "48111059", "accessible_jobs": 23109}, "geometry": {"type": "Polygon", "coordinates": [[[-113.5757978, 53.51907833357143], [-113.5765978, 53.52000209400213], [-113.5781978, 53.52000209400213], [-113.5789978, 53.51907833357143], [-113.5781978, 53.51815457314073], [-113.5765978, 53.51815457314073], [-113.5757978, 53.51907833357143]]]}}, {"type": "Feature", "properties": {"DAUID": "48111060", "accessible_jobs": 9988}, "geometry": {"type": "Polygon", "coordinates": [[[-113.5653144, 53.51799306], [-113.5661144, 53.518916820430704], [-113.5677144, 53.518916820430704], [-113.5685144, 53.51799306], [-113.5677144, 53.5170692995693], [-113.5661144, 53.5170692995693], [-113.5653144, 53.51799306]]]}}, {"type": "Feature", "properties": {"DAUID": "48111061", "accessible_jobs": 23357}, "geometry": {"type": "Polygon", "coordinates": [[[-113.5770613, 53.51902775], [-113.5778613, 53.5199515104307], [-113.57946129999999, 53.5199515104307], [-113.58026129999999, 53.51902775], [-113.57946129999999, 53.5181039895693], [-113.5778613, 53.5181039895693], [-113.5770613, 53.51902775]]]}}, {"type": "Feature", "properties": {"DAUID": "48111062", "accessible_jobs": 22881}, "geometry": {"type": "Polygon", "coordinates": [[[-113.58315825, 53.518096025], [-113.58395825, 53.5190197854307], [-113.58555824999999, 53.5190197854307], [-113.58635824999999, 53.518096025], [-113.58555824999999, 53.5171722645693], [-113.58395825, 53.5171722645693], [-113.58315825, 53.518096025]]]}}, {"type": "Feature", "properties": {"DAUID": "48111063", "accessible_jobs": 37043}, "geometry": {"type": "Polygon", "coordinates": [[[-113.58761381702128, 53.519847954680856], [-113.58841381702128, 53.52077171511156], [-113.59001381702127, 53.52077171511156], [-113.59081381702127, 53.519847954680856], [-113.59001381702127, 53.518924194250154], [-113.58841381702128, 53.518924194250154], [-113.58761381702128, 53.519847954680856]]]}}, {"type": "Feature", "properties": {"DAUID": "48111064", "accessible_jobs": 23115}, "geometry": {"type": "Polygon", "coordinates": [[[-113.58344793333333, 53.52171347666666], [-113.58424793333333, 53.52263723709736], [-113.58584793333333, 53.52263723709736], [-113.58664793333332, 53.52171347666666], [-113.58584793333333, 53.52078971623596], [-113.58424793333333, 53.52078971623596], [-113.58344793333333, 53.52171347666666]]]}}, {"type": "Feature", "properties": {"DAUID": "48111065", "accessible_jobs": 23707}, "geometry": {"type": "Polygon", "coordinates": [[[-113.57762111621624, 53.520657019729725], [-113.57842111621623, 53.52158078016043], [-113.58002111621623, 53.52158078016043], [-113.58082111621623, 53.520657019729725], [-113.58002111621623, 53.519733259299024], [-113.57842111621623, 53.519733259299024], [-113.57762111621624, 53.520657019729725]]]}}, {"type": "Feature", "properties": {"DAUID": "48111066", "accessible_jobs": 10895}, "geometry": {"type": "Polygon", "coordinates": [[[-113.57736374, 53.52486206], [-113.57816374, 53.5257858204307], [-113.57976373999999, 53.5257858204307], [-113.58056373999999, 53.52486206], [-113.57976373999999, 53.523938299569295], [-113.57816374, 53.523938299569295], [-113.57736374, 53.52486206]]]}}, {"type": "Feature", "properties": {"DAUID": "48111068", "accessible_jobs": 25231}, "geometry": {"type": "Polygon", "coordinates": [[[-113.57694605384616, 53.529503399999996], [-113.57774605384616, 53.5304271604307], [-113.57934605384615, 53.5304271604307], [-113.58014605384615, 53.529503399999996], [-113.57934605384615, 53.528579639569294], [-113.57774605384616, 53.528579639569294], [-113.57694605384616, 53.529503399999996]]]}}, {"type": "Feature", "properties": {"DAUID": "48111069", "accessible_jobs": 29650}, "geometry": {"type": "Polygon", "coordinates": [[[-113.57609102, 53.53184426400001], [-113.57689102, 53.53276802443071], [-113.57849102, 53.53276802443071], [-113.57929102, 53.53184426400001], [-113.57849102, 53.530920503569305], [-113.57689102, 53.530920503569305], [-113.57609102, 53.53184426400001]]]}}, {"type": "Feature", "properties": {"DAUID": "48111070", "accessible_jobs": 29507}, "geometry": {"type": "Polygon", "coordinates": [[[-113.5769475, 53.53263673833334], [-113.5777475, 53.53356049876404], [-113.5793475, 53.53356049876404], [-113.5801475, 53.53263673833334], [-113.5793475, 53.531712977902636], [-113.5777475, 53.531712977902636], [-113.5769475, 53.53263673833334]]]}}, {"type": "Feature", "properties": {"DAUID": "48111072", "accessible_jobs": 27956}, "geometry": {"type": "Polygon", "coordinates": [[[-113.58819185217392, 53.53183369391304], [-113.58899185217392, 53.532757454343745], [-113.59059185217392, 53.532757454343745], [-113.59139185217391, 53.53183369391304], [-113.59059185217392, 53.53090993348234], [-113.58899185217392, 53.53090993348234], [-113.58819185217392, 53.53183369391304]]]}}, {"type": "Feature", "properties": {"DAUID": "48111073", "accessible_jobs": 30304}, "geometry": {"type": "Polygon", "coordinates": [[[-113.58933187058824, 53.5337645682353], [-113.59013187058824, 53.534688328666], [-113.59173187058823, 53.534688328666], [-113.59253187058823, 53.5337645682353], [-113.59173187058823, 53.5328408078046], [-113.59013187058824, 53.5328408078046], [-113.58933187058824, 53.5337645682353]]]}}, {"type": "Feature", "properties": {"DAUID": "48111074", "accessible_jobs": 27202}, "geometry": {"type": "Polygon", "coordinates": [[[-113.58861215, 53.537126004], [-113.58941215, 53.5380497644307], [-113.59101215, 53.5380497644307], [-113.59181215, 53.537126004], [-113.59101215, 53.5362022435693], [-113.58941215, 53.5362022435693], [-113.58861215, 53.537126004]]]}}, {"type": "Feature", "properties": {"DAUID": "48111076", "accessible_jobs": 40808}, "geometry": {"type": "Polygon", "coordinates": [[[-113.57694461428572, 53.53616396571429], [-113.57774461428572, 53.53708772614499], [-113.57934461428572, 53.53708772614499], [-113.58014461428571, 53.53616396571429], [-113.57934461428572, 53.535240205283586], [-113.57774461428572, 53.535240205283586], [-113.57694461428572, 53.53616396571429]]]}}, {"type": "Feature", "properties": {"DAUID": "48111077", "accessible_jobs": 46057}, "geometry": {"type": "Polygon", "coordinates": [[[-113.57523213333333, 53.53898985666666], [-113.57603213333333, 53.53991361709736], [-113.57763213333332, 53.53991361709736], [-113.57843213333332, 53.53898985666666], [-113.57763213333332, 53.53806609623596], [-113.57603213333333, 53.53806609623596], [-113.57523213333333, 53.53898985666666]]]}}, {"type": "Feature", "properties": {"DAUID": "48111078", "accessible_jobs": 46550}, "geometry": {"type": "Polygon", "coordinates": [[[-113.5782378763158, 53.54138641118421], [-113.5790378763158, 53.542310171614915], [-113.58063787631579, 53.542310171614915], [-113.58143787631579, 53.54138641118421], [-113.58063787631579, 53.54046265075351], [-113.5790378763158, 53.54046265075351], [-113.5782378763158, 53.54138641118421]]]}}, {"type": "Feature", "properties": {"DAUID": "48111079", "accessible_jobs": 17900}, "geometry": {"type": "Polygon", "coordinates": [[[-113.57346631111112, 53.54270757666667], [-113.57426631111112, 53.54363133709737], [-113.57586631111111, 53.54363133709737], [-113.57666631111111, 53.54270757666667], [-113.57586631111111, 53.54178381623597], [-113.57426631111112, 53.54178381623597], [-113.57346631111112, 53.54270757666667]]]}}, {"type": "Feature", "properties": {"DAUID": "48111080", "accessible_jobs": 34367}, "geometry": {"type": "Polygon", "coordinates": [[[-113.56562492380952, 53.54353883761905], [-113.56642492380952, 53.544462598049755], [-113.56802492380952, 53.544462598049755], [-113.56882492380952, 53.54353883761905], [-113.56802492380952, 53.54261507718835], [-113.56642492380952, 53.54261507718835], [-113.56562492380952, 53.54353883761905]]]}}, {"type": "Feature", "properties": {"DAUID": "48111081", "accessible_jobs": 32375}, "geometry": {"type": "Polygon", "coordinates": [[[-113.56355691320756, 53.5435101409434], [-113.56435691320756, 53.5444339013741], [-113.56595691320756, 53.5444339013741], [-113.56675691320756, 53.5435101409434], [-113.56595691320756, 53.542586380512695], [-113.56435691320756, 53.542586380512695], [-113.56355691320756, 53.5435101409434]]]}}, {"type": "Feature", "properties": {"DAUID": "48111082", "accessible_jobs": 31026}, "geometry": {"type": "Polygon", "coordinates": [[[-113.5576212, 53.5466916], [-113.5584212, 53.547615360430704], [-113.5600212, 53.547615360430704], [-113.56082119999999, 53.5466916], [-113.5600212, 53.5457678395693], [-113.5584212, 53.5457678395693], [-113.5576212, 53.5466916]]]}}, {"type": "Feature", "properties": {"DAUID": "48111083", "accessible_jobs": 14281}, "geometry": {"type": "Polygon", "coordinates": [[[-113.55390580000001, 53.54399955], [-113.55470580000001, 53.544923310430704], [-113.5563058, 53.544923310430704], [-113.5571058, 53.54399955], [-113.5563058, 53.5430757895693], [-113.55470580000001, 53.5430757895693], [-113.55390580000001, 53.54399955]]]}}, {"type": "Feature", "properties": {"DAUID": "48111087", "accessible_jobs": 89578}, "geometry": {"type": "Polygon", "coordinates": [[[-113.55174701666668, 53.54586074], [-113.55254701666668, 53.546784500430704], [-113.55414701666668, 53.546784500430704], [-113.55494701666667, 53.54586074], [-113.55414701666668, 53.5449369795693], [-113.55254701666668, 53.5449369795693], [-113.55174701666668, 53.54586074]]]}}, {"type": "Feature", "properties": {"DAUID": "48111088", "accessible_jobs": 110037}, "geometry": {"type": "Polygon", "coordinates": [[[-113.5589406, 53.548577725], [-113.5597406, 53.5495014854307], [-113.5613406, 53.5495014854307], [-113.56214059999999, 53.548577725], [-113.5613406, 53.5476539645693], [-113.5597406, 53.5476539645693], [-113.5589406, 53.548577725]]]}}, {"type": "Feature", "properties": {"DAUID": "48111089", "accessible_jobs": 47548}, "geometry": {"type": "Polygon", "coordinates": [[[-113.55629001666667, 53.55508536166667], [-113.55709001666666, 53.55600912209737], [-113.55869001666666, 53.55600912209737], [-113.55949001666666, 53.55508536166667], [-113.55869001666666, 53.55416160123597], [-113.55709001666666, 53.55416160123597], [-113.55629001666667, 53.55508536166667]]]}}, {"type": "Feature", "properties": {"DAUID": "48111090", "accessible_jobs": 59663}, "geometry": {"type": "Polygon", "coordinates": [[[-113.5521339, 53.55955144], [-113.5529339, 53.5604752004307], [-113.5545339, 53.5604752004307], [-113.5553339, 53.55955144], [-113.5545339, 53.5586276795693], [-113.5529339, 53.5586276795693], [-113.5521339, 53.55955144]]]}}, {"type": "Feature", "properties": {"DAUID": "48111091", "accessible_jobs": 77249}, "geometry": {"type": "Polygon", "coordinates": [[[-113.55956064, 53.558567862], [-113.56036064, 53.5594916224307], [-113.56196064, 53.5594916224307], [-113.56276064, 53.558567862], [-113.56196064, 53.557644101569295], [-113.56036064, 53.557644101569295], [-113.55956064, 53.558567862]]]}}, {"type": "Feature", "properties": {"DAUID": "48111092", "accessible_jobs": 73104}, "geometry": {"type": "Polygon", "coordinates": [[[-113.55034915714286, 53.56115301142857], [-113.55114915714286, 53.562076771859275], [-113.55274915714286, 53.562076771859275], [-113.55354915714285, 53.56115301142857], [-113.55274915714286, 53.56022925099787], [-113.55114915714286, 53.56022925099787], [-113.55034915714286, 53.56115301142857]]]}}, {"type": "Feature", "properties": {"DAUID": "48111093", "accessible_jobs": 48069}, "geometry": {"type": "Polygon", "coordinates": [[[-113.54559677142858, 53.56004700571429], [-113.54639677142858, 53.56097076614499], [-113.54799677142857, 53.56097076614499], [-113.54879677142857, 53.56004700571429], [-113.54799677142857, 53.55912324528359], [-113.54639677142858, 53.55912324528359], [-113.54559677142858, 53.56004700571429]]]}}, {"type": "Feature", "properties": {"DAUID": "48111094", "accessible_jobs": 90013}, "geometry": {"type": "Polygon", "coordinates": [[[-113.54655605, 53.566369325], [-113.54735605, 53.5672930854307], [-113.54895605, 53.5672930854307], [-113.54975605, 53.566369325], [-113.54895605, 53.565445564569295], [-113.54735605, 53.565445564569295], [-113.54655605, 53.566369325]]]}}, {"type": "Feature", "properties": {"DAUID": "48111095", "accessible_jobs": 93901}, "geometry": {"type": "Polygon", "coordinates": [[[-113.5502866, 53.56439530285714], [-113.5510866, 53.565319063287845], [-113.5526866, 53.565319063287845], [-113.5534866, 53.56439530285714], [-113.5526866, 53.56347154242644], [-113.5510866, 53.56347154242644], [-113.5502866, 53.56439530285714]]]}}, {"type": "Feature", "properties": {"DAUID": "48111096", "accessible_jobs": 82808}, "geometry": {"type": "Polygon", "coordinates": [[[-113.55364093, 53.561084772], [-113.55444093, 53.5620085324307], [-113.55604093, 53.5620085324307], [-113.55684092999999, 53.561084772], [-113.55604093, 53.5601610115693], [-113.55444093, 53.5601610115693], [-113.55364093, 53.561084772]]]}}, {"type": "Feature", "properties": {"DAUID": "48111097", "accessible_jobs": 67600}, "geometry": {"type": "Polygon", "coordinates": [[[-113.55412235, 53.563840495], [-113.55492235, 53.5647642554307], [-113.55652235, 53.5647642554307], [-113.55732234999999, 53.563840495], [-113.55652235, 53.5629167345693], [-113.55492235, 53.5629167345693], [-113.55412235, 53.563840495]]]}}, {"type": "Feature", "properties": {"DAUID": "48111099", "accessible_jobs": 44043}, "geometry": {"type": "Polygon", "coordinates": [[[-113.56549259864865, 53.567409940675674], [-113.56629259864864, 53.568333701106376], [-113.56789259864864, 53.568333701106376], [-113.56869259864864, 53.567409940675674], [-113.56789259864864, 53.56648618024497], [-113.56629259864864, 53.56648618024497], [-113.56549259864865, 53.567409940675674]]]}}, {"type": "Feature", "properties": {"DAUID": "48111100", "accessible_jobs": 47690}, "geometry": {"type": "Polygon", "coordinates": [[[-113.56460418666667, 53.573472671333334], [-113.56540418666667, 53.574396431764036], [-113.56700418666667, 53.574396431764036], [-113.56780418666666, 53.573472671333334], [-113.56700418666667, 53.57254891090263], [-113.56540418666667, 53.57254891090263], [-113.56460418666667, 53.573472671333334]]]}}, {"type": "Feature", "properties": {"DAUID": "48111101", "accessible_jobs": 66225}, "geometry": {"type": "Polygon", "coordinates": [[[-113.5540823, 53.57206123], [-113.5548823, 53.572984990430704], [-113.5564823, 53.572984990430704], [-113.5572823, 53.57206123], [-113.5564823, 53.5711374695693], [-113.5548823, 53.5711374695693], [-113.5540823, 53.57206123]]]}}, {"type": "Feature", "properties": {"DAUID": "48111102", "accessible_jobs": 82396}, "geometry": {"type": "Polygon", "coordinates": [[[-113.55079093600001, 53.56780937600001], [-113.55159093600001, 53.56873313643071], [-113.55319093600001, 53.56873313643071], [-113.553990936, 53.56780937600001], [-113.55319093600001, 53.566885615569305], [-113.55159093600001, 53.566885615569305], [-113.55079093600001, 53.56780937600001]]]}}, {"type": "Feature", "properties": {"DAUID": "48111103", "accessible_jobs": 50553}, "geometry": {"type": "Polygon", "coordinates": [[[-113.5519141, 53.57499831], [-113.5527141, 53.5759220704307], [-113.5543141, 53.5759220704307], [-113.5551141, 53.57499831], [-113.5543141, 53.574074549569296], [-113.5527141, 53.574074549569296], [-113.5519141, 53.57499831]]]}}, {"type": "Feature", "properties": {"DAUID": "48111104", "accessible_jobs": 35834}, "geometry": {"type": "Polygon", "coordinates": [[[-113.56113686500001, 53.58507682516667], [-113.561936865, 53.58600058559737], [-113.563536865, 53.58600058559737], [-113.564336865, 53.58507682516667], [-113.563536865, 53.584153064735965], [-113.561936865, 53.584153064735965], [-113.56113686500001, 53.58507682516667]]]}}, {"type": "Feature", "properties": {"DAUID": "48111106", "accessible_jobs": 24199}, "geometry": {"type": "Polygon", "coordinates": [[[-113.5762064627409, 53.59157484620985], [-113.5770064627409, 53.592498606640554], [-113.5786064627409, 53.592498606640554], [-113.57940646274089, 53.59157484620985], [-113.5786064627409, 53.59065108577915], [-113.5770064627409, 53.59065108577915], [-113.5762064627409, 53.59157484620985]]]}}, {"type": "Feature", "properties": {"DAUID": "48111107", "accessible_jobs": 6586}, "geometry": {"type": "Polygon", "coordinates": [[[-113.55431361111111, 53.582895663888884], [-113.55511361111111, 53.583819424319586], [-113.5567136111111, 53.583819424319586], [-113.5575136111111, 53.582895663888884], [-113.5567136111111, 53.58197190345818], [-113.55511361111111, 53.58197190345818], [-113.55431361111111, 53.582895663888884]]]}}, {"type": "Feature", "properties": {"DAUID": "48111108", "accessible_jobs": 12902}, "geometry": {"type": "Polygon", "coordinates": [[[-113.5533676, 53.59186525], [-113.5541676, 53.5927890104307], [-113.5557676, 53.5927890104307], [-113.5565676, 53.59186525], [-113.5557676, 53.590941489569296], [-113.5541676, 53.590941489569296], [-113.5533676, 53.59186525]]]}}, {"type": "Feature", "properties": {"DAUID": "48111110", "accessible_jobs": 41036}, "geometry": {"type": "Polygon", "coordinates": [[[-113.54947202083333, 53.60005953375], [-113.55027202083333, 53.6009832941807], [-113.55187202083333, 53.6009832941807], [-113.55267202083333, 53.60005953375], [-113.55187202083333, 53.5991357733193], [-113.55027202083333, 53.5991357733193], [-113.54947202083333, 53.60005953375]]]}}, {"type": "Feature", "properties": {"DAUID": "48111111", "accessible_jobs": 36565}, "geometry": {"type": "Polygon", "coordinates": [[[-113.56156970882353, 53.59923581176471], [-113.56236970882352, 53.60015957219541], [-113.56396970882352, 53.60015957219541], [-113.56476970882352, 53.59923581176471], [-113.56396970882352, 53.598312051334005], [-113.56236970882352, 53.598312051334005], [-113.56156970882353, 53.59923581176471]]]}}, {"type": "Feature", "properties": {"DAUID": "48111113", "accessible_jobs": 38117}, "geometry": {"type": "Polygon", "coordinates": [[[-113.5407034392857, 53.60063588535714], [-113.5415034392857, 53.601559645787844], [-113.5431034392857, 53.601559645787844], [-113.5439034392857, 53.60063588535714], [-113.5431034392857, 53.59971212492644], [-113.5415034392857, 53.59971212492644], [-113.5407034392857, 53.60063588535714]]]}}, {"type": "Feature", "properties": {"DAUID": "48111114", "accessible_jobs": 23245}, "geometry": {"type": "Polygon", "coordinates": [[[-113.54534085555555, 53.592790613333335], [-113.54614085555555, 53.59371437376404], [-113.54774085555555, 53.59371437376404], [-113.54854085555554, 53.592790613333335], [-113.54774085555555, 53.59186685290263], [-113.54614085555555, 53.59186685290263], [-113.54534085555555, 53.592790613333335]]]}}, {"type": "Feature", "properties": {"DAUID": "48111115", "accessible_jobs": 24175}, "geometry": {"type": "Polygon", "coordinates": [[[-113.53776657894737, 53.59971618421053], [-113.53856657894737, 53.60063994464123], [-113.54016657894736, 53.60063994464123], [-113.54096657894736, 53.59971618421053], [-113.54016657894736, 53.59879242377983], [-113.53856657894737, 53.59879242377983], [-113.53776657894737, 53.59971618421053]]]}}, {"type": "Feature", "properties": {"DAUID": "48111116", "accessible_jobs": 26500}, "geometry": {"type": "Polygon", "coordinates": [[[-113.54171365454546, 53.589225131818175], [-113.54251365454546, 53.59014889224888], [-113.54411365454546, 53.59014889224888], [-113.54491365454545, 53.589225131818175], [-113.54411365454546, 53.58830137138747], [-113.54251365454546, 53.58830137138747], [-113.54171365454546, 53.589225131818175]]]}}, {"type": "Feature", "properties": {"DAUID": "48111117", "accessible_jobs": 16904}, "geometry": {"type": "Polygon", "coordinates": [[[-113.54117571698113, 53.583233753773584], [-113.54197571698113, 53.584157514204286], [-113.54357571698112, 53.584157514204286], [-113.54437571698112, 53.583233753773584], [-113.54357571698112, 53.58230999334288], [-113.54197571698113, 53.58230999334288], [-113.54117571698113, 53.583233753773584]]]}}, {"type": "Feature", "properties": {"DAUID": "48111119", "accessible_jobs": 10121}, "geometry": {"type": "Polygon", "coordinates": [[[-113.53418230000001, 53.62060549058824], [-113.53498230000001, 53.62152925101894], [-113.5365823, 53.62152925101894], [-113.5373823, 53.62060549058824], [-113.5365823, 53.61968173015754], [-113.53498230000001, 53.61968173015754], [-113.53418230000001, 53.62060549058824]]]}}, {"type": "Feature", "properties": {"DAUID": "48111124", "accessible_jobs": 28348}, "geometry": {"type": "Polygon", "coordinates": [[[-113.59364140499167, 53.57022882419301], [-113.59444140499167, 53.57115258462371], [-113.59604140499167, 53.57115258462371], [-113.59684140499166, 53.57022882419301], [-113.59604140499167, 53.56930506376231], [-113.59444140499167, 53.56930506376231], [-113.59364140499167, 53.57022882419301]]]}}, {"type": "Feature", "properties": {"DAUID": "48111125", "accessible_jobs": 35557}, "geometry": {"type": "Polygon", "coordinates": [[[-113.59337830561799, 53.560606291910105], [-113.59417830561799, 53.56153005234081], [-113.59577830561798, 53.56153005234081], [-113.59657830561798, 53.560606291910105], [-113.59577830561798, 53.5596825314794], [-113.59417830561799, 53.5596825314794], [-113.59337830561799, 53.560606291910105]]]}}, {"type": "Feature", "properties": {"DAUID": "48111126", "accessible_jobs": 35549}, "geometry": {"type": "Polygon", "coordinates": [[[-113.60520326415094, 53.56088083157232], [-113.60600326415094, 53.56180459200302], [-113.60760326415094, 53.56180459200302], [-113.60840326415094, 53.56088083157232], [-113.60760326415094, 53.55995707114162], [-113.60600326415094, 53.55995707114162], [-113.60520326415094, 53.56088083157232]]]}}, {"type": "Feature", "properties": {"DAUID": "48111127", "accessible_jobs": 41646}, "geometry": {"type": "Polygon", "coordinates": [[[-113.59436583333333, 53.55475737333333], [-113.59516583333333, 53.55568113376403], [-113.59676583333332, 53.55568113376403], [-113.59756583333332, 53.55475737333333], [-113.59676583333332, 53.55383361290263], [-113.59516583333333, 53.55383361290263], [-113.59436583333333, 53.55475737333333]]]}}, {"type": "Feature", "properties": {"DAUID": "48111129", "accessible_jobs": 52993}, "geometry": {"type": "Polygon", "coordinates": [[[-113.59287870000001, 53.547788383333334], [-113.59367870000001, 53.548712143764035], [-113.59527870000001, 53.548712143764035], [-113.5960787, 53.547788383333334], [-113.59527870000001, 53.54686462290263], [-113.59367870000001, 53.54686462290263], [-113.59287870000001, 53.547788383333334]]]}}, {"type": "Feature", "properties": {"DAUID": "48111130", "accessible_jobs": 73211}, "geometry": {"type": "Polygon", "coordinates": [[[-113.58806220714285, 53.54977384214286], [-113.58886220714285, 53.550697602573564], [-113.59046220714285, 53.550697602573564], [-113.59126220714285, 53.54977384214286], [-113.59046220714285, 53.54885008171216], [-113.58886220714285, 53.54885008171216], [-113.58806220714285, 53.54977384214286]]]}}, {"type": "Feature", "properties": {"DAUID": "48111131", "accessible_jobs": 69188}, "geometry": {"type": "Polygon", "coordinates": [[[-113.58475025000001, 53.547024525], [-113.58555025000001, 53.5479482854307], [-113.58715025000001, 53.5479482854307], [-113.58795025, 53.547024525], [-113.58715025000001, 53.546100764569296], [-113.58555025000001, 53.546100764569296], [-113.58475025000001, 53.547024525]]]}}, {"type": "Feature", "properties": {"DAUID": "48111132", "accessible_jobs": 61350}, "geometry": {"type": "Polygon", "coordinates": [[[-113.5859544, 53.542781563333335], [-113.5867544, 53.54370532376404], [-113.5883544, 53.54370532376404], [-113.5891544, 53.542781563333335], [-113.5883544, 53.54185780290263], [-113.5867544, 53.54185780290263], [-113.5859544, 53.542781563333335]]]}}, {"type": "Feature", "properties": {"DAUID": "48111133", "accessible_jobs": 59636}, "geometry": {"type": "Polygon", "coordinates": [[[-113.58969098604652, 53.54320718511627], [-113.59049098604652, 53.544130945546975], [-113.59209098604651, 53.544130945546975], [-113.59289098604651, 53.54320718511627], [-113.59209098604651, 53.54228342468557], [-113.59049098604652, 53.54228342468557], [-113.58969098604652, 53.54320718511627]]]}}, {"type": "Feature", "properties": {"DAUID": "48111134", "accessible_jobs": 58647}, "geometry": {"type": "Polygon", "coordinates": [[[-113.58819850119048, 53.54095086452381], [-113.58899850119047, 53.54187462495451], [-113.59059850119047, 53.54187462495451], [-113.59139850119047, 53.54095086452381], [-113.59059850119047, 53.540027104093106], [-113.58899850119047, 53.540027104093106], [-113.58819850119048, 53.54095086452381]]]}}, {"type": "Feature", "properties": {"DAUID": "48111135", "accessible_jobs": 40552}, "geometry": {"type": "Polygon", "coordinates": [[[-113.58293129318182, 53.541305262954545], [-113.58373129318181, 53.54222902338525], [-113.58533129318181, 53.54222902338525], [-113.58613129318181, 53.541305262954545], [-113.58533129318181, 53.54038150252384], [-113.58373129318181, 53.54038150252384], [-113.58293129318182, 53.541305262954545]]]}}, {"type": "Feature", "properties": {"DAUID": "48111136", "accessible_jobs": 61071}, "geometry": {"type": "Polygon", "coordinates": [[[-113.59304926896553, 53.540923456551724], [-113.59384926896553, 53.541847216982426], [-113.59544926896552, 53.541847216982426], [-113.59624926896552, 53.540923456551724], [-113.59544926896552, 53.53999969612102], [-113.59384926896553, 53.53999969612102], [-113.59304926896553, 53.540923456551724]]]}}, {"type": "Feature", "properties": {"DAUID": "48111137", "accessible_jobs": 55071}, "geometry": {"type": "Polygon", "coordinates": [[[-113.59517588333334, 53.542192801666666], [-113.59597588333334, 53.54311656209737], [-113.59757588333333, 53.54311656209737], [-113.59837588333333, 53.542192801666666], [-113.59757588333333, 53.541269041235964], [-113.59597588333334, 53.541269041235964], [-113.59517588333334, 53.542192801666666]]]}}, {"type": "Feature", "properties": {"DAUID": "48111138", "accessible_jobs": 43622}, "geometry": {"type": "Polygon", "coordinates": [[[-113.597592475, 53.5426962925], [-113.598392475, 53.5436200529307], [-113.599992475, 53.5436200529307], [-113.60079247499999, 53.5426962925], [-113.599992475, 53.541772532069295], [-113.598392475, 53.541772532069295], [-113.597592475, 53.5426962925]]]}}, {"type": "Feature", "properties": {"DAUID": "48111139", "accessible_jobs": 55011}, "geometry": {"type": "Polygon", "coordinates": [[[-113.60065489090908, 53.54093781506493], [-113.60145489090908, 53.54186157549563], [-113.60305489090908, 53.54186157549563], [-113.60385489090908, 53.54093781506493], [-113.60305489090908, 53.54001405463423], [-113.60145489090908, 53.54001405463423], [-113.60065489090908, 53.54093781506493]]]}}, {"type": "Feature", "properties": {"DAUID": "48111140", "accessible_jobs": 51901}, "geometry": {"type": "Polygon", "coordinates": [[[-113.59508131999999, 53.540292014], [-113.59588131999999, 53.541215774430704], [-113.59748131999999, 53.541215774430704], [-113.59828131999998, 53.540292014], [-113.59748131999999, 53.5393682535693], [-113.59588131999999, 53.5393682535693], [-113.59508131999999, 53.540292014]]]}}, {"type": "Feature", "properties": {"DAUID": "48111142", "accessible_jobs": 31112}, "geometry": {"type": "Polygon", "coordinates": [[[-113.60048736666666, 53.53211673333333], [-113.60128736666665, 53.533040493764034], [-113.60288736666665, 53.533040493764034], [-113.60368736666665, 53.53211673333333], [-113.60288736666665, 53.53119297290263], [-113.60128736666665, 53.53119297290263], [-113.60048736666666, 53.53211673333333]]]}}, {"type": "Feature", "properties": {"DAUID": "48111143", "accessible_jobs": 31576}, "geometry": {"type": "Polygon", "coordinates": [[[-113.6025147, 53.532240998125], [-113.6033147, 53.5331647585557], [-113.6049147, 53.5331647585557], [-113.6057147, 53.532240998125], [-113.6049147, 53.531317237694296], [-113.6033147, 53.531317237694296], [-113.6025147, 53.532240998125]]]}}, {"type": "Feature", "properties": {"DAUID": "48111144", "accessible_jobs": 50004}, "geometry": {"type": "Polygon", "coordinates": [[[-113.60497179787235, 53.539335542978726], [-113.60577179787235, 53.54025930340943], [-113.60737179787235, 53.54025930340943], [-113.60817179787234, 53.539335542978726], [-113.60737179787235, 53.538411782548025], [-113.60577179787235, 53.538411782548025], [-113.60497179787235, 53.539335542978726]]]}}, {"type": "Feature", "properties": {"DAUID": "48111145", "accessible_jobs": 50004}, "geometry": {"type": "Polygon", "coordinates": [[[-113.6133204, 53.53780917828125], [-113.6141204, 53.53873293871195], [-113.6157204, 53.53873293871195], [-113.6165204, 53.53780917828125], [-113.6157204, 53.53688541785055], [-113.6141204, 53.53688541785055], [-113.6133204, 53.53780917828125]]]}}, {"type": "Feature", "properties": {"DAUID": "48111147", "accessible_jobs": 31158}, "geometry": {"type": "Polygon", "coordinates": [[[-113.61696350000001, 53.530880964999994], [-113.61776350000001, 53.531804725430696], [-113.6193635, 53.531804725430696], [-113.6201635, 53.530880964999994], [-113.6193635, 53.52995720456929], [-113.61776350000001, 53.52995720456929], [-113.61696350000001, 53.530880964999994]]]}}, {"type": "Feature", "properties": {"DAUID": "48111148", "accessible_jobs": 18626}, "geometry": {"type": "Polygon", "coordinates": [[[-113.62592926250001, 53.523996401875], [-113.6267292625, 53.524920162305705], [-113.6283292625, 53.524920162305705], [-113.6291292625, 53.523996401875], [-113.6283292625, 53.5230726414443], [-113.6267292625, 53.5230726414443], [-113.62592926250001, 53.523996401875]]]}}, {"type": "Feature", "properties": {"DAUID": "48111157", "accessible_jobs": 27215}, "geometry": {"type": "Polygon", "coordinates": [[[-113.61084776558442, 53.54325994324676], [-113.61164776558442, 53.54418370367746], [-113.61324776558442, 53.54418370367746], [-113.61404776558442, 53.54325994324676], [-113.61324776558442, 53.54233618281606], [-113.61164776558442, 53.54233618281606], [-113.61084776558442, 53.54325994324676]]]}}, {"type": "Feature", "properties": {"DAUID": "48111158", "accessible_jobs": 36993}, "geometry": {"type": "Polygon", "coordinates": [[[-113.6024136, 53.5457248], [-113.6032136, 53.546648560430704], [-113.6048136, 53.546648560430704], [-113.6056136, 53.5457248], [-113.6048136, 53.5448010395693], [-113.6032136, 53.5448010395693], [-113.6024136, 53.5457248]]]}}, {"type": "Feature", "properties": {"DAUID": "48111159", "accessible_jobs": 30380}, "geometry": {"type": "Polygon", "coordinates": [[[-113.6141360591572, 53.55489155265802], [-113.6149360591572, 53.55581531308872], [-113.6165360591572, 53.55581531308872], [-113.6173360591572, 53.55489155265802], [-113.6165360591572, 53.55396779222732], [-113.6149360591572, 53.55396779222732], [-113.6141360591572, 53.55489155265802]]]}}, {"type": "Feature", "properties": {"DAUID": "48111160", "accessible_jobs": 31458}, "geometry": {"type": "Polygon", "coordinates": [[[-113.602160775, 53.55077172], [-113.602960775, 53.5516954804307], [-113.604560775, 53.5516954804307], [-113.605360775, 53.55077172], [-113.604560775, 53.5498479595693], [-113.602960775, 53.5498479595693], [-113.602160775, 53.55077172]]]}}, {"type": "Feature", "properties": {"DAUID": "48111172", "accessible_jobs": 18626}, "geometry": {"type": "Polygon", "coordinates": [[[-113.63447833333333, 53.525369043333335], [-113.63527833333333, 53.526292803764036], [-113.63687833333333, 53.526292803764036], [-113.63767833333333, 53.525369043333335], [-113.63687833333333, 53.52444528290263], [-113.63527833333333, 53.52444528290263], [-113.63447833333333, 53.525369043333335]]]}}, {"type": "Feature", "properties": {"DAUID": "48111174", "accessible_jobs": 18626}, "geometry": {"type": "Polygon", "coordinates": [[[-113.6363892764706, 53.51773349529412], [-113.6371892764706, 53.51865725572482], [-113.63878927647059, 53.51865725572482], [-113.63958927647059, 53.51773349529412], [-113.63878927647059, 53.516809734863415], [-113.6371892764706, 53.516809734863415], [-113.6363892764706, 53.51773349529412]]]}}, {"type": "Feature", "properties": {"DAUID": "48111180", "accessible_jobs": 18626}, "geometry": {"type": "Polygon", "coordinates": [[[-113.61961316888298, 53.5227894143617], [-113.62041316888298, 53.5237131747924], [-113.62201316888297, 53.5237131747924], [-113.62281316888297, 53.5227894143617], [-113.62201316888297, 53.521865653930995], [-113.62041316888298, 53.521865653930995], [-113.61961316888298, 53.5227894143617]]]}}, {"type": "Feature", "properties": {"DAUID": "48111181", "accessible_jobs": 41954}, "geometry": {"type": "Polygon", "coordinates": [[[-113.612834275, 53.523932723125], [-113.613634275, 53.5248564835557], [-113.61523427499999, 53.5248564835557], [-113.61603427499999, 53.523932723125], [-113.61523427499999, 53.5230089626943], [-113.613634275, 53.5230089626943], [-113.612834275, 53.523932723125]]]}}, {"type": "Feature", "properties": {"DAUID": "48111182", "accessible_jobs": 41327}, "geometry": {"type": "Polygon", "coordinates": [[[-113.60799355, 53.52279466], [-113.60879355, 53.523718420430704], [-113.61039355, 53.523718420430704], [-113.61119355, 53.52279466], [-113.61039355, 53.5218708995693], [-113.60879355, 53.5218708995693], [-113.60799355, 53.52279466]]]}}, {"type": "Feature", "properties": {"DAUID": "48111183", "accessible_jobs": 31158}, "geometry": {"type": "Polygon", "coordinates": [[[-113.60677846666668, 53.52699310333333], [-113.60757846666668, 53.527916863764034], [-113.60917846666668, 53.527916863764034], [-113.60997846666667, 53.52699310333333], [-113.60917846666668, 53.52606934290263], [-113.60757846666668, 53.52606934290263], [-113.60677846666668, 53.52699310333333]]]}}, {"type": "Feature", "properties": {"DAUID": "48111185", "accessible_jobs": 38258}, "geometry": {"type": "Polygon", "coordinates": [[[-113.6061152, 53.52081042], [-113.6069152, 53.5217341804307], [-113.6085152, 53.5217341804307], [-113.6093152, 53.52081042], [-113.6085152, 53.519886659569295], [-113.6069152, 53.519886659569295], [-113.6061152, 53.52081042]]]}}, {"type": "Feature", "properties": {"DAUID": "48111187", "accessible_jobs": 42862}, "geometry": {"type": "Polygon", "coordinates": [[[-113.60256513333333, 53.52805762333333], [-113.60336513333333, 53.528981383764034], [-113.60496513333332, 53.528981383764034], [-113.60576513333332, 53.52805762333333], [-113.60496513333332, 53.52713386290263], [-113.60336513333333, 53.52713386290263], [-113.60256513333333, 53.52805762333333]]]}}, {"type": "Feature", "properties": {"DAUID": "48111189", "accessible_jobs": 7883}, "geometry": {"type": "Polygon", "coordinates": [[[-113.59067871428572, 53.521955690000006], [-113.59147871428571, 53.52287945043071], [-113.59307871428571, 53.52287945043071], [-113.59387871428571, 53.521955690000006], [-113.59307871428571, 53.521031929569304], [-113.59147871428571, 53.521031929569304], [-113.59067871428572, 53.521955690000006]]]}}, {"type": "Feature", "properties": {"DAUID": "48111190", "accessible_jobs": 9922}, "geometry": {"type": "Polygon", "coordinates": [[[-113.58711725714286, 53.528911688571434], [-113.58791725714286, 53.529835449002135], [-113.58951725714286, 53.529835449002135], [-113.59031725714286, 53.528911688571434], [-113.58951725714286, 53.52798792814073], [-113.58791725714286, 53.52798792814073], [-113.58711725714286, 53.528911688571434]]]}}, {"type": "Feature", "properties": {"DAUID": "48111205", "accessible_jobs": 937}, "geometry": {"type": "Polygon", "coordinates": [[[-113.6125, 53.472], [-113.6133, 53.4729237604307], [-113.61489999999999, 53.4729237604307], [-113.61569999999999, 53.472], [-113.61489999999999, 53.4710762395693], [-113.6133, 53.4710762395693], [-113.6125, 53.472]]]}}, {"type": "Feature", "properties": {"DAUID": "48111207", "accessible_jobs": 3812}, "geometry": {"type": "Polygon", "coordinates": [[[-113.58675487692308, 53.46935675923077], [-113.58755487692308, 53.47028051966147], [-113.58915487692308, 53.47028051966147], [-113.58995487692307, 53.46935675923077], [-113.58915487692308, 53.46843299880007], [-113.58755487692308, 53.46843299880007], [-113.58675487692308, 53.46935675923077]]]}}, {"type": "Feature", "properties": {"DAUID": "48111244", "accessible_jobs": 16555}, "geometry": {"type": "Polygon", "coordinates": [[[-113.47902580372094, 53.44987766646511], [-113.47982580372094, 53.450801426895815], [-113.48142580372094, 53.450801426895815], [-113.48222580372094, 53.44987766646511], [-113.48142580372094, 53.44895390603441], [-113.47982580372094, 53.44895390603441], [-113.47902580372094, 53.44987766646511]]]}}, {"type": "Feature", "properties": {"DAUID": "48111247", "accessible_jobs": 17938}, "geometry": {"type": "Polygon", "coordinates": [[[-113.45230810000001, 53.4552692], [-113.45310810000001, 53.4561929604307], [-113.4547081, 53.4561929604307], [-113.4555081, 53.4552692], [-113.4547081, 53.454345439569295], [-113.45310810000001, 53.454345439569295], [-113.45230810000001, 53.4552692]]]}}, {"type": "Feature", "properties": {"DAUID": "48111248", "accessible_jobs": 3661}, "geometry": {"type": "Polygon", "coordinates": [[[-113.46751265, 53.449916785], [-113.46831265, 53.4508405454307], [-113.46991265, 53.4508405454307], [-113.47071265, 53.449916785], [-113.46991265, 53.4489930245693], [-113.46831265, 53.4489930245693], [-113.46751265, 53.449916785]]]}}, {"type": "Feature", "properties": {"DAUID": "48111250", "accessible_jobs": 15426}, "geometry": {"type": "Polygon", "coordinates": [[[-113.469810996, 53.45541248232001], [-113.470610996, 53.45633624275071], [-113.472210996, 53.45633624275071], [-113.473010996, 53.45541248232001], [-113.472210996, 53.454488721889305], [-113.470610996, 53.454488721889305], [-113.469810996, 53.45541248232001]]]}}, {"type": "Feature", "properties": {"DAUID": "48111251", "accessible_jobs": 10400}, "geometry": {"type": "Polygon", "coordinates": [[[-113.4452019, 53.45635065], [-113.4460019, 53.4572744104307], [-113.4476019, 53.4572744104307], [-113.4484019, 53.45635065], [-113.4476019, 53.455426889569296], [-113.4460019, 53.455426889569296], [-113.4452019, 53.45635065]]]}}, {"type": "Feature", "properties": {"DAUID": "48111260", "accessible_jobs": 20554}, "geometry": {"type": "Polygon", "coordinates": [[[-113.42981437857142, 53.467584037857144], [-113.43061437857142, 53.468507798287845], [-113.43221437857142, 53.468507798287845], [-113.43301437857141, 53.467584037857144], [-113.43221437857142, 53.46666027742644], [-113.43061437857142, 53.46666027742644], [-113.42981437857142, 53.467584037857144]]]}}, {"type": "Feature", "properties": {"DAUID": "48111261", "accessible_jobs": 7827}, "geometry": {"type": "Polygon", "coordinates": [[[-113.44891235, 53.444685715], [-113.44971235, 53.4456094754307], [-113.45131235, 53.4456094754307], [-113.45211235, 53.444685715], [-113.45131235, 53.4437619545693], [-113.44971235, 53.4437619545693], [-113.44891235, 53.444685715]]]}}, {"type": "Feature", "properties": {"DAUID": "48111262", "accessible_jobs": 675}, "geometry": {"type": "Polygon", "coordinates": [[[-113.45467330000001, 53.43962198], [-113.45547330000001, 53.4405457404307], [-113.4570733, 53.4405457404307], [-113.4578733, 53.43962198], [-113.4570733, 53.4386982195693], [-113.45547330000001, 53.4386982195693], [-113.45467330000001, 53.43962198]]]}}, {"type": "Feature", "properties": {"DAUID": "48111266", "accessible_jobs": 53530}, "geometry": {"type": "Polygon", "coordinates": [[[-113.57835370000001, 53.546516510000004], [-113.5791537, 53.547440270430705], [-113.5807537, 53.547440270430705], [-113.5815537, 53.546516510000004], [-113.5807537, 53.5455927495693], [-113.5791537, 53.5455927495693], [-113.57835370000001, 53.546516510000004]]]}}, {"type": "Feature", "properties": {"DAUID": "48111268", "accessible_jobs": 34522}, "geometry": {"type": "Polygon", "coordinates": [[[-113.57199683333334, 53.54693525], [-113.57279683333334, 53.5478590104307], [-113.57439683333334, 53.5478590104307], [-113.57519683333334, 53.54693525], [-113.57439683333334, 53.546011489569295], [-113.57279683333334, 53.546011489569295], [-113.57199683333334, 53.54693525]]]}}, {"type": "Feature", "properties": {"DAUID": "48111269", "accessible_jobs": 60024}, "geometry": {"type": "Polygon", "coordinates": [[[-113.56371229999999, 53.54731204428571], [-113.56451229999999, 53.54823580471641], [-113.56611229999999, 53.54823580471641], [-113.56691229999998, 53.54731204428571], [-113.56611229999999, 53.54638828385501], [-113.56451229999999, 53.54638828385501], [-113.56371229999999, 53.54731204428571]]]}}, {"type": "Feature", "properties": {"DAUID": "48111270", "accessible_jobs": 43630}, "geometry": {"type": "Polygon", "coordinates": [[[-113.5687739, 53.55237606], [-113.5695739, 53.5532998204307], [-113.57117389999999, 53.5532998204307], [-113.57197389999999, 53.55237606], [-113.57117389999999, 53.5514522995693], [-113.5695739, 53.5514522995693], [-113.5687739, 53.55237606]]]}}, {"type": "Feature", "properties": {"DAUID": "48111271", "accessible_jobs": 71498}, "geometry": {"type": "Polygon", "coordinates": [[[-113.56546618750001, 53.55531432875], [-113.5662661875, 53.5562380891807], [-113.5678661875, 53.5562380891807], [-113.5686661875, 53.55531432875], [-113.5678661875, 53.5543905683193], [-113.5662661875, 53.5543905683193], [-113.56546618750001, 53.55531432875]]]}}, {"type": "Feature", "properties": {"DAUID": "48111272", "accessible_jobs": 39756}, "geometry": {"type": "Polygon", "coordinates": [[[-113.5736486, 53.55691309428572], [-113.5744486, 53.55783685471642], [-113.5760486, 53.55783685471642], [-113.57684859999999, 53.55691309428572], [-113.5760486, 53.55598933385502], [-113.5744486, 53.55598933385502], [-113.5736486, 53.55691309428572]]]}}, {"type": "Feature", "properties": {"DAUID": "48111273", "accessible_jobs": 35745}, "geometry": {"type": "Polygon", "coordinates": [[[-113.56788226521739, 53.559547063695646], [-113.56868226521739, 53.56047082412635], [-113.57028226521739, 53.56047082412635], [-113.57108226521738, 53.559547063695646], [-113.57028226521739, 53.558623303264945], [-113.56868226521739, 53.558623303264945], [-113.56788226521739, 53.559547063695646]]]}}, {"type": "Feature", "properties": {"DAUID": "48111275", "accessible_jobs": 33276}, "geometry": {"type": "Polygon", "coordinates": [[[-113.58077042598426, 53.56158644952756], [-113.58157042598425, 53.56251020995826], [-113.58317042598425, 53.56251020995826], [-113.58397042598425, 53.56158644952756], [-113.58317042598425, 53.56066268909686], [-113.58157042598425, 53.56066268909686], [-113.58077042598426, 53.56158644952756]]]}}, {"type": "Feature", "properties": {"DAUID": "48111276", "accessible_jobs": 59705}, "geometry": {"type": "Polygon", "coordinates": [[[-113.57912135000001, 53.555020135], [-113.57992135, 53.5559438954307], [-113.58152135, 53.5559438954307], [-113.58232135, 53.555020135], [-113.58152135, 53.5540963745693], [-113.57992135, 53.5540963745693], [-113.57912135000001, 53.555020135]]]}}, {"type": "Feature", "properties": {"DAUID": "48111277", "accessible_jobs": 61775}, "geometry": {"type": "Polygon", "coordinates": [[[-113.58809202876714, 53.55912057410959], [-113.58889202876713, 53.560044334540294], [-113.59049202876713, 53.560044334540294], [-113.59129202876713, 53.55912057410959], [-113.59049202876713, 53.55819681367889], [-113.58889202876713, 53.55819681367889], [-113.58809202876714, 53.55912057410959]]]}}, {"type": "Feature", "properties": {"DAUID": "48111278", "accessible_jobs": 89439}, "geometry": {"type": "Polygon", "coordinates": [[[-113.5780999888889, 53.55093336444444], [-113.57889998888889, 53.55185712487514], [-113.58049998888889, 53.55185712487514], [-113.58129998888889, 53.55093336444444], [-113.58049998888889, 53.55000960401374], [-113.57889998888889, 53.55000960401374], [-113.5780999888889, 53.55093336444444]]]}}, {"type": "Feature", "properties": {"DAUID": "48111280", "accessible_jobs": 27015}, "geometry": {"type": "Polygon", "coordinates": [[[-113.56536734761904, 53.53422233714285], [-113.56616734761904, 53.53514609757355], [-113.56776734761904, 53.53514609757355], [-113.56856734761904, 53.53422233714285], [-113.56776734761904, 53.53329857671215], [-113.56616734761904, 53.53329857671215], [-113.56536734761904, 53.53422233714285]]]}}, {"type": "Feature", "properties": {"DAUID": "48111281", "accessible_jobs": 14224}, "geometry": {"type": "Polygon", "coordinates": [[[-113.5681353, 53.533124], [-113.56893529999999, 53.5340477604307], [-113.57053529999999, 53.5340477604307], [-113.57133529999999, 53.533124], [-113.57053529999999, 53.5322002395693], [-113.56893529999999, 53.5322002395693], [-113.5681353, 53.533124]]]}}, {"type": "Feature", "properties": {"DAUID": "48111282", "accessible_jobs": 20000}, "geometry": {"type": "Polygon", "coordinates": [[[-113.56509811428572, 53.52613135714286], [-113.56589811428572, 53.52705511757356], [-113.56749811428571, 53.52705511757356], [-113.56829811428571, 53.52613135714286], [-113.56749811428571, 53.52520759671216], [-113.56589811428572, 53.52520759671216], [-113.56509811428572, 53.52613135714286]]]}}, {"type": "Feature", "properties": {"DAUID": "48111283", "accessible_jobs": 108962}, "geometry": {"type": "Polygon", "coordinates": [[[-113.5397705, 53.529506], [-113.5405705, 53.5304297604307], [-113.5421705, 53.5304297604307], [-113.5429705, 53.529506], [-113.5421705, 53.528582239569296], [-113.5405705, 53.528582239569296], [-113.5397705, 53.529506]]]}}, {"type": "Feature", "properties": {"DAUID": "48111284", "accessible_jobs": 106982}, "geometry": {"type": "Polygon", "coordinates": [[[-113.53154040000001, 53.523033288], [-113.53234040000001, 53.5239570484307], [-113.5339404, 53.5239570484307], [-113.5347404, 53.523033288], [-113.5339404, 53.5221095275693], [-113.53234040000001, 53.5221095275693], [-113.53154040000001, 53.523033288]]]}}, {"type": "Feature", "properties": {"DAUID": "48111285", "accessible_jobs": 59794}, "geometry": {"type": "Polygon", "coordinates": [[[-113.52784834, 53.527460256], [-113.52864834, 53.5283840164307], [-113.53024834, 53.5283840164307], [-113.53104834, 53.527460256], [-113.53024834, 53.526536495569296], [-113.52864834, 53.526536495569296], [-113.52784834, 53.527460256]]]}}, {"type": "Feature", "properties": {"DAUID": "48111286", "accessible_jobs": 173420}, "geometry": {"type": "Polygon", "coordinates": [[[-113.5219961244186, 53.525931835232555], [-113.5227961244186, 53.52685559566326], [-113.5243961244186, 53.52685559566326], [-113.5251961244186, 53.525931835232555], [-113.5243961244186, 53.52500807480185], [-113.5227961244186, 53.52500807480185], [-113.5219961244186, 53.525931835232555]]]}}, {"type": "Feature", "properties": {"DAUID": "48111287", "accessible_jobs": 120249}, "geometry": {"type": "Polygon", "coordinates": [[[-113.51258016666667, 53.533264143333334], [-113.51338016666666, 53.534187903764035], [-113.51498016666666, 53.534187903764035], [-113.51578016666666, 53.533264143333334], [-113.51498016666666, 53.53234038290263], [-113.51338016666666, 53.53234038290263], [-113.51258016666667, 53.533264143333334]]]}}, {"type": "Feature", "properties": {"DAUID": "48111288", "accessible_jobs": 144166}, "geometry": {"type": "Polygon", "coordinates": [[[-113.51335597222223, 53.52383304833333], [-113.51415597222223, 53.52475680876403], [-113.51575597222222, 53.52475680876403], [-113.51655597222222, 53.52383304833333], [-113.51575597222222, 53.52290928790263], [-113.51415597222223, 53.52290928790263], [-113.51335597222223, 53.52383304833333]]]}}, {"type": "Feature", "properties": {"DAUID": "48111294", "accessible_jobs": 96469}, "geometry": {"type": "Polygon", "coordinates": [[[-113.49269913469388, 53.521715604693874], [-113.49349913469388, 53.522639365124576], [-113.49509913469387, 53.522639365124576], [-113.49589913469387, 53.521715604693874], [-113.49509913469387, 53.52079184426317], [-113.49349913469388, 53.52079184426317], [-113.49269913469388, 53.521715604693874]]]}}, {"type": "Feature", "properties": {"DAUID": "48111295", "accessible_jobs": 143067}, "geometry": {"type": "Polygon", "coordinates": [[[-113.49002757988828, 53.517405138379885], [-113.49082757988828, 53.51832889881059], [-113.49242757988827, 53.51832889881059], [-113.49322757988827, 53.517405138379885], [-113.49242757988827, 53.516481377949184], [-113.49082757988828, 53.516481377949184], [-113.49002757988828, 53.517405138379885]]]}}, {"type": "Feature", "properties": {"DAUID": "48111296", "accessible_jobs": 127681}, "geometry": {"type": "Polygon", "coordinates": [[[-113.48651866666667, 53.518990592222224], [-113.48731866666667, 53.519914352652926], [-113.48891866666666, 53.519914352652926], [-113.48971866666666, 53.518990592222224], [-113.48891866666666, 53.51806683179152], [-113.48731866666667, 53.51806683179152], [-113.48651866666667, 53.518990592222224]]]}}, {"type": "Feature", "properties": {"DAUID": "48111297", "accessible_jobs": 143899}, "geometry": {"type": "Polygon", "coordinates": [[[-113.48591868125, 53.521747831249996], [-113.48671868125, 53.5226715916807], [-113.48831868124999, 53.5226715916807], [-113.48911868124999, 53.521747831249996], [-113.48831868124999, 53.520824070819295], [-113.48671868125, 53.520824070819295], [-113.48591868125, 53.521747831249996]]]}}, {"type": "Feature", "properties": {"DAUID": "48111298", "accessible_jobs": 139935}, "geometry": {"type": "Polygon", "coordinates": [[[-113.48591779090911, 53.52432885909091], [-113.48671779090911, 53.52525261952161], [-113.48831779090911, 53.52525261952161], [-113.4891177909091, 53.52432885909091], [-113.48831779090911, 53.523405098660206], [-113.48671779090911, 53.523405098660206], [-113.48591779090911, 53.52432885909091]]]}}, {"type": "Feature", "properties": {"DAUID": "48111299", "accessible_jobs": 123789}, "geometry": {"type": "Polygon", "coordinates": [[[-113.48832722857144, 53.526345122857144], [-113.48912722857143, 53.527268883287846], [-113.49072722857143, 53.527268883287846], [-113.49152722857143, 53.526345122857144], [-113.49072722857143, 53.52542136242644], [-113.48912722857143, 53.52542136242644], [-113.48832722857144, 53.526345122857144]]]}}, {"type": "Feature", "properties": {"DAUID": "48111300", "accessible_jobs": 147038}, "geometry": {"type": "Polygon", "coordinates": [[[-113.48424983076923, 53.52498182307692], [-113.48504983076923, 53.52590558350762], [-113.48664983076922, 53.52590558350762], [-113.48744983076922, 53.52498182307692], [-113.48664983076922, 53.52405806264622], [-113.48504983076923, 53.52405806264622], [-113.48424983076923, 53.52498182307692]]]}}, {"type": "Feature", "properties": {"DAUID": "48111303", "accessible_jobs": 134780}, "geometry": {"type": "Polygon", "coordinates": [[[-113.48324785, 53.519997155], [-113.48404785, 53.5209209154307], [-113.48564784999999, 53.5209209154307], [-113.48644784999999, 53.519997155], [-113.48564784999999, 53.5190733945693], [-113.48404785, 53.5190733945693], [-113.48324785, 53.519997155]]]}}, {"type": "Feature", "properties": {"DAUID": "48111304", "accessible_jobs": 127358}, "geometry": {"type": "Polygon", "coordinates": [[[-113.4783132888889, 53.51809408444444], [-113.4791132888889, 53.519017844875144], [-113.4807132888889, 53.519017844875144], [-113.48151328888889, 53.51809408444444], [-113.4807132888889, 53.51717032401374], [-113.4791132888889, 53.51717032401374], [-113.4783132888889, 53.51809408444444]]]}}, {"type": "Feature", "properties": {"DAUID": "48111305", "accessible_jobs": 93991}, "geometry": {"type": "Polygon", "coordinates": [[[-113.48091372727274, 53.516641179090904], [-113.48171372727273, 53.517564939521606], [-113.48331372727273, 53.517564939521606], [-113.48411372727273, 53.516641179090904], [-113.48331372727273, 53.5157174186602], [-113.48171372727273, 53.5157174186602], [-113.48091372727274, 53.516641179090904]]]}}, {"type": "Feature", "properties": {"DAUID": "48111306", "accessible_jobs": 137615}, "geometry": {"type": "Polygon", "coordinates": [[[-113.48495024473685, 53.51752449631579], [-113.48575024473685, 53.51844825674649], [-113.48735024473685, 53.51844825674649], [-113.48815024473684, 53.51752449631579], [-113.48735024473685, 53.516600735885085], [-113.48575024473685, 53.516600735885085], [-113.48495024473685, 53.51752449631579]]]}}, {"type": "Feature", "properties": {"DAUID": "48111307", "accessible_jobs": 81746}, "geometry": {"type": "Polygon", "coordinates": [[[-113.48658405576923, 53.51380683615385], [-113.48738405576923, 53.51473059658455], [-113.48898405576922, 53.51473059658455], [-113.48978405576922, 53.51380683615385], [-113.48898405576922, 53.512883075723146], [-113.48738405576923, 53.512883075723146], [-113.48658405576923, 53.51380683615385]]]}}, {"type": "Feature", "properties": {"DAUID": "48111308", "accessible_jobs": 84549}, "geometry": {"type": "Polygon", "coordinates": [[[-113.49556760368098, 53.51408039668711], [-113.49636760368098, 53.515004157117815], [-113.49796760368098, 53.515004157117815], [-113.49876760368097, 53.51408039668711], [-113.49796760368098, 53.51315663625641], [-113.49636760368098, 53.51315663625641], [-113.49556760368098, 53.51408039668711]]]}}, {"type": "Feature", "properties": {"DAUID": "48111309", "accessible_jobs": 85547}, "geometry": {"type": "Polygon", "coordinates": [[[-113.50128001896553, 53.51579731534483], [-113.50208001896553, 53.51672107577553], [-113.50368001896553, 53.51672107577553], [-113.50448001896552, 53.51579731534483], [-113.50368001896553, 53.514873554914125], [-113.50208001896553, 53.514873554914125], [-113.50128001896553, 53.51579731534483]]]}}, {"type": "Feature", "properties": {"DAUID": "48111310", "accessible_jobs": 21560}, "geometry": {"type": "Polygon", "coordinates": [[[-113.49445359635037, 53.504395884598544], [-113.49525359635037, 53.505319645029246], [-113.49685359635036, 53.505319645029246], [-113.49765359635036, 53.504395884598544], [-113.49685359635036, 53.50347212416784], [-113.49525359635037, 53.50347212416784], [-113.49445359635037, 53.504395884598544]]]}}, {"type": "Feature", "properties": {"DAUID": "48111311", "accessible_jobs": 37909}, "geometry": {"type": "Polygon", "coordinates": [[[-113.49817998867924, 53.49917210867924], [-113.49897998867924, 53.50009586910994], [-113.50057998867923, 53.50009586910994], [-113.50137998867923, 53.49917210867924], [-113.50057998867923, 53.49824834824854], [-113.49897998867924, 53.49824834824854], [-113.49817998867924, 53.49917210867924]]]}}, {"type": "Feature", "properties": {"DAUID": "48111313", "accessible_jobs": 130904}, "geometry": {"type": "Polygon", "coordinates": [[[-113.47088553333334, 53.53115366], [-113.47168553333334, 53.5320774204307], [-113.47328553333334, 53.5320774204307], [-113.47408553333334, 53.53115366], [-113.47328553333334, 53.5302298995693], [-113.47168553333334, 53.5302298995693], [-113.47088553333334, 53.53115366]]]}}, {"type": "Feature", "properties": {"DAUID": "48111314", "accessible_jobs": 139571}, "geometry": {"type": "Polygon", "coordinates": [[[-113.46586507, 53.531568754], [-113.46666507, 53.5324925144307], [-113.46826507, 53.5324925144307], [-113.46906507, 53.531568754], [-113.46826507, 53.5306449935693], [-113.46666507, 53.5306449935693], [-113.46586507, 53.531568754]]]}}, {"type": "Feature", "properties": {"DAUID": "48111315", "accessible_jobs": 107910}, "geometry": {"type": "Polygon", "coordinates": [[[-113.4613372, 53.53205236], [-113.4621372, 53.5329761204307], [-113.4637372, 53.5329761204307], [-113.4645372, 53.53205236], [-113.4637372, 53.5311285995693], [-113.4621372, 53.5311285995693], [-113.4613372, 53.53205236]]]}}, {"type": "Feature", "properties": {"DAUID": "48111316", "accessible_jobs": 115685}, "geometry": {"type": "Polygon", "coordinates": [[[-113.4599317, 53.532447885], [-113.4607317, 53.533371645430705], [-113.4623317, 53.533371645430705], [-113.46313169999999, 53.532447885], [-113.4623317, 53.5315241245693], [-113.4607317, 53.5315241245693], [-113.4599317, 53.532447885]]]}}, {"type": "Feature", "properties": {"DAUID": "48111317", "accessible_jobs": 45510}, "geometry": {"type": "Polygon", "coordinates": [[[-113.45042490000002, 53.53319006666667], [-113.45122490000001, 53.53411382709737], [-113.45282490000001, 53.53411382709737], [-113.45362490000001, 53.53319006666667], [-113.45282490000001, 53.53226630623597], [-113.45122490000001, 53.53226630623597], [-113.45042490000002, 53.53319006666667]]]}}, {"type": "Feature", "properties": {"DAUID": "48111318", "accessible_jobs": 102523}, "geometry": {"type": "Polygon", "coordinates": [[[-113.4725558818182, 53.53684082], [-113.4733558818182, 53.537764580430704], [-113.47495588181819, 53.537764580430704], [-113.47575588181819, 53.53684082], [-113.47495588181819, 53.5359170595693], [-113.4733558818182, 53.5359170595693], [-113.4725558818182, 53.53684082]]]}}, {"type": "Feature", "properties": {"DAUID": "48111319", "accessible_jobs": 167690}, "geometry": {"type": "Polygon", "coordinates": [[[-113.5243975, 53.52048645259259], [-113.5251975, 53.521410213023294], [-113.5267975, 53.521410213023294], [-113.5275975, 53.52048645259259], [-113.5267975, 53.51956269216189], [-113.5251975, 53.51956269216189], [-113.5243975, 53.52048645259259]]]}}, {"type": "Feature", "properties": {"DAUID": "48111320", "accessible_jobs": 105258}, "geometry": {"type": "Polygon", "coordinates": [[[-113.529545, 53.51819081333334], [-113.530345, 53.51911457376404], [-113.531945, 53.51911457376404], [-113.53274499999999, 53.51819081333334], [-113.531945, 53.51726705290264], [-113.530345, 53.51726705290264], [-113.529545, 53.51819081333334]]]}}, {"type": "Feature", "properties": {"DAUID": "48111321", "accessible_jobs": 134723}, "geometry": {"type": "Polygon", "coordinates": [[[-113.52775147999999, 53.512385687999995], [-113.52855147999999, 53.5133094484307], [-113.53015147999999, 53.5133094484307], [-113.53095147999998, 53.512385687999995], [-113.53015147999999, 53.51146192756929], [-113.52855147999999, 53.51146192756929], [-113.52775147999999, 53.512385687999995]]]}}, {"type": "Feature", "properties": {"DAUID": "48111323", "accessible_jobs": 53218}, "geometry": {"type": "Polygon", "coordinates": [[[-113.52941745, 53.506488715], [-113.53021745, 53.507412475430705], [-113.53181744999999, 53.507412475430705], [-113.53261744999999, 53.506488715], [-113.53181744999999, 53.5055649545693], [-113.53021745, 53.5055649545693], [-113.52941745, 53.506488715]]]}}, {"type": "Feature", "properties": {"DAUID": "48111324", "accessible_jobs": 9346}, "geometry": {"type": "Polygon", "coordinates": [[[-113.53098195714286, 53.50310248428571], [-113.53178195714285, 53.504026244716414], [-113.53338195714285, 53.504026244716414], [-113.53418195714285, 53.50310248428571], [-113.53338195714285, 53.50217872385501], [-113.53178195714285, 53.50217872385501], [-113.53098195714286, 53.50310248428571]]]}}, {"type": "Feature", "properties": {"DAUID": "48111325", "accessible_jobs": 88242}, "geometry": {"type": "Polygon", "coordinates": [[[-113.54000797777779, 53.49960997111111], [-113.54080797777779, 53.500533731541815], [-113.54240797777778, 53.500533731541815], [-113.54320797777778, 53.49960997111111], [-113.54240797777778, 53.49868621068041], [-113.54080797777779, 53.49868621068041], [-113.54000797777779, 53.49960997111111]]]}}, {"type": "Feature", "properties": {"DAUID": "48111326", "accessible_jobs": 880}, "geometry": {"type": "Polygon", "coordinates": [[[-113.54679089999999, 53.50209755], [-113.54759089999999, 53.503021310430704], [-113.54919089999999, 53.503021310430704], [-113.54999089999998, 53.50209755], [-113.54919089999999, 53.5011737895693], [-113.54759089999999, 53.5011737895693], [-113.54679089999999, 53.50209755]]]}}, {"type": "Feature", "properties": {"DAUID": "48111330", "accessible_jobs": 2576}, "geometry": {"type": "Polygon", "coordinates": [[[-113.571064, 53.4752072], [-113.571864, 53.4761309604307], [-113.573464, 53.4761309604307], [-113.574264, 53.4752072], [-113.573464, 53.4742834395693], [-113.571864, 53.4742834395693], [-113.571064, 53.4752072]]]}}, {"type": "Feature", "properties": {"DAUID": "48111332", "accessible_jobs": 17715}, "geometry": {"type": "Polygon", "coordinates": [[[-113.48936426422765, 53.46568313439024], [-113.49016426422764, 53.46660689482094], [-113.49176426422764, 53.46660689482094], [-113.49256426422764, 53.46568313439024], [-113.49176426422764, 53.46475937395954], [-113.49016426422764, 53.46475937395954], [-113.48936426422765, 53.46568313439024]]]}}, {"type": "Feature", "properties": {"DAUID": "48111333", "accessible_jobs": 19163}, "geometry": {"type": "Polygon", "coordinates": [[[-113.49676360000001, 53.4654171], [-113.4975636, 53.466340860430705], [-113.4991636, 53.466340860430705], [-113.4999636, 53.4654171], [-113.4991636, 53.4644933395693], [-113.4975636, 53.4644933395693], [-113.49676360000001, 53.4654171]]]}}, {"type": "Feature", "properties": {"DAUID": "48111335", "accessible_jobs": 13118}, "geometry": {"type": "Polygon", "coordinates": [[[-113.350359734375, 53.5065124521875], [-113.351159734375, 53.5074362126182], [-113.352759734375, 53.5074362126182], [-113.353559734375, 53.5065124521875], [-113.352759734375, 53.5055886917568], [-113.351159734375, 53.5055886917568], [-113.350359734375, 53.5065124521875]]]}}, {"type": "Feature", "properties": {"DAUID": "48111371", "accessible_jobs": 9929}, "geometry": {"type": "Polygon", "coordinates": [[[-113.4166840625, 53.444987248749996], [-113.4174840625, 53.4459110091807], [-113.41908406249999, 53.4459110091807], [-113.41988406249999, 53.444987248749996], [-113.41908406249999, 53.444063488319294], [-113.4174840625, 53.444063488319294], [-113.4166840625, 53.444987248749996]]]}}, {"type": "Feature", "properties": {"DAUID": "48111373", "accessible_jobs": 9626}, "geometry": {"type": "Polygon", "coordinates": [[[-113.4179384, 53.44273013], [-113.4187384, 53.4436538904307], [-113.42033839999999, 53.4436538904307], [-113.42113839999999, 53.44273013], [-113.42033839999999, 53.4418063695693], [-113.4187384, 53.4418063695693], [-113.4179384, 53.44273013]]]}}, {"type": "Feature", "properties": {"DAUID": "48111434", "accessible_jobs": 17854}, "geometry": {"type": "Polygon", "coordinates": [[[-113.50625417272728, 53.627441599545456], [-113.50705417272728, 53.62836535997616], [-113.50865417272728, 53.62836535997616], [-113.50945417272727, 53.627441599545456], [-113.50865417272728, 53.626517839114754], [-113.50705417272728, 53.626517839114754], [-113.50625417272728, 53.627441599545456]]]}}, {"type": "Feature", "properties": {"DAUID": "48111442", "accessible_jobs": 12959}, "geometry": {"type": "Polygon", "coordinates": [[[-113.42994195833334, 53.61550450166666], [-113.43074195833334, 53.616428262097365], [-113.43234195833334, 53.616428262097365], [-113.43314195833334, 53.61550450166666], [-113.43234195833334, 53.61458074123596], [-113.43074195833334, 53.61458074123596], [-113.42994195833334, 53.61550450166666]]]}}, {"type": "Feature", "properties": {"DAUID": "48111443", "accessible_jobs": 12959}, "geometry": {"type": "Polygon", "coordinates": [[[-113.4260955, 53.61094765], [-113.4268955, 53.6118714104307], [-113.4284955, 53.6118714104307], [-113.4292955, 53.61094765], [-113.4284955, 53.6100238895693], [-113.4268955, 53.6100238895693], [-113.4260955, 53.61094765]]]}}, {"type": "Feature", "properties": {"DAUID": "48111444", "accessible_jobs": 12959}, "geometry": {"type": "Polygon", "coordinates": [[[-113.41723945000001, 53.612957805], [-113.41803945000001, 53.6138815654307], [-113.41963945, 53.6138815654307], [-113.42043945, 53.612957805], [-113.41963945, 53.6120340445693], [-113.41803945000001, 53.6120340445693], [-113.41723945000001, 53.612957805]]]}}, {"type": "Feature", "properties": {"DAUID": "48111445", "accessible_jobs": 13525}, "geometry": {"type": "Polygon", "coordinates": [[[-113.41698526000002, 53.609086790000006], [-113.41778526000002, 53.61001055043071], [-113.41938526000001, 53.61001055043071], [-113.42018526000001, 53.609086790000006], [-113.41938526000001, 53.608163029569305], [-113.41778526000002, 53.608163029569305], [-113.41698526000002, 53.609086790000006]]]}}, {"type": "Feature", "properties": {"DAUID": "48111446", "accessible_jobs": 12603}, "geometry": {"type": "Polygon", "coordinates": [[[-113.42010140000001, 53.60827884], [-113.4209014, 53.6092026004307], [-113.4225014, 53.6092026004307], [-113.4233014, 53.60827884], [-113.4225014, 53.607355079569295], [-113.4209014, 53.607355079569295], [-113.42010140000001, 53.60827884]]]}}, {"type": "Feature", "properties": {"DAUID": "48111447", "accessible_jobs": 12959}, "geometry": {"type": "Polygon", "coordinates": [[[-113.4295384, 53.6085831], [-113.4303384, 53.6095068604307], [-113.43193839999999, 53.6095068604307], [-113.43273839999999, 53.6085831], [-113.43193839999999, 53.607659339569295], [-113.4303384, 53.607659339569295], [-113.4295384, 53.6085831]]]}}, {"type": "Feature", "properties": {"DAUID": "48111448", "accessible_jobs": 13525}, "geometry": {"type": "Polygon", "coordinates": [[[-113.4239911, 53.607683825], [-113.4247911, 53.608607585430704], [-113.42639109999999, 53.608607585430704], [-113.42719109999999, 53.607683825], [-113.42639109999999, 53.6067600645693], [-113.4247911, 53.6067600645693], [-113.4239911, 53.607683825]]]}}, {"type": "Feature", "properties": {"DAUID": "48111449", "accessible_jobs": 11305}, "geometry": {"type": "Polygon", "coordinates": [[[-113.42690085000001, 53.600291075], [-113.42770085000001, 53.6012148354307], [-113.42930085, 53.6012148354307], [-113.43010085, 53.600291075], [-113.42930085, 53.5993673145693], [-113.42770085000001, 53.5993673145693], [-113.42690085000001, 53.600291075]]]}}, {"type": "Feature", "properties": {"DAUID": "48111451", "accessible_jobs": 9589}, "geometry": {"type": "Polygon", "coordinates": [[[-113.42310216585366, 53.597158021219514], [-113.42390216585366, 53.598081781650215], [-113.42550216585366, 53.598081781650215], [-113.42630216585366, 53.597158021219514], [-113.42550216585366, 53.59623426078881], [-113.42390216585366, 53.59623426078881], [-113.42310216585366, 53.597158021219514]]]}}, {"type": "Feature", "properties": {"DAUID": "48111452", "accessible_jobs": 28424}, "geometry": {"type": "Polygon", "coordinates": [[[-113.42895141363636, 53.59009551454546], [-113.42975141363635, 53.59101927497616], [-113.43135141363635, 53.59101927497616], [-113.43215141363635, 53.59009551454546], [-113.43135141363635, 53.58917175411476], [-113.42975141363635, 53.58917175411476], [-113.42895141363636, 53.59009551454546]]]}}, {"type": "Feature", "properties": {"DAUID": "48111453", "accessible_jobs": 13778}, "geometry": {"type": "Polygon", "coordinates": [[[-113.433284, 53.592346087500005], [-113.434084, 53.593269847930706], [-113.435684, 53.593269847930706], [-113.436484, 53.592346087500005], [-113.435684, 53.5914223270693], [-113.434084, 53.5914223270693], [-113.433284, 53.592346087500005]]]}}, {"type": "Feature", "properties": {"DAUID": "48111454", "accessible_jobs": 9231}, "geometry": {"type": "Polygon", "coordinates": [[[-113.42952523333334, 53.59902466333333], [-113.43032523333333, 53.59994842376403], [-113.43192523333333, 53.59994842376403], [-113.43272523333333, 53.59902466333333], [-113.43192523333333, 53.59810090290263], [-113.43032523333333, 53.59810090290263], [-113.42952523333334, 53.59902466333333]]]}}, {"type": "Feature", "properties": {"DAUID": "48111455", "accessible_jobs": 9681}, "geometry": {"type": "Polygon", "coordinates": [[[-113.44071348888889, 53.597960513333334], [-113.44151348888889, 53.598884273764035], [-113.44311348888888, 53.598884273764035], [-113.44391348888888, 53.597960513333334], [-113.44311348888888, 53.59703675290263], [-113.44151348888889, 53.59703675290263], [-113.44071348888889, 53.597960513333334]]]}}, {"type": "Feature", "properties": {"DAUID": "48111456", "accessible_jobs": 10974}, "geometry": {"type": "Polygon", "coordinates": [[[-113.4333505, 53.6015903], [-113.4341505, 53.6025140604307], [-113.4357505, 53.6025140604307], [-113.4365505, 53.6015903], [-113.4357505, 53.600666539569296], [-113.4341505, 53.600666539569296], [-113.4333505, 53.6015903]]]}}, {"type": "Feature", "properties": {"DAUID": "48111457", "accessible_jobs": 11540}, "geometry": {"type": "Polygon", "coordinates": [[[-113.44019236363636, 53.60102046272727], [-113.44099236363635, 53.60194422315797], [-113.44259236363635, 53.60194422315797], [-113.44339236363635, 53.60102046272727], [-113.44259236363635, 53.60009670229657], [-113.44099236363635, 53.60009670229657], [-113.44019236363636, 53.60102046272727]]]}}, {"type": "Feature", "properties": {"DAUID": "48111458", "accessible_jobs": 12959}, "geometry": {"type": "Polygon", "coordinates": [[[-113.4352281, 53.6047926], [-113.4360281, 53.605716360430705], [-113.4376281, 53.605716360430705], [-113.4384281, 53.6047926], [-113.4376281, 53.6038688395693], [-113.4360281, 53.6038688395693], [-113.4352281, 53.6047926]]]}}, {"type": "Feature", "properties": {"DAUID": "48111463", "accessible_jobs": 11152}, "geometry": {"type": "Polygon", "coordinates": [[[-113.44444877166667, 53.602204402666665], [-113.44524877166667, 53.60312816309737], [-113.44684877166667, 53.60312816309737], [-113.44764877166666, 53.602204402666665], [-113.44684877166667, 53.60128064223596], [-113.44524877166667, 53.60128064223596], [-113.44444877166667, 53.602204402666665]]]}}, {"type": "Feature", "properties": {"DAUID": "48111464", "accessible_jobs": 7577}, "geometry": {"type": "Polygon", "coordinates": [[[-113.4524183, 53.604316516], [-113.4532183, 53.6052402764307], [-113.4548183, 53.6052402764307], [-113.4556183, 53.604316516], [-113.4548183, 53.603392755569296], [-113.4532183, 53.603392755569296], [-113.4524183, 53.604316516]]]}}, {"type": "Feature", "properties": {"DAUID": "48111466", "accessible_jobs": 13816}, "geometry": {"type": "Polygon", "coordinates": [[[-113.44259133333334, 53.59914975666667], [-113.44339133333334, 53.60007351709737], [-113.44499133333333, 53.60007351709737], [-113.44579133333333, 53.59914975666667], [-113.44499133333333, 53.59822599623597], [-113.44339133333334, 53.59822599623597], [-113.44259133333334, 53.59914975666667]]]}}, {"type": "Feature", "properties": {"DAUID": "48111467", "accessible_jobs": 12018}, "geometry": {"type": "Polygon", "coordinates": [[[-113.4472871, 53.5916483], [-113.4480871, 53.592572060430705], [-113.44968709999999, 53.592572060430705], [-113.45048709999999, 53.5916483], [-113.44968709999999, 53.5907245395693], [-113.4480871, 53.5907245395693], [-113.4472871, 53.5916483]]]}}, {"type": "Feature", "properties": {"DAUID": "48111468", "accessible_jobs": 11158}, "geometry": {"type": "Polygon", "coordinates": [[[-113.45404683333334, 53.59519356333334], [-113.45484683333333, 53.59611732376404], [-113.45644683333333, 53.59611732376404], [-113.45724683333333, 53.59519356333334], [-113.45644683333333, 53.59426980290264], [-113.45484683333333, 53.59426980290264], [-113.45404683333334, 53.59519356333334]]]}}, {"type": "Feature", "properties": {"DAUID": "48111469", "accessible_jobs": 9728}, "geometry": {"type": "Polygon", "coordinates": [[[-113.44039107500001, 53.592674065], [-113.441191075, 53.5935978254307], [-113.442791075, 53.5935978254307], [-113.443591075, 53.592674065], [-113.442791075, 53.591750304569295], [-113.441191075, 53.591750304569295], [-113.44039107500001, 53.592674065]]]}}, {"type": "Feature", "properties": {"DAUID": "48111471", "accessible_jobs": 12959}, "geometry": {"type": "Polygon", "coordinates": [[[-113.4203538, 53.61277939], [-113.4211538, 53.6137031504307], [-113.4227538, 53.6137031504307], [-113.4235538, 53.61277939], [-113.4227538, 53.6118556295693], [-113.4211538, 53.6118556295693], [-113.4203538, 53.61277939]]]}}, {"type": "Feature", "properties": {"DAUID": "48111477", "accessible_jobs": 22630}, "geometry": {"type": "Polygon", "coordinates": [[[-113.51405478333334, 53.6066344025], [-113.51485478333333, 53.6075581629307], [-113.51645478333333, 53.6075581629307], [-113.51725478333333, 53.6066344025], [-113.51645478333333, 53.6057106420693], [-113.51485478333333, 53.6057106420693], [-113.51405478333334, 53.6066344025]]]}}, {"type": "Feature", "properties": {"DAUID": "48111478", "accessible_jobs": 14255}, "geometry": {"type": "Polygon", "coordinates": [[[-113.5186014, 53.611765180000006], [-113.51940139999999, 53.61268894043071], [-113.52100139999999, 53.61268894043071], [-113.52180139999999, 53.611765180000006], [-113.52100139999999, 53.610841419569304], [-113.51940139999999, 53.610841419569304], [-113.5186014, 53.611765180000006]]]}}, {"type": "Feature", "properties": {"DAUID": "48111480", "accessible_jobs": 43014}, "geometry": {"type": "Polygon", "coordinates": [[[-113.5213418, 53.60277726], [-113.5221418, 53.603701020430705], [-113.5237418, 53.603701020430705], [-113.5245418, 53.60277726], [-113.5237418, 53.6018534995693], [-113.5221418, 53.6018534995693], [-113.5213418, 53.60277726]]]}}, {"type": "Feature", "properties": {"DAUID": "48111495", "accessible_jobs": 10121}, "geometry": {"type": "Polygon", "coordinates": [[[-113.5306276, 53.6266319], [-113.5314276, 53.6275556604307], [-113.5330276, 53.6275556604307], [-113.5338276, 53.6266319], [-113.5330276, 53.6257081395693], [-113.5314276, 53.6257081395693], [-113.5306276, 53.6266319]]]}}, {"type": "Feature", "properties": {"DAUID": "48111496", "accessible_jobs": 17854}, "geometry": {"type": "Polygon", "coordinates": [[[-113.52621420000001, 53.620951579999996], [-113.52701420000001, 53.6218753404307], [-113.5286142, 53.6218753404307], [-113.5294142, 53.620951579999996], [-113.5286142, 53.620027819569295], [-113.52701420000001, 53.620027819569295], [-113.52621420000001, 53.620951579999996]]]}}, {"type": "Feature", "properties": {"DAUID": "48111497", "accessible_jobs": 9668}, "geometry": {"type": "Polygon", "coordinates": [[[-113.41406760000001, 53.593899895], [-113.41486760000001, 53.5948236554307], [-113.4164676, 53.5948236554307], [-113.4172676, 53.593899895], [-113.4164676, 53.5929761345693], [-113.41486760000001, 53.5929761345693], [-113.41406760000001, 53.593899895]]]}}, {"type": "Feature", "properties": {"DAUID": "48111499", "accessible_jobs": 17167}, "geometry": {"type": "Polygon", "coordinates": [[[-113.6073009888889, 53.51600014111111], [-113.60810098888889, 53.51692390154181], [-113.60970098888889, 53.51692390154181], [-113.61050098888889, 53.51600014111111], [-113.60970098888889, 53.515076380680405], [-113.60810098888889, 53.515076380680405], [-113.6073009888889, 53.51600014111111]]]}}, {"type": "Feature", "properties": {"DAUID": "48111505", "accessible_jobs": 106554}, "geometry": {"type": "Polygon", "coordinates": [[[-113.46875610000001, 53.55627577599999], [-113.4695561, 53.557199536430694], [-113.4711561, 53.557199536430694], [-113.4719561, 53.55627577599999], [-113.4711561, 53.55535201556929], [-113.4695561, 53.55535201556929], [-113.46875610000001, 53.55627577599999]]]}}, {"type": "Feature", "properties": {"DAUID": "48111508", "accessible_jobs": 7814}, "geometry": {"type": "Polygon", "coordinates": [[[-113.4007756, 53.44837441], [-113.4015756, 53.4492981704307], [-113.4031756, 53.4492981704307], [-113.4039756, 53.44837441], [-113.4031756, 53.4474506495693], [-113.4015756, 53.4474506495693], [-113.4007756, 53.44837441]]]}}, {"type": "Feature", "properties": {"DAUID": "48111510", "accessible_jobs": 7758}, "geometry": {"type": "Polygon", "coordinates": [[[-113.39183341578948, 53.46245848473684], [-113.39263341578948, 53.463382245167544], [-113.39423341578947, 53.463382245167544], [-113.39503341578947, 53.46245848473684], [-113.39423341578947, 53.46153472430614], [-113.39263341578948, 53.46153472430614], [-113.39183341578948, 53.46245848473684]]]}}, {"type": "Feature", "properties": {"DAUID": "48111511", "accessible_jobs": 6677}, "geometry": {"type": "Polygon", "coordinates": [[[-113.391413125, 53.45883024625], [-113.392213125, 53.459754006680704], [-113.393813125, 53.459754006680704], [-113.39461312499999, 53.45883024625], [-113.393813125, 53.4579064858193], [-113.392213125, 53.4579064858193], [-113.391413125, 53.45883024625]]]}}, {"type": "Feature", "properties": {"DAUID": "48111512", "accessible_jobs": 11473}, "geometry": {"type": "Polygon", "coordinates": [[[-113.3965225, 53.4562198], [-113.3973225, 53.4571435604307], [-113.3989225, 53.4571435604307], [-113.3997225, 53.4562198], [-113.3989225, 53.4552960395693], [-113.3973225, 53.4552960395693], [-113.3965225, 53.4562198]]]}}, {"type": "Feature", "properties": {"DAUID": "48111516", "accessible_jobs": 5369}, "geometry": {"type": "Polygon", "coordinates": [[[-113.3991835, 53.476240965], [-113.3999835, 53.477164725430704], [-113.4015835, 53.477164725430704], [-113.4023835, 53.476240965], [-113.4015835, 53.4753172045693], [-113.3999835, 53.4753172045693], [-113.3991835, 53.476240965]]]}}, {"type": "Feature", "properties": {"DAUID": "48111518", "accessible_jobs": 9062}, "geometry": {"type": "Polygon", "coordinates": [[[-113.52508673333334, 53.45841745333333], [-113.52588673333334, 53.459341213764034], [-113.52748673333333, 53.459341213764034], [-113.52828673333333, 53.45841745333333], [-113.52748673333333, 53.45749369290263], [-113.52588673333334, 53.45749369290263], [-113.52508673333334, 53.45841745333333]]]}}, {"type": "Feature", "properties": {"DAUID": "48111519", "accessible_jobs": 35348}, "geometry": {"type": "Polygon", "coordinates": [[[-113.51680763333333, 53.45914248333333], [-113.51760763333333, 53.46006624376403], [-113.51920763333332, 53.46006624376403], [-113.52000763333332, 53.45914248333333], [-113.51920763333332, 53.45821872290263], [-113.51760763333333, 53.45821872290263], [-113.51680763333333, 53.45914248333333]]]}}, {"type": "Feature", "properties": {"DAUID": "48111522", "accessible_jobs": 5213}, "geometry": {"type": "Polygon", "coordinates": [[[-113.5305105, 53.43830134], [-113.5313105, 53.439225100430704], [-113.5329105, 53.439225100430704], [-113.5337105, 53.43830134], [-113.5329105, 53.4373775795693], [-113.5313105, 53.4373775795693], [-113.5305105, 53.43830134]]]}}, {"type": "Feature", "properties": {"DAUID": "48111528", "accessible_jobs": 18626}, "geometry": {"type": "Polygon", "coordinates": [[[-113.6303974, 53.51820743], [-113.6311974, 53.5191311904307], [-113.6327974, 53.5191311904307], [-113.6335974, 53.51820743], [-113.6327974, 53.517283669569295], [-113.6311974, 53.517283669569295], [-113.6303974, 53.51820743]]]}}, {"type": "Feature", "properties": {"DAUID": "48111529", "accessible_jobs": 20696}, "geometry": {"type": "Polygon", "coordinates": [[[-113.4312311, 53.46886407], [-113.4320311, 53.469787830430704], [-113.4336311, 53.469787830430704], [-113.4344311, 53.46886407], [-113.4336311, 53.4679403095693], [-113.4320311, 53.4679403095693], [-113.4312311, 53.46886407]]]}}, {"type": "Feature", "properties": {"DAUID": "48111530", "accessible_jobs": 11279}, "geometry": {"type": "Polygon", "coordinates": [[[-113.4307187329114, 53.460639750886074], [-113.4315187329114, 53.461563511316776], [-113.4331187329114, 53.461563511316776], [-113.4339187329114, 53.460639750886074], [-113.4331187329114, 53.45971599045537], [-113.4315187329114, 53.45971599045537], [-113.4307187329114, 53.460639750886074]]]}}, {"type": "Feature", "properties": {"DAUID": "48111531", "accessible_jobs": 7209}, "geometry": {"type": "Polygon", "coordinates": [[[-113.42856675, 53.444314023749996], [-113.42936675, 53.4452377841807], [-113.43096675, 53.4452377841807], [-113.43176675, 53.444314023749996], [-113.43096675, 53.443390263319294], [-113.42936675, 53.443390263319294], [-113.42856675, 53.444314023749996]]]}}, {"type": "Feature", "properties": {"DAUID": "48111532", "accessible_jobs": 7223}, "geometry": {"type": "Polygon", "coordinates": [[[-113.4222361, 53.44145018], [-113.4230361, 53.4423739404307], [-113.4246361, 53.4423739404307], [-113.4254361, 53.44145018], [-113.4246361, 53.440526419569295], [-113.4230361, 53.440526419569295], [-113.4222361, 53.44145018]]]}}, {"type": "Feature", "properties": {"DAUID": "48111533", "accessible_jobs": 12603}, "geometry": {"type": "Polygon", "coordinates": [[[-113.4172054, 53.6040952], [-113.4180054, 53.605018960430705], [-113.4196054, 53.605018960430705], [-113.42040539999999, 53.6040952], [-113.4196054, 53.6031714395693], [-113.4180054, 53.6031714395693], [-113.4172054, 53.6040952]]]}}, {"type": "Feature", "properties": {"DAUID": "48111534", "accessible_jobs": 12625}, "geometry": {"type": "Polygon", "coordinates": [[[-113.42022056268657, 53.59954043656717], [-113.42102056268656, 53.60046419699787], [-113.42262056268656, 53.60046419699787], [-113.42342056268656, 53.59954043656717], [-113.42262056268656, 53.598616676136466], [-113.42102056268656, 53.598616676136466], [-113.42022056268657, 53.59954043656717]]]}}, {"type": "Feature", "properties": {"DAUID": "48111536", "accessible_jobs": 98454}, "geometry": {"type": "Polygon", "coordinates": [[[-113.53274300000001, 53.53843361], [-113.53354300000001, 53.5393573704307], [-113.535143, 53.5393573704307], [-113.535943, 53.53843361], [-113.535143, 53.5375098495693], [-113.53354300000001, 53.5375098495693], [-113.53274300000001, 53.53843361]]]}}, {"type": "Feature", "properties": {"DAUID": "48111537", "accessible_jobs": 17854}, "geometry": {"type": "Polygon", "coordinates": [[[-113.5261256, 53.61386887], [-113.5269256, 53.6147926304307], [-113.5285256, 53.6147926304307], [-113.52932559999999, 53.61386887], [-113.5285256, 53.612945109569296], [-113.5269256, 53.612945109569296], [-113.5261256, 53.61386887]]]}}, {"type": "Feature", "properties": {"DAUID": "48111538", "accessible_jobs": 19844}, "geometry": {"type": "Polygon", "coordinates": [[[-113.41882415555555, 53.491543818888886], [-113.41962415555555, 53.49246757931959], [-113.42122415555555, 53.49246757931959], [-113.42202415555555, 53.491543818888886], [-113.42122415555555, 53.490620058458184], [-113.41962415555555, 53.490620058458184], [-113.41882415555555, 53.491543818888886]]]}}, {"type": "Feature", "properties": {"DAUID": "48111539", "accessible_jobs": 24802}, "geometry": {"type": "Polygon", "coordinates": [[[-113.44107863846155, 53.489618992649575], [-113.44187863846155, 53.49054275308028], [-113.44347863846154, 53.49054275308028], [-113.44427863846154, 53.489618992649575], [-113.44347863846154, 53.48869523221887], [-113.44187863846155, 53.48869523221887], [-113.44107863846155, 53.489618992649575]]]}}, {"type": "Feature", "properties": {"DAUID": "48111588", "accessible_jobs": 7142}, "geometry": {"type": "Polygon", "coordinates": [[[-113.3862455, 53.61338925], [-113.3870455, 53.6143130104307], [-113.3886455, 53.6143130104307], [-113.3894455, 53.61338925], [-113.3886455, 53.612465489569296], [-113.3870455, 53.612465489569296], [-113.3862455, 53.61338925]]]}}, {"type": "Feature", "properties": {"DAUID": "48111589", "accessible_jobs": 7788}, "geometry": {"type": "Polygon", "coordinates": [[[-113.38346935000001, 53.603689375], [-113.38426935000001, 53.604613135430704], [-113.38586935000001, 53.604613135430704], [-113.38666935, 53.603689375], [-113.38586935000001, 53.6027656145693], [-113.38426935000001, 53.6027656145693], [-113.38346935000001, 53.603689375]]]}}, {"type": "Feature", "properties": {"DAUID": "48111590", "accessible_jobs": 7788}, "geometry": {"type": "Polygon", "coordinates": [[[-113.3940867, 53.60769294], [-113.3948867, 53.6086167004307], [-113.3964867, 53.6086167004307], [-113.3972867, 53.60769294], [-113.3964867, 53.6067691795693], [-113.3948867, 53.6067691795693], [-113.3940867, 53.60769294]]]}}, {"type": "Feature", "properties": {"DAUID": "48111592", "accessible_jobs": 7142}, "geometry": {"type": "Polygon", "coordinates": [[[-113.39360917931035, 53.615535534827586], [-113.39440917931034, 53.61645929525829], [-113.39600917931034, 53.61645929525829], [-113.39680917931034, 53.615535534827586], [-113.39600917931034, 53.614611774396884], [-113.39440917931034, 53.614611774396884], [-113.39360917931035, 53.615535534827586]]]}}, {"type": "Feature", "properties": {"DAUID": "48111595", "accessible_jobs": 6348}, "geometry": {"type": "Polygon", "coordinates": [[[-113.41365003636365, 53.60783111090909], [-113.41445003636365, 53.60875487133979], [-113.41605003636364, 53.60875487133979], [-113.41685003636364, 53.60783111090909], [-113.41605003636364, 53.60690735047839], [-113.41445003636365, 53.60690735047839], [-113.41365003636365, 53.60783111090909]]]}}, {"type": "Feature", "properties": {"DAUID": "48111597", "accessible_jobs": 7182}, "geometry": {"type": "Polygon", "coordinates": [[[-113.3872772, 53.599146524999995], [-113.3880772, 53.6000702854307], [-113.3896772, 53.6000702854307], [-113.39047719999999, 53.599146524999995], [-113.3896772, 53.59822276456929], [-113.3880772, 53.59822276456929], [-113.3872772, 53.599146524999995]]]}}, {"type": "Feature", "properties": {"DAUID": "48111598", "accessible_jobs": 7206}, "geometry": {"type": "Polygon", "coordinates": [[[-113.3938018, 53.60262026], [-113.3946018, 53.603544020430704], [-113.3962018, 53.603544020430704], [-113.3970018, 53.60262026], [-113.3962018, 53.6016964995693], [-113.3946018, 53.6016964995693], [-113.3938018, 53.60262026]]]}}, {"type": "Feature", "properties": {"DAUID": "48111649", "accessible_jobs": 124}, "geometry": {"type": "Polygon", "coordinates": [[[-113.34459073333333, 53.49767459333333], [-113.34539073333333, 53.49859835376403], [-113.34699073333333, 53.49859835376403], [-113.34779073333333, 53.49767459333333], [-113.34699073333333, 53.49675083290263], [-113.34539073333333, 53.49675083290263], [-113.34459073333333, 53.49767459333333]]]}}, {"type": "Feature", "properties": {"DAUID": "48112107", "accessible_jobs": 20705}, "geometry": {"type": "Polygon", "coordinates": [[[-113.4089372409864, 53.510090824149664], [-113.4097372409864, 53.511014584580366], [-113.4113372409864, 53.511014584580366], [-113.4121372409864, 53.510090824149664], [-113.4113372409864, 53.50916706371896], [-113.4097372409864, 53.50916706371896], [-113.4089372409864, 53.510090824149664]]]}}, {"type": "Feature", "properties": {"DAUID": "48112108", "accessible_jobs": 19670}, "geometry": {"type": "Polygon", "coordinates": [[[-113.41538085, 53.53645783269231], [-113.41618085, 53.53738159312301], [-113.41778085, 53.53738159312301], [-113.41858085, 53.53645783269231], [-113.41778085, 53.535534072261605], [-113.41618085, 53.535534072261605], [-113.41538085, 53.53645783269231]]]}}, {"type": "Feature", "properties": {"DAUID": "48112109", "accessible_jobs": 17980}, "geometry": {"type": "Polygon", "coordinates": [[[-113.42694716666666, 53.53794096666667], [-113.42774716666666, 53.53886472709737], [-113.42934716666666, 53.53886472709737], [-113.43014716666666, 53.53794096666667], [-113.42934716666666, 53.537017206235966], [-113.42774716666666, 53.537017206235966], [-113.42694716666666, 53.53794096666667]]]}}, {"type": "Feature", "properties": {"DAUID": "48112110", "accessible_jobs": 42095}, "geometry": {"type": "Polygon", "coordinates": [[[-113.42388263272727, 53.54014387181818], [-113.42468263272727, 53.54106763224888], [-113.42628263272726, 53.54106763224888], [-113.42708263272726, 53.54014387181818], [-113.42628263272726, 53.53922011138748], [-113.42468263272727, 53.53922011138748], [-113.42388263272727, 53.54014387181818]]]}}, {"type": "Feature", "properties": {"DAUID": "48112111", "accessible_jobs": 11670}, "geometry": {"type": "Polygon", "coordinates": [[[-113.4328782909091, 53.53946393727272], [-113.4336782909091, 53.54038769770342], [-113.4352782909091, 53.54038769770342], [-113.4360782909091, 53.53946393727272], [-113.4352782909091, 53.53854017684202], [-113.4336782909091, 53.53854017684202], [-113.4328782909091, 53.53946393727272]]]}}, {"type": "Feature", "properties": {"DAUID": "48112112", "accessible_jobs": 6541}, "geometry": {"type": "Polygon", "coordinates": [[[-113.43803675185185, 53.540317038518516], [-113.43883675185185, 53.54124079894922], [-113.44043675185185, 53.54124079894922], [-113.44123675185185, 53.540317038518516], [-113.44043675185185, 53.539393278087815], [-113.43883675185185, 53.539393278087815], [-113.43803675185185, 53.540317038518516]]]}}, {"type": "Feature", "properties": {"DAUID": "48112114", "accessible_jobs": 57853}, "geometry": {"type": "Polygon", "coordinates": [[[-113.45158217871148, 53.4933972587675], [-113.45238217871147, 53.4943210191982], [-113.45398217871147, 53.4943210191982], [-113.45478217871147, 53.4933972587675], [-113.45398217871147, 53.4924734983368], [-113.45238217871147, 53.4924734983368], [-113.45158217871148, 53.4933972587675]]]}}, {"type": "Feature", "properties": {"DAUID": "48112115", "accessible_jobs": 21626}, "geometry": {"type": "Polygon", "coordinates": [[[-113.47828136111112, 53.47301855065476], [-113.47908136111111, 53.47394231108546], [-113.48068136111111, 53.47394231108546], [-113.48148136111111, 53.47301855065476], [-113.48068136111111, 53.472094790224055], [-113.47908136111111, 53.472094790224055], [-113.47828136111112, 53.47301855065476]]]}}, {"type": "Feature", "properties": {"DAUID": "48112116", "accessible_jobs": 44387}, "geometry": {"type": "Polygon", "coordinates": [[[-113.48984396734694, 53.4844710725], [-113.49064396734694, 53.4853948329307], [-113.49224396734694, 53.4853948329307], [-113.49304396734694, 53.4844710725], [-113.49224396734694, 53.4835473120693], [-113.49064396734694, 53.4835473120693], [-113.48984396734694, 53.4844710725]]]}}, {"type": "Feature", "properties": {"DAUID": "48112117", "accessible_jobs": 11031}, "geometry": {"type": "Polygon", "coordinates": [[[-113.499373775, 53.480207201666666], [-113.500173775, 53.48113096209737], [-113.50177377499999, 53.48113096209737], [-113.50257377499999, 53.480207201666666], [-113.50177377499999, 53.479283441235964], [-113.500173775, 53.479283441235964], [-113.499373775, 53.480207201666666]]]}}, {"type": "Feature", "properties": {"DAUID": "48112119", "accessible_jobs": 46481}, "geometry": {"type": "Polygon", "coordinates": [[[-113.50361500833333, 53.48751704833333], [-113.50441500833332, 53.48844080876403], [-113.50601500833332, 53.48844080876403], [-113.50681500833332, 53.48751704833333], [-113.50601500833332, 53.48659328790263], [-113.50441500833332, 53.48659328790263], [-113.50361500833333, 53.48751704833333]]]}}, {"type": "Feature", "properties": {"DAUID": "48112120", "accessible_jobs": 7265}, "geometry": {"type": "Polygon", "coordinates": [[[-113.4685036, 53.46380569384615], [-113.4693036, 53.46472945427685], [-113.4709036, 53.46472945427685], [-113.4717036, 53.46380569384615], [-113.4709036, 53.462881933415446], [-113.4693036, 53.462881933415446], [-113.4685036, 53.46380569384615]]]}}, {"type": "Feature", "properties": {"DAUID": "48112121", "accessible_jobs": 8998}, "geometry": {"type": "Polygon", "coordinates": [[[-113.45600025384616, 53.4642371276923], [-113.45680025384615, 53.465160888123], [-113.45840025384615, 53.465160888123], [-113.45920025384615, 53.4642371276923], [-113.45840025384615, 53.4633133672616], [-113.45680025384615, 53.4633133672616], [-113.45600025384616, 53.4642371276923]]]}}, {"type": "Feature", "properties": {"DAUID": "48112122", "accessible_jobs": 8998}, "geometry": {"type": "Polygon", "coordinates": [[[-113.45795620833333, 53.4583309025], [-113.45875620833333, 53.459254662930704], [-113.46035620833332, 53.459254662930704], [-113.46115620833332, 53.4583309025], [-113.46035620833332, 53.4574071420693], [-113.45875620833333, 53.4574071420693], [-113.45795620833333, 53.4583309025]]]}}, {"type": "Feature", "properties": {"DAUID": "48112123", "accessible_jobs": 12021}, "geometry": {"type": "Polygon", "coordinates": [[[-113.4486049, 53.45950136333334], [-113.4494049, 53.46042512376404], [-113.4510049, 53.46042512376404], [-113.4518049, 53.45950136333334], [-113.4510049, 53.458577602902636], [-113.4494049, 53.458577602902636], [-113.4486049, 53.45950136333334]]]}}, {"type": "Feature", "properties": {"DAUID": "48112125", "accessible_jobs": 9736}, "geometry": {"type": "Polygon", "coordinates": [[[-113.4468785, 53.463618], [-113.4476785, 53.4645417604307], [-113.44927849999999, 53.4645417604307], [-113.45007849999999, 53.463618], [-113.44927849999999, 53.462694239569295], [-113.4476785, 53.462694239569295], [-113.4468785, 53.463618]]]}}, {"type": "Feature", "properties": {"DAUID": "48112126", "accessible_jobs": 10212}, "geometry": {"type": "Polygon", "coordinates": [[[-113.44539757058823, 53.459161122941175], [-113.44619757058823, 53.46008488337188], [-113.44779757058822, 53.46008488337188], [-113.44859757058822, 53.459161122941175], [-113.44779757058822, 53.458237362510474], [-113.44619757058823, 53.458237362510474], [-113.44539757058823, 53.459161122941175]]]}}, {"type": "Feature", "properties": {"DAUID": "48112128", "accessible_jobs": 12361}, "geometry": {"type": "Polygon", "coordinates": [[[-113.43332133636365, 53.46030257454545], [-113.43412133636365, 53.46122633497615], [-113.43572133636364, 53.46122633497615], [-113.43652133636364, 53.46030257454545], [-113.43572133636364, 53.45937881411475], [-113.43412133636365, 53.45937881411475], [-113.43332133636365, 53.46030257454545]]]}}, {"type": "Feature", "properties": {"DAUID": "48112130", "accessible_jobs": 17098}, "geometry": {"type": "Polygon", "coordinates": [[[-113.44805047999999, 53.467865812], [-113.44885047999999, 53.4687895724307], [-113.45045047999999, 53.4687895724307], [-113.45125047999998, 53.467865812], [-113.45045047999999, 53.4669420515693], [-113.44885047999999, 53.4669420515693], [-113.44805047999999, 53.467865812]]]}}, {"type": "Feature", "properties": {"DAUID": "48112131", "accessible_jobs": 22776}, "geometry": {"type": "Polygon", "coordinates": [[[-113.44853734750001, 53.4722531165], [-113.4493373475, 53.4731768769307], [-113.4509373475, 53.4731768769307], [-113.4517373475, 53.4722531165], [-113.4509373475, 53.4713293560693], [-113.4493373475, 53.4713293560693], [-113.44853734750001, 53.4722531165]]]}}, {"type": "Feature", "properties": {"DAUID": "48112132", "accessible_jobs": 22307}, "geometry": {"type": "Polygon", "coordinates": [[[-113.442323, 53.471486955], [-113.443123, 53.472410715430705], [-113.444723, 53.472410715430705], [-113.445523, 53.471486955], [-113.444723, 53.4705631945693], [-113.443123, 53.4705631945693], [-113.442323, 53.471486955]]]}}, {"type": "Feature", "properties": {"DAUID": "48112142", "accessible_jobs": 12680}, "geometry": {"type": "Polygon", "coordinates": [[[-113.5744820412556, 53.575528847130045], [-113.5752820412556, 53.576452607560746], [-113.5768820412556, 53.576452607560746], [-113.5776820412556, 53.575528847130045], [-113.5768820412556, 53.57460508669934], [-113.5752820412556, 53.57460508669934], [-113.5744820412556, 53.575528847130045]]]}}, {"type": "Feature", "properties": {"DAUID": "48112143", "accessible_jobs": 32443}, "geometry": {"type": "Polygon", "coordinates": [[[-113.57203082304834, 53.56695914490707], [-113.57283082304833, 53.56788290533777], [-113.57443082304833, 53.56788290533777], [-113.57523082304833, 53.56695914490707], [-113.57443082304833, 53.566035384476365], [-113.57283082304833, 53.566035384476365], [-113.57203082304834, 53.56695914490707]]]}}, {"type": "Feature", "properties": {"DAUID": "48112144", "accessible_jobs": 18626}, "geometry": {"type": "Polygon", "coordinates": [[[-113.62508472983872, 53.52280254145162], [-113.62588472983872, 53.52372630188232], [-113.62748472983871, 53.52372630188232], [-113.62828472983871, 53.52280254145162], [-113.62748472983871, 53.52187878102092], [-113.62588472983872, 53.52187878102092], [-113.62508472983872, 53.52280254145162]]]}}, {"type": "Feature", "properties": {"DAUID": "48112145", "accessible_jobs": 18626}, "geometry": {"type": "Polygon", "coordinates": [[[-113.62720490000001, 53.516015315000004], [-113.62800490000001, 53.516939075430706], [-113.6296049, 53.516939075430706], [-113.6304049, 53.516015315000004], [-113.6296049, 53.5150915545693], [-113.62800490000001, 53.5150915545693], [-113.62720490000001, 53.516015315000004]]]}}, {"type": "Feature", "properties": {"DAUID": "48112146", "accessible_jobs": 18626}, "geometry": {"type": "Polygon", "coordinates": [[[-113.62281261111112, 53.51536626833334], [-113.62361261111111, 53.51629002876404], [-113.62521261111111, 53.51629002876404], [-113.62601261111111, 53.51536626833334], [-113.62521261111111, 53.514442507902636], [-113.62361261111111, 53.514442507902636], [-113.62281261111112, 53.51536626833334]]]}}, {"type": "Feature", "properties": {"DAUID": "48112147", "accessible_jobs": 18626}, "geometry": {"type": "Polygon", "coordinates": [[[-113.6178512125, 53.52071441375], [-113.6186512125, 53.5216381741807], [-113.6202512125, 53.5216381741807], [-113.62105121249999, 53.52071441375], [-113.6202512125, 53.5197906533193], [-113.6186512125, 53.5197906533193], [-113.6178512125, 53.52071441375]]]}}, {"type": "Feature", "properties": {"DAUID": "48112149", "accessible_jobs": 259}, "geometry": {"type": "Polygon", "coordinates": [[[-113.61652927142858, 53.50764146142858], [-113.61732927142857, 53.50856522185928], [-113.61892927142857, 53.50856522185928], [-113.61972927142857, 53.50764146142858], [-113.61892927142857, 53.506717700997875], [-113.61732927142857, 53.506717700997875], [-113.61652927142858, 53.50764146142858]]]}}, {"type": "Feature", "properties": {"DAUID": "48112150", "accessible_jobs": 15615}, "geometry": {"type": "Polygon", "coordinates": [[[-113.62422853333334, 53.506318740000005], [-113.62502853333334, 53.507242500430706], [-113.62662853333333, 53.507242500430706], [-113.62742853333333, 53.506318740000005], [-113.62662853333333, 53.5053949795693], [-113.62502853333334, 53.5053949795693], [-113.62422853333334, 53.506318740000005]]]}}, {"type": "Feature", "properties": {"DAUID": "48112152", "accessible_jobs": 17291}, "geometry": {"type": "Polygon", "coordinates": [[[-113.62501515, 53.513919215], [-113.62581515, 53.5148429754307], [-113.62741514999999, 53.5148429754307], [-113.62821514999999, 53.513919215], [-113.62741514999999, 53.5129954545693], [-113.62581515, 53.5129954545693], [-113.62501515, 53.513919215]]]}}, {"type": "Feature", "properties": {"DAUID": "48112153", "accessible_jobs": 133943}, "geometry": {"type": "Polygon", "coordinates": [[[-113.50506759999999, 53.52628817], [-113.50586759999999, 53.5272119304307], [-113.50746759999998, 53.5272119304307], [-113.50826759999998, 53.52628817], [-113.50746759999998, 53.5253644095693], [-113.50586759999999, 53.5253644095693], [-113.50506759999999, 53.52628817]]]}}, {"type": "Feature", "properties": {"DAUID": "48112154", "accessible_jobs": 96085}, "geometry": {"type": "Polygon", "coordinates": [[[-113.50103301086958, 53.519399212391306], [-113.50183301086957, 53.52032297282201], [-113.50343301086957, 53.52032297282201], [-113.50423301086957, 53.519399212391306], [-113.50343301086957, 53.518475451960605], [-113.50183301086957, 53.518475451960605], [-113.50103301086958, 53.519399212391306]]]}}, {"type": "Feature", "properties": {"DAUID": "48112155", "accessible_jobs": 125928}, "geometry": {"type": "Polygon", "coordinates": [[[-113.49544822727273, 53.52191180545455], [-113.49624822727273, 53.52283556588525], [-113.49784822727273, 53.52283556588525], [-113.49864822727272, 53.52191180545455], [-113.49784822727273, 53.52098804502385], [-113.49624822727273, 53.52098804502385], [-113.49544822727273, 53.52191180545455]]]}}, {"type": "Feature", "properties": {"DAUID": "48112156", "accessible_jobs": 134768}, "geometry": {"type": "Polygon", "coordinates": [[[-113.49569401713484, 53.51873193719101], [-113.49649401713484, 53.519655697621715], [-113.49809401713483, 53.519655697621715], [-113.49889401713483, 53.51873193719101], [-113.49809401713483, 53.51780817676031], [-113.49649401713484, 53.51780817676031], [-113.49569401713484, 53.51873193719101]]]}}, {"type": "Feature", "properties": {"DAUID": "48112157", "accessible_jobs": 129337}, "geometry": {"type": "Polygon", "coordinates": [[[-113.50483095833334, 53.520111604166665], [-113.50563095833334, 53.52103536459737], [-113.50723095833334, 53.52103536459737], [-113.50803095833334, 53.520111604166665], [-113.50723095833334, 53.51918784373596], [-113.50563095833334, 53.51918784373596], [-113.50483095833334, 53.520111604166665]]]}}, {"type": "Feature", "properties": {"DAUID": "48112158", "accessible_jobs": 131440}, "geometry": {"type": "Polygon", "coordinates": [[[-113.50625633283582, 53.518363481343286], [-113.50705633283582, 53.51928724177399], [-113.50865633283581, 53.51928724177399], [-113.50945633283581, 53.518363481343286], [-113.50865633283581, 53.517439720912584], [-113.50705633283582, 53.517439720912584], [-113.50625633283582, 53.518363481343286]]]}}, {"type": "Feature", "properties": {"DAUID": "48112159", "accessible_jobs": 127870}, "geometry": {"type": "Polygon", "coordinates": [[[-113.50613944705883, 53.52130544705882], [-113.50693944705883, 53.522229207489524], [-113.50853944705882, 53.522229207489524], [-113.50933944705882, 53.52130544705882], [-113.50853944705882, 53.52038168662812], [-113.50693944705883, 53.52038168662812], [-113.50613944705883, 53.52130544705882]]]}}, {"type": "Feature", "properties": {"DAUID": "48112160", "accessible_jobs": 124037}, "geometry": {"type": "Polygon", "coordinates": [[[-113.50959897894737, 53.52345645131579], [-113.51039897894736, 53.52438021174649], [-113.51199897894736, 53.52438021174649], [-113.51279897894736, 53.52345645131579], [-113.51199897894736, 53.522532690885086], [-113.51039897894736, 53.522532690885086], [-113.50959897894737, 53.52345645131579]]]}}, {"type": "Feature", "properties": {"DAUID": "48112161", "accessible_jobs": 5783}, "geometry": {"type": "Polygon", "coordinates": [[[-113.5901078, 53.47042296], [-113.5909078, 53.4713467204307], [-113.59250779999999, 53.4713467204307], [-113.59330779999999, 53.47042296], [-113.59250779999999, 53.4694991995693], [-113.5909078, 53.4694991995693], [-113.5901078, 53.47042296]]]}}, {"type": "Feature", "properties": {"DAUID": "48112162", "accessible_jobs": 4608}, "geometry": {"type": "Polygon", "coordinates": [[[-113.58708235882354, 53.46857675705883], [-113.58788235882353, 53.46950051748953], [-113.58948235882353, 53.46950051748953], [-113.59028235882353, 53.46857675705883], [-113.58948235882353, 53.467652996628125], [-113.58788235882353, 53.467652996628125], [-113.58708235882354, 53.46857675705883]]]}}, {"type": "Feature", "properties": {"DAUID": "48112163", "accessible_jobs": 2737}, "geometry": {"type": "Polygon", "coordinates": [[[-113.58538106111111, 53.46789776333333], [-113.5861810611111, 53.468821523764035], [-113.5877810611111, 53.468821523764035], [-113.5885810611111, 53.46789776333333], [-113.5877810611111, 53.46697400290263], [-113.5861810611111, 53.46697400290263], [-113.58538106111111, 53.46789776333333]]]}}, {"type": "Feature", "properties": {"DAUID": "48112165", "accessible_jobs": 8565}, "geometry": {"type": "Polygon", "coordinates": [[[-113.58947877499999, 53.458337575], [-113.59027877499999, 53.4592613354307], [-113.59187877499998, 53.4592613354307], [-113.59267877499998, 53.458337575], [-113.59187877499998, 53.4574138145693], [-113.59027877499999, 53.4574138145693], [-113.58947877499999, 53.458337575]]]}}, {"type": "Feature", "properties": {"DAUID": "48112167", "accessible_jobs": 8721}, "geometry": {"type": "Polygon", "coordinates": [[[-113.4492319, 53.44885502], [-113.4500319, 53.449778780430705], [-113.4516319, 53.449778780430705], [-113.4524319, 53.44885502], [-113.4516319, 53.4479312595693], [-113.4500319, 53.4479312595693], [-113.4492319, 53.44885502]]]}}, {"type": "Feature", "properties": {"DAUID": "48112168", "accessible_jobs": 2930}, "geometry": {"type": "Polygon", "coordinates": [[[-113.4544231, 53.44355184], [-113.4552231, 53.4444756004307], [-113.4568231, 53.4444756004307], [-113.45762309999999, 53.44355184], [-113.4568231, 53.442628079569296], [-113.4552231, 53.442628079569296], [-113.4544231, 53.44355184]]]}}, {"type": "Feature", "properties": {"DAUID": "48112169", "accessible_jobs": 2888}, "geometry": {"type": "Polygon", "coordinates": [[[-113.45884115, 53.4492297925], [-113.45964115, 53.4501535529307], [-113.46124114999999, 53.4501535529307], [-113.46204114999999, 53.4492297925], [-113.46124114999999, 53.4483060320693], [-113.45964115, 53.4483060320693], [-113.45884115, 53.4492297925]]]}}, {"type": "Feature", "properties": {"DAUID": "48112170", "accessible_jobs": 1815}, "geometry": {"type": "Polygon", "coordinates": [[[-113.46763125000001, 53.44775945], [-113.46843125000001, 53.4486832104307], [-113.47003125, 53.4486832104307], [-113.47083125, 53.44775945], [-113.47003125, 53.4468356895693], [-113.46843125000001, 53.4468356895693], [-113.46763125000001, 53.44775945]]]}}, {"type": "Feature", "properties": {"DAUID": "48112214", "accessible_jobs": 10121}, "geometry": {"type": "Polygon", "coordinates": [[[-113.53988855294118, 53.61615532941177], [-113.54068855294118, 53.61707908984247], [-113.54228855294117, 53.61707908984247], [-113.54308855294117, 53.61615532941177], [-113.54228855294117, 53.615231568981066], [-113.54068855294118, 53.615231568981066], [-113.53988855294118, 53.61615532941177]]]}}, {"type": "Feature", "properties": {"DAUID": "48112215", "accessible_jobs": 10121}, "geometry": {"type": "Polygon", "coordinates": [[[-113.54123095000001, 53.614845383500004], [-113.54203095000001, 53.615769143930706], [-113.54363095000001, 53.615769143930706], [-113.54443095, 53.614845383500004], [-113.54363095000001, 53.6139216230693], [-113.54203095000001, 53.6139216230693], [-113.54123095000001, 53.614845383500004]]]}}, {"type": "Feature", "properties": {"DAUID": "48112237", "accessible_jobs": 13248}, "geometry": {"type": "Polygon", "coordinates": [[[-113.39037001999999, 53.474182404666664], [-113.39117001999999, 53.475106165097365], [-113.39277001999999, 53.475106165097365], [-113.39357001999998, 53.474182404666664], [-113.39277001999999, 53.47325864423596], [-113.39117001999999, 53.47325864423596], [-113.39037001999999, 53.474182404666664]]]}}, {"type": "Feature", "properties": {"DAUID": "48112242", "accessible_jobs": 3680}, "geometry": {"type": "Polygon", "coordinates": [[[-113.47332491573603, 53.4292269348731], [-113.47412491573603, 53.4301506953038], [-113.47572491573602, 53.4301506953038], [-113.47652491573602, 53.4292269348731], [-113.47572491573602, 53.4283031744424], [-113.47412491573603, 53.4283031744424], [-113.47332491573603, 53.4292269348731]]]}}, {"type": "Feature", "properties": {"DAUID": "48112250", "accessible_jobs": 6036}, "geometry": {"type": "Polygon", "coordinates": [[[-113.36932507368421, 53.47781941473684], [-113.3701250736842, 53.478743175167544], [-113.3717250736842, 53.478743175167544], [-113.3725250736842, 53.47781941473684], [-113.3717250736842, 53.47689565430614], [-113.3701250736842, 53.47689565430614], [-113.36932507368421, 53.47781941473684]]]}}, {"type": "Feature", "properties": {"DAUID": "48112274", "accessible_jobs": 7422}, "geometry": {"type": "Polygon", "coordinates": [[[-113.39976998, 53.599950343], [-113.40056998, 53.600874103430705], [-113.40216998, 53.600874103430705], [-113.40296998, 53.599950343], [-113.40216998, 53.5990265825693], [-113.40056998, 53.5990265825693], [-113.39976998, 53.599950343]]]}}, {"type": "Feature", "properties": {"DAUID": "48112280", "accessible_jobs": 4017}, "geometry": {"type": "Polygon", "coordinates": [[[-113.58102212222222, 53.458601924444444], [-113.58182212222222, 53.459525684875146], [-113.58342212222222, 53.459525684875146], [-113.58422212222222, 53.458601924444444], [-113.58342212222222, 53.45767816401374], [-113.58182212222222, 53.45767816401374], [-113.58102212222222, 53.458601924444444]]]}}, {"type": "Feature", "properties": {"DAUID": "48112281", "accessible_jobs": 3914}, "geometry": {"type": "Polygon", "coordinates": [[[-113.57432800000001, 53.460503], [-113.575128, 53.461426760430705], [-113.576728, 53.461426760430705], [-113.577528, 53.460503], [-113.576728, 53.4595792395693], [-113.575128, 53.4595792395693], [-113.57432800000001, 53.460503]]]}}, {"type": "Feature", "properties": {"DAUID": "48112282", "accessible_jobs": 3304}, "geometry": {"type": "Polygon", "coordinates": [[[-113.56643360000001, 53.45574869], [-113.56723360000001, 53.4566724504307], [-113.5688336, 53.4566724504307], [-113.5696336, 53.45574869], [-113.5688336, 53.4548249295693], [-113.56723360000001, 53.4548249295693], [-113.56643360000001, 53.45574869]]]}}, {"type": "Feature", "properties": {"DAUID": "48112283", "accessible_jobs": 9795}, "geometry": {"type": "Polygon", "coordinates": [[[-113.57761195, 53.457033555], [-113.57841195, 53.457957315430704], [-113.58001195, 53.457957315430704], [-113.58081195, 53.457033555], [-113.58001195, 53.4561097945693], [-113.57841195, 53.4561097945693], [-113.57761195, 53.457033555]]]}}, {"type": "Feature", "properties": {"DAUID": "48112285", "accessible_jobs": 2039}, "geometry": {"type": "Polygon", "coordinates": [[[-113.5565873, 53.46114362], [-113.5573873, 53.4620673804307], [-113.5589873, 53.4620673804307], [-113.5597873, 53.46114362], [-113.5589873, 53.4602198595693], [-113.5573873, 53.4602198595693], [-113.5565873, 53.46114362]]]}}, {"type": "Feature", "properties": {"DAUID": "48112287", "accessible_jobs": 7677}, "geometry": {"type": "Polygon", "coordinates": [[[-113.56250229500002, 53.4541302545], [-113.56330229500001, 53.4550540149307], [-113.56490229500001, 53.4550540149307], [-113.56570229500001, 53.4541302545], [-113.56490229500001, 53.4532064940693], [-113.56330229500001, 53.4532064940693], [-113.56250229500002, 53.4541302545]]]}}, {"type": "Feature", "properties": {"DAUID": "48112289", "accessible_jobs": 212331}, "geometry": {"type": "Polygon", "coordinates": [[[-113.49820790546876, 53.541397467929684], [-113.49900790546876, 53.542321228360386], [-113.50060790546875, 53.542321228360386], [-113.50140790546875, 53.541397467929684], [-113.50060790546875, 53.54047370749898], [-113.49900790546876, 53.54047370749898], [-113.49820790546876, 53.541397467929684]]]}}, {"type": "Feature", "properties": {"DAUID": "48112290", "accessible_jobs": 204393}, "geometry": {"type": "Polygon", "coordinates": [[[-113.49280371524823, 53.54168803109929], [-113.49360371524823, 53.54261179152999], [-113.49520371524822, 53.54261179152999], [-113.49600371524822, 53.54168803109929], [-113.49520371524822, 53.54076427066859], [-113.49360371524823, 53.54076427066859], [-113.49280371524823, 53.54168803109929]]]}}, {"type": "Feature", "properties": {"DAUID": "48112291", "accessible_jobs": 178613}, "geometry": {"type": "Polygon", "coordinates": [[[-113.49319443571429, 53.538423095714286], [-113.49399443571428, 53.53934685614499], [-113.49559443571428, 53.53934685614499], [-113.49639443571428, 53.538423095714286], [-113.49559443571428, 53.537499335283584], [-113.49399443571428, 53.537499335283584], [-113.49319443571429, 53.538423095714286]]]}}, {"type": "Feature", "properties": {"DAUID": "48112292", "accessible_jobs": 160027}, "geometry": {"type": "Polygon", "coordinates": [[[-113.49349055, 53.534748634375], [-113.49429055, 53.5356723948057], [-113.49589055, 53.5356723948057], [-113.49669055, 53.534748634375], [-113.49589055, 53.5338248739443], [-113.49429055, 53.5338248739443], [-113.49349055, 53.534748634375]]]}}, {"type": "Feature", "properties": {"DAUID": "48112294", "accessible_jobs": 172944}, "geometry": {"type": "Polygon", "coordinates": [[[-113.50180573035715, 53.54403427375], [-113.50260573035715, 53.5449580341807], [-113.50420573035714, 53.5449580341807], [-113.50500573035714, 53.54403427375], [-113.50420573035714, 53.5431105133193], [-113.50260573035715, 53.5431105133193], [-113.50180573035715, 53.54403427375]]]}}, {"type": "Feature", "properties": {"DAUID": "48112295", "accessible_jobs": 189639}, "geometry": {"type": "Polygon", "coordinates": [[[-113.5053224, 53.54115798942858], [-113.5061224, 53.54208174985928], [-113.50772239999999, 53.54208174985928], [-113.50852239999999, 53.54115798942858], [-113.50772239999999, 53.540234228997875], [-113.5061224, 53.540234228997875], [-113.5053224, 53.54115798942858]]]}}, {"type": "Feature", "properties": {"DAUID": "48112316", "accessible_jobs": 165772}, "geometry": {"type": "Polygon", "coordinates": [[[-113.50997321538462, 53.544521163846156], [-113.51077321538462, 53.54544492427686], [-113.51237321538461, 53.54544492427686], [-113.51317321538461, 53.544521163846156], [-113.51237321538461, 53.543597403415454], [-113.51077321538462, 53.543597403415454], [-113.50997321538462, 53.544521163846156]]]}}, {"type": "Feature", "properties": {"DAUID": "48112317", "accessible_jobs": 160430}, "geometry": {"type": "Polygon", "coordinates": [[[-113.51213991428573, 53.54390531387755], [-113.51293991428572, 53.544829074308254], [-113.51453991428572, 53.544829074308254], [-113.51533991428572, 53.54390531387755], [-113.51453991428572, 53.54298155344685], [-113.51293991428572, 53.54298155344685], [-113.51213991428573, 53.54390531387755]]]}}, {"type": "Feature", "properties": {"DAUID": "48112321", "accessible_jobs": 15137}, "geometry": {"type": "Polygon", "coordinates": [[[-113.4207438, 53.45860049], [-113.4215438, 53.459524250430704], [-113.42314379999999, 53.459524250430704], [-113.42394379999999, 53.45860049], [-113.42314379999999, 53.4576767295693], [-113.4215438, 53.4576767295693], [-113.4207438, 53.45860049]]]}}, {"type": "Feature", "properties": {"DAUID": "48112322", "accessible_jobs": 15615}, "geometry": {"type": "Polygon", "coordinates": [[[-113.42122702500001, 53.45541621583334], [-113.422027025, 53.45633997626404], [-113.423627025, 53.45633997626404], [-113.424427025, 53.45541621583334], [-113.423627025, 53.45449245540264], [-113.422027025, 53.45449245540264], [-113.42122702500001, 53.45541621583334]]]}}, {"type": "Feature", "properties": {"DAUID": "48112324", "accessible_jobs": 31576}, "geometry": {"type": "Polygon", "coordinates": [[[-113.6258041125, 53.534014755], [-113.6266041125, 53.5349385154307], [-113.6282041125, 53.5349385154307], [-113.6290041125, 53.534014755], [-113.6282041125, 53.5330909945693], [-113.6266041125, 53.5330909945693], [-113.6258041125, 53.534014755]]]}}, {"type": "Feature", "properties": {"DAUID": "48112325", "accessible_jobs": 50004}, "geometry": {"type": "Polygon", "coordinates": [[[-113.62045460401461, 53.54298468864964], [-113.62125460401461, 53.54390844908034], [-113.6228546040146, 53.54390844908034], [-113.6236546040146, 53.54298468864964], [-113.6228546040146, 53.54206092821894], [-113.62125460401461, 53.54206092821894], [-113.62045460401461, 53.54298468864964]]]}}, {"type": "Feature", "properties": {"DAUID": "48112334", "accessible_jobs": 93246}, "geometry": {"type": "Polygon", "coordinates": [[[-113.46767133, 53.543009164], [-113.46847133, 53.5439329244307], [-113.47007133, 53.5439329244307], [-113.47087133, 53.543009164], [-113.47007133, 53.542085403569295], [-113.46847133, 53.542085403569295], [-113.46767133, 53.543009164]]]}}, {"type": "Feature", "properties": {"DAUID": "48112406", "accessible_jobs": 9314}, "geometry": {"type": "Polygon", "coordinates": [[[-113.5804361, 53.45587094], [-113.5812361, 53.4567947004307], [-113.5828361, 53.4567947004307], [-113.58363609999999, 53.45587094], [-113.5828361, 53.454947179569295], [-113.5812361, 53.454947179569295], [-113.5804361, 53.45587094]]]}}, {"type": "Feature", "properties": {"DAUID": "48112408", "accessible_jobs": 2014}, "geometry": {"type": "Polygon", "coordinates": [[[-113.5759116, 53.44581378], [-113.5767116, 53.4467375404307], [-113.57831159999999, 53.4467375404307], [-113.57911159999999, 53.44581378], [-113.57831159999999, 53.4448900195693], [-113.5767116, 53.4448900195693], [-113.5759116, 53.44581378]]]}}, {"type": "Feature", "properties": {"DAUID": "48112410", "accessible_jobs": 5187}, "geometry": {"type": "Polygon", "coordinates": [[[-113.57393178000001, 53.446464221999996], [-113.57473178000001, 53.4473879824307], [-113.57633178, 53.4473879824307], [-113.57713178, 53.446464221999996], [-113.57633178, 53.445540461569294], [-113.57473178000001, 53.445540461569294], [-113.57393178000001, 53.446464221999996]]]}}, {"type": "Feature", "properties": {"DAUID": "48112411", "accessible_jobs": 8392}, "geometry": {"type": "Polygon", "coordinates": [[[-113.56587877037036, 53.45294655111111], [-113.56667877037036, 53.45387031154181], [-113.56827877037036, 53.45387031154181], [-113.56907877037035, 53.45294655111111], [-113.56827877037036, 53.45202279068041], [-113.56667877037036, 53.45202279068041], [-113.56587877037036, 53.45294655111111]]]}}, {"type": "Feature", "properties": {"DAUID": "48112413", "accessible_jobs": 6308}, "geometry": {"type": "Polygon", "coordinates": [[[-113.59059970000001, 53.437544585], [-113.59139970000001, 53.4384683454307], [-113.59299970000001, 53.4384683454307], [-113.5937997, 53.437544585], [-113.59299970000001, 53.436620824569296], [-113.59139970000001, 53.436620824569296], [-113.59059970000001, 53.437544585]]]}}, {"type": "Feature", "properties": {"DAUID": "48112414", "accessible_jobs": 2014}, "geometry": {"type": "Polygon", "coordinates": [[[-113.589389488, 53.4301608628], [-113.590189488, 53.4310846232307], [-113.59178948799999, 53.4310846232307], [-113.59258948799999, 53.4301608628], [-113.59178948799999, 53.4292371023693], [-113.590189488, 53.4292371023693], [-113.589389488, 53.4301608628]]]}}, {"type": "Feature", "properties": {"DAUID": "48112469", "accessible_jobs": 10191}, "geometry": {"type": "Polygon", "coordinates": [[[-113.39804624285715, 53.61540252809524], [-113.39884624285715, 53.61632628852594], [-113.40044624285714, 53.61632628852594], [-113.40124624285714, 53.61540252809524], [-113.40044624285714, 53.61447876766454], [-113.39884624285715, 53.61447876766454], [-113.39804624285715, 53.61540252809524]]]}}, {"type": "Feature", "properties": {"DAUID": "48112493", "accessible_jobs": 2836}, "geometry": {"type": "Polygon", "coordinates": [[[-113.31541843414635, 53.5814649702439], [-113.31621843414635, 53.5823887306746], [-113.31781843414635, 53.5823887306746], [-113.31861843414634, 53.5814649702439], [-113.31781843414635, 53.5805412098132], [-113.31621843414635, 53.5805412098132], [-113.31541843414635, 53.5814649702439]]]}}, {"type": "Feature", "properties": {"DAUID": "48112498", "accessible_jobs": 304}, "geometry": {"type": "Polygon", "coordinates": [[[-113.361, 53.59579], [-113.3618, 53.5967137604307], [-113.3634, 53.5967137604307], [-113.3642, 53.59579], [-113.3634, 53.5948662395693], [-113.3618, 53.5948662395693], [-113.361, 53.59579]]]}}, {"type": "Feature", "properties": {"DAUID": "48112501", "accessible_jobs": 304}, "geometry": {"type": "Polygon", "coordinates": [[[-113.35488720000001, 53.617554], [-113.3556872, 53.6184777604307], [-113.3572872, 53.6184777604307], [-113.3580872, 53.617554], [-113.3572872, 53.6166302395693], [-113.3556872, 53.6166302395693], [-113.35488720000001, 53.617554]]]}}, {"type": "Feature", "properties": {"DAUID": "48112515", "accessible_jobs": 150575}, "geometry": {"type": "Polygon", "coordinates": [[[-113.4752372923077, 53.54520058769231], [-113.4760372923077, 53.54612434812301], [-113.47763729230769, 53.54612434812301], [-113.47843729230769, 53.54520058769231], [-113.47763729230769, 53.544276827261605], [-113.4760372923077, 53.544276827261605], [-113.4752372923077, 53.54520058769231]]]}}, {"type": "Feature", "properties": {"DAUID": "48112516", "accessible_jobs": 117759}, "geometry": {"type": "Polygon", "coordinates": [[[-113.46967425, 53.544753445], [-113.47047425, 53.5456772054307], [-113.47207424999999, 53.5456772054307], [-113.47287424999999, 53.544753445], [-113.47207424999999, 53.543829684569296], [-113.47047425, 53.543829684569296], [-113.46967425, 53.544753445]]]}}, {"type": "Feature", "properties": {"DAUID": "48112517", "accessible_jobs": 161162}, "geometry": {"type": "Polygon", "coordinates": [[[-113.48797786796118, 53.550378573495145], [-113.48877786796118, 53.55130233392585], [-113.49037786796117, 53.55130233392585], [-113.49117786796117, 53.550378573495145], [-113.49037786796117, 53.54945481306444], [-113.48877786796118, 53.54945481306444], [-113.48797786796118, 53.550378573495145]]]}}, {"type": "Feature", "properties": {"DAUID": "48112519", "accessible_jobs": 216775}, "geometry": {"type": "Polygon", "coordinates": [[[-113.48629118265306, 53.54271227979592], [-113.48709118265306, 53.54363604022662], [-113.48869118265306, 53.54363604022662], [-113.48949118265305, 53.54271227979592], [-113.48869118265306, 53.54178851936522], [-113.48709118265306, 53.54178851936522], [-113.48629118265306, 53.54271227979592]]]}}, {"type": "Feature", "properties": {"DAUID": "48112520", "accessible_jobs": 179448}, "geometry": {"type": "Polygon", "coordinates": [[[-113.4834746877193, 53.54442434789474], [-113.48427468771929, 53.54534810832544], [-113.48587468771929, 53.54534810832544], [-113.48667468771929, 53.54442434789474], [-113.48587468771929, 53.54350058746404], [-113.48427468771929, 53.54350058746404], [-113.4834746877193, 53.54442434789474]]]}}, {"type": "Feature", "properties": {"DAUID": "48112522", "accessible_jobs": 2911}, "geometry": {"type": "Polygon", "coordinates": [[[-113.48690672666666, 53.54768636666667], [-113.48770672666666, 53.54861012709737], [-113.48930672666665, 53.54861012709737], [-113.49010672666665, 53.54768636666667], [-113.48930672666665, 53.546762606235966], [-113.48770672666666, 53.546762606235966], [-113.48690672666666, 53.54768636666667]]]}}, {"type": "Feature", "properties": {"DAUID": "48112523", "accessible_jobs": 198337}, "geometry": {"type": "Polygon", "coordinates": [[[-113.48991700833334, 53.54130941208333], [-113.49071700833333, 53.54223317251403], [-113.49231700833333, 53.54223317251403], [-113.49311700833333, 53.54130941208333], [-113.49231700833333, 53.54038565165263], [-113.49071700833333, 53.54038565165263], [-113.48991700833334, 53.54130941208333]]]}}, {"type": "Feature", "properties": {"DAUID": "48112525", "accessible_jobs": 168539}, "geometry": {"type": "Polygon", "coordinates": [[[-113.47963408, 53.5442643775], [-113.48043408, 53.5451881379307], [-113.48203407999999, 53.5451881379307], [-113.48283407999999, 53.5442643775], [-113.48203407999999, 53.5433406170693], [-113.48043408, 53.5433406170693], [-113.47963408, 53.5442643775]]]}}, {"type": "Feature", "properties": {"DAUID": "48112526", "accessible_jobs": 123997}, "geometry": {"type": "Polygon", "coordinates": [[[-113.47362263125001, 53.550647353125], [-113.47442263125001, 53.5515711135557], [-113.47602263125, 53.5515711135557], [-113.47682263125, 53.550647353125], [-113.47602263125, 53.5497235926943], [-113.47442263125001, 53.5497235926943], [-113.47362263125001, 53.550647353125]]]}}, {"type": "Feature", "properties": {"DAUID": "48112528", "accessible_jobs": 125806}, "geometry": {"type": "Polygon", "coordinates": [[[-113.46690053333333, 53.546281459999996], [-113.46770053333333, 53.5472052204307], [-113.46930053333332, 53.5472052204307], [-113.47010053333332, 53.546281459999996], [-113.46930053333332, 53.545357699569294], [-113.46770053333333, 53.545357699569294], [-113.46690053333333, 53.546281459999996]]]}}, {"type": "Feature", "properties": {"DAUID": "48112531", "accessible_jobs": 71813}, "geometry": {"type": "Polygon", "coordinates": [[[-113.47106670000001, 53.52741277], [-113.4718667, 53.5283365304307], [-113.4734667, 53.5283365304307], [-113.4742667, 53.52741277], [-113.4734667, 53.526489009569296], [-113.4718667, 53.526489009569296], [-113.47106670000001, 53.52741277]]]}}, {"type": "Feature", "properties": {"DAUID": "48112533", "accessible_jobs": 115237}, "geometry": {"type": "Polygon", "coordinates": [[[-113.4815918, 53.52706717], [-113.4823918, 53.527990930430704], [-113.4839918, 53.527990930430704], [-113.4847918, 53.52706717], [-113.4839918, 53.5261434095693], [-113.4823918, 53.5261434095693], [-113.4815918, 53.52706717]]]}}, {"type": "Feature", "properties": {"DAUID": "48112534", "accessible_jobs": 32043}, "geometry": {"type": "Polygon", "coordinates": [[[-113.36455262153846, 53.47816701307692], [-113.36535262153846, 53.47909077350762], [-113.36695262153846, 53.47909077350762], [-113.36775262153846, 53.47816701307692], [-113.36695262153846, 53.47724325264622], [-113.36535262153846, 53.47724325264622], [-113.36455262153846, 53.47816701307692]]]}}, {"type": "Feature", "properties": {"DAUID": "48112535", "accessible_jobs": 3167}, "geometry": {"type": "Polygon", "coordinates": [[[-113.34869122500001, 53.483034785], [-113.34949122500001, 53.4839585454307], [-113.351091225, 53.4839585454307], [-113.351891225, 53.483034785], [-113.351091225, 53.4821110245693], [-113.34949122500001, 53.4821110245693], [-113.34869122500001, 53.483034785]]]}}, {"type": "Feature", "properties": {"DAUID": "48112536", "accessible_jobs": 22872}, "geometry": {"type": "Polygon", "coordinates": [[[-113.36593674285714, 53.47572985714286], [-113.36673674285714, 53.47665361757356], [-113.36833674285714, 53.47665361757356], [-113.36913674285714, 53.47572985714286], [-113.36833674285714, 53.47480609671216], [-113.36673674285714, 53.47480609671216], [-113.36593674285714, 53.47572985714286]]]}}, {"type": "Feature", "properties": {"DAUID": "48112537", "accessible_jobs": 5869}, "geometry": {"type": "Polygon", "coordinates": [[[-113.35877165000001, 53.472275624999995], [-113.35957165, 53.473199385430696], [-113.36117165, 53.473199385430696], [-113.36197165, 53.472275624999995], [-113.36117165, 53.47135186456929], [-113.35957165, 53.47135186456929], [-113.35877165000001, 53.472275624999995]]]}}, {"type": "Feature", "properties": {"DAUID": "48112538", "accessible_jobs": 1722}, "geometry": {"type": "Polygon", "coordinates": [[[-113.3475119, 53.46812885], [-113.3483119, 53.4690526104307], [-113.3499119, 53.4690526104307], [-113.3507119, 53.46812885], [-113.3499119, 53.4672050895693], [-113.3483119, 53.4672050895693], [-113.3475119, 53.46812885]]]}}, {"type": "Feature", "properties": {"DAUID": "48112540", "accessible_jobs": 15351}, "geometry": {"type": "Polygon", "coordinates": [[[-113.37574756146789, 53.50554344944954], [-113.37654756146789, 53.50646720988024], [-113.37814756146788, 53.50646720988024], [-113.37894756146788, 53.50554344944954], [-113.37814756146788, 53.50461968901884], [-113.37654756146789, 53.50461968901884], [-113.37574756146789, 53.50554344944954]]]}}, {"type": "Feature", "properties": {"DAUID": "48112541", "accessible_jobs": 13118}, "geometry": {"type": "Polygon", "coordinates": [[[-113.36304233592233, 53.51238224417476], [-113.36384233592233, 53.51330600460546], [-113.36544233592232, 53.51330600460546], [-113.36624233592232, 53.51238224417476], [-113.36544233592232, 53.51145848374406], [-113.36384233592233, 53.51145848374406], [-113.36304233592233, 53.51238224417476]]]}}, {"type": "Feature", "properties": {"DAUID": "48112543", "accessible_jobs": 8802}, "geometry": {"type": "Polygon", "coordinates": [[[-113.44149433999999, 53.456686448000006], [-113.44229433999999, 53.45761020843071], [-113.44389433999999, 53.45761020843071], [-113.44469433999998, 53.456686448000006], [-113.44389433999999, 53.455762687569305], [-113.44229433999999, 53.455762687569305], [-113.44149433999999, 53.456686448000006]]]}}, {"type": "Feature", "properties": {"DAUID": "48112544", "accessible_jobs": 25058}, "geometry": {"type": "Polygon", "coordinates": [[[-113.42733025490196, 53.45658497124183], [-113.42813025490196, 53.45750873167253], [-113.42973025490195, 53.45750873167253], [-113.43053025490195, 53.45658497124183], [-113.42973025490195, 53.45566121081113], [-113.42813025490196, 53.45566121081113], [-113.42733025490196, 53.45658497124183]]]}}, {"type": "Feature", "properties": {"DAUID": "48112545", "accessible_jobs": 15960}, "geometry": {"type": "Polygon", "coordinates": [[[-113.386038140625, 53.494233504375], [-113.386838140625, 53.495157264805705], [-113.388438140625, 53.495157264805705], [-113.389238140625, 53.494233504375], [-113.388438140625, 53.4933097439443], [-113.386838140625, 53.4933097439443], [-113.386038140625, 53.494233504375]]]}}, {"type": "Feature", "properties": {"DAUID": "48112546", "accessible_jobs": 23064}, "geometry": {"type": "Polygon", "coordinates": [[[-113.37142076944444, 53.480055963611115], [-113.37222076944444, 53.480979724041816], [-113.37382076944444, 53.480979724041816], [-113.37462076944443, 53.480055963611115], [-113.37382076944444, 53.47913220318041], [-113.37222076944444, 53.47913220318041], [-113.37142076944444, 53.480055963611115]]]}}, {"type": "Feature", "properties": {"DAUID": "48112551", "accessible_jobs": 13070}, "geometry": {"type": "Polygon", "coordinates": [[[-113.38135150000001, 53.48073435], [-113.3821515, 53.4816581104307], [-113.3837515, 53.4816581104307], [-113.3845515, 53.48073435], [-113.3837515, 53.4798105895693], [-113.3821515, 53.4798105895693], [-113.38135150000001, 53.48073435]]]}}, {"type": "Feature", "properties": {"DAUID": "48112555", "accessible_jobs": 6024}, "geometry": {"type": "Polygon", "coordinates": [[[-113.37603680000001, 53.47156035], [-113.3768368, 53.4724841104307], [-113.3784368, 53.4724841104307], [-113.3792368, 53.47156035], [-113.3784368, 53.470636589569295], [-113.3768368, 53.470636589569295], [-113.37603680000001, 53.47156035]]]}}, {"type": "Feature", "properties": {"DAUID": "48112556", "accessible_jobs": 14751}, "geometry": {"type": "Polygon", "coordinates": [[[-113.3691402875, 53.4680067725], [-113.3699402875, 53.4689305329307], [-113.3715402875, 53.4689305329307], [-113.3723402875, 53.4680067725], [-113.3715402875, 53.467083012069295], [-113.3699402875, 53.467083012069295], [-113.3691402875, 53.4680067725]]]}}, {"type": "Feature", "properties": {"DAUID": "48112559", "accessible_jobs": 8753}, "geometry": {"type": "Polygon", "coordinates": [[[-113.37047995000002, 53.456824306], [-113.37127995000002, 53.4577480664307], [-113.37287995000001, 53.4577480664307], [-113.37367995000001, 53.456824306], [-113.37287995000001, 53.4559005455693], [-113.37127995000002, 53.4559005455693], [-113.37047995000002, 53.456824306]]]}}, {"type": "Feature", "properties": {"DAUID": "48112560", "accessible_jobs": 8231}, "geometry": {"type": "Polygon", "coordinates": [[[-113.36512630322581, 53.45628470419355], [-113.3659263032258, 53.45720846462425], [-113.3675263032258, 53.45720846462425], [-113.3683263032258, 53.45628470419355], [-113.3675263032258, 53.45536094376285], [-113.3659263032258, 53.45536094376285], [-113.36512630322581, 53.45628470419355]]]}}, {"type": "Feature", "properties": {"DAUID": "48112562", "accessible_jobs": 9732}, "geometry": {"type": "Polygon", "coordinates": [[[-113.37663442352941, 53.45474677852941], [-113.37743442352941, 53.45567053896011], [-113.3790344235294, 53.45567053896011], [-113.3798344235294, 53.45474677852941], [-113.3790344235294, 53.45382301809871], [-113.37743442352941, 53.45382301809871], [-113.37663442352941, 53.45474677852941]]]}}, {"type": "Feature", "properties": {"DAUID": "48112565", "accessible_jobs": 2424}, "geometry": {"type": "Polygon", "coordinates": [[[-113.378567, 53.448349], [-113.379367, 53.4492727604307], [-113.380967, 53.4492727604307], [-113.381767, 53.448349], [-113.380967, 53.4474252395693], [-113.379367, 53.4474252395693], [-113.378567, 53.448349]]]}}, {"type": "Feature", "properties": {"DAUID": "48112566", "accessible_jobs": 8646}, "geometry": {"type": "Polygon", "coordinates": [[[-113.3669530625, 53.44944491125], [-113.3677530625, 53.4503686716807], [-113.3693530625, 53.4503686716807], [-113.3701530625, 53.44944491125], [-113.3693530625, 53.448521150819296], [-113.3677530625, 53.448521150819296], [-113.3669530625, 53.44944491125]]]}}, {"type": "Feature", "properties": {"DAUID": "48112567", "accessible_jobs": 2133}, "geometry": {"type": "Polygon", "coordinates": [[[-113.36532692857143, 53.45000138428571], [-113.36612692857143, 53.450925144716415], [-113.36772692857143, 53.450925144716415], [-113.36852692857143, 53.45000138428571], [-113.36772692857143, 53.44907762385501], [-113.36612692857143, 53.44907762385501], [-113.36532692857143, 53.45000138428571]]]}}, {"type": "Feature", "properties": {"DAUID": "48112583", "accessible_jobs": 3680}, "geometry": {"type": "Polygon", "coordinates": [[[-113.4502307, 53.431935980000006], [-113.4510307, 53.43285974043071], [-113.4526307, 53.43285974043071], [-113.4534307, 53.431935980000006], [-113.4526307, 53.431012219569304], [-113.4510307, 53.431012219569304], [-113.4502307, 53.431935980000006]]]}}, {"type": "Feature", "properties": {"DAUID": "48112584", "accessible_jobs": 3680}, "geometry": {"type": "Polygon", "coordinates": [[[-113.45991336, 53.424431639], [-113.46071336, 53.4253553994307], [-113.46231336, 53.4253553994307], [-113.46311336, 53.424431639], [-113.46231336, 53.423507878569296], [-113.46071336, 53.423507878569296], [-113.45991336, 53.424431639]]]}}, {"type": "Feature", "properties": {"DAUID": "48112593", "accessible_jobs": 5238}, "geometry": {"type": "Polygon", "coordinates": [[[-113.49541356153847, 53.42424042769231], [-113.49621356153847, 53.42516418812301], [-113.49781356153846, 53.42516418812301], [-113.49861356153846, 53.42424042769231], [-113.49781356153846, 53.42331666726161], [-113.49621356153847, 53.42331666726161], [-113.49541356153847, 53.42424042769231]]]}}, {"type": "Feature", "properties": {"DAUID": "48112595", "accessible_jobs": 16651}, "geometry": {"type": "Polygon", "coordinates": [[[-113.48746091724138, 53.44706716948276], [-113.48826091724138, 53.44799092991346], [-113.48986091724137, 53.44799092991346], [-113.49066091724137, 53.44706716948276], [-113.48986091724137, 53.446143409052056], [-113.48826091724138, 53.446143409052056], [-113.48746091724138, 53.44706716948276]]]}}, {"type": "Feature", "properties": {"DAUID": "48112600", "accessible_jobs": 17613}, "geometry": {"type": "Polygon", "coordinates": [[[-113.50856725, 53.44608299], [-113.50936725, 53.4470067504307], [-113.51096725, 53.4470067504307], [-113.51176724999999, 53.44608299], [-113.51096725, 53.4451592295693], [-113.50936725, 53.4451592295693], [-113.50856725, 53.44608299]]]}}, {"type": "Feature", "properties": {"DAUID": "48112625", "accessible_jobs": 2014}, "geometry": {"type": "Polygon", "coordinates": [[[-113.57594717777779, 53.445034642222225], [-113.57674717777779, 53.44595840265293], [-113.57834717777779, 53.44595840265293], [-113.57914717777778, 53.445034642222225], [-113.57834717777779, 53.444110881791524], [-113.57674717777779, 53.444110881791524], [-113.57594717777779, 53.445034642222225]]]}}, {"type": "Feature", "properties": {"DAUID": "48112627", "accessible_jobs": 2931}, "geometry": {"type": "Polygon", "coordinates": [[[-113.57350856666666, 53.43428636466667], [-113.57430856666666, 53.43521012509737], [-113.57590856666666, 53.43521012509737], [-113.57670856666665, 53.43428636466667], [-113.57590856666666, 53.43336260423597], [-113.57430856666666, 53.43336260423597], [-113.57350856666666, 53.43428636466667]]]}}, {"type": "Feature", "properties": {"DAUID": "48112629", "accessible_jobs": 2050}, "geometry": {"type": "Polygon", "coordinates": [[[-113.56063395000001, 53.444720175], [-113.56143395000001, 53.4456439354307], [-113.56303395, 53.4456439354307], [-113.56383395, 53.444720175], [-113.56303395, 53.4437964145693], [-113.56143395000001, 53.4437964145693], [-113.56063395000001, 53.444720175]]]}}, {"type": "Feature", "properties": {"DAUID": "48112630", "accessible_jobs": 2931}, "geometry": {"type": "Polygon", "coordinates": [[[-113.57157875238096, 53.43420762428571], [-113.57237875238096, 53.43513138471641], [-113.57397875238095, 53.43513138471641], [-113.57477875238095, 53.43420762428571], [-113.57397875238095, 53.43328386385501], [-113.57237875238096, 53.43328386385501], [-113.57157875238096, 53.43420762428571]]]}}, {"type": "Feature", "properties": {"DAUID": "48112631", "accessible_jobs": 1557}, "geometry": {"type": "Polygon", "coordinates": [[[-113.5547686, 53.44257354333333], [-113.5555686, 53.44349730376403], [-113.5571686, 53.44349730376403], [-113.5579686, 53.44257354333333], [-113.5571686, 53.44164978290263], [-113.5555686, 53.44164978290263], [-113.5547686, 53.44257354333333]]]}}, {"type": "Feature", "properties": {"DAUID": "48112632", "accessible_jobs": 17854}, "geometry": {"type": "Polygon", "coordinates": [[[-113.51564710000001, 53.6182318], [-113.51644710000001, 53.6191555604307], [-113.5180471, 53.6191555604307], [-113.5188471, 53.6182318], [-113.5180471, 53.617308039569295], [-113.51644710000001, 53.617308039569295], [-113.51564710000001, 53.6182318]]]}}, {"type": "Feature", "properties": {"DAUID": "48112637", "accessible_jobs": 17854}, "geometry": {"type": "Polygon", "coordinates": [[[-113.51377655434783, 53.61455946652174], [-113.51457655434783, 53.61548322695244], [-113.51617655434782, 53.61548322695244], [-113.51697655434782, 53.61455946652174], [-113.51617655434782, 53.61363570609104], [-113.51457655434783, 53.61363570609104], [-113.51377655434783, 53.61455946652174]]]}}, {"type": "Feature", "properties": {"DAUID": "48112650", "accessible_jobs": 5921}, "geometry": {"type": "Polygon", "coordinates": [[[-113.602394, 53.460027], [-113.603194, 53.4609507604307], [-113.604794, 53.4609507604307], [-113.605594, 53.460027], [-113.604794, 53.459103239569295], [-113.603194, 53.459103239569295], [-113.602394, 53.460027]]]}}, {"type": "Feature", "properties": {"DAUID": "48112652", "accessible_jobs": 4746}, "geometry": {"type": "Polygon", "coordinates": [[[-113.61771524444445, 53.440095155396826], [-113.61851524444445, 53.44101891582753], [-113.62011524444445, 53.44101891582753], [-113.62091524444445, 53.440095155396826], [-113.62011524444445, 53.439171394966124], [-113.61851524444445, 53.439171394966124], [-113.61771524444445, 53.440095155396826]]]}}, {"type": "Feature", "properties": {"DAUID": "48112653", "accessible_jobs": 4746}, "geometry": {"type": "Polygon", "coordinates": [[[-113.60768468333333, 53.43747781333334], [-113.60848468333333, 53.43840157376404], [-113.61008468333333, 53.43840157376404], [-113.61088468333332, 53.43747781333334], [-113.61008468333333, 53.436554052902636], [-113.60848468333333, 53.436554052902636], [-113.60768468333333, 53.43747781333334]]]}}, {"type": "Feature", "properties": {"DAUID": "48112668", "accessible_jobs": 4806}, "geometry": {"type": "Polygon", "coordinates": [[[-113.5997358918919, 53.43599653288288], [-113.6005358918919, 53.436920293313584], [-113.60213589189189, 53.436920293313584], [-113.60293589189189, 53.43599653288288], [-113.60213589189189, 53.43507277245218], [-113.6005358918919, 53.43507277245218], [-113.5997358918919, 53.43599653288288]]]}}, {"type": "Feature", "properties": {"DAUID": "48112689", "accessible_jobs": 1354}, "geometry": {"type": "Polygon", "coordinates": [[[-113.62841774545456, 53.47058111363637], [-113.62921774545455, 53.47150487406707], [-113.63081774545455, 53.47150487406707], [-113.63161774545455, 53.47058111363637], [-113.63081774545455, 53.46965735320567], [-113.62921774545455, 53.46965735320567], [-113.62841774545456, 53.47058111363637]]]}}, {"type": "Feature", "properties": {"DAUID": "48112697", "accessible_jobs": 12450}, "geometry": {"type": "Polygon", "coordinates": [[[-113.455928, 53.6217763], [-113.456728, 53.6227000604307], [-113.458328, 53.6227000604307], [-113.45912799999999, 53.6217763], [-113.458328, 53.6208525395693], [-113.456728, 53.6208525395693], [-113.455928, 53.6217763]]]}}, {"type": "Feature", "properties": {"DAUID": "48112703", "accessible_jobs": 19732}, "geometry": {"type": "Polygon", "coordinates": [[[-113.5115062, 53.600529990000005], [-113.5123062, 53.60145375043071], [-113.5139062, 53.60145375043071], [-113.51470619999999, 53.600529990000005], [-113.5139062, 53.599606229569304], [-113.5123062, 53.599606229569304], [-113.5115062, 53.600529990000005]]]}}, {"type": "Feature", "properties": {"DAUID": "48112704", "accessible_jobs": 16578}, "geometry": {"type": "Polygon", "coordinates": [[[-113.49318365217393, 53.601301642173915], [-113.49398365217392, 53.60222540260462], [-113.49558365217392, 53.60222540260462], [-113.49638365217392, 53.601301642173915], [-113.49558365217392, 53.60037788174321], [-113.49398365217392, 53.60037788174321], [-113.49318365217393, 53.601301642173915]]]}}, {"type": "Feature", "properties": {"DAUID": "48112709", "accessible_jobs": 2494}, "geometry": {"type": "Polygon", "coordinates": [[[-113.54494170000001, 53.63092707], [-113.54574170000001, 53.6318508304307], [-113.5473417, 53.6318508304307], [-113.5481417, 53.63092707], [-113.5473417, 53.6300033095693], [-113.54574170000001, 53.6300033095693], [-113.54494170000001, 53.63092707]]]}}, {"type": "Feature", "properties": {"DAUID": "48112722", "accessible_jobs": 9784}, "geometry": {"type": "Polygon", "coordinates": [[[-113.60719138982036, 53.59064446473054], [-113.60799138982036, 53.59156822516124], [-113.60959138982035, 53.59156822516124], [-113.61039138982035, 53.59064446473054], [-113.60959138982035, 53.589720704299836], [-113.60799138982036, 53.589720704299836], [-113.60719138982036, 53.59064446473054]]]}}, {"type": "Feature", "properties": {"DAUID": "48112740", "accessible_jobs": 40505}, "geometry": {"type": "Polygon", "coordinates": [[[-113.49786660000001, 53.57983248], [-113.4986666, 53.5807562404307], [-113.5002666, 53.5807562404307], [-113.5010666, 53.57983248], [-113.5002666, 53.5789087195693], [-113.4986666, 53.5789087195693], [-113.49786660000001, 53.57983248]]]}}, {"type": "Feature", "properties": {"DAUID": "48112741", "accessible_jobs": 128059}, "geometry": {"type": "Polygon", "coordinates": [[[-113.5107143, 53.56507761076924], [-113.5115143, 53.56600137119994], [-113.5131143, 53.56600137119994], [-113.5139143, 53.56507761076924], [-113.5131143, 53.564153850338535], [-113.5115143, 53.564153850338535], [-113.5107143, 53.56507761076924]]]}}, {"type": "Feature", "properties": {"DAUID": "48112742", "accessible_jobs": 110846}, "geometry": {"type": "Polygon", "coordinates": [[[-113.51634758709677, 53.56331014193548], [-113.51714758709677, 53.56423390236618], [-113.51874758709677, 53.56423390236618], [-113.51954758709677, 53.56331014193548], [-113.51874758709677, 53.56238638150478], [-113.51714758709677, 53.56238638150478], [-113.51634758709677, 53.56331014193548]]]}}, {"type": "Feature", "properties": {"DAUID": "48112743", "accessible_jobs": 2973}, "geometry": {"type": "Polygon", "coordinates": [[[-113.56682012631579, 53.622778567894734], [-113.56762012631579, 53.623702328325436], [-113.56922012631578, 53.623702328325436], [-113.57002012631578, 53.622778567894734], [-113.56922012631578, 53.62185480746403], [-113.56762012631579, 53.62185480746403], [-113.56682012631579, 53.622778567894734]]]}}, {"type": "Feature", "properties": {"DAUID": "48112745", "accessible_jobs": 2494}, "geometry": {"type": "Polygon", "coordinates": [[[-113.54567913333334, 53.628804088888884], [-113.54647913333334, 53.629727849319586], [-113.54807913333333, 53.629727849319586], [-113.54887913333333, 53.628804088888884], [-113.54807913333333, 53.62788032845818], [-113.54647913333334, 53.62788032845818], [-113.54567913333334, 53.628804088888884]]]}}, {"type": "Feature", "properties": {"DAUID": "48112746", "accessible_jobs": 10121}, "geometry": {"type": "Polygon", "coordinates": [[[-113.5428965586207, 53.62972986034483], [-113.5436965586207, 53.63065362077553], [-113.54529655862069, 53.63065362077553], [-113.54609655862069, 53.62972986034483], [-113.54529655862069, 53.62880609991413], [-113.5436965586207, 53.62880609991413], [-113.5428965586207, 53.62972986034483]]]}}, {"type": "Feature", "properties": {"DAUID": "48112749", "accessible_jobs": 2973}, "geometry": {"type": "Polygon", "coordinates": [[[-113.5582431, 53.6206535], [-113.5590431, 53.621577260430705], [-113.5606431, 53.621577260430705], [-113.56144309999999, 53.6206535], [-113.5606431, 53.6197297395693], [-113.5590431, 53.6197297395693], [-113.5582431, 53.6206535]]]}}, {"type": "Feature", "properties": {"DAUID": "48112751", "accessible_jobs": 10121}, "geometry": {"type": "Polygon", "coordinates": [[[-113.5458705, 53.6156485], [-113.5466705, 53.6165722604307], [-113.5482705, 53.6165722604307], [-113.5490705, 53.6156485], [-113.5482705, 53.6147247395693], [-113.5466705, 53.6147247395693], [-113.5458705, 53.6156485]]]}}, {"type": "Feature", "properties": {"DAUID": "48112753", "accessible_jobs": 4367}, "geometry": {"type": "Polygon", "coordinates": [[[-113.56, 53.61773], [-113.5608, 53.6186537604307], [-113.5624, 53.6186537604307], [-113.5632, 53.61773], [-113.5624, 53.6168062395693], [-113.5608, 53.6168062395693], [-113.56, 53.61773]]]}}, {"type": "Feature", "properties": {"DAUID": "48112754", "accessible_jobs": 4367}, "geometry": {"type": "Polygon", "coordinates": [[[-113.58218972727273, 53.60597945636364], [-113.58298972727273, 53.60690321679434], [-113.58458972727273, 53.60690321679434], [-113.58538972727273, 53.60597945636364], [-113.58458972727273, 53.60505569593294], [-113.58298972727273, 53.60505569593294], [-113.58218972727273, 53.60597945636364]]]}}, {"type": "Feature", "properties": {"DAUID": "48112755", "accessible_jobs": 2821}, "geometry": {"type": "Polygon", "coordinates": [[[-113.56152062777778, 53.60563182722222], [-113.56232062777778, 53.60655558765292], [-113.56392062777778, 53.60655558765292], [-113.56472062777777, 53.60563182722222], [-113.56392062777778, 53.60470806679152], [-113.56232062777778, 53.60470806679152], [-113.56152062777778, 53.60563182722222]]]}}, {"type": "Feature", "properties": {"DAUID": "48112756", "accessible_jobs": 44388}, "geometry": {"type": "Polygon", "coordinates": [[[-113.55267532941177, 53.600995237058825], [-113.55347532941177, 53.60191899748953], [-113.55507532941176, 53.60191899748953], [-113.55587532941176, 53.600995237058825], [-113.55507532941176, 53.60007147662812], [-113.55347532941177, 53.60007147662812], [-113.55267532941177, 53.600995237058825]]]}}, {"type": "Feature", "properties": {"DAUID": "48112757", "accessible_jobs": 190323}, "geometry": {"type": "Polygon", "coordinates": [[[-113.49570548765432, 53.54464560148148], [-113.49650548765432, 53.54556936191218], [-113.49810548765431, 53.54556936191218], [-113.49890548765431, 53.54464560148148], [-113.49810548765431, 53.543721841050775], [-113.49650548765432, 53.543721841050775], [-113.49570548765432, 53.54464560148148]]]}}, {"type": "Feature", "properties": {"DAUID": "48112759", "accessible_jobs": 173592}, "geometry": {"type": "Polygon", "coordinates": [[[-113.49479850857144, 53.548740024], [-113.49559850857143, 53.5496637844307], [-113.49719850857143, 53.5496637844307], [-113.49799850857143, 53.548740024], [-113.49719850857143, 53.547816263569295], [-113.49559850857143, 53.547816263569295], [-113.49479850857144, 53.548740024]]]}}, {"type": "Feature", "properties": {"DAUID": "48112760", "accessible_jobs": 156710}, "geometry": {"type": "Polygon", "coordinates": [[[-113.51524822941177, 53.546049652647056], [-113.51604822941177, 53.54697341307776], [-113.51764822941176, 53.54697341307776], [-113.51844822941176, 53.546049652647056], [-113.51764822941176, 53.545125892216355], [-113.51604822941177, 53.545125892216355], [-113.51524822941177, 53.546049652647056]]]}}, {"type": "Feature", "properties": {"DAUID": "48112762", "accessible_jobs": 177527}, "geometry": {"type": "Polygon", "coordinates": [[[-113.50687295454546, 53.544484865303026], [-113.50767295454546, 53.54540862573373], [-113.50927295454545, 53.54540862573373], [-113.51007295454545, 53.544484865303026], [-113.50927295454545, 53.543561104872325], [-113.50767295454546, 53.543561104872325], [-113.50687295454546, 53.544484865303026]]]}}, {"type": "Feature", "properties": {"DAUID": "48112764", "accessible_jobs": 155396}, "geometry": {"type": "Polygon", "coordinates": [[[-113.51121975111111, 53.548403468888885], [-113.51201975111111, 53.54932722931959], [-113.51361975111111, 53.54932722931959], [-113.5144197511111, 53.548403468888885], [-113.51361975111111, 53.547479708458184], [-113.51201975111111, 53.547479708458184], [-113.51121975111111, 53.548403468888885]]]}}, {"type": "Feature", "properties": {"DAUID": "48112801", "accessible_jobs": 18565}, "geometry": {"type": "Polygon", "coordinates": [[[-113.538387425, 53.61068492], [-113.539187425, 53.6116086804307], [-113.54078742499999, 53.6116086804307], [-113.54158742499999, 53.61068492], [-113.54078742499999, 53.609761159569295], [-113.539187425, 53.609761159569295], [-113.538387425, 53.61068492]]]}}, {"type": "Feature", "properties": {"DAUID": "48112802", "accessible_jobs": 11242}, "geometry": {"type": "Polygon", "coordinates": [[[-113.5378827, 53.6148548], [-113.5386827, 53.615778560430705], [-113.54028269999999, 53.615778560430705], [-113.54108269999999, 53.6148548], [-113.54028269999999, 53.6139310395693], [-113.5386827, 53.6139310395693], [-113.5378827, 53.6148548]]]}}, {"type": "Feature", "properties": {"DAUID": "48112803", "accessible_jobs": 82858}, "geometry": {"type": "Polygon", "coordinates": [[[-113.51261379702382, 53.48564605952381], [-113.51341379702382, 53.48656981995451], [-113.51501379702381, 53.48656981995451], [-113.51581379702381, 53.48564605952381], [-113.51501379702381, 53.48472229909311], [-113.51341379702382, 53.48472229909311], [-113.51261379702382, 53.48564605952381]]]}}, {"type": "Feature", "properties": {"DAUID": "48112804", "accessible_jobs": 26409}, "geometry": {"type": "Polygon", "coordinates": [[[-113.50833986666667, 53.48753501666667], [-113.50913986666667, 53.48845877709737], [-113.51073986666667, 53.48845877709737], [-113.51153986666667, 53.48753501666667], [-113.51073986666667, 53.48661125623597], [-113.50913986666667, 53.48661125623597], [-113.50833986666667, 53.48753501666667]]]}}, {"type": "Feature", "properties": {"DAUID": "48112805", "accessible_jobs": 20515}, "geometry": {"type": "Polygon", "coordinates": [[[-113.50756505000001, 53.484145229999996], [-113.50836505000001, 53.4850689904307], [-113.50996505, 53.4850689904307], [-113.51076505, 53.484145229999996], [-113.50996505, 53.483221469569294], [-113.50836505000001, 53.483221469569294], [-113.50756505000001, 53.484145229999996]]]}}, {"type": "Feature", "properties": {"DAUID": "48112806", "accessible_jobs": 33308}, "geometry": {"type": "Polygon", "coordinates": [[[-113.5027143647059, 53.48071358235294], [-113.5035143647059, 53.48163734278364], [-113.50511436470589, 53.48163734278364], [-113.50591436470589, 53.48071358235294], [-113.50511436470589, 53.47978982192224], [-113.5035143647059, 53.47978982192224], [-113.5027143647059, 53.48071358235294]]]}}, {"type": "Feature", "properties": {"DAUID": "48112807", "accessible_jobs": 6348}, "geometry": {"type": "Polygon", "coordinates": [[[-113.41083640000001, 53.60445092], [-113.4116364, 53.6053746804307], [-113.4132364, 53.6053746804307], [-113.4140364, 53.60445092], [-113.4132364, 53.603527159569296], [-113.4116364, 53.603527159569296], [-113.41083640000001, 53.60445092]]]}}, {"type": "Feature", "properties": {"DAUID": "48112808", "accessible_jobs": 11975}, "geometry": {"type": "Polygon", "coordinates": [[[-113.40112873333334, 53.60223097333333], [-113.40192873333334, 53.60315473376403], [-113.40352873333333, 53.60315473376403], [-113.40432873333333, 53.60223097333333], [-113.40352873333333, 53.601307212902626], [-113.40192873333334, 53.601307212902626], [-113.40112873333334, 53.60223097333333]]]}}, {"type": "Feature", "properties": {"DAUID": "48112809", "accessible_jobs": 85451}, "geometry": {"type": "Polygon", "coordinates": [[[-113.4126208724138, 53.59763713034483], [-113.4134208724138, 53.59856089077553], [-113.41502087241379, 53.59856089077553], [-113.41582087241379, 53.59763713034483], [-113.41502087241379, 53.59671336991413], [-113.4134208724138, 53.59671336991413], [-113.4126208724138, 53.59763713034483]]]}}, {"type": "Feature", "properties": {"DAUID": "48112810", "accessible_jobs": 16559}, "geometry": {"type": "Polygon", "coordinates": [[[-113.40388734800001, 53.5996361024], [-113.40468734800001, 53.6005598628307], [-113.406287348, 53.6005598628307], [-113.407087348, 53.5996361024], [-113.406287348, 53.598712341969296], [-113.40468734800001, 53.598712341969296], [-113.40388734800001, 53.5996361024]]]}}, {"type": "Feature", "properties": {"DAUID": "48112837", "accessible_jobs": 2963}, "geometry": {"type": "Polygon", "coordinates": [[[-113.6207954, 53.502117025000004], [-113.6215954, 53.503040785430706], [-113.6231954, 53.503040785430706], [-113.6239954, 53.502117025000004], [-113.6231954, 53.5011932645693], [-113.6215954, 53.5011932645693], [-113.6207954, 53.502117025000004]]]}}, {"type": "Feature", "properties": {"DAUID": "48112839", "accessible_jobs": 2963}, "geometry": {"type": "Polygon", "coordinates": [[[-113.62711557236842, 53.5015633675], [-113.62791557236842, 53.5024871279307], [-113.62951557236842, 53.5024871279307], [-113.63031557236842, 53.5015633675], [-113.62951557236842, 53.500639607069296], [-113.62791557236842, 53.500639607069296], [-113.62711557236842, 53.5015633675]]]}}, {"type": "Feature", "properties": {"DAUID": "48112841", "accessible_jobs": 2963}, "geometry": {"type": "Polygon", "coordinates": [[[-113.62421426842106, 53.502681519736846], [-113.62501426842105, 53.50360528016755], [-113.62661426842105, 53.50360528016755], [-113.62741426842105, 53.502681519736846], [-113.62661426842105, 53.501757759306145], [-113.62501426842105, 53.501757759306145], [-113.62421426842106, 53.502681519736846]]]}}, {"type": "Feature", "properties": {"DAUID": "48112848", "accessible_jobs": 181339}, "geometry": {"type": "Polygon", "coordinates": [[[-113.50234398549999, 53.53955907785], [-113.50314398549999, 53.5404828382807], [-113.50474398549999, 53.5404828382807], [-113.50554398549998, 53.53955907785], [-113.50474398549999, 53.5386353174193], [-113.50314398549999, 53.5386353174193], [-113.50234398549999, 53.53955907785]]]}}, {"type": "Feature", "properties": {"DAUID": "48112849", "accessible_jobs": 185635}, "geometry": {"type": "Polygon", "coordinates": [[[-113.50680758936171, 53.53767477361702], [-113.50760758936171, 53.53859853404772], [-113.50920758936171, 53.53859853404772], [-113.5100075893617, 53.53767477361702], [-113.50920758936171, 53.53675101318632], [-113.50760758936171, 53.53675101318632], [-113.50680758936171, 53.53767477361702]]]}}]}