{"type": "FeatureCollection", "features": [{"type": "Feature", "geometry": {"type": "Point", "coordinates": [-113.381631, 53.568045]}, "properties": {"DAUID": "48110083.0", "total_jobs": 4, "job_category": "Public administration"}}, {"type": "Feature", "geometry": {"type": "Point", "coordinates": [-113.3927433, 53.57440515]}, "properties": {"DAUID": "48110084.0", "total_jobs": 64, "job_category": "Educational services"}}, {"type": "Feature", "geometry": {"type": "Point", "coordinates": [-113.39035744666667, 53.571504619]}, "properties": {"DAUID": "48110085.0", "total_jobs": 354, "job_category": "Health care and social assistance"}}, {"type": "Feature", "geometry": {"type": "Point", "coordinates": [-113.39538543571429, 53.570859462142856]}, "properties": {"DAUID": "48110086.0", "total_jobs": 257, "job_category": "Accommodation and food services"}}, {"type": "Feature", "geometry": {"type": "Point", "coordinates": [-113.411536275, 53.575303955]}, "properties": {"DAUID": "48110091.0", "total_jobs": 83, "job_category": "Educational services"}}, {"type": "Feature", "geometry": {"type": "Point", "coordinates": [-113.41004832580646, 53.57048577548387]}, "properties": {"DAUID": "48110092.0", "total_jobs": 191, "job_category": "Accommodation and food services"}}, {"type": "Feature", "geometry": {"type": "Point", "coordinates": [-113.414863325, 53.57081854875]}, "properties": {"DAUID": "48110093.0", "total_jobs": 121, "job_category": "Accommodation and food services"}}, {"type": "Feature", "geometry": {"type": "Point", "coordinates": [-113.42110550000001, 53.57058775]}, "properties": {"DAUID": "48110096.0", "total_jobs": 8, "job_category": "Educational services"}}, {"type": "Feature", "geometry": {"type": "Point", "coordinates": [-113.42427883636364, 53.573745018181825]}, "properties": {"DAUID": "48110097.0", "total_jobs": 279, "job_category": "Educational services"}}, {"type": "Feature", "geometry": {"type": "Point", "coordinates": [-113.4278948, 53.57046703]}, "properties": {"DAUID": "48110098.0", "total_jobs": 16, "job_category": "Real estate and rental and leasing"}}, {"type": "Feature", "geometry": {"type": "Point", "coordinates": [-113.431682375, 53.57034412125]}, "properties": {"DAUID": "48110099.0", "total_jobs": 43, "job_category": "Retail trade"}}, {"type": "Feature", "geometry": {"type": "Point", "coordinates": [-113.435806175, 53.56999089875]}, "properties": {"DAUID": "48110100.0", "total_jobs": 99, "job_category": "Educational services"}}, {"type": "Feature", "geometry": {"type": "Point", "coordinates": [-113.43756374499999, 53.564826614000005]}, "properties": {"DAUID": "48110101.0", "total_jobs": 768, "job_category": "Real estate and rental and leasing"}}, {"type": "Feature", "geometry": {"type": "Point", "coordinates": [-113.44214845666667, 53.57108321233333]}, "properties": {"DAUID": "48110102.0", "total_jobs": 176, "job_category": "Educational services"}}, {"type": "Feature", "geometry": {"type": "Point", "coordinates": [-113.44573442105263, 53.56966046105263]}, "properties": {"DAUID": "48110103.0", "total_jobs": 433, "job_category": "Accommodation and food services"}}, {"type": "Feature", "geometry": {"type": "Point", "coordinates": [-113.45206945882353, 53.571697209999996]}, "properties": {"DAUID": "48110104.0", "total_jobs": 202, "job_category": "Other services (except public administration)"}}, {"type": "Feature", "geometry": {"type": "Point", "coordinates": [-113.4455489439394, 53.577560217727275]}, "properties": {"DAUID": "48110105.0", "total_jobs": 1136, "job_category": "Other services (except public administration)"}}, {"type": "Feature", "geometry": {"type": "Point", "coordinates": [-113.45762998260871, 53.57604871695652]}, "properties": {"DAUID": "48110106.0", "total_jobs": 1027, "job_category": "Health care and social assistance"}}, {"type": "Feature", "geometry": {"type": "Point", "coordinates": [-113.45392196, 53.582531486]}, "properties": {"DAUID": "48110107.0", "total_jobs": 223, "job_category": "Retail trade"}}, {"type": "Feature", "geometry": {"type": "Point", "coordinates": [-113.46682592222221, 53.579194003333335]}, "properties": {"DAUID": "48110108.0", "total_jobs": 36, "job_category": "Real estate and rental and leasing"}}, {"type": "Feature", "geometry": {"type": "Point", "coordinates": [-113.465723875, 53.5750113675]}, "properties": {"DAUID": "48110109.0", "total_jobs": 88, "job_category": "Educational services"}}, {"type": "Feature", "geometry": {"type": "Point", "coordinates": [-113.46885148846152, 53.571181942307696]}, "properties": {"DAUID": "48110111.0", "total_jobs": 297, "job_category": "Other services (except public administration)"}}, {"type": "Feature", "geometry": {"type": "Point", "coordinates": [-113.47428635714286, 53.571057072857144]}, "properties": {"DAUID": "48110112.0", "total_jobs": 229, "job_category": "Accommodation and food services"}}, {"type": "Feature", "geometry": {"type": "Point", "coordinates": [-113.47822280434784, 53.570807699565215]}, "properties": {"DAUID": "48110113.0", "total_jobs": 349, "job_category": "Health care and social assistance"}}, {"type": "Feature", "geometry": {"type": "Point", "coordinates": [-113.48145400000001, 53.570602713999996]}, "properties": {"DAUID": "48110114.0", "total_jobs": 132, "job_category": "Professional, scientific and technical services"}}, {"type": "Feature", "geometry": {"type": "Point", "coordinates": [-113.48334429032259, 53.57021835580645]}, "properties": {"DAUID": "48110115.0", "total_jobs": 324, "job_category": "Retail trade"}}, {"type": "Feature", "geometry": {"type": "Point", "coordinates": [-113.47724985, 53.57016492083333]}, "properties": {"DAUID": "48110116.0", "total_jobs": 126, "job_category": "Accommodation and food services"}}, {"type": "Feature", "geometry": {"type": "Point", "coordinates": [-113.48195, 53.565309174999996]}, "properties": {"DAUID": "48110117.0", "total_jobs": 8, "job_category": "Real estate and rental and leasing"}}, {"type": "Feature", "geometry": {"type": "Point", "coordinates": [-113.4743719, 53.5659911]}, "properties": {"DAUID": "48110118.0", "total_jobs": 4, "job_category": "Real estate and rental and leasing"}}, {"type": "Feature", "geometry": {"type": "Point", "coordinates": [-113.47376325, 53.56165078833334]}, "properties": {"DAUID": "48110119.0", "total_jobs": 24, "job_category": "Real estate and rental and leasing"}}, {"type": "Feature", "geometry": {"type": "Point", "coordinates": [-113.46874200909092, 53.562824898181816]}, "properties": {"DAUID": "48110120.0", "total_jobs": 156, "job_category": "Retail trade"}}, {"type": "Feature", "geometry": {"type": "Point", "coordinates": [-113.46732726666666, 53.56591566]}, "properties": {"DAUID": "48110121.0", "total_jobs": 23, "job_category": "Health care and social assistance"}}, {"type": "Feature", "geometry": {"type": "Point", "coordinates": [-113.47317136206897, 53.570235397241376]}, "properties": {"DAUID": "48110122.0", "total_jobs": 501, "job_category": "Health care and social assistance"}}, {"type": "Feature", "geometry": {"type": "Point", "coordinates": [-113.46607683214286, 53.56924529964285]}, "properties": {"DAUID": "48110123.0", "total_jobs": 481, "job_category": "Accommodation and food services"}}, {"type": "Feature", "geometry": {"type": "Point", "coordinates": [-113.46361603548387, 53.571311797096776]}, "properties": {"DAUID": "48110124.0", "total_jobs": 504, "job_category": "Accommodation and food services"}}, {"type": "Feature", "geometry": {"type": "Point", "coordinates": [-113.45646432857143, 53.565214790000006]}, "properties": {"DAUID": "48110125.0", "total_jobs": 151, "job_category": "Public administration"}}, {"type": "Feature", "geometry": {"type": "Point", "coordinates": [-113.45673800000002, 53.559563080000004]}, "properties": {"DAUID": "48110126.0", "total_jobs": 34, "job_category": "Other services (except public administration)"}}, {"type": "Feature", "geometry": {"type": "Point", "coordinates": [-113.46745484857144, 53.55961592857143]}, "properties": {"DAUID": "48110127.0", "total_jobs": 899, "job_category": "Accommodation and food services"}}, {"type": "Feature", "geometry": {"type": "Point", "coordinates": [-113.47215545454546, 53.55563718454545]}, "properties": {"DAUID": "48110130.0", "total_jobs": 133, "job_category": "Accommodation and food services"}}, {"type": "Feature", "geometry": {"type": "Point", "coordinates": [-113.47369485333334, 53.55228029733333]}, "properties": {"DAUID": "48110131.0", "total_jobs": 1089, "job_category": "Management of companies and enterprises"}}, {"type": "Feature", "geometry": {"type": "Point", "coordinates": [-113.47611799166667, 53.553861063333336]}, "properties": {"DAUID": "48110132.0", "total_jobs": 160, "job_category": "Utilities"}}, {"type": "Feature", "geometry": {"type": "Point", "coordinates": [-113.47801579047618, 53.5499760604762]}, "properties": {"DAUID": "48110134.0", "total_jobs": 536, "job_category": "Public administration"}}, {"type": "Feature", "geometry": {"type": "Point", "coordinates": [-113.47773078888889, 53.54710465111111]}, "properties": {"DAUID": "48110135.0", "total_jobs": 103, "job_category": "Retail trade"}}, {"type": "Feature", "geometry": {"type": "Point", "coordinates": [-113.48144672222223, 53.54810139222222]}, "properties": {"DAUID": "48110136.0", "total_jobs": 1590, "job_category": "Public administration"}}, {"type": "Feature", "geometry": {"type": "Point", "coordinates": [-113.49290375869565, 53.54457104021739]}, "properties": {"DAUID": "48110142.0", "total_jobs": 14016, "job_category": "Professional, scientific and technical services"}}, {"type": "Feature", "geometry": {"type": "Point", "coordinates": [-113.4981974631579, 53.538148438947374]}, "properties": {"DAUID": "48110144.0", "total_jobs": 322, "job_category": "Professional, scientific and technical services"}}, {"type": "Feature", "geometry": {"type": "Point", "coordinates": [-113.50123201379311, 53.537969210344826]}, "properties": {"DAUID": "48110145.0", "total_jobs": 781, "job_category": "Health care and social assistance"}}, {"type": "Feature", "geometry": {"type": "Point", "coordinates": [-113.49836577272727, 53.53503379272727]}, "properties": {"DAUID": "48110146.0", "total_jobs": 55, "job_category": "Real estate and rental and leasing"}}, {"type": "Feature", "geometry": {"type": "Point", "coordinates": [-113.49742475, 53.530837145]}, "properties": {"DAUID": "48110149.0", "total_jobs": 304, "job_category": "Utilities"}}, {"type": "Feature", "geometry": {"type": "Point", "coordinates": [-113.50213093125001, 53.5349390328125]}, "properties": {"DAUID": "48110150.0", "total_jobs": 849, "job_category": "Public administration"}}, {"type": "Feature", "geometry": {"type": "Point", "coordinates": [-113.51035226470589, 53.54018790784314]}, "properties": {"DAUID": "48110153.0", "total_jobs": 1628, "job_category": "Public administration"}}, {"type": "Feature", "geometry": {"type": "Point", "coordinates": [-113.5105490075, 53.535043899499996]}, "properties": {"DAUID": "48110154.0", "total_jobs": 1883, "job_category": "Health care and social assistance"}}, {"type": "Feature", "geometry": {"type": "Point", "coordinates": [-113.51535364814815, 53.538168945925925]}, "properties": {"DAUID": "48110155.0", "total_jobs": 197, "job_category": "Other services (except public administration)"}}, {"type": "Feature", "geometry": {"type": "Point", "coordinates": [-113.51388969479166, 53.54071594010417]}, "properties": {"DAUID": "48110156.0", "total_jobs": 2826, "job_category": "Health care and social assistance"}}, {"type": "Feature", "geometry": {"type": "Point", "coordinates": [-113.52001165555555, 53.53937680777778]}, "properties": {"DAUID": "48110157.0", "total_jobs": 195, "job_category": "Retail trade"}}, {"type": "Feature", "geometry": {"type": "Point", "coordinates": [-113.52035557837839, 53.53825948864865]}, "properties": {"DAUID": "48110158.0", "total_jobs": 348, "job_category": "Health care and social assistance"}}, {"type": "Feature", "geometry": {"type": "Point", "coordinates": [-113.52758789047618, 53.540585625238094]}, "properties": {"DAUID": "48110159.0", "total_jobs": 206, "job_category": "Accommodation and food services"}}, {"type": "Feature", "geometry": {"type": "Point", "coordinates": [-113.52212802222222, 53.53993660555556]}, "properties": {"DAUID": "48110160.0", "total_jobs": 130, "job_category": "Real estate and rental and leasing"}}, {"type": "Feature", "geometry": {"type": "Point", "coordinates": [-113.52429555, 53.541179049523805]}, "properties": {"DAUID": "48110161.0", "total_jobs": 514, "job_category": "Accommodation and food services"}}, {"type": "Feature", "geometry": {"type": "Point", "coordinates": [-113.52222392222222, 53.54187635444444]}, "properties": {"DAUID": "48110163.0", "total_jobs": 114, "job_category": "Other services (except public administration)"}}, {"type": "Feature", "geometry": {"type": "Point", "coordinates": [-113.52033710714285, 53.54189221]}, "properties": {"DAUID": "48110164.0", "total_jobs": 190, "job_category": "Accommodation and food services"}}, {"type": "Feature", "geometry": {"type": "Point", "coordinates": [-113.51845233461539, 53.54187721307692]}, "properties": {"DAUID": "48110165.0", "total_jobs": 226, "job_category": "Accommodation and food services"}}, {"type": "Feature", "geometry": {"type": "Point", "coordinates": [-113.51558373125, 53.541864263125]}, "properties": {"DAUID": "48110166.0", "total_jobs": 723, "job_category": "Accommodation and food services"}}, {"type": "Feature", "geometry": {"type": "Point", "coordinates": [-113.51618009230768, 53.54367397615385]}, "properties": {"DAUID": "48110167.0", "total_jobs": 52, "job_category": "Real estate and rental and leasing"}}, {"type": "Feature", "geometry": {"type": "Point", "coordinates": [-113.52014169230769, 53.546098171794874]}, "properties": {"DAUID": "48110169.0", "total_jobs": 424, "job_category": "Finance and insurance"}}, {"type": "Feature", "geometry": {"type": "Point", "coordinates": [-113.52277857179487, 53.5457607148718]}, "properties": {"DAUID": "48110170.0", "total_jobs": 906, "job_category": "Accommodation and food services"}}, {"type": "Feature", "geometry": {"type": "Point", "coordinates": [-113.52675656315789, 53.544627594736845]}, "properties": {"DAUID": "48110171.0", "total_jobs": 143, "job_category": "Retail trade"}}, {"type": "Feature", "geometry": {"type": "Point", "coordinates": [-113.53024800000001, 53.54524075]}, "properties": {"DAUID": "48110172.0", "total_jobs": 182, "job_category": "Health care and social assistance"}}, {"type": "Feature", "geometry": {"type": "Point", "coordinates": [-113.5304524421875, 53.541647146875]}, "properties": {"DAUID": "48110173.0", "total_jobs": 500, "job_category": "Accommodation and food services"}}, {"type": "Feature", "geometry": {"type": "Point", "coordinates": [-113.52649129375, 53.54207192875]}, "properties": {"DAUID": "48110174.0", "total_jobs": 779, "job_category": "Health care and social assistance"}}, {"type": "Feature", "geometry": {"type": "Point", "coordinates": [-113.5353144442748, 53.54321921160305]}, "properties": {"DAUID": "48110176.0", "total_jobs": 1337, "job_category": "Health care and social assistance"}}, {"type": "Feature", "geometry": {"type": "Point", "coordinates": [-113.5339628515873, 53.546814925952376]}, "properties": {"DAUID": "48110177.0", "total_jobs": 1861, "job_category": "Other services (except public administration)"}}, {"type": "Feature", "geometry": {"type": "Point", "coordinates": [-113.53744193823529, 53.54454429264706]}, "properties": {"DAUID": "48110178.0", "total_jobs": 1556, "job_category": "Accommodation and food services"}}, {"type": "Feature", "geometry": {"type": "Point", "coordinates": [-113.53570395779818, 53.54973196577981]}, "properties": {"DAUID": "48110179.0", "total_jobs": 1808, "job_category": "Other services (except public administration)"}}, {"type": "Feature", "geometry": {"type": "Point", "coordinates": [-113.54411923333333, 53.55114037333334]}, "properties": {"DAUID": "48110180.0", "total_jobs": 68, "job_category": "Health care and social assistance"}}, {"type": "Feature", "geometry": {"type": "Point", "coordinates": [-113.54108432000001, 53.551420196]}, "properties": {"DAUID": "48110181.0", "total_jobs": 20, "job_category": "Real estate and rental and leasing"}}, {"type": "Feature", "geometry": {"type": "Point", "coordinates": [-113.54749, 53.550797]}, "properties": {"DAUID": "48110182.0", "total_jobs": 15, "job_category": "Health care and social assistance"}}, {"type": "Feature", "geometry": {"type": "Point", "coordinates": [-113.54154882631579, 53.55622257947368]}, "properties": {"DAUID": "48110183.0", "total_jobs": 1374, "job_category": "Health care and social assistance"}}, {"type": "Feature", "geometry": {"type": "Point", "coordinates": [-113.54997101111111, 53.55878972666667]}, "properties": {"DAUID": "48110184.0", "total_jobs": 114, "job_category": "Construction"}}, {"type": "Feature", "geometry": {"type": "Point", "coordinates": [-113.54178432500001, 53.55892355375]}, "properties": {"DAUID": "48110185.0", "total_jobs": 64, "job_category": "Real estate and rental and leasing"}}, {"type": "Feature", "geometry": {"type": "Point", "coordinates": [-113.53617691666666, 53.560700115]}, "properties": {"DAUID": "48110186.0", "total_jobs": 83, "job_category": "Real estate and rental and leasing"}}, {"type": "Feature", "geometry": {"type": "Point", "coordinates": [-113.535707928, 53.5575226614]}, "properties": {"DAUID": "48110187.0", "total_jobs": 730, "job_category": "Public administration"}}, {"type": "Feature", "geometry": {"type": "Point", "coordinates": [-113.53013487441861, 53.557434576976746]}, "properties": {"DAUID": "48110188.0", "total_jobs": 1247, "job_category": "Retail trade"}}, {"type": "Feature", "geometry": {"type": "Point", "coordinates": [-113.53591593536584, 53.552776873780495]}, "properties": {"DAUID": "48110189.0", "total_jobs": 1282, "job_category": "Health care and social assistance"}}, {"type": "Feature", "geometry": {"type": "Point", "coordinates": [-113.52757708153845, 53.555941245999996]}, "properties": {"DAUID": "48110190.0", "total_jobs": 2243, "job_category": "Public administration"}}, {"type": "Feature", "geometry": {"type": "Point", "coordinates": [-113.52100281666667, 53.553767988333334]}, "properties": {"DAUID": "48110191.0", "total_jobs": 24, "job_category": "Real estate and rental and leasing"}}, {"type": "Feature", "geometry": {"type": "Point", "coordinates": [-113.5171675, 53.554898137500004]}, "properties": {"DAUID": "48110192.0", "total_jobs": 27, "job_category": "Other services (except public administration)"}}, {"type": "Feature", "geometry": {"type": "Point", "coordinates": [-113.51458952692307, 53.554232941923075]}, "properties": {"DAUID": "48110193.0", "total_jobs": 171, "job_category": "Real estate and rental and leasing"}}, {"type": "Feature", "geometry": {"type": "Point", "coordinates": [-113.51116954285715, 53.557061375714284]}, "properties": {"DAUID": "48110194.0", "total_jobs": 168, "job_category": "Other services (except public administration)"}}, {"type": "Feature", "geometry": {"type": "Point", "coordinates": [-113.51029082328768, 53.55090491506849]}, "properties": {"DAUID": "48110195.0", "total_jobs": 1024, "job_category": "Professional, scientific and technical services"}}, {"type": "Feature", "geometry": {"type": "Point", "coordinates": [-113.51411001086956, 53.55136213065217]}, "properties": {"DAUID": "48110196.0", "total_jobs": 508, "job_category": "Retail trade"}}, {"type": "Feature", "geometry": {"type": "Point", "coordinates": [-113.51758679846154, 53.549790124]}, "properties": {"DAUID": "48110198.0", "total_jobs": 839, "job_category": "Other services (except public administration)"}}, {"type": "Feature", "geometry": {"type": "Point", "coordinates": [-113.52053376911765, 53.55074978720589]}, "properties": {"DAUID": "48110199.0", "total_jobs": 1048, "job_category": "Retail trade"}}, {"type": "Feature", "geometry": {"type": "Point", "coordinates": [-113.5251804, 53.54813161515151]}, "properties": {"DAUID": "48110200.0", "total_jobs": 796, "job_category": "Administrative and support, waste management and remediation services"}}, {"type": "Feature", "geometry": {"type": "Point", "coordinates": [-113.52957849456521, 53.547582492173916]}, "properties": {"DAUID": "48110201.0", "total_jobs": 1658, "job_category": "Accommodation and food services"}}, {"type": "Feature", "geometry": {"type": "Point", "coordinates": [-113.50690304957264, 53.5507156074359]}, "properties": {"DAUID": "48110202.0", "total_jobs": 1149, "job_category": "Health care and social assistance"}}, {"type": "Feature", "geometry": {"type": "Point", "coordinates": [-113.50380853513512, 53.54875285189189]}, "properties": {"DAUID": "48110203.0", "total_jobs": 2073, "job_category": "Educational services"}}, {"type": "Feature", "geometry": {"type": "Point", "coordinates": [-113.49511763857143, 53.55183859671429]}, "properties": {"DAUID": "48110206.0", "total_jobs": 614, "job_category": "Accommodation and food services"}}, {"type": "Feature", "geometry": {"type": "Point", "coordinates": [-113.4903267804878, 53.553186682439026]}, "properties": {"DAUID": "48110207.0", "total_jobs": 2055, "job_category": "Health care and social assistance"}}, {"type": "Feature", "geometry": {"type": "Point", "coordinates": [-113.49870967777778, 53.55687251222222]}, "properties": {"DAUID": "48110208.0", "total_jobs": 387, "job_category": "Accommodation and food services"}}, {"type": "Feature", "geometry": {"type": "Point", "coordinates": [-113.49243387882353, 53.557338889647056]}, "properties": {"DAUID": "48110209.0", "total_jobs": 909, "job_category": "Health care and social assistance"}}, {"type": "Feature", "geometry": {"type": "Point", "coordinates": [-113.48711359230768, 53.55771494653846]}, "properties": {"DAUID": "48110210.0", "total_jobs": 249, "job_category": "Health care and social assistance"}}, {"type": "Feature", "geometry": {"type": "Point", "coordinates": [-113.48346217142857, 53.557403640000004]}, "properties": {"DAUID": "48110211.0", "total_jobs": 615, "job_category": "Retail trade"}}, {"type": "Feature", "geometry": {"type": "Point", "coordinates": [-113.48380181249999, 53.55454686725]}, "properties": {"DAUID": "48110212.0", "total_jobs": 780, "job_category": "Health care and social assistance"}}, {"type": "Feature", "geometry": {"type": "Point", "coordinates": [-113.48345751578948, 53.551798420000004]}, "properties": {"DAUID": "48110213.0", "total_jobs": 1625, "job_category": "Public administration"}}, {"type": "Feature", "geometry": {"type": "Point", "coordinates": [-113.47632095, 53.55768912]}, "properties": {"DAUID": "48110215.0", "total_jobs": 563, "job_category": "Arts, entertainment and recreation"}}, {"type": "Feature", "geometry": {"type": "Point", "coordinates": [-113.48269994615384, 53.56045637769231]}, "properties": {"DAUID": "48110216.0", "total_jobs": 238, "job_category": "Accommodation and food services"}}, {"type": "Feature", "geometry": {"type": "Point", "coordinates": [-113.48677324117646, 53.56385176117647]}, "properties": {"DAUID": "48110217.0", "total_jobs": 101, "job_category": "Retail trade"}}, {"type": "Feature", "geometry": {"type": "Point", "coordinates": [-113.48892313076924, 53.56024438923077]}, "properties": {"DAUID": "48110218.0", "total_jobs": 394, "job_category": "Educational services"}}, {"type": "Feature", "geometry": {"type": "Point", "coordinates": [-113.4876237, 53.5655682]}, "properties": {"DAUID": "48110219.0", "total_jobs": 4, "job_category": "Real estate and rental and leasing"}}, {"type": "Feature", "geometry": {"type": "Point", "coordinates": [-113.4932576375, 53.564374735]}, "properties": {"DAUID": "48110220.0", "total_jobs": 99, "job_category": "Educational services"}}, {"type": "Feature", "geometry": {"type": "Point", "coordinates": [-113.49854743703703, 53.569617378888886]}, "properties": {"DAUID": "48110221.0", "total_jobs": 639, "job_category": "Public administration"}}, {"type": "Feature", "geometry": {"type": "Point", "coordinates": [-113.503691895, 53.56497047875]}, "properties": {"DAUID": "48110222.0", "total_jobs": 1714, "job_category": "Educational services"}}, {"type": "Feature", "geometry": {"type": "Point", "coordinates": [-113.4960518, 53.55948525241379]}, "properties": {"DAUID": "48110223.0", "total_jobs": 1882, "job_category": "Health care and social assistance"}}, {"type": "Feature", "geometry": {"type": "Point", "coordinates": [-113.50519560969387, 53.56131684984694]}, "properties": {"DAUID": "48110225.0", "total_jobs": 4508, "job_category": "Retail trade"}}, {"type": "Feature", "geometry": {"type": "Point", "coordinates": [-113.50430154166666, 53.55484975833334]}, "properties": {"DAUID": "48110226.0", "total_jobs": 115, "job_category": "Educational services"}}, {"type": "Feature", "geometry": {"type": "Point", "coordinates": [-113.50096031617647, 53.55161117764706]}, "properties": {"DAUID": "48110227.0", "total_jobs": 724, "job_category": "Public administration"}}, {"type": "Feature", "geometry": {"type": "Point", "coordinates": [-113.52525806069363, 53.56505597942197]}, "properties": {"DAUID": "48110228.0", "total_jobs": 4874, "job_category": "Public administration"}}, {"type": "Feature", "geometry": {"type": "Point", "coordinates": [-113.52999645625, 53.566085785]}, "properties": {"DAUID": "48110229.0", "total_jobs": 695, "job_category": "Public administration"}}, {"type": "Feature", "geometry": {"type": "Point", "coordinates": [-113.53594413333333, 53.56393046166667]}, "properties": {"DAUID": "48110230.0", "total_jobs": 83, "job_category": "Real estate and rental and leasing"}}, {"type": "Feature", "geometry": {"type": "Point", "coordinates": [-113.53597070000001, 53.56675049346154]}, "properties": {"DAUID": "48110231.0", "total_jobs": 160, "job_category": "Real estate and rental and leasing"}}, {"type": "Feature", "geometry": {"type": "Point", "coordinates": [-113.54138273333335, 53.56595063333333]}, "properties": {"DAUID": "48110232.0", "total_jobs": 68, "job_category": "Educational services"}}, {"type": "Feature", "geometry": {"type": "Point", "coordinates": [-113.53709725625, 53.57025963833333]}, "properties": {"DAUID": "48110233.0", "total_jobs": 336, "job_category": "Health care and social assistance"}}, {"type": "Feature", "geometry": {"type": "Point", "coordinates": [-113.54561557, 53.570150506000004]}, "properties": {"DAUID": "48110234.0", "total_jobs": 107, "job_category": "Accommodation and food services"}}, {"type": "Feature", "geometry": {"type": "Point", "coordinates": [-113.54026225833333, 53.57096582083333]}, "properties": {"DAUID": "48110235.0", "total_jobs": 115, "job_category": "Construction"}}, {"type": "Feature", "geometry": {"type": "Point", "coordinates": [-113.54893484675324, 53.57021211246753]}, "properties": {"DAUID": "48110236.0", "total_jobs": 1045, "job_category": "Other services (except public administration)"}}, {"type": "Feature", "geometry": {"type": "Point", "coordinates": [-113.5411313625, 53.5767857975]}, "properties": {"DAUID": "48110237.0", "total_jobs": 155, "job_category": "Educational services"}}, {"type": "Feature", "geometry": {"type": "Point", "coordinates": [-113.5481347, 53.576480675]}, "properties": {"DAUID": "48110238.0", "total_jobs": 8, "job_category": "Real estate and rental and leasing"}}, {"type": "Feature", "geometry": {"type": "Point", "coordinates": [-113.547852025, 53.58219004]}, "properties": {"DAUID": "48110239.0", "total_jobs": 630, "job_category": "Public administration"}}, {"type": "Feature", "geometry": {"type": "Point", "coordinates": [-113.53618940999999, 53.580722613]}, "properties": {"DAUID": "48110240.0", "total_jobs": 980, "job_category": "Public administration"}}, {"type": "Feature", "geometry": {"type": "Point", "coordinates": [-113.53245951333334, 53.572161002]}, "properties": {"DAUID": "48110241.0", "total_jobs": 1013, "job_category": "Accommodation and food services"}}, {"type": "Feature", "geometry": {"type": "Point", "coordinates": [-113.53813045641026, 53.583535604102565]}, "properties": {"DAUID": "48110242.0", "total_jobs": 681, "job_category": "Manufacturing"}}, {"type": "Feature", "geometry": {"type": "Point", "coordinates": [-113.53922675675676, 53.59262944027027]}, "properties": {"DAUID": "48110244.0", "total_jobs": 326, "job_category": "Retail trade"}}, {"type": "Feature", "geometry": {"type": "Point", "coordinates": [-113.5299227, 53.595040194999996]}, "properties": {"DAUID": "48110246.0", "total_jobs": 19, "job_category": "Health care and social assistance"}}, {"type": "Feature", "geometry": {"type": "Point", "coordinates": [-113.5176012625, 53.592585395]}, "properties": {"DAUID": "48110247.0", "total_jobs": 43, "job_category": "Retail trade"}}, {"type": "Feature", "geometry": {"type": "Point", "coordinates": [-113.52524153333333, 53.589241449999996]}, "properties": {"DAUID": "48110248.0", "total_jobs": 124, "job_category": "Educational services"}}, {"type": "Feature", "geometry": {"type": "Point", "coordinates": [-113.52513139999999, 53.5851584825]}, "properties": {"DAUID": "48110249.0", "total_jobs": 16, "job_category": "Other services (except public administration)"}}, {"type": "Feature", "geometry": {"type": "Point", "coordinates": [-113.52768860434783, 53.58644586086957]}, "properties": {"DAUID": "48110250.0", "total_jobs": 181, "job_category": "Other services (except public administration)"}}, {"type": "Feature", "geometry": {"type": "Point", "coordinates": [-113.51597153333334, 53.591102613333334]}, "properties": {"DAUID": "48110251.0", "total_jobs": 23, "job_category": "Health care and social assistance"}}, {"type": "Feature", "geometry": {"type": "Point", "coordinates": [-113.50916833333333, 53.58835133333333]}, "properties": {"DAUID": "48110252.0", "total_jobs": 91, "job_category": "Arts, entertainment and recreation"}}, {"type": "Feature", "geometry": {"type": "Point", "coordinates": [-113.50777595, 53.58976705]}, "properties": {"DAUID": "48110253.0", "total_jobs": 19, "job_category": "Public administration"}}, {"type": "Feature", "geometry": {"type": "Point", "coordinates": [-113.5033529, 53.5879953]}, "properties": {"DAUID": "48110254.0", "total_jobs": 4, "job_category": "Real estate and rental and leasing"}}, {"type": "Feature", "geometry": {"type": "Point", "coordinates": [-113.4995287, 53.59029961]}, "properties": {"DAUID": "48110255.0", "total_jobs": 4, "job_category": "Real estate and rental and leasing"}}, {"type": "Feature", "geometry": {"type": "Point", "coordinates": [-113.49274915, 53.58994803033333]}, "properties": {"DAUID": "48110256.0", "total_jobs": 399, "job_category": "Accommodation and food services"}}, {"type": "Feature", "geometry": {"type": "Point", "coordinates": [-113.49462883999999, 53.59405809]}, "properties": {"DAUID": "48110257.0", "total_jobs": 383, "job_category": "Retail trade"}}, {"type": "Feature", "geometry": {"type": "Point", "coordinates": [-113.50587485714286, 53.59522867285715]}, "properties": {"DAUID": "48110258.0", "total_jobs": 61, "job_category": "Accommodation and food services"}}, {"type": "Feature", "geometry": {"type": "Point", "coordinates": [-113.4937975882353, 53.59851054794118]}, "properties": {"DAUID": "48110259.0", "total_jobs": 968, "job_category": "Accommodation and food services"}}, {"type": "Feature", "geometry": {"type": "Point", "coordinates": [-113.5045702, 53.5964174]}, "properties": {"DAUID": "48110260.0", "total_jobs": 60, "job_category": "Educational services"}}, {"type": "Feature", "geometry": {"type": "Point", "coordinates": [-113.51308328, 53.600135425999994]}, "properties": {"DAUID": "48110261.0", "total_jobs": 109, "job_category": "Accommodation and food services"}}, {"type": "Feature", "geometry": {"type": "Point", "coordinates": [-113.5125982625, 53.592601189999996]}, "properties": {"DAUID": "48110262.0", "total_jobs": 99, "job_category": "Educational services"}}, {"type": "Feature", "geometry": {"type": "Point", "coordinates": [-113.51721587692307, 53.599010466923076]}, "properties": {"DAUID": "48110263.0", "total_jobs": 119, "job_category": "Accommodation and food services"}}, {"type": "Feature", "geometry": {"type": "Point", "coordinates": [-113.52730385000001, 53.59459866500001]}, "properties": {"DAUID": "48110264.0", "total_jobs": 8, "job_category": "Administrative and support, waste management and remediation services"}}, {"type": "Feature", "geometry": {"type": "Point", "coordinates": [-113.5276117, 53.59532054]}, "properties": {"DAUID": "48110265.0", "total_jobs": 60, "job_category": "Educational services"}}, {"type": "Feature", "geometry": {"type": "Point", "coordinates": [-113.53336477317072, 53.60063719097562]}, "properties": {"DAUID": "48110266.0", "total_jobs": 906, "job_category": "Retail trade"}}, {"type": "Feature", "geometry": {"type": "Point", "coordinates": [-113.52649553636364, 53.60737810909091]}, "properties": {"DAUID": "48110268.0", "total_jobs": 133, "job_category": "Educational services"}}, {"type": "Feature", "geometry": {"type": "Point", "coordinates": [-113.52941785, 53.60395653]}, "properties": {"DAUID": "48110269.0", "total_jobs": 8, "job_category": "Real estate and rental and leasing"}}, {"type": "Feature", "geometry": {"type": "Point", "coordinates": [-113.53768102, 53.60243156]}, "properties": {"DAUID": "48110270.0", "total_jobs": 316, "job_category": "Retail trade"}}, {"type": "Feature", "geometry": {"type": "Point", "coordinates": [-113.54167603333333, 53.60350418433334]}, "properties": {"DAUID": "48110271.0", "total_jobs": 600, "job_category": "Accommodation and food services"}}, {"type": "Feature", "geometry": {"type": "Point", "coordinates": [-113.53161445, 53.607682440000005]}, "properties": {"DAUID": "48110273.0", "total_jobs": 64, "job_category": "Public administration"}}, {"type": "Feature", "geometry": {"type": "Point", "coordinates": [-113.52850686363637, 53.61138150409091]}, "properties": {"DAUID": "48110274.0", "total_jobs": 322, "job_category": "Educational services"}}, {"type": "Feature", "geometry": {"type": "Point", "coordinates": [-113.52077646666667, 53.61565733166666]}, "properties": {"DAUID": "48110277.0", "total_jobs": 683, "job_category": "Arts, entertainment and recreation"}}, {"type": "Feature", "geometry": {"type": "Point", "coordinates": [-113.53164531428571, 53.62286059142857]}, "properties": {"DAUID": "48110280.0", "total_jobs": 28, "job_category": "Real estate and rental and leasing"}}, {"type": "Feature", "geometry": {"type": "Point", "coordinates": [-113.5240295, 53.62565742]}, "properties": {"DAUID": "48110281.0", "total_jobs": 4, "job_category": "Real estate and rental and leasing"}}, {"type": "Feature", "geometry": {"type": "Point", "coordinates": [-113.5352053, 53.62532975]}, "properties": {"DAUID": "48110284.0", "total_jobs": 4, "job_category": "Real estate and rental and leasing"}}, {"type": "Feature", "geometry": {"type": "Point", "coordinates": [-113.52294835000001, 53.625340765000004]}, "properties": {"DAUID": "48110286.0", "total_jobs": 8, "job_category": "Real estate and rental and leasing"}}, {"type": "Feature", "geometry": {"type": "Point", "coordinates": [-113.5090555, 53.6237058]}, "properties": {"DAUID": "48110288.0", "total_jobs": 4, "job_category": "Real estate and rental and leasing"}}, {"type": "Feature", "geometry": {"type": "Point", "coordinates": [-113.50532393333333, 53.62290759333333]}, "properties": {"DAUID": "48110291.0", "total_jobs": 68, "job_category": "Educational services"}}, {"type": "Feature", "geometry": {"type": "Point", "coordinates": [-113.50202744285714, 53.61894061142857]}, "properties": {"DAUID": "48110292.0", "total_jobs": 39, "job_category": "Health care and social assistance"}}, {"type": "Feature", "geometry": {"type": "Point", "coordinates": [-113.4982999, 53.61879064]}, "properties": {"DAUID": "48110293.0", "total_jobs": 4, "job_category": "Real estate and rental and leasing"}}, {"type": "Feature", "geometry": {"type": "Point", "coordinates": [-113.49298734117647, 53.61474645]}, "properties": {"DAUID": "48110294.0", "total_jobs": 392, "job_category": "Retail trade"}}, {"type": "Feature", "geometry": {"type": "Point", "coordinates": [-113.49034455, 53.614551253]}, "properties": {"DAUID": "48110300.0", "total_jobs": 73, "job_category": "Health care and social assistance"}}, {"type": "Feature", "geometry": {"type": "Point", "coordinates": [-113.48951858333334, 53.6147788]}, "properties": {"DAUID": "48110302.0", "total_jobs": 35, "job_category": "Health care and social assistance"}}, {"type": "Feature", "geometry": {"type": "Point", "coordinates": [-113.4839856, 53.6098825]}, "properties": {"DAUID": "48110303.0", "total_jobs": 64, "job_category": "Educational services"}}, {"type": "Feature", "geometry": {"type": "Point", "coordinates": [-113.4805579, 53.61452264]}, "properties": {"DAUID": "48110304.0", "total_jobs": 4, "job_category": "Other services (except public administration)"}}, {"type": "Feature", "geometry": {"type": "Point", "coordinates": [-113.4743424, 53.60712825]}, "properties": {"DAUID": "48110306.0", "total_jobs": 64, "job_category": "Educational services"}}, {"type": "Feature", "geometry": {"type": "Point", "coordinates": [-113.4714768, 53.61121652]}, "properties": {"DAUID": "48110307.0", "total_jobs": 4, "job_category": "Real estate and rental and leasing"}}, {"type": "Feature", "geometry": {"type": "Point", "coordinates": [-113.46622145, 53.620537905]}, "properties": {"DAUID": "48110311.0", "total_jobs": 64, "job_category": "Health care and social assistance"}}, {"type": "Feature", "geometry": {"type": "Point", "coordinates": [-113.448, 53.62012]}, "properties": {"DAUID": "48110314.0", "total_jobs": 15, "job_category": "Health care and social assistance"}}, {"type": "Feature", "geometry": {"type": "Point", "coordinates": [-113.4465832, 53.6106864]}, "properties": {"DAUID": "48110318.0", "total_jobs": 15, "job_category": "Health care and social assistance"}}, {"type": "Feature", "geometry": {"type": "Point", "coordinates": [-113.44919732000001, 53.608065515999996]}, "properties": {"DAUID": "48110319.0", "total_jobs": 76, "job_category": "Arts, entertainment and recreation"}}, {"type": "Feature", "geometry": {"type": "Point", "coordinates": [-113.4543082, 53.61657863]}, "properties": {"DAUID": "48110320.0", "total_jobs": 4, "job_category": "Retail trade"}}, {"type": "Feature", "geometry": {"type": "Point", "coordinates": [-113.4574381, 53.6072216275]}, "properties": {"DAUID": "48110322.0", "total_jobs": 150, "job_category": "Educational services"}}, {"type": "Feature", "geometry": {"type": "Point", "coordinates": [-113.4602554, 53.60915842]}, "properties": {"DAUID": "48110323.0", "total_jobs": 4, "job_category": "Real estate and rental and leasing"}}, {"type": "Feature", "geometry": {"type": "Point", "coordinates": [-113.4607318, 53.6113461]}, "properties": {"DAUID": "48110324.0", "total_jobs": 60, "job_category": "Educational services"}}, {"type": "Feature", "geometry": {"type": "Point", "coordinates": [-113.46817879999999, 53.60729742]}, "properties": {"DAUID": "48110325.0", "total_jobs": 23, "job_category": "Retail trade"}}, {"type": "Feature", "geometry": {"type": "Point", "coordinates": [-113.45887056, 53.60726806066667]}, "properties": {"DAUID": "48110326.0", "total_jobs": 261, "job_category": "Retail trade"}}, {"type": "Feature", "geometry": {"type": "Point", "coordinates": [-113.45857146666667, 53.60245937333334]}, "properties": {"DAUID": "48110327.0", "total_jobs": 34, "job_category": "Accommodation and food services"}}, {"type": "Feature", "geometry": {"type": "Point", "coordinates": [-113.4560685, 53.60031376]}, "properties": {"DAUID": "48110328.0", "total_jobs": 4, "job_category": "Agriculture, forestry, fishing and hunting"}}, {"type": "Feature", "geometry": {"type": "Point", "coordinates": [-113.4666444, 53.592737310000004]}, "properties": {"DAUID": "48110331.0", "total_jobs": 8, "job_category": "Retail trade"}}, {"type": "Feature", "geometry": {"type": "Point", "coordinates": [-113.4677123516129, 53.59115974258064]}, "properties": {"DAUID": "48110332.0", "total_jobs": 235, "job_category": "Accommodation and food services"}}, {"type": "Feature", "geometry": {"type": "Point", "coordinates": [-113.46104863333333, 53.590659536666664]}, "properties": {"DAUID": "48110333.0", "total_jobs": 68, "job_category": "Educational services"}}, {"type": "Feature", "geometry": {"type": "Point", "coordinates": [-113.46566577333333, 53.584252812]}, "properties": {"DAUID": "48110334.0", "total_jobs": 149, "job_category": "Manufacturing"}}, {"type": "Feature", "geometry": {"type": "Point", "coordinates": [-113.46141446, 53.583915432000005]}, "properties": {"DAUID": "48110335.0", "total_jobs": 541, "job_category": "Construction"}}, {"type": "Feature", "geometry": {"type": "Point", "coordinates": [-113.46772161111112, 53.58653474138889]}, "properties": {"DAUID": "48110336.0", "total_jobs": 708, "job_category": "Transportation and warehousing"}}, {"type": "Feature", "geometry": {"type": "Point", "coordinates": [-113.47937277000001, 53.583110128]}, "properties": {"DAUID": "48110338.0", "total_jobs": 230, "job_category": "Retail trade"}}, {"type": "Feature", "geometry": {"type": "Point", "coordinates": [-113.47634706666668, 53.59167213333333]}, "properties": {"DAUID": "48110339.0", "total_jobs": 79, "job_category": "Educational services"}}, {"type": "Feature", "geometry": {"type": "Point", "coordinates": [-113.47847245333334, 53.592995642666665]}, "properties": {"DAUID": "48110340.0", "total_jobs": 295, "job_category": "Educational services"}}, {"type": "Feature", "geometry": {"type": "Point", "coordinates": [-113.48151598, 53.592932754]}, "properties": {"DAUID": "48110341.0", "total_jobs": 306, "job_category": "Retail trade"}}, {"type": "Feature", "geometry": {"type": "Point", "coordinates": [-113.4805305, 53.5969302]}, "properties": {"DAUID": "48110342.0", "total_jobs": 4, "job_category": "Public administration"}}, {"type": "Feature", "geometry": {"type": "Point", "coordinates": [-113.48939575897435, 53.59756911820512]}, "properties": {"DAUID": "48110343.0", "total_jobs": 1876, "job_category": "Retail trade"}}, {"type": "Feature", "geometry": {"type": "Point", "coordinates": [-113.48822786756756, 53.60052468405405]}, "properties": {"DAUID": "48110344.0", "total_jobs": 946, "job_category": "Retail trade"}}, {"type": "Feature", "geometry": {"type": "Point", "coordinates": [-113.48564918, 53.600646815000005]}, "properties": {"DAUID": "48110345.0", "total_jobs": 95, "job_category": "Accommodation and food services"}}, {"type": "Feature", "geometry": {"type": "Point", "coordinates": [-113.48337558, 53.606663254]}, "properties": {"DAUID": "48110347.0", "total_jobs": 532, "job_category": "Health care and social assistance"}}, {"type": "Feature", "geometry": {"type": "Point", "coordinates": [-113.47882505, 53.6064953075]}, "properties": {"DAUID": "48110348.0", "total_jobs": 72, "job_category": "Educational services"}}, {"type": "Feature", "geometry": {"type": "Point", "coordinates": [-113.47589844999999, 53.606442825]}, "properties": {"DAUID": "48110349.0", "total_jobs": 64, "job_category": "Educational services"}}, {"type": "Feature", "geometry": {"type": "Point", "coordinates": [-113.4687778, 53.60717954]}, "properties": {"DAUID": "48110350.0", "total_jobs": 50, "job_category": "Accommodation and food services"}}, {"type": "Feature", "geometry": {"type": "Point", "coordinates": [-113.4778138, 53.6034166]}, "properties": {"DAUID": "48110352.0", "total_jobs": 60, "job_category": "Educational services"}}, {"type": "Feature", "geometry": {"type": "Point", "coordinates": [-113.46804994285715, 53.59895262285714]}, "properties": {"DAUID": "48110353.0", "total_jobs": 28, "job_category": "Retail trade"}}, {"type": "Feature", "geometry": {"type": "Point", "coordinates": [-113.488867075, 53.591007995]}, "properties": {"DAUID": "48110354.0", "total_jobs": 72, "job_category": "Educational services"}}, {"type": "Feature", "geometry": {"type": "Point", "coordinates": [-113.4823994, 53.58651323]}, "properties": {"DAUID": "48110355.0", "total_jobs": 8, "job_category": "Real estate and rental and leasing"}}, {"type": "Feature", "geometry": {"type": "Point", "coordinates": [-113.49124331086956, 53.58749840565217]}, "properties": {"DAUID": "48110356.0", "total_jobs": 698, "job_category": "Retail trade"}}, {"type": "Feature", "geometry": {"type": "Point", "coordinates": [-113.4935973275, 53.5862005155]}, "properties": {"DAUID": "48110357.0", "total_jobs": 405, "job_category": "Health care and social assistance"}}, {"type": "Feature", "geometry": {"type": "Point", "coordinates": [-113.48549038636362, 53.58212505454546]}, "properties": {"DAUID": "48110358.0", "total_jobs": 244, "job_category": "Manufacturing"}}, {"type": "Feature", "geometry": {"type": "Point", "coordinates": [-113.49146400000001, 53.578948538750005]}, "properties": {"DAUID": "48110359.0", "total_jobs": 174, "job_category": "Accommodation and food services"}}, {"type": "Feature", "geometry": {"type": "Point", "coordinates": [-113.48010373333334, 53.57550637]}, "properties": {"DAUID": "48110361.0", "total_jobs": 34, "job_category": "Accommodation and food services"}}, {"type": "Feature", "geometry": {"type": "Point", "coordinates": [-113.4768943, 53.57620187]}, "properties": {"DAUID": "48110362.0", "total_jobs": 87, "job_category": "Educational services"}}, {"type": "Feature", "geometry": {"type": "Point", "coordinates": [-113.47330539411765, 53.58236170705882]}, "properties": {"DAUID": "48110363.0", "total_jobs": 527, "job_category": "Other services (except public administration)"}}, {"type": "Feature", "geometry": {"type": "Point", "coordinates": [-113.46839846428573, 53.578888727142854]}, "properties": {"DAUID": "48110364.0", "total_jobs": 179, "job_category": "Retail trade"}}, {"type": "Feature", "geometry": {"type": "Point", "coordinates": [-113.49104778571429, 53.571284018571426]}, "properties": {"DAUID": "48110365.0", "total_jobs": 50, "job_category": "Retail trade"}}, {"type": "Feature", "geometry": {"type": "Point", "coordinates": [-113.487705554, 53.569902080599995]}, "properties": {"DAUID": "48110366.0", "total_jobs": 591, "job_category": "Accommodation and food services"}}, {"type": "Feature", "geometry": {"type": "Point", "coordinates": [-113.49398712702701, 53.57156015162162]}, "properties": {"DAUID": "48110367.0", "total_jobs": 159, "job_category": "Real estate and rental and leasing"}}, {"type": "Feature", "geometry": {"type": "Point", "coordinates": [-113.498101675, 53.5719119375]}, "properties": {"DAUID": "48110368.0", "total_jobs": 270, "job_category": "Real estate and rental and leasing"}}, {"type": "Feature", "geometry": {"type": "Point", "coordinates": [-113.50239333783783, 53.573471442162166]}, "properties": {"DAUID": "48110369.0", "total_jobs": 2563, "job_category": "Public administration"}}, {"type": "Feature", "geometry": {"type": "Point", "coordinates": [-113.496329, 53.57538277]}, "properties": {"DAUID": "48110370.0", "total_jobs": 4, "job_category": "Other services (except public administration)"}}, {"type": "Feature", "geometry": {"type": "Point", "coordinates": [-113.4528804, 53.586625]}, "properties": {"DAUID": "48110372.0", "total_jobs": 19, "job_category": "Public administration"}}, {"type": "Feature", "geometry": {"type": "Point", "coordinates": [-113.45152470000001, 53.59193799]}, "properties": {"DAUID": "48110373.0", "total_jobs": 23, "job_category": "Health care and social assistance"}}, {"type": "Feature", "geometry": {"type": "Point", "coordinates": [-113.44726675, 53.5867729225]}, "properties": {"DAUID": "48110374.0", "total_jobs": 72, "job_category": "Other services (except public administration)"}}, {"type": "Feature", "geometry": {"type": "Point", "coordinates": [-113.44511721764705, 53.59066719411765]}, "properties": {"DAUID": "48110375.0", "total_jobs": 191, "job_category": "Educational services"}}, {"type": "Feature", "geometry": {"type": "Point", "coordinates": [-113.44232244285715, 53.58730421357143]}, "properties": {"DAUID": "48110376.0", "total_jobs": 201, "job_category": "Health care and social assistance"}}, {"type": "Feature", "geometry": {"type": "Point", "coordinates": [-113.4363, 53.58878]}, "properties": {"DAUID": "48110377.0", "total_jobs": 4, "job_category": "Other services (except public administration)"}}, {"type": "Feature", "geometry": {"type": "Point", "coordinates": [-113.44169348214287, 53.58583048142857]}, "properties": {"DAUID": "48110378.0", "total_jobs": 480, "job_category": "Retail trade"}}, {"type": "Feature", "geometry": {"type": "Point", "coordinates": [-113.44509922307692, 53.58406107538462]}, "properties": {"DAUID": "48110379.0", "total_jobs": 130, "job_category": "Public administration"}}, {"type": "Feature", "geometry": {"type": "Point", "coordinates": [-113.42377462321429, 53.58772871651786]}, "properties": {"DAUID": "48110380.0", "total_jobs": 2335, "job_category": "Manufacturing"}}, {"type": "Feature", "geometry": {"type": "Point", "coordinates": [-113.43225808666666, 53.58194703633333]}, "properties": {"DAUID": "48110381.0", "total_jobs": 908, "job_category": "Public administration"}}, {"type": "Feature", "geometry": {"type": "Point", "coordinates": [-113.4217559, 53.58389412666667]}, "properties": {"DAUID": "48110382.0", "total_jobs": 444, "job_category": "Retail trade"}}, {"type": "Feature", "geometry": {"type": "Point", "coordinates": [-113.42696023636364, 53.58104791454546]}, "properties": {"DAUID": "48110383.0", "total_jobs": 44, "job_category": "Other services (except public administration)"}}, {"type": "Feature", "geometry": {"type": "Point", "coordinates": [-113.4347092, 53.572887865]}, "properties": {"DAUID": "48110385.0", "total_jobs": 19, "job_category": "Health care and social assistance"}}, {"type": "Feature", "geometry": {"type": "Point", "coordinates": [-113.44193095, 53.576812618999995]}, "properties": {"DAUID": "48110386.0", "total_jobs": 152, "job_category": "Transportation and warehousing"}}, {"type": "Feature", "geometry": {"type": "Point", "coordinates": [-113.40638933333332, 53.58523065]}, "properties": {"DAUID": "48110388.0", "total_jobs": 113, "job_category": "Educational services"}}, {"type": "Feature", "geometry": {"type": "Point", "coordinates": [-113.40574385000001, 53.58712697285715]}, "properties": {"DAUID": "48110389.0", "total_jobs": 212, "job_category": "Health care and social assistance"}}, {"type": "Feature", "geometry": {"type": "Point", "coordinates": [-113.39592813333333, 53.58477355333333]}, "properties": {"DAUID": "48110390.0", "total_jobs": 12, "job_category": "Real estate and rental and leasing"}}, {"type": "Feature", "geometry": {"type": "Point", "coordinates": [-113.3926467, 53.58540369]}, "properties": {"DAUID": "48110391.0", "total_jobs": 4, "job_category": "Real estate and rental and leasing"}}, {"type": "Feature", "geometry": {"type": "Point", "coordinates": [-113.3909465, 53.58400889333333]}, "properties": {"DAUID": "48110392.0", "total_jobs": 12, "job_category": "Real estate and rental and leasing"}}, {"type": "Feature", "geometry": {"type": "Point", "coordinates": [-113.38733934, 53.581918592]}, "properties": {"DAUID": "48110393.0", "total_jobs": 188, "job_category": "Arts, entertainment and recreation"}}, {"type": "Feature", "geometry": {"type": "Point", "coordinates": [-113.35756084999998, 53.575190025000005]}, "properties": {"DAUID": "48110395.0", "total_jobs": 1080, "job_category": "Manufacturing"}}, {"type": "Feature", "geometry": {"type": "Point", "coordinates": [-113.37993409999999, 53.57819619000001]}, "properties": {"DAUID": "48110396.0", "total_jobs": 76, "job_category": "Accommodation and food services"}}, {"type": "Feature", "geometry": {"type": "Point", "coordinates": [-113.38674805, 53.59354039]}, "properties": {"DAUID": "48110399.0", "total_jobs": 8, "job_category": "Real estate and rental and leasing"}}, {"type": "Feature", "geometry": {"type": "Point", "coordinates": [-113.39057845, 53.595524545]}, "properties": {"DAUID": "48110401.0", "total_jobs": 379, "job_category": "Retail trade"}}, {"type": "Feature", "geometry": {"type": "Point", "coordinates": [-113.40073857499999, 53.596947452500004]}, "properties": {"DAUID": "48110403.0", "total_jobs": 16, "job_category": "Real estate and rental and leasing"}}, {"type": "Feature", "geometry": {"type": "Point", "coordinates": [-113.40819649473683, 53.59805778578947]}, "properties": {"DAUID": "48110405.0", "total_jobs": 355, "job_category": "Retail trade"}}, {"type": "Feature", "geometry": {"type": "Point", "coordinates": [-113.40943003333332, 53.59414850333334]}, "properties": {"DAUID": "48110406.0", "total_jobs": 68, "job_category": "Educational services"}}, {"type": "Feature", "geometry": {"type": "Point", "coordinates": [-113.41742221470588, 53.590273047941174]}, "properties": {"DAUID": "48110408.0", "total_jobs": 370, "job_category": "Accommodation and food services"}}, {"type": "Feature", "geometry": {"type": "Point", "coordinates": [-113.41629338333334, 53.586458157]}, "properties": {"DAUID": "48110410.0", "total_jobs": 488, "job_category": "Public administration"}}, {"type": "Feature", "geometry": {"type": "Point", "coordinates": [-113.39586952222221, 53.59951891666667]}, "properties": {"DAUID": "48110412.0", "total_jobs": 147, "job_category": "Educational services"}}, {"type": "Feature", "geometry": {"type": "Point", "coordinates": [-113.38411301904762, 53.60307142714286]}, "properties": {"DAUID": "48110415.0", "total_jobs": 491, "job_category": "Other services (except public administration)"}}, {"type": "Feature", "geometry": {"type": "Point", "coordinates": [-113.38647045454546, 53.596579788484846]}, "properties": {"DAUID": "48110417.0", "total_jobs": 388, "job_category": "Health care and social assistance"}}, {"type": "Feature", "geometry": {"type": "Point", "coordinates": [-113.3795673, 53.60430072333333]}, "properties": {"DAUID": "48110421.0", "total_jobs": 68, "job_category": "Educational services"}}, {"type": "Feature", "geometry": {"type": "Point", "coordinates": [-113.38391595, 53.60424696]}, "properties": {"DAUID": "48110423.0", "total_jobs": 120, "job_category": "Retail trade"}}, {"type": "Feature", "geometry": {"type": "Point", "coordinates": [-113.37913164285715, 53.612724404285714]}, "properties": {"DAUID": "48110424.0", "total_jobs": 39, "job_category": "Accommodation and food services"}}, {"type": "Feature", "geometry": {"type": "Point", "coordinates": [-113.3727287, 53.611805]}, "properties": {"DAUID": "48110425.0", "total_jobs": 60, "job_category": "Educational services"}}, {"type": "Feature", "geometry": {"type": "Point", "coordinates": [-113.47859539999999, 53.6419722225]}, "properties": {"DAUID": "48110438.0", "total_jobs": 16, "job_category": "Retail trade"}}, {"type": "Feature", "geometry": {"type": "Point", "coordinates": [-113.4899954, 53.639864180000004]}, "properties": {"DAUID": "48110441.0", "total_jobs": 8, "job_category": "Real estate and rental and leasing"}}, {"type": "Feature", "geometry": {"type": "Point", "coordinates": [-113.49761184166665, 53.62970882333334]}, "properties": {"DAUID": "48110443.0", "total_jobs": 92, "job_category": "Accommodation and food services"}}, {"type": "Feature", "geometry": {"type": "Point", "coordinates": [-113.5062535, 53.63299355]}, "properties": {"DAUID": "48110444.0", "total_jobs": 60, "job_category": "Educational services"}}, {"type": "Feature", "geometry": {"type": "Point", "coordinates": [-113.508147, 53.63321579]}, "properties": {"DAUID": "48110446.0", "total_jobs": 4, "job_category": "Real estate and rental and leasing"}}, {"type": "Feature", "geometry": {"type": "Point", "coordinates": [-113.5146478, 53.63759721]}, "properties": {"DAUID": "48110447.0", "total_jobs": 4, "job_category": "Real estate and rental and leasing"}}, {"type": "Feature", "geometry": {"type": "Point", "coordinates": [-113.512022025, 53.6300881775]}, "properties": {"DAUID": "48110448.0", "total_jobs": 83, "job_category": "Accommodation and food services"}}, {"type": "Feature", "geometry": {"type": "Point", "coordinates": [-113.4372022, 53.443216]}, "properties": {"DAUID": "48110634.0", "total_jobs": 4, "job_category": "Public administration"}}, {"type": "Feature", "geometry": {"type": "Point", "coordinates": [-113.4326402, 53.44380374]}, "properties": {"DAUID": "48110635.0", "total_jobs": 4, "job_category": "Real estate and rental and leasing"}}, {"type": "Feature", "geometry": {"type": "Point", "coordinates": [-113.44264426666666, 53.44427338]}, "properties": {"DAUID": "48110636.0", "total_jobs": 80, "job_category": "Accommodation and food services"}}, {"type": "Feature", "geometry": {"type": "Point", "coordinates": [-113.43894370000001, 53.44755205]}, "properties": {"DAUID": "48110637.0", "total_jobs": 64, "job_category": "Educational services"}}, {"type": "Feature", "geometry": {"type": "Point", "coordinates": [-113.44430948571429, 53.444819835714284]}, "properties": {"DAUID": "48110638.0", "total_jobs": 72, "job_category": "Accommodation and food services"}}, {"type": "Feature", "geometry": {"type": "Point", "coordinates": [-113.43021359333333, 53.45288420466667]}, "properties": {"DAUID": "48110641.0", "total_jobs": 127, "job_category": "Finance and insurance"}}, {"type": "Feature", "geometry": {"type": "Point", "coordinates": [-113.42796684999999, 53.447984625000004]}, "properties": {"DAUID": "48110643.0", "total_jobs": 120, "job_category": "Educational services"}}, {"type": "Feature", "geometry": {"type": "Point", "coordinates": [-113.42621266666667, 53.453050278333336]}, "properties": {"DAUID": "48110644.0", "total_jobs": 91, "job_category": "Accommodation and food services"}}, {"type": "Feature", "geometry": {"type": "Point", "coordinates": [-113.4209918, 53.45010213]}, "properties": {"DAUID": "48110645.0", "total_jobs": 15, "job_category": "Public administration"}}, {"type": "Feature", "geometry": {"type": "Point", "coordinates": [-113.42298397777778, 53.45344901777778]}, "properties": {"DAUID": "48110646.0", "total_jobs": 522, "job_category": "Retail trade"}}, {"type": "Feature", "geometry": {"type": "Point", "coordinates": [-113.4144, 53.45493]}, "properties": {"DAUID": "48110648.0", "total_jobs": 15, "job_category": "Accommodation and food services"}}, {"type": "Feature", "geometry": {"type": "Point", "coordinates": [-113.40864291111112, 53.45470262888889]}, "properties": {"DAUID": "48110649.0", "total_jobs": 58, "job_category": "Retail trade"}}, {"type": "Feature", "geometry": {"type": "Point", "coordinates": [-113.411985, 53.44880395]}, "properties": {"DAUID": "48110650.0", "total_jobs": 60, "job_category": "Educational services"}}, {"type": "Feature", "geometry": {"type": "Point", "coordinates": [-113.40179768333333, 53.44445546666666]}, "properties": {"DAUID": "48110653.0", "total_jobs": 35, "job_category": "Accommodation and food services"}}, {"type": "Feature", "geometry": {"type": "Point", "coordinates": [-113.4056502, 53.44099865]}, "properties": {"DAUID": "48110654.0", "total_jobs": 60, "job_category": "Educational services"}}, {"type": "Feature", "geometry": {"type": "Point", "coordinates": [-113.4080079, 53.44369908]}, "properties": {"DAUID": "48110655.0", "total_jobs": 60, "job_category": "Educational services"}}, {"type": "Feature", "geometry": {"type": "Point", "coordinates": [-113.40251814999999, 53.431684375]}, "properties": {"DAUID": "48110658.0", "total_jobs": 8, "job_category": "Retail trade"}}, {"type": "Feature", "geometry": {"type": "Point", "coordinates": [-113.39571387666666, 53.42850185266666]}, "properties": {"DAUID": "48110659.0", "total_jobs": 388, "job_category": "Accommodation and food services"}}, {"type": "Feature", "geometry": {"type": "Point", "coordinates": [-113.40022680000001, 53.444002195]}, "properties": {"DAUID": "48110660.0", "total_jobs": 8, "job_category": "Real estate and rental and leasing"}}, {"type": "Feature", "geometry": {"type": "Point", "coordinates": [-113.3987658, 53.45349553]}, "properties": {"DAUID": "48110664.0", "total_jobs": 4, "job_category": "Real estate and rental and leasing"}}, {"type": "Feature", "geometry": {"type": "Point", "coordinates": [-113.40796524666666, 53.454470776]}, "properties": {"DAUID": "48110666.0", "total_jobs": 104, "job_category": "Retail trade"}}, {"type": "Feature", "geometry": {"type": "Point", "coordinates": [-113.4046786, 53.45559482]}, "properties": {"DAUID": "48110667.0", "total_jobs": 4, "job_category": "Real estate and rental and leasing"}}, {"type": "Feature", "geometry": {"type": "Point", "coordinates": [-113.4018168, 53.45573513]}, "properties": {"DAUID": "48110669.0", "total_jobs": 4, "job_category": "Real estate and rental and leasing"}}, {"type": "Feature", "geometry": {"type": "Point", "coordinates": [-113.3997809, 53.46281015]}, "properties": {"DAUID": "48110677.0", "total_jobs": 60, "job_category": "Educational services"}}, {"type": "Feature", "geometry": {"type": "Point", "coordinates": [-113.39408594999999, 53.48070274857143]}, "properties": {"DAUID": "48110683.0", "total_jobs": 100, "job_category": "Retail trade"}}, {"type": "Feature", "geometry": {"type": "Point", "coordinates": [-113.39448252, 53.492817256]}, "properties": {"DAUID": "48110692.0", "total_jobs": 612, "job_category": "Manufacturing"}}, {"type": "Feature", "geometry": {"type": "Point", "coordinates": [-113.399757583, 53.493262679]}, "properties": {"DAUID": "48110693.0", "total_jobs": 3646, "job_category": "Manufacturing"}}, {"type": "Feature", "geometry": {"type": "Point", "coordinates": [-113.40732786666666, 53.484642183333335]}, "properties": {"DAUID": "48110694.0", "total_jobs": 68, "job_category": "Educational services"}}, {"type": "Feature", "geometry": {"type": "Point", "coordinates": [-113.41336804108528, 53.49352950844961]}, "properties": {"DAUID": "48110695.0", "total_jobs": 4146, "job_category": "Construction"}}, {"type": "Feature", "geometry": {"type": "Point", "coordinates": [-113.4169520090909, 53.48138476909091]}, "properties": {"DAUID": "48110699.0", "total_jobs": 66, "job_category": "Health care and social assistance"}}, {"type": "Feature", "geometry": {"type": "Point", "coordinates": [-113.43091255961538, 53.49267371538462]}, "properties": {"DAUID": "48110700.0", "total_jobs": 5602, "job_category": "Manufacturing"}}, {"type": "Feature", "geometry": {"type": "Point", "coordinates": [-113.42692545, 53.473062965]}, "properties": {"DAUID": "48110702.0", "total_jobs": 120, "job_category": "Educational services"}}, {"type": "Feature", "geometry": {"type": "Point", "coordinates": [-113.41789662500001, 53.47625349416666]}, "properties": {"DAUID": "48110703.0", "total_jobs": 137, "job_category": "Manufacturing"}}, {"type": "Feature", "geometry": {"type": "Point", "coordinates": [-113.4082686, 53.4677099]}, "properties": {"DAUID": "48110705.0", "total_jobs": 60, "job_category": "Educational services"}}, {"type": "Feature", "geometry": {"type": "Point", "coordinates": [-113.4158706, 53.46505059]}, "properties": {"DAUID": "48110706.0", "total_jobs": 4, "job_category": "Real estate and rental and leasing"}}, {"type": "Feature", "geometry": {"type": "Point", "coordinates": [-113.4097690888889, 53.467139124444444]}, "properties": {"DAUID": "48110708.0", "total_jobs": 47, "job_category": "Health care and social assistance"}}, {"type": "Feature", "geometry": {"type": "Point", "coordinates": [-113.4117613, 53.46169323]}, "properties": {"DAUID": "48110711.0", "total_jobs": 4, "job_category": "Real estate and rental and leasing"}}, {"type": "Feature", "geometry": {"type": "Point", "coordinates": [-113.4159197, 53.46002665]}, "properties": {"DAUID": "48110712.0", "total_jobs": 60, "job_category": "Educational services"}}, {"type": "Feature", "geometry": {"type": "Point", "coordinates": [-113.41185999999999, 53.456643060000005]}, "properties": {"DAUID": "48110713.0", "total_jobs": 8, "job_category": "Real estate and rental and leasing"}}, {"type": "Feature", "geometry": {"type": "Point", "coordinates": [-113.41762976666666, 53.45893330888889]}, "properties": {"DAUID": "48110714.0", "total_jobs": 91, "job_category": "Retail trade"}}, {"type": "Feature", "geometry": {"type": "Point", "coordinates": [-113.421594, 53.47081299]}, "properties": {"DAUID": "48110718.0", "total_jobs": 19, "job_category": "Accommodation and food services"}}, {"type": "Feature", "geometry": {"type": "Point", "coordinates": [-113.4278732, 53.467877]}, "properties": {"DAUID": "48110719.0", "total_jobs": 60, "job_category": "Educational services"}}, {"type": "Feature", "geometry": {"type": "Point", "coordinates": [-113.4525764, 53.4689708]}, "properties": {"DAUID": "48110726.0", "total_jobs": 60, "job_category": "Educational services"}}, {"type": "Feature", "geometry": {"type": "Point", "coordinates": [-113.45627970000001, 53.4706276525]}, "properties": {"DAUID": "48110727.0", "total_jobs": 72, "job_category": "Educational services"}}, {"type": "Feature", "geometry": {"type": "Point", "coordinates": [-113.4591813, 53.46927844]}, "properties": {"DAUID": "48110728.0", "total_jobs": 4, "job_category": "Real estate and rental and leasing"}}, {"type": "Feature", "geometry": {"type": "Point", "coordinates": [-113.46946587560976, 53.46944826536585]}, "properties": {"DAUID": "48110729.0", "total_jobs": 1986, "job_category": "Administrative and support, waste management and remediation services"}}, {"type": "Feature", "geometry": {"type": "Point", "coordinates": [-113.4614119, 53.47082329]}, "properties": {"DAUID": "48110730.0", "total_jobs": 4, "job_category": "Real estate and rental and leasing"}}, {"type": "Feature", "geometry": {"type": "Point", "coordinates": [-113.47017095, 53.48410452294118]}, "properties": {"DAUID": "48110731.0", "total_jobs": 784, "job_category": "Professional, scientific and technical services"}}, {"type": "Feature", "geometry": {"type": "Point", "coordinates": [-113.46879288571428, 53.47796771142857]}, "properties": {"DAUID": "48110732.0", "total_jobs": 619, "job_category": "Manufacturing"}}, {"type": "Feature", "geometry": {"type": "Point", "coordinates": [-113.46250375105485, 53.48759916012658]}, "properties": {"DAUID": "48110733.0", "total_jobs": 6077, "job_category": "Professional, scientific and technical services"}}, {"type": "Feature", "geometry": {"type": "Point", "coordinates": [-113.45574222, 53.474182002]}, "properties": {"DAUID": "48110736.0", "total_jobs": 76, "job_category": "Educational services"}}, {"type": "Feature", "geometry": {"type": "Point", "coordinates": [-113.447352, 53.47478537]}, "properties": {"DAUID": "48110737.0", "total_jobs": 4, "job_category": "Real estate and rental and leasing"}}, {"type": "Feature", "geometry": {"type": "Point", "coordinates": [-113.46291800842697, 53.496995543314604]}, "properties": {"DAUID": "48110742.0", "total_jobs": 3689, "job_category": "Construction"}}, {"type": "Feature", "geometry": {"type": "Point", "coordinates": [-113.45874388333334, 53.503159465]}, "properties": {"DAUID": "48110743.0", "total_jobs": 135, "job_category": "Arts, entertainment and recreation"}}, {"type": "Feature", "geometry": {"type": "Point", "coordinates": [-113.45031100675675, 53.502014425540544]}, "properties": {"DAUID": "48110744.0", "total_jobs": 1133, "job_category": "Construction"}}, {"type": "Feature", "geometry": {"type": "Point", "coordinates": [-113.44392863977272, 53.50436918755682]}, "properties": {"DAUID": "48110746.0", "total_jobs": 2962, "job_category": "Construction"}}, {"type": "Feature", "geometry": {"type": "Point", "coordinates": [-113.44999921666665, 53.51781268833333]}, "properties": {"DAUID": "48110749.0", "total_jobs": 24, "job_category": "Real estate and rental and leasing"}}, {"type": "Feature", "geometry": {"type": "Point", "coordinates": [-113.45312824615385, 53.518238323846155]}, "properties": {"DAUID": "48110750.0", "total_jobs": 74, "job_category": "Retail trade"}}, {"type": "Feature", "geometry": {"type": "Point", "coordinates": [-113.45683559545455, 53.52085380761364]}, "properties": {"DAUID": "48110751.0", "total_jobs": 1419, "job_category": "Retail trade"}}, {"type": "Feature", "geometry": {"type": "Point", "coordinates": [-113.44376030000001, 53.51840562666666]}, "properties": {"DAUID": "48110752.0", "total_jobs": 12, "job_category": "Retail trade"}}, {"type": "Feature", "geometry": {"type": "Point", "coordinates": [-113.4410863, 53.52488233]}, "properties": {"DAUID": "48110753.0", "total_jobs": 4, "job_category": "Real estate and rental and leasing"}}, {"type": "Feature", "geometry": {"type": "Point", "coordinates": [-113.43469105, 53.5202005525]}, "properties": {"DAUID": "48110754.0", "total_jobs": 16, "job_category": "Construction"}}, {"type": "Feature", "geometry": {"type": "Point", "coordinates": [-113.43117426, 53.525574794]}, "properties": {"DAUID": "48110755.0", "total_jobs": 31, "job_category": "Health care and social assistance"}}, {"type": "Feature", "geometry": {"type": "Point", "coordinates": [-113.4364, 53.52493]}, "properties": {"DAUID": "48110756.0", "total_jobs": 4, "job_category": "Other services (except public administration)"}}, {"type": "Feature", "geometry": {"type": "Point", "coordinates": [-113.42744010588235, 53.52540885352941]}, "properties": {"DAUID": "48110757.0", "total_jobs": 621, "job_category": "Accommodation and food services"}}, {"type": "Feature", "geometry": {"type": "Point", "coordinates": [-113.41411190727273, 53.530967452545454]}, "properties": {"DAUID": "48110759.0", "total_jobs": 3265, "job_category": "Manufacturing"}}, {"type": "Feature", "geometry": {"type": "Point", "coordinates": [-113.4286474, 53.5310629]}, "properties": {"DAUID": "48110760.0", "total_jobs": 60, "job_category": "Educational services"}}, {"type": "Feature", "geometry": {"type": "Point", "coordinates": [-113.42135996363636, 53.54150668636364]}, "properties": {"DAUID": "48110765.0", "total_jobs": 234, "job_category": "Accommodation and food services"}}, {"type": "Feature", "geometry": {"type": "Point", "coordinates": [-113.42918446666665, 53.54787328333333]}, "properties": {"DAUID": "48110768.0", "total_jobs": 124, "job_category": "Arts, entertainment and recreation"}}, {"type": "Feature", "geometry": {"type": "Point", "coordinates": [-113.4243972, 53.550024]}, "properties": {"DAUID": "48110771.0", "total_jobs": 60, "job_category": "Educational services"}}, {"type": "Feature", "geometry": {"type": "Point", "coordinates": [-113.420282, 53.552588888]}, "properties": {"DAUID": "48110772.0", "total_jobs": 62, "job_category": "Retail trade"}}, {"type": "Feature", "geometry": {"type": "Point", "coordinates": [-113.4153, 53.56139]}, "properties": {"DAUID": "48110774.0", "total_jobs": 300, "job_category": "Utilities"}}, {"type": "Feature", "geometry": {"type": "Point", "coordinates": [-113.39825, 53.539595]}, "properties": {"DAUID": "48110775.0", "total_jobs": 1060, "job_category": "Construction"}}, {"type": "Feature", "geometry": {"type": "Point", "coordinates": [-113.4134916, 53.54959585]}, "properties": {"DAUID": "48110776.0", "total_jobs": 64, "job_category": "Educational services"}}, {"type": "Feature", "geometry": {"type": "Point", "coordinates": [-113.40425503333334, 53.53916462]}, "properties": {"DAUID": "48110777.0", "total_jobs": 319, "job_category": "Transportation and warehousing"}}, {"type": "Feature", "geometry": {"type": "Point", "coordinates": [-113.4201563, 53.55111410000001]}, "properties": {"DAUID": "48110778.0", "total_jobs": 8, "job_category": "Other services (except public administration)"}}, {"type": "Feature", "geometry": {"type": "Point", "coordinates": [-113.41391015735293, 53.537819199411764]}, "properties": {"DAUID": "48110779.0", "total_jobs": 2014, "job_category": "Educational services"}}, {"type": "Feature", "geometry": {"type": "Point", "coordinates": [-113.42056712857143, 53.51705674714285]}, "properties": {"DAUID": "48110785.0", "total_jobs": 2067, "job_category": "Construction"}}, {"type": "Feature", "geometry": {"type": "Point", "coordinates": [-113.41451227058823, 53.524675099058825]}, "properties": {"DAUID": "48110786.0", "total_jobs": 2372, "job_category": "Construction"}}, {"type": "Feature", "geometry": {"type": "Point", "coordinates": [-113.43106942666667, 53.518211629666666]}, "properties": {"DAUID": "48110787.0", "total_jobs": 231, "job_category": "Wholesale trade"}}, {"type": "Feature", "geometry": {"type": "Point", "coordinates": [-113.4395988, 53.51816982862069]}, "properties": {"DAUID": "48110788.0", "total_jobs": 541, "job_category": "Accommodation and food services"}}, {"type": "Feature", "geometry": {"type": "Point", "coordinates": [-113.43907149555555, 53.510524636]}, "properties": {"DAUID": "48110789.0", "total_jobs": 2327, "job_category": "Manufacturing"}}, {"type": "Feature", "geometry": {"type": "Point", "coordinates": [-113.43166020708333, 53.50950098420833]}, "properties": {"DAUID": "48110790.0", "total_jobs": 5405, "job_category": "Manufacturing"}}, {"type": "Feature", "geometry": {"type": "Point", "coordinates": [-113.38459743333334, 53.56070122]}, "properties": {"DAUID": "48110791.0", "total_jobs": 124, "job_category": "Accommodation and food services"}}, {"type": "Feature", "geometry": {"type": "Point", "coordinates": [-113.3941207875, 53.55928268625]}, "properties": {"DAUID": "48110792.0", "total_jobs": 43, "job_category": "Health care and social assistance"}}, {"type": "Feature", "geometry": {"type": "Point", "coordinates": [-113.389492, 53.5633745]}, "properties": {"DAUID": "48110793.0", "total_jobs": 64, "job_category": "Educational services"}}, {"type": "Feature", "geometry": {"type": "Point", "coordinates": [-113.38884996666667, 53.56843868666667]}, "properties": {"DAUID": "48110795.0", "total_jobs": 12, "job_category": "Real estate and rental and leasing"}}, {"type": "Feature", "geometry": {"type": "Point", "coordinates": [-113.39292768235293, 53.56898635529412]}, "properties": {"DAUID": "48110796.0", "total_jobs": 213, "job_category": "Accommodation and food services"}}, {"type": "Feature", "geometry": {"type": "Point", "coordinates": [-113.39605375000001, 53.569584829444445]}, "properties": {"DAUID": "48110797.0", "total_jobs": 217, "job_category": "Retail trade"}}, {"type": "Feature", "geometry": {"type": "Point", "coordinates": [-113.3992546, 53.5672574]}, "properties": {"DAUID": "48110798.0", "total_jobs": 60, "job_category": "Educational services"}}, {"type": "Feature", "geometry": {"type": "Point", "coordinates": [-113.40545234615385, 53.57012434307693]}, "properties": {"DAUID": "48110799.0", "total_jobs": 226, "job_category": "Accommodation and food services"}}, {"type": "Feature", "geometry": {"type": "Point", "coordinates": [-113.4018813037037, 53.57057096518518]}, "properties": {"DAUID": "48110800.0", "total_jobs": 253, "job_category": "Health care and social assistance"}}, {"type": "Feature", "geometry": {"type": "Point", "coordinates": [-113.413345915, 53.5702529755]}, "properties": {"DAUID": "48110801.0", "total_jobs": 147, "job_category": "Health care and social assistance"}}, {"type": "Feature", "geometry": {"type": "Point", "coordinates": [-113.41840585, 53.5696743475]}, "properties": {"DAUID": "48110804.0", "total_jobs": 88, "job_category": "Health care and social assistance"}}, {"type": "Feature", "geometry": {"type": "Point", "coordinates": [-113.4381, 53.56137]}, "properties": {"DAUID": "48110806.0", "total_jobs": 15, "job_category": "Arts, entertainment and recreation"}}, {"type": "Feature", "geometry": {"type": "Point", "coordinates": [-113.44544493333335, 53.560369220000005]}, "properties": {"DAUID": "48110807.0", "total_jobs": 319, "job_category": "Educational services"}}, {"type": "Feature", "geometry": {"type": "Point", "coordinates": [-113.45718925, 53.5525535]}, "properties": {"DAUID": "48110809.0", "total_jobs": 64, "job_category": "Accommodation and food services"}}, {"type": "Feature", "geometry": {"type": "Point", "coordinates": [-113.45372556923077, 53.54942392076923]}, "properties": {"DAUID": "48110810.0", "total_jobs": 242, "job_category": "Accommodation and food services"}}, {"type": "Feature", "geometry": {"type": "Point", "coordinates": [-113.4495915, 53.549175192]}, "properties": {"DAUID": "48110811.0", "total_jobs": 194, "job_category": "Accommodation and food services"}}, {"type": "Feature", "geometry": {"type": "Point", "coordinates": [-113.45179291428572, 53.54322721]}, "properties": {"DAUID": "48110812.0", "total_jobs": 117, "job_category": "Educational services"}}, {"type": "Feature", "geometry": {"type": "Point", "coordinates": [-113.44831680625, 53.541319396875004]}, "properties": {"DAUID": "48110814.0", "total_jobs": 120, "job_category": "Health care and social assistance"}}, {"type": "Feature", "geometry": {"type": "Point", "coordinates": [-113.4470346, 53.536622210000004]}, "properties": {"DAUID": "48110815.0", "total_jobs": 75, "job_category": "Accommodation and food services"}}, {"type": "Feature", "geometry": {"type": "Point", "coordinates": [-113.43664752727273, 53.54146560545455]}, "properties": {"DAUID": "48110818.0", "total_jobs": 55, "job_category": "Real estate and rental and leasing"}}, {"type": "Feature", "geometry": {"type": "Point", "coordinates": [-113.4406556375, 53.5413885225]}, "properties": {"DAUID": "48110819.0", "total_jobs": 174, "job_category": "Finance and insurance"}}, {"type": "Feature", "geometry": {"type": "Point", "coordinates": [-113.44480700000001, 53.54650760333333]}, "properties": {"DAUID": "48110820.0", "total_jobs": 68, "job_category": "Educational services"}}, {"type": "Feature", "geometry": {"type": "Point", "coordinates": [-113.4373615, 53.531240350000004]}, "properties": {"DAUID": "48110821.0", "total_jobs": 120, "job_category": "Educational services"}}, {"type": "Feature", "geometry": {"type": "Point", "coordinates": [-113.44960685, 53.532277085000004]}, "properties": {"DAUID": "48110822.0", "total_jobs": 64, "job_category": "Educational services"}}, {"type": "Feature", "geometry": {"type": "Point", "coordinates": [-113.44343015, 53.52583643333333]}, "properties": {"DAUID": "48110823.0", "total_jobs": 48, "job_category": "Accommodation and food services"}}, {"type": "Feature", "geometry": {"type": "Point", "coordinates": [-113.45494074999999, 53.525457195]}, "properties": {"DAUID": "48110825.0", "total_jobs": 64, "job_category": "Educational services"}}, {"type": "Feature", "geometry": {"type": "Point", "coordinates": [-113.45379556666667, 53.53104991666667]}, "properties": {"DAUID": "48110826.0", "total_jobs": 23, "job_category": "Health care and social assistance"}}, {"type": "Feature", "geometry": {"type": "Point", "coordinates": [-113.46068366666667, 53.52587794000001]}, "properties": {"DAUID": "48110828.0", "total_jobs": 12, "job_category": "Real estate and rental and leasing"}}, {"type": "Feature", "geometry": {"type": "Point", "coordinates": [-113.4690768875, 53.523559956250004]}, "properties": {"DAUID": "48110829.0", "total_jobs": 110, "job_category": "Construction"}}, {"type": "Feature", "geometry": {"type": "Point", "coordinates": [-113.46681816078431, 53.522757665098034]}, "properties": {"DAUID": "48110830.0", "total_jobs": 875, "job_category": "Other services (except public administration)"}}, {"type": "Feature", "geometry": {"type": "Point", "coordinates": [-113.46568122647058, 53.51821478352941]}, "properties": {"DAUID": "48110831.0", "total_jobs": 348, "job_category": "Other services (except public administration)"}}, {"type": "Feature", "geometry": {"type": "Point", "coordinates": [-113.46143587272726, 53.518083650909084]}, "properties": {"DAUID": "48110832.0", "total_jobs": 111, "job_category": "Educational services"}}, {"type": "Feature", "geometry": {"type": "Point", "coordinates": [-113.45759359230769, 53.51453294692307]}, "properties": {"DAUID": "48110834.0", "total_jobs": 119, "job_category": "Accommodation and food services"}}, {"type": "Feature", "geometry": {"type": "Point", "coordinates": [-113.46928825625, 53.51730311125]}, "properties": {"DAUID": "48110835.0", "total_jobs": 265, "job_category": "Real estate and rental and leasing"}}, {"type": "Feature", "geometry": {"type": "Point", "coordinates": [-113.4703728, 53.51242542]}, "properties": {"DAUID": "48110836.0", "total_jobs": 19, "job_category": "Other services (except public administration)"}}, {"type": "Feature", "geometry": {"type": "Point", "coordinates": [-113.4762905095238, 53.517646025714285]}, "properties": {"DAUID": "48110837.0", "total_jobs": 173, "job_category": "Accommodation and food services"}}, {"type": "Feature", "geometry": {"type": "Point", "coordinates": [-113.4766845047619, 53.51239169238095]}, "properties": {"DAUID": "48110838.0", "total_jobs": 330, "job_category": "Accommodation and food services"}}, {"type": "Feature", "geometry": {"type": "Point", "coordinates": [-113.48484166666667, 53.511177872666664]}, "properties": {"DAUID": "48110839.0", "total_jobs": 160, "job_category": "Accommodation and food services"}}, {"type": "Feature", "geometry": {"type": "Point", "coordinates": [-113.47843892, 53.506909631999996]}, "properties": {"DAUID": "48110840.0", "total_jobs": 132, "job_category": "Educational services"}}, {"type": "Feature", "geometry": {"type": "Point", "coordinates": [-113.48780591826088, 53.50339531982608]}, "properties": {"DAUID": "48110841.0", "total_jobs": 2007, "job_category": "Wholesale trade"}}, {"type": "Feature", "geometry": {"type": "Point", "coordinates": [-113.48280552391304, 53.49886959369565]}, "properties": {"DAUID": "48110842.0", "total_jobs": 1383, "job_category": "Construction"}}, {"type": "Feature", "geometry": {"type": "Point", "coordinates": [-113.47586488333333, 53.50261945]}, "properties": {"DAUID": "48110843.0", "total_jobs": 57, "job_category": "Accommodation and food services"}}, {"type": "Feature", "geometry": {"type": "Point", "coordinates": [-113.47053601083333, 53.496564703666664]}, "properties": {"DAUID": "48110844.0", "total_jobs": 3026, "job_category": "Construction"}}, {"type": "Feature", "geometry": {"type": "Point", "coordinates": [-113.4797357609952, 53.489003704141254]}, "properties": {"DAUID": "48110846.0", "total_jobs": 12957, "job_category": "Manufacturing"}}, {"type": "Feature", "geometry": {"type": "Point", "coordinates": [-113.49418461098591, 53.494599955352115]}, "properties": {"DAUID": "48110847.0", "total_jobs": 10746, "job_category": "Construction"}}, {"type": "Feature", "geometry": {"type": "Point", "coordinates": [-113.50035213999999, 53.488260968666665]}, "properties": {"DAUID": "48110848.0", "total_jobs": 468, "job_category": "Retail trade"}}, {"type": "Feature", "geometry": {"type": "Point", "coordinates": [-113.51502015263158, 53.48978035263158]}, "properties": {"DAUID": "48110850.0", "total_jobs": 386, "job_category": "Health care and social assistance"}}, {"type": "Feature", "geometry": {"type": "Point", "coordinates": [-113.51225995, 53.497408175000004]}, "properties": {"DAUID": "48110851.0", "total_jobs": 120, "job_category": "Accommodation and food services"}}, {"type": "Feature", "geometry": {"type": "Point", "coordinates": [-113.5036376, 53.49553]}, "properties": {"DAUID": "48110852.0", "total_jobs": 60, "job_category": "Educational services"}}, {"type": "Feature", "geometry": {"type": "Point", "coordinates": [-113.51072498, 53.4989736]}, "properties": {"DAUID": "48110853.0", "total_jobs": 76, "job_category": "Other services (except public administration)"}}, {"type": "Feature", "geometry": {"type": "Point", "coordinates": [-113.50603905, 53.50243933]}, "properties": {"DAUID": "48110854.0", "total_jobs": 8, "job_category": "Real estate and rental and leasing"}}, {"type": "Feature", "geometry": {"type": "Point", "coordinates": [-113.51056484285714, 53.50727819]}, "properties": {"DAUID": "48110856.0", "total_jobs": 95, "job_category": "Health care and social assistance"}}, {"type": "Feature", "geometry": {"type": "Point", "coordinates": [-113.5022408125, 53.505823915]}, "properties": {"DAUID": "48110857.0", "total_jobs": 32, "job_category": "Real estate and rental and leasing"}}, {"type": "Feature", "geometry": {"type": "Point", "coordinates": [-113.49955140000002, 53.51062793333333]}, "properties": {"DAUID": "48110858.0", "total_jobs": 79, "job_category": "Educational services"}}, {"type": "Feature", "geometry": {"type": "Point", "coordinates": [-113.51101351428572, 53.512757581428566]}, "properties": {"DAUID": "48110860.0", "total_jobs": 676, "job_category": "Health care and social assistance"}}, {"type": "Feature", "geometry": {"type": "Point", "coordinates": [-113.5100070875, 53.51506837625]}, "properties": {"DAUID": "48110861.0", "total_jobs": 176, "job_category": "Finance and insurance"}}, {"type": "Feature", "geometry": {"type": "Point", "coordinates": [-113.507365848, 53.5167038608]}, "properties": {"DAUID": "48110862.0", "total_jobs": 245, "job_category": "Accommodation and food services"}}, {"type": "Feature", "geometry": {"type": "Point", "coordinates": [-113.51258577446809, 53.52024322531915]}, "properties": {"DAUID": "48110866.0", "total_jobs": 1026, "job_category": "Accommodation and food services"}}, {"type": "Feature", "geometry": {"type": "Point", "coordinates": [-113.51898164242425, 53.52135065454546]}, "properties": {"DAUID": "48110867.0", "total_jobs": 500, "job_category": "Accommodation and food services"}}, {"type": "Feature", "geometry": {"type": "Point", "coordinates": [-113.52020369242425, 53.518881370757576]}, "properties": {"DAUID": "48110868.0", "total_jobs": 1530, "job_category": "Health care and social assistance"}}, {"type": "Feature", "geometry": {"type": "Point", "coordinates": [-113.51749108823529, 53.51819235117647]}, "properties": {"DAUID": "48110869.0", "total_jobs": 643, "job_category": "Real estate and rental and leasing"}}, {"type": "Feature", "geometry": {"type": "Point", "coordinates": [-113.52461494285714, 53.513963801428574]}, "properties": {"DAUID": "48110870.0", "total_jobs": 447, "job_category": "Health care and social assistance"}}, {"type": "Feature", "geometry": {"type": "Point", "coordinates": [-113.5131090888889, 53.51718442666667]}, "properties": {"DAUID": "48110871.0", "total_jobs": 271, "job_category": "Health care and social assistance"}}, {"type": "Feature", "geometry": {"type": "Point", "coordinates": [-113.51555015, 53.5126939375]}, "properties": {"DAUID": "48110872.0", "total_jobs": 72, "job_category": "Other services (except public administration)"}}, {"type": "Feature", "geometry": {"type": "Point", "coordinates": [-113.51231691904762, 53.507520936666666]}, "properties": {"DAUID": "48110873.0", "total_jobs": 296, "job_category": "Retail trade"}}, {"type": "Feature", "geometry": {"type": "Point", "coordinates": [-113.520465, 53.512371443333336]}, "properties": {"DAUID": "48110874.0", "total_jobs": 182, "job_category": "Health care and social assistance"}}, {"type": "Feature", "geometry": {"type": "Point", "coordinates": [-113.52466812, 53.504692332000005]}, "properties": {"DAUID": "48110875.0", "total_jobs": 2012, "job_category": "Public administration"}}, {"type": "Feature", "geometry": {"type": "Point", "coordinates": [-113.51662494761905, 53.50332296809523]}, "properties": {"DAUID": "48110876.0", "total_jobs": 229, "job_category": "Educational services"}}, {"type": "Feature", "geometry": {"type": "Point", "coordinates": [-113.51250004285714, 53.50598074714286]}, "properties": {"DAUID": "48110877.0", "total_jobs": 61, "job_category": "Health care and social assistance"}}, {"type": "Feature", "geometry": {"type": "Point", "coordinates": [-113.51851051818183, 53.49537424030303]}, "properties": {"DAUID": "48110879.0", "total_jobs": 663, "job_category": "Health care and social assistance"}}, {"type": "Feature", "geometry": {"type": "Point", "coordinates": [-113.526340875, 53.495687114999996]}, "properties": {"DAUID": "48110880.0", "total_jobs": 368, "job_category": "Information and cultural industries"}}, {"type": "Feature", "geometry": {"type": "Point", "coordinates": [-113.5199163, 53.487920255]}, "properties": {"DAUID": "48110881.0", "total_jobs": 8, "job_category": "Other services (except public administration)"}}, {"type": "Feature", "geometry": {"type": "Point", "coordinates": [-113.52572, 53.48957315]}, "properties": {"DAUID": "48110883.0", "total_jobs": 4, "job_category": "Retail trade"}}, {"type": "Feature", "geometry": {"type": "Point", "coordinates": [-113.5232254, 53.4882118]}, "properties": {"DAUID": "48110884.0", "total_jobs": 60, "job_category": "Educational services"}}, {"type": "Feature", "geometry": {"type": "Point", "coordinates": [-113.5208614, 53.48078893]}, "properties": {"DAUID": "48110885.0", "total_jobs": 83, "job_category": "Arts, entertainment and recreation"}}, {"type": "Feature", "geometry": {"type": "Point", "coordinates": [-113.51986575000001, 53.4785443775]}, "properties": {"DAUID": "48110886.0", "total_jobs": 128, "job_category": "Educational services"}}, {"type": "Feature", "geometry": {"type": "Point", "coordinates": [-113.52737395238096, 53.475607648095234]}, "properties": {"DAUID": "48110887.0", "total_jobs": 217, "job_category": "Retail trade"}}, {"type": "Feature", "geometry": {"type": "Point", "coordinates": [-113.53206146666666, 53.47729280666667]}, "properties": {"DAUID": "48110889.0", "total_jobs": 68, "job_category": "Educational services"}}, {"type": "Feature", "geometry": {"type": "Point", "coordinates": [-113.53804861, 53.477261098]}, "properties": {"DAUID": "48110890.0", "total_jobs": 96, "job_category": "Educational services"}}, {"type": "Feature", "geometry": {"type": "Point", "coordinates": [-113.54058172500001, 53.48542541]}, "properties": {"DAUID": "48110892.0", "total_jobs": 16, "job_category": "Real estate and rental and leasing"}}, {"type": "Feature", "geometry": {"type": "Point", "coordinates": [-113.54273590666666, 53.48899682733334]}, "properties": {"DAUID": "48110894.0", "total_jobs": 239, "job_category": "Retail trade"}}, {"type": "Feature", "geometry": {"type": "Point", "coordinates": [-113.5483541, 53.49109407]}, "properties": {"DAUID": "48110895.0", "total_jobs": 4, "job_category": "Educational services"}}, {"type": "Feature", "geometry": {"type": "Point", "coordinates": [-113.5564508, 53.48369856]}, "properties": {"DAUID": "48110896.0", "total_jobs": 60, "job_category": "Arts, entertainment and recreation"}}, {"type": "Feature", "geometry": {"type": "Point", "coordinates": [-113.5400159, 53.47579605]}, "properties": {"DAUID": "48110898.0", "total_jobs": 60, "job_category": "Educational services"}}, {"type": "Feature", "geometry": {"type": "Point", "coordinates": [-113.54443585000001, 53.468255015]}, "properties": {"DAUID": "48110899.0", "total_jobs": 315, "job_category": "Arts, entertainment and recreation"}}, {"type": "Feature", "geometry": {"type": "Point", "coordinates": [-113.53971552631579, 53.472093938421054]}, "properties": {"DAUID": "48110900.0", "total_jobs": 322, "job_category": "Health care and social assistance"}}, {"type": "Feature", "geometry": {"type": "Point", "coordinates": [-113.52897515000001, 53.47387445]}, "properties": {"DAUID": "48110902.0", "total_jobs": 19, "job_category": "Health care and social assistance"}}, {"type": "Feature", "geometry": {"type": "Point", "coordinates": [-113.5268539, 53.47229275]}, "properties": {"DAUID": "48110904.0", "total_jobs": 60, "job_category": "Educational services"}}, {"type": "Feature", "geometry": {"type": "Point", "coordinates": [-113.524244, 53.47517]}, "properties": {"DAUID": "48110906.0", "total_jobs": 60, "job_category": "Educational services"}}, {"type": "Feature", "geometry": {"type": "Point", "coordinates": [-113.50514519523809, 53.47494072285714]}, "properties": {"DAUID": "48110909.0", "total_jobs": 296, "job_category": "Educational services"}}, {"type": "Feature", "geometry": {"type": "Point", "coordinates": [-113.50466424999999, 53.477788805]}, "properties": {"DAUID": "48110911.0", "total_jobs": 314, "job_category": "Health care and social assistance"}}, {"type": "Feature", "geometry": {"type": "Point", "coordinates": [-113.5146771, 53.47927192]}, "properties": {"DAUID": "48110912.0", "total_jobs": 4, "job_category": "Other services (except public administration)"}}, {"type": "Feature", "geometry": {"type": "Point", "coordinates": [-113.4925175487395, 53.475791469075624]}, "properties": {"DAUID": "48110921.0", "total_jobs": 3137, "job_category": "Accommodation and food services"}}, {"type": "Feature", "geometry": {"type": "Point", "coordinates": [-113.50233303333333, 53.473154603333334]}, "properties": {"DAUID": "48110923.0", "total_jobs": 12, "job_category": "Real estate and rental and leasing"}}, {"type": "Feature", "geometry": {"type": "Point", "coordinates": [-113.4949966, 53.4697185]}, "properties": {"DAUID": "48110924.0", "total_jobs": 15, "job_category": "Retail trade"}}, {"type": "Feature", "geometry": {"type": "Point", "coordinates": [-113.49422, 53.46072038]}, "properties": {"DAUID": "48110929.0", "total_jobs": 300, "job_category": "Retail trade"}}, {"type": "Feature", "geometry": {"type": "Point", "coordinates": [-113.48992405555556, 53.45877062598291]}, "properties": {"DAUID": "48110930.0", "total_jobs": 2746, "job_category": "Accommodation and food services"}}, {"type": "Feature", "geometry": {"type": "Point", "coordinates": [-113.50066946666668, 53.455951903333336]}, "properties": {"DAUID": "48110931.0", "total_jobs": 68, "job_category": "Public administration"}}, {"type": "Feature", "geometry": {"type": "Point", "coordinates": [-113.5076151, 53.45545836666667]}, "properties": {"DAUID": "48110932.0", "total_jobs": 12, "job_category": "Real estate and rental and leasing"}}, {"type": "Feature", "geometry": {"type": "Point", "coordinates": [-113.50754922499999, 53.45927953]}, "properties": {"DAUID": "48110933.0", "total_jobs": 72, "job_category": "Accommodation and food services"}}, {"type": "Feature", "geometry": {"type": "Point", "coordinates": [-113.50324900666666, 53.462375791666666]}, "properties": {"DAUID": "48110934.0", "total_jobs": 605, "job_category": "Other services (except public administration)"}}, {"type": "Feature", "geometry": {"type": "Point", "coordinates": [-113.50749672500001, 53.4618644925]}, "properties": {"DAUID": "48110935.0", "total_jobs": 83, "job_category": "Educational services"}}, {"type": "Feature", "geometry": {"type": "Point", "coordinates": [-113.52920897272726, 53.46158555272727]}, "properties": {"DAUID": "48110943.0", "total_jobs": 122, "job_category": "Educational services"}}, {"type": "Feature", "geometry": {"type": "Point", "coordinates": [-113.52881655, 53.464193484999996]}, "properties": {"DAUID": "48110944.0", "total_jobs": 8, "job_category": "Real estate and rental and leasing"}}, {"type": "Feature", "geometry": {"type": "Point", "coordinates": [-113.537592, 53.463978]}, "properties": {"DAUID": "48110946.0", "total_jobs": 15, "job_category": "Administrative and support, waste management and remediation services"}}, {"type": "Feature", "geometry": {"type": "Point", "coordinates": [-113.53088912222222, 53.46045711185185]}, "properties": {"DAUID": "48110948.0", "total_jobs": 432, "job_category": "Accommodation and food services"}}, {"type": "Feature", "geometry": {"type": "Point", "coordinates": [-113.52878580000001, 53.456863940000005]}, "properties": {"DAUID": "48110951.0", "total_jobs": 8, "job_category": "Real estate and rental and leasing"}}, {"type": "Feature", "geometry": {"type": "Point", "coordinates": [-113.52735528000001, 53.45215502999999]}, "properties": {"DAUID": "48110952.0", "total_jobs": 154, "job_category": "Educational services"}}, {"type": "Feature", "geometry": {"type": "Point", "coordinates": [-113.52475633571429, 53.45310165642858]}, "properties": {"DAUID": "48110953.0", "total_jobs": 212, "job_category": "Retail trade"}}, {"type": "Feature", "geometry": {"type": "Point", "coordinates": [-113.51555463529411, 53.45154763117647]}, "properties": {"DAUID": "48110954.0", "total_jobs": 486, "job_category": "Arts, entertainment and recreation"}}, {"type": "Feature", "geometry": {"type": "Point", "coordinates": [-113.5192363, 53.44771701]}, "properties": {"DAUID": "48110955.0", "total_jobs": 4, "job_category": "Real estate and rental and leasing"}}, {"type": "Feature", "geometry": {"type": "Point", "coordinates": [-113.51046607209302, 53.45286105976744]}, "properties": {"DAUID": "48110956.0", "total_jobs": 495, "job_category": "Health care and social assistance"}}, {"type": "Feature", "geometry": {"type": "Point", "coordinates": [-113.513336475, 53.45528436881579]}, "properties": {"DAUID": "48110957.0", "total_jobs": 1867, "job_category": "Accommodation and food services"}}, {"type": "Feature", "geometry": {"type": "Point", "coordinates": [-113.50751822, 53.453023828000006]}, "properties": {"DAUID": "48110958.0", "total_jobs": 87, "job_category": "Finance and insurance"}}, {"type": "Feature", "geometry": {"type": "Point", "coordinates": [-113.50032912727274, 53.448312150909096]}, "properties": {"DAUID": "48110960.0", "total_jobs": 111, "job_category": "Educational services"}}, {"type": "Feature", "geometry": {"type": "Point", "coordinates": [-113.5034212, 53.44730001]}, "properties": {"DAUID": "48110962.0", "total_jobs": 60, "job_category": "Other services (except public administration)"}}, {"type": "Feature", "geometry": {"type": "Point", "coordinates": [-113.51759368571427, 53.439003498571424]}, "properties": {"DAUID": "48110967.0", "total_jobs": 84, "job_category": "Health care and social assistance"}}, {"type": "Feature", "geometry": {"type": "Point", "coordinates": [-113.52563495, 53.442457645000005]}, "properties": {"DAUID": "48110968.0", "total_jobs": 120, "job_category": "Educational services"}}, {"type": "Feature", "geometry": {"type": "Point", "coordinates": [-113.5725101, 53.4737804]}, "properties": {"DAUID": "48110977.0", "total_jobs": 60, "job_category": "Educational services"}}, {"type": "Feature", "geometry": {"type": "Point", "coordinates": [-113.57382505714286, 53.47536384428571]}, "properties": {"DAUID": "48110978.0", "total_jobs": 106, "job_category": "Accommodation and food services"}}, {"type": "Feature", "geometry": {"type": "Point", "coordinates": [-113.58420481, 53.4693426905]}, "properties": {"DAUID": "48110979.0", "total_jobs": 493, "job_category": "Accommodation and food services"}}, {"type": "Feature", "geometry": {"type": "Point", "coordinates": [-113.5773669, 53.47620996]}, "properties": {"DAUID": "48110980.0", "total_jobs": 15, "job_category": "Professional, scientific and technical services"}}, {"type": "Feature", "geometry": {"type": "Point", "coordinates": [-113.5768355375, 53.476246665]}, "properties": {"DAUID": "48110981.0", "total_jobs": 110, "job_category": "Accommodation and food services"}}, {"type": "Feature", "geometry": {"type": "Point", "coordinates": [-113.57950736666668, 53.48364199333333]}, "properties": {"DAUID": "48110982.0", "total_jobs": 79, "job_category": "Educational services"}}, {"type": "Feature", "geometry": {"type": "Point", "coordinates": [-113.5855039, 53.47579418]}, "properties": {"DAUID": "48110984.0", "total_jobs": 15, "job_category": "Health care and social assistance"}}, {"type": "Feature", "geometry": {"type": "Point", "coordinates": [-113.58210654999999, 53.48395046]}, "properties": {"DAUID": "48110985.0", "total_jobs": 8, "job_category": "Real estate and rental and leasing"}}, {"type": "Feature", "geometry": {"type": "Point", "coordinates": [-113.57953728, 53.485724989000005]}, "properties": {"DAUID": "48110986.0", "total_jobs": 107, "job_category": "Health care and social assistance"}}, {"type": "Feature", "geometry": {"type": "Point", "coordinates": [-113.57447214999999, 53.490782365]}, "properties": {"DAUID": "48110987.0", "total_jobs": 75, "job_category": "Educational services"}}, {"type": "Feature", "geometry": {"type": "Point", "coordinates": [-113.5616304, 53.4835512]}, "properties": {"DAUID": "48110989.0", "total_jobs": 4, "job_category": "Real estate and rental and leasing"}}, {"type": "Feature", "geometry": {"type": "Point", "coordinates": [-113.5689902, 53.4923518525]}, "properties": {"DAUID": "48110991.0", "total_jobs": 72, "job_category": "Educational services"}}, {"type": "Feature", "geometry": {"type": "Point", "coordinates": [-113.57709498095238, 53.49449485142858]}, "properties": {"DAUID": "48110993.0", "total_jobs": 351, "job_category": "Educational services"}}, {"type": "Feature", "geometry": {"type": "Point", "coordinates": [-113.57937294999999, 53.502197655]}, "properties": {"DAUID": "48110994.0", "total_jobs": 120, "job_category": "Accommodation and food services"}}, {"type": "Feature", "geometry": {"type": "Point", "coordinates": [-113.57861832500001, 53.49107008]}, "properties": {"DAUID": "48110995.0", "total_jobs": 72, "job_category": "Educational services"}}, {"type": "Feature", "geometry": {"type": "Point", "coordinates": [-113.6002, 53.48891]}, "properties": {"DAUID": "48110996.0", "total_jobs": 300, "job_category": "Arts, entertainment and recreation"}}, {"type": "Feature", "geometry": {"type": "Point", "coordinates": [-113.61405250555555, 53.50381699277778]}, "properties": {"DAUID": "48111001.0", "total_jobs": 363, "job_category": "Accommodation and food services"}}, {"type": "Feature", "geometry": {"type": "Point", "coordinates": [-113.619591, 53.498997]}, "properties": {"DAUID": "48111002.0", "total_jobs": 15, "job_category": "Health care and social assistance"}}, {"type": "Feature", "geometry": {"type": "Point", "coordinates": [-113.6184228, 53.50432734636363]}, "properties": {"DAUID": "48111003.0", "total_jobs": 66, "job_category": "Accommodation and food services"}}, {"type": "Feature", "geometry": {"type": "Point", "coordinates": [-113.62799326666668, 53.49835522666667]}, "properties": {"DAUID": "48111007.0", "total_jobs": 68, "job_category": "Educational services"}}, {"type": "Feature", "geometry": {"type": "Point", "coordinates": [-113.62279243333334, 53.495511670000006]}, "properties": {"DAUID": "48111008.0", "total_jobs": 90, "job_category": "Educational services"}}, {"type": "Feature", "geometry": {"type": "Point", "coordinates": [-113.63728434999999, 53.49373828]}, "properties": {"DAUID": "48111010.0", "total_jobs": 64, "job_category": "Educational services"}}, {"type": "Feature", "geometry": {"type": "Point", "coordinates": [-113.6356291, 53.50395307]}, "properties": {"DAUID": "48111021.0", "total_jobs": 4, "job_category": "Real estate and rental and leasing"}}, {"type": "Feature", "geometry": {"type": "Point", "coordinates": [-113.643367, 53.50813403]}, "properties": {"DAUID": "48111027.0", "total_jobs": 4, "job_category": "Real estate and rental and leasing"}}, {"type": "Feature", "geometry": {"type": "Point", "coordinates": [-113.6377729, 53.5081153]}, "properties": {"DAUID": "48111028.0", "total_jobs": 60, "job_category": "Real estate and rental and leasing"}}, {"type": "Feature", "geometry": {"type": "Point", "coordinates": [-113.63128901176471, 53.507780213529415]}, "properties": {"DAUID": "48111030.0", "total_jobs": 677, "job_category": "Arts, entertainment and recreation"}}, {"type": "Feature", "geometry": {"type": "Point", "coordinates": [-113.60465795, 53.515300550000006]}, "properties": {"DAUID": "48111035.0", "total_jobs": 120, "job_category": "Educational services"}}, {"type": "Feature", "geometry": {"type": "Point", "coordinates": [-113.60901483333333, 53.51925370666667]}, "properties": {"DAUID": "48111036.0", "total_jobs": 34, "job_category": "Accommodation and food services"}}, {"type": "Feature", "geometry": {"type": "Point", "coordinates": [-113.59453462978722, 53.52053849234043]}, "properties": {"DAUID": "48111038.0", "total_jobs": 1261, "job_category": "Health care and social assistance"}}, {"type": "Feature", "geometry": {"type": "Point", "coordinates": [-113.59579171818181, 53.51926012454546]}, "properties": {"DAUID": "48111039.0", "total_jobs": 178, "job_category": "Accommodation and food services"}}, {"type": "Feature", "geometry": {"type": "Point", "coordinates": [-113.5951854, 53.5141924]}, "properties": {"DAUID": "48111041.0", "total_jobs": 60, "job_category": "Educational services"}}, {"type": "Feature", "geometry": {"type": "Point", "coordinates": [-113.5863709, 53.5086036]}, "properties": {"DAUID": "48111043.0", "total_jobs": 60, "job_category": "Educational services"}}, {"type": "Feature", "geometry": {"type": "Point", "coordinates": [-113.6026958, 53.5111205]}, "properties": {"DAUID": "48111046.0", "total_jobs": 60, "job_category": "Educational services"}}, {"type": "Feature", "geometry": {"type": "Point", "coordinates": [-113.59167900833334, 53.50927099166666]}, "properties": {"DAUID": "48111047.0", "total_jobs": 171, "job_category": "Health care and social assistance"}}, {"type": "Feature", "geometry": {"type": "Point", "coordinates": [-113.6069, 53.50672]}, "properties": {"DAUID": "48111049.0", "total_jobs": 60, "job_category": "Educational services"}}, {"type": "Feature", "geometry": {"type": "Point", "coordinates": [-113.551421525, 53.5118889775]}, "properties": {"DAUID": "48111051.0", "total_jobs": 83, "job_category": "Arts, entertainment and recreation"}}, {"type": "Feature", "geometry": {"type": "Point", "coordinates": [-113.566126675, 53.517499889999996]}, "properties": {"DAUID": "48111053.0", "total_jobs": 27, "job_category": "Accommodation and food services"}}, {"type": "Feature", "geometry": {"type": "Point", "coordinates": [-113.558, 53.51651]}, "properties": {"DAUID": "48111054.0", "total_jobs": 15, "job_category": "Wholesale trade"}}, {"type": "Feature", "geometry": {"type": "Point", "coordinates": [-113.5528587, 53.52317101]}, "properties": {"DAUID": "48111055.0", "total_jobs": 4, "job_category": "Educational services"}}, {"type": "Feature", "geometry": {"type": "Point", "coordinates": [-113.5702931, 53.5206374]}, "properties": {"DAUID": "48111057.0", "total_jobs": 60, "job_category": "Educational services"}}, {"type": "Feature", "geometry": {"type": "Point", "coordinates": [-113.5773978, 53.51907833357143]}, "properties": {"DAUID": "48111059.0", "total_jobs": 268, "job_category": "Finance and insurance"}}, {"type": "Feature", "geometry": {"type": "Point", "coordinates": [-113.5669144, 53.51799306]}, "properties": {"DAUID": "48111060.0", "total_jobs": 4, "job_category": "Health care and social assistance"}}, {"type": "Feature", "geometry": {"type": "Point", "coordinates": [-113.5786613, 53.51902775]}, "properties": {"DAUID": "48111061.0", "total_jobs": 4, "job_category": "Real estate and rental and leasing"}}, {"type": "Feature", "geometry": {"type": "Point", "coordinates": [-113.58475825, 53.518096025]}, "properties": {"DAUID": "48111062.0", "total_jobs": 64, "job_category": "Educational services"}}, {"type": "Feature", "geometry": {"type": "Point", "coordinates": [-113.58921381702127, 53.519847954680856]}, "properties": {"DAUID": "48111063.0", "total_jobs": 355, "job_category": "Health care and social assistance"}}, {"type": "Feature", "geometry": {"type": "Point", "coordinates": [-113.58504793333333, 53.52171347666666]}, "properties": {"DAUID": "48111064.0", "total_jobs": 79, "job_category": "Educational services"}}, {"type": "Feature", "geometry": {"type": "Point", "coordinates": [-113.57922111621623, 53.520657019729725]}, "properties": {"DAUID": "48111065.0", "total_jobs": 768, "job_category": "Accommodation and food services"}}, {"type": "Feature", "geometry": {"type": "Point", "coordinates": [-113.57896373999999, 53.52486206]}, "properties": {"DAUID": "48111066.0", "total_jobs": 31, "job_category": "Real estate and rental and leasing"}}, {"type": "Feature", "geometry": {"type": "Point", "coordinates": [-113.57854605384615, 53.529503399999996]}, "properties": {"DAUID": "48111068.0", "total_jobs": 74, "job_category": "Retail trade"}}, {"type": "Feature", "geometry": {"type": "Point", "coordinates": [-113.57769102, 53.53184426400001]}, "properties": {"DAUID": "48111069.0", "total_jobs": 20, "job_category": "Retail trade"}}, {"type": "Feature", "geometry": {"type": "Point", "coordinates": [-113.5785475, 53.53263673833334]}, "properties": {"DAUID": "48111070.0", "total_jobs": 80, "job_category": "Health care and social assistance"}}, {"type": "Feature", "geometry": {"type": "Point", "coordinates": [-113.58979185217392, 53.53183369391304]}, "properties": {"DAUID": "48111072.0", "total_jobs": 258, "job_category": "Health care and social assistance"}}, {"type": "Feature", "geometry": {"type": "Point", "coordinates": [-113.59093187058824, 53.5337645682353]}, "properties": {"DAUID": "48111073.0", "total_jobs": 101, "job_category": "Real estate and rental and leasing"}}, {"type": "Feature", "geometry": {"type": "Point", "coordinates": [-113.59021215, 53.537126004]}, "properties": {"DAUID": "48111074.0", "total_jobs": 40, "job_category": "Real estate and rental and leasing"}}, {"type": "Feature", "geometry": {"type": "Point", "coordinates": [-113.57854461428572, 53.53616396571429]}, "properties": {"DAUID": "48111076.0", "total_jobs": 112, "job_category": "Professional, scientific and technical services"}}, {"type": "Feature", "geometry": {"type": "Point", "coordinates": [-113.57683213333333, 53.53898985666666]}, "properties": {"DAUID": "48111077.0", "total_jobs": 12, "job_category": "Other services (except public administration)"}}, {"type": "Feature", "geometry": {"type": "Point", "coordinates": [-113.57983787631579, 53.54138641118421]}, "properties": {"DAUID": "48111078.0", "total_jobs": 1236, "job_category": "Retail trade"}}, {"type": "Feature", "geometry": {"type": "Point", "coordinates": [-113.57506631111112, 53.54270757666667]}, "properties": {"DAUID": "48111079.0", "total_jobs": 150, "job_category": "Health care and social assistance"}}, {"type": "Feature", "geometry": {"type": "Point", "coordinates": [-113.56722492380952, 53.54353883761905]}, "properties": {"DAUID": "48111080.0", "total_jobs": 352, "job_category": "Health care and social assistance"}}, {"type": "Feature", "geometry": {"type": "Point", "coordinates": [-113.56515691320756, 53.5435101409434]}, "properties": {"DAUID": "48111081.0", "total_jobs": 1702, "job_category": "Real estate and rental and leasing"}}, {"type": "Feature", "geometry": {"type": "Point", "coordinates": [-113.5592212, 53.5466916]}, "properties": {"DAUID": "48111082.0", "total_jobs": 60, "job_category": "Educational services"}}, {"type": "Feature", "geometry": {"type": "Point", "coordinates": [-113.5555058, 53.54399955]}, "properties": {"DAUID": "48111083.0", "total_jobs": 60, "job_category": "Educational services"}}, {"type": "Feature", "geometry": {"type": "Point", "coordinates": [-113.55334701666668, 53.54586074]}, "properties": {"DAUID": "48111087.0", "total_jobs": 46, "job_category": "Accommodation and food services"}}, {"type": "Feature", "geometry": {"type": "Point", "coordinates": [-113.5605406, 53.548577725]}, "properties": {"DAUID": "48111088.0", "total_jobs": 120, "job_category": "Educational services"}}, {"type": "Feature", "geometry": {"type": "Point", "coordinates": [-113.55789001666666, 53.55508536166667]}, "properties": {"DAUID": "48111089.0", "total_jobs": 91, "job_category": "Educational services"}}, {"type": "Feature", "geometry": {"type": "Point", "coordinates": [-113.5537339, 53.55955144]}, "properties": {"DAUID": "48111090.0", "total_jobs": 120, "job_category": "Health care and social assistance"}}, {"type": "Feature", "geometry": {"type": "Point", "coordinates": [-113.56116064, 53.558567862]}, "properties": {"DAUID": "48111091.0", "total_jobs": 428, "job_category": "Arts, entertainment and recreation"}}, {"type": "Feature", "geometry": {"type": "Point", "coordinates": [-113.55194915714286, 53.56115301142857]}, "properties": {"DAUID": "48111092.0", "total_jobs": 263, "job_category": "Accommodation and food services"}}, {"type": "Feature", "geometry": {"type": "Point", "coordinates": [-113.54719677142857, 53.56004700571429]}, "properties": {"DAUID": "48111093.0", "total_jobs": 252, "job_category": "Educational services"}}, {"type": "Feature", "geometry": {"type": "Point", "coordinates": [-113.54815605, 53.566369325]}, "properties": {"DAUID": "48111094.0", "total_jobs": 8, "job_category": "Real estate and rental and leasing"}}, {"type": "Feature", "geometry": {"type": "Point", "coordinates": [-113.5518866, 53.56439530285714]}, "properties": {"DAUID": "48111095.0", "total_jobs": 84, "job_category": "Finance and insurance"}}, {"type": "Feature", "geometry": {"type": "Point", "coordinates": [-113.55524093, 53.561084772]}, "properties": {"DAUID": "48111096.0", "total_jobs": 561, "job_category": "Retail trade"}}, {"type": "Feature", "geometry": {"type": "Point", "coordinates": [-113.55572235, 53.563840495]}, "properties": {"DAUID": "48111097.0", "total_jobs": 27, "job_category": "Retail trade"}}, {"type": "Feature", "geometry": {"type": "Point", "coordinates": [-113.56709259864864, 53.567409940675674]}, "properties": {"DAUID": "48111099.0", "total_jobs": 2156, "job_category": "Public administration"}}, {"type": "Feature", "geometry": {"type": "Point", "coordinates": [-113.56620418666667, 53.573472671333334]}, "properties": {"DAUID": "48111100.0", "total_jobs": 473, "job_category": "Construction"}}, {"type": "Feature", "geometry": {"type": "Point", "coordinates": [-113.5556823, 53.57206123]}, "properties": {"DAUID": "48111101.0", "total_jobs": 8, "job_category": "Health care and social assistance"}}, {"type": "Feature", "geometry": {"type": "Point", "coordinates": [-113.55239093600001, 53.56780937600001]}, "properties": {"DAUID": "48111102.0", "total_jobs": 413, "job_category": "Accommodation and food services"}}, {"type": "Feature", "geometry": {"type": "Point", "coordinates": [-113.5535141, 53.57499831]}, "properties": {"DAUID": "48111103.0", "total_jobs": 4, "job_category": "Real estate and rental and leasing"}}, {"type": "Feature", "geometry": {"type": "Point", "coordinates": [-113.562736865, 53.58507682516667]}, "properties": {"DAUID": "48111104.0", "total_jobs": 1525, "job_category": "Manufacturing"}}, {"type": "Feature", "geometry": {"type": "Point", "coordinates": [-113.5778064627409, 53.59157484620985]}, "properties": {"DAUID": "48111106.0", "total_jobs": 14339, "job_category": "Manufacturing"}}, {"type": "Feature", "geometry": {"type": "Point", "coordinates": [-113.55591361111111, 53.582895663888884]}, "properties": {"DAUID": "48111107.0", "total_jobs": 150, "job_category": "Retail trade"}}, {"type": "Feature", "geometry": {"type": "Point", "coordinates": [-113.5549676, 53.59186525]}, "properties": {"DAUID": "48111108.0", "total_jobs": 60, "job_category": "Educational services"}}, {"type": "Feature", "geometry": {"type": "Point", "coordinates": [-113.55107202083333, 53.60005953375]}, "properties": {"DAUID": "48111110.0", "total_jobs": 588, "job_category": "Accommodation and food services"}}, {"type": "Feature", "geometry": {"type": "Point", "coordinates": [-113.56316970882352, 53.59923581176471]}, "properties": {"DAUID": "48111111.0", "total_jobs": 1129, "job_category": "Accommodation and food services"}}, {"type": "Feature", "geometry": {"type": "Point", "coordinates": [-113.5423034392857, 53.60063588535714]}, "properties": {"DAUID": "48111113.0", "total_jobs": 826, "job_category": "Accommodation and food services"}}, {"type": "Feature", "geometry": {"type": "Point", "coordinates": [-113.54694085555555, 53.592790613333335]}, "properties": {"DAUID": "48111114.0", "total_jobs": 114, "job_category": "Retail trade"}}, {"type": "Feature", "geometry": {"type": "Point", "coordinates": [-113.53936657894737, 53.59971618421053]}, "properties": {"DAUID": "48111115.0", "total_jobs": 276, "job_category": "Accommodation and food services"}}, {"type": "Feature", "geometry": {"type": "Point", "coordinates": [-113.54331365454546, 53.589225131818175]}, "properties": {"DAUID": "48111116.0", "total_jobs": 178, "job_category": "Information and cultural industries"}}, {"type": "Feature", "geometry": {"type": "Point", "coordinates": [-113.54277571698113, 53.583233753773584]}, "properties": {"DAUID": "48111117.0", "total_jobs": 714, "job_category": "Construction"}}, {"type": "Feature", "geometry": {"type": "Point", "coordinates": [-113.53578230000001, 53.62060549058824]}, "properties": {"DAUID": "48111119.0", "total_jobs": 168, "job_category": "Accommodation and food services"}}, {"type": "Feature", "geometry": {"type": "Point", "coordinates": [-113.59524140499167, 53.57022882419301]}, "properties": {"DAUID": "48111124.0", "total_jobs": 16999, "job_category": "Construction"}}, {"type": "Feature", "geometry": {"type": "Point", "coordinates": [-113.59497830561799, 53.560606291910105]}, "properties": {"DAUID": "48111125.0", "total_jobs": 1605, "job_category": "Transportation and warehousing"}}, {"type": "Feature", "geometry": {"type": "Point", "coordinates": [-113.60680326415094, 53.56088083157232]}, "properties": {"DAUID": "48111126.0", "total_jobs": 3625, "job_category": "Construction"}}, {"type": "Feature", "geometry": {"type": "Point", "coordinates": [-113.59596583333332, 53.55475737333333]}, "properties": {"DAUID": "48111127.0", "total_jobs": 68, "job_category": "Educational services"}}, {"type": "Feature", "geometry": {"type": "Point", "coordinates": [-113.59447870000001, 53.547788383333334]}, "properties": {"DAUID": "48111129.0", "total_jobs": 135, "job_category": "Public administration"}}, {"type": "Feature", "geometry": {"type": "Point", "coordinates": [-113.58966220714285, 53.54977384214286]}, "properties": {"DAUID": "48111130.0", "total_jobs": 134, "job_category": "Educational services"}}, {"type": "Feature", "geometry": {"type": "Point", "coordinates": [-113.58635025000001, 53.547024525]}, "properties": {"DAUID": "48111131.0", "total_jobs": 19, "job_category": "Health care and social assistance"}}, {"type": "Feature", "geometry": {"type": "Point", "coordinates": [-113.5875544, 53.542781563333335]}, "properties": {"DAUID": "48111132.0", "total_jobs": 12, "job_category": "Real estate and rental and leasing"}}, {"type": "Feature", "geometry": {"type": "Point", "coordinates": [-113.59129098604652, 53.54320718511627]}, "properties": {"DAUID": "48111133.0", "total_jobs": 590, "job_category": "Educational services"}}, {"type": "Feature", "geometry": {"type": "Point", "coordinates": [-113.58979850119047, 53.54095086452381]}, "properties": {"DAUID": "48111134.0", "total_jobs": 1665, "job_category": "Educational services"}}, {"type": "Feature", "geometry": {"type": "Point", "coordinates": [-113.58453129318181, 53.541305262954545]}, "properties": {"DAUID": "48111135.0", "total_jobs": 522, "job_category": "Real estate and rental and leasing"}}, {"type": "Feature", "geometry": {"type": "Point", "coordinates": [-113.59464926896553, 53.540923456551724]}, "properties": {"DAUID": "48111136.0", "total_jobs": 566, "job_category": "Accommodation and food services"}}, {"type": "Feature", "geometry": {"type": "Point", "coordinates": [-113.59677588333334, 53.542192801666666]}, "properties": {"DAUID": "48111137.0", "total_jobs": 24, "job_category": "Real estate and rental and leasing"}}, {"type": "Feature", "geometry": {"type": "Point", "coordinates": [-113.599192475, 53.5426962925]}, "properties": {"DAUID": "48111138.0", "total_jobs": 16, "job_category": "Real estate and rental and leasing"}}, {"type": "Feature", "geometry": {"type": "Point", "coordinates": [-113.60225489090908, 53.54093781506493]}, "properties": {"DAUID": "48111139.0", "total_jobs": 911, "job_category": "Health care and social assistance"}}, {"type": "Feature", "geometry": {"type": "Point", "coordinates": [-113.59668131999999, 53.540292014]}, "properties": {"DAUID": "48111140.0", "total_jobs": 53, "job_category": "Retail trade"}}, {"type": "Feature", "geometry": {"type": "Point", "coordinates": [-113.60208736666665, 53.53211673333333]}, "properties": {"DAUID": "48111142.0", "total_jobs": 23, "job_category": "Health care and social assistance"}}, {"type": "Feature", "geometry": {"type": "Point", "coordinates": [-113.6041147, 53.532240998125]}, "properties": {"DAUID": "48111143.0", "total_jobs": 198, "job_category": "Educational services"}}, {"type": "Feature", "geometry": {"type": "Point", "coordinates": [-113.60657179787235, 53.539335542978726]}, "properties": {"DAUID": "48111144.0", "total_jobs": 1440, "job_category": "Health care and social assistance"}}, {"type": "Feature", "geometry": {"type": "Point", "coordinates": [-113.6149204, 53.53780917828125]}, "properties": {"DAUID": "48111145.0", "total_jobs": 1231, "job_category": "Accommodation and food services"}}, {"type": "Feature", "geometry": {"type": "Point", "coordinates": [-113.61856350000001, 53.530880964999994]}, "properties": {"DAUID": "48111147.0", "total_jobs": 504, "job_category": "Health care and social assistance"}}, {"type": "Feature", "geometry": {"type": "Point", "coordinates": [-113.6275292625, 53.523996401875]}, "properties": {"DAUID": "48111148.0", "total_jobs": 388, "job_category": "Retail trade"}}, {"type": "Feature", "geometry": {"type": "Point", "coordinates": [-113.63234753333332, 53.53117472]}, "properties": {"DAUID": "48111149.0", "total_jobs": 12, "job_category": "Real estate and rental and leasing"}}, {"type": "Feature", "geometry": {"type": "Point", "coordinates": [-113.635747, 53.53087134]}, "properties": {"DAUID": "48111152.0", "total_jobs": 12, "job_category": "Real estate and rental and leasing"}}, {"type": "Feature", "geometry": {"type": "Point", "coordinates": [-113.63880556842105, 53.53267897315789]}, "properties": {"DAUID": "48111153.0", "total_jobs": 450, "job_category": "Health care and social assistance"}}, {"type": "Feature", "geometry": {"type": "Point", "coordinates": [-113.63869191666667, 53.53853454666666]}, "properties": {"DAUID": "48111154.0", "total_jobs": 214, "job_category": "Accommodation and food services"}}, {"type": "Feature", "geometry": {"type": "Point", "coordinates": [-113.62784126666666, 53.539084664166666]}, "properties": {"DAUID": "48111155.0", "total_jobs": 462, "job_category": "Accommodation and food services"}}, {"type": "Feature", "geometry": {"type": "Point", "coordinates": [-113.63003066373057, 53.54481257632124]}, "properties": {"DAUID": "48111156.0", "total_jobs": 5922, "job_category": "Retail trade"}}, {"type": "Feature", "geometry": {"type": "Point", "coordinates": [-113.61244776558442, 53.54325994324676]}, "properties": {"DAUID": "48111157.0", "total_jobs": 4568, "job_category": "Accommodation and food services"}}, {"type": "Feature", "geometry": {"type": "Point", "coordinates": [-113.6040136, 53.5457248]}, "properties": {"DAUID": "48111158.0", "total_jobs": 64, "job_category": "Educational services"}}, {"type": "Feature", "geometry": {"type": "Point", "coordinates": [-113.6157360591572, 53.55489155265802]}, "properties": {"DAUID": "48111159.0", "total_jobs": 14786, "job_category": "Construction"}}, {"type": "Feature", "geometry": {"type": "Point", "coordinates": [-113.603760775, 53.55077172]}, "properties": {"DAUID": "48111160.0", "total_jobs": 16, "job_category": "Other services (except public administration)"}}, {"type": "Feature", "geometry": {"type": "Point", "coordinates": [-113.6339342380488, 53.555544704524394]}, "properties": {"DAUID": "48111161.0", "total_jobs": 26770, "job_category": "Manufacturing"}}, {"type": "Feature", "geometry": {"type": "Point", "coordinates": [-113.65057174, 53.542778440666666]}, "properties": {"DAUID": "48111162.0", "total_jobs": 976, "job_category": "Retail trade"}}, {"type": "Feature", "geometry": {"type": "Point", "coordinates": [-113.64419337115383, 53.541253483846155]}, "properties": {"DAUID": "48111163.0", "total_jobs": 1660, "job_category": "Retail trade"}}, {"type": "Feature", "geometry": {"type": "Point", "coordinates": [-113.63856555000001, 53.528566299999994]}, "properties": {"DAUID": "48111167.0", "total_jobs": 8, "job_category": "Real estate and rental and leasing"}}, {"type": "Feature", "geometry": {"type": "Point", "coordinates": [-113.6393519125, 53.524476855]}, "properties": {"DAUID": "48111169.0", "total_jobs": 439, "job_category": "Professional, scientific and technical services"}}, {"type": "Feature", "geometry": {"type": "Point", "coordinates": [-113.6385927, 53.52192871]}, "properties": {"DAUID": "48111171.0", "total_jobs": 4, "job_category": "Real estate and rental and leasing"}}, {"type": "Feature", "geometry": {"type": "Point", "coordinates": [-113.63607833333333, 53.525369043333335]}, "properties": {"DAUID": "48111172.0", "total_jobs": 68, "job_category": "Educational services"}}, {"type": "Feature", "geometry": {"type": "Point", "coordinates": [-113.63798927647059, 53.51773349529412]}, "properties": {"DAUID": "48111174.0", "total_jobs": 224, "job_category": "Accommodation and food services"}}, {"type": "Feature", "geometry": {"type": "Point", "coordinates": [-113.62121316888297, 53.5227894143617]}, "properties": {"DAUID": "48111180.0", "total_jobs": 9204, "job_category": "Retail trade"}}, {"type": "Feature", "geometry": {"type": "Point", "coordinates": [-113.614434275, 53.523932723125]}, "properties": {"DAUID": "48111181.0", "total_jobs": 1842, "job_category": "Health care and social assistance"}}, {"type": "Feature", "geometry": {"type": "Point", "coordinates": [-113.60959355, 53.52279466]}, "properties": {"DAUID": "48111182.0", "total_jobs": 8, "job_category": "Other services (except public administration)"}}, {"type": "Feature", "geometry": {"type": "Point", "coordinates": [-113.60837846666668, 53.52699310333333]}, "properties": {"DAUID": "48111183.0", "total_jobs": 79, "job_category": "Educational services"}}, {"type": "Feature", "geometry": {"type": "Point", "coordinates": [-113.6077152, 53.52081042]}, "properties": {"DAUID": "48111185.0", "total_jobs": 4, "job_category": "Real estate and rental and leasing"}}, {"type": "Feature", "geometry": {"type": "Point", "coordinates": [-113.60416513333332, 53.52805762333333]}, "properties": {"DAUID": "48111187.0", "total_jobs": 135, "job_category": "Educational services"}}, {"type": "Feature", "geometry": {"type": "Point", "coordinates": [-113.59227871428571, 53.521955690000006]}, "properties": {"DAUID": "48111189.0", "total_jobs": 497, "job_category": "Retail trade"}}, {"type": "Feature", "geometry": {"type": "Point", "coordinates": [-113.58871725714286, 53.528911688571434]}, "properties": {"DAUID": "48111190.0", "total_jobs": 95, "job_category": "Finance and insurance"}}, {"type": "Feature", "geometry": {"type": "Point", "coordinates": [-113.64753999999999, 53.51975321]}, "properties": {"DAUID": "48111192.0", "total_jobs": 8, "job_category": "Construction"}}, {"type": "Feature", "geometry": {"type": "Point", "coordinates": [-113.6506765142857, 53.521798741428576]}, "properties": {"DAUID": "48111195.0", "total_jobs": 50, "job_category": "Other services (except public administration)"}}, {"type": "Feature", "geometry": {"type": "Point", "coordinates": [-113.6141, 53.472]}, "properties": {"DAUID": "48111205.0", "total_jobs": 60, "job_category": "Utilities"}}, {"type": "Feature", "geometry": {"type": "Point", "coordinates": [-113.58835487692308, 53.46935675923077]}, "properties": {"DAUID": "48111207.0", "total_jobs": 208, "job_category": "Accommodation and food services"}}, {"type": "Feature", "geometry": {"type": "Point", "coordinates": [-113.48062580372094, 53.44987766646511]}, "properties": {"DAUID": "48111244.0", "total_jobs": 8053, "job_category": "Retail trade"}}, {"type": "Feature", "geometry": {"type": "Point", "coordinates": [-113.4539081, 53.4552692]}, "properties": {"DAUID": "48111247.0", "total_jobs": 60, "job_category": "Educational services"}}, {"type": "Feature", "geometry": {"type": "Point", "coordinates": [-113.46911265, 53.449916785]}, "properties": {"DAUID": "48111248.0", "total_jobs": 64, "job_category": "Manufacturing"}}, {"type": "Feature", "geometry": {"type": "Point", "coordinates": [-113.471410996, 53.45541248232001]}, "properties": {"DAUID": "48111250.0", "total_jobs": 2213, "job_category": "Retail trade"}}, {"type": "Feature", "geometry": {"type": "Point", "coordinates": [-113.4468019, 53.45635065]}, "properties": {"DAUID": "48111251.0", "total_jobs": 60, "job_category": "Educational services"}}, {"type": "Feature", "geometry": {"type": "Point", "coordinates": [-113.43141437857142, 53.467584037857144]}, "properties": {"DAUID": "48111260.0", "total_jobs": 111, "job_category": "Accommodation and food services"}}, {"type": "Feature", "geometry": {"type": "Point", "coordinates": [-113.45051235, 53.444685715]}, "properties": {"DAUID": "48111261.0", "total_jobs": 75, "job_category": "Educational services"}}, {"type": "Feature", "geometry": {"type": "Point", "coordinates": [-113.4562733, 53.43962198]}, "properties": {"DAUID": "48111262.0", "total_jobs": 4, "job_category": "Real estate and rental and leasing"}}, {"type": "Feature", "geometry": {"type": "Point", "coordinates": [-113.5799537, 53.546516510000004]}, "properties": {"DAUID": "48111266.0", "total_jobs": 64, "job_category": "Educational services"}}, {"type": "Feature", "geometry": {"type": "Point", "coordinates": [-113.57359683333334, 53.54693525]}, "properties": {"DAUID": "48111268.0", "total_jobs": 12, "job_category": "Other services (except public administration)"}}, {"type": "Feature", "geometry": {"type": "Point", "coordinates": [-113.56531229999999, 53.54731204428571]}, "properties": {"DAUID": "48111269.0", "total_jobs": 39, "job_category": "Professional, scientific and technical services"}}, {"type": "Feature", "geometry": {"type": "Point", "coordinates": [-113.57037389999999, 53.55237606]}, "properties": {"DAUID": "48111270.0", "total_jobs": 8, "job_category": "Real estate and rental and leasing"}}, {"type": "Feature", "geometry": {"type": "Point", "coordinates": [-113.5670661875, 53.55531432875]}, "properties": {"DAUID": "48111271.0", "total_jobs": 862, "job_category": "Other services (except public administration)"}}, {"type": "Feature", "geometry": {"type": "Point", "coordinates": [-113.5752486, 53.55691309428572]}, "properties": {"DAUID": "48111272.0", "total_jobs": 50, "job_category": "Professional, scientific and technical services"}}, {"type": "Feature", "geometry": {"type": "Point", "coordinates": [-113.56948226521739, 53.559547063695646]}, "properties": {"DAUID": "48111273.0", "total_jobs": 955, "job_category": "Wholesale trade"}}, {"type": "Feature", "geometry": {"type": "Point", "coordinates": [-113.58237042598425, 53.56158644952756]}, "properties": {"DAUID": "48111275.0", "total_jobs": 3093, "job_category": "Transportation and warehousing"}}, {"type": "Feature", "geometry": {"type": "Point", "coordinates": [-113.58072135, 53.555020135]}, "properties": {"DAUID": "48111276.0", "total_jobs": 8, "job_category": "Other services (except public administration)"}}, {"type": "Feature", "geometry": {"type": "Point", "coordinates": [-113.58969202876713, 53.55912057410959]}, "properties": {"DAUID": "48111277.0", "total_jobs": 1129, "job_category": "Retail trade"}}, {"type": "Feature", "geometry": {"type": "Point", "coordinates": [-113.57969998888889, 53.55093336444444]}, "properties": {"DAUID": "48111278.0", "total_jobs": 47, "job_category": "Retail trade"}}, {"type": "Feature", "geometry": {"type": "Point", "coordinates": [-113.56696734761904, 53.53422233714285]}, "properties": {"DAUID": "48111280.0", "total_jobs": 285, "job_category": "Accommodation and food services"}}, {"type": "Feature", "geometry": {"type": "Point", "coordinates": [-113.56973529999999, 53.533124]}, "properties": {"DAUID": "48111281.0", "total_jobs": 75, "job_category": "Educational services"}}, {"type": "Feature", "geometry": {"type": "Point", "coordinates": [-113.56669811428571, 53.52613135714286]}, "properties": {"DAUID": "48111282.0", "total_jobs": 319, "job_category": "Retail trade"}}, {"type": "Feature", "geometry": {"type": "Point", "coordinates": [-113.5413705, 53.529506]}, "properties": {"DAUID": "48111283.0", "total_jobs": 304, "job_category": "Arts, entertainment and recreation"}}, {"type": "Feature", "geometry": {"type": "Point", "coordinates": [-113.53314040000001, 53.523033288]}, "properties": {"DAUID": "48111284.0", "total_jobs": 163, "job_category": "Accommodation and food services"}}, {"type": "Feature", "geometry": {"type": "Point", "coordinates": [-113.52944834, 53.527460256]}, "properties": {"DAUID": "48111285.0", "total_jobs": 53, "job_category": "Accommodation and food services"}}, {"type": "Feature", "geometry": {"type": "Point", "coordinates": [-113.5235961244186, 53.525931835232555]}, "properties": {"DAUID": "48111286.0", "total_jobs": 2741, "job_category": "Educational services"}}, {"type": "Feature", "geometry": {"type": "Point", "coordinates": [-113.51418016666666, 53.533264143333334]}, "properties": {"DAUID": "48111287.0", "total_jobs": 319, "job_category": "Arts, entertainment and recreation"}}, {"type": "Feature", "geometry": {"type": "Point", "coordinates": [-113.51495597222223, 53.52383304833333]}, "properties": {"DAUID": "48111288.0", "total_jobs": 587, "job_category": "Accommodation and food services"}}, {"type": "Feature", "geometry": {"type": "Point", "coordinates": [-113.49429913469388, 53.521715604693874]}, "properties": {"DAUID": "48111294.0", "total_jobs": 441, "job_category": "Accommodation and food services"}}, {"type": "Feature", "geometry": {"type": "Point", "coordinates": [-113.49162757988827, 53.517405138379885]}, "properties": {"DAUID": "48111295.0", "total_jobs": 2283, "job_category": "Accommodation and food services"}}, {"type": "Feature", "geometry": {"type": "Point", "coordinates": [-113.48811866666667, 53.518990592222224]}, "properties": {"DAUID": "48111296.0", "total_jobs": 150, "job_category": "Accommodation and food services"}}, {"type": "Feature", "geometry": {"type": "Point", "coordinates": [-113.48751868125, 53.521747831249996]}, "properties": {"DAUID": "48111297.0", "total_jobs": 209, "job_category": "Information and cultural industries"}}, {"type": "Feature", "geometry": {"type": "Point", "coordinates": [-113.48751779090911, 53.52432885909091]}, "properties": {"DAUID": "48111298.0", "total_jobs": 55, "job_category": "Real estate and rental and leasing"}}, {"type": "Feature", "geometry": {"type": "Point", "coordinates": [-113.48992722857143, 53.526345122857144]}, "properties": {"DAUID": "48111299.0", "total_jobs": 95, "job_category": "Health care and social assistance"}}, {"type": "Feature", "geometry": {"type": "Point", "coordinates": [-113.48584983076923, 53.52498182307692]}, "properties": {"DAUID": "48111300.0", "total_jobs": 404, "job_category": "Health care and social assistance"}}, {"type": "Feature", "geometry": {"type": "Point", "coordinates": [-113.48484785, 53.519997155]}, "properties": {"DAUID": "48111303.0", "total_jobs": 24, "job_category": "Real estate and rental and leasing"}}, {"type": "Feature", "geometry": {"type": "Point", "coordinates": [-113.4799132888889, 53.51809408444444]}, "properties": {"DAUID": "48111304.0", "total_jobs": 36, "job_category": "Real estate and rental and leasing"}}, {"type": "Feature", "geometry": {"type": "Point", "coordinates": [-113.48251372727273, 53.516641179090904]}, "properties": {"DAUID": "48111305.0", "total_jobs": 122, "job_category": "Educational services"}}, {"type": "Feature", "geometry": {"type": "Point", "coordinates": [-113.48655024473685, 53.51752449631579]}, "properties": {"DAUID": "48111306.0", "total_jobs": 241, "job_category": "Professional, scientific and technical services"}}, {"type": "Feature", "geometry": {"type": "Point", "coordinates": [-113.48818405576922, 53.51380683615385]}, "properties": {"DAUID": "48111307.0", "total_jobs": 990, "job_category": "Manufacturing"}}, {"type": "Feature", "geometry": {"type": "Point", "coordinates": [-113.49716760368098, 53.51408039668711]}, "properties": {"DAUID": "48111308.0", "total_jobs": 1776, "job_category": "Retail trade"}}, {"type": "Feature", "geometry": {"type": "Point", "coordinates": [-113.50288001896553, 53.51579731534483]}, "properties": {"DAUID": "48111309.0", "total_jobs": 500, "job_category": "Real estate and rental and leasing"}}, {"type": "Feature", "geometry": {"type": "Point", "coordinates": [-113.49605359635036, 53.504395884598544]}, "properties": {"DAUID": "48111310.0", "total_jobs": 2384, "job_category": "Retail trade"}}, {"type": "Feature", "geometry": {"type": "Point", "coordinates": [-113.49977998867924, 53.49917210867924]}, "properties": {"DAUID": "48111311.0", "total_jobs": 976, "job_category": "Other services (except public administration)"}}, {"type": "Feature", "geometry": {"type": "Point", "coordinates": [-113.47248553333334, 53.53115366]}, "properties": {"DAUID": "48111313.0", "total_jobs": 12, "job_category": "Other services (except public administration)"}}, {"type": "Feature", "geometry": {"type": "Point", "coordinates": [-113.46746507, 53.531568754]}, "properties": {"DAUID": "48111314.0", "total_jobs": 158, "job_category": "Information and cultural industries"}}, {"type": "Feature", "geometry": {"type": "Point", "coordinates": [-113.4629372, 53.53205236]}, "properties": {"DAUID": "48111315.0", "total_jobs": 4, "job_category": "Real estate and rental and leasing"}}, {"type": "Feature", "geometry": {"type": "Point", "coordinates": [-113.4615317, 53.532447885]}, "properties": {"DAUID": "48111316.0", "total_jobs": 8, "job_category": "Other services (except public administration)"}}, {"type": "Feature", "geometry": {"type": "Point", "coordinates": [-113.45202490000001, 53.53319006666667]}, "properties": {"DAUID": "48111317.0", "total_jobs": 12, "job_category": "Real estate and rental and leasing"}}, {"type": "Feature", "geometry": {"type": "Point", "coordinates": [-113.47415588181819, 53.53684082]}, "properties": {"DAUID": "48111318.0", "total_jobs": 368, "job_category": "Professional, scientific and technical services"}}, {"type": "Feature", "geometry": {"type": "Point", "coordinates": [-113.5259975, 53.52048645259259]}, "properties": {"DAUID": "48111319.0", "total_jobs": 1550, "job_category": "Health care and social assistance"}}, {"type": "Feature", "geometry": {"type": "Point", "coordinates": [-113.531145, 53.51819081333334]}, "properties": {"DAUID": "48111320.0", "total_jobs": 1120, "job_category": "Health care and social assistance"}}, {"type": "Feature", "geometry": {"type": "Point", "coordinates": [-113.52935147999999, 53.512385687999995]}, "properties": {"DAUID": "48111321.0", "total_jobs": 76, "job_category": "Accommodation and food services"}}, {"type": "Feature", "geometry": {"type": "Point", "coordinates": [-113.53101745, 53.506488715]}, "properties": {"DAUID": "48111323.0", "total_jobs": 334, "job_category": "Public administration"}}, {"type": "Feature", "geometry": {"type": "Point", "coordinates": [-113.53258195714285, 53.50310248428571]}, "properties": {"DAUID": "48111324.0", "total_jobs": 106, "job_category": "Other services (except public administration)"}}, {"type": "Feature", "geometry": {"type": "Point", "coordinates": [-113.54160797777779, 53.49960997111111]}, "properties": {"DAUID": "48111325.0", "total_jobs": 410, "job_category": "Health care and social assistance"}}, {"type": "Feature", "geometry": {"type": "Point", "coordinates": [-113.54839089999999, 53.50209755]}, "properties": {"DAUID": "48111326.0", "total_jobs": 120, "job_category": "Educational services"}}, {"type": "Feature", "geometry": {"type": "Point", "coordinates": [-113.572664, 53.4752072]}, "properties": {"DAUID": "48111330.0", "total_jobs": 4, "job_category": "Other services (except public administration)"}}, {"type": "Feature", "geometry": {"type": "Point", "coordinates": [-113.49096426422764, 53.46568313439024]}, "properties": {"DAUID": "48111332.0", "total_jobs": 3804, "job_category": "Professional, scientific and technical services"}}, {"type": "Feature", "geometry": {"type": "Point", "coordinates": [-113.4983636, 53.4654171]}, "properties": {"DAUID": "48111333.0", "total_jobs": 4, "job_category": "Real estate and rental and leasing"}}, {"type": "Feature", "geometry": {"type": "Point", "coordinates": [-113.351959734375, 53.5065124521875]}, "properties": {"DAUID": "48111335.0", "total_jobs": 2338, "job_category": "Manufacturing"}}, {"type": "Feature", "geometry": {"type": "Point", "coordinates": [-113.41828406249999, 53.444987248749996]}, "properties": {"DAUID": "48111371.0", "total_jobs": 99, "job_category": "Accommodation and food services"}}, {"type": "Feature", "geometry": {"type": "Point", "coordinates": [-113.4195384, 53.44273013]}, "properties": {"DAUID": "48111373.0", "total_jobs": 4, "job_category": "Real estate and rental and leasing"}}, {"type": "Feature", "geometry": {"type": "Point", "coordinates": [-113.50177476666666, 53.62514171666667]}, "properties": {"DAUID": "48111433.0", "total_jobs": 23, "job_category": "Professional, scientific and technical services"}}, {"type": "Feature", "geometry": {"type": "Point", "coordinates": [-113.50785417272728, 53.627441599545456]}, "properties": {"DAUID": "48111434.0", "total_jobs": 300, "job_category": "Health care and social assistance"}}, {"type": "Feature", "geometry": {"type": "Point", "coordinates": [-113.49972101666667, 53.62485461333333]}, "properties": {"DAUID": "48111435.0", "total_jobs": 46, "job_category": "Real estate and rental and leasing"}}, {"type": "Feature", "geometry": {"type": "Point", "coordinates": [-113.4804262, 53.62941914375]}, "properties": {"DAUID": "48111438.0", "total_jobs": 32, "job_category": "Accommodation and food services"}}, {"type": "Feature", "geometry": {"type": "Point", "coordinates": [-113.43154195833334, 53.61550450166666]}, "properties": {"DAUID": "48111442.0", "total_jobs": 204, "job_category": "Accommodation and food services"}}, {"type": "Feature", "geometry": {"type": "Point", "coordinates": [-113.4276955, 53.61094765]}, "properties": {"DAUID": "48111443.0", "total_jobs": 4, "job_category": "Real estate and rental and leasing"}}, {"type": "Feature", "geometry": {"type": "Point", "coordinates": [-113.41883945000001, 53.612957805]}, "properties": {"DAUID": "48111444.0", "total_jobs": 19, "job_category": "Health care and social assistance"}}, {"type": "Feature", "geometry": {"type": "Point", "coordinates": [-113.41858526000001, 53.609086790000006]}, "properties": {"DAUID": "48111445.0", "total_jobs": 53, "job_category": "Retail trade"}}, {"type": "Feature", "geometry": {"type": "Point", "coordinates": [-113.4217014, 53.60827884]}, "properties": {"DAUID": "48111446.0", "total_jobs": 4, "job_category": "Real estate and rental and leasing"}}, {"type": "Feature", "geometry": {"type": "Point", "coordinates": [-113.4311384, 53.6085831]}, "properties": {"DAUID": "48111447.0", "total_jobs": 60, "job_category": "Educational services"}}, {"type": "Feature", "geometry": {"type": "Point", "coordinates": [-113.42559109999999, 53.607683825]}, "properties": {"DAUID": "48111448.0", "total_jobs": 8, "job_category": "Real estate and rental and leasing"}}, {"type": "Feature", "geometry": {"type": "Point", "coordinates": [-113.42850085, 53.600291075]}, "properties": {"DAUID": "48111449.0", "total_jobs": 8, "job_category": "Real estate and rental and leasing"}}, {"type": "Feature", "geometry": {"type": "Point", "coordinates": [-113.42470216585366, 53.597158021219514]}, "properties": {"DAUID": "48111451.0", "total_jobs": 1064, "job_category": "Public administration"}}, {"type": "Feature", "geometry": {"type": "Point", "coordinates": [-113.43055141363635, 53.59009551454546]}, "properties": {"DAUID": "48111452.0", "total_jobs": 451, "job_category": "Accommodation and food services"}}, {"type": "Feature", "geometry": {"type": "Point", "coordinates": [-113.434884, 53.592346087500005]}, "properties": {"DAUID": "48111453.0", "total_jobs": 72, "job_category": "Educational services"}}, {"type": "Feature", "geometry": {"type": "Point", "coordinates": [-113.43112523333333, 53.59902466333333]}, "properties": {"DAUID": "48111454.0", "total_jobs": 34, "job_category": "Accommodation and food services"}}, {"type": "Feature", "geometry": {"type": "Point", "coordinates": [-113.44231348888889, 53.597960513333334]}, "properties": {"DAUID": "48111455.0", "total_jobs": 47, "job_category": "Accommodation and food services"}}, {"type": "Feature", "geometry": {"type": "Point", "coordinates": [-113.4349505, 53.6015903]}, "properties": {"DAUID": "48111456.0", "total_jobs": 60, "job_category": "Educational services"}}, {"type": "Feature", "geometry": {"type": "Point", "coordinates": [-113.44179236363635, 53.60102046272727]}, "properties": {"DAUID": "48111457.0", "total_jobs": 77, "job_category": "Other services (except public administration)"}}, {"type": "Feature", "geometry": {"type": "Point", "coordinates": [-113.4368281, 53.6047926]}, "properties": {"DAUID": "48111458.0", "total_jobs": 60, "job_category": "Educational services"}}, {"type": "Feature", "geometry": {"type": "Point", "coordinates": [-113.44604877166667, 53.602204402666665]}, "properties": {"DAUID": "48111463.0", "total_jobs": 1634, "job_category": "Retail trade"}}, {"type": "Feature", "geometry": {"type": "Point", "coordinates": [-113.4540183, 53.604316516]}, "properties": {"DAUID": "48111464.0", "total_jobs": 414, "job_category": "Health care and social assistance"}}, {"type": "Feature", "geometry": {"type": "Point", "coordinates": [-113.44419133333334, 53.59914975666667]}, "properties": {"DAUID": "48111466.0", "total_jobs": 35, "job_category": "Retail trade"}}, {"type": "Feature", "geometry": {"type": "Point", "coordinates": [-113.4488871, 53.5916483]}, "properties": {"DAUID": "48111467.0", "total_jobs": 64, "job_category": "Educational services"}}, {"type": "Feature", "geometry": {"type": "Point", "coordinates": [-113.45564683333333, 53.59519356333334]}, "properties": {"DAUID": "48111468.0", "total_jobs": 135, "job_category": "Educational services"}}, {"type": "Feature", "geometry": {"type": "Point", "coordinates": [-113.441991075, 53.592674065]}, "properties": {"DAUID": "48111469.0", "total_jobs": 27, "job_category": "Transportation and warehousing"}}, {"type": "Feature", "geometry": {"type": "Point", "coordinates": [-113.4219538, 53.61277939]}, "properties": {"DAUID": "48111471.0", "total_jobs": 4, "job_category": "Real estate and rental and leasing"}}, {"type": "Feature", "geometry": {"type": "Point", "coordinates": [-113.51565478333333, 53.6066344025]}, "properties": {"DAUID": "48111477.0", "total_jobs": 92, "job_category": "Health care and social assistance"}}, {"type": "Feature", "geometry": {"type": "Point", "coordinates": [-113.52020139999999, 53.611765180000006]}, "properties": {"DAUID": "48111478.0", "total_jobs": 8, "job_category": "Real estate and rental and leasing"}}, {"type": "Feature", "geometry": {"type": "Point", "coordinates": [-113.5229418, 53.60277726]}, "properties": {"DAUID": "48111480.0", "total_jobs": 4, "job_category": "Real estate and rental and leasing"}}, {"type": "Feature", "geometry": {"type": "Point", "coordinates": [-113.5322276, 53.6266319]}, "properties": {"DAUID": "48111495.0", "total_jobs": 4, "job_category": "Real estate and rental and leasing"}}, {"type": "Feature", "geometry": {"type": "Point", "coordinates": [-113.52781420000001, 53.620951579999996]}, "properties": {"DAUID": "48111496.0", "total_jobs": 124, "job_category": "Educational services"}}, {"type": "Feature", "geometry": {"type": "Point", "coordinates": [-113.4156676, 53.593899895]}, "properties": {"DAUID": "48111497.0", "total_jobs": 64, "job_category": "Finance and insurance"}}, {"type": "Feature", "geometry": {"type": "Point", "coordinates": [-113.60890098888889, 53.51600014111111]}, "properties": {"DAUID": "48111499.0", "total_jobs": 92, "job_category": "Educational services"}}, {"type": "Feature", "geometry": {"type": "Point", "coordinates": [-113.6502451, 53.52168305]}, "properties": {"DAUID": "48111502.0", "total_jobs": 4, "job_category": "Other services (except public administration)"}}, {"type": "Feature", "geometry": {"type": "Point", "coordinates": [-113.4703561, 53.55627577599999]}, "properties": {"DAUID": "48111505.0", "total_jobs": 20, "job_category": "Real estate and rental and leasing"}}, {"type": "Feature", "geometry": {"type": "Point", "coordinates": [-113.4023756, 53.44837441]}, "properties": {"DAUID": "48111508.0", "total_jobs": 188, "job_category": "Educational services"}}, {"type": "Feature", "geometry": {"type": "Point", "coordinates": [-113.39343341578947, 53.46245848473684]}, "properties": {"DAUID": "48111510.0", "total_jobs": 355, "job_category": "Accommodation and food services"}}, {"type": "Feature", "geometry": {"type": "Point", "coordinates": [-113.393013125, 53.45883024625]}, "properties": {"DAUID": "48111511.0", "total_jobs": 110, "job_category": "Retail trade"}}, {"type": "Feature", "geometry": {"type": "Point", "coordinates": [-113.3981225, 53.4562198]}, "properties": {"DAUID": "48111512.0", "total_jobs": 4, "job_category": "Real estate and rental and leasing"}}, {"type": "Feature", "geometry": {"type": "Point", "coordinates": [-113.4007835, 53.476240965]}, "properties": {"DAUID": "48111516.0", "total_jobs": 64, "job_category": "Educational services"}}, {"type": "Feature", "geometry": {"type": "Point", "coordinates": [-113.52668673333334, 53.45841745333333]}, "properties": {"DAUID": "48111518.0", "total_jobs": 79, "job_category": "Educational services"}}, {"type": "Feature", "geometry": {"type": "Point", "coordinates": [-113.51840763333333, 53.45914248333333]}, "properties": {"DAUID": "48111519.0", "total_jobs": 12, "job_category": "Real estate and rental and leasing"}}, {"type": "Feature", "geometry": {"type": "Point", "coordinates": [-113.5321105, 53.43830134]}, "properties": {"DAUID": "48111522.0", "total_jobs": 4, "job_category": "Real estate and rental and leasing"}}, {"type": "Feature", "geometry": {"type": "Point", "coordinates": [-113.6395362, 53.49106944]}, "properties": {"DAUID": "48111523.0", "total_jobs": 60, "job_category": "Educational services"}}, {"type": "Feature", "geometry": {"type": "Point", "coordinates": [-113.64253212727273, 53.48606206590909]}, "properties": {"DAUID": "48111526.0", "total_jobs": 719, "job_category": "Health care and social assistance"}}, {"type": "Feature", "geometry": {"type": "Point", "coordinates": [-113.6319974, 53.51820743]}, "properties": {"DAUID": "48111528.0", "total_jobs": 4, "job_category": "Real estate and rental and leasing"}}, {"type": "Feature", "geometry": {"type": "Point", "coordinates": [-113.4328311, 53.46886407]}, "properties": {"DAUID": "48111529.0", "total_jobs": 4, "job_category": "Real estate and rental and leasing"}}, {"type": "Feature", "geometry": {"type": "Point", "coordinates": [-113.4323187329114, 53.460639750886074]}, "properties": {"DAUID": "48111530.0", "total_jobs": 2237, "job_category": "Health care and social assistance"}}, {"type": "Feature", "geometry": {"type": "Point", "coordinates": [-113.43016675, 53.444314023749996]}, "properties": {"DAUID": "48111531.0", "total_jobs": 110, "job_category": "Educational services"}}, {"type": "Feature", "geometry": {"type": "Point", "coordinates": [-113.4238361, 53.44145018]}, "properties": {"DAUID": "48111532.0", "total_jobs": 4, "job_category": "Real estate and rental and leasing"}}, {"type": "Feature", "geometry": {"type": "Point", "coordinates": [-113.4188054, 53.6040952]}, "properties": {"DAUID": "48111533.0", "total_jobs": 300, "job_category": "Health care and social assistance"}}, {"type": "Feature", "geometry": {"type": "Point", "coordinates": [-113.42182056268656, 53.59954043656717]}, "properties": {"DAUID": "48111534.0", "total_jobs": 1480, "job_category": "Retail trade"}}, {"type": "Feature", "geometry": {"type": "Point", "coordinates": [-113.534343, 53.53843361]}, "properties": {"DAUID": "48111536.0", "total_jobs": 60, "job_category": "Retail trade"}}, {"type": "Feature", "geometry": {"type": "Point", "coordinates": [-113.5277256, 53.61386887]}, "properties": {"DAUID": "48111537.0", "total_jobs": 4, "job_category": "Real estate and rental and leasing"}}, {"type": "Feature", "geometry": {"type": "Point", "coordinates": [-113.42042415555555, 53.491543818888886]}, "properties": {"DAUID": "48111538.0", "total_jobs": 3254, "job_category": "Construction"}}, {"type": "Feature", "geometry": {"type": "Point", "coordinates": [-113.44267863846154, 53.489618992649575]}, "properties": {"DAUID": "48111539.0", "total_jobs": 4112, "job_category": "Professional, scientific and technical services"}}, {"type": "Feature", "geometry": {"type": "Point", "coordinates": [-113.4692866, 53.621020621]}, "properties": {"DAUID": "48111544.0", "total_jobs": 151, "job_category": "Accommodation and food services"}}, {"type": "Feature", "geometry": {"type": "Point", "coordinates": [-113.3439, 53.62969666666667]}, "properties": {"DAUID": "48111586.0", "total_jobs": 68, "job_category": "Agriculture, forestry, fishing and hunting"}}, {"type": "Feature", "geometry": {"type": "Point", "coordinates": [-113.3878455, 53.61338925]}, "properties": {"DAUID": "48111588.0", "total_jobs": 4, "job_category": "Real estate and rental and leasing"}}, {"type": "Feature", "geometry": {"type": "Point", "coordinates": [-113.38506935000001, 53.603689375]}, "properties": {"DAUID": "48111589.0", "total_jobs": 94, "job_category": "Accommodation and food services"}}, {"type": "Feature", "geometry": {"type": "Point", "coordinates": [-113.3956867, 53.60769294]}, "properties": {"DAUID": "48111590.0", "total_jobs": 12, "job_category": "Real estate and rental and leasing"}}, {"type": "Feature", "geometry": {"type": "Point", "coordinates": [-113.39520917931034, 53.615535534827586]}, "properties": {"DAUID": "48111592.0", "total_jobs": 904, "job_category": "Arts, entertainment and recreation"}}, {"type": "Feature", "geometry": {"type": "Point", "coordinates": [-113.41525003636364, 53.60783111090909]}, "properties": {"DAUID": "48111595.0", "total_jobs": 551, "job_category": "Public administration"}}, {"type": "Feature", "geometry": {"type": "Point", "coordinates": [-113.3888772, 53.599146524999995]}, "properties": {"DAUID": "48111597.0", "total_jobs": 120, "job_category": "Finance and insurance"}}, {"type": "Feature", "geometry": {"type": "Point", "coordinates": [-113.3954018, 53.60262026]}, "properties": {"DAUID": "48111598.0", "total_jobs": 4, "job_category": "Real estate and rental and leasing"}}, {"type": "Feature", "geometry": {"type": "Point", "coordinates": [-113.34619073333333, 53.49767459333333]}, "properties": {"DAUID": "48111649.0", "total_jobs": 124, "job_category": "Transportation and warehousing"}}, {"type": "Feature", "geometry": {"type": "Point", "coordinates": [-113.67672915, 53.3814828]}, "properties": {"DAUID": "48111811.0", "total_jobs": 64, "job_category": "Arts, entertainment and recreation"}}, {"type": "Feature", "geometry": {"type": "Point", "coordinates": [-113.61118206666667, 53.60384806666667]}, "properties": {"DAUID": "48111927.0", "total_jobs": 375, "job_category": "Retail trade"}}, {"type": "Feature", "geometry": {"type": "Point", "coordinates": [-113.59523584000002, 53.606937856]}, "properties": {"DAUID": "48111958.0", "total_jobs": 165, "job_category": "Wholesale trade"}}, {"type": "Feature", "geometry": {"type": "Point", "coordinates": [-113.64325706666666, 53.58630900666666]}, "properties": {"DAUID": "48111963.0", "total_jobs": 124, "job_category": "Wholesale trade"}}, {"type": "Feature", "geometry": {"type": "Point", "coordinates": [-113.67742672857143, 53.51231679047619]}, "properties": {"DAUID": "48111972.0", "total_jobs": 352, "job_category": "Accommodation and food services"}}, {"type": "Feature", "geometry": {"type": "Point", "coordinates": [-113.6478888, 53.4962004]}, "properties": {"DAUID": "48111975.0", "total_jobs": 15, "job_category": "Retail trade"}}, {"type": "Feature", "geometry": {"type": "Point", "coordinates": [-113.64076608333333, 53.495934115000004]}, "properties": {"DAUID": "48111977.0", "total_jobs": 24, "job_category": "Retail trade"}}, {"type": "Feature", "geometry": {"type": "Point", "coordinates": [-113.6390207, 53.498271]}, "properties": {"DAUID": "48111978.0", "total_jobs": 60, "job_category": "Educational services"}}, {"type": "Feature", "geometry": {"type": "Point", "coordinates": [-113.63482805000001, 53.49814776]}, "properties": {"DAUID": "48111979.0", "total_jobs": 8, "job_category": "Real estate and rental and leasing"}}, {"type": "Feature", "geometry": {"type": "Point", "coordinates": [-113.4105372409864, 53.510090824149664]}, "properties": {"DAUID": "48112107.0", "total_jobs": 18638, "job_category": "Manufacturing"}}, {"type": "Feature", "geometry": {"type": "Point", "coordinates": [-113.41698085, 53.53645783269231]}, "properties": {"DAUID": "48112108.0", "total_jobs": 3193, "job_category": "Public administration"}}, {"type": "Feature", "geometry": {"type": "Point", "coordinates": [-113.42854716666666, 53.53794096666667]}, "properties": {"DAUID": "48112109.0", "total_jobs": 68, "job_category": "Educational services"}}, {"type": "Feature", "geometry": {"type": "Point", "coordinates": [-113.42548263272727, 53.54014387181818]}, "properties": {"DAUID": "48112110.0", "total_jobs": 861, "job_category": "Retail trade"}}, {"type": "Feature", "geometry": {"type": "Point", "coordinates": [-113.4344782909091, 53.53946393727272]}, "properties": {"DAUID": "48112111.0", "total_jobs": 167, "job_category": "Educational services"}}, {"type": "Feature", "geometry": {"type": "Point", "coordinates": [-113.43963675185185, 53.540317038518516]}, "properties": {"DAUID": "48112112.0", "total_jobs": 230, "job_category": "Accommodation and food services"}}, {"type": "Feature", "geometry": {"type": "Point", "coordinates": [-113.45318217871147, 53.4933972587675]}, "properties": {"DAUID": "48112114.0", "total_jobs": 9797, "job_category": "Public administration"}}, {"type": "Feature", "geometry": {"type": "Point", "coordinates": [-113.47988136111111, 53.47301855065476]}, "properties": {"DAUID": "48112115.0", "total_jobs": 21626, "job_category": "Construction"}}, {"type": "Feature", "geometry": {"type": "Point", "coordinates": [-113.49144396734694, 53.4844710725]}, "properties": {"DAUID": "48112116.0", "total_jobs": 4559, "job_category": "Accommodation and food services"}}, {"type": "Feature", "geometry": {"type": "Point", "coordinates": [-113.50097377499999, 53.480207201666666]}, "properties": {"DAUID": "48112117.0", "total_jobs": 543, "job_category": "Accommodation and food services"}}, {"type": "Feature", "geometry": {"type": "Point", "coordinates": [-113.50521500833332, 53.48751704833333]}, "properties": {"DAUID": "48112119.0", "total_jobs": 238, "job_category": "Accommodation and food services"}}, {"type": "Feature", "geometry": {"type": "Point", "coordinates": [-113.4701036, 53.46380569384615]}, "properties": {"DAUID": "48112120.0", "total_jobs": 605, "job_category": "Retail trade"}}, {"type": "Feature", "geometry": {"type": "Point", "coordinates": [-113.45760025384615, 53.4642371276923]}, "properties": {"DAUID": "48112121.0", "total_jobs": 141, "job_category": "Accommodation and food services"}}, {"type": "Feature", "geometry": {"type": "Point", "coordinates": [-113.45955620833332, 53.4583309025]}, "properties": {"DAUID": "48112122.0", "total_jobs": 92, "job_category": "Professional, scientific and technical services"}}, {"type": "Feature", "geometry": {"type": "Point", "coordinates": [-113.4502049, 53.45950136333334]}, "properties": {"DAUID": "48112123.0", "total_jobs": 124, "job_category": "Educational services"}}, {"type": "Feature", "geometry": {"type": "Point", "coordinates": [-113.4484785, 53.463618]}, "properties": {"DAUID": "48112125.0", "total_jobs": 4, "job_category": "Real estate and rental and leasing"}}, {"type": "Feature", "geometry": {"type": "Point", "coordinates": [-113.44699757058822, 53.459161122941175]}, "properties": {"DAUID": "48112126.0", "total_jobs": 223, "job_category": "Health care and social assistance"}}, {"type": "Feature", "geometry": {"type": "Point", "coordinates": [-113.43492133636364, 53.46030257454545]}, "properties": {"DAUID": "48112128.0", "total_jobs": 703, "job_category": "Health care and social assistance"}}, {"type": "Feature", "geometry": {"type": "Point", "coordinates": [-113.44965047999999, 53.467865812]}, "properties": {"DAUID": "48112130.0", "total_jobs": 53, "job_category": "Health care and social assistance"}}, {"type": "Feature", "geometry": {"type": "Point", "coordinates": [-113.4501373475, 53.4722531165]}, "properties": {"DAUID": "48112131.0", "total_jobs": 1026, "job_category": "Public administration"}}, {"type": "Feature", "geometry": {"type": "Point", "coordinates": [-113.443923, 53.471486955]}, "properties": {"DAUID": "48112132.0", "total_jobs": 8, "job_category": "Real estate and rental and leasing"}}, {"type": "Feature", "geometry": {"type": "Point", "coordinates": [-113.441864275, 53.619109505]}, "properties": {"DAUID": "48112138.0", "total_jobs": 38, "job_category": "Other services (except public administration)"}}, {"type": "Feature", "geometry": {"type": "Point", "coordinates": [-113.5760820412556, 53.575528847130045]}, "properties": {"DAUID": "48112142.0", "total_jobs": 8059, "job_category": "Transportation and warehousing"}}, {"type": "Feature", "geometry": {"type": "Point", "coordinates": [-113.57363082304833, 53.56695914490707]}, "properties": {"DAUID": "48112143.0", "total_jobs": 5951, "job_category": "Construction"}}, {"type": "Feature", "geometry": {"type": "Point", "coordinates": [-113.62668472983871, 53.52280254145162]}, "properties": {"DAUID": "48112144.0", "total_jobs": 2223, "job_category": "Retail trade"}}, {"type": "Feature", "geometry": {"type": "Point", "coordinates": [-113.6288049, 53.516015315000004]}, "properties": {"DAUID": "48112145.0", "total_jobs": 8, "job_category": "Real estate and rental and leasing"}}, {"type": "Feature", "geometry": {"type": "Point", "coordinates": [-113.62441261111111, 53.51536626833334]}, "properties": {"DAUID": "48112146.0", "total_jobs": 172, "job_category": "Arts, entertainment and recreation"}}, {"type": "Feature", "geometry": {"type": "Point", "coordinates": [-113.6194512125, 53.52071441375]}, "properties": {"DAUID": "48112147.0", "total_jobs": 222, "job_category": "Retail trade"}}, {"type": "Feature", "geometry": {"type": "Point", "coordinates": [-113.61812927142857, 53.50764146142858]}, "properties": {"DAUID": "48112149.0", "total_jobs": 28, "job_category": "Real estate and rental and leasing"}}, {"type": "Feature", "geometry": {"type": "Point", "coordinates": [-113.62582853333333, 53.506318740000005]}, "properties": {"DAUID": "48112150.0", "total_jobs": 147, "job_category": "Arts, entertainment and recreation"}}, {"type": "Feature", "geometry": {"type": "Point", "coordinates": [-113.62661514999999, 53.513919215]}, "properties": {"DAUID": "48112152.0", "total_jobs": 8, "job_category": "Real estate and rental and leasing"}}, {"type": "Feature", "geometry": {"type": "Point", "coordinates": [-113.50666759999999, 53.52628817]}, "properties": {"DAUID": "48112153.0", "total_jobs": 64, "job_category": "Arts, entertainment and recreation"}}, {"type": "Feature", "geometry": {"type": "Point", "coordinates": [-113.50263301086957, 53.519399212391306]}, "properties": {"DAUID": "48112154.0", "total_jobs": 541, "job_category": "Accommodation and food services"}}, {"type": "Feature", "geometry": {"type": "Point", "coordinates": [-113.49704822727273, 53.52191180545455]}, "properties": {"DAUID": "48112155.0", "total_jobs": 133, "job_category": "Accommodation and food services"}}, {"type": "Feature", "geometry": {"type": "Point", "coordinates": [-113.49729401713483, 53.51873193719101]}, "properties": {"DAUID": "48112156.0", "total_jobs": 5328, "job_category": "Accommodation and food services"}}, {"type": "Feature", "geometry": {"type": "Point", "coordinates": [-113.50643095833334, 53.520111604166665]}, "properties": {"DAUID": "48112157.0", "total_jobs": 48, "job_category": "Real estate and rental and leasing"}}, {"type": "Feature", "geometry": {"type": "Point", "coordinates": [-113.50785633283581, 53.518363481343286]}, "properties": {"DAUID": "48112158.0", "total_jobs": 747, "job_category": "Accommodation and food services"}}, {"type": "Feature", "geometry": {"type": "Point", "coordinates": [-113.50773944705882, 53.52130544705882]}, "properties": {"DAUID": "48112159.0", "total_jobs": 90, "job_category": "Real estate and rental and leasing"}}, {"type": "Feature", "geometry": {"type": "Point", "coordinates": [-113.51119897894736, 53.52345645131579]}, "properties": {"DAUID": "48112160.0", "total_jobs": 677, "job_category": "Accommodation and food services"}}, {"type": "Feature", "geometry": {"type": "Point", "coordinates": [-113.5917078, 53.47042296]}, "properties": {"DAUID": "48112161.0", "total_jobs": 8, "job_category": "Other services (except public administration)"}}, {"type": "Feature", "geometry": {"type": "Point", "coordinates": [-113.58868235882353, 53.46857675705883]}, "properties": {"DAUID": "48112162.0", "total_jobs": 258, "job_category": "Retail trade"}}, {"type": "Feature", "geometry": {"type": "Point", "coordinates": [-113.5869810611111, 53.46789776333333]}, "properties": {"DAUID": "48112163.0", "total_jobs": 217, "job_category": "Health care and social assistance"}}, {"type": "Feature", "geometry": {"type": "Point", "coordinates": [-113.59107877499999, 53.458337575]}, "properties": {"DAUID": "48112165.0", "total_jobs": 193, "job_category": "Health care and social assistance"}}, {"type": "Feature", "geometry": {"type": "Point", "coordinates": [-113.4508319, 53.44885502]}, "properties": {"DAUID": "48112167.0", "total_jobs": 4, "job_category": "Retail trade"}}, {"type": "Feature", "geometry": {"type": "Point", "coordinates": [-113.4560231, 53.44355184]}, "properties": {"DAUID": "48112168.0", "total_jobs": 4, "job_category": "Real estate and rental and leasing"}}, {"type": "Feature", "geometry": {"type": "Point", "coordinates": [-113.46044115, 53.4492297925]}, "properties": {"DAUID": "48112169.0", "total_jobs": 72, "job_category": "Educational services"}}, {"type": "Feature", "geometry": {"type": "Point", "coordinates": [-113.46923125, 53.44775945]}, "properties": {"DAUID": "48112170.0", "total_jobs": 240, "job_category": "Professional, scientific and technical services"}}, {"type": "Feature", "geometry": {"type": "Point", "coordinates": [-113.54148855294117, 53.61615532941177]}, "properties": {"DAUID": "48112214.0", "total_jobs": 269, "job_category": "Accommodation and food services"}}, {"type": "Feature", "geometry": {"type": "Point", "coordinates": [-113.54283095000001, 53.614845383500004]}, "properties": {"DAUID": "48112215.0", "total_jobs": 337, "job_category": "Retail trade"}}, {"type": "Feature", "geometry": {"type": "Point", "coordinates": [-113.51832844210527, 53.426898501052634]}, "properties": {"DAUID": "48112224.0", "total_jobs": 343, "job_category": "Retail trade"}}, {"type": "Feature", "geometry": {"type": "Point", "coordinates": [-113.50237745555555, 53.41363019]}, "properties": {"DAUID": "48112226.0", "total_jobs": 773, "job_category": "Retail trade"}}, {"type": "Feature", "geometry": {"type": "Point", "coordinates": [-113.5148402625, 53.423088605625]}, "properties": {"DAUID": "48112227.0", "total_jobs": 639, "job_category": "Retail trade"}}, {"type": "Feature", "geometry": {"type": "Point", "coordinates": [-113.69680108928571, 53.560601892142856]}, "properties": {"DAUID": "48112232.0", "total_jobs": 648, "job_category": "Manufacturing"}}, {"type": "Feature", "geometry": {"type": "Point", "coordinates": [-113.69312948, 53.54387629599999]}, "properties": {"DAUID": "48112233.0", "total_jobs": 185, "job_category": "Real estate and rental and leasing"}}, {"type": "Feature", "geometry": {"type": "Point", "coordinates": [-113.67082654666666, 53.518472163999995]}, "properties": {"DAUID": "48112235.0", "total_jobs": 328, "job_category": "Health care and social assistance"}}, {"type": "Feature", "geometry": {"type": "Point", "coordinates": [-113.39197001999999, 53.474182404666664]}, "properties": {"DAUID": "48112237.0", "total_jobs": 283, "job_category": "Retail trade"}}, {"type": "Feature", "geometry": {"type": "Point", "coordinates": [-113.47492491573603, 53.4292269348731]}, "properties": {"DAUID": "48112242.0", "total_jobs": 3588, "job_category": "Accommodation and food services"}}, {"type": "Feature", "geometry": {"type": "Point", "coordinates": [-113.44567051428571, 53.42516075589286]}, "properties": {"DAUID": "48112246.0", "total_jobs": 580, "job_category": "Arts, entertainment and recreation"}}, {"type": "Feature", "geometry": {"type": "Point", "coordinates": [-113.3709250736842, 53.47781941473684]}, "properties": {"DAUID": "48112250.0", "total_jobs": 523, "job_category": "Finance and insurance"}}, {"type": "Feature", "geometry": {"type": "Point", "coordinates": [-113.46648862, 53.62075479666667]}, "properties": {"DAUID": "48112263.0", "total_jobs": 138, "job_category": "Finance and insurance"}}, {"type": "Feature", "geometry": {"type": "Point", "coordinates": [-113.46561112727272, 53.629666166363634]}, "properties": {"DAUID": "48112264.0", "total_jobs": 223, "job_category": "Retail trade"}}, {"type": "Feature", "geometry": {"type": "Point", "coordinates": [-113.4807495, 53.63489685]}, "properties": {"DAUID": "48112270.0", "total_jobs": 60, "job_category": "Educational services"}}, {"type": "Feature", "geometry": {"type": "Point", "coordinates": [-113.46972872399999, 53.6292013364]}, "properties": {"DAUID": "48112271.0", "total_jobs": 312, "job_category": "Health care and social assistance"}}, {"type": "Feature", "geometry": {"type": "Point", "coordinates": [-113.40136998, 53.599950343]}, "properties": {"DAUID": "48112274.0", "total_jobs": 723, "job_category": "Retail trade"}}, {"type": "Feature", "geometry": {"type": "Point", "coordinates": [-113.58262212222222, 53.458601924444444]}, "properties": {"DAUID": "48112280.0", "total_jobs": 365, "job_category": "Arts, entertainment and recreation"}}, {"type": "Feature", "geometry": {"type": "Point", "coordinates": [-113.575928, 53.460503]}, "properties": {"DAUID": "48112281.0", "total_jobs": 60, "job_category": "Educational services"}}, {"type": "Feature", "geometry": {"type": "Point", "coordinates": [-113.5680336, 53.45574869]}, "properties": {"DAUID": "48112282.0", "total_jobs": 4, "job_category": "Real estate and rental and leasing"}}, {"type": "Feature", "geometry": {"type": "Point", "coordinates": [-113.57921195, 53.457033555]}, "properties": {"DAUID": "48112283.0", "total_jobs": 120, "job_category": "Accommodation and food services"}}, {"type": "Feature", "geometry": {"type": "Point", "coordinates": [-113.5581873, 53.46114362]}, "properties": {"DAUID": "48112285.0", "total_jobs": 4, "job_category": "Real estate and rental and leasing"}}, {"type": "Feature", "geometry": {"type": "Point", "coordinates": [-113.56410229500001, 53.4541302545]}, "properties": {"DAUID": "48112287.0", "total_jobs": 1316, "job_category": "Retail trade"}}, {"type": "Feature", "geometry": {"type": "Point", "coordinates": [-113.49980790546876, 53.541397467929684]}, "properties": {"DAUID": "48112289.0", "total_jobs": 9676, "job_category": "Professional, scientific and technical services"}}, {"type": "Feature", "geometry": {"type": "Point", "coordinates": [-113.49440371524823, 53.54168803109929]}, "properties": {"DAUID": "48112290.0", "total_jobs": 13344, "job_category": "Professional, scientific and technical services"}}, {"type": "Feature", "geometry": {"type": "Point", "coordinates": [-113.49479443571428, 53.538423095714286]}, "properties": {"DAUID": "48112291.0", "total_jobs": 374, "job_category": "Accommodation and food services"}}, {"type": "Feature", "geometry": {"type": "Point", "coordinates": [-113.49509055, 53.534748634375]}, "properties": {"DAUID": "48112292.0", "total_jobs": 343, "job_category": "Professional, scientific and technical services"}}, {"type": "Feature", "geometry": {"type": "Point", "coordinates": [-113.50340573035714, 53.54403427375]}, "properties": {"DAUID": "48112294.0", "total_jobs": 3744, "job_category": "Public administration"}}, {"type": "Feature", "geometry": {"type": "Point", "coordinates": [-113.5069224, 53.54115798942858]}, "properties": {"DAUID": "48112295.0", "total_jobs": 3922, "job_category": "Public administration"}}, {"type": "Feature", "geometry": {"type": "Point", "coordinates": [-113.493396, 53.6391707]}, "properties": {"DAUID": "48112306.0", "total_jobs": 4, "job_category": "Other services (except public administration)"}}, {"type": "Feature", "geometry": {"type": "Point", "coordinates": [-113.5035563, 53.63643217]}, "properties": {"DAUID": "48112307.0", "total_jobs": 4, "job_category": "Health care and social assistance"}}, {"type": "Feature", "geometry": {"type": "Point", "coordinates": [-113.51157321538462, 53.544521163846156]}, "properties": {"DAUID": "48112316.0", "total_jobs": 538, "job_category": "Health care and social assistance"}}, {"type": "Feature", "geometry": {"type": "Point", "coordinates": [-113.51373991428572, 53.54390531387755]}, "properties": {"DAUID": "48112317.0", "total_jobs": 1095, "job_category": "Management of companies and enterprises"}}, {"type": "Feature", "geometry": {"type": "Point", "coordinates": [-113.4223438, 53.45860049]}, "properties": {"DAUID": "48112321.0", "total_jobs": 75, "job_category": "Health care and social assistance"}}, {"type": "Feature", "geometry": {"type": "Point", "coordinates": [-113.422827025, 53.45541621583334]}, "properties": {"DAUID": "48112322.0", "total_jobs": 226, "job_category": "Accommodation and food services"}}, {"type": "Feature", "geometry": {"type": "Point", "coordinates": [-113.6274041125, 53.534014755]}, "properties": {"DAUID": "48112324.0", "total_jobs": 494, "job_category": "Retail trade"}}, {"type": "Feature", "geometry": {"type": "Point", "coordinates": [-113.62205460401461, 53.54298468864964]}, "properties": {"DAUID": "48112325.0", "total_jobs": 9277, "job_category": "Retail trade"}}, {"type": "Feature", "geometry": {"type": "Point", "coordinates": [-113.4723577, 53.62766245]}, "properties": {"DAUID": "48112326.0", "total_jobs": 120, "job_category": "Educational services"}}, {"type": "Feature", "geometry": {"type": "Point", "coordinates": [-113.48591887142857, 53.62788731285714]}, "properties": {"DAUID": "48112328.0", "total_jobs": 346, "job_category": "Health care and social assistance"}}, {"type": "Feature", "geometry": {"type": "Point", "coordinates": [-113.48979317999999, 53.626033538444446]}, "properties": {"DAUID": "48112329.0", "total_jobs": 1449, "job_category": "Retail trade"}}, {"type": "Feature", "geometry": {"type": "Point", "coordinates": [-113.4899975617647, 53.61955670205882]}, "properties": {"DAUID": "48112330.0", "total_jobs": 616, "job_category": "Accommodation and food services"}}, {"type": "Feature", "geometry": {"type": "Point", "coordinates": [-113.64673163333333, 53.48684103666667]}, "properties": {"DAUID": "48112332.0", "total_jobs": 79, "job_category": "Educational services"}}, {"type": "Feature", "geometry": {"type": "Point", "coordinates": [-113.46927133, 53.543009164]}, "properties": {"DAUID": "48112334.0", "total_jobs": 219, "job_category": "Educational services"}}, {"type": "Feature", "geometry": {"type": "Point", "coordinates": [-113.67224085000001, 53.48736151]}, "properties": {"DAUID": "48112335.0", "total_jobs": 75, "job_category": "Educational services"}}, {"type": "Feature", "geometry": {"type": "Point", "coordinates": [-113.6645367, 53.50418251]}, "properties": {"DAUID": "48112338.0", "total_jobs": 4, "job_category": "Finance and insurance"}}, {"type": "Feature", "geometry": {"type": "Point", "coordinates": [-113.68233110000001, 53.498025489999996]}, "properties": {"DAUID": "48112386.0", "total_jobs": 98, "job_category": "Health care and social assistance"}}, {"type": "Feature", "geometry": {"type": "Point", "coordinates": [-113.66837195, 53.494376895]}, "properties": {"DAUID": "48112387.0", "total_jobs": 75, "job_category": "Accommodation and food services"}}, {"type": "Feature", "geometry": {"type": "Point", "coordinates": [-113.66475896153847, 53.49129986115384]}, "properties": {"DAUID": "48112388.0", "total_jobs": 215, "job_category": "Finance and insurance"}}, {"type": "Feature", "geometry": {"type": "Point", "coordinates": [-113.66554038571428, 53.496048751904766]}, "properties": {"DAUID": "48112390.0", "total_jobs": 928, "job_category": "Retail trade"}}, {"type": "Feature", "geometry": {"type": "Point", "coordinates": [-113.53108827777777, 53.425995523333334]}, "properties": {"DAUID": "48112396.0", "total_jobs": 114, "job_category": "Health care and social assistance"}}, {"type": "Feature", "geometry": {"type": "Point", "coordinates": [-113.5190829, 53.43111192]}, "properties": {"DAUID": "48112397.0", "total_jobs": 4, "job_category": "Real estate and rental and leasing"}}, {"type": "Feature", "geometry": {"type": "Point", "coordinates": [-113.5820361, 53.45587094]}, "properties": {"DAUID": "48112406.0", "total_jobs": 60, "job_category": "Educational services"}}, {"type": "Feature", "geometry": {"type": "Point", "coordinates": [-113.5775116, 53.44581378]}, "properties": {"DAUID": "48112408.0", "total_jobs": 15, "job_category": "Other services (except public administration)"}}, {"type": "Feature", "geometry": {"type": "Point", "coordinates": [-113.57553178, 53.446464221999996]}, "properties": {"DAUID": "48112410.0", "total_jobs": 143, "job_category": "Educational services"}}, {"type": "Feature", "geometry": {"type": "Point", "coordinates": [-113.56747877037036, 53.45294655111111]}, "properties": {"DAUID": "48112411.0", "total_jobs": 230, "job_category": "Accommodation and food services"}}, {"type": "Feature", "geometry": {"type": "Point", "coordinates": [-113.59219970000001, 53.437544585]}, "properties": {"DAUID": "48112413.0", "total_jobs": 19, "job_category": "Other services (except public administration)"}}, {"type": "Feature", "geometry": {"type": "Point", "coordinates": [-113.59098948799999, 53.4301608628]}, "properties": {"DAUID": "48112414.0", "total_jobs": 1210, "job_category": "Retail trade"}}, {"type": "Feature", "geometry": {"type": "Point", "coordinates": [-113.57922627272728, 53.35410787181818]}, "properties": {"DAUID": "48112451.0", "total_jobs": 290, "job_category": "Manufacturing"}}, {"type": "Feature", "geometry": {"type": "Point", "coordinates": [-113.31576916666667, 53.69044908666666]}, "properties": {"DAUID": "48112459.0", "total_jobs": 12, "job_category": "Public administration"}}, {"type": "Feature", "geometry": {"type": "Point", "coordinates": [-113.309440325, 53.66425969]}, "properties": {"DAUID": "48112460.0", "total_jobs": 94, "job_category": "Agriculture, forestry, fishing and hunting"}}, {"type": "Feature", "geometry": {"type": "Point", "coordinates": [-113.35780972500001, 53.6404224625]}, "properties": {"DAUID": "48112461.0", "total_jobs": 424, "job_category": "Agriculture, forestry, fishing and hunting"}}, {"type": "Feature", "geometry": {"type": "Point", "coordinates": [-113.35478363333334, 53.63134854333333]}, "properties": {"DAUID": "48112462.0", "total_jobs": 68, "job_category": "Accommodation and food services"}}, {"type": "Feature", "geometry": {"type": "Point", "coordinates": [-113.4317999, 53.62023134]}, "properties": {"DAUID": "48112463.0", "total_jobs": 60, "job_category": "Educational services"}}, {"type": "Feature", "geometry": {"type": "Point", "coordinates": [-113.39964624285714, 53.61540252809524]}, "properties": {"DAUID": "48112469.0", "total_jobs": 861, "job_category": "Retail trade"}}, {"type": "Feature", "geometry": {"type": "Point", "coordinates": [-113.38437523333333, 53.69915297666666]}, "properties": {"DAUID": "48112470.0", "total_jobs": 34, "job_category": "Construction"}}, {"type": "Feature", "geometry": {"type": "Point", "coordinates": [-113.37143305000001, 53.64596731666666]}, "properties": {"DAUID": "48112471.0", "total_jobs": 192, "job_category": "Health care and social assistance"}}, {"type": "Feature", "geometry": {"type": "Point", "coordinates": [-113.42309399999999, 53.63967610500001]}, "properties": {"DAUID": "48112472.0", "total_jobs": 8, "job_category": "Construction"}}, {"type": "Feature", "geometry": {"type": "Point", "coordinates": [-113.44161667142858, 53.63959811428572]}, "properties": {"DAUID": "48112473.0", "total_jobs": 50, "job_category": "Health care and social assistance"}}, {"type": "Feature", "geometry": {"type": "Point", "coordinates": [-113.441091664, 53.632969521599996]}, "properties": {"DAUID": "48112474.0", "total_jobs": 279, "job_category": "Accommodation and food services"}}, {"type": "Feature", "geometry": {"type": "Point", "coordinates": [-113.43137125, 53.62805301583333]}, "properties": {"DAUID": "48112475.0", "total_jobs": 171, "job_category": "Retail trade"}}, {"type": "Feature", "geometry": {"type": "Point", "coordinates": [-113.42416346666666, 53.63350727333333]}, "properties": {"DAUID": "48112476.0", "total_jobs": 124, "job_category": "Educational services"}}, {"type": "Feature", "geometry": {"type": "Point", "coordinates": [-113.40888369411765, 53.62783735509804]}, "properties": {"DAUID": "48112483.0", "total_jobs": 980, "job_category": "Retail trade"}}, {"type": "Feature", "geometry": {"type": "Point", "coordinates": [-113.39833618125, 53.619618586875]}, "properties": {"DAUID": "48112485.0", "total_jobs": 996, "job_category": "Retail trade"}}, {"type": "Feature", "geometry": {"type": "Point", "coordinates": [-113.4149128264706, 53.62716766941177]}, "properties": {"DAUID": "48112489.0", "total_jobs": 868, "job_category": "Retail trade"}}, {"type": "Feature", "geometry": {"type": "Point", "coordinates": [-113.4209842, 53.62319937]}, "properties": {"DAUID": "48112490.0", "total_jobs": 60, "job_category": "Educational services"}}, {"type": "Feature", "geometry": {"type": "Point", "coordinates": [-113.35345835, 53.6277797125]}, "properties": {"DAUID": "48112492.0", "total_jobs": 27, "job_category": "Agriculture, forestry, fishing and hunting"}}, {"type": "Feature", "geometry": {"type": "Point", "coordinates": [-113.31701843414635, 53.5814649702439]}, "properties": {"DAUID": "48112493.0", "total_jobs": 2836, "job_category": "Utilities"}}, {"type": "Feature", "geometry": {"type": "Point", "coordinates": [-113.38493411428571, 53.62108030142857]}, "properties": {"DAUID": "48112497.0", "total_jobs": 95, "job_category": "Other services (except public administration)"}}, {"type": "Feature", "geometry": {"type": "Point", "coordinates": [-113.3626, 53.59579]}, "properties": {"DAUID": "48112498.0", "total_jobs": 4, "job_category": "Wholesale trade"}}, {"type": "Feature", "geometry": {"type": "Point", "coordinates": [-113.3564872, 53.617554]}, "properties": {"DAUID": "48112501.0", "total_jobs": 300, "job_category": "Arts, entertainment and recreation"}}, {"type": "Feature", "geometry": {"type": "Point", "coordinates": [-113.32874375, 53.6132292825]}, "properties": {"DAUID": "48112502.0", "total_jobs": 184, "job_category": "Arts, entertainment and recreation"}}, {"type": "Feature", "geometry": {"type": "Point", "coordinates": [-113.46446036666667, 53.64374876]}, "properties": {"DAUID": "48112504.0", "total_jobs": 12, "job_category": "Real estate and rental and leasing"}}, {"type": "Feature", "geometry": {"type": "Point", "coordinates": [-113.44368690555555, 53.641543802777775]}, "properties": {"DAUID": "48112505.0", "total_jobs": 262, "job_category": "Accommodation and food services"}}, {"type": "Feature", "geometry": {"type": "Point", "coordinates": [-113.4658842, 53.63236275199999]}, "properties": {"DAUID": "48112506.0", "total_jobs": 87, "job_category": "Health care and social assistance"}}, {"type": "Feature", "geometry": {"type": "Point", "coordinates": [-113.46065123333334, 53.62923571333334]}, "properties": {"DAUID": "48112508.0", "total_jobs": 23, "job_category": "Health care and social assistance"}}, {"type": "Feature", "geometry": {"type": "Point", "coordinates": [-113.44232705, 53.6329873275]}, "properties": {"DAUID": "48112509.0", "total_jobs": 16, "job_category": "Retail trade"}}, {"type": "Feature", "geometry": {"type": "Point", "coordinates": [-113.47683729230769, 53.54520058769231]}, "properties": {"DAUID": "48112515.0", "total_jobs": 655, "job_category": "Health care and social assistance"}}, {"type": "Feature", "geometry": {"type": "Point", "coordinates": [-113.47127425, 53.544753445]}, "properties": {"DAUID": "48112516.0", "total_jobs": 75, "job_category": "Accommodation and food services"}}, {"type": "Feature", "geometry": {"type": "Point", "coordinates": [-113.48957786796117, 53.550378573495145]}, "properties": {"DAUID": "48112517.0", "total_jobs": 1317, "job_category": "Accommodation and food services"}}, {"type": "Feature", "geometry": {"type": "Point", "coordinates": [-113.48789118265306, 53.54271227979592]}, "properties": {"DAUID": "48112519.0", "total_jobs": 6825, "job_category": "Public administration"}}, {"type": "Feature", "geometry": {"type": "Point", "coordinates": [-113.48507468771929, 53.54442434789474]}, "properties": {"DAUID": "48112520.0", "total_jobs": 1172, "job_category": "Public administration"}}, {"type": "Feature", "geometry": {"type": "Point", "coordinates": [-113.48850672666666, 53.54768636666667]}, "properties": {"DAUID": "48112522.0", "total_jobs": 2911, "job_category": "Public administration"}}, {"type": "Feature", "geometry": {"type": "Point", "coordinates": [-113.49151700833333, 53.54130941208333]}, "properties": {"DAUID": "48112523.0", "total_jobs": 10311, "job_category": "Public administration"}}, {"type": "Feature", "geometry": {"type": "Point", "coordinates": [-113.48123408, 53.5442643775]}, "properties": {"DAUID": "48112525.0", "total_jobs": 1360, "job_category": "Health care and social assistance"}}, {"type": "Feature", "geometry": {"type": "Point", "coordinates": [-113.47522263125, 53.550647353125]}, "properties": {"DAUID": "48112526.0", "total_jobs": 176, "job_category": "Educational services"}}, {"type": "Feature", "geometry": {"type": "Point", "coordinates": [-113.46850053333333, 53.546281459999996]}, "properties": {"DAUID": "48112528.0", "total_jobs": 79, "job_category": "Health care and social assistance"}}, {"type": "Feature", "geometry": {"type": "Point", "coordinates": [-113.4726667, 53.52741277]}, "properties": {"DAUID": "48112531.0", "total_jobs": 4, "job_category": "Real estate and rental and leasing"}}, {"type": "Feature", "geometry": {"type": "Point", "coordinates": [-113.4831918, 53.52706717]}, "properties": {"DAUID": "48112533.0", "total_jobs": 4, "job_category": "Professional, scientific and technical services"}}, {"type": "Feature", "geometry": {"type": "Point", "coordinates": [-113.36615262153846, 53.47816701307692]}, "properties": {"DAUID": "48112534.0", "total_jobs": 1113, "job_category": "Accommodation and food services"}}, {"type": "Feature", "geometry": {"type": "Point", "coordinates": [-113.350291225, 53.483034785]}, "properties": {"DAUID": "48112535.0", "total_jobs": 72, "job_category": "Wholesale trade"}}, {"type": "Feature", "geometry": {"type": "Point", "coordinates": [-113.36753674285714, 53.47572985714286]}, "properties": {"DAUID": "48112536.0", "total_jobs": 173, "job_category": "Retail trade"}}, {"type": "Feature", "geometry": {"type": "Point", "coordinates": [-113.36037165, 53.472275624999995]}, "properties": {"DAUID": "48112537.0", "total_jobs": 64, "job_category": "Educational services"}}, {"type": "Feature", "geometry": {"type": "Point", "coordinates": [-113.3491119, 53.46812885]}, "properties": {"DAUID": "48112538.0", "total_jobs": 300, "job_category": "Manufacturing"}}, {"type": "Feature", "geometry": {"type": "Point", "coordinates": [-113.37734756146789, 53.50554344944954]}, "properties": {"DAUID": "48112540.0", "total_jobs": 4640, "job_category": "Transportation and warehousing"}}, {"type": "Feature", "geometry": {"type": "Point", "coordinates": [-113.36464233592233, 53.51238224417476]}, "properties": {"DAUID": "48112541.0", "total_jobs": 5027, "job_category": "Professional, scientific and technical services"}}, {"type": "Feature", "geometry": {"type": "Point", "coordinates": [-113.44309433999999, 53.456686448000006]}, "properties": {"DAUID": "48112543.0", "total_jobs": 154, "job_category": "Educational services"}}, {"type": "Feature", "geometry": {"type": "Point", "coordinates": [-113.42893025490196, 53.45658497124183]}, "properties": {"DAUID": "48112544.0", "total_jobs": 3486, "job_category": "Public administration"}}, {"type": "Feature", "geometry": {"type": "Point", "coordinates": [-113.387638140625, 53.494233504375]}, "properties": {"DAUID": "48112545.0", "total_jobs": 1161, "job_category": "Administrative and support, waste management and remediation services"}}, {"type": "Feature", "geometry": {"type": "Point", "coordinates": [-113.37302076944444, 53.480055963611115]}, "properties": {"DAUID": "48112546.0", "total_jobs": 1445, "job_category": "Retail trade"}}, {"type": "Feature", "geometry": {"type": "Point", "coordinates": [-113.3829515, 53.48073435]}, "properties": {"DAUID": "48112551.0", "total_jobs": 60, "job_category": "Educational services"}}, {"type": "Feature", "geometry": {"type": "Point", "coordinates": [-113.3776368, 53.47156035]}, "properties": {"DAUID": "48112555.0", "total_jobs": 60, "job_category": "Educational services"}}, {"type": "Feature", "geometry": {"type": "Point", "coordinates": [-113.3707402875, 53.4680067725]}, "properties": {"DAUID": "48112556.0", "total_jobs": 209, "job_category": "Construction"}}, {"type": "Feature", "geometry": {"type": "Point", "coordinates": [-113.37207995000001, 53.456824306]}, "properties": {"DAUID": "48112559.0", "total_jobs": 515, "job_category": "Arts, entertainment and recreation"}}, {"type": "Feature", "geometry": {"type": "Point", "coordinates": [-113.3667263032258, 53.45628470419355]}, "properties": {"DAUID": "48112560.0", "total_jobs": 687, "job_category": "Accommodation and food services"}}, {"type": "Feature", "geometry": {"type": "Point", "coordinates": [-113.3782344235294, 53.45474677852941]}, "properties": {"DAUID": "48112562.0", "total_jobs": 620, "job_category": "Retail trade"}}, {"type": "Feature", "geometry": {"type": "Point", "coordinates": [-113.380167, 53.448349]}, "properties": {"DAUID": "48112565.0", "total_jobs": 4, "job_category": "Public administration"}}, {"type": "Feature", "geometry": {"type": "Point", "coordinates": [-113.3685530625, 53.44944491125]}, "properties": {"DAUID": "48112566.0", "total_jobs": 88, "job_category": "Educational services"}}, {"type": "Feature", "geometry": {"type": "Point", "coordinates": [-113.36692692857143, 53.45000138428571]}, "properties": {"DAUID": "48112567.0", "total_jobs": 223, "job_category": "Retail trade"}}, {"type": "Feature", "geometry": {"type": "Point", "coordinates": [-113.4251994125, 53.42304191]}, "properties": {"DAUID": "48112569.0", "total_jobs": 334, "job_category": "Retail trade"}}, {"type": "Feature", "geometry": {"type": "Point", "coordinates": [-113.4419333, 53.42774725]}, "properties": {"DAUID": "48112570.0", "total_jobs": 60, "job_category": "Educational services"}}, {"type": "Feature", "geometry": {"type": "Point", "coordinates": [-113.42051255641026, 53.423506895641026]}, "properties": {"DAUID": "48112571.0", "total_jobs": 897, "job_category": "Retail trade"}}, {"type": "Feature", "geometry": {"type": "Point", "coordinates": [-113.41993120357142, 53.413288790357136]}, "properties": {"DAUID": "48112573.0", "total_jobs": 233, "job_category": "Accommodation and food services"}}, {"type": "Feature", "geometry": {"type": "Point", "coordinates": [-113.4283108, 53.412124266666666]}, "properties": {"DAUID": "48112574.0", "total_jobs": 79, "job_category": "Educational services"}}, {"type": "Feature", "geometry": {"type": "Point", "coordinates": [-113.37501713333334, 53.41373951666666]}, "properties": {"DAUID": "48112576.0", "total_jobs": 34, "job_category": "Professional, scientific and technical services"}}, {"type": "Feature", "geometry": {"type": "Point", "coordinates": [-113.3892324, 53.38960284]}, "properties": {"DAUID": "48112577.0", "total_jobs": 4, "job_category": "Accommodation and food services"}}, {"type": "Feature", "geometry": {"type": "Point", "coordinates": [-113.42281703809525, 53.4261804252381]}, "properties": {"DAUID": "48112580.0", "total_jobs": 692, "job_category": "Retail trade"}}, {"type": "Feature", "geometry": {"type": "Point", "coordinates": [-113.4518307, 53.431935980000006]}, "properties": {"DAUID": "48112583.0", "total_jobs": 19, "job_category": "Other services (except public administration)"}}, {"type": "Feature", "geometry": {"type": "Point", "coordinates": [-113.46151336, 53.424431639]}, "properties": {"DAUID": "48112584.0", "total_jobs": 73, "job_category": "Health care and social assistance"}}, {"type": "Feature", "geometry": {"type": "Point", "coordinates": [-113.4834018125, 53.42177302007353]}, "properties": {"DAUID": "48112585.0", "total_jobs": 5370, "job_category": "Accommodation and food services"}}, {"type": "Feature", "geometry": {"type": "Point", "coordinates": [-113.47780514945653, 53.41845459641304]}, "properties": {"DAUID": "48112586.0", "total_jobs": 5547, "job_category": "Transportation and warehousing"}}, {"type": "Feature", "geometry": {"type": "Point", "coordinates": [-113.48457385999998, 53.40639795488889]}, "properties": {"DAUID": "48112587.0", "total_jobs": 592, "job_category": "Accommodation and food services"}}, {"type": "Feature", "geometry": {"type": "Point", "coordinates": [-113.4622004, 53.4210499]}, "properties": {"DAUID": "48112588.0", "total_jobs": 60, "job_category": "Educational services"}}, {"type": "Feature", "geometry": {"type": "Point", "coordinates": [-113.46317676666666, 53.414918476666664]}, "properties": {"DAUID": "48112589.0", "total_jobs": 68, "job_category": "Educational services"}}, {"type": "Feature", "geometry": {"type": "Point", "coordinates": [-113.44408392380952, 53.40964430619048]}, "properties": {"DAUID": "48112591.0", "total_jobs": 385, "job_category": "Accommodation and food services"}}, {"type": "Feature", "geometry": {"type": "Point", "coordinates": [-113.4537938, 53.40439065]}, "properties": {"DAUID": "48112592.0", "total_jobs": 60, "job_category": "Educational services"}}, {"type": "Feature", "geometry": {"type": "Point", "coordinates": [-113.49701356153847, 53.42424042769231]}, "properties": {"DAUID": "48112593.0", "total_jobs": 264, "job_category": "Accommodation and food services"}}, {"type": "Feature", "geometry": {"type": "Point", "coordinates": [-113.5015954117647, 53.42420089823529]}, "properties": {"DAUID": "48112594.0", "total_jobs": 280, "job_category": "Accommodation and food services"}}, {"type": "Feature", "geometry": {"type": "Point", "coordinates": [-113.48906091724137, 53.44706716948276]}, "properties": {"DAUID": "48112595.0", "total_jobs": 2238, "job_category": "Retail trade"}}, {"type": "Feature", "geometry": {"type": "Point", "coordinates": [-113.51016725, 53.44608299]}, "properties": {"DAUID": "48112600.0", "total_jobs": 8, "job_category": "Other services (except public administration)"}}, {"type": "Feature", "geometry": {"type": "Point", "coordinates": [-113.53673040000001, 53.412200240000004]}, "properties": {"DAUID": "48112601.0", "total_jobs": 19, "job_category": "Accommodation and food services"}}, {"type": "Feature", "geometry": {"type": "Point", "coordinates": [-113.53718860370371, 53.40725919240741]}, "properties": {"DAUID": "48112603.0", "total_jobs": 931, "job_category": "Accommodation and food services"}}, {"type": "Feature", "geometry": {"type": "Point", "coordinates": [-113.5327381, 53.42298524]}, "properties": {"DAUID": "48112614.0", "total_jobs": 4, "job_category": "Professional, scientific and technical services"}}, {"type": "Feature", "geometry": {"type": "Point", "coordinates": [-113.54023825, 53.423705870000006]}, "properties": {"DAUID": "48112618.0", "total_jobs": 19, "job_category": "Health care and social assistance"}}, {"type": "Feature", "geometry": {"type": "Point", "coordinates": [-113.51951232272727, 53.424320134999995]}, "properties": {"DAUID": "48112619.0", "total_jobs": 457, "job_category": "Finance and insurance"}}, {"type": "Feature", "geometry": {"type": "Point", "coordinates": [-113.5227165, 53.41953380333334]}, "properties": {"DAUID": "48112620.0", "total_jobs": 68, "job_category": "Educational services"}}, {"type": "Feature", "geometry": {"type": "Point", "coordinates": [-113.5271815, 53.41725174]}, "properties": {"DAUID": "48112621.0", "total_jobs": 4, "job_category": "Real estate and rental and leasing"}}, {"type": "Feature", "geometry": {"type": "Point", "coordinates": [-113.5191372, 53.41836288666667]}, "properties": {"DAUID": "48112622.0", "total_jobs": 68, "job_category": "Health care and social assistance"}}, {"type": "Feature", "geometry": {"type": "Point", "coordinates": [-113.524204025, 53.415051905]}, "properties": {"DAUID": "48112623.0", "total_jobs": 32, "job_category": "Health care and social assistance"}}, {"type": "Feature", "geometry": {"type": "Point", "coordinates": [-113.57754717777779, 53.445034642222225]}, "properties": {"DAUID": "48112625.0", "total_jobs": 217, "job_category": "Accommodation and food services"}}, {"type": "Feature", "geometry": {"type": "Point", "coordinates": [-113.57510856666666, 53.43428636466667]}, "properties": {"DAUID": "48112627.0", "total_jobs": 227, "job_category": "Accommodation and food services"}}, {"type": "Feature", "geometry": {"type": "Point", "coordinates": [-113.56223395, 53.444720175]}, "properties": {"DAUID": "48112629.0", "total_jobs": 8, "job_category": "Real estate and rental and leasing"}}, {"type": "Feature", "geometry": {"type": "Point", "coordinates": [-113.57317875238095, 53.43420762428571]}, "properties": {"DAUID": "48112630.0", "total_jobs": 816, "job_category": "Retail trade"}}, {"type": "Feature", "geometry": {"type": "Point", "coordinates": [-113.5563686, 53.44257354333333]}, "properties": {"DAUID": "48112631.0", "total_jobs": 79, "job_category": "Educational services"}}, {"type": "Feature", "geometry": {"type": "Point", "coordinates": [-113.5172471, 53.6182318]}, "properties": {"DAUID": "48112632.0", "total_jobs": 4, "job_category": "Real estate and rental and leasing"}}, {"type": "Feature", "geometry": {"type": "Point", "coordinates": [-113.51537655434782, 53.61455946652174]}, "properties": {"DAUID": "48112637.0", "total_jobs": 719, "job_category": "Health care and social assistance"}}, {"type": "Feature", "geometry": {"type": "Point", "coordinates": [-113.51546412, 53.408664054]}, "properties": {"DAUID": "48112639.0", "total_jobs": 42, "job_category": "Retail trade"}}, {"type": "Feature", "geometry": {"type": "Point", "coordinates": [-113.52417985, 53.384595795]}, "properties": {"DAUID": "48112640.0", "total_jobs": 8, "job_category": "Agriculture, forestry, fishing and hunting"}}, {"type": "Feature", "geometry": {"type": "Point", "coordinates": [-113.53948219333334, 53.397850138]}, "properties": {"DAUID": "48112641.0", "total_jobs": 559, "job_category": "Accommodation and food services"}}, {"type": "Feature", "geometry": {"type": "Point", "coordinates": [-113.55488665, 53.425375785]}, "properties": {"DAUID": "48112642.0", "total_jobs": 64, "job_category": "Arts, entertainment and recreation"}}, {"type": "Feature", "geometry": {"type": "Point", "coordinates": [-113.55888285, 53.415934930000006]}, "properties": {"DAUID": "48112643.0", "total_jobs": 8, "job_category": "Manufacturing"}}, {"type": "Feature", "geometry": {"type": "Point", "coordinates": [-113.55029384375, 53.38943137125]}, "properties": {"DAUID": "48112644.0", "total_jobs": 220, "job_category": "Educational services"}}, {"type": "Feature", "geometry": {"type": "Point", "coordinates": [-113.56608875862068, 53.40792079155172]}, "properties": {"DAUID": "48112645.0", "total_jobs": 711, "job_category": "Accommodation and food services"}}, {"type": "Feature", "geometry": {"type": "Point", "coordinates": [-113.56975179375, 53.411348633125]}, "properties": {"DAUID": "48112646.0", "total_jobs": 354, "job_category": "Accommodation and food services"}}, {"type": "Feature", "geometry": {"type": "Point", "coordinates": [-113.5706371925, 53.396982100749995]}, "properties": {"DAUID": "48112647.0", "total_jobs": 684, "job_category": "Health care and social assistance"}}, {"type": "Feature", "geometry": {"type": "Point", "coordinates": [-113.58250964999999, 53.4038227425]}, "properties": {"DAUID": "48112648.0", "total_jobs": 83, "job_category": "Educational services"}}, {"type": "Feature", "geometry": {"type": "Point", "coordinates": [-113.5956493642857, 53.39680054571428]}, "properties": {"DAUID": "48112649.0", "total_jobs": 89, "job_category": "Health care and social assistance"}}, {"type": "Feature", "geometry": {"type": "Point", "coordinates": [-113.603994, 53.460027]}, "properties": {"DAUID": "48112650.0", "total_jobs": 60, "job_category": "Public administration"}}, {"type": "Feature", "geometry": {"type": "Point", "coordinates": [-113.61931524444445, 53.440095155396826]}, "properties": {"DAUID": "48112652.0", "total_jobs": 954, "job_category": "Health care and social assistance"}}, {"type": "Feature", "geometry": {"type": "Point", "coordinates": [-113.60928468333333, 53.43747781333334]}, "properties": {"DAUID": "48112653.0", "total_jobs": 713, "job_category": "Retail trade"}}, {"type": "Feature", "geometry": {"type": "Point", "coordinates": [-113.6428712, 53.43393825]}, "properties": {"DAUID": "48112654.0", "total_jobs": 60, "job_category": "Arts, entertainment and recreation"}}, {"type": "Feature", "geometry": {"type": "Point", "coordinates": [-113.61713485689656, 53.43641440068966]}, "properties": {"DAUID": "48112655.0", "total_jobs": 1047, "job_category": "Accommodation and food services"}}, {"type": "Feature", "geometry": {"type": "Point", "coordinates": [-113.61826876666667, 53.433341873333326]}, "properties": {"DAUID": "48112656.0", "total_jobs": 79, "job_category": "Health care and social assistance"}}, {"type": "Feature", "geometry": {"type": "Point", "coordinates": [-113.6192355, 53.426367]}, "properties": {"DAUID": "48112657.0", "total_jobs": 4, "job_category": "Administrative and support, waste management and remediation services"}}, {"type": "Feature", "geometry": {"type": "Point", "coordinates": [-113.6479, 53.42872]}, "properties": {"DAUID": "48112658.0", "total_jobs": 300, "job_category": "Arts, entertainment and recreation"}}, {"type": "Feature", "geometry": {"type": "Point", "coordinates": [-113.63359312307692, 53.40948283]}, "properties": {"DAUID": "48112659.0", "total_jobs": 63, "job_category": "Retail trade"}}, {"type": "Feature", "geometry": {"type": "Point", "coordinates": [-113.61946253888888, 53.42079649277778]}, "properties": {"DAUID": "48112660.0", "total_jobs": 523, "job_category": "Accommodation and food services"}}, {"type": "Feature", "geometry": {"type": "Point", "coordinates": [-113.6252072, 53.4195859]}, "properties": {"DAUID": "48112661.0", "total_jobs": 4, "job_category": "Other services (except public administration)"}}, {"type": "Feature", "geometry": {"type": "Point", "coordinates": [-113.60943806842106, 53.415887713684214]}, "properties": {"DAUID": "48112662.0", "total_jobs": 343, "job_category": "Retail trade"}}, {"type": "Feature", "geometry": {"type": "Point", "coordinates": [-113.59086802380952, 53.42769869476191]}, "properties": {"DAUID": "48112663.0", "total_jobs": 195, "job_category": "Health care and social assistance"}}, {"type": "Feature", "geometry": {"type": "Point", "coordinates": [-113.60075545294117, 53.41553672470588]}, "properties": {"DAUID": "48112664.0", "total_jobs": 90, "job_category": "Retail trade"}}, {"type": "Feature", "geometry": {"type": "Point", "coordinates": [-113.5781415, 53.4267765]}, "properties": {"DAUID": "48112665.0", "total_jobs": 304, "job_category": "Public administration"}}, {"type": "Feature", "geometry": {"type": "Point", "coordinates": [-113.60133589189189, 53.43599653288288]}, "properties": {"DAUID": "48112668.0", "total_jobs": 2807, "job_category": "Accommodation and food services"}}, {"type": "Feature", "geometry": {"type": "Point", "coordinates": [-113.60487795882352, 53.42459499588235]}, "properties": {"DAUID": "48112669.0", "total_jobs": 201, "job_category": "Educational services"}}, {"type": "Feature", "geometry": {"type": "Point", "coordinates": [-113.6634764111111, 53.48410436333333]}, "properties": {"DAUID": "48112670.0", "total_jobs": 103, "job_category": "Administrative and support, waste management and remediation services"}}, {"type": "Feature", "geometry": {"type": "Point", "coordinates": [-113.6655944, 53.47153832]}, "properties": {"DAUID": "48112679.0", "total_jobs": 4, "job_category": "Real estate and rental and leasing"}}, {"type": "Feature", "geometry": {"type": "Point", "coordinates": [-113.6307134, 53.48270689]}, "properties": {"DAUID": "48112687.0", "total_jobs": 60, "job_category": "Other services (except public administration)"}}, {"type": "Feature", "geometry": {"type": "Point", "coordinates": [-113.63001774545455, 53.47058111363637]}, "properties": {"DAUID": "48112689.0", "total_jobs": 346, "job_category": "Accommodation and food services"}}, {"type": "Feature", "geometry": {"type": "Point", "coordinates": [-113.643468, 53.4508785]}, "properties": {"DAUID": "48112691.0", "total_jobs": 60, "job_category": "Transportation and warehousing"}}, {"type": "Feature", "geometry": {"type": "Point", "coordinates": [-113.67211094042554, 53.47725920212766]}, "properties": {"DAUID": "48112693.0", "total_jobs": 588, "job_category": "Accommodation and food services"}}, {"type": "Feature", "geometry": {"type": "Point", "coordinates": [-113.67379365, 53.476653215]}, "properties": {"DAUID": "48112694.0", "total_jobs": 128, "job_category": "Retail trade"}}, {"type": "Feature", "geometry": {"type": "Point", "coordinates": [-113.6797966, 53.457677325]}, "properties": {"DAUID": "48112695.0", "total_jobs": 8, "job_category": "Other services (except public administration)"}}, {"type": "Feature", "geometry": {"type": "Point", "coordinates": [-113.457528, 53.6217763]}, "properties": {"DAUID": "48112697.0", "total_jobs": 60, "job_category": "Educational services"}}, {"type": "Feature", "geometry": {"type": "Point", "coordinates": [-113.4520086, 53.62812714428571]}, "properties": {"DAUID": "48112699.0", "total_jobs": 106, "job_category": "Health care and social assistance"}}, {"type": "Feature", "geometry": {"type": "Point", "coordinates": [-113.4418524, 53.62943526]}, "properties": {"DAUID": "48112700.0", "total_jobs": 4, "job_category": "Real estate and rental and leasing"}}, {"type": "Feature", "geometry": {"type": "Point", "coordinates": [-113.5131062, 53.600529990000005]}, "properties": {"DAUID": "48112703.0", "total_jobs": 68, "job_category": "Accommodation and food services"}}, {"type": "Feature", "geometry": {"type": "Point", "coordinates": [-113.49478365217392, 53.601301642173915]}, "properties": {"DAUID": "48112704.0", "total_jobs": 337, "job_category": "Accommodation and food services"}}, {"type": "Feature", "geometry": {"type": "Point", "coordinates": [-113.53853875, 53.647393926666666]}, "properties": {"DAUID": "48112706.0", "total_jobs": 1439, "job_category": "Public administration"}}, {"type": "Feature", "geometry": {"type": "Point", "coordinates": [-113.4913388, 53.65062]}, "properties": {"DAUID": "48112708.0", "total_jobs": 15, "job_category": "Manufacturing"}}, {"type": "Feature", "geometry": {"type": "Point", "coordinates": [-113.5465417, 53.63092707]}, "properties": {"DAUID": "48112709.0", "total_jobs": 60, "job_category": "Arts, entertainment and recreation"}}, {"type": "Feature", "geometry": {"type": "Point", "coordinates": [-113.5376525, 53.63685898]}, "properties": {"DAUID": "48112710.0", "total_jobs": 4, "job_category": "Real estate and rental and leasing"}}, {"type": "Feature", "geometry": {"type": "Point", "coordinates": [-113.53965837333334, 53.630566323555556]}, "properties": {"DAUID": "48112713.0", "total_jobs": 1452, "job_category": "Retail trade"}}, {"type": "Feature", "geometry": {"type": "Point", "coordinates": [-113.5175, 53.63387]}, "properties": {"DAUID": "48112717.0", "total_jobs": 15, "job_category": "Retail trade"}}, {"type": "Feature", "geometry": {"type": "Point", "coordinates": [-113.6908417, 53.573677135]}, "properties": {"DAUID": "48112720.0", "total_jobs": 19, "job_category": "Health care and social assistance"}}, {"type": "Feature", "geometry": {"type": "Point", "coordinates": [-113.666428335, 53.578927448]}, "properties": {"DAUID": "48112721.0", "total_jobs": 392, "job_category": "Arts, entertainment and recreation"}}, {"type": "Feature", "geometry": {"type": "Point", "coordinates": [-113.60879138982035, 53.59064446473054]}, "properties": {"DAUID": "48112722.0", "total_jobs": 7273, "job_category": "Construction"}}, {"type": "Feature", "geometry": {"type": "Point", "coordinates": [-113.67865432258064, 53.556900250903226]}, "properties": {"DAUID": "48112726.0", "total_jobs": 7082, "job_category": "Construction"}}, {"type": "Feature", "geometry": {"type": "Point", "coordinates": [-113.70766266440678, 53.55966986542373]}, "properties": {"DAUID": "48112727.0", "total_jobs": 1798, "job_category": "Administrative and support, waste management and remediation services"}}, {"type": "Feature", "geometry": {"type": "Point", "coordinates": [-113.68295877857142, 53.539494944761906]}, "properties": {"DAUID": "48112728.0", "total_jobs": 1145, "job_category": "Manufacturing"}}, {"type": "Feature", "geometry": {"type": "Point", "coordinates": [-113.66740932857144, 53.52655916928571]}, "properties": {"DAUID": "48112729.0", "total_jobs": 447, "job_category": "Health care and social assistance"}}, {"type": "Feature", "geometry": {"type": "Point", "coordinates": [-113.68663168636364, 53.52870780227273]}, "properties": {"DAUID": "48112730.0", "total_jobs": 585, "job_category": "Retail trade"}}, {"type": "Feature", "geometry": {"type": "Point", "coordinates": [-113.70771837499998, 53.537860122]}, "properties": {"DAUID": "48112731.0", "total_jobs": 381, "job_category": "Health care and social assistance"}}, {"type": "Feature", "geometry": {"type": "Point", "coordinates": [-113.6963757375, 53.5320442775]}, "properties": {"DAUID": "48112732.0", "total_jobs": 88, "job_category": "Educational services"}}, {"type": "Feature", "geometry": {"type": "Point", "coordinates": [-113.7066536, 53.51690438]}, "properties": {"DAUID": "48112733.0", "total_jobs": 4, "job_category": "Real estate and rental and leasing"}}, {"type": "Feature", "geometry": {"type": "Point", "coordinates": [-113.69129389, 53.528167548]}, "properties": {"DAUID": "48112734.0", "total_jobs": 163, "job_category": "Retail trade"}}, {"type": "Feature", "geometry": {"type": "Point", "coordinates": [-113.7005294, 53.515274500000004]}, "properties": {"DAUID": "48112735.0", "total_jobs": 8, "job_category": "Other services (except public administration)"}}, {"type": "Feature", "geometry": {"type": "Point", "coordinates": [-113.6857511236842, 53.507580205000004]}, "properties": {"DAUID": "48112737.0", "total_jobs": 915, "job_category": "Retail trade"}}, {"type": "Feature", "geometry": {"type": "Point", "coordinates": [-113.67460691333334, 53.508983968]}, "properties": {"DAUID": "48112738.0", "total_jobs": 205, "job_category": "Accommodation and food services"}}, {"type": "Feature", "geometry": {"type": "Point", "coordinates": [-113.4994666, 53.57983248]}, "properties": {"DAUID": "48112740.0", "total_jobs": 15, "job_category": "Public administration"}}, {"type": "Feature", "geometry": {"type": "Point", "coordinates": [-113.5123143, 53.56507761076924]}, "properties": {"DAUID": "48112741.0", "total_jobs": 571, "job_category": "Public administration"}}, {"type": "Feature", "geometry": {"type": "Point", "coordinates": [-113.51794758709677, 53.56331014193548]}, "properties": {"DAUID": "48112742.0", "total_jobs": 475, "job_category": "Public administration"}}, {"type": "Feature", "geometry": {"type": "Point", "coordinates": [-113.56842012631579, 53.622778567894734]}, "properties": {"DAUID": "48112743.0", "total_jobs": 640, "job_category": "Manufacturing"}}, {"type": "Feature", "geometry": {"type": "Point", "coordinates": [-113.54727913333333, 53.628804088888884]}, "properties": {"DAUID": "48112745.0", "total_jobs": 92, "job_category": "Accommodation and food services"}}, {"type": "Feature", "geometry": {"type": "Point", "coordinates": [-113.5444965586207, 53.62972986034483]}, "properties": {"DAUID": "48112746.0", "total_jobs": 461, "job_category": "Accommodation and food services"}}, {"type": "Feature", "geometry": {"type": "Point", "coordinates": [-113.5598431, 53.6206535]}, "properties": {"DAUID": "48112749.0", "total_jobs": 60, "job_category": "Educational services"}}, {"type": "Feature", "geometry": {"type": "Point", "coordinates": [-113.5474705, 53.6156485]}, "properties": {"DAUID": "48112751.0", "total_jobs": 4, "job_category": "Real estate and rental and leasing"}}, {"type": "Feature", "geometry": {"type": "Point", "coordinates": [-113.5616, 53.61773]}, "properties": {"DAUID": "48112753.0", "total_jobs": 4, "job_category": "Real estate and rental and leasing"}}, {"type": "Feature", "geometry": {"type": "Point", "coordinates": [-113.58378972727273, 53.60597945636364]}, "properties": {"DAUID": "48112754.0", "total_jobs": 1638, "job_category": "Retail trade"}}, {"type": "Feature", "geometry": {"type": "Point", "coordinates": [-113.56312062777778, 53.60563182722222]}, "properties": {"DAUID": "48112755.0", "total_jobs": 479, "job_category": "Administrative and support, waste management and remediation services"}}, {"type": "Feature", "geometry": {"type": "Point", "coordinates": [-113.55427532941177, 53.600995237058825]}, "properties": {"DAUID": "48112756.0", "total_jobs": 794, "job_category": "Retail trade"}}, {"type": "Feature", "geometry": {"type": "Point", "coordinates": [-113.49730548765432, 53.54464560148148]}, "properties": {"DAUID": "48112757.0", "total_jobs": 8073, "job_category": "Professional, scientific and technical services"}}, {"type": "Feature", "geometry": {"type": "Point", "coordinates": [-113.49639850857143, 53.548740024]}, "properties": {"DAUID": "48112759.0", "total_jobs": 1134, "job_category": "Arts, entertainment and recreation"}}, {"type": "Feature", "geometry": {"type": "Point", "coordinates": [-113.51684822941176, 53.546049652647056]}, "properties": {"DAUID": "48112760.0", "total_jobs": 666, "job_category": "Retail trade"}}, {"type": "Feature", "geometry": {"type": "Point", "coordinates": [-113.50847295454545, 53.544484865303026]}, "properties": {"DAUID": "48112762.0", "total_jobs": 1503, "job_category": "Retail trade"}}, {"type": "Feature", "geometry": {"type": "Point", "coordinates": [-113.51281975111111, 53.548403468888885]}, "properties": {"DAUID": "48112764.0", "total_jobs": 515, "job_category": "Arts, entertainment and recreation"}}, {"type": "Feature", "geometry": {"type": "Point", "coordinates": [-113.30012352857143, 53.576355097500006]}, "properties": {"DAUID": "48112783.0", "total_jobs": 2090, "job_category": "Construction"}}, {"type": "Feature", "geometry": {"type": "Point", "coordinates": [-113.30655173636363, 53.57212902363636]}, "properties": {"DAUID": "48112785.0", "total_jobs": 519, "job_category": "Manufacturing"}}, {"type": "Feature", "geometry": {"type": "Point", "coordinates": [-113.53998742499999, 53.61068492]}, "properties": {"DAUID": "48112801.0", "total_jobs": 83, "job_category": "Educational services"}}, {"type": "Feature", "geometry": {"type": "Point", "coordinates": [-113.5394827, 53.6148548]}, "properties": {"DAUID": "48112802.0", "total_jobs": 4, "job_category": "Real estate and rental and leasing"}}, {"type": "Feature", "geometry": {"type": "Point", "coordinates": [-113.51421379702381, 53.48564605952381]}, "properties": {"DAUID": "48112803.0", "total_jobs": 3666, "job_category": "Retail trade"}}, {"type": "Feature", "geometry": {"type": "Point", "coordinates": [-113.50993986666667, 53.48753501666667]}, "properties": {"DAUID": "48112804.0", "total_jobs": 124, "job_category": "Health care and social assistance"}}, {"type": "Feature", "geometry": {"type": "Point", "coordinates": [-113.50916505000001, 53.484145229999996]}, "properties": {"DAUID": "48112805.0", "total_jobs": 8, "job_category": "Retail trade"}}, {"type": "Feature", "geometry": {"type": "Point", "coordinates": [-113.50431436470589, 53.48071358235294]}, "properties": {"DAUID": "48112806.0", "total_jobs": 213, "job_category": "Health care and social assistance"}}, {"type": "Feature", "geometry": {"type": "Point", "coordinates": [-113.4124364, 53.60445092]}, "properties": {"DAUID": "48112807.0", "total_jobs": 15, "job_category": "Retail trade"}}, {"type": "Feature", "geometry": {"type": "Point", "coordinates": [-113.40272873333333, 53.60223097333333]}, "properties": {"DAUID": "48112808.0", "total_jobs": 308, "job_category": "Arts, entertainment and recreation"}}, {"type": "Feature", "geometry": {"type": "Point", "coordinates": [-113.4142208724138, 53.59763713034483]}, "properties": {"DAUID": "48112809.0", "total_jobs": 1311, "job_category": "Retail trade"}}, {"type": "Feature", "geometry": {"type": "Point", "coordinates": [-113.40548734800001, 53.5996361024]}, "properties": {"DAUID": "48112810.0", "total_jobs": 514, "job_category": "Health care and social assistance"}}, {"type": "Feature", "geometry": {"type": "Point", "coordinates": [-113.6223954, 53.502117025000004]}, "properties": {"DAUID": "48112837.0", "total_jobs": 83, "job_category": "Educational services"}}, {"type": "Feature", "geometry": {"type": "Point", "coordinates": [-113.62871557236842, 53.5015633675]}, "properties": {"DAUID": "48112839.0", "total_jobs": 1721, "job_category": "Health care and social assistance"}}, {"type": "Feature", "geometry": {"type": "Point", "coordinates": [-113.62581426842105, 53.502681519736846]}, "properties": {"DAUID": "48112841.0", "total_jobs": 497, "job_category": "Health care and social assistance"}}, {"type": "Feature", "geometry": {"type": "Point", "coordinates": [-113.50394398549999, 53.53955907785]}, "properties": {"DAUID": "48112848.0", "total_jobs": 12337, "job_category": "Public administration"}}, {"type": "Feature", "geometry": {"type": "Point", "coordinates": [-113.50840758936171, 53.53767477361702]}, "properties": {"DAUID": "48112849.0", "total_jobs": 5001, "job_category": "Public administration"}}]}