{"type":"FeatureCollection","features":[{"type":"Feature","properties":{"name":"GILEAD ALBERTA ULC","size":"100-499","address":"11950 17 STREET NW","sector":"Professional, scientific and technical services","naics_desc":"Testing laboratories","hybrid":"No","transit_score":0.67,"lead_score":4.02,"tier":1,"dauid":"48110395","ward":"Dene","bia":"","nearest_stop_dist":1009,"transit_buffer_score":0},"geometry":{"type":"Point","coordinates":[-113.3632,53.57224]}},{"type":"Feature","properties":{"name":"MAPLE LEAF FOODS INC.","size":"500+","address":"6910 34 STREET NW","sector":"Manufacturing","naics_desc":"All other food manufacturing","hybrid":"No","transit_score":0.289,"lead_score":3.468,"tier":2,"dauid":"48112107","ward":"","bia":"","nearest_stop_dist":672.8,"transit_buffer_score":0.1},"geometry":{"type":"Point","coordinates":[-113.3952,53.5064]}},{"type":"Feature","properties":{"name":"MAPLE LEAF FOODS INC.","size":"500+","address":"6910 34 STREET NW","sector":"Manufacturing","naics_desc":"All other food manufacturing","hybrid":"No","transit_score":0.289,"lead_score":3.468,"tier":2,"dauid":"48112107","ward":"Sspomitapi","bia":"","nearest_stop_dist":672.8,"transit_buffer_score":0.1},"geometry":{"type":"Point","coordinates":[-113.3952,53.5064]}},{"type":"Feature","properties":{"name":"EDMONTON EXPO CENTRE","size":"100-499","address":"7515 118 AVENUE NW","sector":"Public administration","naics_desc":"Other local, municipal and regional public administration","hybrid":"No","transit_score":0.504,"lead_score":3.024,"tier":1,"dauid":"48110125","ward":"","bia":"Alberta Avenue","nearest_stop_dist":401.5,"transit_buffer_score":0.5},"geometry":{"type":"Point","coordinates":[-113.456802,53.566736]}},{"type":"Feature","properties":{"name":"SILENT-AIRE LIMITED PARTNERSHIP","size":"500+","address":"7107 8 STREET NW","sector":"Manufacturing","naics_desc":"Heating equipment and commercial refrigeration equipment manufacturing","hybrid":"No","transit_score":0.232,"lead_score":2.784,"tier":2,"dauid":"48112541","ward":"Sspomitapi","bia":"","nearest_stop_dist":1088.8,"transit_buffer_score":0},"geometry":{"type":"Point","coordinates":[-113.3517,53.50765]}},{"type":"Feature","properties":{"name":"EPCOR WATER SERVICES INC.","size":"500+","address":"2545 AURUM ROAD NE","sector":"Utilities","naics_desc":"Water supply and irrigation systems","hybrid":"No","transit_score":0.2,"lead_score":2.4,"tier":2,"dauid":"48112502","ward":"Dene","bia":"","nearest_stop_dist":null,"transit_buffer_score":0},"geometry":{"type":"Point","coordinates":[-113.3052,53.59365]}},{"type":"Feature","properties":{"name":"GOLDEN ARROW SCHOOL BUSES LTD","size":"500+","address":"20204 111 AVENUE NW","sector":"Transportation and warehousing","naics_desc":"School and employee bus transportation","hybrid":"No","transit_score":0.2,"lead_score":2.4,"tier":2,"dauid":"48112726","ward":"Nakota Isga","bia":"","nearest_stop_dist":1429.6,"transit_buffer_score":0},"geometry":{"type":"Point","coordinates":[-113.670281,53.559176]}},{"type":"Feature","properties":{"name":"BLATCHFORD DISTRICT ENERGY CENTRE","size":"100-499","address":"2645 BLATCHFORD ROAD NW","sector":"Public administration","naics_desc":"Other local, municipal and regional public administration","hybrid":"No","transit_score":0.377,"lead_score":2.262,"tier":2,"dauid":"48112741","ward":"","bia":"Kingsway","nearest_stop_dist":443.5,"transit_buffer_score":0.5},"geometry":{"type":"Point","coordinates":[-113.514549,53.569838]}},{"type":"Feature","properties":{"name":"BLATCHFORD DISTRICT ENERGY CENTRE","size":"100-499","address":"2645 BLATCHFORD ROAD NW","sector":"Public administration","naics_desc":"Other local, municipal and regional public administration","hybrid":"No","transit_score":0.377,"lead_score":2.262,"tier":2,"dauid":"48112741","ward":"","bia":"Kingsway","nearest_stop_dist":443.5,"transit_buffer_score":0.5},"geometry":{"type":"Point","coordinates":[-113.514549,53.569838]}},{"type":"Feature","properties":{"name":"City of EDMONTON - FACILITIES","size":"100-499","address":"12304 107 STREET NW","sector":"Public administration","naics_desc":"Other local, municipal and regional public administration","hybrid":"No","transit_score":0.375,"lead_score":2.25,"tier":2,"dauid":"48112740","ward":"","bia":"Kingsway","nearest_stop_dist":521.9,"transit_buffer_score":0.5},"geometry":{"type":"Point","coordinates":[-113.507049,53.579619]}},{"type":"Feature","properties":{"name":"EDMONTON FLEET SAFETY","size":"100-499","address":"12404 107 STREET NW","sector":"Public administration","naics_desc":"Other local, municipal and regional public administration","hybrid":"No","transit_score":0.375,"lead_score":2.25,"tier":2,"dauid":"48112740","ward":"","bia":"Kingsway","nearest_stop_dist":451.8,"transit_buffer_score":0.5},"geometry":{"type":"Point","coordinates":[-113.506068,53.579319]}},{"type":"Feature","properties":{"name":"WESTWOOD FACILITY","size":"100-499","address":"12404 107 STREET NW","sector":"Public administration","naics_desc":"Other local, municipal and regional public administration","hybrid":"No","transit_score":0.375,"lead_score":2.25,"tier":2,"dauid":"48112740","ward":"O-day'min","bia":"Kingsway","nearest_stop_dist":512,"transit_buffer_score":0.5},"geometry":{"type":"Point","coordinates":[-113.507412,53.579214]}},{"type":"Feature","properties":{"name":"SOKIL EXPRESS LINES LTD","size":"100-499","address":"8830 126 AVENUE NW","sector":"Transportation and warehousing","naics_desc":"General freight trucking, local","hybrid":"No","transit_score":0.365,"lead_score":2.19,"tier":2,"dauid":"48110363","ward":"","bia":"","nearest_stop_dist":573.7,"transit_buffer_score":0.5},"geometry":{"type":"Point","coordinates":[-113.475604,53.58287]}},{"type":"Feature","properties":{"name":"EPCOR WATER SERVICES INC","size":"100-499","address":"10977 50 STREET NW","sector":"Utilities","naics_desc":"Water supply and irrigation systems","hybrid":"No","transit_score":0.365,"lead_score":2.19,"tier":2,"dauid":"48110774","ward":"Métis","bia":"","nearest_stop_dist":605.7,"transit_buffer_score":0.1},"geometry":{"type":"Point","coordinates":[-113.4153,53.56139]}},{"type":"Feature","properties":{"name":"VICTORIA GOLF COURSE CLUB HOUSE","size":"100-499","address":"12030 RIVER VALLEY ROAD NW","sector":"Public administration","naics_desc":"Golf courses and country clubs","hybrid":"No","transit_score":0.358,"lead_score":2.148,"tier":2,"dauid":"48110158","ward":"","bia":"","nearest_stop_dist":602.2,"transit_buffer_score":0.1},"geometry":{"type":"Point","coordinates":[-113.522258,53.533663]}},{"type":"Feature","properties":{"name":"MNP DEBT - LICENSED INSOLVENCY TRUSTEES BANKRUPTCY & CONSUMER PROPOSALS","size":"500+","address":"10235 101 STREET NW","sector":"Professional, scientific and technical services","naics_desc":"Administrative management and general management consulting services","hybrid":"Yes","transit_score":0.254,"lead_score":2.134,"tier":2,"dauid":"48110929","ward":"Ipiihkoohkanipiaohtsi","bia":"","nearest_stop_dist":430.8,"transit_buffer_score":0.5},"geometry":{"type":"Point","coordinates":[-113.495237,53.462317]}},{"type":"Feature","properties":{"name":"PROCOR LIMITED","size":"100-499","address":"9502 34 STREET NW","sector":"Transportation and warehousing","naics_desc":"Support activities for rail transportation","hybrid":"No","transit_score":0.351,"lead_score":2.106,"tier":2,"dauid":"48110777","ward":"Métis","bia":"","nearest_stop_dist":1021.3,"transit_buffer_score":0},"geometry":{"type":"Point","coordinates":[-113.395725,53.53102]}},{"type":"Feature","properties":{"name":"CELANESE EVA POLYMERS ULC","size":"100-499","address":"4405 101 AVENUE NW","sector":"Manufacturing","naics_desc":"All other plastic product manufacturing","hybrid":"No","transit_score":0.344,"lead_score":2.064,"tier":2,"dauid":"48110779","ward":"","bia":"","nearest_stop_dist":584,"transit_buffer_score":0.5},"geometry":{"type":"Point","coordinates":[-113.40954,53.537409]}},{"type":"Feature","properties":{"name":"CELANESE EVA POLYMERS ULC","size":"100-499","address":"4405 101 AVENUE NW","sector":"Manufacturing","naics_desc":"Other basic organic chemical manufacturing","hybrid":"No","transit_score":0.344,"lead_score":2.064,"tier":2,"dauid":"48110779","ward":"Métis","bia":"","nearest_stop_dist":584,"transit_buffer_score":0.5},"geometry":{"type":"Point","coordinates":[-113.40954,53.537409]}},{"type":"Feature","properties":{"name":"CLARK BUILDERS","size":"500+","address":"5555 CALGARY TRAIL NW","sector":"Construction","naics_desc":"Commercial and institutional building construction","hybrid":"Yes","transit_score":0.243,"lead_score":2.041,"tier":2,"dauid":"48110847","ward":"","bia":"","nearest_stop_dist":510.6,"transit_buffer_score":0.5},"geometry":{"type":"Point","coordinates":[-113.496196,53.492867]}},{"type":"Feature","properties":{"name":"CLARK BUILDERS","size":"500+","address":"5555 CALGARY TRAIL NW","sector":"Construction","naics_desc":"Commercial and institutional building construction","hybrid":"Yes","transit_score":0.243,"lead_score":2.041,"tier":2,"dauid":"48110847","ward":"papastew","bia":"","nearest_stop_dist":510.6,"transit_buffer_score":0.5},"geometry":{"type":"Point","coordinates":[-113.496196,53.492867]}},{"type":"Feature","properties":{"name":"ROYAL GLENORA CLUB","size":"100-499","address":"11160 RIVER VALLEY ROAD NW","sector":"Arts, entertainment and recreation","naics_desc":"Golf courses and country clubs","hybrid":"No","transit_score":0.331,"lead_score":1.986,"tier":2,"dauid":"48111287","ward":"O-day'min","bia":"","nearest_stop_dist":428.8,"transit_buffer_score":0.5},"geometry":{"type":"Point","coordinates":[-113.51527,53.532996]}},{"type":"Feature","properties":{"name":"ROYAL GLENORA CLUB","size":"100-499","address":"11160 RIVER VALLEY ROAD NW","sector":"Arts, entertainment and recreation","naics_desc":"Golf courses and country clubs","hybrid":"No","transit_score":0.331,"lead_score":1.986,"tier":2,"dauid":"48111287","ward":"","bia":"","nearest_stop_dist":442.3,"transit_buffer_score":0.5},"geometry":{"type":"Point","coordinates":[-113.515425,53.532856]}},{"type":"Feature","properties":{"name":"A & H STEEL LTD","size":"100-499","address":"4710 82 AVENUE NW","sector":"Construction","naics_desc":"Structural steel and precast concrete contractors","hybrid":"No","transit_score":0.289,"lead_score":1.734,"tier":2,"dauid":"48112107","ward":"Métis","bia":"","nearest_stop_dist":491.5,"transit_buffer_score":0.5},"geometry":{"type":"Point","coordinates":[-113.4136,53.5187]}},{"type":"Feature","properties":{"name":"A & H STEEL LTD","size":"100-499","address":"4710 82 AVENUE NW","sector":"Construction","naics_desc":"Structural steel and precast concrete contractors","hybrid":"No","transit_score":0.289,"lead_score":1.734,"tier":2,"dauid":"48112107","ward":"","bia":"","nearest_stop_dist":491.5,"transit_buffer_score":0.5},"geometry":{"type":"Point","coordinates":[-113.4136,53.5187]}},{"type":"Feature","properties":{"name":"PILLAR FABRICATORS","size":"100-499","address":"4155 84 AVENUE NW","sector":"Manufacturing","naics_desc":"Prefabricated metal building and component manufacturing","hybrid":"No","transit_score":0.289,"lead_score":1.734,"tier":2,"dauid":"48112107","ward":"Métis","bia":"","nearest_stop_dist":632.8,"transit_buffer_score":0.1},"geometry":{"type":"Point","coordinates":[-113.4054,53.51802]}},{"type":"Feature","properties":{"name":"YASHICA IMPEX INC.","size":"100-499","address":"4608 82 AVENUE NW","sector":"Wholesale trade","naics_desc":"Fresh fruit and vegetable merchant wholesalers","hybrid":"No","transit_score":0.289,"lead_score":1.734,"tier":2,"dauid":"48112107","ward":"","bia":"","nearest_stop_dist":595.6,"transit_buffer_score":0.5},"geometry":{"type":"Point","coordinates":[-113.412145,53.518219]}},{"type":"Feature","properties":{"name":"CAPITAL POWER CORPORATION - CLOVER BAR ENERGY CENTRE","size":"20-99","address":"1515 130 AVENUE NW","sector":"Utilities","naics_desc":"Fossil-fuel electric power generation","hybrid":"No","transit_score":0.67,"lead_score":1.675,"tier":2,"dauid":"48110395","ward":"Dene","bia":"","nearest_stop_dist":900.8,"transit_buffer_score":0},"geometry":{"type":"Point","coordinates":[-113.364707,53.58685]}},{"type":"Feature","properties":{"name":"ALBERTA DILUENT TERMINAL LTD","size":"20-99","address":"1250 HAYTER ROAD NW","sector":"Manufacturing","naics_desc":"Mining and oil and gas field machinery manufacturing","hybrid":"No","transit_score":0.67,"lead_score":1.675,"tier":2,"dauid":"48110395","ward":"Dene","bia":"","nearest_stop_dist":1232.6,"transit_buffer_score":0},"geometry":{"type":"Point","coordinates":[-113.3577,53.57545]}},{"type":"Feature","properties":{"name":"City of Edmonton - Westwood Facility","size":"100-499","address":"12404 107 STREET NW","sector":"Public administration","naics_desc":"Other local, municipal and regional public administration","hybrid":"Yes","transit_score":0.375,"lead_score":1.575,"tier":2,"dauid":"48112740","ward":"","bia":"Kingsway","nearest_stop_dist":512,"transit_buffer_score":0.5},"geometry":{"type":"Point","coordinates":[-113.507412,53.579214]}},{"type":"Feature","properties":{"name":"CITY OF EDMONTON - WESTWOOD FACILITY","size":"100-499","address":"12404 107 STREET NW","sector":"Public administration","naics_desc":"Other local, municipal and regional public administration","hybrid":"Yes","transit_score":0.375,"lead_score":1.575,"tier":2,"dauid":"48112740","ward":"","bia":"Kingsway","nearest_stop_dist":512,"transit_buffer_score":0.5},"geometry":{"type":"Point","coordinates":[-113.507412,53.579214]}},{"type":"Feature","properties":{"name":"AGROPUR COOPERATIVE - CANADA OPERATIONS","size":"100-499","address":"13944 YELLOWHEAD TRAIL NW","sector":"Manufacturing","naics_desc":"Butter, cheese, and dry and condensed dairy product manufacturing","hybrid":"No","transit_score":0.261,"lead_score":1.566,"tier":2,"dauid":"48111104","ward":"Anirniq","bia":"","nearest_stop_dist":417.8,"transit_buffer_score":0.5},"geometry":{"type":"Point","coordinates":[-113.565444,53.58256]}},{"type":"Feature","properties":{"name":"EDMONTON POLICE VALLEVAND DOG KENNELS","size":"100-499","address":"12211 124 AVENUE NW","sector":"Public administration","naics_desc":"Municipal police services","hybrid":"No","transit_score":0.258,"lead_score":1.548,"tier":2,"dauid":"48110240","ward":"Anirniq","bia":"","nearest_stop_dist":464.9,"transit_buffer_score":0.5},"geometry":{"type":"Point","coordinates":[-113.53405,53.578438]}},{"type":"Feature","properties":{"name":"EDMONTON POLICE TOW LOT -POLICE SEIZED VEHICLE","size":"100-499","address":"12230 124 AVENUE NW","sector":"Public administration","naics_desc":"Municipal police services","hybrid":"No","transit_score":0.258,"lead_score":1.548,"tier":2,"dauid":"48110240","ward":"Anirniq","bia":"","nearest_stop_dist":508.2,"transit_buffer_score":0.5},"geometry":{"type":"Point","coordinates":[-113.53352,53.579035]}},{"type":"Feature","properties":{"name":"EPCOR WATER SERVICES INC","size":"100-499","address":"10977 50 STREET NW","sector":"Utilities","naics_desc":"Water supply and irrigation systems","hybrid":"Yes","transit_score":0.365,"lead_score":1.533,"tier":2,"dauid":"48110774","ward":"","bia":"","nearest_stop_dist":605.7,"transit_buffer_score":0.1},"geometry":{"type":"Point","coordinates":[-113.4153,53.56139]}},{"type":"Feature","properties":{"name":"EDMONTON POLICE PROPERTY EXHIBIT WAREHOUSE","size":"100-499","address":"13030 YELLOWHEAD TRAIL NW","sector":"Public administration","naics_desc":"Municipal police services","hybrid":"No","transit_score":0.253,"lead_score":1.518,"tier":2,"dauid":"48110239","ward":"Anirniq","bia":"","nearest_stop_dist":430.4,"transit_buffer_score":0.5},"geometry":{"type":"Point","coordinates":[-113.549236,53.58221]}},{"type":"Feature","properties":{"name":"EDMONTON BLIND CLEANING EXPERTS LTD","size":"100-499","address":"6278 92 STREET NW","sector":"Administrative and support, waste management and remediation services","naics_desc":"Janitorial services (except window cleaning)","hybrid":"No","transit_score":0.248,"lead_score":1.488,"tier":2,"dauid":"48110844","ward":"","bia":"","nearest_stop_dist":431,"transit_buffer_score":0.5},"geometry":{"type":"Point","coordinates":[-113.469925,53.499089]}},{"type":"Feature","properties":{"name":"CANADA POST","size":"100-499","address":"9325 62 AVENUE NW","sector":"Transportation and warehousing","naics_desc":"Postal service","hybrid":"No","transit_score":0.248,"lead_score":1.488,"tier":2,"dauid":"48110844","ward":"papastew","bia":"","nearest_stop_dist":434.6,"transit_buffer_score":0.5},"geometry":{"type":"Point","coordinates":[-113.470439,53.497728]}},{"type":"Feature","properties":{"name":"CANADA POST","size":"100-499","address":"9325 62 AVENUE NW","sector":"Transportation and warehousing","naics_desc":"Postal service","hybrid":"No","transit_score":0.248,"lead_score":1.488,"tier":2,"dauid":"48110844","ward":"","bia":"","nearest_stop_dist":434.6,"transit_buffer_score":0.5},"geometry":{"type":"Point","coordinates":[-113.470439,53.497728]}},{"type":"Feature","properties":{"name":"CUNNINGHAM TRANSPORT LTD.","size":"100-499","address":"9340 62 AVENUE NW","sector":"Transportation and warehousing","naics_desc":"School and employee bus transportation","hybrid":"No","transit_score":0.248,"lead_score":1.488,"tier":2,"dauid":"48110844","ward":"papastew","bia":"","nearest_stop_dist":439.1,"transit_buffer_score":0.5},"geometry":{"type":"Point","coordinates":[-113.471548,53.498904]}},{"type":"Feature","properties":{"name":"CUNNINGHAM TRANSPORT LTD.","size":"100-499","address":"9340 62 AVENUE NW","sector":"Transportation and warehousing","naics_desc":"School and employee bus transportation","hybrid":"No","transit_score":0.248,"lead_score":1.488,"tier":2,"dauid":"48110844","ward":"","bia":"","nearest_stop_dist":439.1,"transit_buffer_score":0.5},"geometry":{"type":"Point","coordinates":[-113.471548,53.498904]}},{"type":"Feature","properties":{"name":"SUBCOE","size":"100-499","address":"6711 59 STREET NW","sector":"Manufacturing","naics_desc":"Electric lighting equipment manufacturing","hybrid":"No","transit_score":0.246,"lead_score":1.476,"tier":2,"dauid":"48110790","ward":"","bia":"","nearest_stop_dist":448.5,"transit_buffer_score":0.5},"geometry":{"type":"Point","coordinates":[-113.425033,53.502731]}},{"type":"Feature","properties":{"name":"SUBCOE","size":"100-499","address":"6711 59 STREET NW","sector":"Manufacturing","naics_desc":"Electric lighting equipment manufacturing","hybrid":"No","transit_score":0.246,"lead_score":1.476,"tier":2,"dauid":"48110790","ward":"Karhiio","bia":"","nearest_stop_dist":448.5,"transit_buffer_score":0.5},"geometry":{"type":"Point","coordinates":[-113.425033,53.502731]}},{"type":"Feature","properties":{"name":"ALUMASAFWAY, INC.","size":"100-499","address":"304 69 AVENUE NW","sector":"Real estate and rental and leasing","naics_desc":"Other commercial and industrial machinery and equipment rental and leasing","hybrid":"No","transit_score":0.24,"lead_score":1.44,"tier":2,"dauid":"48112540","ward":"Sspomitapi","bia":"","nearest_stop_dist":1194.4,"transit_buffer_score":0},"geometry":{"type":"Point","coordinates":[-113.3488,53.50642]}},{"type":"Feature","properties":{"name":"ALUMASAFWAY, INC.","size":"100-499","address":"304 69 AVENUE NW","sector":"Real estate and rental and leasing","naics_desc":"Other commercial and industrial machinery and equipment rental and leasing","hybrid":"No","transit_score":0.24,"lead_score":1.44,"tier":2,"dauid":"48112540","ward":"","bia":"","nearest_stop_dist":1194.4,"transit_buffer_score":0},"geometry":{"type":"Point","coordinates":[-113.3488,53.50642]}},{"type":"Feature","properties":{"name":"LAYFIELD","size":"100-499","address":"17720 129 AVENUE NW","sector":"Manufacturing","naics_desc":"Plastic film and sheet manufacturing","hybrid":"No","transit_score":0.238,"lead_score":1.428,"tier":2,"dauid":"48112722","ward":"Nakota Isga","bia":"","nearest_stop_dist":671,"transit_buffer_score":0.1},"geometry":{"type":"Point","coordinates":[-113.625319,53.590774]}},{"type":"Feature","properties":{"name":"LOBLAWS INC","size":"100-499","address":"16104 121A AVENUE NW","sector":"Wholesale trade","naics_desc":"General-line food merchant wholesalers","hybrid":"No","transit_score":0.237,"lead_score":1.422,"tier":2,"dauid":"48111124","ward":"Nakota Isga","bia":"","nearest_stop_dist":459.8,"transit_buffer_score":0.5},"geometry":{"type":"Point","coordinates":[-113.6019,53.5746]}},{"type":"Feature","properties":{"name":"BIMBO CANADA","size":"100-499","address":"12151 160 STREET NW","sector":"Manufacturing","naics_desc":"Commercial bakeries and frozen bakery product manufacturing","hybrid":"No","transit_score":0.237,"lead_score":1.422,"tier":2,"dauid":"48111124","ward":"Nakota Isga","bia":"","nearest_stop_dist":420.1,"transit_buffer_score":0.5},"geometry":{"type":"Point","coordinates":[-113.59565,53.576008]}},{"type":"Feature","properties":{"name":"POLYTUBES","size":"100-499","address":"16221 123 AVENUE NW","sector":"Manufacturing","naics_desc":"Plastic pipe and pipe fitting manufacturing","hybrid":"No","transit_score":0.237,"lead_score":1.422,"tier":2,"dauid":"48111124","ward":"Nakota Isga","bia":"","nearest_stop_dist":642.7,"transit_buffer_score":0.1},"geometry":{"type":"Point","coordinates":[-113.600251,53.576105]}},{"type":"Feature","properties":{"name":"COMCO PIPE & SUPPLY COMPANY","size":"100-499","address":"5910 17 STREET NW","sector":"Wholesale trade","naics_desc":"Mining and oil and gas well machinery, equipment and supplies merchant wholesalers","hybrid":"No","transit_score":0.236,"lead_score":1.416,"tier":2,"dauid":"48111334","ward":"Sspomitapi","bia":"","nearest_stop_dist":549.6,"transit_buffer_score":0.5},"geometry":{"type":"Point","coordinates":[-113.377266,53.496594]}},{"type":"Feature","properties":{"name":"BRISTEEL MANUFACTURING","size":"100-499","address":"2125 64 AVENUE NW","sector":"Manufacturing","naics_desc":"Iron and steel pipes and tubes manufacturing from purchased steel","hybrid":"No","transit_score":0.236,"lead_score":1.416,"tier":2,"dauid":"48111334","ward":"Sspomitapi","bia":"","nearest_stop_dist":751.4,"transit_buffer_score":0.1},"geometry":{"type":"Point","coordinates":[-113.379577,53.499775]}},{"type":"Feature","properties":{"name":"PRECISION TILT","size":"100-499","address":"812 78 AVENUE NW","sector":"Construction","naics_desc":"Structural steel and precast concrete contractors","hybrid":"No","transit_score":0.232,"lead_score":1.392,"tier":2,"dauid":"48112541","ward":"","bia":"","nearest_stop_dist":862,"transit_buffer_score":0},"geometry":{"type":"Point","coordinates":[-113.35705,53.514236]}},{"type":"Feature","properties":{"name":"WEISS-JOHNSON MECHANICAL LTD.","size":"100-499","address":"950 78 AVENUE NW","sector":"Construction","naics_desc":"Plumbing, heating and air-conditioning contractors","hybrid":"No","transit_score":0.232,"lead_score":1.392,"tier":2,"dauid":"48112541","ward":"Sspomitapi","bia":"","nearest_stop_dist":646.3,"transit_buffer_score":0.1},"geometry":{"type":"Point","coordinates":[-113.3611,53.51481]}},{"type":"Feature","properties":{"name":"KENTUCKY BLUE GRASS LTD","size":"100-499","address":"6107 34 STREET NW","sector":"Administrative and support, waste management and remediation services","naics_desc":"Landscaping services","hybrid":"No","transit_score":0.232,"lead_score":1.392,"tier":2,"dauid":"48112541","ward":"Sspomitapi","bia":"","nearest_stop_dist":1082.6,"transit_buffer_score":0},"geometry":{"type":"Point","coordinates":[-113.360388,53.519859]}},{"type":"Feature","properties":{"name":"UNITED CRIBBING LTD","size":"100-499","address":"824 78 AVENUE NW","sector":"Construction","naics_desc":"Structural steel and precast concrete contractors","hybrid":"No","transit_score":0.232,"lead_score":1.392,"tier":2,"dauid":"48112541","ward":"Sspomitapi","bia":"","nearest_stop_dist":843.8,"transit_buffer_score":0},"geometry":{"type":"Point","coordinates":[-113.357372,53.514287]}},{"type":"Feature","properties":{"name":"WEISS-JOHNSON MECHANICAL LTD.","size":"100-499","address":"950 78 AVENUE NW","sector":"Construction","naics_desc":"Plumbing, heating and air-conditioning contractors","hybrid":"No","transit_score":0.232,"lead_score":1.392,"tier":2,"dauid":"48112541","ward":"","bia":"","nearest_stop_dist":646.3,"transit_buffer_score":0.1},"geometry":{"type":"Point","coordinates":[-113.3611,53.51481]}},{"type":"Feature","properties":{"name":"DEBUSK SERVICES CANADA, LTD.","size":"100-499","address":"7211 8 STREET NW","sector":"Administrative and support, waste management and remediation services","naics_desc":"Janitorial services (except window cleaning)","hybrid":"No","transit_score":0.232,"lead_score":1.392,"tier":2,"dauid":"48112541","ward":"","bia":"","nearest_stop_dist":1131.8,"transit_buffer_score":0},"geometry":{"type":"Point","coordinates":[-113.3517,53.50835]}},{"type":"Feature","properties":{"name":"UNITED CRIBBING LTD","size":"100-499","address":"824 78 AVENUE NW","sector":"Construction","naics_desc":"Structural steel and precast concrete contractors","hybrid":"No","transit_score":0.232,"lead_score":1.392,"tier":2,"dauid":"48112541","ward":"","bia":"","nearest_stop_dist":843.8,"transit_buffer_score":0},"geometry":{"type":"Point","coordinates":[-113.357372,53.514287]}},{"type":"Feature","properties":{"name":"PRECISION TILT","size":"100-499","address":"812 78 AVENUE NW","sector":"Construction","naics_desc":"Structural steel and precast concrete contractors","hybrid":"No","transit_score":0.232,"lead_score":1.392,"tier":2,"dauid":"48112541","ward":"Sspomitapi","bia":"","nearest_stop_dist":862,"transit_buffer_score":0},"geometry":{"type":"Point","coordinates":[-113.35705,53.514236]}},{"type":"Feature","properties":{"name":"SILENT-AIRE LIMITED PARTNERSHIP","size":"100-499","address":"7107 8 STREET NW","sector":"Manufacturing","naics_desc":"Heating equipment and commercial refrigeration equipment manufacturing","hybrid":"No","transit_score":0.232,"lead_score":1.392,"tier":2,"dauid":"48112541","ward":"","bia":"","nearest_stop_dist":1088.8,"transit_buffer_score":0},"geometry":{"type":"Point","coordinates":[-113.3517,53.50765]}},{"type":"Feature","properties":{"name":"FIRST STUDENT","size":"100-499","address":"6151 34 STREET NW","sector":"Transportation and warehousing","naics_desc":"School and employee bus transportation","hybrid":"No","transit_score":0.23,"lead_score":1.38,"tier":2,"dauid":"48110692","ward":"","bia":"","nearest_stop_dist":568.3,"transit_buffer_score":0.5},"geometry":{"type":"Point","coordinates":[-113.392339,53.499394]}},{"type":"Feature","properties":{"name":"FIRST STUDENT","size":"100-499","address":"6151 34 STREET NW","sector":"Transportation and warehousing","naics_desc":"School and employee bus transportation","hybrid":"No","transit_score":0.23,"lead_score":1.38,"tier":2,"dauid":"48110692","ward":"Sspomitapi","bia":"","nearest_stop_dist":568.3,"transit_buffer_score":0.5},"geometry":{"type":"Point","coordinates":[-113.392339,53.499394]}},{"type":"Feature","properties":{"name":"YMCA OF NORTHERN ALBERTA - CASTLE DOWNS FAMILY YMCA","size":"100-499","address":"11510 153 AVENUE EDMONTON","sector":"Arts, entertainment and recreation","naics_desc":"Fitness and recreational sports centres","hybrid":"Yes","transit_score":0.328,"lead_score":1.378,"tier":2,"dauid":"48112501","ward":"Dene","bia":"","nearest_stop_dist":529.1,"transit_buffer_score":0.5},"geometry":{"type":"Point","coordinates":[-113.356487,53.617554]}},{"type":"Feature","properties":{"name":"CITY FORD SALES LTD","size":"100-499","address":"14750 MARK MESSIER TRAIL NW","sector":"Retail trade","naics_desc":"New car dealers","hybrid":"No","transit_score":0.225,"lead_score":1.35,"tier":2,"dauid":"48112754","ward":"Anirniq","bia":"","nearest_stop_dist":404.9,"transit_buffer_score":0.5},"geometry":{"type":"Point","coordinates":[-113.589663,53.609812]}},{"type":"Feature","properties":{"name":"SEASONAL IMPACT CONTRACTING LTD.","size":"100-499","address":"6400 30 STREET NW","sector":"Administrative and support, waste management and remediation services","naics_desc":"Landscaping services","hybrid":"No","transit_score":0.215,"lead_score":1.29,"tier":2,"dauid":"48112545","ward":"Sspomitapi","bia":"","nearest_stop_dist":951.5,"transit_buffer_score":0},"geometry":{"type":"Point","coordinates":[-113.388249,53.50184]}},{"type":"Feature","properties":{"name":"SEASONAL IMPACT CONTRACTING LTD.","size":"100-499","address":"6400 30 STREET NW","sector":"Administrative and support, waste management and remediation services","naics_desc":"Landscaping services","hybrid":"No","transit_score":0.215,"lead_score":1.29,"tier":2,"dauid":"48112545","ward":"","bia":"","nearest_stop_dist":951.5,"transit_buffer_score":0},"geometry":{"type":"Point","coordinates":[-113.388249,53.50184]}},{"type":"Feature","properties":{"name":"KOHLTECH INTERNATIONAL LIMITED","size":"100-499","address":"14150 162 AVENUE NW","sector":"Manufacturing","naics_desc":"Metal window and door manufacturing","hybrid":"No","transit_score":0.214,"lead_score":1.284,"tier":2,"dauid":"48112743","ward":"Anirniq","bia":"","nearest_stop_dist":550.6,"transit_buffer_score":0.5},"geometry":{"type":"Point","coordinates":[-113.568876,53.623546]}},{"type":"Feature","properties":{"name":"INITIA REAL ESTATE","size":"100-499","address":"11823 114 AVENUE NW","sector":"Real estate and rental and leasing","naics_desc":"Real estate agents","hybrid":"Yes","transit_score":0.303,"lead_score":1.273,"tier":2,"dauid":"48110228","ward":"O-day'min","bia":"","nearest_stop_dist":433.5,"transit_buffer_score":0.5},"geometry":{"type":"Point","coordinates":[-113.526443,53.563895]}},{"type":"Feature","properties":{"name":"EDMONTON EXPO CENTRE","size":"20-99","address":"7515 118 AVENUE NW","sector":"Public administration","naics_desc":"Other local, municipal and regional public administration","hybrid":"No","transit_score":0.504,"lead_score":1.26,"tier":2,"dauid":"48110125","ward":"Métis","bia":"Alberta Avenue","nearest_stop_dist":401.5,"transit_buffer_score":0.5},"geometry":{"type":"Point","coordinates":[-113.456802,53.566736]}},{"type":"Feature","properties":{"name":"GILEAD ALBERTA ULC","size":"100-499","address":"1021 HAYTER ROAD NW","sector":"Manufacturing","naics_desc":"Pharmaceutical and medicine manufacturing","hybrid":"Yes","transit_score":0.297,"lead_score":1.247,"tier":2,"dauid":"48112493","ward":"Dene","bia":"","nearest_stop_dist":1471.5,"transit_buffer_score":0},"geometry":{"type":"Point","coordinates":[-113.355823,53.571642]}},{"type":"Feature","properties":{"name":"OWENS CORNING INSULATING SYSTEMS CANADA, LP","size":"100-499","address":"831 HAYTER ROAD NW","sector":"Manufacturing","naics_desc":"Glass manufacturing","hybrid":"Yes","transit_score":0.297,"lead_score":1.247,"tier":2,"dauid":"48112493","ward":"Dene","bia":"","nearest_stop_dist":1676.1,"transit_buffer_score":0},"geometry":{"type":"Point","coordinates":[-113.351976,53.572482]}},{"type":"Feature","properties":{"name":"EDMONTON COUNTRY CLUB","size":"100-499","address":"6201 COUNTRY CLUB ROAD NW","sector":"Arts, entertainment and recreation","naics_desc":"Golf courses and country clubs","hybrid":"No","transit_score":0.2,"lead_score":1.2,"tier":2,"dauid":"48110996","ward":"sipiwiyiniwak","bia":"","nearest_stop_dist":921.2,"transit_buffer_score":0},"geometry":{"type":"Point","coordinates":[-113.6002,53.48891]}},{"type":"Feature","properties":{"name":"PARK PAVING LTD","size":"100-499","address":"2420 121 AVENUE NE","sector":"Construction","naics_desc":"Highway, street and bridge construction","hybrid":"No","transit_score":0.2,"lead_score":1.2,"tier":2,"dauid":"48112783","ward":"Dene","bia":"","nearest_stop_dist":1290.4,"transit_buffer_score":0},"geometry":{"type":"Point","coordinates":[-113.3095,53.57648]}},{"type":"Feature","properties":{"name":"EDMONTON COUNTRY CLUB","size":"100-499","address":"6201 COUNTRY CLUB ROAD NW","sector":"Arts, entertainment and recreation","naics_desc":"Golf courses and country clubs","hybrid":"No","transit_score":0.2,"lead_score":1.2,"tier":2,"dauid":"48110996","ward":"","bia":"","nearest_stop_dist":921.2,"transit_buffer_score":0},"geometry":{"type":"Point","coordinates":[-113.6002,53.48891]}},{"type":"Feature","properties":{"name":"QUALITY FAST FOODS","size":"100-499","address":"19020 111 AVENUE NW","sector":"Manufacturing","naics_desc":"Frozen food manufacturing","hybrid":"No","transit_score":0.2,"lead_score":1.2,"tier":2,"dauid":"48111161","ward":"Nakota Isga","bia":"Northwest Industrial","nearest_stop_dist":489.8,"transit_buffer_score":0.5},"geometry":{"type":"Point","coordinates":[-113.650974,53.558224]}},{"type":"Feature","properties":{"name":"ALLIANCE READY MIX CONCRETE LTD","size":"100-499","address":"12030 32 STREET NE","sector":"Manufacturing","naics_desc":"Ready-mix concrete manufacturing","hybrid":"No","transit_score":0.2,"lead_score":1.2,"tier":2,"dauid":"48112783","ward":"Dene","bia":"","nearest_stop_dist":1007.4,"transit_buffer_score":0},"geometry":{"type":"Point","coordinates":[-113.2986,53.57473]}},{"type":"Feature","properties":{"name":"UNITED ROOFING EDMONTON INC.","size":"100-499","address":"21104 107 AVENUE NW","sector":"Construction","naics_desc":"Roofing contractors","hybrid":"No","transit_score":0.2,"lead_score":1.2,"tier":2,"dauid":"48112726","ward":"Nakota Isga","bia":"","nearest_stop_dist":419.2,"transit_buffer_score":0.5},"geometry":{"type":"Point","coordinates":[-113.6826,53.552214]}},{"type":"Feature","properties":{"name":"QUALITY FAST FOODS","size":"100-499","address":"19020 111 AVENUE NW","sector":"Manufacturing","naics_desc":"Frozen food manufacturing","hybrid":"No","transit_score":0.2,"lead_score":1.2,"tier":2,"dauid":"48111161","ward":"","bia":"Northwest Industrial","nearest_stop_dist":442.5,"transit_buffer_score":0.5},"geometry":{"type":"Point","coordinates":[-113.6504,53.55855]}},{"type":"Feature","properties":{"name":"COOLING TOWER DEPOT, INC.","size":"100-499","address":"13004 33 STREET NE","sector":"Construction","naics_desc":"Oil and gas pipeline and related structures construction","hybrid":"No","transit_score":0.2,"lead_score":1.2,"tier":2,"dauid":"48112783","ward":"Dene","bia":"","nearest_stop_dist":2476.2,"transit_buffer_score":0},"geometry":{"type":"Point","coordinates":[-113.30269,53.588425]}},{"type":"Feature","properties":{"name":"ALLSTAR CONSTRUCTION","size":"100-499","address":"11130 199 STREET NW","sector":"Construction","naics_desc":"Other heavy and civil engineering construction","hybrid":"No","transit_score":0.2,"lead_score":1.2,"tier":2,"dauid":"48112726","ward":"Nakota Isga","bia":"","nearest_stop_dist":1394.6,"transit_buffer_score":0},"geometry":{"type":"Point","coordinates":[-113.665099,53.559775]}},{"type":"Feature","properties":{"name":"IGLOO BUILDING SUPPLIES GROUP","size":"100-499","address":"21421 111 AVENUE NW","sector":"Retail trade","naics_desc":"Other building material dealers","hybrid":"No","transit_score":0.2,"lead_score":1.2,"tier":2,"dauid":"48112726","ward":"Nakota Isga","bia":"","nearest_stop_dist":602,"transit_buffer_score":0.1},"geometry":{"type":"Point","coordinates":[-113.6874,53.55791]}},{"type":"Feature","properties":{"name":"EDMONTON FLEET SERVICES ELLERSLIE FACILITY","size":"100-499","address":"2415 101 STREET SW","sector":"Public administration","naics_desc":"Other local, municipal and regional public administration","hybrid":"No","transit_score":0.2,"lead_score":1.2,"tier":2,"dauid":"48112585","ward":"Karhiio","bia":"","nearest_stop_dist":650.9,"transit_buffer_score":0.1},"geometry":{"type":"Point","coordinates":[-113.490252,53.411155]}},{"type":"Feature","properties":{"name":"MCKESSON CANADA WESTERN CENTRAL FILL PHARMACY","size":"100-499","address":"14010 164 STREET NW","sector":"Retail trade","naics_desc":"Pharmacies and drug stores","hybrid":"No","transit_score":0.2,"lead_score":1.2,"tier":2,"dauid":"48111927","ward":"Anirniq","bia":"","nearest_stop_dist":470.8,"transit_buffer_score":0.5},"geometry":{"type":"Point","coordinates":[-113.608246,53.603363]}},{"type":"Feature","properties":{"name":"PARK DEROCHIE INC.","size":"100-499","address":"11850 28 STREET NE","sector":"Manufacturing","naics_desc":"Coating, engraving, cold and heat treating and allied activities","hybrid":"No","transit_score":0.2,"lead_score":1.2,"tier":2,"dauid":"48112783","ward":"Dene","bia":"","nearest_stop_dist":1064.6,"transit_buffer_score":0},"geometry":{"type":"Point","coordinates":[-113.3043,53.57222]}},{"type":"Feature","properties":{"name":"WINDERMERE GOLF AND COUNTRY CLUB","size":"100-499","address":"19110 ELLERSLIE ROAD SW","sector":"Arts, entertainment and recreation","naics_desc":"Golf courses and country clubs","hybrid":"No","transit_score":0.2,"lead_score":1.2,"tier":2,"dauid":"48112654","ward":"pihêsiwin","bia":"","nearest_stop_dist":804.1,"transit_buffer_score":0},"geometry":{"type":"Point","coordinates":[-113.6479,53.42872]}},{"type":"Feature","properties":{"name":"GREENFOX WINDOWS AND DOORS","size":"100-499","address":"11045 190 STREET NW","sector":"Manufacturing","naics_desc":"Wood window and door manufacturing","hybrid":"No","transit_score":0.2,"lead_score":1.2,"tier":2,"dauid":"48111161","ward":"Nakota Isga","bia":"Northwest Industrial","nearest_stop_dist":405.6,"transit_buffer_score":0.5},"geometry":{"type":"Point","coordinates":[-113.648909,53.557515]}},{"type":"Feature","properties":{"name":"SCORPIO MASONRY AB INC.","size":"100-499","address":"20203 113 AVENUE NW","sector":"Construction","naics_desc":"Masonry contractors","hybrid":"No","transit_score":0.2,"lead_score":1.2,"tier":2,"dauid":"48112726","ward":"Nakota Isga","bia":"","nearest_stop_dist":1386.2,"transit_buffer_score":0},"geometry":{"type":"Point","coordinates":[-113.669992,53.56038]}},{"type":"Feature","properties":{"name":"SILENT-AIRE","size":"100-499","address":"2633 121 AVENUE NE","sector":"Construction","naics_desc":"Plumbing, heating and air-conditioning contractors","hybrid":"No","transit_score":0.2,"lead_score":1.2,"tier":2,"dauid":"48112783","ward":"Dene","bia":"","nearest_stop_dist":1331.3,"transit_buffer_score":0},"geometry":{"type":"Point","coordinates":[-113.303764,53.575839]}},{"type":"Feature","properties":{"name":"ENGINEERING SERVICES BUILDING","size":"100-499","address":"11004 190 STREET NW","sector":"Public administration","naics_desc":"Other local, municipal and regional public administration","hybrid":"No","transit_score":0.2,"lead_score":1.2,"tier":2,"dauid":"48111161","ward":"Nakota Isga","bia":"Northwest Industrial","nearest_stop_dist":517.4,"transit_buffer_score":0.5},"geometry":{"type":"Point","coordinates":[-113.650583,53.557187]}},{"type":"Feature","properties":{"name":"COSTCO BUSINESS WAREHOUSE","size":"100-499","address":"10310 186 STREET NW","sector":"Retail trade","naics_desc":"Warehouse clubs and Supercentres","hybrid":"No","transit_score":0.2,"lead_score":1.2,"tier":2,"dauid":"48111162","ward":"Nakota Isga","bia":"","nearest_stop_dist":520.3,"transit_buffer_score":0.5},"geometry":{"type":"Point","coordinates":[-113.647784,53.545365]}},{"type":"Feature","properties":{"name":"ALTA PRO ELECTRIC LTD","size":"100-499","address":"13415 149 STREET NW","sector":"Construction","naics_desc":"Electrical contractors and other wiring installation contractors","hybrid":"Yes","transit_score":0.254,"lead_score":1.067,"tier":2,"dauid":"48111106","ward":"","bia":"","nearest_stop_dist":419.5,"transit_buffer_score":0.5},"geometry":{"type":"Point","coordinates":[-113.578889,53.594167]}},{"type":"Feature","properties":{"name":"ALTA PRO ELECTRIC LTD","size":"100-499","address":"13415 149 STREET NW","sector":"Construction","naics_desc":"Electrical contractors and other wiring installation contractors","hybrid":"Yes","transit_score":0.254,"lead_score":1.067,"tier":2,"dauid":"48111106","ward":"Anirniq","bia":"","nearest_stop_dist":419.5,"transit_buffer_score":0.5},"geometry":{"type":"Point","coordinates":[-113.578889,53.594167]}},{"type":"Feature","properties":{"name":"ROYAL LEPAGE NORALTA REAL ESTATE","size":"100-499","address":"3018 CALGARY TRAIL NW","sector":"Real estate and rental and leasing","naics_desc":"Offices of real estate brokers","hybrid":"Yes","transit_score":0.254,"lead_score":1.067,"tier":2,"dauid":"48110929","ward":"Ipiihkoohkanipiaohtsi","bia":"","nearest_stop_dist":451,"transit_buffer_score":0.5},"geometry":{"type":"Point","coordinates":[-113.494255,53.462254]}},{"type":"Feature","properties":{"name":"ALBERTA PRECISION LABORATORY","size":"20-99","address":"2919 137 AVENUE NW","sector":"Health care and social assistance","naics_desc":"Medical and diagnostic laboratories","hybrid":"No","transit_score":0.426,"lead_score":1.065,"tier":2,"dauid":"48111598","ward":"Dene","bia":"","nearest_stop_dist":402.8,"transit_buffer_score":0.5},"geometry":{"type":"Point","coordinates":[-113.387466,53.599096]}},{"type":"Feature","properties":{"name":"BMO BANK OF MONTREAL","size":"20-99","address":"3003 137 AVENUE NW","sector":"Finance and insurance","naics_desc":"Personal and commercial banking industry","hybrid":"No","transit_score":0.423,"lead_score":1.057,"tier":2,"dauid":"48111597","ward":"Dene","bia":"","nearest_stop_dist":421.5,"transit_buffer_score":0.5},"geometry":{"type":"Point","coordinates":[-113.389513,53.59909]}},{"type":"Feature","properties":{"name":"ENNIS FABRICS","size":"100-499","address":"6111 91 STREET NW","sector":"Wholesale trade","naics_desc":"Linen, drapery and other textile furnishings merchant wholesalers","hybrid":"Yes","transit_score":0.248,"lead_score":1.042,"tier":2,"dauid":"48110742","ward":"","bia":"","nearest_stop_dist":438.4,"transit_buffer_score":0.5},"geometry":{"type":"Point","coordinates":[-113.466172,53.498187]}},{"type":"Feature","properties":{"name":"EDMONTON REGIONAL AIRPORT AUTHORITY","size":"20-99","address":"10908 120 AVENUE NW","sector":"Transportation and warehousing","naics_desc":"Other airport operations","hybrid":"No","transit_score":0.412,"lead_score":1.03,"tier":2,"dauid":"48110369","ward":"","bia":"Kingsway","nearest_stop_dist":502.4,"transit_buffer_score":0.5},"geometry":{"type":"Point","coordinates":[-113.508522,53.574431]}},{"type":"Feature","properties":{"name":"BGE INDOOR AIR QUALITY SOLUTIONS LTD.","size":"100-499","address":"5711 103A STREET NW","sector":"Manufacturing","naics_desc":"Industrial and commercial fan and blower and air purification equipment manufacturing","hybrid":"Yes","transit_score":0.243,"lead_score":1.021,"tier":2,"dauid":"48110847","ward":"","bia":"","nearest_stop_dist":545.2,"transit_buffer_score":0.5},"geometry":{"type":"Point","coordinates":[-113.4944,53.49462]}},{"type":"Feature","properties":{"name":"DRIVEWYZE LTD.","size":"100-499","address":"5425 CALGARY TRAIL NW","sector":"Transportation and warehousing","naics_desc":"Other support activities for road transportation","hybrid":"Yes","transit_score":0.243,"lead_score":1.021,"tier":2,"dauid":"48110847","ward":"papastew","bia":"","nearest_stop_dist":456.2,"transit_buffer_score":0.5},"geometry":{"type":"Point","coordinates":[-113.494231,53.492311]}},{"type":"Feature","properties":{"name":"BGE INDOOR AIR QUALITY SOLUTIONS LTD.","size":"100-499","address":"5711 103A STREET NW","sector":"Manufacturing","naics_desc":"Industrial and commercial fan and blower and air purification equipment manufacturing","hybrid":"Yes","transit_score":0.243,"lead_score":1.021,"tier":2,"dauid":"48110847","ward":"papastew","bia":"","nearest_stop_dist":545.2,"transit_buffer_score":0.5},"geometry":{"type":"Point","coordinates":[-113.4944,53.49462]}},{"type":"Feature","properties":{"name":"HOMES ALIVE PETS","size":"100-499","address":"5611 104 STREET NW","sector":"Retail trade","naics_desc":"Pet and pet supplies retailers","hybrid":"Yes","transit_score":0.243,"lead_score":1.021,"tier":2,"dauid":"48110847","ward":"","bia":"","nearest_stop_dist":485.7,"transit_buffer_score":0.5},"geometry":{"type":"Point","coordinates":[-113.496956,53.493473]}},{"type":"Feature","properties":{"name":"HOMES ALIVE PETS","size":"100-499","address":"5611 104 STREET NW","sector":"Retail trade","naics_desc":"Pet and pet supplies retailers","hybrid":"Yes","transit_score":0.243,"lead_score":1.021,"tier":2,"dauid":"48110847","ward":"papastew","bia":"","nearest_stop_dist":485.7,"transit_buffer_score":0.5},"geometry":{"type":"Point","coordinates":[-113.496956,53.493473]}},{"type":"Feature","properties":{"name":"HARLEY-DAVIDSON OF EDMONTON","size":"20-99","address":"7420 YELLOWHEAD TRAIL NW","sector":"Retail trade","naics_desc":"Motorcycle, boat and other motor vehicle dealers","hybrid":"No","transit_score":0.398,"lead_score":0.995,"tier":3,"dauid":"48110107","ward":"Métis","bia":"","nearest_stop_dist":436.7,"transit_buffer_score":0.5},"geometry":{"type":"Point","coordinates":[-113.4561,53.582955]}},{"type":"Feature","properties":{"name":"IMPERIAL DISTRIBUTORS CANADA INC","size":"100-499","address":"16504 121A AVENUE NW","sector":"Wholesale trade","naics_desc":"Pharmaceuticals and pharmacy supplies merchant wholesalers","hybrid":"Yes","transit_score":0.237,"lead_score":0.995,"tier":2,"dauid":"48111124","ward":"Nakota Isga","bia":"","nearest_stop_dist":433.7,"transit_buffer_score":0.5},"geometry":{"type":"Point","coordinates":[-113.6072,53.57421]}},{"type":"Feature","properties":{"name":"COMCO PIPE & SUPPLY COMPANY LTD","size":"100-499","address":"5910 17 STREET NW","sector":"Wholesale trade","naics_desc":"Mining and oil and gas well machinery, equipment and supplies merchant wholesalers","hybrid":"Yes","transit_score":0.236,"lead_score":0.991,"tier":2,"dauid":"48111334","ward":"","bia":"","nearest_stop_dist":549.6,"transit_buffer_score":0.5},"geometry":{"type":"Point","coordinates":[-113.377266,53.496594]}},{"type":"Feature","properties":{"name":"DFI | STEEL PILING","size":"100-499","address":"2404 51 AVENUE NW","sector":"Construction","naics_desc":"Site preparation contractors","hybrid":"Yes","transit_score":0.233,"lead_score":0.979,"tier":2,"dauid":"48112546","ward":"Sspomitapi","bia":"","nearest_stop_dist":786.4,"transit_buffer_score":0.1},"geometry":{"type":"Point","coordinates":[-113.377821,53.490268]}},{"type":"Feature","properties":{"name":"CMC5 LABOUR SERVICES LTD.","size":"20-99","address":"12532 72 STREET NW","sector":"Administrative and support, waste management and remediation services","naics_desc":"Employment placement agencies and executive search services","hybrid":"No","transit_score":0.386,"lead_score":0.965,"tier":3,"dauid":"48110381","ward":"Métis","bia":"","nearest_stop_dist":581.1,"transit_buffer_score":0.5},"geometry":{"type":"Point","coordinates":[-113.432982,53.581923]}},{"type":"Feature","properties":{"name":"EVALENCE RENEWABLES","size":"20-99","address":"12540 60 STREET NW","sector":"Construction","naics_desc":"Power and communication line and related structures construction","hybrid":"No","transit_score":0.386,"lead_score":0.965,"tier":3,"dauid":"48110381","ward":"Métis","bia":"","nearest_stop_dist":553.3,"transit_buffer_score":0.5},"geometry":{"type":"Point","coordinates":[-113.4344,53.58251]}},{"type":"Feature","properties":{"name":"LOUVIC TRANSPORT LTD","size":"20-99","address":"12530 60 STREET NW","sector":"Transportation and warehousing","naics_desc":"Other specialized freight (except used goods) trucking, long distance","hybrid":"No","transit_score":0.386,"lead_score":0.965,"tier":3,"dauid":"48110381","ward":"Métis","bia":"","nearest_stop_dist":594.2,"transit_buffer_score":0.5},"geometry":{"type":"Point","coordinates":[-113.434023,53.582217]}},{"type":"Feature","properties":{"name":"COMMUNITY DRUG ALERT","size":"20-99","address":"12904 54 STREET NW","sector":"Health care and social assistance","naics_desc":"Out-patient mental health and substance use centres","hybrid":"No","transit_score":0.386,"lead_score":0.965,"tier":3,"dauid":"48110381","ward":"Métis","bia":"","nearest_stop_dist":520,"transit_buffer_score":0.5},"geometry":{"type":"Point","coordinates":[-113.435812,53.582311]}},{"type":"Feature","properties":{"name":"AB GILL TRUCKING LTD","size":"20-99","address":"5804 125 AVENUE NW","sector":"Transportation and warehousing","naics_desc":"General freight trucking, long distance, truck-load (single shipper)","hybrid":"No","transit_score":0.386,"lead_score":0.965,"tier":3,"dauid":"48110381","ward":"Métis","bia":"","nearest_stop_dist":597.4,"transit_buffer_score":0.5},"geometry":{"type":"Point","coordinates":[-113.431499,53.582199]}},{"type":"Feature","properties":{"name":"LOUVIC TRANSPORT LTD","size":"20-99","address":"12540 60 STREET NW","sector":"Transportation and warehousing","naics_desc":"Other specialized freight (except used goods) trucking, long distance","hybrid":"No","transit_score":0.386,"lead_score":0.965,"tier":3,"dauid":"48110381","ward":"Métis","bia":"","nearest_stop_dist":553.3,"transit_buffer_score":0.5},"geometry":{"type":"Point","coordinates":[-113.434131,53.582619]}},{"type":"Feature","properties":{"name":"BLATCHFORD DISTRICT ENERGY CENTRE","size":"20-99","address":"2645 BLATCHFOROAD ROAD NW","sector":"Public administration","naics_desc":"Other local, municipal and regional public administration","hybrid":"No","transit_score":0.377,"lead_score":0.943,"tier":3,"dauid":"48112741","ward":"O-day'min","bia":"Kingsway","nearest_stop_dist":443.5,"transit_buffer_score":0.5},"geometry":{"type":"Point","coordinates":[-113.514549,53.569838]}},{"type":"Feature","properties":{"name":"EDMONTON POLICE WESTWOOD FACILITY- MMB & MAIL","size":"20-99","address":"12408 107 STREET NW","sector":"Public administration","naics_desc":"Municipal police services","hybrid":"No","transit_score":0.375,"lead_score":0.938,"tier":3,"dauid":"48112740","ward":"O-day'min","bia":"Kingsway","nearest_stop_dist":511.9,"transit_buffer_score":0.5},"geometry":{"type":"Point","coordinates":[-113.507411,53.579212]}},{"type":"Feature","properties":{"name":"M & R S CONTROLS CORP","size":"20-99","address":"9320 YELLOWHEAD TRAIL NW","sector":"Wholesale trade","naics_desc":"Electrical wiring and construction supplies merchant wholesalers","hybrid":"No","transit_score":0.371,"lead_score":0.927,"tier":3,"dauid":"48110358","ward":"","bia":"","nearest_stop_dist":561.8,"transit_buffer_score":0.5},"geometry":{"type":"Point","coordinates":[-113.4847,53.58234]}},{"type":"Feature","properties":{"name":"COUGAR PAINT & COLLISION INC","size":"20-99","address":"8810 YELLOWHEAD TRAIL NW","sector":"Other services (except public administration)","naics_desc":"Automotive body, paint and interior repair and maintenance","hybrid":"No","transit_score":0.365,"lead_score":0.912,"tier":3,"dauid":"48110363","ward":"Métis","bia":"","nearest_stop_dist":546.4,"transit_buffer_score":0.5},"geometry":{"type":"Point","coordinates":[-113.476685,53.581679]}},{"type":"Feature","properties":{"name":"RED SEAL TRUCK AND EQUIPMENT REPAIR","size":"20-99","address":"8710 126 AVENUE NW","sector":"Other services (except public administration)","naics_desc":"General automotive repair","hybrid":"No","transit_score":0.365,"lead_score":0.912,"tier":3,"dauid":"48110363","ward":"Métis","bia":"","nearest_stop_dist":509.9,"transit_buffer_score":0.5},"geometry":{"type":"Point","coordinates":[-113.474512,53.582961]}},{"type":"Feature","properties":{"name":"SELECT READY FOODS","size":"20-99","address":"8715 126 AVENUE NW","sector":"Accommodation and food services","naics_desc":"Food service contractors","hybrid":"No","transit_score":0.365,"lead_score":0.912,"tier":3,"dauid":"48110363","ward":"Métis","bia":"","nearest_stop_dist":509.9,"transit_buffer_score":0.5},"geometry":{"type":"Point","coordinates":[-113.4749,53.58231]}},{"type":"Feature","properties":{"name":"RED SEAL TRUCK AND EQUIPMENT REPAIR","size":"20-99","address":"8710 126 AVENUE NW","sector":"Other services (except public administration)","naics_desc":"General automotive repair","hybrid":"No","transit_score":0.365,"lead_score":0.912,"tier":3,"dauid":"48110363","ward":"","bia":"","nearest_stop_dist":509.9,"transit_buffer_score":0.5},"geometry":{"type":"Point","coordinates":[-113.474512,53.582961]}},{"type":"Feature","properties":{"name":"SEVEN T BAR TRUCKING LTD","size":"20-99","address":"8642 126 AVENUE NW","sector":"Transportation and warehousing","naics_desc":"General freight trucking, local","hybrid":"No","transit_score":0.365,"lead_score":0.912,"tier":3,"dauid":"48110363","ward":"","bia":"","nearest_stop_dist":461.2,"transit_buffer_score":0.5},"geometry":{"type":"Point","coordinates":[-113.473809,53.582826]}},{"type":"Feature","properties":{"name":"SOKIL EXPRESS LINES LTD","size":"20-99","address":"8830 126 AVENUE NW","sector":"Transportation and warehousing","naics_desc":"General freight trucking, local","hybrid":"No","transit_score":0.365,"lead_score":0.912,"tier":3,"dauid":"48110363","ward":"Métis","bia":"","nearest_stop_dist":573.7,"transit_buffer_score":0.5},"geometry":{"type":"Point","coordinates":[-113.475604,53.58287]}},{"type":"Feature","properties":{"name":"OSI SELECT READY FOODS INC","size":"20-99","address":"8715 126 AVENUE NW","sector":"Accommodation and food services","naics_desc":"Food service contractors","hybrid":"No","transit_score":0.365,"lead_score":0.912,"tier":3,"dauid":"48110363","ward":"","bia":"","nearest_stop_dist":509.9,"transit_buffer_score":0.5},"geometry":{"type":"Point","coordinates":[-113.4749,53.58231]}},{"type":"Feature","properties":{"name":"COUGAR PAINT & COLLISION INC","size":"20-99","address":"8810 YELLOWHEAD TRAIL NW","sector":"Other services (except public administration)","naics_desc":"Automotive body, paint and interior repair and maintenance","hybrid":"No","transit_score":0.365,"lead_score":0.912,"tier":3,"dauid":"48110363","ward":"","bia":"","nearest_stop_dist":546.4,"transit_buffer_score":0.5},"geometry":{"type":"Point","coordinates":[-113.476685,53.581679]}},{"type":"Feature","properties":{"name":"SYTEC MANUFACTURING LTD","size":"20-99","address":"7815 127 AVENUE NW","sector":"Manufacturing","naics_desc":"Other plate work and fabricated structural product manufacturing","hybrid":"No","transit_score":0.359,"lead_score":0.897,"tier":3,"dauid":"48110335","ward":"","bia":"","nearest_stop_dist":447.3,"transit_buffer_score":0.5},"geometry":{"type":"Point","coordinates":[-113.4611,53.58428]}},{"type":"Feature","properties":{"name":"LILYDALE","size":"20-99","address":"7727 127 AVENUE NW","sector":"Manufacturing","naics_desc":"Poultry slaughtering and processing","hybrid":"No","transit_score":0.359,"lead_score":0.897,"tier":3,"dauid":"48110335","ward":"Métis","bia":"","nearest_stop_dist":536.1,"transit_buffer_score":0.5},"geometry":{"type":"Point","coordinates":[-113.4594,53.58428]}},{"type":"Feature","properties":{"name":"VAN HOUTTE COFFEE SERVICES","size":"20-99","address":"7620 YELLOWHEAD TRAIL NW","sector":"Wholesale trade","naics_desc":"Non-alcoholic beverage merchant wholesalers","hybrid":"No","transit_score":0.359,"lead_score":0.897,"tier":3,"dauid":"48110335","ward":"","bia":"","nearest_stop_dist":449.2,"transit_buffer_score":0.5},"geometry":{"type":"Point","coordinates":[-113.458666,53.582789]}},{"type":"Feature","properties":{"name":"CASCADE COUNTERTOPS LTD","size":"20-99","address":"7630 YELLOWHEAD TRAIL NW","sector":"Construction","naics_desc":"Tile and terrazzo contractors","hybrid":"No","transit_score":0.359,"lead_score":0.897,"tier":3,"dauid":"48110335","ward":"Métis","bia":"","nearest_stop_dist":503,"transit_buffer_score":0.5},"geometry":{"type":"Point","coordinates":[-113.459526,53.583093]}},{"type":"Feature","properties":{"name":"STROSS MANAGEMENT","size":"20-99","address":"7829 127 AVENUE NW","sector":"Management of companies and enterprises","naics_desc":"Corporate, regional and subsidiary management offices and companies","hybrid":"No","transit_score":0.359,"lead_score":0.897,"tier":3,"dauid":"48110335","ward":"Métis","bia":"","nearest_stop_dist":403.1,"transit_buffer_score":0.5},"geometry":{"type":"Point","coordinates":[-113.461587,53.584673]}},{"type":"Feature","properties":{"name":"CASCADE COUNTERTOPS","size":"20-99","address":"7630 YELLOWHEAD TRAIL NW","sector":"Construction","naics_desc":"Other building finishing contractors","hybrid":"No","transit_score":0.359,"lead_score":0.897,"tier":3,"dauid":"48110335","ward":"","bia":"","nearest_stop_dist":501.6,"transit_buffer_score":0.5},"geometry":{"type":"Point","coordinates":[-113.459524,53.58308]}},{"type":"Feature","properties":{"name":"VAN HOUTTE COFFEE SERVICES","size":"20-99","address":"7620 YELLOWHEAD TRAIL NW","sector":"Wholesale trade","naics_desc":"Non-alcoholic beverage merchant wholesalers","hybrid":"No","transit_score":0.359,"lead_score":0.897,"tier":3,"dauid":"48110335","ward":"Métis","bia":"","nearest_stop_dist":449.2,"transit_buffer_score":0.5},"geometry":{"type":"Point","coordinates":[-113.458666,53.582789]}},{"type":"Feature","properties":{"name":"FIRE UP FIREWOOD","size":"20-99","address":"7807 127 AVENUE NW","sector":"Wholesale trade","naics_desc":"Log, wood chips, and other wood products merchant wholesalers","hybrid":"No","transit_score":0.359,"lead_score":0.897,"tier":3,"dauid":"48110335","ward":"Métis","bia":"","nearest_stop_dist":483.7,"transit_buffer_score":0.5},"geometry":{"type":"Point","coordinates":[-113.460519,53.584273]}},{"type":"Feature","properties":{"name":"LILYDALE","size":"20-99","address":"7727 127 AVENUE NW","sector":"Manufacturing","naics_desc":"Poultry slaughtering and processing","hybrid":"No","transit_score":0.359,"lead_score":0.897,"tier":3,"dauid":"48110335","ward":"","bia":"","nearest_stop_dist":536.1,"transit_buffer_score":0.5},"geometry":{"type":"Point","coordinates":[-113.4594,53.58428]}},{"type":"Feature","properties":{"name":"VICTORIA GOLF COURSE","size":"20-99","address":"12030 RIVER VALLEY ROAD NW","sector":"Public administration","naics_desc":"Golf courses and country clubs","hybrid":"No","transit_score":0.358,"lead_score":0.895,"tier":3,"dauid":"48110158","ward":"","bia":"","nearest_stop_dist":602.2,"transit_buffer_score":0.1},"geometry":{"type":"Point","coordinates":[-113.522258,53.533663]}},{"type":"Feature","properties":{"name":"BUILDING PRODUCTS OF CANADA CORP","size":"20-99","address":"3703 101 AVENUE NW","sector":"Construction","naics_desc":"Roofing contractors","hybrid":"No","transit_score":0.351,"lead_score":0.877,"tier":3,"dauid":"48110777","ward":"Métis","bia":"","nearest_stop_dist":443.9,"transit_buffer_score":0.5},"geometry":{"type":"Point","coordinates":[-113.4008,53.53988]}},{"type":"Feature","properties":{"name":"PROCOR LIMITED","size":"20-99","address":"9502 34 STREET NW","sector":"Real estate and rental and leasing","naics_desc":"Construction, transportation, mining, and forestry machinery and equipment rental and leasing","hybrid":"No","transit_score":0.351,"lead_score":0.877,"tier":3,"dauid":"48110777","ward":"","bia":"","nearest_stop_dist":1021.3,"transit_buffer_score":0},"geometry":{"type":"Point","coordinates":[-113.395725,53.53102]}},{"type":"Feature","properties":{"name":"MACEY BUILT TINY HOMES INC.","size":"20-99","address":"9447 47 STREET NW","sector":"Construction","naics_desc":"Residential building construction","hybrid":"No","transit_score":0.344,"lead_score":0.86,"tier":3,"dauid":"48110779","ward":"Métis","bia":"","nearest_stop_dist":402.5,"transit_buffer_score":0.5},"geometry":{"type":"Point","coordinates":[-113.407633,53.533093]}},{"type":"Feature","properties":{"name":"FLAMAN FITNESS","size":"20-99","address":"8910 YELLOWHEAD TRAIL NW","sector":"Retail trade","naics_desc":"All other sporting goods retailers","hybrid":"No","transit_score":0.344,"lead_score":0.86,"tier":3,"dauid":"48110338","ward":"","bia":"","nearest_stop_dist":593.8,"transit_buffer_score":0.5},"geometry":{"type":"Point","coordinates":[-113.479382,53.581993]}},{"type":"Feature","properties":{"name":"DUNRITE EXPRESS & HOTSHOT INC","size":"20-99","address":"9435 47 STREET NW","sector":"Transportation and warehousing","naics_desc":"Couriers","hybrid":"No","transit_score":0.344,"lead_score":0.86,"tier":3,"dauid":"48110779","ward":"Métis","bia":"","nearest_stop_dist":436.3,"transit_buffer_score":0.5},"geometry":{"type":"Point","coordinates":[-113.407782,53.533552]}},{"type":"Feature","properties":{"name":"THERMO-TECH MECHANICAL SERVICES","size":"20-99","address":"9453 47 STREET NW","sector":"Construction","naics_desc":"Plumbing, heating and air-conditioning contractors","hybrid":"No","transit_score":0.344,"lead_score":0.86,"tier":3,"dauid":"48110779","ward":"Métis","bia":"","nearest_stop_dist":407,"transit_buffer_score":0.5},"geometry":{"type":"Point","coordinates":[-113.407206,53.532907]}},{"type":"Feature","properties":{"name":"TALON DISTRIBUTION LTD","size":"20-99","address":"9459 47 STREET NW","sector":"Transportation and warehousing","naics_desc":"General freight trucking, local","hybrid":"No","transit_score":0.344,"lead_score":0.86,"tier":3,"dauid":"48110779","ward":"","bia":"","nearest_stop_dist":407.5,"transit_buffer_score":0.5},"geometry":{"type":"Point","coordinates":[-113.4072,53.53291]}},{"type":"Feature","properties":{"name":"RENATUS INC","size":"20-99","address":"4605 101 AVENUE NW","sector":"Professional, scientific and technical services","naics_desc":"Other scientific and technical consulting services","hybrid":"No","transit_score":0.344,"lead_score":0.86,"tier":3,"dauid":"48110779","ward":"","bia":"","nearest_stop_dist":586.6,"transit_buffer_score":0.5},"geometry":{"type":"Point","coordinates":[-113.4095,53.53741]}},{"type":"Feature","properties":{"name":"ROYAL FOOD PRODUCTS","size":"20-99","address":"12541 89 STREET NW","sector":"Wholesale trade","naics_desc":"General-line food merchant wholesalers","hybrid":"No","transit_score":0.344,"lead_score":0.86,"tier":3,"dauid":"48110338","ward":"","bia":"","nearest_stop_dist":595,"transit_buffer_score":0.5},"geometry":{"type":"Point","coordinates":[-113.477732,53.582078]}},{"type":"Feature","properties":{"name":"HOME COMFORT CONNECTION INC.","size":"20-99","address":"9419 47 STREET NW","sector":"Construction","naics_desc":"Plumbing, heating and air-conditioning contractors","hybrid":"No","transit_score":0.344,"lead_score":0.86,"tier":3,"dauid":"48110779","ward":"Métis","bia":"","nearest_stop_dist":413.4,"transit_buffer_score":0.5},"geometry":{"type":"Point","coordinates":[-113.407609,53.53321]}},{"type":"Feature","properties":{"name":"DUNRITE EXPRESS & HOTSHOT INC","size":"20-99","address":"9435 47 STREET NW","sector":"Transportation and warehousing","naics_desc":"Couriers","hybrid":"No","transit_score":0.344,"lead_score":0.86,"tier":3,"dauid":"48110779","ward":"","bia":"","nearest_stop_dist":436.3,"transit_buffer_score":0.5},"geometry":{"type":"Point","coordinates":[-113.407782,53.533552]}},{"type":"Feature","properties":{"name":"FLAMAN FITNESS","size":"20-99","address":"8910 YELLOWHEAD TRAIL NW","sector":"Retail trade","naics_desc":"All other sporting goods retailers","hybrid":"No","transit_score":0.344,"lead_score":0.86,"tier":3,"dauid":"48110338","ward":"Métis","bia":"","nearest_stop_dist":593.8,"transit_buffer_score":0.5},"geometry":{"type":"Point","coordinates":[-113.479382,53.581993]}},{"type":"Feature","properties":{"name":"THE PEPSI BOTTLING GROUP (CANADA)","size":"100-499","address":"11315 182 STREET NW","sector":"Manufacturing","naics_desc":"Soft drink and ice manufacturing","hybrid":"Yes","transit_score":0.2,"lead_score":0.84,"tier":2,"dauid":"48111161","ward":"Nakota Isga","bia":"Northwest Industrial","nearest_stop_dist":447.8,"transit_buffer_score":0.5},"geometry":{"type":"Point","coordinates":[-113.634,53.56125]}},{"type":"Feature","properties":{"name":"KIEWIT CONSTRUCTION SERVICES ULC","size":"100-499","address":"12250 33 STREET NE","sector":"Construction","naics_desc":"Structural steel and precast concrete contractors","hybrid":"Yes","transit_score":0.2,"lead_score":0.84,"tier":2,"dauid":"48112783","ward":"Dene","bia":"","nearest_stop_dist":1510.9,"transit_buffer_score":0},"geometry":{"type":"Point","coordinates":[-113.3014,53.57911]}},{"type":"Feature","properties":{"name":"COLLECTIVE WASTE SOLUTIONS INC","size":"100-499","address":"22603 112 AVENUE NW","sector":"Administrative and support, waste management and remediation services","naics_desc":"All other waste management services","hybrid":"Yes","transit_score":0.2,"lead_score":0.84,"tier":2,"dauid":"48112727","ward":"Nakota Isga","bia":"","nearest_stop_dist":826.1,"transit_buffer_score":0},"geometry":{"type":"Point","coordinates":[-113.7064,53.55919]}},{"type":"Feature","properties":{"name":"SEVEN M CONSTRUCTION","size":"100-499","address":"22303 112 AVENUE NW","sector":"Administrative and support, waste management and remediation services","naics_desc":"Landscaping services","hybrid":"Yes","transit_score":0.2,"lead_score":0.84,"tier":2,"dauid":"48112727","ward":"Nakota Isga","bia":"","nearest_stop_dist":800.1,"transit_buffer_score":0},"geometry":{"type":"Point","coordinates":[-113.702148,53.559606]}},{"type":"Feature","properties":{"name":"THE PEPSI BOTTLING GROUP (CANADA)","size":"100-499","address":"11315 182 STREET NW","sector":"Manufacturing","naics_desc":"Soft drink and ice manufacturing","hybrid":"Yes","transit_score":0.2,"lead_score":0.84,"tier":2,"dauid":"48111161","ward":"","bia":"Northwest Industrial","nearest_stop_dist":447.8,"transit_buffer_score":0.5},"geometry":{"type":"Point","coordinates":[-113.634,53.56125]}},{"type":"Feature","properties":{"name":"HARTZELL AEROSPACE WELDING","size":"20-99","address":"10916 119 STREET NW","sector":"Manufacturing","naics_desc":"Aerospace product and parts manufacturing","hybrid":"No","transit_score":0.313,"lead_score":0.782,"tier":3,"dauid":"48110190","ward":"O-day'min","bia":"","nearest_stop_dist":402.1,"transit_buffer_score":0.5},"geometry":{"type":"Point","coordinates":[-113.527397,53.555203]}},{"type":"Feature","properties":{"name":"Government of Alberta","size":"20-99","address":"10927 120 STREET NW","sector":"Public administration","naics_desc":"Other provincial and territorial public administration","hybrid":"No","transit_score":0.313,"lead_score":0.782,"tier":3,"dauid":"48110188","ward":"","bia":"","nearest_stop_dist":407.6,"transit_buffer_score":0.5},"geometry":{"type":"Point","coordinates":[-113.528395,53.555308]}},{"type":"Feature","properties":{"name":"GOVERNMENT OF ALBERTA","size":"20-99","address":"10931 120 STREET NW","sector":"Public administration","naics_desc":"Other provincial and territorial public administration","hybrid":"No","transit_score":0.313,"lead_score":0.782,"tier":3,"dauid":"48110188","ward":"","bia":"","nearest_stop_dist":407.6,"transit_buffer_score":0.5},"geometry":{"type":"Point","coordinates":[-113.528395,53.555308]}},{"type":"Feature","properties":{"name":"GOVERNMENT OF ALBERTA","size":"20-99","address":"10931 120 STREET NW","sector":"Public administration","naics_desc":"Other provincial and territorial public administration","hybrid":"No","transit_score":0.313,"lead_score":0.782,"tier":3,"dauid":"48110188","ward":"O-day'min","bia":"","nearest_stop_dist":407.6,"transit_buffer_score":0.5},"geometry":{"type":"Point","coordinates":[-113.528395,53.555308]}},{"type":"Feature","properties":{"name":"EDMONTON KEYANO SWIM CLUB","size":"20-99","address":"9100 WALTERDALE HILL NW","sector":"Arts, entertainment and recreation","naics_desc":"Fitness and recreational sports centres","hybrid":"No","transit_score":0.311,"lead_score":0.777,"tier":3,"dauid":"48112160","ward":"papastew","bia":"","nearest_stop_dist":422.4,"transit_buffer_score":0.5},"geometry":{"type":"Point","coordinates":[-113.511223,53.527589]}},{"type":"Feature","properties":{"name":"OLYMPIAN SWIM CLUB","size":"20-99","address":"9100 WALTERDALE HILL NW","sector":"Arts, entertainment and recreation","naics_desc":"Sports clubs, teams and leagues performing before a non-paying audience","hybrid":"No","transit_score":0.311,"lead_score":0.777,"tier":3,"dauid":"48112160","ward":"papastew","bia":"","nearest_stop_dist":450.7,"transit_buffer_score":0.5},"geometry":{"type":"Point","coordinates":[-113.510708,53.527858]}},{"type":"Feature","properties":{"name":"EDMONTON KEYANO SWIM CLUB","size":"20-99","address":"9100 WALTERDALE HILL NW","sector":"Arts, entertainment and recreation","naics_desc":"Fitness and recreational sports centres","hybrid":"No","transit_score":0.311,"lead_score":0.777,"tier":3,"dauid":"48112160","ward":"","bia":"","nearest_stop_dist":422.4,"transit_buffer_score":0.5},"geometry":{"type":"Point","coordinates":[-113.511223,53.527589]}},{"type":"Feature","properties":{"name":"HUSKIE ATHLETIC ASSOCIATION 1978","size":"20-99","address":"9140 WALTERDALE HILL NW","sector":"Arts, entertainment and recreation","naics_desc":"Sports teams and clubs performing before a paying audience","hybrid":"No","transit_score":0.311,"lead_score":0.777,"tier":3,"dauid":"48112160","ward":"papastew","bia":"","nearest_stop_dist":419.1,"transit_buffer_score":0.5},"geometry":{"type":"Point","coordinates":[-113.510613,53.527574]}},{"type":"Feature","properties":{"name":"JD SIDHU TRANSPORT LTD.","size":"20-99","address":"8170 50 STREET NW","sector":"Transportation and warehousing","naics_desc":"General freight trucking, long distance, truck-load (single shipper)","hybrid":"No","transit_score":0.304,"lead_score":0.76,"tier":3,"dauid":"48110785","ward":"Métis","bia":"","nearest_stop_dist":402.7,"transit_buffer_score":0.5},"geometry":{"type":"Point","coordinates":[-113.419736,53.516583]}},{"type":"Feature","properties":{"name":"HELP FOR FAMILIES CANADA","size":"20-99","address":"8170 50 STREET NW","sector":"Health care and social assistance","naics_desc":"Other individual and family services","hybrid":"No","transit_score":0.304,"lead_score":0.76,"tier":3,"dauid":"48110785","ward":"Métis","bia":"","nearest_stop_dist":422.4,"transit_buffer_score":0.5},"geometry":{"type":"Point","coordinates":[-113.420211,53.516779]}},{"type":"Feature","properties":{"name":"SOMRAV MARKETING SOLUTIONS INC.","size":"20-99","address":"8170 50 STREET NW","sector":"Professional, scientific and technical services","naics_desc":"Advertising agencies","hybrid":"No","transit_score":0.304,"lead_score":0.76,"tier":3,"dauid":"48110785","ward":"Métis","bia":"","nearest_stop_dist":404.3,"transit_buffer_score":0.5},"geometry":{"type":"Point","coordinates":[-113.420602,53.516619]}},{"type":"Feature","properties":{"name":"PRIMERICA","size":"20-99","address":"8170 50 STREET NW","sector":"Finance and insurance","naics_desc":"Insurance agencies and brokerages","hybrid":"No","transit_score":0.304,"lead_score":0.76,"tier":3,"dauid":"48110785","ward":"","bia":"","nearest_stop_dist":400.3,"transit_buffer_score":0.5},"geometry":{"type":"Point","coordinates":[-113.419055,53.516643]}},{"type":"Feature","properties":{"name":"A-WIN INSURANCE","size":"20-99","address":"8170 50 STREET NW","sector":"Finance and insurance","naics_desc":"Insurance agencies and brokerages","hybrid":"No","transit_score":0.304,"lead_score":0.76,"tier":3,"dauid":"48110785","ward":"","bia":"","nearest_stop_dist":405.1,"transit_buffer_score":0.5},"geometry":{"type":"Point","coordinates":[-113.420083,53.516545]}},{"type":"Feature","properties":{"name":"SOUL 2 SOLE MASSAGE & WELLNESS STUDIO","size":"20-99","address":"11312 119 STREET NW","sector":"Other services (except public administration)","naics_desc":"Other personal care services","hybrid":"No","transit_score":0.303,"lead_score":0.757,"tier":3,"dauid":"48110228","ward":"O-day'min","bia":"Kingsway","nearest_stop_dist":428.8,"transit_buffer_score":0.5},"geometry":{"type":"Point","coordinates":[-113.527522,53.562853]}},{"type":"Feature","properties":{"name":"LAFARGE CANADA INC","size":"20-99","address":"12420 17 STREET NE","sector":"Transportation and warehousing","naics_desc":"Other warehousing and storage","hybrid":"No","transit_score":0.297,"lead_score":0.742,"tier":3,"dauid":"48112493","ward":"Dene","bia":"","nearest_stop_dist":1539.7,"transit_buffer_score":0},"geometry":{"type":"Point","coordinates":[-113.3244,53.5798]}},{"type":"Feature","properties":{"name":"HINES FACILITIES SERVICES LTD.","size":"20-99","address":"12105 121 AVENUE NW","sector":"Administrative and support, waste management and remediation services","naics_desc":"Landscaping services","hybrid":"No","transit_score":0.297,"lead_score":0.742,"tier":3,"dauid":"48110241","ward":"Anirniq","bia":"","nearest_stop_dist":475.8,"transit_buffer_score":0.5},"geometry":{"type":"Point","coordinates":[-113.531393,53.574598]}},{"type":"Feature","properties":{"name":"APALLOFUS CONSTRUCTION LTD","size":"20-99","address":"12124 121A STREET NW","sector":"Construction","naics_desc":"Residential building construction","hybrid":"No","transit_score":0.297,"lead_score":0.742,"tier":3,"dauid":"48110241","ward":"Anirniq","bia":"","nearest_stop_dist":627.7,"transit_buffer_score":0.1},"geometry":{"type":"Point","coordinates":[-113.5314,53.57599]}},{"type":"Feature","properties":{"name":"SUPERIOR SPRAY FOAM","size":"20-99","address":"14920 114 AVENUE NW","sector":"Construction","naics_desc":"Roofing contractors","hybrid":"No","transit_score":0.297,"lead_score":0.742,"tier":3,"dauid":"48112493","ward":"Dene","bia":"","nearest_stop_dist":644.1,"transit_buffer_score":0.1},"geometry":{"type":"Point","coordinates":[-113.316524,53.571391]}},{"type":"Feature","properties":{"name":"MCKINLEY AND TAYLOR PRODUCTION CENTRE LTD","size":"20-99","address":"11402 120 STREET NW","sector":"Manufacturing","naics_desc":"All other miscellaneous fabricated metal product manufacturing","hybrid":"No","transit_score":0.297,"lead_score":0.742,"tier":3,"dauid":"48110229","ward":"O-day'min","bia":"Kingsway","nearest_stop_dist":418.5,"transit_buffer_score":0.5},"geometry":{"type":"Point","coordinates":[-113.530104,53.564613]}},{"type":"Feature","properties":{"name":"REBEL HEART WATER HAULING LTD","size":"20-99","address":"2003 121 AVENUE NW NE","sector":"Transportation and warehousing","naics_desc":"General freight trucking, long distance, truck-load (single shipper)","hybrid":"No","transit_score":0.297,"lead_score":0.742,"tier":3,"dauid":"48112493","ward":"Dene","bia":"","nearest_stop_dist":968.1,"transit_buffer_score":0},"geometry":{"type":"Point","coordinates":[-113.314967,53.57427]}},{"type":"Feature","properties":{"name":"CRYSTAL INTERIORS LTD.","size":"20-99","address":"12109 121 AVENUE NW","sector":"Construction","naics_desc":"Residential building construction","hybrid":"No","transit_score":0.297,"lead_score":0.742,"tier":3,"dauid":"48110241","ward":"Anirniq","bia":"","nearest_stop_dist":510.2,"transit_buffer_score":0.5},"geometry":{"type":"Point","coordinates":[-113.531567,53.574934]}},{"type":"Feature","properties":{"name":"MCKINLEY AND TAYLOR PRODUCTION CENTRE LTD","size":"20-99","address":"11402 120 STREET NW","sector":"Wholesale trade","naics_desc":"Electrical wiring and construction supplies merchant wholesalers","hybrid":"No","transit_score":0.297,"lead_score":0.742,"tier":3,"dauid":"48110229","ward":"","bia":"Kingsway","nearest_stop_dist":418.5,"transit_buffer_score":0.5},"geometry":{"type":"Point","coordinates":[-113.530104,53.564613]}},{"type":"Feature","properties":{"name":"INDIGENOUS SERVICES CANADA","size":"20-99","address":"12110 121A EDMONTON","sector":"Public administration","naics_desc":"Other federal government public administration","hybrid":"No","transit_score":0.297,"lead_score":0.742,"tier":3,"dauid":"48110241","ward":"Anirniq","bia":"","nearest_stop_dist":559.7,"transit_buffer_score":0.5},"geometry":{"type":"Point","coordinates":[-113.531648,53.575394]}},{"type":"Feature","properties":{"name":"WHITE HORSE XPRESS","size":"20-99","address":"11908 21 STREET NW NORTHEAST","sector":"Transportation and warehousing","naics_desc":"General freight trucking, long distance, truck-load (single shipper)","hybrid":"No","transit_score":0.297,"lead_score":0.742,"tier":3,"dauid":"48112493","ward":"Dene","bia":"","nearest_stop_dist":824.7,"transit_buffer_score":0},"geometry":{"type":"Point","coordinates":[-113.314953,53.572973]}},{"type":"Feature","properties":{"name":"LIONS GROUP OF COMPANIES INC.","size":"20-99","address":"12103 121 AVENUE NW","sector":"Construction","naics_desc":"Residential building construction","hybrid":"No","transit_score":0.297,"lead_score":0.742,"tier":3,"dauid":"48110241","ward":"Anirniq","bia":"","nearest_stop_dist":517.3,"transit_buffer_score":0.5},"geometry":{"type":"Point","coordinates":[-113.531343,53.574973]}},{"type":"Feature","properties":{"name":"OWENS CORNING CANADA INC","size":"20-99","address":"831 HAYTER ROAD NW","sector":"Construction","naics_desc":"Roofing contractors","hybrid":"No","transit_score":0.297,"lead_score":0.742,"tier":3,"dauid":"48112493","ward":"Dene","bia":"","nearest_stop_dist":1677.4,"transit_buffer_score":0},"geometry":{"type":"Point","coordinates":[-113.351959,53.572476]}},{"type":"Feature","properties":{"name":"WEST COAST REDUCTION LTD","size":"20-99","address":"1930 121 AVENUE NW NE","sector":"Manufacturing","naics_desc":"Other basic organic chemical manufacturing","hybrid":"No","transit_score":0.297,"lead_score":0.742,"tier":3,"dauid":"48112493","ward":"Dene","bia":"","nearest_stop_dist":1175.8,"transit_buffer_score":0},"geometry":{"type":"Point","coordinates":[-113.3158,53.57617]}},{"type":"Feature","properties":{"name":"LIVINGSTON TRANSPORTATION INC","size":"20-99","address":"12210 17 STREET NE","sector":"Transportation and warehousing","naics_desc":"General freight trucking, long distance, truck-load (single shipper)","hybrid":"No","transit_score":0.297,"lead_score":0.742,"tier":3,"dauid":"48112493","ward":"Dene","bia":"","nearest_stop_dist":1013.3,"transit_buffer_score":0},"geometry":{"type":"Point","coordinates":[-113.3276,53.57499]}},{"type":"Feature","properties":{"name":"MCKINLEY AND TAYLOR PRODUCTION CENTRE LTD","size":"20-99","address":"11402 120 STREET NW","sector":"Manufacturing","naics_desc":"All other miscellaneous fabricated metal product manufacturing","hybrid":"No","transit_score":0.297,"lead_score":0.742,"tier":3,"dauid":"48110229","ward":"","bia":"Kingsway","nearest_stop_dist":418.5,"transit_buffer_score":0.5},"geometry":{"type":"Point","coordinates":[-113.530104,53.564613]}},{"type":"Feature","properties":{"name":"MAMMOTH EQUIPMENT AND EXHAUST INC.","size":"20-99","address":"8140 46 STREET NW","sector":"Real estate and rental and leasing","naics_desc":"Construction, transportation, mining, and forestry machinery and equipment rental and leasing","hybrid":"No","transit_score":0.289,"lead_score":0.722,"tier":3,"dauid":"48112107","ward":"Métis","bia":"","nearest_stop_dist":490.1,"transit_buffer_score":0.5},"geometry":{"type":"Point","coordinates":[-113.412977,53.516664]}},{"type":"Feature","properties":{"name":"ROTAFLOW","size":"20-99","address":"6707 59 STREET NW","sector":"Other services (except public administration)","naics_desc":"Commercial and industrial machinery and equipment (except automotive and electronic) repair and maintenance","hybrid":"No","transit_score":0.289,"lead_score":0.722,"tier":3,"dauid":"48112107","ward":"Karhiio","bia":"","nearest_stop_dist":445.9,"transit_buffer_score":0.5},"geometry":{"type":"Point","coordinates":[-113.424809,53.503158]}},{"type":"Feature","properties":{"name":"CRATEX INDUSTRIES (1989) LTD","size":"20-99","address":"4735 82 AVENUE NW","sector":"Transportation and warehousing","naics_desc":"Other freight transportation arrangement","hybrid":"No","transit_score":0.289,"lead_score":0.722,"tier":3,"dauid":"48112107","ward":"","bia":"","nearest_stop_dist":455.2,"transit_buffer_score":0.5},"geometry":{"type":"Point","coordinates":[-113.4146,53.51657]}},{"type":"Feature","properties":{"name":"MORRISON HOMES","size":"20-99","address":"3552 78 AVENE NW","sector":"Construction","naics_desc":"Residential building construction","hybrid":"No","transit_score":0.289,"lead_score":0.722,"tier":3,"dauid":"48112107","ward":"Métis","bia":"","nearest_stop_dist":410.1,"transit_buffer_score":0.5},"geometry":{"type":"Point","coordinates":[-113.396426,53.516041]}},{"type":"Feature","properties":{"name":"RED TAIL CUSTOM METAL WORKS","size":"20-99","address":"8402 45 STREET NW","sector":"Manufacturing","naics_desc":"All other miscellaneous fabricated metal product manufacturing","hybrid":"No","transit_score":0.289,"lead_score":0.722,"tier":3,"dauid":"48112107","ward":"Métis","bia":"","nearest_stop_dist":589.8,"transit_buffer_score":0.5},"geometry":{"type":"Point","coordinates":[-113.410405,53.519717]}},{"type":"Feature","properties":{"name":"FARMAN SERVICES LTD.","size":"20-99","address":"4360 82 AVENUE NW","sector":"Administrative and support, waste management and remediation services","naics_desc":"Landscaping services","hybrid":"No","transit_score":0.289,"lead_score":0.722,"tier":3,"dauid":"48112107","ward":"","bia":"","nearest_stop_dist":622.8,"transit_buffer_score":0.1},"geometry":{"type":"Point","coordinates":[-113.409986,53.518094]}},{"type":"Feature","properties":{"name":"HILL-ROM CANADA LTD.,HILL-ROM CANADA LTEE","size":"20-99","address":"4407 82 AVENUE NW","sector":"Health care and social assistance","naics_desc":"Medical and diagnostic laboratories","hybrid":"No","transit_score":0.289,"lead_score":0.722,"tier":3,"dauid":"48112107","ward":"","bia":"","nearest_stop_dist":553.1,"transit_buffer_score":0.5},"geometry":{"type":"Point","coordinates":[-113.4098,53.51746]}},{"type":"Feature","properties":{"name":"CRANEIUM INC.","size":"20-99","address":"8112 46 STREET NW","sector":"Wholesale trade","naics_desc":"Construction and forestry machinery, equipment and supplies merchant wholesalers","hybrid":"No","transit_score":0.289,"lead_score":0.722,"tier":3,"dauid":"48112107","ward":"","bia":"","nearest_stop_dist":515.3,"transit_buffer_score":0.5},"geometry":{"type":"Point","coordinates":[-113.412313,53.516989]}},{"type":"Feature","properties":{"name":"LEHMANN PLUMBING","size":"20-99","address":"3645 73 AVENUE NW","sector":"Construction","naics_desc":"Plumbing, heating and air-conditioning contractors","hybrid":"No","transit_score":0.289,"lead_score":0.722,"tier":3,"dauid":"48112107","ward":"","bia":"","nearest_stop_dist":506.1,"transit_buffer_score":0.5},"geometry":{"type":"Point","coordinates":[-113.398414,53.507625]}},{"type":"Feature","properties":{"name":"CINTAS","size":"20-99","address":"4348 81 AVENUE NW","sector":"Wholesale trade","naics_desc":"Professional machinery, equipment and supplies merchant wholesalers","hybrid":"No","transit_score":0.289,"lead_score":0.722,"tier":3,"dauid":"48112107","ward":"Métis","bia":"","nearest_stop_dist":461.7,"transit_buffer_score":0.5},"geometry":{"type":"Point","coordinates":[-113.409809,53.516636]}},{"type":"Feature","properties":{"name":"EVOQUA WATER TECHNOLOGIES","size":"20-99","address":"4311 82 AVENUE NW","sector":"Utilities","naics_desc":"Water supply and irrigation systems","hybrid":"No","transit_score":0.289,"lead_score":0.722,"tier":3,"dauid":"48112107","ward":"Métis","bia":"","nearest_stop_dist":498.5,"transit_buffer_score":0.5},"geometry":{"type":"Point","coordinates":[-113.4085,53.516838]}},{"type":"Feature","properties":{"name":"COTTON CANDY","size":"20-99","address":"4320 82 AVENUE NW","sector":"Professional, scientific and technical services","naics_desc":"Other management consulting services","hybrid":"No","transit_score":0.289,"lead_score":0.722,"tier":3,"dauid":"48112107","ward":"","bia":"","nearest_stop_dist":659.4,"transit_buffer_score":0.1},"geometry":{"type":"Point","coordinates":[-113.4085,53.51832]}},{"type":"Feature","properties":{"name":"YEG SIGNS","size":"20-99","address":"4644 82 AVENUE NW","sector":"Manufacturing","naics_desc":"Other printing","hybrid":"No","transit_score":0.289,"lead_score":0.722,"tier":3,"dauid":"48112107","ward":"","bia":"","nearest_stop_dist":527.2,"transit_buffer_score":0.5},"geometry":{"type":"Point","coordinates":[-113.412222,53.519075]}},{"type":"Feature","properties":{"name":"EVOQUA WATER TECHNOLOGIES","size":"20-99","address":"4311 82 AVENUE NW","sector":"Utilities","naics_desc":"Water supply and irrigation systems","hybrid":"No","transit_score":0.289,"lead_score":0.722,"tier":3,"dauid":"48112107","ward":"","bia":"","nearest_stop_dist":564.7,"transit_buffer_score":0.5},"geometry":{"type":"Point","coordinates":[-113.4085,53.51745]}},{"type":"Feature","properties":{"name":"TRIMAY WEAR PLATE LTD","size":"20-99","address":"4805 82 AVENUE NW","sector":"Manufacturing","naics_desc":"Iron and steel pipes and tubes manufacturing from purchased steel","hybrid":"No","transit_score":0.289,"lead_score":0.722,"tier":3,"dauid":"48112107","ward":"","bia":"","nearest_stop_dist":415.3,"transit_buffer_score":0.5},"geometry":{"type":"Point","coordinates":[-113.41585,53.516544]}},{"type":"Feature","properties":{"name":"HEC TECHNOLOGIES","size":"20-99","address":"4604 82 AVENUE NW","sector":"Construction","naics_desc":"Plumbing, heating and air-conditioning contractors","hybrid":"No","transit_score":0.289,"lead_score":0.722,"tier":3,"dauid":"48112107","ward":"","bia":"","nearest_stop_dist":568.8,"transit_buffer_score":0.5},"geometry":{"type":"Point","coordinates":[-113.412532,53.518334]}},{"type":"Feature","properties":{"name":"CHAMPION CONCRETE CUTTING","size":"20-99","address":"4720 82 AVENUE NW","sector":"Construction","naics_desc":"Poured concrete foundation and structure contractors","hybrid":"No","transit_score":0.289,"lead_score":0.722,"tier":3,"dauid":"48112107","ward":"Métis","bia":"","nearest_stop_dist":469.7,"transit_buffer_score":0.5},"geometry":{"type":"Point","coordinates":[-113.4147,53.51847]}},{"type":"Feature","properties":{"name":"DDC MECHANICAL SVC LTD","size":"20-99","address":"4356 82 AVENUE NW","sector":"Construction","naics_desc":"Plumbing, heating and air-conditioning contractors","hybrid":"No","transit_score":0.289,"lead_score":0.722,"tier":3,"dauid":"48112107","ward":"Métis","bia":"","nearest_stop_dist":646.4,"transit_buffer_score":0.1},"geometry":{"type":"Point","coordinates":[-113.409537,53.518289]}},{"type":"Feature","properties":{"name":"APLUS SECURITY SERVICES INC.","size":"20-99","address":"4624 82 AVENUE NW","sector":"Administrative and support, waste management and remediation services","naics_desc":"Security guard and patrol services","hybrid":"No","transit_score":0.289,"lead_score":0.722,"tier":3,"dauid":"48112107","ward":"","bia":"","nearest_stop_dist":534.3,"transit_buffer_score":0.5},"geometry":{"type":"Point","coordinates":[-113.4125,53.51879]}},{"type":"Feature","properties":{"name":"ANC INC","size":"20-99","address":"6914 34 STREET NW","sector":"Agriculture, forestry, fishing and hunting","naics_desc":"Cannabis grown under cover","hybrid":"No","transit_score":0.289,"lead_score":0.722,"tier":3,"dauid":"48112107","ward":"Sspomitapi","bia":"","nearest_stop_dist":643.5,"transit_buffer_score":0.1},"geometry":{"type":"Point","coordinates":[-113.395303,53.506665]}},{"type":"Feature","properties":{"name":"XERXES","size":"20-99","address":"6907 36 STREET NW","sector":"Manufacturing","naics_desc":"All other plastic product manufacturing","hybrid":"No","transit_score":0.289,"lead_score":0.722,"tier":3,"dauid":"48112107","ward":"Sspomitapi","bia":"","nearest_stop_dist":618.2,"transit_buffer_score":0.1},"geometry":{"type":"Point","coordinates":[-113.396397,53.506492]}},{"type":"Feature","properties":{"name":"46 PLUMBING & ELECTRIC","size":"20-99","address":"8144 46 STREET NW","sector":"Construction","naics_desc":"Plumbing, heating and air-conditioning contractors","hybrid":"No","transit_score":0.289,"lead_score":0.722,"tier":3,"dauid":"48112107","ward":"","bia":"","nearest_stop_dist":481.6,"transit_buffer_score":0.5},"geometry":{"type":"Point","coordinates":[-113.41233,53.516673]}},{"type":"Feature","properties":{"name":"TOP NOTCH RENTALS","size":"20-99","address":"8212 43 STREET NW","sector":"Real estate and rental and leasing","naics_desc":"Construction, transportation, mining, and forestry machinery and equipment rental and leasing","hybrid":"No","transit_score":0.289,"lead_score":0.722,"tier":3,"dauid":"48112107","ward":"","bia":"","nearest_stop_dist":646.2,"transit_buffer_score":0.1},"geometry":{"type":"Point","coordinates":[-113.408233,53.518166]}},{"type":"Feature","properties":{"name":"CHAMPION CONCRETE CUTTING","size":"20-99","address":"4720 82 AVENUE NW","sector":"Construction","naics_desc":"Poured concrete foundation and structure contractors","hybrid":"No","transit_score":0.289,"lead_score":0.722,"tier":3,"dauid":"48112107","ward":"","bia":"","nearest_stop_dist":469.7,"transit_buffer_score":0.5},"geometry":{"type":"Point","coordinates":[-113.4147,53.51847]}},{"type":"Feature","properties":{"name":"BOB DALE GLOVES & IMPORTS LTD","size":"20-99","address":"4504 82 AVENUE NW","sector":"Wholesale trade","naics_desc":"Professional machinery, equipment and supplies merchant wholesalers","hybrid":"No","transit_score":0.289,"lead_score":0.722,"tier":3,"dauid":"48112107","ward":"Métis","bia":"","nearest_stop_dist":605.8,"transit_buffer_score":0.1},"geometry":{"type":"Point","coordinates":[-113.411,53.51886]}},{"type":"Feature","properties":{"name":"XERXES","size":"20-99","address":"6907 36 STREET NW","sector":"Manufacturing","naics_desc":"All other plastic product manufacturing","hybrid":"No","transit_score":0.289,"lead_score":0.722,"tier":3,"dauid":"48112107","ward":"","bia":"","nearest_stop_dist":618.2,"transit_buffer_score":0.1},"geometry":{"type":"Point","coordinates":[-113.396397,53.506492]}},{"type":"Feature","properties":{"name":"ROTAFLOW","size":"20-99","address":"6707 59 STREET NW","sector":"Other services (except public administration)","naics_desc":"Commercial and industrial machinery and equipment (except automotive and electronic) repair and maintenance","hybrid":"No","transit_score":0.289,"lead_score":0.722,"tier":3,"dauid":"48112107","ward":"","bia":"","nearest_stop_dist":411.9,"transit_buffer_score":0.5},"geometry":{"type":"Point","coordinates":[-113.424564,53.503826]}},{"type":"Feature","properties":{"name":"BIGSTEELBOX CORPORATION","size":"20-99","address":"4051 84 AVENUE NW","sector":"Transportation and warehousing","naics_desc":"General freight trucking, local","hybrid":"No","transit_score":0.289,"lead_score":0.722,"tier":3,"dauid":"48112107","ward":"Métis","bia":"","nearest_stop_dist":638.3,"transit_buffer_score":0.1},"geometry":{"type":"Point","coordinates":[-113.4021,53.5182]}},{"type":"Feature","properties":{"name":"CANYON EXCAVATING LTD.","size":"20-99","address":"3717 73 AVENUE NW","sector":"Construction","naics_desc":"Site preparation contractors","hybrid":"No","transit_score":0.289,"lead_score":0.722,"tier":3,"dauid":"48112107","ward":"Métis","bia":"","nearest_stop_dist":445.9,"transit_buffer_score":0.5},"geometry":{"type":"Point","coordinates":[-113.399488,53.50781]}},{"type":"Feature","properties":{"name":"DEMIR ENGINEERING","size":"20-99","address":"7324 36 STREET NW","sector":"Professional, scientific and technical services","naics_desc":"Engineering services","hybrid":"No","transit_score":0.289,"lead_score":0.722,"tier":3,"dauid":"48112107","ward":"","bia":"","nearest_stop_dist":430.5,"transit_buffer_score":0.5},"geometry":{"type":"Point","coordinates":[-113.3979,53.50889]}},{"type":"Feature","properties":{"name":"GURZ TRANSPORT LTD.","size":"20-99","address":"3733 73 AVENUE NW","sector":"Transportation and warehousing","naics_desc":"General freight trucking, local","hybrid":"No","transit_score":0.289,"lead_score":0.722,"tier":3,"dauid":"48112107","ward":"Métis","bia":"","nearest_stop_dist":439.4,"transit_buffer_score":0.5},"geometry":{"type":"Point","coordinates":[-113.399481,53.507633]}},{"type":"Feature","properties":{"name":"PLAY QUEST","size":"20-99","address":"8440 45 STREET NW","sector":"Construction","naics_desc":"All other specialty trade contractors","hybrid":"No","transit_score":0.289,"lead_score":0.722,"tier":3,"dauid":"48112107","ward":"Métis","bia":"","nearest_stop_dist":492.3,"transit_buffer_score":0.5},"geometry":{"type":"Point","coordinates":[-113.41149,53.520418]}},{"type":"Feature","properties":{"name":"BIGSTEELBOX CORPORATION","size":"20-99","address":"4051 84 AVENUE NW","sector":"Transportation and warehousing","naics_desc":"General freight trucking, local","hybrid":"No","transit_score":0.289,"lead_score":0.722,"tier":3,"dauid":"48112107","ward":"","bia":"","nearest_stop_dist":638.3,"transit_buffer_score":0.1},"geometry":{"type":"Point","coordinates":[-113.4021,53.5182]}},{"type":"Feature","properties":{"name":"HADY ELECTRIC LTD","size":"20-99","address":"4324 82 AVENUE NW","sector":"Construction","naics_desc":"Electrical contractors and other wiring installation contractors","hybrid":"No","transit_score":0.289,"lead_score":0.722,"tier":3,"dauid":"48112107","ward":"","bia":"","nearest_stop_dist":659.4,"transit_buffer_score":0.1},"geometry":{"type":"Point","coordinates":[-113.4085,53.51832]}},{"type":"Feature","properties":{"name":"MITEY TITAN INDUSTRIES","size":"20-99","address":"3051 84 AVENUE NW","sector":"Manufacturing","naics_desc":"Mining and oil and gas field machinery manufacturing","hybrid":"No","transit_score":0.289,"lead_score":0.722,"tier":3,"dauid":"48112107","ward":"Métis","bia":"","nearest_stop_dist":720.7,"transit_buffer_score":0.1},"geometry":{"type":"Point","coordinates":[-113.388627,53.518862]}},{"type":"Feature","properties":{"name":"LEHMANN PLUMBING","size":"20-99","address":"3645 73 AVENUE NW","sector":"Construction","naics_desc":"Plumbing, heating and air-conditioning contractors","hybrid":"No","transit_score":0.289,"lead_score":0.722,"tier":3,"dauid":"48112107","ward":"Métis","bia":"","nearest_stop_dist":506.1,"transit_buffer_score":0.5},"geometry":{"type":"Point","coordinates":[-113.398414,53.507625]}},{"type":"Feature","properties":{"name":"EZ CONCRETE PUMPING LTD","size":"20-99","address":"3753 73 AVENUE NW","sector":"Mining, quarrying, and oil and gas extraction","naics_desc":"Services to oil and gas extraction","hybrid":"No","transit_score":0.289,"lead_score":0.722,"tier":3,"dauid":"48112107","ward":"Métis","bia":"","nearest_stop_dist":446.7,"transit_buffer_score":0.5},"geometry":{"type":"Point","coordinates":[-113.399422,53.507728]}},{"type":"Feature","properties":{"name":"ARKTO CAMPERS LTD.","size":"20-99","address":"4328 81 AVENUE NW","sector":"Manufacturing","naics_desc":"Motor home, travel trailer and camper manufacturing","hybrid":"No","transit_score":0.289,"lead_score":0.722,"tier":3,"dauid":"48112107","ward":"","bia":"","nearest_stop_dist":488,"transit_buffer_score":0.5},"geometry":{"type":"Point","coordinates":[-113.4085,53.51674]}},{"type":"Feature","properties":{"name":"PILLAR FABRICATORS","size":"20-99","address":"4155 84 AVENUE NW","sector":"Manufacturing","naics_desc":"Prefabricated metal building and component manufacturing","hybrid":"No","transit_score":0.289,"lead_score":0.722,"tier":3,"dauid":"48112107","ward":"","bia":"","nearest_stop_dist":632.8,"transit_buffer_score":0.1},"geometry":{"type":"Point","coordinates":[-113.4054,53.51802]}},{"type":"Feature","properties":{"name":"JAY'S CUSTOM FAB","size":"20-99","address":"8402 45 STREET NW","sector":"Manufacturing","naics_desc":"All other miscellaneous fabricated metal product manufacturing","hybrid":"No","transit_score":0.289,"lead_score":0.722,"tier":3,"dauid":"48112107","ward":"","bia":"","nearest_stop_dist":574.5,"transit_buffer_score":0.5},"geometry":{"type":"Point","coordinates":[-113.410646,53.519738]}},{"type":"Feature","properties":{"name":"GURZ TRANSPORT LTD.","size":"20-99","address":"3733 73 AVENUE NW","sector":"Transportation and warehousing","naics_desc":"General freight trucking, local","hybrid":"No","transit_score":0.289,"lead_score":0.722,"tier":3,"dauid":"48112107","ward":"","bia":"","nearest_stop_dist":412.8,"transit_buffer_score":0.5},"geometry":{"type":"Point","coordinates":[-113.399937,53.507677]}},{"type":"Feature","properties":{"name":"BURNCO ROCK PRODUCTS LTD","size":"20-99","address":"3867 92 AVENUE NW","sector":"Manufacturing","naics_desc":"Asphalt paving mixture and block manufacturing","hybrid":"No","transit_score":0.289,"lead_score":0.722,"tier":3,"dauid":"48112107","ward":"","bia":"","nearest_stop_dist":646,"transit_buffer_score":0.1},"geometry":{"type":"Point","coordinates":[-113.4026,53.52433]}},{"type":"Feature","properties":{"name":"DH HOMES LTD.","size":"20-99","address":"4358 82 AVENUE NW","sector":"Construction","naics_desc":"Other foundation, structure and building exterior contractors","hybrid":"No","transit_score":0.289,"lead_score":0.722,"tier":3,"dauid":"48112107","ward":"","bia":"","nearest_stop_dist":649.3,"transit_buffer_score":0.1},"geometry":{"type":"Point","coordinates":[-113.4099,53.51833]}},{"type":"Feature","properties":{"name":"POSTNOW","size":"20-99","address":"4320 81 AVENUE NW","sector":"Professional, scientific and technical services","naics_desc":"Direct mail advertising","hybrid":"No","transit_score":0.289,"lead_score":0.722,"tier":3,"dauid":"48112107","ward":"Métis","bia":"","nearest_stop_dist":451.5,"transit_buffer_score":0.5},"geometry":{"type":"Point","coordinates":[-113.408637,53.516422]}},{"type":"Feature","properties":{"name":"RMS BUILDERS INC.","size":"20-99","address":"4304 82 AVENUE NW","sector":"Construction","naics_desc":"Commercial and institutional building construction","hybrid":"No","transit_score":0.289,"lead_score":0.722,"tier":3,"dauid":"48112107","ward":"","bia":"","nearest_stop_dist":659.4,"transit_buffer_score":0.1},"geometry":{"type":"Point","coordinates":[-113.4085,53.51832]}},{"type":"Feature","properties":{"name":"HIGH VOLTAGE WELDING & MFG LTD","size":"20-99","address":"4628 82 AVENUE NW","sector":"Manufacturing","naics_desc":"All other miscellaneous fabricated metal product manufacturing","hybrid":"No","transit_score":0.289,"lead_score":0.722,"tier":3,"dauid":"48112107","ward":"","bia":"","nearest_stop_dist":550.4,"transit_buffer_score":0.5},"geometry":{"type":"Point","coordinates":[-113.412247,53.51874]}},{"type":"Feature","properties":{"name":"COMBAT ARCHERY","size":"20-99","address":"8128 46 STREET NW","sector":"Arts, entertainment and recreation","naics_desc":"Fitness and recreational sports centres","hybrid":"No","transit_score":0.289,"lead_score":0.722,"tier":3,"dauid":"48112107","ward":"Métis","bia":"","nearest_stop_dist":458.5,"transit_buffer_score":0.5},"geometry":{"type":"Point","coordinates":[-113.412615,53.516416]}},{"type":"Feature","properties":{"name":"RMS BUILDERS INC.","size":"20-99","address":"4304 82 AVENUE NW","sector":"Construction","naics_desc":"Commercial and institutional building construction","hybrid":"No","transit_score":0.289,"lead_score":0.722,"tier":3,"dauid":"48112107","ward":"Métis","bia":"","nearest_stop_dist":659.4,"transit_buffer_score":0.1},"geometry":{"type":"Point","coordinates":[-113.4085,53.51832]}},{"type":"Feature","properties":{"name":"HELIOS MECHANICAL SERVICES LTD.","size":"20-99","address":"3653 73 AVENUE NW","sector":"Construction","naics_desc":"Plumbing, heating and air-conditioning contractors","hybrid":"No","transit_score":0.289,"lead_score":0.722,"tier":3,"dauid":"48112107","ward":"","bia":"","nearest_stop_dist":508.6,"transit_buffer_score":0.5},"geometry":{"type":"Point","coordinates":[-113.3985,53.50785]}},{"type":"Feature","properties":{"name":"ZACK'S CRANE & RIGGING LTD","size":"20-99","address":"4350 82 AVENUE NW","sector":"Real estate and rental and leasing","naics_desc":"Construction, transportation, mining, and forestry machinery and equipment rental and leasing","hybrid":"No","transit_score":0.289,"lead_score":0.722,"tier":3,"dauid":"48112107","ward":"","bia":"","nearest_stop_dist":621.8,"transit_buffer_score":0.1},"geometry":{"type":"Point","coordinates":[-113.409164,53.518042]}},{"type":"Feature","properties":{"name":"MATTR CORP.","size":"20-99","address":"3608 69 AVENUE NW","sector":"Professional, scientific and technical services","naics_desc":"Engineering services","hybrid":"No","transit_score":0.289,"lead_score":0.722,"tier":3,"dauid":"48112107","ward":"Sspomitapi","bia":"","nearest_stop_dist":521.6,"transit_buffer_score":0.5},"geometry":{"type":"Point","coordinates":[-113.397865,53.506576]}},{"type":"Feature","properties":{"name":"GROUNDWORKS","size":"20-99","address":"1919 84 AVENUE NW","sector":"Construction","naics_desc":"Poured concrete foundation and structure contractors","hybrid":"No","transit_score":0.289,"lead_score":0.722,"tier":3,"dauid":"48112107","ward":"Métis","bia":"","nearest_stop_dist":742.4,"transit_buffer_score":0.1},"geometry":{"type":"Point","coordinates":[-113.399988,53.519027]}},{"type":"Feature","properties":{"name":"PLAY QUEST","size":"20-99","address":"8440 45 STREET NW","sector":"Construction","naics_desc":"All other specialty trade contractors","hybrid":"No","transit_score":0.289,"lead_score":0.722,"tier":3,"dauid":"48112107","ward":"","bia":"","nearest_stop_dist":492.3,"transit_buffer_score":0.5},"geometry":{"type":"Point","coordinates":[-113.41149,53.520418]}},{"type":"Feature","properties":{"name":"INTEGRA TECHNOLOGIES LIMITED","size":"20-99","address":"8103 43 STREET NW","sector":"Manufacturing","naics_desc":"All other general-purpose machinery manufacturing","hybrid":"No","transit_score":0.289,"lead_score":0.722,"tier":3,"dauid":"48112107","ward":"","bia":"","nearest_stop_dist":500.6,"transit_buffer_score":0.5},"geometry":{"type":"Point","coordinates":[-113.406995,53.516717]}},{"type":"Feature","properties":{"name":"46 PLUMBING & ELECTRIC","size":"20-99","address":"8144 46 STREET NW","sector":"Construction","naics_desc":"Plumbing, heating and air-conditioning contractors","hybrid":"No","transit_score":0.289,"lead_score":0.722,"tier":3,"dauid":"48112107","ward":"Métis","bia":"","nearest_stop_dist":481.6,"transit_buffer_score":0.5},"geometry":{"type":"Point","coordinates":[-113.41233,53.516673]}},{"type":"Feature","properties":{"name":"NORTHERN INDUSTRIAL CARRIERS LTD","size":"20-99","address":"7823 34 STREET NW","sector":"Transportation and warehousing","naics_desc":"Other specialized freight (except used goods) trucking, long distance","hybrid":"No","transit_score":0.289,"lead_score":0.722,"tier":3,"dauid":"48112107","ward":"","bia":"","nearest_stop_dist":417.7,"transit_buffer_score":0.5},"geometry":{"type":"Point","coordinates":[-113.391829,53.516051]}},{"type":"Feature","properties":{"name":"DDC MECHANICAL SVC LTD","size":"20-99","address":"4356 82 AVENUE NW","sector":"Construction","naics_desc":"Plumbing, heating and air-conditioning contractors","hybrid":"No","transit_score":0.289,"lead_score":0.722,"tier":3,"dauid":"48112107","ward":"","bia":"","nearest_stop_dist":646.4,"transit_buffer_score":0.1},"geometry":{"type":"Point","coordinates":[-113.409537,53.518289]}},{"type":"Feature","properties":{"name":"TRIMAY WEAR PLATE LTD","size":"20-99","address":"4805 82 AVENUE NW","sector":"Manufacturing","naics_desc":"Iron and steel pipes and tubes manufacturing from purchased steel","hybrid":"No","transit_score":0.289,"lead_score":0.722,"tier":3,"dauid":"48112107","ward":"Métis","bia":"","nearest_stop_dist":415.3,"transit_buffer_score":0.5},"geometry":{"type":"Point","coordinates":[-113.41585,53.516544]}},{"type":"Feature","properties":{"name":"WEST-EDGE LOGISTICS INC.","size":"20-99","address":"3745 73 AVENUE NW","sector":"Transportation and warehousing","naics_desc":"General freight trucking, local","hybrid":"No","transit_score":0.289,"lead_score":0.722,"tier":3,"dauid":"48112107","ward":"Métis","bia":"","nearest_stop_dist":454.7,"transit_buffer_score":0.5},"geometry":{"type":"Point","coordinates":[-113.399387,53.507873]}},{"type":"Feature","properties":{"name":"KDH DRYWALL (2012) LTD.","size":"20-99","address":"8120 46 STREET NW","sector":"Construction","naics_desc":"Drywall and insulation contractors","hybrid":"No","transit_score":0.289,"lead_score":0.722,"tier":3,"dauid":"48112107","ward":"","bia":"","nearest_stop_dist":550.1,"transit_buffer_score":0.5},"geometry":{"type":"Point","coordinates":[-113.412743,53.517244]}},{"type":"Feature","properties":{"name":"TEC STEEL INC.","size":"20-99","address":"4611 MORRIS ROAD NW","sector":"Manufacturing","naics_desc":"Other ornamental and architectural metal product manufacturing","hybrid":"No","transit_score":0.289,"lead_score":0.722,"tier":3,"dauid":"48112107","ward":"","bia":"","nearest_stop_dist":465.4,"transit_buffer_score":0.5},"geometry":{"type":"Point","coordinates":[-113.4126,53.5197]}},{"type":"Feature","properties":{"name":"INNOVATION, SCIENCE, AND ECONOMIC DEVELOPMENT","size":"20-99","address":"9015 46 STREET NW","sector":"Public administration","naics_desc":"Other federal government public administration","hybrid":"No","transit_score":0.288,"lead_score":0.72,"tier":3,"dauid":"48110786","ward":"Métis","bia":"","nearest_stop_dist":400.4,"transit_buffer_score":0.5},"geometry":{"type":"Point","coordinates":[-113.412345,53.5219]}},{"type":"Feature","properties":{"name":"WESTMINSTER SCHOOL","size":"20-99","address":"13712 104 AVENUE NW","sector":"Educational services","naics_desc":"Elementary and secondary schools","hybrid":"No","transit_score":0.281,"lead_score":0.703,"tier":3,"dauid":"48111082","ward":"Nakota Isga","bia":"","nearest_stop_dist":423.7,"transit_buffer_score":0.5},"geometry":{"type":"Point","coordinates":[-113.559221,53.546692]}},{"type":"Feature","properties":{"name":"EDMONTON ROOF TRUSS (2023) LTD","size":"20-99","address":"14135 142 STREET NW","sector":"Construction","naics_desc":"Roofing contractors","hybrid":"No","transit_score":0.271,"lead_score":0.677,"tier":3,"dauid":"48111111","ward":"Anirniq","bia":"","nearest_stop_dist":544.4,"transit_buffer_score":0.5},"geometry":{"type":"Point","coordinates":[-113.567908,53.604288]}},{"type":"Feature","properties":{"name":"ALLIED THREADED PRODUCTS INC","size":"20-99","address":"6125 56 AVENUE NW","sector":"Manufacturing","naics_desc":"Turned product and screw, nut and bolt manufacturing","hybrid":"No","transit_score":0.269,"lead_score":0.673,"tier":3,"dauid":"48111538","ward":"","bia":"","nearest_stop_dist":435.4,"transit_buffer_score":0.5},"geometry":{"type":"Point","coordinates":[-113.4249,53.49127]}},{"type":"Feature","properties":{"name":"GLENORA SCHOOL","size":"20-99","address":"13520 102 AVENUE NW","sector":"Educational services","naics_desc":"Elementary and secondary schools","hybrid":"No","transit_score":0.268,"lead_score":0.67,"tier":3,"dauid":"48111083","ward":"Nakota Isga","bia":"","nearest_stop_dist":667.9,"transit_buffer_score":0.1},"geometry":{"type":"Point","coordinates":[-113.555506,53.544]}},{"type":"Feature","properties":{"name":"THE BOTHY WINE & WHISKY BAR INC","size":"20-99","address":"5482 CALGARY TRAIL NW","sector":"Accommodation and food services","naics_desc":"Drinking places (alcoholic beverages)","hybrid":"No","transit_score":0.264,"lead_score":0.66,"tier":3,"dauid":"48110848","ward":"","bia":"","nearest_stop_dist":415.1,"transit_buffer_score":0.5},"geometry":{"type":"Point","coordinates":[-113.497385,53.491866]}},{"type":"Feature","properties":{"name":"ISCO CANADA INC.","size":"20-99","address":"9310 YELLOWHEAD TRAIL NW","sector":"Wholesale trade","naics_desc":"Other specialty-line building supplies merchant wholesalers","hybrid":"Yes","transit_score":0.371,"lead_score":0.649,"tier":3,"dauid":"48110358","ward":"Métis","bia":"","nearest_stop_dist":557.8,"transit_buffer_score":0.5},"geometry":{"type":"Point","coordinates":[-113.484037,53.581675]}},{"type":"Feature","properties":{"name":"EDMONTON POLICE VALLEVAND DOG KENNELS","size":"20-99","address":"12211 124 AVENUE NW","sector":"Public administration","naics_desc":"Municipal police services","hybrid":"No","transit_score":0.258,"lead_score":0.645,"tier":3,"dauid":"48110240","ward":"","bia":"","nearest_stop_dist":464.9,"transit_buffer_score":0.5},"geometry":{"type":"Point","coordinates":[-113.53405,53.578438]}},{"type":"Feature","properties":{"name":"CORUS ENTERTAINMENT","size":"20-99","address":"5204 84 STREET NW","sector":"Information and cultural industries","naics_desc":"Radio broadcasting stations","hybrid":"No","transit_score":0.255,"lead_score":0.637,"tier":3,"dauid":"48112114","ward":"Karhiio","bia":"","nearest_stop_dist":402.6,"transit_buffer_score":0.5},"geometry":{"type":"Point","coordinates":[-113.448583,53.49038]}},{"type":"Feature","properties":{"name":"CORUS ENTERTAINMENT","size":"20-99","address":"5204 84 STREET NW","sector":"Information and cultural industries","naics_desc":"Radio broadcasting stations","hybrid":"No","transit_score":0.255,"lead_score":0.637,"tier":3,"dauid":"48112114","ward":"","bia":"","nearest_stop_dist":402.6,"transit_buffer_score":0.5},"geometry":{"type":"Point","coordinates":[-113.448583,53.49038]}},{"type":"Feature","properties":{"name":"ATCO GAS","size":"20-99","address":"13450 149 STREET NW","sector":"Construction","naics_desc":"Oil and gas pipeline and related structures construction","hybrid":"No","transit_score":0.254,"lead_score":0.635,"tier":3,"dauid":"48111106","ward":"Anirniq","bia":"","nearest_stop_dist":421.9,"transit_buffer_score":0.5},"geometry":{"type":"Point","coordinates":[-113.583651,53.595587]}},{"type":"Feature","properties":{"name":"WHITEMUD EQUINE LEARNING CENTRE LTD","size":"20-99","address":"12504 FOX DRIVE NW","sector":"Agriculture, forestry, fishing and hunting","naics_desc":"Horse and other equine production","hybrid":"No","transit_score":0.254,"lead_score":0.635,"tier":3,"dauid":"48111326","ward":"","bia":"","nearest_stop_dist":430.3,"transit_buffer_score":0.5},"geometry":{"type":"Point","coordinates":[-113.5512,53.50483]}},{"type":"Feature","properties":{"name":"GO KIA SOUTH","size":"20-99","address":"3030 GATEWAY BOULEVARD NW","sector":"Retail trade","naics_desc":"New car dealers","hybrid":"No","transit_score":0.254,"lead_score":0.635,"tier":3,"dauid":"48110929","ward":"papastew","bia":"","nearest_stop_dist":414.5,"transit_buffer_score":0.5},"geometry":{"type":"Point","coordinates":[-113.492998,53.4625]}},{"type":"Feature","properties":{"name":"852 HONG KONG CAFE","size":"20-99","address":"3040 CALGARY TRAIL NW","sector":"Accommodation and food services","naics_desc":"Full-service restaurants","hybrid":"No","transit_score":0.254,"lead_score":0.635,"tier":3,"dauid":"48110929","ward":"Ipiihkoohkanipiaohtsi","bia":"","nearest_stop_dist":406.1,"transit_buffer_score":0.5},"geometry":{"type":"Point","coordinates":[-113.494773,53.462753]}},{"type":"Feature","properties":{"name":"O.E.M. REMANUFACTURING COMPANY INC.","size":"20-99","address":"13428 149 STREET NW","sector":"Manufacturing","naics_desc":"Motor and generator manufacturing","hybrid":"No","transit_score":0.254,"lead_score":0.635,"tier":3,"dauid":"48111106","ward":"Anirniq","bia":"","nearest_stop_dist":455.8,"transit_buffer_score":0.5},"geometry":{"type":"Point","coordinates":[-113.581598,53.594481]}},{"type":"Feature","properties":{"name":"SOUTHWEST DISTRICT YARD","size":"20-99","address":"6609 GATEWAY BOULEVARD NW","sector":"Public administration","naics_desc":"Other local, municipal and regional public administration","hybrid":"No","transit_score":0.254,"lead_score":0.635,"tier":3,"dauid":"48111310","ward":"papastew","bia":"","nearest_stop_dist":468.9,"transit_buffer_score":0.5},"geometry":{"type":"Point","coordinates":[-113.493523,53.504118]}},{"type":"Feature","properties":{"name":"PINE INTEGRATED HEALTH CENTRE INC.","size":"20-99","address":"6720 104 STREET NW","sector":"Health care and social assistance","naics_desc":"Offices of mental health practitioners (except physicians)","hybrid":"No","transit_score":0.254,"lead_score":0.635,"tier":3,"dauid":"48111310","ward":"papastew","bia":"","nearest_stop_dist":410.9,"transit_buffer_score":0.5},"geometry":{"type":"Point","coordinates":[-113.49815,53.50402]}},{"type":"Feature","properties":{"name":"EDGE TRANSPORTATION SERVICES LTD","size":"20-99","address":"14840 134 AVENUE NW","sector":"Transportation and warehousing","naics_desc":"General freight trucking, long distance, truck-load (single shipper)","hybrid":"No","transit_score":0.254,"lead_score":0.635,"tier":3,"dauid":"48111106","ward":"Anirniq","bia":"","nearest_stop_dist":416.2,"transit_buffer_score":0.5},"geometry":{"type":"Point","coordinates":[-113.577436,53.594106]}},{"type":"Feature","properties":{"name":"STRATHCONA PIZZA","size":"20-99","address":"6817 104 STREET NW","sector":"Accommodation and food services","naics_desc":"Full-service restaurants","hybrid":"No","transit_score":0.254,"lead_score":0.635,"tier":3,"dauid":"48111310","ward":"","bia":"","nearest_stop_dist":420.3,"transit_buffer_score":0.5},"geometry":{"type":"Point","coordinates":[-113.497342,53.504934]}},{"type":"Feature","properties":{"name":"FLANDERS","size":"20-99","address":"13419 149 STREET NW","sector":"Construction","naics_desc":"Electrical contractors and other wiring installation contractors","hybrid":"No","transit_score":0.254,"lead_score":0.635,"tier":3,"dauid":"48111106","ward":"","bia":"","nearest_stop_dist":404.1,"transit_buffer_score":0.5},"geometry":{"type":"Point","coordinates":[-113.578783,53.594033]}},{"type":"Feature","properties":{"name":"HMWS MANUFACTURING LTD","size":"20-99","address":"13417 149 STREET NW","sector":"Manufacturing","naics_desc":"Semiconductor and other electronic component manufacturing","hybrid":"No","transit_score":0.254,"lead_score":0.635,"tier":3,"dauid":"48111106","ward":"","bia":"","nearest_stop_dist":430.2,"transit_buffer_score":0.5},"geometry":{"type":"Point","coordinates":[-113.5787,53.59427]}},{"type":"Feature","properties":{"name":"THE HOME DEPOT","size":"20-99","address":"6725 104 STREET NW","sector":"Retail trade","naics_desc":"Home centres","hybrid":"No","transit_score":0.254,"lead_score":0.635,"tier":3,"dauid":"48111310","ward":"","bia":"","nearest_stop_dist":425.1,"transit_buffer_score":0.5},"geometry":{"type":"Point","coordinates":[-113.49618,53.503731]}},{"type":"Feature","properties":{"name":"AHS - NORTHWEST EMS STATION","size":"20-99","address":"13463 149 STREET NW","sector":"Health care and social assistance","naics_desc":"Ambulance (except air ambulance) services","hybrid":"No","transit_score":0.254,"lead_score":0.635,"tier":3,"dauid":"48111106","ward":"Anirniq","bia":"","nearest_stop_dist":456.4,"transit_buffer_score":0.5},"geometry":{"type":"Point","coordinates":[-113.580284,53.5952]}},{"type":"Feature","properties":{"name":"COLLISION REPAIR EXPERTS","size":"20-99","address":"13461 149 STREET NW","sector":"Other services (except public administration)","naics_desc":"General automotive repair","hybrid":"No","transit_score":0.254,"lead_score":0.635,"tier":3,"dauid":"48111106","ward":"","bia":"","nearest_stop_dist":405.4,"transit_buffer_score":0.5},"geometry":{"type":"Point","coordinates":[-113.5799,53.59563]}},{"type":"Feature","properties":{"name":"WHITEMUD EQUINE LEARNING CENTRE LTD","size":"20-99","address":"12504 FOX DRIVE NW","sector":"Agriculture, forestry, fishing and hunting","naics_desc":"Horse and other equine production","hybrid":"No","transit_score":0.254,"lead_score":0.635,"tier":3,"dauid":"48111326","ward":"papastew","bia":"","nearest_stop_dist":430.3,"transit_buffer_score":0.5},"geometry":{"type":"Point","coordinates":[-113.5512,53.50483]}},{"type":"Feature","properties":{"name":"CRAWFORD","size":"20-99","address":"3114 CALGARY TRAIL NW","sector":"Finance and insurance","naics_desc":"Insurance agencies and brokerages","hybrid":"No","transit_score":0.254,"lead_score":0.635,"tier":3,"dauid":"48110929","ward":"Ipiihkoohkanipiaohtsi","bia":"","nearest_stop_dist":404.7,"transit_buffer_score":0.5},"geometry":{"type":"Point","coordinates":[-113.496387,53.462621]}},{"type":"Feature","properties":{"name":"PINE INTEGRATED HEALTH CENTRE INC.","size":"20-99","address":"6720 104 STREET NW","sector":"Health care and social assistance","naics_desc":"Offices of mental health practitioners (except physicians)","hybrid":"No","transit_score":0.254,"lead_score":0.635,"tier":3,"dauid":"48111310","ward":"","bia":"","nearest_stop_dist":406.4,"transit_buffer_score":0.5},"geometry":{"type":"Point","coordinates":[-113.4982,53.50388]}},{"type":"Feature","properties":{"name":"ALBERTA CHEER EMPIRE","size":"20-99","address":"13431 149 STREET NW","sector":"Educational services","naics_desc":"Athletic instruction","hybrid":"No","transit_score":0.254,"lead_score":0.635,"tier":3,"dauid":"48111106","ward":"Anirniq","bia":"","nearest_stop_dist":481.5,"transit_buffer_score":0.5},"geometry":{"type":"Point","coordinates":[-113.579407,53.594694]}},{"type":"Feature","properties":{"name":"OPTRICS ENGINEERING","size":"20-99","address":"6810 104 STREET NW","sector":"Professional, scientific and technical services","naics_desc":"Engineering services","hybrid":"No","transit_score":0.254,"lead_score":0.635,"tier":3,"dauid":"48111310","ward":"","bia":"","nearest_stop_dist":422.4,"transit_buffer_score":0.5},"geometry":{"type":"Point","coordinates":[-113.498118,53.504767]}},{"type":"Feature","properties":{"name":"VIPOND FIRE PROTECTION INC","size":"20-99","address":"13056 YELLOWHEAD TRAIL NW","sector":"Administrative and support, waste management and remediation services","naics_desc":"Security systems services (except locksmiths)","hybrid":"No","transit_score":0.253,"lead_score":0.633,"tier":3,"dauid":"48110239","ward":"Anirniq","bia":"","nearest_stop_dist":451.1,"transit_buffer_score":0.5},"geometry":{"type":"Point","coordinates":[-113.549322,53.58239]}},{"type":"Feature","properties":{"name":"ALLCAN DISTRIBUTORS","size":"20-99","address":"13044 YELLOWHEAD TRAIL NW","sector":"Wholesale trade","naics_desc":"Electronic components, navigational and communications equipment and supplies merchant wholesalers","hybrid":"No","transit_score":0.253,"lead_score":0.633,"tier":3,"dauid":"48110239","ward":"Anirniq","bia":"","nearest_stop_dist":512.2,"transit_buffer_score":0.5},"geometry":{"type":"Point","coordinates":[-113.549344,53.58297]}},{"type":"Feature","properties":{"name":"INGRAM SERVICES","size":"20-99","address":"10035 29A AVENUE NW","sector":"Construction","naics_desc":"Highway, street and bridge construction","hybrid":"No","transit_score":0.252,"lead_score":0.63,"tier":3,"dauid":"48110930","ward":"Karhiio","bia":"","nearest_stop_dist":413,"transit_buffer_score":0.5},"geometry":{"type":"Point","coordinates":[-113.4884,53.45938]}},{"type":"Feature","properties":{"name":"KV DRYWALL & TAPING LTD","size":"20-99","address":"2945 101 STREET NW","sector":"Construction","naics_desc":"Drywall and insulation contractors","hybrid":"No","transit_score":0.252,"lead_score":0.63,"tier":3,"dauid":"48110930","ward":"Karhiio","bia":"","nearest_stop_dist":418.1,"transit_buffer_score":0.5},"geometry":{"type":"Point","coordinates":[-113.4891,53.45959]}},{"type":"Feature","properties":{"name":"UNIVERSITY LANDSCAPING & SNOW REMOVAL LTD","size":"20-99","address":"9994 29 AVENUE NW","sector":"Administrative and support, waste management and remediation services","naics_desc":"Landscaping services","hybrid":"No","transit_score":0.252,"lead_score":0.63,"tier":3,"dauid":"48110930","ward":"Karhiio","bia":"","nearest_stop_dist":461,"transit_buffer_score":0.5},"geometry":{"type":"Point","coordinates":[-113.487363,53.458659]}},{"type":"Feature","properties":{"name":"AR THOMSON GROUP","size":"20-99","address":"2920 101 STREET NW","sector":"Manufacturing","naics_desc":"All other miscellaneous manufacturing","hybrid":"No","transit_score":0.252,"lead_score":0.63,"tier":3,"dauid":"48110930","ward":"Karhiio","bia":"","nearest_stop_dist":551.9,"transit_buffer_score":0.5},"geometry":{"type":"Point","coordinates":[-113.490504,53.458493]}},{"type":"Feature","properties":{"name":"FLEX TRUCKING LTD","size":"20-99","address":"9990 29 AVENUE NW","sector":"Transportation and warehousing","naics_desc":"Local messengers and local delivery","hybrid":"No","transit_score":0.252,"lead_score":0.63,"tier":3,"dauid":"48110930","ward":"Karhiio","bia":"","nearest_stop_dist":466.3,"transit_buffer_score":0.5},"geometry":{"type":"Point","coordinates":[-113.487322,53.458498]}},{"type":"Feature","properties":{"name":"SYTEC MANUFACTURING LTD","size":"20-99","address":"7815 127 AVENUE NW","sector":"Manufacturing","naics_desc":"Other plate work and fabricated structural product manufacturing","hybrid":"Yes","transit_score":0.359,"lead_score":0.628,"tier":3,"dauid":"48110335","ward":"Métis","bia":"","nearest_stop_dist":447.3,"transit_buffer_score":0.5},"geometry":{"type":"Point","coordinates":[-113.4611,53.58428]}},{"type":"Feature","properties":{"name":"DYNAMIC HEATING & AIR CONDITIONING INC","size":"20-99","address":"9330 62 AVENUE NW","sector":"Construction","naics_desc":"Plumbing, heating and air-conditioning contractors","hybrid":"No","transit_score":0.248,"lead_score":0.62,"tier":3,"dauid":"48110844","ward":"","bia":"","nearest_stop_dist":478.7,"transit_buffer_score":0.5},"geometry":{"type":"Point","coordinates":[-113.471088,53.498554]}},{"type":"Feature","properties":{"name":"GREAT CANADIAN EXTERIORS CORPORATION","size":"20-99","address":"9310 62 AVENUE NW","sector":"Construction","naics_desc":"Residential building construction","hybrid":"No","transit_score":0.248,"lead_score":0.62,"tier":3,"dauid":"48110844","ward":"","bia":"","nearest_stop_dist":457.1,"transit_buffer_score":0.5},"geometry":{"type":"Point","coordinates":[-113.470857,53.498759]}},{"type":"Feature","properties":{"name":"DYNAMIC HEATING & AIR CONDITIONING INC.","size":"20-99","address":"9330 62 AVENUE NW","sector":"Construction","naics_desc":"Plumbing, heating and air-conditioning contractors","hybrid":"No","transit_score":0.248,"lead_score":0.62,"tier":3,"dauid":"48110844","ward":"papastew","bia":"","nearest_stop_dist":463.1,"transit_buffer_score":0.5},"geometry":{"type":"Point","coordinates":[-113.471131,53.498693]}},{"type":"Feature","properties":{"name":"HOUSE OF CARS ARGYLL","size":"20-99","address":"6103 91 STREET NW","sector":"Retail trade","naics_desc":"Used car dealers","hybrid":"No","transit_score":0.248,"lead_score":0.62,"tier":3,"dauid":"48110742","ward":"Métis","bia":"","nearest_stop_dist":404.3,"transit_buffer_score":0.5},"geometry":{"type":"Point","coordinates":[-113.466277,53.497493]}},{"type":"Feature","properties":{"name":"GREAT CANADIAN EXTERIORS","size":"20-99","address":"9310 62 AVENUE NW","sector":"Construction","naics_desc":"Roofing contractors","hybrid":"No","transit_score":0.248,"lead_score":0.62,"tier":3,"dauid":"48110844","ward":"","bia":"","nearest_stop_dist":437.7,"transit_buffer_score":0.5},"geometry":{"type":"Point","coordinates":[-113.471061,53.498925]}},{"type":"Feature","properties":{"name":"FOUR BEES METAL PRODUCTS INC","size":"20-99","address":"6220 92 STREET NW","sector":"Manufacturing","naics_desc":"All other miscellaneous fabricated metal product manufacturing","hybrid":"No","transit_score":0.248,"lead_score":0.62,"tier":3,"dauid":"48110844","ward":"papastew","bia":"","nearest_stop_dist":458.6,"transit_buffer_score":0.5},"geometry":{"type":"Point","coordinates":[-113.470129,53.498808]}},{"type":"Feature","properties":{"name":"DRESS THE HOME","size":"20-99","address":"9408 62 AVENUE NW","sector":"Manufacturing","naics_desc":"All other electrical equipment and component manufacturing","hybrid":"No","transit_score":0.248,"lead_score":0.62,"tier":3,"dauid":"48110844","ward":"","bia":"","nearest_stop_dist":475.7,"transit_buffer_score":0.5},"geometry":{"type":"Point","coordinates":[-113.472534,53.498621]}},{"type":"Feature","properties":{"name":"HOUSE OF CARS ARGYLL","size":"20-99","address":"6103 91 STREET NW","sector":"Retail trade","naics_desc":"Used car dealers","hybrid":"No","transit_score":0.248,"lead_score":0.62,"tier":3,"dauid":"48110742","ward":"","bia":"","nearest_stop_dist":404.3,"transit_buffer_score":0.5},"geometry":{"type":"Point","coordinates":[-113.466277,53.497493]}},{"type":"Feature","properties":{"name":"GREAT CANADIAN EXTERIORS CORPORATION","size":"20-99","address":"9310 62 AVENUE NW","sector":"Construction","naics_desc":"Residential building construction","hybrid":"No","transit_score":0.248,"lead_score":0.62,"tier":3,"dauid":"48110844","ward":"papastew","bia":"","nearest_stop_dist":457.1,"transit_buffer_score":0.5},"geometry":{"type":"Point","coordinates":[-113.470857,53.498759]}},{"type":"Feature","properties":{"name":"HOW'S THAT POSSIBLE","size":"20-99","address":"9408 62 AVENUE NW","sector":"Retail trade","naics_desc":"Department stores","hybrid":"No","transit_score":0.248,"lead_score":0.62,"tier":3,"dauid":"48110844","ward":"","bia":"","nearest_stop_dist":474.8,"transit_buffer_score":0.5},"geometry":{"type":"Point","coordinates":[-113.472534,53.498629]}},{"type":"Feature","properties":{"name":"ROOFMART ALBERTA INC","size":"20-99","address":"9355 62 AVENUE NW","sector":"Retail trade","naics_desc":"Other building material dealers","hybrid":"No","transit_score":0.248,"lead_score":0.62,"tier":3,"dauid":"48110844","ward":"","bia":"","nearest_stop_dist":416.8,"transit_buffer_score":0.5},"geometry":{"type":"Point","coordinates":[-113.473194,53.497724]}},{"type":"Feature","properties":{"name":"TRI-TECH HVAC SERVICES INC","size":"20-99","address":"5324 68 AVENUE NW","sector":"Construction","naics_desc":"Plumbing, heating and air-conditioning contractors","hybrid":"No","transit_score":0.246,"lead_score":0.615,"tier":3,"dauid":"48110790","ward":"","bia":"","nearest_stop_dist":432.2,"transit_buffer_score":0.5},"geometry":{"type":"Point","coordinates":[-113.424837,53.505191]}},{"type":"Feature","properties":{"name":"TRI-TECH HVAC SERVICES INC","size":"20-99","address":"5324 68 AVENUE NW","sector":"Construction","naics_desc":"Plumbing, heating and air-conditioning contractors","hybrid":"No","transit_score":0.246,"lead_score":0.615,"tier":3,"dauid":"48110790","ward":"Karhiio","bia":"","nearest_stop_dist":432.2,"transit_buffer_score":0.5},"geometry":{"type":"Point","coordinates":[-113.424837,53.505191]}},{"type":"Feature","properties":{"name":"NOREMAC INDUSTRIES LTD.","size":"20-99","address":"6516 68 AVENUE NW","sector":"Construction","naics_desc":"Poured concrete foundation and structure contractors","hybrid":"No","transit_score":0.246,"lead_score":0.615,"tier":3,"dauid":"48110790","ward":"","bia":"","nearest_stop_dist":451.6,"transit_buffer_score":0.5},"geometry":{"type":"Point","coordinates":[-113.4281,53.505181]}},{"type":"Feature","properties":{"name":"INSITUFORM TECHNOLOGIES LIMITED","size":"20-99","address":"5743 68 AVENUE NW","sector":"Utilities","naics_desc":"Water supply and irrigation systems","hybrid":"No","transit_score":0.246,"lead_score":0.615,"tier":3,"dauid":"48110790","ward":"","bia":"","nearest_stop_dist":430.7,"transit_buffer_score":0.5},"geometry":{"type":"Point","coordinates":[-113.424908,53.504091]}},{"type":"Feature","properties":{"name":"SUMMIT","size":"20-99","address":"6703 68 AVENUE NW","sector":"Wholesale trade","naics_desc":"Plumbing, heating and air-conditioning equipment and supplies merchant wholesalers","hybrid":"No","transit_score":0.246,"lead_score":0.615,"tier":3,"dauid":"48110790","ward":"","bia":"","nearest_stop_dist":406.1,"transit_buffer_score":0.5},"geometry":{"type":"Point","coordinates":[-113.430897,53.504616]}},{"type":"Feature","properties":{"name":"STREAMLINE LOGISTICS INC","size":"20-99","address":"6708 59 STREET NW","sector":"Transportation and warehousing","naics_desc":"General freight trucking, local","hybrid":"No","transit_score":0.246,"lead_score":0.615,"tier":3,"dauid":"48110790","ward":"","bia":"","nearest_stop_dist":524.3,"transit_buffer_score":0.5},"geometry":{"type":"Point","coordinates":[-113.426657,53.503775]}},{"type":"Feature","properties":{"name":"NOREMAC INDUSTRIES LTD.","size":"20-99","address":"6516 68 AVENUE NW","sector":"Construction","naics_desc":"Poured concrete foundation and structure contractors","hybrid":"No","transit_score":0.246,"lead_score":0.615,"tier":3,"dauid":"48110790","ward":"Métis","bia":"","nearest_stop_dist":451.6,"transit_buffer_score":0.5},"geometry":{"type":"Point","coordinates":[-113.4281,53.505181]}},{"type":"Feature","properties":{"name":"INSIGHT CANADA","size":"20-99","address":"5555 CALGARY TRAIL NW","sector":"Professional, scientific and technical services","naics_desc":"Computer systems design and related services (except video game design and development)","hybrid":"No","transit_score":0.243,"lead_score":0.607,"tier":3,"dauid":"48110847","ward":"","bia":"","nearest_stop_dist":497.9,"transit_buffer_score":0.5},"geometry":{"type":"Point","coordinates":[-113.496,53.49276]}},{"type":"Feature","properties":{"name":"MEDMOBILITY","size":"20-99","address":"5711 104 STREET NW","sector":"Retail trade","naics_desc":"All other health and personal care retailers","hybrid":"No","transit_score":0.243,"lead_score":0.607,"tier":3,"dauid":"48110847","ward":"papastew","bia":"","nearest_stop_dist":480.1,"transit_buffer_score":0.5},"geometry":{"type":"Point","coordinates":[-113.497154,53.494404]}},{"type":"Feature","properties":{"name":"POLARTEK 2000 LTD.","size":"20-99","address":"5555 CALGARY TRAIL NW","sector":"Professional, scientific and technical services","naics_desc":"Engineering services","hybrid":"No","transit_score":0.243,"lead_score":0.607,"tier":3,"dauid":"48110847","ward":"papastew","bia":"","nearest_stop_dist":496.9,"transit_buffer_score":0.5},"geometry":{"type":"Point","coordinates":[-113.495957,53.492752]}},{"type":"Feature","properties":{"name":"DRIVEWYZE LTD.","size":"20-99","address":"5425 CALGARY TRAIL NW","sector":"Transportation and warehousing","naics_desc":"Other support activities for road transportation","hybrid":"No","transit_score":0.243,"lead_score":0.607,"tier":3,"dauid":"48110847","ward":"","bia":"","nearest_stop_dist":456.2,"transit_buffer_score":0.5},"geometry":{"type":"Point","coordinates":[-113.494231,53.492311]}},{"type":"Feature","properties":{"name":"GT METAL PRODUCTS LTD.","size":"20-99","address":"5616 GATEWAY BOULEVARD NW","sector":"Manufacturing","naics_desc":"All other miscellaneous fabricated metal product manufacturing","hybrid":"No","transit_score":0.243,"lead_score":0.607,"tier":3,"dauid":"48110847","ward":"","bia":"","nearest_stop_dist":454.1,"transit_buffer_score":0.5},"geometry":{"type":"Point","coordinates":[-113.4925,53.49376]}},{"type":"Feature","properties":{"name":"INSIGHT CANADA","size":"20-99","address":"5555 CALGARY TRAIL NW","sector":"Professional, scientific and technical services","naics_desc":"Computer systems design and related services (except video game design and development)","hybrid":"No","transit_score":0.243,"lead_score":0.607,"tier":3,"dauid":"48110847","ward":"papastew","bia":"","nearest_stop_dist":497.9,"transit_buffer_score":0.5},"geometry":{"type":"Point","coordinates":[-113.496,53.49276]}},{"type":"Feature","properties":{"name":"CALGARY TRAIL NOODLE HOUSE","size":"20-99","address":"5730 104 STREET NW","sector":"Accommodation and food services","naics_desc":"Full-service restaurants","hybrid":"No","transit_score":0.243,"lead_score":0.607,"tier":3,"dauid":"48110847","ward":"","bia":"","nearest_stop_dist":431.8,"transit_buffer_score":0.5},"geometry":{"type":"Point","coordinates":[-113.498131,53.49492]}},{"type":"Feature","properties":{"name":"MEDMOBILITY","size":"20-99","address":"5711 104 STREET NW","sector":"Retail trade","naics_desc":"All other health and personal care retailers","hybrid":"No","transit_score":0.243,"lead_score":0.607,"tier":3,"dauid":"48110847","ward":"","bia":"","nearest_stop_dist":480.1,"transit_buffer_score":0.5},"geometry":{"type":"Point","coordinates":[-113.497154,53.494404]}},{"type":"Feature","properties":{"name":"GT METAL PRODUCTS LTD.","size":"20-99","address":"5616 GATEWAY BOULEVARD NW","sector":"Manufacturing","naics_desc":"All other miscellaneous fabricated metal product manufacturing","hybrid":"No","transit_score":0.243,"lead_score":0.607,"tier":3,"dauid":"48110847","ward":"papastew","bia":"","nearest_stop_dist":454.1,"transit_buffer_score":0.5},"geometry":{"type":"Point","coordinates":[-113.4925,53.49376]}},{"type":"Feature","properties":{"name":"PLATO'S CLOSET EDMONTON SOUTH","size":"20-99","address":"5718 104 STREET NW","sector":"Retail trade","naics_desc":"Family clothing retailers","hybrid":"No","transit_score":0.243,"lead_score":0.607,"tier":3,"dauid":"48110847","ward":"papastew","bia":"","nearest_stop_dist":409.8,"transit_buffer_score":0.5},"geometry":{"type":"Point","coordinates":[-113.498297,53.494558]}},{"type":"Feature","properties":{"name":"VIKING FIRE PROTECTION INC","size":"20-99","address":"5622 103A STREET NW","sector":"Administrative and support, waste management and remediation services","naics_desc":"Security systems services (except locksmiths)","hybrid":"No","transit_score":0.243,"lead_score":0.607,"tier":3,"dauid":"48110847","ward":"papastew","bia":"","nearest_stop_dist":581.1,"transit_buffer_score":0.5},"geometry":{"type":"Point","coordinates":[-113.495142,53.493508]}},{"type":"Feature","properties":{"name":"HERITAGE EDUCATION FUND INC","size":"20-99","address":"10060 JASPER AVENUE NW","sector":"Other services (except public administration)","naics_desc":"Grant-making and giving services","hybrid":"No","transit_score":0.243,"lead_score":0.607,"tier":3,"dauid":"48110847","ward":"","bia":"","nearest_stop_dist":526.4,"transit_buffer_score":0.5},"geometry":{"type":"Point","coordinates":[-113.49609,53.493014]}},{"type":"Feature","properties":{"name":"SOUTH EDMONTON ORAL SURGERY","size":"20-99","address":"5555 CALGARY TRAIL NW","sector":"Health care and social assistance","naics_desc":"Offices of dentists","hybrid":"No","transit_score":0.243,"lead_score":0.607,"tier":3,"dauid":"48110847","ward":"papastew","bia":"","nearest_stop_dist":497.8,"transit_buffer_score":0.5},"geometry":{"type":"Point","coordinates":[-113.495971,53.49276]}},{"type":"Feature","properties":{"name":"CORE REAL ESTATE GROUP","size":"20-99","address":"5555 CALGARY TRAIL NW","sector":"Real estate and rental and leasing","naics_desc":"Lessors of non-residential buildings (except mini-warehouses)","hybrid":"No","transit_score":0.243,"lead_score":0.607,"tier":3,"dauid":"48110847","ward":"","bia":"","nearest_stop_dist":498.7,"transit_buffer_score":0.5},"geometry":{"type":"Point","coordinates":[-113.496142,53.492762]}},{"type":"Feature","properties":{"name":"WESTMORELAND MINING","size":"20-99","address":"5555 CALGARY TRAIL NW","sector":"Mining, quarrying, and oil and gas extraction","naics_desc":"All other metal ore mining","hybrid":"No","transit_score":0.243,"lead_score":0.607,"tier":3,"dauid":"48110847","ward":"papastew","bia":"","nearest_stop_dist":509.8,"transit_buffer_score":0.5},"geometry":{"type":"Point","coordinates":[-113.495898,53.49287]}},{"type":"Feature","properties":{"name":"POM GRAND","size":"20-99","address":"10360 58 AVENUE NW","sector":"Accommodation and food services","naics_desc":"Full-service restaurants","hybrid":"No","transit_score":0.243,"lead_score":0.607,"tier":3,"dauid":"48110847","ward":"papastew","bia":"","nearest_stop_dist":513,"transit_buffer_score":0.5},"geometry":{"type":"Point","coordinates":[-113.495606,53.495194]}},{"type":"Feature","properties":{"name":"CORE REAL ESTATE GROUP","size":"20-99","address":"5555 CALGARY TRAIL NW","sector":"Real estate and rental and leasing","naics_desc":"Lessors of non-residential buildings (except mini-warehouses)","hybrid":"No","transit_score":0.243,"lead_score":0.607,"tier":3,"dauid":"48110847","ward":"papastew","bia":"","nearest_stop_dist":498.7,"transit_buffer_score":0.5},"geometry":{"type":"Point","coordinates":[-113.496142,53.492762]}},{"type":"Feature","properties":{"name":"VIKING FIRE PROTECTION INC","size":"20-99","address":"5622 103A STREET NW","sector":"Administrative and support, waste management and remediation services","naics_desc":"Security systems services (except locksmiths)","hybrid":"No","transit_score":0.243,"lead_score":0.607,"tier":3,"dauid":"48110847","ward":"","bia":"","nearest_stop_dist":581.1,"transit_buffer_score":0.5},"geometry":{"type":"Point","coordinates":[-113.495142,53.493508]}},{"type":"Feature","properties":{"name":"PRAIRIE MINES & ROYALTY ULC","size":"20-99","address":"5555 CALGARY TRAIL NW","sector":"Mining, quarrying, and oil and gas extraction","naics_desc":"All other metal ore mining","hybrid":"No","transit_score":0.243,"lead_score":0.607,"tier":3,"dauid":"48110847","ward":"","bia":"","nearest_stop_dist":509.8,"transit_buffer_score":0.5},"geometry":{"type":"Point","coordinates":[-113.495898,53.49287]}},{"type":"Feature","properties":{"name":"K-PAPA","size":"20-99","address":"5728 104 STREET NW","sector":"Accommodation and food services","naics_desc":"Full-service restaurants","hybrid":"No","transit_score":0.243,"lead_score":0.607,"tier":3,"dauid":"48110847","ward":"","bia":"","nearest_stop_dist":418.9,"transit_buffer_score":0.5},"geometry":{"type":"Point","coordinates":[-113.498292,53.494833]}},{"type":"Feature","properties":{"name":"BORDERLINE TRANSPORT LTD","size":"20-99","address":"14604 115A AVENUE NW","sector":"Transportation and warehousing","naics_desc":"General freight trucking, long distance, truck-load (single shipper)","hybrid":"No","transit_score":0.241,"lead_score":0.603,"tier":3,"dauid":"48112143","ward":"Anirniq","bia":"","nearest_stop_dist":460.5,"transit_buffer_score":0.5},"geometry":{"type":"Point","coordinates":[-113.57317,53.56644]}},{"type":"Feature","properties":{"name":"STANLEY PUMP SUPPLY LTD","size":"20-99","address":"14606 115 AVENUE NW","sector":"Wholesale trade","naics_desc":"Plumbing, heating and air-conditioning equipment and supplies merchant wholesalers","hybrid":"No","transit_score":0.241,"lead_score":0.603,"tier":3,"dauid":"48112143","ward":"","bia":"","nearest_stop_dist":417.2,"transit_buffer_score":0.5},"geometry":{"type":"Point","coordinates":[-113.574,53.56567]}},{"type":"Feature","properties":{"name":"ROYAL FOOD PRODUCTS","size":"20-99","address":"12541 89 STREET NW","sector":"Wholesale trade","naics_desc":"General-line food merchant wholesalers","hybrid":"Yes","transit_score":0.344,"lead_score":0.602,"tier":3,"dauid":"48110338","ward":"Métis","bia":"","nearest_stop_dist":595,"transit_buffer_score":0.5},"geometry":{"type":"Point","coordinates":[-113.477732,53.582078]}},{"type":"Feature","properties":{"name":"WORKWEAR OUTFITTERS","size":"20-99","address":"9146 YELLOWHEAD TRAIL NW","sector":"Retail trade","naics_desc":"All other clothing retailers","hybrid":"Yes","transit_score":0.344,"lead_score":0.602,"tier":3,"dauid":"48110338","ward":"Métis","bia":"","nearest_stop_dist":683.1,"transit_buffer_score":0.1},"geometry":{"type":"Point","coordinates":[-113.481564,53.582765]}},{"type":"Feature","properties":{"name":"EMJ METALS","size":"20-99","address":"6295 8 STREET NW","sector":"Wholesale trade","naics_desc":"Metal service centres","hybrid":"No","transit_score":0.24,"lead_score":0.6,"tier":3,"dauid":"48112540","ward":"","bia":"","nearest_stop_dist":963.7,"transit_buffer_score":0},"geometry":{"type":"Point","coordinates":[-113.352613,53.506312]}},{"type":"Feature","properties":{"name":"INTERNATIONAL RUBBER PRODUCTS LTD","size":"20-99","address":"703 69 AVENUE NW","sector":"Manufacturing","naics_desc":"Other rubber product manufacturing","hybrid":"No","transit_score":0.24,"lead_score":0.6,"tier":3,"dauid":"48112540","ward":"Sspomitapi","bia":"","nearest_stop_dist":904.8,"transit_buffer_score":0},"geometry":{"type":"Point","coordinates":[-113.352432,53.504963]}},{"type":"Feature","properties":{"name":"HALO POWER SOLUTIONS | ELECTRICIAN","size":"20-99","address":"607 69 AVENUE NW","sector":"Construction","naics_desc":"Electrical contractors and other wiring installation contractors","hybrid":"No","transit_score":0.24,"lead_score":0.6,"tier":3,"dauid":"48112540","ward":"","bia":"","nearest_stop_dist":998,"transit_buffer_score":0},"geometry":{"type":"Point","coordinates":[-113.351004,53.505177]}},{"type":"Feature","properties":{"name":"BRAND ENERGY SOLUTIONS (CANADA) LTD.","size":"20-99","address":"503 69 AVENUE NW","sector":"Real estate and rental and leasing","naics_desc":"Construction, transportation, mining, and forestry machinery and equipment rental and leasing","hybrid":"No","transit_score":0.24,"lead_score":0.6,"tier":3,"dauid":"48112540","ward":"","bia":"","nearest_stop_dist":1042.4,"transit_buffer_score":0},"geometry":{"type":"Point","coordinates":[-113.3501,53.50503]}},{"type":"Feature","properties":{"name":"RISING EDGE GROUP","size":"20-99","address":"604 69 AVENUE NW","sector":"Construction","naics_desc":"Power and communication line and related structures construction","hybrid":"No","transit_score":0.24,"lead_score":0.6,"tier":3,"dauid":"48112540","ward":"","bia":"","nearest_stop_dist":1004.8,"transit_buffer_score":0},"geometry":{"type":"Point","coordinates":[-113.351637,53.505924]}},{"type":"Feature","properties":{"name":"EMJ METALS","size":"20-99","address":"6295 8 STREET NW","sector":"Wholesale trade","naics_desc":"Metal service centres","hybrid":"No","transit_score":0.24,"lead_score":0.6,"tier":3,"dauid":"48112540","ward":"Sspomitapi","bia":"","nearest_stop_dist":963.7,"transit_buffer_score":0},"geometry":{"type":"Point","coordinates":[-113.352613,53.506312]}},{"type":"Feature","properties":{"name":"POWER EXPRESS","size":"20-99","address":"303 69 AVENUE NW","sector":"Transportation and warehousing","naics_desc":"Couriers","hybrid":"No","transit_score":0.24,"lead_score":0.6,"tier":3,"dauid":"48112540","ward":"Sspomitapi","bia":"","nearest_stop_dist":1149.7,"transit_buffer_score":0},"geometry":{"type":"Point","coordinates":[-113.348278,53.505015]}},{"type":"Feature","properties":{"name":"5 GUYS TRANSPORT INC.","size":"20-99","address":"704 67 AVENUE NW","sector":"Transportation and warehousing","naics_desc":"General freight trucking, long distance, truck-load (single shipper)","hybrid":"No","transit_score":0.24,"lead_score":0.6,"tier":3,"dauid":"48112540","ward":"Sspomitapi","bia":"","nearest_stop_dist":944.6,"transit_buffer_score":0},"geometry":{"type":"Point","coordinates":[-113.352827,53.506182]}},{"type":"Feature","properties":{"name":"RELIANCE METALS CANADA LIMITED","size":"20-99","address":"6925 8 STREET NW","sector":"Wholesale trade","naics_desc":"Metal service centres","hybrid":"No","transit_score":0.24,"lead_score":0.6,"tier":3,"dauid":"48112540","ward":"","bia":"","nearest_stop_dist":955.2,"transit_buffer_score":0},"geometry":{"type":"Point","coordinates":[-113.3525,53.50599]}},{"type":"Feature","properties":{"name":"POWER EXPRESS","size":"20-99","address":"303 69 AVENUE NW","sector":"Transportation and warehousing","naics_desc":"Couriers","hybrid":"No","transit_score":0.24,"lead_score":0.6,"tier":3,"dauid":"48112540","ward":"","bia":"","nearest_stop_dist":1149.7,"transit_buffer_score":0},"geometry":{"type":"Point","coordinates":[-113.348278,53.505015]}},{"type":"Feature","properties":{"name":"TS SETHI TRANSPORT INC.","size":"20-99","address":"14945 131 AVENUE NW","sector":"Transportation and warehousing","naics_desc":"General freight trucking, local","hybrid":"No","transit_score":0.24,"lead_score":0.6,"tier":3,"dauid":"48112540","ward":"Sspomitapi","bia":"","nearest_stop_dist":1260,"transit_buffer_score":0},"geometry":{"type":"Point","coordinates":[-113.3464,53.4964]}},{"type":"Feature","properties":{"name":"PRO-WESTERN MECHANICAL LTD.","size":"20-99","address":"611 69 AVENUE NW","sector":"Construction","naics_desc":"Plumbing, heating and air-conditioning contractors","hybrid":"No","transit_score":0.24,"lead_score":0.6,"tier":3,"dauid":"48112540","ward":"Sspomitapi","bia":"","nearest_stop_dist":980.9,"transit_buffer_score":0},"geometry":{"type":"Point","coordinates":[-113.351274,53.505146]}},{"type":"Feature","properties":{"name":"FASTWAY TOWING INC.","size":"20-99","address":"803 70 AVENUE NW","sector":"Transportation and warehousing","naics_desc":"Motor vehicle towing","hybrid":"No","transit_score":0.24,"lead_score":0.6,"tier":3,"dauid":"48112540","ward":"","bia":"","nearest_stop_dist":858.4,"transit_buffer_score":0},"geometry":{"type":"Point","coordinates":[-113.3542,53.50608]}},{"type":"Feature","properties":{"name":"S AND R GILL CARRIER TRANSPORT LTD","size":"20-99","address":"803 70 AVENUE NW","sector":"Transportation and warehousing","naics_desc":"General freight trucking, local","hybrid":"No","transit_score":0.24,"lead_score":0.6,"tier":3,"dauid":"48112540","ward":"","bia":"","nearest_stop_dist":880.3,"transit_buffer_score":0},"geometry":{"type":"Point","coordinates":[-113.353953,53.506223]}},{"type":"Feature","properties":{"name":"PRO-WESTERN MECHANICAL LTD.","size":"20-99","address":"611 69 AVENUE NW","sector":"Construction","naics_desc":"Plumbing, heating and air-conditioning contractors","hybrid":"No","transit_score":0.24,"lead_score":0.6,"tier":3,"dauid":"48112540","ward":"","bia":"","nearest_stop_dist":990.1,"transit_buffer_score":0},"geometry":{"type":"Point","coordinates":[-113.350998,53.505028]}},{"type":"Feature","properties":{"name":"TERRAFIX","size":"20-99","address":"6810 8 STREET NW","sector":"Professional, scientific and technical services","naics_desc":"Engineering services","hybrid":"No","transit_score":0.24,"lead_score":0.6,"tier":3,"dauid":"48112540","ward":"","bia":"","nearest_stop_dist":837.1,"transit_buffer_score":0},"geometry":{"type":"Point","coordinates":[-113.353948,53.5053]}},{"type":"Feature","properties":{"name":"INTERNATIONAL RUBBER PRODUCTS LTD","size":"20-99","address":"703 69 AVENUE NW","sector":"Manufacturing","naics_desc":"Other rubber product manufacturing","hybrid":"No","transit_score":0.24,"lead_score":0.6,"tier":3,"dauid":"48112540","ward":"","bia":"","nearest_stop_dist":904.8,"transit_buffer_score":0},"geometry":{"type":"Point","coordinates":[-113.352432,53.504963]}},{"type":"Feature","properties":{"name":"WHITEROCK VENTURES","size":"20-99","address":"5810 MERIDIAN STREET NW","sector":"Transportation and warehousing","naics_desc":"General freight trucking, long distance, truck-load (single shipper)","hybrid":"No","transit_score":0.24,"lead_score":0.6,"tier":3,"dauid":"48112540","ward":"Sspomitapi","bia":"","nearest_stop_dist":1322.8,"transit_buffer_score":0},"geometry":{"type":"Point","coordinates":[-113.346372,53.494734]}},{"type":"Feature","properties":{"name":"BRAND ENERGY SOLUTIONS (CANADA) LTD.","size":"20-99","address":"503 69 AVENUE NW","sector":"Real estate and rental and leasing","naics_desc":"Construction, transportation, mining, and forestry machinery and equipment rental and leasing","hybrid":"No","transit_score":0.24,"lead_score":0.6,"tier":3,"dauid":"48112540","ward":"Sspomitapi","bia":"","nearest_stop_dist":1040.1,"transit_buffer_score":0},"geometry":{"type":"Point","coordinates":[-113.349974,53.504838]}},{"type":"Feature","properties":{"name":"S AND R GILL CARRIER TRANSPORT LTD","size":"20-99","address":"803 70 AVENUE NW","sector":"Transportation and warehousing","naics_desc":"General freight trucking, local","hybrid":"No","transit_score":0.24,"lead_score":0.6,"tier":3,"dauid":"48112540","ward":"Sspomitapi","bia":"","nearest_stop_dist":880.3,"transit_buffer_score":0},"geometry":{"type":"Point","coordinates":[-113.353953,53.506223]}},{"type":"Feature","properties":{"name":"RELIANCE METALS CANADA LIMITED","size":"20-99","address":"6925 8 STREET NW","sector":"Wholesale trade","naics_desc":"Metal service centres","hybrid":"No","transit_score":0.24,"lead_score":0.6,"tier":3,"dauid":"48112540","ward":"Sspomitapi","bia":"","nearest_stop_dist":955.2,"transit_buffer_score":0},"geometry":{"type":"Point","coordinates":[-113.3525,53.50599]}},{"type":"Feature","properties":{"name":"TS SETHI TRANSPORT INC.","size":"20-99","address":"6004 MERIDIAN STREET NW","sector":"Transportation and warehousing","naics_desc":"General freight trucking, local","hybrid":"No","transit_score":0.24,"lead_score":0.6,"tier":3,"dauid":"48112540","ward":"","bia":"","nearest_stop_dist":1260,"transit_buffer_score":0},"geometry":{"type":"Point","coordinates":[-113.3464,53.4964]}},{"type":"Feature","properties":{"name":"AURORA PEAT PRODUCTS ULC","size":"20-99","address":"13810 170 STREET NW","sector":"Manufacturing","naics_desc":"All other non-metallic mineral product manufacturing","hybrid":"No","transit_score":0.238,"lead_score":0.595,"tier":3,"dauid":"48112722","ward":"Anirniq","bia":"","nearest_stop_dist":446.7,"transit_buffer_score":0.5},"geometry":{"type":"Point","coordinates":[-113.617,53.60262]}},{"type":"Feature","properties":{"name":"THE HILLMAN GROUP CANADA ULC","size":"20-99","address":"17306 129 AVENUE NW","sector":"Retail trade","naics_desc":"Hardware retailers","hybrid":"No","transit_score":0.238,"lead_score":0.595,"tier":3,"dauid":"48112722","ward":"","bia":"","nearest_stop_dist":408.7,"transit_buffer_score":0.5},"geometry":{"type":"Point","coordinates":[-113.621256,53.590439]}},{"type":"Feature","properties":{"name":"HEIDELBERG MATERIALS","size":"20-99","address":"16503 121A AVENUE NW","sector":"Construction","naics_desc":"Poured concrete foundation and structure contractors","hybrid":"No","transit_score":0.238,"lead_score":0.595,"tier":3,"dauid":"48112722","ward":"Nakota Isga","bia":"","nearest_stop_dist":566.9,"transit_buffer_score":0.5},"geometry":{"type":"Point","coordinates":[-113.622809,53.575809]}},{"type":"Feature","properties":{"name":"MAXIM TRANSPORTATION SERVICES INC","size":"20-99","address":"13240 170 STREET NW","sector":"Wholesale trade","naics_desc":"Truck, truck tractor and bus merchant wholesalers","hybrid":"No","transit_score":0.238,"lead_score":0.595,"tier":3,"dauid":"48112722","ward":"Nakota Isga","bia":"","nearest_stop_dist":569.5,"transit_buffer_score":0.5},"geometry":{"type":"Point","coordinates":[-113.623805,53.592869]}},{"type":"Feature","properties":{"name":"LAYFIELD","size":"20-99","address":"17720 129 AVENUE NW","sector":"Manufacturing","naics_desc":"Plastic film and sheet manufacturing","hybrid":"No","transit_score":0.238,"lead_score":0.595,"tier":3,"dauid":"48112722","ward":"","bia":"","nearest_stop_dist":671,"transit_buffer_score":0.1},"geometry":{"type":"Point","coordinates":[-113.625319,53.590774]}},{"type":"Feature","properties":{"name":"MAXIM TRANSPORTATION SERVICES INC","size":"20-99","address":"13240 170 STREET NW","sector":"Wholesale trade","naics_desc":"Truck, truck tractor and bus merchant wholesalers","hybrid":"No","transit_score":0.238,"lead_score":0.595,"tier":3,"dauid":"48112722","ward":"","bia":"","nearest_stop_dist":569.5,"transit_buffer_score":0.5},"geometry":{"type":"Point","coordinates":[-113.623805,53.592869]}},{"type":"Feature","properties":{"name":"THE HILLMAN GROUP CANADA ULC","size":"20-99","address":"17306 129 AVENUE NW","sector":"Retail trade","naics_desc":"Hardware retailers","hybrid":"No","transit_score":0.238,"lead_score":0.595,"tier":3,"dauid":"48112722","ward":"Nakota Isga","bia":"","nearest_stop_dist":408.7,"transit_buffer_score":0.5},"geometry":{"type":"Point","coordinates":[-113.621256,53.590439]}},{"type":"Feature","properties":{"name":"T-LANE TRANSPORTATION INC.","size":"20-99","address":"16011 128 AVENUE NW","sector":"Transportation and warehousing","naics_desc":"General freight trucking, long distance, truck-load (single shipper)","hybrid":"No","transit_score":0.237,"lead_score":0.593,"tier":3,"dauid":"48111124","ward":"Anirniq","bia":"","nearest_stop_dist":466.2,"transit_buffer_score":0.5},"geometry":{"type":"Point","coordinates":[-113.5981,53.58432]}},{"type":"Feature","properties":{"name":"HEIDELBERG MATERIALS, CEMENT CANADA LIMITED","size":"20-99","address":"12640 INLAND WAY NW","sector":"Manufacturing","naics_desc":"Ready-mix concrete manufacturing","hybrid":"No","transit_score":0.237,"lead_score":0.593,"tier":3,"dauid":"48111124","ward":"Nakota Isga","bia":"","nearest_stop_dist":827.2,"transit_buffer_score":0},"geometry":{"type":"Point","coordinates":[-113.6023,53.57999]}},{"type":"Feature","properties":{"name":"MIDWEST FABRICATORS LTD.","size":"20-99","address":"16310 121A AVENUE NW","sector":"Manufacturing","naics_desc":"Machine shops","hybrid":"No","transit_score":0.237,"lead_score":0.593,"tier":3,"dauid":"48111124","ward":"Nakota Isga","bia":"","nearest_stop_dist":409.9,"transit_buffer_score":0.5},"geometry":{"type":"Point","coordinates":[-113.603706,53.574246]}},{"type":"Feature","properties":{"name":"CANADIAN GENERAL SHIPPING LTD.","size":"20-99","address":"12230 163 STREET NW","sector":"Transportation and warehousing","naics_desc":"Other freight transportation arrangement","hybrid":"No","transit_score":0.237,"lead_score":0.593,"tier":3,"dauid":"48111124","ward":"","bia":"","nearest_stop_dist":552.8,"transit_buffer_score":0.5},"geometry":{"type":"Point","coordinates":[-113.6038,53.57553]}},{"type":"Feature","properties":{"name":"ABATEMENT TECHNOLOGIES","size":"20-99","address":"16403 117 AVENUE NW","sector":"Manufacturing","naics_desc":"Industrial and commercial fan and blower and air purification equipment manufacturing","hybrid":"No","transit_score":0.237,"lead_score":0.593,"tier":3,"dauid":"48111124","ward":"","bia":"","nearest_stop_dist":425.4,"transit_buffer_score":0.5},"geometry":{"type":"Point","coordinates":[-113.605686,53.56684]}},{"type":"Feature","properties":{"name":"YRC FREIGHT","size":"20-99","address":"16060 128 AVENUE NW","sector":"Transportation and warehousing","naics_desc":"General freight trucking, long distance, less than truck-load (multiple shippers)","hybrid":"No","transit_score":0.237,"lead_score":0.593,"tier":3,"dauid":"48111124","ward":"","bia":"","nearest_stop_dist":425.3,"transit_buffer_score":0.5},"geometry":{"type":"Point","coordinates":[-113.59748,53.585571]}},{"type":"Feature","properties":{"name":"CHOWN ELECTRICAL CONTRACTORS LTD","size":"20-99","address":"12230 163 STREET NW","sector":"Construction","naics_desc":"Electrical contractors and other wiring installation contractors","hybrid":"No","transit_score":0.237,"lead_score":0.593,"tier":3,"dauid":"48111124","ward":"","bia":"","nearest_stop_dist":578.7,"transit_buffer_score":0.5},"geometry":{"type":"Point","coordinates":[-113.603387,53.575768]}},{"type":"Feature","properties":{"name":"LOBLAWS INC","size":"20-99","address":"16104 121A AVENUE NW","sector":"Wholesale trade","naics_desc":"General-line food merchant wholesalers","hybrid":"No","transit_score":0.237,"lead_score":0.593,"tier":3,"dauid":"48111124","ward":"","bia":"","nearest_stop_dist":459.8,"transit_buffer_score":0.5},"geometry":{"type":"Point","coordinates":[-113.6019,53.5746]}},{"type":"Feature","properties":{"name":"IMPERIAL DISTRIBUTORS CANADA INC","size":"20-99","address":"16504 121A AVENUE NW","sector":"Wholesale trade","naics_desc":"Pharmaceuticals and pharmacy supplies merchant wholesalers","hybrid":"No","transit_score":0.237,"lead_score":0.593,"tier":3,"dauid":"48111124","ward":"","bia":"","nearest_stop_dist":433.7,"transit_buffer_score":0.5},"geometry":{"type":"Point","coordinates":[-113.6072,53.57421]}},{"type":"Feature","properties":{"name":"B BRIGGS TRUCKING LTD","size":"20-99","address":"15704 121A AVENUE NW","sector":"Transportation and warehousing","naics_desc":"General freight trucking, local","hybrid":"No","transit_score":0.237,"lead_score":0.593,"tier":3,"dauid":"48111124","ward":"","bia":"","nearest_stop_dist":410.9,"transit_buffer_score":0.5},"geometry":{"type":"Point","coordinates":[-113.592871,53.574525]}},{"type":"Feature","properties":{"name":"MIDWEST FABRICATORS LTD.","size":"20-99","address":"16310 121A AVENUE NW","sector":"Manufacturing","naics_desc":"Machine shops","hybrid":"No","transit_score":0.237,"lead_score":0.593,"tier":3,"dauid":"48111124","ward":"","bia":"","nearest_stop_dist":409.9,"transit_buffer_score":0.5},"geometry":{"type":"Point","coordinates":[-113.603706,53.574246]}},{"type":"Feature","properties":{"name":"HAUL-LIT","size":"20-99","address":"12230 163 STREET NW","sector":"Transportation and warehousing","naics_desc":"General freight trucking, local","hybrid":"No","transit_score":0.237,"lead_score":0.593,"tier":3,"dauid":"48111124","ward":"Nakota Isga","bia":"","nearest_stop_dist":552.4,"transit_buffer_score":0.5},"geometry":{"type":"Point","coordinates":[-113.603772,53.575527]}},{"type":"Feature","properties":{"name":"DEWAR WESTERN INC.","size":"20-99","address":"12261 163 STREET NW","sector":"Construction","naics_desc":"Drywall and insulation contractors","hybrid":"No","transit_score":0.237,"lead_score":0.593,"tier":3,"dauid":"48111124","ward":"Nakota Isga","bia":"","nearest_stop_dist":609.8,"transit_buffer_score":0.1},"geometry":{"type":"Point","coordinates":[-113.601638,53.575946]}},{"type":"Feature","properties":{"name":"A & L CRANE & EQUIPMENT RENTAL","size":"20-99","address":"9204 27 AVENUE NW","sector":"Real estate and rental and leasing","naics_desc":"Other commercial and industrial machinery and equipment rental and leasing","hybrid":"No","transit_score":0.237,"lead_score":0.593,"tier":3,"dauid":"48111124","ward":"Nakota Isga","bia":"","nearest_stop_dist":409.5,"transit_buffer_score":0.5},"geometry":{"type":"Point","coordinates":[-113.592959,53.574605]}},{"type":"Feature","properties":{"name":"LAKELAND INSULATIONS LTD","size":"20-99","address":"12261 163 STREET NW","sector":"Construction","naics_desc":"Drywall and insulation contractors","hybrid":"No","transit_score":0.237,"lead_score":0.593,"tier":3,"dauid":"48111124","ward":"","bia":"","nearest_stop_dist":596.3,"transit_buffer_score":0.5},"geometry":{"type":"Point","coordinates":[-113.6018,53.57584]}},{"type":"Feature","properties":{"name":"DEWAR WESTERN INC","size":"20-99","address":"12261 163 STREET NW","sector":"Construction","naics_desc":"Drywall and insulation contractors","hybrid":"No","transit_score":0.237,"lead_score":0.593,"tier":3,"dauid":"48111124","ward":"","bia":"","nearest_stop_dist":591.8,"transit_buffer_score":0.5},"geometry":{"type":"Point","coordinates":[-113.6015,53.575764]}},{"type":"Feature","properties":{"name":"ALBERTA EXCHANGER LTD","size":"20-99","address":"2210 70 AVENUE NW","sector":"Manufacturing","naics_desc":"Machine shops","hybrid":"No","transit_score":0.236,"lead_score":0.59,"tier":3,"dauid":"48111334","ward":"Sspomitapi","bia":"","nearest_stop_dist":507,"transit_buffer_score":0.5},"geometry":{"type":"Point","coordinates":[-113.379318,53.507751]}},{"type":"Feature","properties":{"name":"BRISTEEL MANUFACTURING","size":"20-99","address":"2125 64 AVENUE NW","sector":"Manufacturing","naics_desc":"Iron and steel pipes and tubes manufacturing from purchased steel","hybrid":"No","transit_score":0.236,"lead_score":0.59,"tier":3,"dauid":"48111334","ward":"","bia":"","nearest_stop_dist":624.5,"transit_buffer_score":0.1},"geometry":{"type":"Point","coordinates":[-113.376919,53.49927]}},{"type":"Feature","properties":{"name":"OSS METALS","size":"20-99","address":"2165 70 AVENUE NW","sector":"Wholesale trade","naics_desc":"Metal service centres","hybrid":"No","transit_score":0.236,"lead_score":0.59,"tier":3,"dauid":"48111334","ward":"","bia":"","nearest_stop_dist":609.5,"transit_buffer_score":0.1},"geometry":{"type":"Point","coordinates":[-113.378511,53.506658]}},{"type":"Feature","properties":{"name":"MR PLYWOOD LTD","size":"20-99","address":"6335 75 STREET NW","sector":"Wholesale trade","naics_desc":"Lumber, plywood and millwork merchant wholesalers","hybrid":"No","transit_score":0.236,"lead_score":0.59,"tier":3,"dauid":"48111054","ward":"","bia":"","nearest_stop_dist":514.5,"transit_buffer_score":0.5},"geometry":{"type":"Point","coordinates":[-113.558,53.51651]}},{"type":"Feature","properties":{"name":"VWR CANLAB","size":"20-99","address":"2103 64 AVENUE NW","sector":"Wholesale trade","naics_desc":"Professional machinery, equipment and supplies merchant wholesalers","hybrid":"No","transit_score":0.236,"lead_score":0.59,"tier":3,"dauid":"48111334","ward":"Sspomitapi","bia":"","nearest_stop_dist":570.9,"transit_buffer_score":0.5},"geometry":{"type":"Point","coordinates":[-113.376777,53.500094]}},{"type":"Feature","properties":{"name":"PRINS GROUP LTD","size":"20-99","address":"6407 20 STREET NW","sector":"Construction","naics_desc":"All other specialty trade contractors","hybrid":"No","transit_score":0.236,"lead_score":0.59,"tier":3,"dauid":"48111334","ward":"Sspomitapi","bia":"","nearest_stop_dist":419,"transit_buffer_score":0.5},"geometry":{"type":"Point","coordinates":[-113.374557,53.500557]}},{"type":"Feature","properties":{"name":"PRINS GROUP LTD","size":"20-99","address":"6407 20 STREET NW","sector":"Construction","naics_desc":"All other specialty trade contractors","hybrid":"No","transit_score":0.236,"lead_score":0.59,"tier":3,"dauid":"48111334","ward":"","bia":"","nearest_stop_dist":419,"transit_buffer_score":0.5},"geometry":{"type":"Point","coordinates":[-113.374557,53.500557]}},{"type":"Feature","properties":{"name":"WHITEROCK VENTURES INC","size":"20-99","address":"2235 76 AVENUE NW","sector":"Transportation and warehousing","naics_desc":"Other specialized freight (except used goods) trucking, long distance","hybrid":"No","transit_score":0.236,"lead_score":0.59,"tier":3,"dauid":"48111334","ward":"","bia":"","nearest_stop_dist":407.5,"transit_buffer_score":0.5},"geometry":{"type":"Point","coordinates":[-113.375828,53.510055]}},{"type":"Feature","properties":{"name":"OSS METALS","size":"20-99","address":"2165 70 AVENUE NW","sector":"Wholesale trade","naics_desc":"Metal service centres","hybrid":"No","transit_score":0.236,"lead_score":0.59,"tier":3,"dauid":"48111334","ward":"Sspomitapi","bia":"","nearest_stop_dist":609.5,"transit_buffer_score":0.1},"geometry":{"type":"Point","coordinates":[-113.378511,53.506658]}},{"type":"Feature","properties":{"name":"UFA CO-OPERATIVE DISTRIBUTION CENTER","size":"20-99","address":"6510 20 STREET NW","sector":"Agriculture, forestry, fishing and hunting","naics_desc":"Support activities for crop production","hybrid":"No","transit_score":0.236,"lead_score":0.59,"tier":3,"dauid":"48111334","ward":"Sspomitapi","bia":"","nearest_stop_dist":566.2,"transit_buffer_score":0.5},"geometry":{"type":"Point","coordinates":[-113.377702,53.501662]}},{"type":"Feature","properties":{"name":"HAWKEYE INDUSTRIES INC","size":"20-99","address":"2110 70 AVENUE NW","sector":"Wholesale trade","naics_desc":"Mining and oil and gas well machinery, equipment and supplies merchant wholesalers","hybrid":"No","transit_score":0.236,"lead_score":0.59,"tier":3,"dauid":"48111334","ward":"","bia":"","nearest_stop_dist":483.5,"transit_buffer_score":0.5},"geometry":{"type":"Point","coordinates":[-113.376568,53.507575]}},{"type":"Feature","properties":{"name":"SIGNAL 88 SECURITY EDMONTON","size":"20-99","address":"9403 17 AVENUE NW","sector":"Administrative and support, waste management and remediation services","naics_desc":"Security guard and patrol services","hybrid":"No","transit_score":0.234,"lead_score":0.585,"tier":3,"dauid":"48111244","ward":"Karhiio","bia":"","nearest_stop_dist":518.8,"transit_buffer_score":0.5},"geometry":{"type":"Point","coordinates":[-113.470538,53.44722]}},{"type":"Feature","properties":{"name":"COMPLETE FRAMING SOLUTIONS INC.","size":"20-99","address":"14440 YELLOWHEAD TRAIL NW","sector":"Construction","naics_desc":"Commercial and institutional building construction","hybrid":"No","transit_score":0.234,"lead_score":0.585,"tier":3,"dauid":"48112142","ward":"","bia":"","nearest_stop_dist":400.2,"transit_buffer_score":0.5},"geometry":{"type":"Point","coordinates":[-113.5701,53.58262]}},{"type":"Feature","properties":{"name":"PACIFIC WEST SYSTEMS SUPPLY LTD","size":"20-99","address":"14735 YELLOWHEAD TRAIL NW","sector":"Construction","naics_desc":"Drywall and insulation contractors","hybrid":"No","transit_score":0.234,"lead_score":0.585,"tier":3,"dauid":"48112142","ward":"Anirniq","bia":"","nearest_stop_dist":479.6,"transit_buffer_score":0.5},"geometry":{"type":"Point","coordinates":[-113.575378,53.580874]}},{"type":"Feature","properties":{"name":"C&A ELECTRICAL LTD","size":"20-99","address":"14312 128 AVENUE NW","sector":"Construction","naics_desc":"Electrical contractors and other wiring installation contractors","hybrid":"No","transit_score":0.234,"lead_score":0.585,"tier":3,"dauid":"48112142","ward":"","bia":"","nearest_stop_dist":429.3,"transit_buffer_score":0.5},"geometry":{"type":"Point","coordinates":[-113.567345,53.58531]}},{"type":"Feature","properties":{"name":"PACIFIC WEST SYSTEMS SUPPLY LTD","size":"20-99","address":"14735 YELLOWHEAD TRAIL NW","sector":"Construction","naics_desc":"Drywall and insulation contractors","hybrid":"No","transit_score":0.234,"lead_score":0.585,"tier":3,"dauid":"48112142","ward":"","bia":"","nearest_stop_dist":479.6,"transit_buffer_score":0.5},"geometry":{"type":"Point","coordinates":[-113.575378,53.580874]}},{"type":"Feature","properties":{"name":"PAUL DAVIS EDMONTON","size":"20-99","address":"14305 128 AVENUE NW","sector":"Construction","naics_desc":"Commercial and institutional building construction","hybrid":"No","transit_score":0.234,"lead_score":0.585,"tier":3,"dauid":"48112142","ward":"","bia":"","nearest_stop_dist":427.1,"transit_buffer_score":0.5},"geometry":{"type":"Point","coordinates":[-113.567849,53.584519]}},{"type":"Feature","properties":{"name":"AUBURN RENTALS","size":"20-99","address":"14440 YELLOWHEAD TRAIL NW","sector":"Manufacturing","naics_desc":"Manufactured (mobile) home manufacturing","hybrid":"No","transit_score":0.234,"lead_score":0.585,"tier":3,"dauid":"48112142","ward":"Anirniq","bia":"","nearest_stop_dist":440.1,"transit_buffer_score":0.5},"geometry":{"type":"Point","coordinates":[-113.569327,53.582569]}},{"type":"Feature","properties":{"name":"PRIMORIS FABRICATION","size":"20-99","address":"5104 17 STREET NW","sector":"Construction","naics_desc":"All other specialty trade contractors","hybrid":"No","transit_score":0.233,"lead_score":0.583,"tier":3,"dauid":"48112546","ward":"Sspomitapi","bia":"","nearest_stop_dist":497.5,"transit_buffer_score":0.5},"geometry":{"type":"Point","coordinates":[-113.373673,53.489098]}},{"type":"Feature","properties":{"name":"DFI | STEEL PILING","size":"20-99","address":"2404 51 AVENUE NW","sector":"Construction","naics_desc":"Site preparation contractors","hybrid":"No","transit_score":0.233,"lead_score":0.583,"tier":3,"dauid":"48112546","ward":"","bia":"","nearest_stop_dist":786.4,"transit_buffer_score":0.1},"geometry":{"type":"Point","coordinates":[-113.377821,53.490268]}},{"type":"Feature","properties":{"name":"M2 LOGISTIX","size":"20-99","address":"5104 17 STREET NW","sector":"Transportation and warehousing","naics_desc":"General freight trucking, long distance, truck-load (single shipper)","hybrid":"No","transit_score":0.233,"lead_score":0.583,"tier":3,"dauid":"48112546","ward":"Sspomitapi","bia":"","nearest_stop_dist":441.7,"transit_buffer_score":0.5},"geometry":{"type":"Point","coordinates":[-113.3726,53.48897]}},{"type":"Feature","properties":{"name":"OSTREM CHEMICAL CO LTD","size":"20-99","address":"2310 80 AVENUE NW","sector":"Manufacturing","naics_desc":"Soap and cleaning compound manufacturing","hybrid":"No","transit_score":0.232,"lead_score":0.58,"tier":3,"dauid":"48112541","ward":"","bia":"","nearest_stop_dist":524.2,"transit_buffer_score":0.5},"geometry":{"type":"Point","coordinates":[-113.3783,53.5167]}},{"type":"Feature","properties":{"name":"BLUEWAVE ENERGY","size":"20-99","address":"7212 8 STREET NW","sector":"Retail trade","naics_desc":"Liquefied petroleum gas (bottled gas) dealers","hybrid":"No","transit_score":0.232,"lead_score":0.58,"tier":3,"dauid":"48112541","ward":"Sspomitapi","bia":"","nearest_stop_dist":975.3,"transit_buffer_score":0},"geometry":{"type":"Point","coordinates":[-113.3545,53.50833]}},{"type":"Feature","properties":{"name":"MULLEN OILFIELD SERVICES","size":"20-99","address":"903 76 AVENUE NW","sector":"Transportation and warehousing","naics_desc":"Other warehousing and storage","hybrid":"No","transit_score":0.232,"lead_score":0.58,"tier":3,"dauid":"48112541","ward":"Sspomitapi","bia":"","nearest_stop_dist":661.7,"transit_buffer_score":0.1},"geometry":{"type":"Point","coordinates":[-113.359393,53.511371]}},{"type":"Feature","properties":{"name":"FRONTLINE DEFENSE SYSTEMS INC.","size":"20-99","address":"2430 80 AVENUE NW","sector":"Manufacturing","naics_desc":"Hardware manufacturing","hybrid":"No","transit_score":0.232,"lead_score":0.58,"tier":3,"dauid":"48112541","ward":"","bia":"","nearest_stop_dist":506.9,"transit_buffer_score":0.5},"geometry":{"type":"Point","coordinates":[-113.380409,53.516778]}},{"type":"Feature","properties":{"name":"NORTECH ADVANCED N D T LTD","size":"20-99","address":"7108 8 STREET NW","sector":"Professional, scientific and technical services","naics_desc":"Engineering services","hybrid":"No","transit_score":0.232,"lead_score":0.58,"tier":3,"dauid":"48112541","ward":"","bia":"","nearest_stop_dist":938.6,"transit_buffer_score":0},"geometry":{"type":"Point","coordinates":[-113.3545,53.50768]}},{"type":"Feature","properties":{"name":"WASTE MANAGEMENT OF CANADA","size":"20-99","address":"7940 25 STREET NW","sector":"Administrative and support, waste management and remediation services","naics_desc":"Waste collection","hybrid":"No","transit_score":0.232,"lead_score":0.58,"tier":3,"dauid":"48112541","ward":"Sspomitapi","bia":"","nearest_stop_dist":489.3,"transit_buffer_score":0.5},"geometry":{"type":"Point","coordinates":[-113.383837,53.516662]}},{"type":"Feature","properties":{"name":"PARAGON PROTECTIVE COATINGS LTD.","size":"20-99","address":"809 77 AVENUE NW","sector":"Construction","naics_desc":"All other specialty trade contractors","hybrid":"No","transit_score":0.232,"lead_score":0.58,"tier":3,"dauid":"48112541","ward":"Sspomitapi","bia":"","nearest_stop_dist":822.2,"transit_buffer_score":0},"geometry":{"type":"Point","coordinates":[-113.3573,53.51347]}},{"type":"Feature","properties":{"name":"NUCLEOM INC","size":"20-99","address":"1109 78 AVENUE NW","sector":"Professional, scientific and technical services","naics_desc":"Other scientific and technical consulting services","hybrid":"No","transit_score":0.232,"lead_score":0.58,"tier":3,"dauid":"48112541","ward":"","bia":"","nearest_stop_dist":523.4,"transit_buffer_score":0.5},"geometry":{"type":"Point","coordinates":[-113.3626,53.51415]}},{"type":"Feature","properties":{"name":"NORTECH ADVANCED NDT LTD","size":"20-99","address":"7108 8 STREET NW","sector":"Professional, scientific and technical services","naics_desc":"Engineering services","hybrid":"No","transit_score":0.232,"lead_score":0.58,"tier":3,"dauid":"48112541","ward":"Sspomitapi","bia":"","nearest_stop_dist":938.6,"transit_buffer_score":0},"geometry":{"type":"Point","coordinates":[-113.3545,53.50768]}},{"type":"Feature","properties":{"name":"OSTREM CHEMICAL CO LTD","size":"20-99","address":"2310 80 AVENUE NW","sector":"Manufacturing","naics_desc":"Soap and cleaning compound manufacturing","hybrid":"No","transit_score":0.232,"lead_score":0.58,"tier":3,"dauid":"48112541","ward":"Sspomitapi","bia":"","nearest_stop_dist":524.2,"transit_buffer_score":0.5},"geometry":{"type":"Point","coordinates":[-113.3783,53.5167]}},{"type":"Feature","properties":{"name":"AEVITAS","size":"20-99","address":"7722 9 STREET NW","sector":"Administrative and support, waste management and remediation services","naics_desc":"Waste collection","hybrid":"No","transit_score":0.232,"lead_score":0.58,"tier":3,"dauid":"48112541","ward":"","bia":"","nearest_stop_dist":611.2,"transit_buffer_score":0.1},"geometry":{"type":"Point","coordinates":[-113.361,53.51404]}},{"type":"Feature","properties":{"name":"BRY SAND ICE ARENA LTD","size":"20-99","address":"7908 18 STREET NW","sector":"Construction","naics_desc":"Commercial and institutional building construction","hybrid":"No","transit_score":0.232,"lead_score":0.58,"tier":3,"dauid":"48112541","ward":"Sspomitapi","bia":"","nearest_stop_dist":445.9,"transit_buffer_score":0.5},"geometry":{"type":"Point","coordinates":[-113.373239,53.515943]}},{"type":"Feature","properties":{"name":"INTEGRITY WASTE SOLUTIONS INC.","size":"20-99","address":"255 76 AVENUE NW","sector":"Administrative and support, waste management and remediation services","naics_desc":"Material recovery facilities","hybrid":"No","transit_score":0.232,"lead_score":0.58,"tier":3,"dauid":"48112541","ward":"Sspomitapi","bia":"","nearest_stop_dist":1193.6,"transit_buffer_score":0},"geometry":{"type":"Point","coordinates":[-113.3484,53.5109]}},{"type":"Feature","properties":{"name":"BLUEWAVE ENERGY","size":"20-99","address":"7212 8 STREET NW","sector":"Retail trade","naics_desc":"Liquefied petroleum gas (bottled gas) dealers","hybrid":"No","transit_score":0.232,"lead_score":0.58,"tier":3,"dauid":"48112541","ward":"","bia":"","nearest_stop_dist":975.3,"transit_buffer_score":0},"geometry":{"type":"Point","coordinates":[-113.3545,53.50833]}},{"type":"Feature","properties":{"name":"STARKES MECHANICAL SERVICES LTD","size":"20-99","address":"1066 77 AVENUE NW","sector":"Construction","naics_desc":"Plumbing, heating and air-conditioning contractors","hybrid":"No","transit_score":0.232,"lead_score":0.58,"tier":3,"dauid":"48112541","ward":"","bia":"","nearest_stop_dist":534.8,"transit_buffer_score":0.5},"geometry":{"type":"Point","coordinates":[-113.3619,53.51355]}},{"type":"Feature","properties":{"name":"EQUIPMENT SALES & SERVICE LIMITED","size":"20-99","address":"2111 80 AVENUE NW","sector":"Real estate and rental and leasing","naics_desc":"Construction, transportation, mining, and forestry machinery and equipment rental and leasing","hybrid":"No","transit_score":0.232,"lead_score":0.58,"tier":3,"dauid":"48112541","ward":"","bia":"","nearest_stop_dist":463.2,"transit_buffer_score":0.5},"geometry":{"type":"Point","coordinates":[-113.3772,53.5158]}},{"type":"Feature","properties":{"name":"MR. MIX AUDIO INC","size":"20-99","address":"2232 80 AVENUE NW","sector":"Real estate and rental and leasing","naics_desc":"Consumer electronics and appliance rental","hybrid":"No","transit_score":0.232,"lead_score":0.58,"tier":3,"dauid":"48112541","ward":"Sspomitapi","bia":"","nearest_stop_dist":549.6,"transit_buffer_score":0.5},"geometry":{"type":"Point","coordinates":[-113.3773,53.51671]}},{"type":"Feature","properties":{"name":"WASTE MANAGEMENT OF CANADA","size":"20-99","address":"7940 25 STREET NW","sector":"Administrative and support, waste management and remediation services","naics_desc":"Waste collection","hybrid":"No","transit_score":0.232,"lead_score":0.58,"tier":3,"dauid":"48112541","ward":"","bia":"","nearest_stop_dist":489.3,"transit_buffer_score":0.5},"geometry":{"type":"Point","coordinates":[-113.383837,53.516662]}},{"type":"Feature","properties":{"name":"ALF'S ROOFING LTD.","size":"20-99","address":"904 77 AVENUE NW","sector":"Construction","naics_desc":"Roofing contractors","hybrid":"No","transit_score":0.232,"lead_score":0.58,"tier":3,"dauid":"48112541","ward":"Sspomitapi","bia":"","nearest_stop_dist":590.7,"transit_buffer_score":0.5},"geometry":{"type":"Point","coordinates":[-113.361,53.51356]}},{"type":"Feature","properties":{"name":"SKYLINE FORMWORK INC","size":"20-99","address":"808 78 AVENUE NW","sector":"Construction","naics_desc":"Poured concrete foundation and structure contractors","hybrid":"No","transit_score":0.232,"lead_score":0.58,"tier":3,"dauid":"48112541","ward":"Sspomitapi","bia":"","nearest_stop_dist":888.9,"transit_buffer_score":0},"geometry":{"type":"Point","coordinates":[-113.3566,53.514198]}},{"type":"Feature","properties":{"name":"UNITED EXCAVATING & DEMOLITION LTD","size":"20-99","address":"824 78 AVENUE NW","sector":"Construction","naics_desc":"Site preparation contractors","hybrid":"No","transit_score":0.232,"lead_score":0.58,"tier":3,"dauid":"48112541","ward":"Sspomitapi","bia":"","nearest_stop_dist":866.4,"transit_buffer_score":0},"geometry":{"type":"Point","coordinates":[-113.356886,53.514067]}},{"type":"Feature","properties":{"name":"PROVINCIAL STRIPPING","size":"20-99","address":"2410 80 AVENUE NW","sector":"Transportation and warehousing","naics_desc":"Other support activities for road transportation","hybrid":"No","transit_score":0.232,"lead_score":0.58,"tier":3,"dauid":"48112541","ward":"","bia":"","nearest_stop_dist":797.9,"transit_buffer_score":0.1},"geometry":{"type":"Point","coordinates":[-113.358222,53.514452]}},{"type":"Feature","properties":{"name":"WESTERN MATERIALS HANDLING & EQUIPMENT LTD","size":"20-99","address":"835 70 AVENUE NW","sector":"Wholesale trade","naics_desc":"Construction and forestry machinery, equipment and supplies merchant wholesalers","hybrid":"No","transit_score":0.232,"lead_score":0.58,"tier":3,"dauid":"48112541","ward":"Sspomitapi","bia":"","nearest_stop_dist":787.9,"transit_buffer_score":0.1},"geometry":{"type":"Point","coordinates":[-113.35541,53.50607]}},{"type":"Feature","properties":{"name":"WESTERN MATERIALS HANDLING & EQUIPMENT LTD","size":"20-99","address":"835 70 AVENUE NW","sector":"Wholesale trade","naics_desc":"Construction and forestry machinery, equipment and supplies merchant wholesalers","hybrid":"No","transit_score":0.232,"lead_score":0.58,"tier":3,"dauid":"48112541","ward":"","bia":"","nearest_stop_dist":787.9,"transit_buffer_score":0.1},"geometry":{"type":"Point","coordinates":[-113.35541,53.50607]}},{"type":"Feature","properties":{"name":"MR. MIX AUDIO INC","size":"20-99","address":"2232 80 AVENUE NW","sector":"Real estate and rental and leasing","naics_desc":"Consumer electronics and appliance rental","hybrid":"No","transit_score":0.232,"lead_score":0.58,"tier":3,"dauid":"48112541","ward":"","bia":"","nearest_stop_dist":549.6,"transit_buffer_score":0.5},"geometry":{"type":"Point","coordinates":[-113.3773,53.51671]}},{"type":"Feature","properties":{"name":"PARTITION SYSTEMS LTD","size":"20-99","address":"1105 70 AVENUE NW","sector":"Manufacturing","naics_desc":"Office furniture (except wood) manufacturing","hybrid":"No","transit_score":0.232,"lead_score":0.58,"tier":3,"dauid":"48112541","ward":"Sspomitapi","bia":"","nearest_stop_dist":578.4,"transit_buffer_score":0.5},"geometry":{"type":"Point","coordinates":[-113.3596,53.50622]}},{"type":"Feature","properties":{"name":"MULLEN OILFIELD SERVICES","size":"20-99","address":"903 76 AVENUE NW","sector":"Transportation and warehousing","naics_desc":"Other warehousing and storage","hybrid":"No","transit_score":0.232,"lead_score":0.58,"tier":3,"dauid":"48112541","ward":"","bia":"","nearest_stop_dist":618,"transit_buffer_score":0.1},"geometry":{"type":"Point","coordinates":[-113.3599,53.50991]}},{"type":"Feature","properties":{"name":"BERGET TRUCKING LTD","size":"20-99","address":"2435 80 AVENUE NW","sector":"Transportation and warehousing","naics_desc":"General freight trucking, long distance, less than truck-load (multiple shippers)","hybrid":"No","transit_score":0.232,"lead_score":0.58,"tier":3,"dauid":"48112541","ward":"","bia":"","nearest_stop_dist":433.7,"transit_buffer_score":0.5},"geometry":{"type":"Point","coordinates":[-113.38049,53.516121]}},{"type":"Feature","properties":{"name":"B & H METAL FINISHINGS LTD","size":"20-99","address":"1124 77 AVENUE NW","sector":"Wholesale trade","naics_desc":"Metal service centres","hybrid":"No","transit_score":0.232,"lead_score":0.58,"tier":3,"dauid":"48112541","ward":"","bia":"","nearest_stop_dist":487.2,"transit_buffer_score":0.5},"geometry":{"type":"Point","coordinates":[-113.3627,53.51357]}},{"type":"Feature","properties":{"name":"BUSY BOYZ EXTERIOR LTD.","size":"20-99","address":"1101 77 AVENUE NW","sector":"Construction","naics_desc":"Roofing contractors","hybrid":"No","transit_score":0.232,"lead_score":0.58,"tier":3,"dauid":"48112541","ward":"","bia":"","nearest_stop_dist":451.1,"transit_buffer_score":0.5},"geometry":{"type":"Point","coordinates":[-113.3628,53.51279]}},{"type":"Feature","properties":{"name":"BRY SAND CONCRETE LTD","size":"20-99","address":"7908 18 STREET NW","sector":"Construction","naics_desc":"Poured concrete foundation and structure contractors","hybrid":"No","transit_score":0.232,"lead_score":0.58,"tier":3,"dauid":"48112541","ward":"","bia":"","nearest_stop_dist":455.9,"transit_buffer_score":0.5},"geometry":{"type":"Point","coordinates":[-113.373933,53.515843]}},{"type":"Feature","properties":{"name":"PARTITION SYSTEMS LTD","size":"20-99","address":"1105 70 AVENUE NW","sector":"Manufacturing","naics_desc":"Office furniture (except wood) manufacturing","hybrid":"No","transit_score":0.232,"lead_score":0.58,"tier":3,"dauid":"48112541","ward":"","bia":"","nearest_stop_dist":578.4,"transit_buffer_score":0.5},"geometry":{"type":"Point","coordinates":[-113.3596,53.50622]}},{"type":"Feature","properties":{"name":"TECHHEAT","size":"20-99","address":"1303 70 AVENUE NW","sector":"Manufacturing","naics_desc":"Measuring, medical and controlling devices manufacturing","hybrid":"No","transit_score":0.232,"lead_score":0.58,"tier":3,"dauid":"48112541","ward":"","bia":"","nearest_stop_dist":479.3,"transit_buffer_score":0.5},"geometry":{"type":"Point","coordinates":[-113.3619,53.50616]}},{"type":"Feature","properties":{"name":"YERNUIK CONSTRUCTION","size":"20-99","address":"1110 78 AVENUE NW","sector":"Construction","naics_desc":"Poured concrete foundation and structure contractors","hybrid":"No","transit_score":0.232,"lead_score":0.58,"tier":3,"dauid":"48112541","ward":"","bia":"","nearest_stop_dist":531.8,"transit_buffer_score":0.5},"geometry":{"type":"Point","coordinates":[-113.363418,53.514932]}},{"type":"Feature","properties":{"name":"SKYLINE FORMWORK INC","size":"20-99","address":"808 78 AVENUE NW","sector":"Construction","naics_desc":"Poured concrete foundation and structure contractors","hybrid":"No","transit_score":0.232,"lead_score":0.58,"tier":3,"dauid":"48112541","ward":"","bia":"","nearest_stop_dist":888.9,"transit_buffer_score":0},"geometry":{"type":"Point","coordinates":[-113.3566,53.514198]}},{"type":"Feature","properties":{"name":"BERGET TRUCKING LTD","size":"20-99","address":"2435 80 AVENUE NW","sector":"Transportation and warehousing","naics_desc":"General freight trucking, long distance, less than truck-load (multiple shippers)","hybrid":"No","transit_score":0.232,"lead_score":0.58,"tier":3,"dauid":"48112541","ward":"Sspomitapi","bia":"","nearest_stop_dist":433.7,"transit_buffer_score":0.5},"geometry":{"type":"Point","coordinates":[-113.38049,53.516121]}},{"type":"Feature","properties":{"name":"AEVITAS","size":"20-99","address":"7722 9 STREET NW","sector":"Administrative and support, waste management and remediation services","naics_desc":"Waste collection","hybrid":"No","transit_score":0.232,"lead_score":0.58,"tier":3,"dauid":"48112541","ward":"Sspomitapi","bia":"","nearest_stop_dist":611.2,"transit_buffer_score":0.1},"geometry":{"type":"Point","coordinates":[-113.361,53.51404]}},{"type":"Feature","properties":{"name":"ALF'S ROOFING LTD.","size":"20-99","address":"904 77 AVENUE NW","sector":"Construction","naics_desc":"Roofing contractors","hybrid":"No","transit_score":0.232,"lead_score":0.58,"tier":3,"dauid":"48112541","ward":"","bia":"","nearest_stop_dist":590.7,"transit_buffer_score":0.5},"geometry":{"type":"Point","coordinates":[-113.361,53.51356]}},{"type":"Feature","properties":{"name":"BRY SAND ICE ARENA LTD","size":"20-99","address":"7908 18 STREET NW","sector":"Construction","naics_desc":"Commercial and institutional building construction","hybrid":"No","transit_score":0.232,"lead_score":0.58,"tier":3,"dauid":"48112541","ward":"","bia":"","nearest_stop_dist":476.6,"transit_buffer_score":0.5},"geometry":{"type":"Point","coordinates":[-113.373997,53.516034]}},{"type":"Feature","properties":{"name":"ALBERTA CONCRETE PLACING","size":"20-99","address":"824 78 AVENUE NW","sector":"Construction","naics_desc":"Poured concrete foundation and structure contractors","hybrid":"No","transit_score":0.232,"lead_score":0.58,"tier":3,"dauid":"48112541","ward":"Sspomitapi","bia":"","nearest_stop_dist":866.4,"transit_buffer_score":0},"geometry":{"type":"Point","coordinates":[-113.356886,53.514067]}},{"type":"Feature","properties":{"name":"BRENEX BUILDING CORPORATION LTD","size":"20-99","address":"1235 70 AVENUE NW","sector":"Professional, scientific and technical services","naics_desc":"Engineering services","hybrid":"No","transit_score":0.232,"lead_score":0.58,"tier":3,"dauid":"48112541","ward":"","bia":"","nearest_stop_dist":501.2,"transit_buffer_score":0.5},"geometry":{"type":"Point","coordinates":[-113.3613,53.50616]}},{"type":"Feature","properties":{"name":"PARAGON PROTECTIVE COATINGS LTD.","size":"20-99","address":"809 77 AVENUE NW","sector":"Construction","naics_desc":"All other specialty trade contractors","hybrid":"No","transit_score":0.232,"lead_score":0.58,"tier":3,"dauid":"48112541","ward":"","bia":"","nearest_stop_dist":822.2,"transit_buffer_score":0},"geometry":{"type":"Point","coordinates":[-113.3573,53.51347]}},{"type":"Feature","properties":{"name":"AIRSTREAM OF EDMONTON","size":"20-99","address":"1904 80 AVENUE NW","sector":"Manufacturing","naics_desc":"Motor home, travel trailer and camper manufacturing","hybrid":"No","transit_score":0.232,"lead_score":0.58,"tier":3,"dauid":"48112541","ward":"","bia":"","nearest_stop_dist":543.2,"transit_buffer_score":0.5},"geometry":{"type":"Point","coordinates":[-113.374596,53.516523]}},{"type":"Feature","properties":{"name":"COLD IRON TRUCK CENTER EDMONTON","size":"20-99","address":"6257 34 STREET NW","sector":"Retail trade","naics_desc":"New car dealers","hybrid":"No","transit_score":0.23,"lead_score":0.575,"tier":3,"dauid":"48110692","ward":"","bia":"","nearest_stop_dist":603.8,"transit_buffer_score":0.1},"geometry":{"type":"Point","coordinates":[-113.392231,53.499759]}},{"type":"Feature","properties":{"name":"DOMINION PIPE AND PILING","size":"20-99","address":"6515 34 STREET NW","sector":"Wholesale trade","naics_desc":"Plumbing, heating and air-conditioning equipment and supplies merchant wholesalers","hybrid":"No","transit_score":0.23,"lead_score":0.575,"tier":3,"dauid":"48110692","ward":"","bia":"","nearest_stop_dist":714.9,"transit_buffer_score":0.1},"geometry":{"type":"Point","coordinates":[-113.392856,53.50121]}},{"type":"Feature","properties":{"name":"FORT EDMONTON PARK","size":"20-99","address":"7000 143 STREET NW","sector":"Public administration","naics_desc":"Other local, municipal and regional public administration","hybrid":"No","transit_score":0.228,"lead_score":0.57,"tier":3,"dauid":"48110993","ward":"pihêsiwin","bia":"","nearest_stop_dist":599.5,"transit_buffer_score":0.5},"geometry":{"type":"Point","coordinates":[-113.5789,53.50146]}},{"type":"Feature","properties":{"name":"SNOW VALLEY SKI CLUB","size":"20-99","address":"13204 RAINBOW VALLEY ROAD NW","sector":"Arts, entertainment and recreation","naics_desc":"Skiing facilities","hybrid":"No","transit_score":0.228,"lead_score":0.57,"tier":3,"dauid":"48110989","ward":"papastew","bia":"","nearest_stop_dist":744.1,"transit_buffer_score":0.1},"geometry":{"type":"Point","coordinates":[-113.556451,53.483699]}},{"type":"Feature","properties":{"name":"BAYTEK INTERIORS INC.","size":"20-99","address":"16135 142 STREET NW","sector":"Construction","naics_desc":"Drywall and insulation contractors","hybrid":"No","transit_score":0.225,"lead_score":0.562,"tier":3,"dauid":"48112753","ward":"Anirniq","bia":"","nearest_stop_dist":484.8,"transit_buffer_score":0.5},"geometry":{"type":"Point","coordinates":[-113.568138,53.622109]}},{"type":"Feature","properties":{"name":"INCASA INC.","size":"20-99","address":"14165 162 AVENUE NW","sector":"Health care and social assistance","naics_desc":"Home health care services","hybrid":"No","transit_score":0.225,"lead_score":0.562,"tier":3,"dauid":"48112753","ward":"Anirniq","bia":"","nearest_stop_dist":488.9,"transit_buffer_score":0.5},"geometry":{"type":"Point","coordinates":[-113.568086,53.622782]}},{"type":"Feature","properties":{"name":"AMISKWACIY ACADEMY","size":"20-99","address":"101 AIRPORT ROAD NW","sector":"Educational services","naics_desc":"Elementary and secondary schools","hybrid":"No","transit_score":0.224,"lead_score":0.56,"tier":3,"dauid":"48112739","ward":"","bia":"Kingsway","nearest_stop_dist":554.8,"transit_buffer_score":0.5},"geometry":{"type":"Point","coordinates":[-113.518015,53.573554]}},{"type":"Feature","properties":{"name":"ABORIGINAL HEAD START","size":"20-99","address":"101 AIRPORT ROAD NW","sector":"Health care and social assistance","naics_desc":"Child day-care services","hybrid":"No","transit_score":0.224,"lead_score":0.56,"tier":3,"dauid":"48112739","ward":"","bia":"Kingsway","nearest_stop_dist":554.8,"transit_buffer_score":0.5},"geometry":{"type":"Point","coordinates":[-113.518015,53.573554]}},{"type":"Feature","properties":{"name":"NAMCO MACHINE & GEAR WORKS LTD","size":"20-99","address":"9168 35 AVENUE NW","sector":"Wholesale trade","naics_desc":"Industrial machinery, equipment and supplies merchant wholesalers","hybrid":"No","transit_score":0.223,"lead_score":0.557,"tier":3,"dauid":"48112115","ward":"Karhiio","bia":"","nearest_stop_dist":403.7,"transit_buffer_score":0.5},"geometry":{"type":"Point","coordinates":[-113.471,53.4691]}},{"type":"Feature","properties":{"name":"TUNDRA PROCESS SOLUTIONS LTD.","size":"20-99","address":"3555 93 STREET NW","sector":"Manufacturing","naics_desc":"Power, distribution and specialty transformers manufacturing","hybrid":"No","transit_score":0.223,"lead_score":0.557,"tier":3,"dauid":"48112115","ward":"Karhiio","bia":"","nearest_stop_dist":431.9,"transit_buffer_score":0.5},"geometry":{"type":"Point","coordinates":[-113.471972,53.47019]}},{"type":"Feature","properties":{"name":"AK DHALIWAL TRUCKING","size":"10-19","address":"5338 125A AVENUE NW","sector":"Transportation and warehousing","naics_desc":"Dry bulk materials trucking, local","hybrid":"No","transit_score":0.546,"lead_score":0.546,"tier":3,"dauid":"48110382","ward":"Métis","bia":"","nearest_stop_dist":477.6,"transit_buffer_score":0.5},"geometry":{"type":"Point","coordinates":[-113.424892,53.583122]}},{"type":"Feature","properties":{"name":"CARSTAR EDMONTON EAST","size":"10-19","address":"5419 125A AVENUE NW","sector":"Other services (except public administration)","naics_desc":"General automotive repair","hybrid":"No","transit_score":0.546,"lead_score":0.546,"tier":3,"dauid":"48110382","ward":"Métis","bia":"","nearest_stop_dist":479.6,"transit_buffer_score":0.5},"geometry":{"type":"Point","coordinates":[-113.42552,53.582647]}},{"type":"Feature","properties":{"name":"ATHABASCA MINERALS INC.","size":"20-99","address":"4409 94 STREET NW","sector":"Mining, quarrying, and oil and gas extraction","naics_desc":"All other metal ore mining","hybrid":"No","transit_score":0.217,"lead_score":0.542,"tier":3,"dauid":"48110732","ward":"Karhiio","bia":"","nearest_stop_dist":488.6,"transit_buffer_score":0.5},"geometry":{"type":"Point","coordinates":[-113.471875,53.483218]}},{"type":"Feature","properties":{"name":"BRAND BILLING","size":"20-99","address":"4254 91A STREET NW","sector":"Administrative and support, waste management and remediation services","naics_desc":"Office administrative services","hybrid":"No","transit_score":0.217,"lead_score":0.542,"tier":3,"dauid":"48110732","ward":"Karhiio","bia":"","nearest_stop_dist":520.9,"transit_buffer_score":0.5},"geometry":{"type":"Point","coordinates":[-113.468979,53.478763]}},{"type":"Feature","properties":{"name":"GLOBAL WEST FINANCIAL GROUP INC","size":"20-99","address":"4250 93 STREET NW","sector":"Finance and insurance","naics_desc":"Personal and commercial banking industry","hybrid":"No","transit_score":0.217,"lead_score":0.542,"tier":3,"dauid":"48110732","ward":"Karhiio","bia":"","nearest_stop_dist":423.6,"transit_buffer_score":0.5},"geometry":{"type":"Point","coordinates":[-113.472927,53.479966]}},{"type":"Feature","properties":{"name":"UNIFIED AUTOMATION","size":"20-99","address":"4403 97 STREET NW","sector":"Construction","naics_desc":"Commercial and institutional building construction","hybrid":"No","transit_score":0.217,"lead_score":0.542,"tier":3,"dauid":"48110732","ward":"Karhiio","bia":"","nearest_stop_dist":478.5,"transit_buffer_score":0.5},"geometry":{"type":"Point","coordinates":[-113.472084,53.482896]}},{"type":"Feature","properties":{"name":"MJ TRANSPORTATION","size":"20-99","address":"9337 45 AVENUE NW","sector":"Transportation and warehousing","naics_desc":"General freight trucking, long distance, truck-load (single shipper)","hybrid":"No","transit_score":0.217,"lead_score":0.542,"tier":3,"dauid":"48110732","ward":"Karhiio","bia":"","nearest_stop_dist":488.4,"transit_buffer_score":0.5},"geometry":{"type":"Point","coordinates":[-113.471011,53.48371]}},{"type":"Feature","properties":{"name":"KOVA ENGINEERING LTD.","size":"20-99","address":"4404 94 STREET NW","sector":"Professional, scientific and technical services","naics_desc":"Engineering services","hybrid":"No","transit_score":0.217,"lead_score":0.542,"tier":3,"dauid":"48110732","ward":"Karhiio","bia":"","nearest_stop_dist":438.8,"transit_buffer_score":0.5},"geometry":{"type":"Point","coordinates":[-113.4727,53.48286]}},{"type":"Feature","properties":{"name":"ATHABASCA MINERALS INC.","size":"20-99","address":"4409 94 STREET NW","sector":"Mining, quarrying, and oil and gas extraction","naics_desc":"All other metal ore mining","hybrid":"No","transit_score":0.217,"lead_score":0.542,"tier":3,"dauid":"48110732","ward":"","bia":"","nearest_stop_dist":488.6,"transit_buffer_score":0.5},"geometry":{"type":"Point","coordinates":[-113.471875,53.483218]}},{"type":"Feature","properties":{"name":"KOVA ENGINEERING LTD.","size":"20-99","address":"4404 94 STREET NW","sector":"Professional, scientific and technical services","naics_desc":"Engineering services","hybrid":"No","transit_score":0.217,"lead_score":0.542,"tier":3,"dauid":"48110732","ward":"","bia":"","nearest_stop_dist":438.8,"transit_buffer_score":0.5},"geometry":{"type":"Point","coordinates":[-113.4727,53.48286]}},{"type":"Feature","properties":{"name":"COMPUTER ENVIRONMENT SOLUTIONS (CES)","size":"20-99","address":"9355 45 AVENUE NW","sector":"Information and cultural industries","naics_desc":"Computing infrastructure providers, data processing, web hosting, and related services","hybrid":"No","transit_score":0.217,"lead_score":0.542,"tier":3,"dauid":"48110732","ward":"","bia":"","nearest_stop_dist":466.8,"transit_buffer_score":0.5},"geometry":{"type":"Point","coordinates":[-113.4722,53.48374]}},{"type":"Feature","properties":{"name":"QUEST RESEARCH AND ANALYTICS INC","size":"20-99","address":"4282 91A STREET NW","sector":"Professional, scientific and technical services","naics_desc":"Testing laboratories","hybrid":"No","transit_score":0.217,"lead_score":0.542,"tier":3,"dauid":"48110732","ward":"Karhiio","bia":"","nearest_stop_dist":606.4,"transit_buffer_score":0.1},"geometry":{"type":"Point","coordinates":[-113.469217,53.479572]}},{"type":"Feature","properties":{"name":"ALPHAMET","size":"20-99","address":"4270 91A STREET NW","sector":"Professional, scientific and technical services","naics_desc":"Engineering services","hybrid":"No","transit_score":0.217,"lead_score":0.542,"tier":3,"dauid":"48110732","ward":"Karhiio","bia":"","nearest_stop_dist":520.8,"transit_buffer_score":0.5},"geometry":{"type":"Point","coordinates":[-113.470392,53.478867]}},{"type":"Feature","properties":{"name":"AIV CANADA","size":"20-99","address":"3250 51 AVENUE NW","sector":"Wholesale trade","naics_desc":"Mining and oil and gas well machinery, equipment and supplies merchant wholesalers","hybrid":"No","transit_score":0.215,"lead_score":0.537,"tier":3,"dauid":"48112545","ward":"","bia":"","nearest_stop_dist":477,"transit_buffer_score":0.5},"geometry":{"type":"Point","coordinates":[-113.390442,53.489441]}},{"type":"Feature","properties":{"name":"AVION LOGISTICS","size":"20-99","address":"3203 64 AVENUE NW","sector":"Transportation and warehousing","naics_desc":"General freight trucking, long distance, truck-load (single shipper)","hybrid":"No","transit_score":0.215,"lead_score":0.537,"tier":3,"dauid":"48112545","ward":"Sspomitapi","bia":"","nearest_stop_dist":820.6,"transit_buffer_score":0},"geometry":{"type":"Point","coordinates":[-113.390016,53.501199]}},{"type":"Feature","properties":{"name":"ROUTE46 TRUCKING LTD","size":"20-99","address":"6210 30 STREET NW","sector":"Transportation and warehousing","naics_desc":"General freight trucking, long distance, truck-load (single shipper)","hybrid":"No","transit_score":0.215,"lead_score":0.537,"tier":3,"dauid":"48112545","ward":"Sspomitapi","bia":"","nearest_stop_dist":744.3,"transit_buffer_score":0.1},"geometry":{"type":"Point","coordinates":[-113.38922,53.49973]}},{"type":"Feature","properties":{"name":"ISLAND INSTALLATION","size":"20-99","address":"3065 64 AVENUE NW","sector":"Construction","naics_desc":"Industrial building and structure construction","hybrid":"No","transit_score":0.215,"lead_score":0.537,"tier":3,"dauid":"48112545","ward":"","bia":"","nearest_stop_dist":871.9,"transit_buffer_score":0},"geometry":{"type":"Point","coordinates":[-113.388864,53.501201]}},{"type":"Feature","properties":{"name":"RECYCLE WEST INC.","size":"20-99","address":"6603 30 STREET NW","sector":"Administrative and support, waste management and remediation services","naics_desc":"Waste collection","hybrid":"No","transit_score":0.215,"lead_score":0.537,"tier":3,"dauid":"48112545","ward":"Sspomitapi","bia":"","nearest_stop_dist":964.7,"transit_buffer_score":0},"geometry":{"type":"Point","coordinates":[-113.385656,53.50372]}},{"type":"Feature","properties":{"name":"GFL ENVIRONMENTAL SERVICES INC.","size":"20-99","address":"6110 27 STREET NW","sector":"Administrative and support, waste management and remediation services","naics_desc":"All other waste management services","hybrid":"No","transit_score":0.215,"lead_score":0.537,"tier":3,"dauid":"48112545","ward":"","bia":"","nearest_stop_dist":994.6,"transit_buffer_score":0},"geometry":{"type":"Point","coordinates":[-113.3832,53.49889]}},{"type":"Feature","properties":{"name":"PATTERSON DENTAL/DENTAIRE","size":"20-99","address":"3110 51 AVENUE NW","sector":"Manufacturing","naics_desc":"Medical equipment and supplies manufacturing","hybrid":"No","transit_score":0.215,"lead_score":0.537,"tier":3,"dauid":"48112545","ward":"","bia":"","nearest_stop_dist":627.4,"transit_buffer_score":0.1},"geometry":{"type":"Point","coordinates":[-113.388041,53.489526]}},{"type":"Feature","properties":{"name":"CORTEX VEGETATION CONTROL","size":"20-99","address":"6400 30 STREET NW","sector":"Administrative and support, waste management and remediation services","naics_desc":"Landscaping services","hybrid":"No","transit_score":0.215,"lead_score":0.537,"tier":3,"dauid":"48112545","ward":"","bia":"","nearest_stop_dist":893.7,"transit_buffer_score":0},"geometry":{"type":"Point","coordinates":[-113.3893,53.5017]}},{"type":"Feature","properties":{"name":"SPORTFACTOR INC","size":"20-99","address":"3250 51 AVENUE NW","sector":"Retail trade","naics_desc":"All other sporting goods retailers","hybrid":"No","transit_score":0.215,"lead_score":0.537,"tier":3,"dauid":"48112545","ward":"","bia":"","nearest_stop_dist":521.4,"transit_buffer_score":0.5},"geometry":{"type":"Point","coordinates":[-113.38977,53.489378]}},{"type":"Feature","properties":{"name":"BSG LOGISTIC LTD.","size":"20-99","address":"6033 30 STREET NW","sector":"Transportation and warehousing","naics_desc":"General freight trucking, long distance, truck-load (single shipper)","hybrid":"No","transit_score":0.215,"lead_score":0.537,"tier":3,"dauid":"48112545","ward":"Sspomitapi","bia":"","nearest_stop_dist":817.8,"transit_buffer_score":0},"geometry":{"type":"Point","coordinates":[-113.386334,53.49795]}},{"type":"Feature","properties":{"name":"GROUPE TOUCHETTE INC.","size":"20-99","address":"6044 20 STREET NW","sector":"Wholesale trade","naics_desc":"Tire merchant wholesalers","hybrid":"No","transit_score":0.215,"lead_score":0.537,"tier":3,"dauid":"48112545","ward":"Sspomitapi","bia":"","nearest_stop_dist":800.9,"transit_buffer_score":0},"geometry":{"type":"Point","coordinates":[-113.380459,53.498276]}},{"type":"Feature","properties":{"name":"GCM CANADA","size":"20-99","address":"3250 51 AVENUE NW","sector":"Manufacturing","naics_desc":"Metal valve manufacturing","hybrid":"No","transit_score":0.215,"lead_score":0.537,"tier":3,"dauid":"48112545","ward":"","bia":"","nearest_stop_dist":462.7,"transit_buffer_score":0.5},"geometry":{"type":"Point","coordinates":[-113.390516,53.489741]}},{"type":"Feature","properties":{"name":"SHAW PIPE PROTECTION LIMITED","size":"20-99","address":"6010 30 STREET NW","sector":"Manufacturing","naics_desc":"Plastic pipe and pipe fitting manufacturing","hybrid":"No","transit_score":0.215,"lead_score":0.537,"tier":3,"dauid":"48112545","ward":"Sspomitapi","bia":"","nearest_stop_dist":580.8,"transit_buffer_score":0.5},"geometry":{"type":"Point","coordinates":[-113.388525,53.493559]}},{"type":"Feature","properties":{"name":"CORTEX VEGETATION CONTROL","size":"20-99","address":"6400 30 STREET NW","sector":"Administrative and support, waste management and remediation services","naics_desc":"Landscaping services","hybrid":"No","transit_score":0.215,"lead_score":0.537,"tier":3,"dauid":"48112545","ward":"Sspomitapi","bia":"","nearest_stop_dist":893.7,"transit_buffer_score":0},"geometry":{"type":"Point","coordinates":[-113.3893,53.5017]}},{"type":"Feature","properties":{"name":"UNIQUE DRYWALL LTD.","size":"20-99","address":"2880 64 AVENUE NW","sector":"Construction","naics_desc":"Drywall and insulation contractors","hybrid":"No","transit_score":0.215,"lead_score":0.537,"tier":3,"dauid":"48112545","ward":"Sspomitapi","bia":"","nearest_stop_dist":1028.1,"transit_buffer_score":0},"geometry":{"type":"Point","coordinates":[-113.386381,53.501687]}},{"type":"Feature","properties":{"name":"THE PICKFORD GROUP LTD","size":"20-99","address":"3250 51 AVENUE NW","sector":"Professional, scientific and technical services","naics_desc":"Other management consulting services","hybrid":"No","transit_score":0.215,"lead_score":0.537,"tier":3,"dauid":"48112545","ward":"","bia":"","nearest_stop_dist":498.6,"transit_buffer_score":0.5},"geometry":{"type":"Point","coordinates":[-113.389999,53.489641]}},{"type":"Feature","properties":{"name":"AVION LOGISTICS","size":"20-99","address":"3203 64 AVENUE NW","sector":"Transportation and warehousing","naics_desc":"General freight trucking, long distance, truck-load (single shipper)","hybrid":"No","transit_score":0.215,"lead_score":0.537,"tier":3,"dauid":"48112545","ward":"","bia":"","nearest_stop_dist":820.6,"transit_buffer_score":0},"geometry":{"type":"Point","coordinates":[-113.390016,53.501199]}},{"type":"Feature","properties":{"name":"PATTERSON DENTAL/DENTAIRE","size":"20-99","address":"3110 51 AVENUE NW","sector":"Manufacturing","naics_desc":"Medical equipment and supplies manufacturing","hybrid":"No","transit_score":0.215,"lead_score":0.537,"tier":3,"dauid":"48112545","ward":"Sspomitapi","bia":"","nearest_stop_dist":627.4,"transit_buffer_score":0.1},"geometry":{"type":"Point","coordinates":[-113.388041,53.489526]}},{"type":"Feature","properties":{"name":"GROUPE TOUCHETTE INC.","size":"20-99","address":"6044 20 STREET NW","sector":"Wholesale trade","naics_desc":"Tire merchant wholesalers","hybrid":"No","transit_score":0.215,"lead_score":0.537,"tier":3,"dauid":"48112545","ward":"","bia":"","nearest_stop_dist":800.9,"transit_buffer_score":0},"geometry":{"type":"Point","coordinates":[-113.380459,53.498276]}},{"type":"Feature","properties":{"name":"RECYCLE WEST INC.","size":"20-99","address":"6603 30 STREET NW","sector":"Administrative and support, waste management and remediation services","naics_desc":"Waste collection","hybrid":"No","transit_score":0.215,"lead_score":0.537,"tier":3,"dauid":"48112545","ward":"","bia":"","nearest_stop_dist":964.7,"transit_buffer_score":0},"geometry":{"type":"Point","coordinates":[-113.385656,53.50372]}},{"type":"Feature","properties":{"name":"ACCESS TOWING","size":"20-99","address":"6210 30 STREET NW","sector":"Transportation and warehousing","naics_desc":"Motor vehicle towing","hybrid":"No","transit_score":0.215,"lead_score":0.537,"tier":3,"dauid":"48112545","ward":"","bia":"","nearest_stop_dist":754.5,"transit_buffer_score":0.1},"geometry":{"type":"Point","coordinates":[-113.388916,53.499646]}},{"type":"Feature","properties":{"name":"ISLAND INSTALLATION","size":"20-99","address":"3065 64 AVENUE NW","sector":"Construction","naics_desc":"Industrial building and structure construction","hybrid":"No","transit_score":0.215,"lead_score":0.537,"tier":3,"dauid":"48112545","ward":"Sspomitapi","bia":"","nearest_stop_dist":871.9,"transit_buffer_score":0},"geometry":{"type":"Point","coordinates":[-113.388864,53.501201]}},{"type":"Feature","properties":{"name":"M.A. STEWART & SONS LTD","size":"20-99","address":"3006 51 AVENUE NW","sector":"Manufacturing","naics_desc":"Metal valve manufacturing","hybrid":"No","transit_score":0.215,"lead_score":0.537,"tier":3,"dauid":"48112545","ward":"","bia":"","nearest_stop_dist":759.1,"transit_buffer_score":0.1},"geometry":{"type":"Point","coordinates":[-113.386566,53.488359]}},{"type":"Feature","properties":{"name":"ALBERTA ASPHALT ENTERPRISES INC","size":"20-99","address":"6450 27 STREET NW","sector":"Construction","naics_desc":"Highway, street and bridge construction","hybrid":"No","transit_score":0.215,"lead_score":0.537,"tier":3,"dauid":"48112545","ward":"Sspomitapi","bia":"","nearest_stop_dist":989,"transit_buffer_score":0},"geometry":{"type":"Point","coordinates":[-113.38422,53.501991]}},{"type":"Feature","properties":{"name":"FABAL FABRICATION LTD","size":"20-99","address":"6030 30 STREET NW","sector":"Manufacturing","naics_desc":"Other plate work and fabricated structural product manufacturing","hybrid":"No","transit_score":0.215,"lead_score":0.537,"tier":3,"dauid":"48112545","ward":"","bia":"","nearest_stop_dist":642,"transit_buffer_score":0.1},"geometry":{"type":"Point","coordinates":[-113.3893,53.49809]}},{"type":"Feature","properties":{"name":"EAST CHINA IMMIGRANTS SOCIETY OF EDMONTON","size":"20-99","address":"9333 45 AVENUE NW","sector":"Other services (except public administration)","naics_desc":"Civic and social organizations","hybrid":"No","transit_score":0.215,"lead_score":0.537,"tier":3,"dauid":"48110733","ward":"Karhiio","bia":"","nearest_stop_dist":443.7,"transit_buffer_score":0.5},"geometry":{"type":"Point","coordinates":[-113.4701,53.48405]}},{"type":"Feature","properties":{"name":"ALBERTA ASPHALT ENTERPRISES INC","size":"20-99","address":"6450 27 STREET NW","sector":"Construction","naics_desc":"Highway, street and bridge construction","hybrid":"No","transit_score":0.215,"lead_score":0.537,"tier":3,"dauid":"48112545","ward":"","bia":"","nearest_stop_dist":989,"transit_buffer_score":0},"geometry":{"type":"Point","coordinates":[-113.38422,53.501991]}},{"type":"Feature","properties":{"name":"BSG LOGISTIC LTD.","size":"20-99","address":"6033 30 STREET NW","sector":"Transportation and warehousing","naics_desc":"General freight trucking, long distance, truck-load (single shipper)","hybrid":"No","transit_score":0.215,"lead_score":0.537,"tier":3,"dauid":"48112545","ward":"","bia":"","nearest_stop_dist":817.8,"transit_buffer_score":0},"geometry":{"type":"Point","coordinates":[-113.386334,53.49795]}},{"type":"Feature","properties":{"name":"SHIAWASE RAMEN","size":"20-99","address":"623 CAMERON HEIGHTS DRIVE NW","sector":"Accommodation and food services","naics_desc":"Full-service restaurants","hybrid":"No","transit_score":0.21,"lead_score":0.525,"tier":3,"dauid":"48112689","ward":"sipiwiyiniwak","bia":"","nearest_stop_dist":1834.9,"transit_buffer_score":0},"geometry":{"type":"Point","coordinates":[-113.631259,53.470245]}},{"type":"Feature","properties":{"name":"HAYLOFT STEAK + FISH","size":"20-99","address":"639 CAMERON HEIGHTS DRIVE NW","sector":"Accommodation and food services","naics_desc":"Full-service restaurants","hybrid":"No","transit_score":0.21,"lead_score":0.525,"tier":3,"dauid":"48112689","ward":"sipiwiyiniwak","bia":"","nearest_stop_dist":1783.7,"transit_buffer_score":0},"geometry":{"type":"Point","coordinates":[-113.631463,53.470707]}},{"type":"Feature","properties":{"name":"EPCOR WATER SERVICES INC","size":"20-99","address":"3900 EL SMITH ROAD NW","sector":"Construction","naics_desc":"Water and sewer line and related structures construction","hybrid":"No","transit_score":0.21,"lead_score":0.525,"tier":3,"dauid":"48112689","ward":"sipiwiyiniwak","bia":"","nearest_stop_dist":1185.4,"transit_buffer_score":0},"geometry":{"type":"Point","coordinates":[-113.61749,53.472647]}},{"type":"Feature","properties":{"name":"WOODSHED BURGERS","size":"20-99","address":"637 CAMERON HEIGHTS DRIVE NW","sector":"Accommodation and food services","naics_desc":"Full-service restaurants","hybrid":"No","transit_score":0.21,"lead_score":0.525,"tier":3,"dauid":"48112689","ward":"sipiwiyiniwak","bia":"","nearest_stop_dist":1789.5,"transit_buffer_score":0},"geometry":{"type":"Point","coordinates":[-113.631399,53.470669]}},{"type":"Feature","properties":{"name":"LI'L EINSTEIN'S INC","size":"20-99","address":"2009 CAMERON RAVINE WAY NW","sector":"Educational services","naics_desc":"Elementary and secondary schools","hybrid":"No","transit_score":0.21,"lead_score":0.525,"tier":3,"dauid":"48112689","ward":"","bia":"","nearest_stop_dist":1850.5,"transit_buffer_score":0},"geometry":{"type":"Point","coordinates":[-113.630475,53.470359]}},{"type":"Feature","properties":{"name":"WOODSHED BURGERS","size":"20-99","address":"637 CAMERON HEIGHTS DRIVE NW","sector":"Accommodation and food services","naics_desc":"Full-service restaurants","hybrid":"No","transit_score":0.21,"lead_score":0.525,"tier":3,"dauid":"48112689","ward":"","bia":"","nearest_stop_dist":1785.6,"transit_buffer_score":0},"geometry":{"type":"Point","coordinates":[-113.631308,53.470741]}},{"type":"Feature","properties":{"name":"LI'L EINSTEIN'S INC","size":"20-99","address":"2009 CAMERON RAVINE WAY NW","sector":"Educational services","naics_desc":"Elementary and secondary schools","hybrid":"No","transit_score":0.21,"lead_score":0.525,"tier":3,"dauid":"48112689","ward":"sipiwiyiniwak","bia":"","nearest_stop_dist":1850.5,"transit_buffer_score":0},"geometry":{"type":"Point","coordinates":[-113.630475,53.470359]}},{"type":"Feature","properties":{"name":"THE MASTER GROUP","size":"20-99","address":"11418 120 STREET NW","sector":"Wholesale trade","naics_desc":"Plumbing, heating and air-conditioning equipment and supplies merchant wholesalers","hybrid":"Yes","transit_score":0.297,"lead_score":0.52,"tier":3,"dauid":"48110229","ward":"","bia":"Kingsway","nearest_stop_dist":437.9,"transit_buffer_score":0.5},"geometry":{"type":"Point","coordinates":[-113.530105,53.565135]}},{"type":"Feature","properties":{"name":"SECURE - EDMONTON FO, WASTE TRANSFER & SLUDGE FACILITY","size":"20-99","address":"12311 17 STREET NE","sector":"Administrative and support, waste management and remediation services","naics_desc":"Waste collection","hybrid":"Yes","transit_score":0.297,"lead_score":0.52,"tier":3,"dauid":"48112493","ward":"Dene","bia":"","nearest_stop_dist":1702.3,"transit_buffer_score":0},"geometry":{"type":"Point","coordinates":[-113.317512,53.580948]}},{"type":"Feature","properties":{"name":"HELIOS MECHANICAL SERVICES LTD.","size":"20-99","address":"3653 73 AVENUE NW","sector":"Construction","naics_desc":"Plumbing, heating and air-conditioning contractors","hybrid":"Yes","transit_score":0.289,"lead_score":0.506,"tier":3,"dauid":"48112107","ward":"Métis","bia":"","nearest_stop_dist":508.6,"transit_buffer_score":0.5},"geometry":{"type":"Point","coordinates":[-113.3985,53.50785]}},{"type":"Feature","properties":{"name":"DEMIR ENGINEERING","size":"20-99","address":"7324 36 STREET NW","sector":"Professional, scientific and technical services","naics_desc":"Engineering services","hybrid":"Yes","transit_score":0.289,"lead_score":0.506,"tier":3,"dauid":"48112107","ward":"Métis","bia":"","nearest_stop_dist":430.5,"transit_buffer_score":0.5},"geometry":{"type":"Point","coordinates":[-113.3979,53.50889]}},{"type":"Feature","properties":{"name":"GFL EDMONTON - LIQUID WASTE","size":"20-99","address":"4208 84 AVENUE NW","sector":"Administrative and support, waste management and remediation services","naics_desc":"Waste treatment and disposal","hybrid":"Yes","transit_score":0.289,"lead_score":0.506,"tier":3,"dauid":"48112107","ward":"Métis","bia":"","nearest_stop_dist":771.7,"transit_buffer_score":0.1},"geometry":{"type":"Point","coordinates":[-113.4073,53.51992]}},{"type":"Feature","properties":{"name":"RIDE MOTOR COMPANY LTD.","size":"20-99","address":"4030 78 AVENUE NW","sector":"Retail trade","naics_desc":"Motorcycle, boat and other motor vehicle dealers","hybrid":"Yes","transit_score":0.289,"lead_score":0.506,"tier":3,"dauid":"48112107","ward":"Métis","bia":"","nearest_stop_dist":417.2,"transit_buffer_score":0.5},"geometry":{"type":"Point","coordinates":[-113.402509,53.516201]}},{"type":"Feature","properties":{"name":"BOB DALE GLOVES & IMPORTS LTD","size":"20-99","address":"4504 82 AVENUE NW","sector":"Wholesale trade","naics_desc":"Professional machinery, equipment and supplies merchant wholesalers","hybrid":"Yes","transit_score":0.289,"lead_score":0.506,"tier":3,"dauid":"48112107","ward":"","bia":"","nearest_stop_dist":605.8,"transit_buffer_score":0.1},"geometry":{"type":"Point","coordinates":[-113.411,53.51886]}},{"type":"Feature","properties":{"name":"CRATEX INDUSTRIES (1989) LTD","size":"20-99","address":"4735 82 AVENUE NW","sector":"Transportation and warehousing","naics_desc":"Other freight transportation arrangement","hybrid":"Yes","transit_score":0.289,"lead_score":0.506,"tier":3,"dauid":"48112107","ward":"Métis","bia":"","nearest_stop_dist":455.2,"transit_buffer_score":0.5},"geometry":{"type":"Point","coordinates":[-113.4146,53.51657]}},{"type":"Feature","properties":{"name":"HOTEL SELKIRK","size":"20-99","address":"7000 143 STREET NW","sector":"Accommodation and food services","naics_desc":"Hotels","hybrid":"No","transit_score":0.202,"lead_score":0.505,"tier":3,"dauid":"48111045","ward":"pihêsiwin","bia":"","nearest_stop_dist":467.8,"transit_buffer_score":0.5},"geometry":{"type":"Point","coordinates":[-113.579846,53.502935]}},{"type":"Feature","properties":{"name":"CSA GROUP","size":"20-99","address":"1707 94 STREET NW","sector":"Professional, scientific and technical services","naics_desc":"Testing laboratories","hybrid":"No","transit_score":0.201,"lead_score":0.503,"tier":3,"dauid":"48112170","ward":"Karhiio","bia":"","nearest_stop_dist":440.7,"transit_buffer_score":0.5},"geometry":{"type":"Point","coordinates":[-113.468674,53.448007]}},{"type":"Feature","properties":{"name":"QUANTIAM TECHNOLOGIES INC","size":"20-99","address":"1651 94 STREET NW","sector":"Wholesale trade","naics_desc":"Mining and oil and gas well machinery, equipment and supplies merchant wholesalers","hybrid":"No","transit_score":0.201,"lead_score":0.503,"tier":3,"dauid":"48112170","ward":"Karhiio","bia":"","nearest_stop_dist":455.6,"transit_buffer_score":0.5},"geometry":{"type":"Point","coordinates":[-113.4687,53.44723]}},{"type":"Feature","properties":{"name":"ENERGY SAVING PRODUCTS LTD","size":"20-99","address":"12615 124 STREET NW","sector":"Manufacturing","naics_desc":"Heating equipment and commercial refrigeration equipment manufacturing","hybrid":"Yes","transit_score":0.287,"lead_score":0.502,"tier":3,"dauid":"48110242","ward":"Anirniq","bia":"","nearest_stop_dist":457.7,"transit_buffer_score":0.5},"geometry":{"type":"Point","coordinates":[-113.5354,53.58308]}},{"type":"Feature","properties":{"name":"WESTMAN STEEL BEHLEN-WESTMAN INDUSTRIES","size":"20-99","address":"20130 107 AVENUE NW","sector":"Manufacturing","naics_desc":"Iron and steel pipes and tubes manufacturing from purchased steel","hybrid":"No","transit_score":0.2,"lead_score":0.5,"tier":3,"dauid":"48112726","ward":"Nakota Isga","bia":"","nearest_stop_dist":1271.7,"transit_buffer_score":0},"geometry":{"type":"Point","coordinates":[-113.669707,53.551724]}},{"type":"Feature","properties":{"name":"HARMINDER TRANSPORT LTD.","size":"20-99","address":"6604 51 AVENUE NW","sector":"Transportation and warehousing","naics_desc":"General freight trucking, local","hybrid":"No","transit_score":0.2,"lead_score":0.5,"tier":3,"dauid":"48110700","ward":"","bia":"","nearest_stop_dist":695.7,"transit_buffer_score":0.1},"geometry":{"type":"Point","coordinates":[-113.430138,53.488444]}},{"type":"Feature","properties":{"name":"BELL ROOFING (1989) LTD","size":"20-99","address":"11230 228 STREET NW","sector":"Construction","naics_desc":"Roofing contractors","hybrid":"No","transit_score":0.2,"lead_score":0.5,"tier":3,"dauid":"48112727","ward":"Nakota Isga","bia":"","nearest_stop_dist":1117.4,"transit_buffer_score":0},"geometry":{"type":"Point","coordinates":[-113.7095,53.56125]}},{"type":"Feature","properties":{"name":"FIRST TRUCKING LTD","size":"20-99","address":"6604 51 AVENUE NW","sector":"Transportation and warehousing","naics_desc":"General freight trucking, long distance, truck-load (single shipper)","hybrid":"No","transit_score":0.2,"lead_score":0.5,"tier":3,"dauid":"48110700","ward":"Karhiio","bia":"","nearest_stop_dist":601.7,"transit_buffer_score":0.1},"geometry":{"type":"Point","coordinates":[-113.429421,53.489288]}},{"type":"Feature","properties":{"name":"HABBERJAM AT HOME","size":"20-99","address":"20531 111 AVENUE NW","sector":"Construction","naics_desc":"Plumbing, heating and air-conditioning contractors","hybrid":"No","transit_score":0.2,"lead_score":0.5,"tier":3,"dauid":"48112726","ward":"Nakota Isga","bia":"","nearest_stop_dist":1120.2,"transit_buffer_score":0},"geometry":{"type":"Point","coordinates":[-113.675524,53.558292]}},{"type":"Feature","properties":{"name":"RABBIT HILL SNOW RESORT","size":"20-99","address":"20715 57 AVENUE SW","sector":"Arts, entertainment and recreation","naics_desc":"Skiing facilities","hybrid":"No","transit_score":0.2,"lead_score":0.5,"tier":3,"dauid":"48112451","ward":"pihêsiwin","bia":"","nearest_stop_dist":null,"transit_buffer_score":0},"geometry":{"type":"Point","coordinates":[-113.672931,53.381272]}},{"type":"Feature","properties":{"name":"SURE-FORM CONTRACTING LTD.","size":"20-99","address":"2903 121 AVENUE NE","sector":"Construction","naics_desc":"Poured concrete foundation and structure contractors","hybrid":"No","transit_score":0.2,"lead_score":0.5,"tier":3,"dauid":"48112783","ward":"Dene","bia":"","nearest_stop_dist":1179.1,"transit_buffer_score":0},"geometry":{"type":"Point","coordinates":[-113.299853,53.576109]}},{"type":"Feature","properties":{"name":"MASTER PAVING","size":"20-99","address":"22943 110 AVENUE NW","sector":"Construction","naics_desc":"Poured concrete foundation and structure contractors","hybrid":"No","transit_score":0.2,"lead_score":0.5,"tier":3,"dauid":"48112727","ward":"Nakota Isga","bia":"","nearest_stop_dist":794.5,"transit_buffer_score":0.1},"geometry":{"type":"Point","coordinates":[-113.711742,53.556483]}},{"type":"Feature","properties":{"name":"A&W","size":"20-99","address":"22903 97 AVENUE NW","sector":"Accommodation and food services","naics_desc":"Limited-service eating places","hybrid":"No","transit_score":0.2,"lead_score":0.5,"tier":3,"dauid":"48112731","ward":"Nakota Isga","bia":"","nearest_stop_dist":426.6,"transit_buffer_score":0.5},"geometry":{"type":"Point","coordinates":[-113.712148,53.536736]}},{"type":"Feature","properties":{"name":"FOUR ELEMENTS ELECTRIC LTD.","size":"20-99","address":"10720 209 STREET NW","sector":"Construction","naics_desc":"Electrical contractors and other wiring installation contractors","hybrid":"No","transit_score":0.2,"lead_score":0.5,"tier":3,"dauid":"48112726","ward":"Nakota Isga","bia":"","nearest_stop_dist":567,"transit_buffer_score":0.5},"geometry":{"type":"Point","coordinates":[-113.68047,53.55294]}},{"type":"Feature","properties":{"name":"AURUM TRUCK & TRAILER LTD.","size":"20-99","address":"2815 AURUM ROAD NE","sector":"Transportation and warehousing","naics_desc":"General freight trucking, long distance, truck-load (single shipper)","hybrid":"No","transit_score":0.2,"lead_score":0.5,"tier":3,"dauid":"48112502","ward":"Dene","bia":"","nearest_stop_dist":null,"transit_buffer_score":0},"geometry":{"type":"Point","coordinates":[-113.3003,53.59656]}},{"type":"Feature","properties":{"name":"MOTO-WEST DISTRIBUTING LTD","size":"20-99","address":"20432 107 AVENUE NW","sector":"Manufacturing","naics_desc":"Other motor vehicle parts manufacturing","hybrid":"No","transit_score":0.2,"lead_score":0.5,"tier":3,"dauid":"48112726","ward":"Nakota Isga","bia":"","nearest_stop_dist":1044.6,"transit_buffer_score":0},"geometry":{"type":"Point","coordinates":[-113.673164,53.551533]}},{"type":"Feature","properties":{"name":"CAPITAL TRAILERS","size":"20-99","address":"2410 YELLOWHEAD TRAIL NE","sector":"Real estate and rental and leasing","naics_desc":"Truck, utility trailer and recreational vehicle (RV) rental and leasing","hybrid":"No","transit_score":0.2,"lead_score":0.5,"tier":3,"dauid":"48112785","ward":"Dene","bia":"","nearest_stop_dist":782.8,"transit_buffer_score":0.1},"geometry":{"type":"Point","coordinates":[-113.309651,53.571428]}},{"type":"Feature","properties":{"name":"CONCRETE INC","size":"20-99","address":"11240 199 STREET NW","sector":"Manufacturing","naics_desc":"Other concrete product manufacturing","hybrid":"No","transit_score":0.2,"lead_score":0.5,"tier":3,"dauid":"48112726","ward":"Nakota Isga","bia":"","nearest_stop_dist":1356.2,"transit_buffer_score":0},"geometry":{"type":"Point","coordinates":[-113.664634,53.561263]}},{"type":"Feature","properties":{"name":"PACIFIC BLASTING & DEMOLITION LTD.","size":"20-99","address":"21010 108 AVENUE NW","sector":"Construction","naics_desc":"Site preparation contractors","hybrid":"No","transit_score":0.2,"lead_score":0.5,"tier":3,"dauid":"48112726","ward":"Nakota Isga","bia":"","nearest_stop_dist":520.2,"transit_buffer_score":0.5},"geometry":{"type":"Point","coordinates":[-113.6818,53.5541]}},{"type":"Feature","properties":{"name":"CLM STEEL ROOFING","size":"20-99","address":"20412 118A AVENUE NW","sector":"Construction","naics_desc":"Roofing contractors","hybrid":"No","transit_score":0.2,"lead_score":0.5,"tier":3,"dauid":"48112726","ward":"Nakota Isga","bia":"","nearest_stop_dist":1131.9,"transit_buffer_score":0},"geometry":{"type":"Point","coordinates":[-113.67323,53.570881]}},{"type":"Feature","properties":{"name":"CLEAN HARBORS","size":"20-99","address":"2130 121 AVENUE NE","sector":"Administrative and support, waste management and remediation services","naics_desc":"Janitorial services (except window cleaning)","hybrid":"No","transit_score":0.2,"lead_score":0.5,"tier":3,"dauid":"48112783","ward":"Dene","bia":"","nearest_stop_dist":1125.6,"transit_buffer_score":0},"geometry":{"type":"Point","coordinates":[-113.312753,53.575501]}},{"type":"Feature","properties":{"name":"BHULLAR TRUCKING","size":"20-99","address":"20504 111 AVENUE NW","sector":"Transportation and warehousing","naics_desc":"General freight trucking, local","hybrid":"No","transit_score":0.2,"lead_score":0.5,"tier":3,"dauid":"48112726","ward":"Nakota Isga","bia":"","nearest_stop_dist":1197.8,"transit_buffer_score":0},"geometry":{"type":"Point","coordinates":[-113.674751,53.55893]}},{"type":"Feature","properties":{"name":"FAMOUS TOYS HALLOWEEN ALLEY AND MASSIVE TOY BLOWOUT","size":"20-99","address":"2403 91 STREET SW","sector":"Retail trade","naics_desc":"Gift, novelty and souvenir retailers","hybrid":"No","transit_score":0.2,"lead_score":0.5,"tier":3,"dauid":"48112585","ward":"Karhiio","bia":"","nearest_stop_dist":438.2,"transit_buffer_score":0.5},"geometry":{"type":"Point","coordinates":[-113.482102,53.411483]}},{"type":"Feature","properties":{"name":"THOR TIRE DISTRIBUTORS","size":"20-99","address":"7022 51 AVENUE NW","sector":"Wholesale trade","naics_desc":"Tire merchant wholesalers","hybrid":"No","transit_score":0.2,"lead_score":0.5,"tier":3,"dauid":"48110700","ward":"Karhiio","bia":"","nearest_stop_dist":503,"transit_buffer_score":0.5},"geometry":{"type":"Point","coordinates":[-113.434903,53.488703]}},{"type":"Feature","properties":{"name":"BROTHERS CONCRETE FOUNDATIONS","size":"20-99","address":"21115 108 AVENUE NW","sector":"Construction","naics_desc":"Poured concrete foundation and structure contractors","hybrid":"No","transit_score":0.2,"lead_score":0.5,"tier":3,"dauid":"48112726","ward":"Nakota Isga","bia":"","nearest_stop_dist":409.5,"transit_buffer_score":0.5},"geometry":{"type":"Point","coordinates":[-113.682892,53.55293]}},{"type":"Feature","properties":{"name":"EDMONTON FIRE RESCUE STATION 51 POUNDMAKER","size":"20-99","address":"18711 106A AVENUE NW","sector":"Public administration","naics_desc":"Municipal fire-fighting services","hybrid":"No","transit_score":0.2,"lead_score":0.5,"tier":3,"dauid":"48111161","ward":"Nakota Isga","bia":"","nearest_stop_dist":573.1,"transit_buffer_score":0.5},"geometry":{"type":"Point","coordinates":[-113.648195,53.551435]}},{"type":"Feature","properties":{"name":"TREMCAR WEST INC.","size":"20-99","address":"1750 AURUM ROAD NE","sector":"Wholesale trade","naics_desc":"Industrial machinery, equipment and supplies merchant wholesalers","hybrid":"No","transit_score":0.2,"lead_score":0.5,"tier":3,"dauid":"48112502","ward":"Dene","bia":"","nearest_stop_dist":null,"transit_buffer_score":0},"geometry":{"type":"Point","coordinates":[-113.3172,53.59029]}},{"type":"Feature","properties":{"name":"WOODVALE COMMUNITY LEAGUE","size":"20-99","address":"4540 50 STREET NW","sector":"Other services (except public administration)","naics_desc":"Civic and social organizations","hybrid":"No","transit_score":0.2,"lead_score":0.5,"tier":3,"dauid":"48110700","ward":"Karhiio","bia":"","nearest_stop_dist":494.9,"transit_buffer_score":0.5},"geometry":{"type":"Point","coordinates":[-113.429706,53.482194]}},{"type":"Feature","properties":{"name":"FRIESEN'S CLIMATE CONTROL","size":"20-99","address":"10812 181 STREET NW","sector":"Construction","naics_desc":"Plumbing, heating and air-conditioning contractors","hybrid":"No","transit_score":0.2,"lead_score":0.5,"tier":3,"dauid":"48111161","ward":"Nakota Isga","bia":"","nearest_stop_dist":404.3,"transit_buffer_score":0.5},"geometry":{"type":"Point","coordinates":[-113.634137,53.555281]}},{"type":"Feature","properties":{"name":"CFP INDUSTRIES INC","size":"20-99","address":"13040 25 STREET NE","sector":"Wholesale trade","naics_desc":"Metal service centres","hybrid":"No","transit_score":0.2,"lead_score":0.5,"tier":3,"dauid":"48112783","ward":"Dene","bia":"","nearest_stop_dist":1145.7,"transit_buffer_score":0},"geometry":{"type":"Point","coordinates":[-113.299,53.57611]}},{"type":"Feature","properties":{"name":"ALLIANCE EQUIPMENT LTD","size":"20-99","address":"22050 STONY PLAIN ROAD NW","sector":"Wholesale trade","naics_desc":"Industrial machinery, equipment and supplies merchant wholesalers","hybrid":"No","transit_score":0.2,"lead_score":0.5,"tier":3,"dauid":"48112731","ward":"Nakota Isga","bia":"","nearest_stop_dist":665.9,"transit_buffer_score":0.1},"geometry":{"type":"Point","coordinates":[-113.6983,53.54237]}},{"type":"Feature","properties":{"name":"SHAN CONSTRUCTION SERVICES LTD.","size":"20-99","address":"6804 51 AVENUE NW","sector":"Construction","naics_desc":"Commercial and institutional building construction","hybrid":"No","transit_score":0.2,"lead_score":0.5,"tier":3,"dauid":"48110700","ward":"Karhiio","bia":"","nearest_stop_dist":680.8,"transit_buffer_score":0.1},"geometry":{"type":"Point","coordinates":[-113.43217,53.488292]}},{"type":"Feature","properties":{"name":"CITY OF EDMONTON","size":"5-9","address":"6 RUNDLE PARK ROAD NW","sector":"Public administration","naics_desc":"Other local, municipal and regional public administration","hybrid":"No","transit_score":1,"lead_score":0.5,"tier":3,"dauid":"48110792","ward":"Métis","bia":"","nearest_stop_dist":514.3,"transit_buffer_score":0.5},"geometry":{"type":"Point","coordinates":[-113.394748,53.555095]}},{"type":"Feature","properties":{"name":"OUR HOUSE ADDICTION RECOVERY CENTRE","size":"20-99","address":"22210 STONY PLAIN ROAD NW","sector":"Health care and social assistance","naics_desc":"Out-patient mental health and substance use centres","hybrid":"No","transit_score":0.2,"lead_score":0.5,"tier":3,"dauid":"48112731","ward":"Nakota Isga","bia":"","nearest_stop_dist":635.1,"transit_buffer_score":0.1},"geometry":{"type":"Point","coordinates":[-113.700726,53.542368]}},{"type":"Feature","properties":{"name":"THE ROSEDALE GROUP","size":"20-99","address":"11560 186 STREET NW","sector":"Transportation and warehousing","naics_desc":"General freight trucking, long distance, truck-load (single shipper)","hybrid":"No","transit_score":0.2,"lead_score":0.5,"tier":3,"dauid":"48111161","ward":"","bia":"Northwest Industrial","nearest_stop_dist":499,"transit_buffer_score":0.5},"geometry":{"type":"Point","coordinates":[-113.651482,53.566916]}},{"type":"Feature","properties":{"name":"RIVERBEND GARDENS","size":"20-99","address":"3830 195 AVENUE NE","sector":"Agriculture, forestry, fishing and hunting","naics_desc":"Other vegetable (except potato) and melon farming","hybrid":"No","transit_score":0.2,"lead_score":0.5,"tier":3,"dauid":"48112460","ward":"Dene","bia":"","nearest_stop_dist":2516.6,"transit_buffer_score":0},"geometry":{"type":"Point","coordinates":[-113.2896,53.66166]}},{"type":"Feature","properties":{"name":"WELLS CONSTRUCTION","size":"20-99","address":"22131 112 AVENUE NW","sector":"Construction","naics_desc":"Residential building construction","hybrid":"No","transit_score":0.2,"lead_score":0.5,"tier":3,"dauid":"48112232","ward":"Nakota Isga","bia":"","nearest_stop_dist":647.6,"transit_buffer_score":0.1},"geometry":{"type":"Point","coordinates":[-113.698256,53.558372]}},{"type":"Feature","properties":{"name":"ALL STEEL CRAFT FABRICATORS LTD","size":"20-99","address":"2830 121 AVENUE NW NE","sector":"Manufacturing","naics_desc":"Prefabricated metal building and component manufacturing","hybrid":"No","transit_score":0.2,"lead_score":0.5,"tier":3,"dauid":"48112783","ward":"Dene","bia":"","nearest_stop_dist":1318.9,"transit_buffer_score":0},"geometry":{"type":"Point","coordinates":[-113.3008,53.57726]}},{"type":"Feature","properties":{"name":"THIRSTY CAMEL PUBHOUSE KITCHEN","size":"20-99","address":"9080 25 AVENUE SW","sector":"Accommodation and food services","naics_desc":"Full-service restaurants","hybrid":"No","transit_score":0.2,"lead_score":0.5,"tier":3,"dauid":"48112585","ward":"Karhiio","bia":"","nearest_stop_dist":489.7,"transit_buffer_score":0.5},"geometry":{"type":"Point","coordinates":[-113.481584,53.410747]}},{"type":"Feature","properties":{"name":"APPS CARGO TERMINALS INC","size":"20-99","address":"10918 186 STREET NW","sector":"Transportation and warehousing","naics_desc":"Other warehousing and storage","hybrid":"No","transit_score":0.2,"lead_score":0.5,"tier":3,"dauid":"48112691","ward":"sipiwiyiniwak","bia":"","nearest_stop_dist":1397.7,"transit_buffer_score":0},"geometry":{"type":"Point","coordinates":[-113.643468,53.450879]}},{"type":"Feature","properties":{"name":"ULTRA-TRAXX INC.","size":"20-99","address":"11941 28 STREET NE","sector":"Construction","naics_desc":"Other heavy and civil engineering construction","hybrid":"No","transit_score":0.2,"lead_score":0.5,"tier":3,"dauid":"48112783","ward":"Dene","bia":"","nearest_stop_dist":1015.3,"transit_buffer_score":0},"geometry":{"type":"Point","coordinates":[-113.3016,53.57313]}},{"type":"Feature","properties":{"name":"RAVEN CREST GOLF & COUNTRY CLUB","size":"20-99","address":"251 153 AVENUE NW","sector":"Arts, entertainment and recreation","naics_desc":"Golf courses and country clubs","hybrid":"No","transit_score":0.2,"lead_score":0.5,"tier":3,"dauid":"48112502","ward":"Dene","bia":"","nearest_stop_dist":1844.9,"transit_buffer_score":0},"geometry":{"type":"Point","coordinates":[-113.3379,53.61083]}},{"type":"Feature","properties":{"name":"CITY OF EDMONTON- ENGINEERING SERVICES BUILDING","size":"20-99","address":"11004 190 STREET NW","sector":"Public administration","naics_desc":"Other local, municipal and regional public administration","hybrid":"No","transit_score":0.2,"lead_score":0.5,"tier":3,"dauid":"48111161","ward":"","bia":"Northwest Industrial","nearest_stop_dist":565.8,"transit_buffer_score":0.5},"geometry":{"type":"Point","coordinates":[-113.650803,53.556615]}},{"type":"Feature","properties":{"name":"INSULATION POLICE LTD","size":"20-99","address":"20129 107 AVENUE NW","sector":"Construction","naics_desc":"Drywall and insulation contractors","hybrid":"No","transit_score":0.2,"lead_score":0.5,"tier":3,"dauid":"48112728","ward":"Nakota Isga","bia":"","nearest_stop_dist":1232.4,"transit_buffer_score":0},"geometry":{"type":"Point","coordinates":[-113.67044,53.550729]}},{"type":"Feature","properties":{"name":"PORTSIDE","size":"20-99","address":"11560 186 STREET NW","sector":"Transportation and warehousing","naics_desc":"General warehousing and storage","hybrid":"No","transit_score":0.2,"lead_score":0.5,"tier":3,"dauid":"48111161","ward":"Nakota Isga","bia":"Northwest Industrial","nearest_stop_dist":426.5,"transit_buffer_score":0.5},"geometry":{"type":"Point","coordinates":[-113.650771,53.565824]}},{"type":"Feature","properties":{"name":"TYDEN DIRTWORX INC.","size":"20-99","address":"22440 112 AVENUE NW","sector":"Construction","naics_desc":"Water and sewer line and related structures construction","hybrid":"No","transit_score":0.2,"lead_score":0.5,"tier":3,"dauid":"48112727","ward":"Nakota Isga","bia":"","nearest_stop_dist":920.6,"transit_buffer_score":0},"geometry":{"type":"Point","coordinates":[-113.704109,53.560407]}},{"type":"Feature","properties":{"name":"ALBERTA CUSTOM PIPE BENDING & MFG (2010) LTD.","size":"20-99","address":"12031 32 STREET NE","sector":"Manufacturing","naics_desc":"All other miscellaneous fabricated metal product manufacturing","hybrid":"No","transit_score":0.2,"lead_score":0.5,"tier":3,"dauid":"48112783","ward":"Dene","bia":"","nearest_stop_dist":882.8,"transit_buffer_score":0},"geometry":{"type":"Point","coordinates":[-113.2967,53.57418]}},{"type":"Feature","properties":{"name":"NATURAL RESOURCE RECOVERY GROUP INC","size":"20-99","address":"22504 113 AVENUE NW","sector":"Transportation and warehousing","naics_desc":"General freight trucking, long distance, truck-load (single shipper)","hybrid":"No","transit_score":0.2,"lead_score":0.5,"tier":3,"dauid":"48112727","ward":"Nakota Isga","bia":"","nearest_stop_dist":1103.6,"transit_buffer_score":0},"geometry":{"type":"Point","coordinates":[-113.705,53.56236]}},{"type":"Feature","properties":{"name":"SHANDRO CONSTRUCTION (1987) LTD","size":"20-99","address":"11210 199 STREET NW","sector":"Construction","naics_desc":"Poured concrete foundation and structure contractors","hybrid":"No","transit_score":0.2,"lead_score":0.5,"tier":3,"dauid":"48112726","ward":"Nakota Isga","bia":"","nearest_stop_dist":1440.8,"transit_buffer_score":0},"geometry":{"type":"Point","coordinates":[-113.665778,53.560264]}},{"type":"Feature","properties":{"name":"TRUCK PARKING LTD","size":"20-99","address":"6604 51 AVENUE NW","sector":"Other services (except public administration)","naics_desc":"Parking lots and garages","hybrid":"No","transit_score":0.2,"lead_score":0.5,"tier":3,"dauid":"48110700","ward":"","bia":"","nearest_stop_dist":708.2,"transit_buffer_score":0.1},"geometry":{"type":"Point","coordinates":[-113.430041,53.488329]}},{"type":"Feature","properties":{"name":"PIGFORD WELDING LTD","size":"20-99","address":"20109 107 AVENUE NW","sector":"Manufacturing","naics_desc":"Other plate work and fabricated structural product manufacturing","hybrid":"No","transit_score":0.2,"lead_score":0.5,"tier":3,"dauid":"48112728","ward":"Nakota Isga","bia":"","nearest_stop_dist":1305.9,"transit_buffer_score":0},"geometry":{"type":"Point","coordinates":[-113.669348,53.550593]}},{"type":"Feature","properties":{"name":"THE SPINDLE FACTORY","size":"20-99","address":"11319 199 STREET NW","sector":"Manufacturing","naics_desc":"Other millwork","hybrid":"No","transit_score":0.2,"lead_score":0.5,"tier":3,"dauid":"48112726","ward":"Nakota Isga","bia":"","nearest_stop_dist":1267.6,"transit_buffer_score":0},"geometry":{"type":"Point","coordinates":[-113.6634,53.561731]}},{"type":"Feature","properties":{"name":"ACTIVE WAREHOUSING INC.","size":"20-99","address":"11208 189 STREET NW","sector":"Transportation and warehousing","naics_desc":"General warehousing and storage","hybrid":"No","transit_score":0.2,"lead_score":0.5,"tier":3,"dauid":"48111161","ward":"Nakota Isga","bia":"Northwest Industrial","nearest_stop_dist":413.4,"transit_buffer_score":0.5},"geometry":{"type":"Point","coordinates":[-113.6502,53.56013]}},{"type":"Feature","properties":{"name":"CLAYS INDUSTRIAL SUPPLY LTD","size":"20-99","address":"6670 53 AVENUE NW","sector":"Wholesale trade","naics_desc":"Mining and oil and gas well machinery, equipment and supplies merchant wholesalers","hybrid":"No","transit_score":0.2,"lead_score":0.5,"tier":3,"dauid":"48110700","ward":"Karhiio","bia":"","nearest_stop_dist":467.8,"transit_buffer_score":0.5},"geometry":{"type":"Point","coordinates":[-113.426218,53.491051]}},{"type":"Feature","properties":{"name":"COSTCO WHOLESALE CANADA LTD.","size":"20-99","address":"10310 186 STREET NW","sector":"Retail trade","naics_desc":"Department stores","hybrid":"No","transit_score":0.2,"lead_score":0.5,"tier":3,"dauid":"48111162","ward":"","bia":"","nearest_stop_dist":520.3,"transit_buffer_score":0.5},"geometry":{"type":"Point","coordinates":[-113.647784,53.545365]}},{"type":"Feature","properties":{"name":"STARS CORNER DAYCARE","size":"20-99","address":"9080 25 AVENUE SW","sector":"Health care and social assistance","naics_desc":"Child day-care services","hybrid":"No","transit_score":0.2,"lead_score":0.5,"tier":3,"dauid":"48112585","ward":"Karhiio","bia":"","nearest_stop_dist":514.8,"transit_buffer_score":0.5},"geometry":{"type":"Point","coordinates":[-113.482137,53.410779]}},{"type":"Feature","properties":{"name":"SISBRO LANDSCAPING","size":"20-99","address":"11104 224 STREET NW","sector":"Administrative and support, waste management and remediation services","naics_desc":"Landscaping services","hybrid":"No","transit_score":0.2,"lead_score":0.5,"tier":3,"dauid":"48112727","ward":"Nakota Isga","bia":"","nearest_stop_dist":753.8,"transit_buffer_score":0.1},"geometry":{"type":"Point","coordinates":[-113.703193,53.558995]}},{"type":"Feature","properties":{"name":"SKY-LINE TRANSPORT LTD.","size":"20-99","address":"11023 201 STREET NW","sector":"Transportation and warehousing","naics_desc":"Other freight transportation arrangement","hybrid":"No","transit_score":0.2,"lead_score":0.5,"tier":3,"dauid":"48112726","ward":"Nakota Isga","bia":"","nearest_stop_dist":1518.5,"transit_buffer_score":0},"geometry":{"type":"Point","coordinates":[-113.666481,53.556882]}},{"type":"Feature","properties":{"name":"SUNSTAR NURSERIES","size":"20-99","address":"810 167 AVENUE NE","sector":"Agriculture, forestry, fishing and hunting","naics_desc":"Nursery and tree production","hybrid":"No","transit_score":0.2,"lead_score":0.5,"tier":3,"dauid":"48111586","ward":"Dene","bia":"","nearest_stop_dist":1041.3,"transit_buffer_score":0},"geometry":{"type":"Point","coordinates":[-113.338,53.62984]}},{"type":"Feature","properties":{"name":"ATCO STRUCTURES","size":"20-99","address":"18809 106A AVENUE NW","sector":"Transportation and warehousing","naics_desc":"General warehousing and storage","hybrid":"No","transit_score":0.2,"lead_score":0.5,"tier":3,"dauid":"48111161","ward":"Nakota Isga","bia":"","nearest_stop_dist":628.1,"transit_buffer_score":0.1},"geometry":{"type":"Point","coordinates":[-113.649343,53.552384]}},{"type":"Feature","properties":{"name":"EVERGREEN FUNERAL HOME & CEMETERY","size":"20-99","address":"16204 FORT ROAD NW","sector":"Other services (except public administration)","naics_desc":"Funeral homes","hybrid":"No","transit_score":0.2,"lead_score":0.5,"tier":3,"dauid":"48112497","ward":"Dene","bia":"","nearest_stop_dist":1079.9,"transit_buffer_score":0},"geometry":{"type":"Point","coordinates":[-113.383968,53.623357]}},{"type":"Feature","properties":{"name":"CHANCELOT CONCRETE RESTORATION LTD","size":"20-99","address":"10226 104 STREET NW","sector":"Construction","naics_desc":"Poured concrete foundation and structure contractors","hybrid":"No","transit_score":0.2,"lead_score":0.5,"tier":3,"dauid":"48112785","ward":"Dene","bia":"","nearest_stop_dist":959.6,"transit_buffer_score":0},"geometry":{"type":"Point","coordinates":[-113.313552,53.574074]}},{"type":"Feature","properties":{"name":"K ENERGY","size":"20-99","address":"22644 112 AVENUE NW","sector":"Construction","naics_desc":"Oil and gas pipeline and related structures construction","hybrid":"No","transit_score":0.2,"lead_score":0.5,"tier":3,"dauid":"48112727","ward":"Nakota Isga","bia":"","nearest_stop_dist":908.8,"transit_buffer_score":0},"geometry":{"type":"Point","coordinates":[-113.707379,53.559761]}},{"type":"Feature","properties":{"name":"SAN CEDAR DIRECT SALES (EDMONTON)","size":"20-99","address":"22807 112 AVENUE NW","sector":"Retail trade","naics_desc":"Home centres","hybrid":"No","transit_score":0.2,"lead_score":0.5,"tier":3,"dauid":"48112727","ward":"Nakota Isga","bia":"","nearest_stop_dist":932.5,"transit_buffer_score":0},"geometry":{"type":"Point","coordinates":[-113.709938,53.559188]}},{"type":"Feature","properties":{"name":"HENWOOD TREATMENT CENTRE","size":"20-99","address":"18750 18 STREET NW","sector":"Health care and social assistance","naics_desc":"Out-patient mental health and substance use centres","hybrid":"No","transit_score":0.2,"lead_score":0.5,"tier":3,"dauid":"48112471","ward":"Dene","bia":"","nearest_stop_dist":1410.4,"transit_buffer_score":0},"geometry":{"type":"Point","coordinates":[-113.377279,53.648949]}},{"type":"Feature","properties":{"name":"THE QUARRY","size":"20-99","address":"945 167 AVENUE NE","sector":"Arts, entertainment and recreation","naics_desc":"Golf courses and country clubs","hybrid":"No","transit_score":0.2,"lead_score":0.5,"tier":3,"dauid":"48112502","ward":"Dene","bia":"","nearest_stop_dist":null,"transit_buffer_score":0},"geometry":{"type":"Point","coordinates":[-113.325817,53.623887]}},{"type":"Feature","properties":{"name":"EDMONTON CRANE RENTALS LTD","size":"20-99","address":"10607 205 STREET NW","sector":"Real estate and rental and leasing","naics_desc":"Other commercial and industrial machinery and equipment rental and leasing","hybrid":"No","transit_score":0.2,"lead_score":0.5,"tier":3,"dauid":"48112728","ward":"Nakota Isga","bia":"","nearest_stop_dist":1040.6,"transit_buffer_score":0},"geometry":{"type":"Point","coordinates":[-113.6737,53.54978]}},{"type":"Feature","properties":{"name":"LAFARGE CANADA INC","size":"20-99","address":"22117 112 AVENUE NW","sector":"Professional, scientific and technical services","naics_desc":"Testing laboratories","hybrid":"No","transit_score":0.2,"lead_score":0.5,"tier":3,"dauid":"48112232","ward":"Nakota Isga","bia":"","nearest_stop_dist":648.2,"transit_buffer_score":0.1},"geometry":{"type":"Point","coordinates":[-113.6983,53.55838]}},{"type":"Feature","properties":{"name":"MYCAN TRANSPORT LTD.","size":"20-99","address":"10821 209 STREET NW","sector":"Transportation and warehousing","naics_desc":"Dry bulk materials trucking, long distance","hybrid":"No","transit_score":0.2,"lead_score":0.5,"tier":3,"dauid":"48112726","ward":"Nakota Isga","bia":"","nearest_stop_dist":764.5,"transit_buffer_score":0.1},"geometry":{"type":"Point","coordinates":[-113.678055,53.55446]}},{"type":"Feature","properties":{"name":"BREYCON CONSTRUCTION","size":"20-99","address":"20104 107 AVENUE NW","sector":"Construction","naics_desc":"All other specialty trade contractors","hybrid":"No","transit_score":0.2,"lead_score":0.5,"tier":3,"dauid":"48112728","ward":"Nakota Isga","bia":"","nearest_stop_dist":1331.6,"transit_buffer_score":0},"geometry":{"type":"Point","coordinates":[-113.6688,53.55172]}},{"type":"Feature","properties":{"name":"ATS DEDICATED","size":"20-99","address":"11560 186 STREET NW","sector":"Transportation and warehousing","naics_desc":"General freight trucking, long distance, truck-load (single shipper)","hybrid":"No","transit_score":0.2,"lead_score":0.5,"tier":3,"dauid":"48111161","ward":"","bia":"Northwest Industrial","nearest_stop_dist":480.2,"transit_buffer_score":0.5},"geometry":{"type":"Point","coordinates":[-113.651592,53.565086]}},{"type":"Feature","properties":{"name":"SORAYA HAFEZ SCHOOL","size":"20-99","address":"980 MCCONACHIE BOULEVARD NW","sector":"Educational services","naics_desc":"Elementary and secondary schools","hybrid":"No","transit_score":0.2,"lead_score":0.5,"tier":3,"dauid":"48112474","ward":"Dene","bia":"","nearest_stop_dist":425.6,"transit_buffer_score":0.5},"geometry":{"type":"Point","coordinates":[-113.436355,53.63325]}},{"type":"Feature","properties":{"name":"TACTICAL TRUCKING LTD","size":"20-99","address":"20103 111 AVENUE NW","sector":"Transportation and warehousing","naics_desc":"General freight trucking, long distance, truck-load (single shipper)","hybrid":"No","transit_score":0.2,"lead_score":0.5,"tier":3,"dauid":"48112726","ward":"Nakota Isga","bia":"","nearest_stop_dist":1545.6,"transit_buffer_score":0},"geometry":{"type":"Point","coordinates":[-113.66719,53.557903]}},{"type":"Feature","properties":{"name":"AMAZON","size":"20-99","address":"13410 102 AVENUE SW","sector":"Transportation and warehousing","naics_desc":"General warehousing and storage","hybrid":"No","transit_score":0.2,"lead_score":0.5,"tier":3,"dauid":"48112647","ward":"Ipiihkoohkanipiaohtsi","bia":"","nearest_stop_dist":1669.8,"transit_buffer_score":0},"geometry":{"type":"Point","coordinates":[-113.556601,53.343144]}},{"type":"Feature","properties":{"name":"TFK RENOVATIONS INC.","size":"20-99","address":"20125 107 AVENUE NW","sector":"Construction","naics_desc":"Residential building construction","hybrid":"No","transit_score":0.2,"lead_score":0.5,"tier":3,"dauid":"48112728","ward":"Nakota Isga","bia":"","nearest_stop_dist":1222.2,"transit_buffer_score":0},"geometry":{"type":"Point","coordinates":[-113.670598,53.550718]}},{"type":"Feature","properties":{"name":"KNELSEN SAND & GRAVEL LTD. EDMONTON","size":"20-99","address":"11211 WINTERBURN ROAD NW","sector":"Manufacturing","naics_desc":"Ready-mix concrete manufacturing","hybrid":"No","transit_score":0.2,"lead_score":0.5,"tier":3,"dauid":"48112726","ward":"Nakota Isga","bia":"","nearest_stop_dist":555.4,"transit_buffer_score":0.5},"geometry":{"type":"Point","coordinates":[-113.687701,53.560566]}},{"type":"Feature","properties":{"name":"GREEN CITY WASTE MANAGEMENT","size":"20-99","address":"6804 51 AVENUE NW","sector":"Administrative and support, waste management and remediation services","naics_desc":"All other waste management services","hybrid":"No","transit_score":0.2,"lead_score":0.5,"tier":3,"dauid":"48110700","ward":"Karhiio","bia":"","nearest_stop_dist":699,"transit_buffer_score":0.1},"geometry":{"type":"Point","coordinates":[-113.431902,53.488184]}},{"type":"Feature","properties":{"name":"GREEN DROP / BUZZ BOSS","size":"20-99","address":"21130 108 AVENUE NW","sector":"Administrative and support, waste management and remediation services","naics_desc":"Exterminating and pest control services","hybrid":"No","transit_score":0.2,"lead_score":0.5,"tier":3,"dauid":"48112726","ward":"Nakota Isga","bia":"","nearest_stop_dist":413.1,"transit_buffer_score":0.5},"geometry":{"type":"Point","coordinates":[-113.683621,53.554083]}},{"type":"Feature","properties":{"name":"SRG TRUCKING LTD","size":"20-99","address":"6604 51 AVENUE NW","sector":"Transportation and warehousing","naics_desc":"General freight trucking, local","hybrid":"No","transit_score":0.2,"lead_score":0.5,"tier":3,"dauid":"48110700","ward":"","bia":"","nearest_stop_dist":597,"transit_buffer_score":0.5},"geometry":{"type":"Point","coordinates":[-113.428884,53.489352]}},{"type":"Feature","properties":{"name":"TEXCAN","size":"20-99","address":"11330 189 STREET NW","sector":"Wholesale trade","naics_desc":"Electrical wiring and construction supplies merchant wholesalers","hybrid":"No","transit_score":0.2,"lead_score":0.5,"tier":3,"dauid":"48111161","ward":"","bia":"Northwest Industrial","nearest_stop_dist":408.1,"transit_buffer_score":0.5},"geometry":{"type":"Point","coordinates":[-113.6503,53.56224]}},{"type":"Feature","properties":{"name":"DO ALL LANDSCAPE LTD","size":"20-99","address":"22503 113 AVENUE NW","sector":"Administrative and support, waste management and remediation services","naics_desc":"Landscaping services","hybrid":"No","transit_score":0.2,"lead_score":0.5,"tier":3,"dauid":"48112727","ward":"Nakota Isga","bia":"","nearest_stop_dist":1039.3,"transit_buffer_score":0},"geometry":{"type":"Point","coordinates":[-113.7051,53.56139]}},{"type":"Feature","properties":{"name":"CITY OF EDMONTON- FIRE STATION","size":"20-99","address":"18603 106A AVENUE NW","sector":"Public administration","naics_desc":"Municipal fire-fighting services","hybrid":"No","transit_score":0.2,"lead_score":0.5,"tier":3,"dauid":"48111161","ward":"","bia":"","nearest_stop_dist":600.3,"transit_buffer_score":0.1},"geometry":{"type":"Point","coordinates":[-113.648517,53.554671]}},{"type":"Feature","properties":{"name":"ALTA PACIFIC TRANSPORT LTD","size":"20-99","address":"21919 115 AVENUE NW","sector":"Transportation and warehousing","naics_desc":"General freight trucking, long distance, truck-load (single shipper)","hybrid":"No","transit_score":0.2,"lead_score":0.5,"tier":3,"dauid":"48112232","ward":"Nakota Isga","bia":"","nearest_stop_dist":434.3,"transit_buffer_score":0.5},"geometry":{"type":"Point","coordinates":[-113.6953,53.56412]}},{"type":"Feature","properties":{"name":"RE/MAX EXCELLENCE","size":"20-99","address":"5607 199 STREET NW","sector":"Real estate and rental and leasing","naics_desc":"Offices of real estate brokers","hybrid":"No","transit_score":0.2,"lead_score":0.5,"tier":3,"dauid":"48112728","ward":"Nakota Isga","bia":"","nearest_stop_dist":1361.8,"transit_buffer_score":0},"geometry":{"type":"Point","coordinates":[-113.665214,53.550314]}},{"type":"Feature","properties":{"name":"RED RAM TRUCK PARTS & SERVICE","size":"20-99","address":"11210 WINTERBURN ROAD NW","sector":"Wholesale trade","naics_desc":"Industrial machinery, equipment and supplies merchant wholesalers","hybrid":"No","transit_score":0.2,"lead_score":0.5,"tier":3,"dauid":"48112726","ward":"Nakota Isga","bia":"","nearest_stop_dist":544.2,"transit_buffer_score":0.5},"geometry":{"type":"Point","coordinates":[-113.6921,53.56092]}},{"type":"Feature","properties":{"name":"FORCE CIVIL SOLUTIONS LTD","size":"20-99","address":"20910 100 AVENUE NW","sector":"Construction","naics_desc":"Site preparation contractors","hybrid":"No","transit_score":0.2,"lead_score":0.5,"tier":3,"dauid":"48112728","ward":"Nakota Isga","bia":"","nearest_stop_dist":448.4,"transit_buffer_score":0.5},"geometry":{"type":"Point","coordinates":[-113.6797,53.54016]}},{"type":"Feature","properties":{"name":"SONNEMA CONCRETE SERVICES LTD","size":"20-99","address":"3003 120 AVENUE NE","sector":"Construction","naics_desc":"Poured concrete foundation and structure contractors","hybrid":"No","transit_score":0.2,"lead_score":0.5,"tier":3,"dauid":"48112783","ward":"Dene","bia":"","nearest_stop_dist":919.5,"transit_buffer_score":0},"geometry":{"type":"Point","coordinates":[-113.3001,53.57276]}},{"type":"Feature","properties":{"name":"RAYPAUL TRANSPORT LTD","size":"20-99","address":"12050 32 STREET NORTHEAST","sector":"Transportation and warehousing","naics_desc":"Other specialized freight (except used goods) trucking, local","hybrid":"No","transit_score":0.2,"lead_score":0.5,"tier":3,"dauid":"48112783","ward":"Dene","bia":"","nearest_stop_dist":1079.9,"transit_buffer_score":0},"geometry":{"type":"Point","coordinates":[-113.29815,53.575739]}},{"type":"Feature","properties":{"name":"MTE LOGISTIX","size":"20-99","address":"11250 189 STREET NW","sector":"Transportation and warehousing","naics_desc":"General warehousing and storage","hybrid":"No","transit_score":0.2,"lead_score":0.5,"tier":3,"dauid":"48111161","ward":"Nakota Isga","bia":"Northwest Industrial","nearest_stop_dist":606.2,"transit_buffer_score":0.1},"geometry":{"type":"Point","coordinates":[-113.652993,53.560735]}},{"type":"Feature","properties":{"name":"FRONTIER FENCE & GUARDRAIL LTD","size":"20-99","address":"12041 32 STREET NE","sector":"Construction","naics_desc":"Residential building construction","hybrid":"No","transit_score":0.2,"lead_score":0.5,"tier":3,"dauid":"48112783","ward":"Dene","bia":"","nearest_stop_dist":932.1,"transit_buffer_score":0},"geometry":{"type":"Point","coordinates":[-113.296684,53.574722]}},{"type":"Feature","properties":{"name":"CONCRETE INC.","size":"20-99","address":"11240 199 STREET NW","sector":"Manufacturing","naics_desc":"Other concrete product manufacturing","hybrid":"No","transit_score":0.2,"lead_score":0.5,"tier":3,"dauid":"48112232","ward":"Nakota Isga","bia":"","nearest_stop_dist":791.3,"transit_buffer_score":0.1},"geometry":{"type":"Point","coordinates":[-113.696194,53.559735]}},{"type":"Feature","properties":{"name":"MOMENTUM PLUMBING","size":"20-99","address":"20125 107 AVENUE NW","sector":"Construction","naics_desc":"Plumbing, heating and air-conditioning contractors","hybrid":"No","transit_score":0.2,"lead_score":0.5,"tier":3,"dauid":"48112728","ward":"Nakota Isga","bia":"","nearest_stop_dist":1237.3,"transit_buffer_score":0},"geometry":{"type":"Point","coordinates":[-113.670391,53.550616]}},{"type":"Feature","properties":{"name":"WORLEYCORD LP","size":"20-99","address":"2455 130 AVENUE NW NE","sector":"Manufacturing","naics_desc":"Iron and steel pipes and tubes manufacturing from purchased steel","hybrid":"No","transit_score":0.2,"lead_score":0.5,"tier":3,"dauid":"48112502","ward":"Dene","bia":"","nearest_stop_dist":2395.7,"transit_buffer_score":0},"geometry":{"type":"Point","coordinates":[-113.3129,53.58705]}},{"type":"Feature","properties":{"name":"HATCH COMPANY","size":"20-99","address":"2703 121 AVENUE NE","sector":"Construction","naics_desc":"Plumbing, heating and air-conditioning contractors","hybrid":"No","transit_score":0.2,"lead_score":0.5,"tier":3,"dauid":"48112783","ward":"Dene","bia":"","nearest_stop_dist":1321.3,"transit_buffer_score":0},"geometry":{"type":"Point","coordinates":[-113.302944,53.576209]}},{"type":"Feature","properties":{"name":"WESTLAND ENVIRONMENTAL SERVICES INC.","size":"20-99","address":"20103 110 AVENUE NW","sector":"Professional, scientific and technical services","naics_desc":"Environmental consulting services","hybrid":"No","transit_score":0.2,"lead_score":0.5,"tier":3,"dauid":"48112726","ward":"Nakota Isga","bia":"","nearest_stop_dist":1163.5,"transit_buffer_score":0},"geometry":{"type":"Point","coordinates":[-113.673321,53.556966]}},{"type":"Feature","properties":{"name":"FASTENAL COMPANY","size":"20-99","address":"16970 140 AVENUE NW","sector":"Wholesale trade","naics_desc":"Hardware merchant wholesalers","hybrid":"No","transit_score":0.2,"lead_score":0.5,"tier":3,"dauid":"48111927","ward":"Anirniq","bia":"","nearest_stop_dist":611.2,"transit_buffer_score":0.1},"geometry":{"type":"Point","coordinates":[-113.614171,53.604717]}},{"type":"Feature","properties":{"name":"BOON-TEK INDUSTRIES LTD","size":"20-99","address":"21111 109 AVENUE NW","sector":"Manufacturing","naics_desc":"Coating, engraving, cold and heat treating and allied activities","hybrid":"No","transit_score":0.2,"lead_score":0.5,"tier":3,"dauid":"48112726","ward":"Nakota Isga","bia":"","nearest_stop_dist":535.9,"transit_buffer_score":0.5},"geometry":{"type":"Point","coordinates":[-113.6827,53.55521]}},{"type":"Feature","properties":{"name":"COOPER EQUIPMENT RENTALS LIMITED","size":"20-99","address":"10828 209 STREET NW","sector":"Real estate and rental and leasing","naics_desc":"Other commercial and industrial machinery and equipment rental and leasing","hybrid":"No","transit_score":0.2,"lead_score":0.5,"tier":3,"dauid":"48112726","ward":"Nakota Isga","bia":"","nearest_stop_dist":640.7,"transit_buffer_score":0.1},"geometry":{"type":"Point","coordinates":[-113.6806,53.55507]}},{"type":"Feature","properties":{"name":"JENMAR ROOFING LTD","size":"20-99","address":"22912 112 AVENUE NW","sector":"Construction","naics_desc":"Roofing contractors","hybrid":"No","transit_score":0.2,"lead_score":0.5,"tier":3,"dauid":"48112727","ward":"Nakota Isga","bia":"","nearest_stop_dist":1101.9,"transit_buffer_score":0},"geometry":{"type":"Point","coordinates":[-113.711383,53.560447]}},{"type":"Feature","properties":{"name":"HARRY'S EXCAVATING","size":"20-99","address":"6604 51 AVENUE NW","sector":"Construction","naics_desc":"Site preparation contractors","hybrid":"No","transit_score":0.2,"lead_score":0.5,"tier":3,"dauid":"48110700","ward":"Karhiio","bia":"","nearest_stop_dist":601.6,"transit_buffer_score":0.1},"geometry":{"type":"Point","coordinates":[-113.429484,53.489288]}},{"type":"Feature","properties":{"name":"VISCO DEMOLITION","size":"20-99","address":"2603 121 AVENUE NE","sector":"Construction","naics_desc":"Site preparation contractors","hybrid":"No","transit_score":0.2,"lead_score":0.5,"tier":3,"dauid":"48112783","ward":"Dene","bia":"","nearest_stop_dist":1331.7,"transit_buffer_score":0},"geometry":{"type":"Point","coordinates":[-113.304345,53.575483]}},{"type":"Feature","properties":{"name":"CKR HOTSHOT AND PILOT TRUCK SERVICE LTD","size":"20-99","address":"20440 107 AVENUE NW","sector":"Transportation and warehousing","naics_desc":"Other support activities for road transportation","hybrid":"No","transit_score":0.2,"lead_score":0.5,"tier":3,"dauid":"48112726","ward":"Nakota Isga","bia":"","nearest_stop_dist":1040.5,"transit_buffer_score":0},"geometry":{"type":"Point","coordinates":[-113.6732,53.55188]}},{"type":"Feature","properties":{"name":"HARMINDER TRANSPORT LTD.","size":"20-99","address":"6604 51 AVENUE NW","sector":"Transportation and warehousing","naics_desc":"General freight trucking, local","hybrid":"No","transit_score":0.2,"lead_score":0.5,"tier":3,"dauid":"48110700","ward":"Karhiio","bia":"","nearest_stop_dist":695.7,"transit_buffer_score":0.1},"geometry":{"type":"Point","coordinates":[-113.430138,53.488444]}},{"type":"Feature","properties":{"name":"ROYCE CUSTOM HOMES LTD.","size":"20-99","address":"6804 51 AVENUE NW","sector":"Construction","naics_desc":"Residential building construction","hybrid":"No","transit_score":0.2,"lead_score":0.5,"tier":3,"dauid":"48110700","ward":"Karhiio","bia":"","nearest_stop_dist":675.1,"transit_buffer_score":0.1},"geometry":{"type":"Point","coordinates":[-113.431752,53.488464]}},{"type":"Feature","properties":{"name":"ENG-CON HOLDINGS LTD.","size":"20-99","address":"13080 25 STREET NE","sector":"Construction","naics_desc":"Water and sewer line and related structures construction","hybrid":"No","transit_score":0.2,"lead_score":0.5,"tier":3,"dauid":"48112502","ward":"Dene","bia":"","nearest_stop_dist":null,"transit_buffer_score":0},"geometry":{"type":"Point","coordinates":[-113.3117,53.59048]}},{"type":"Feature","properties":{"name":"THOR TIRE DISTRIBUTORS","size":"20-99","address":"7022 51 AVENUE NW","sector":"Wholesale trade","naics_desc":"Tire merchant wholesalers","hybrid":"No","transit_score":0.2,"lead_score":0.5,"tier":3,"dauid":"48110700","ward":"","bia":"","nearest_stop_dist":500.2,"transit_buffer_score":0.5},"geometry":{"type":"Point","coordinates":[-113.4346,53.48952]}},{"type":"Feature","properties":{"name":"LONESTAR VACUUM INC.","size":"20-99","address":"12210 23 STREET NE","sector":"Construction","naics_desc":"Land subdivision","hybrid":"No","transit_score":0.2,"lead_score":0.5,"tier":3,"dauid":"48112783","ward":"Dene","bia":"","nearest_stop_dist":1244.7,"transit_buffer_score":0},"geometry":{"type":"Point","coordinates":[-113.313188,53.57664]}},{"type":"Feature","properties":{"name":"CLAYS INDUSTRIAL SUPPLY LTD","size":"20-99","address":"6670 53 AVENUE NW","sector":"Wholesale trade","naics_desc":"Mining and oil and gas well machinery, equipment and supplies merchant wholesalers","hybrid":"No","transit_score":0.2,"lead_score":0.5,"tier":3,"dauid":"48110700","ward":"","bia":"","nearest_stop_dist":467.8,"transit_buffer_score":0.5},"geometry":{"type":"Point","coordinates":[-113.426218,53.491051]}},{"type":"Feature","properties":{"name":"EDEN LANDSCAPING","size":"20-99","address":"21323 109 AVENUE NW","sector":"Administrative and support, waste management and remediation services","naics_desc":"Landscaping services","hybrid":"No","transit_score":0.2,"lead_score":0.5,"tier":3,"dauid":"48112726","ward":"Nakota Isga","bia":"","nearest_stop_dist":411.9,"transit_buffer_score":0.5},"geometry":{"type":"Point","coordinates":[-113.686401,53.555547]}},{"type":"Feature","properties":{"name":"BLACKTOP PAVING INC","size":"20-99","address":"12060 28 STREET NE","sector":"Construction","naics_desc":"All other specialty trade contractors","hybrid":"No","transit_score":0.2,"lead_score":0.5,"tier":3,"dauid":"48112783","ward":"Dene","bia":"","nearest_stop_dist":1281.1,"transit_buffer_score":0},"geometry":{"type":"Point","coordinates":[-113.302,53.57624]}},{"type":"Feature","properties":{"name":"STUDENT EXPRESS INC.","size":"20-99","address":"11003 201 STREET NW","sector":"Transportation and warehousing","naics_desc":"Couriers","hybrid":"No","transit_score":0.2,"lead_score":0.5,"tier":3,"dauid":"48112726","ward":"Nakota Isga","bia":"","nearest_stop_dist":1530.3,"transit_buffer_score":0},"geometry":{"type":"Point","coordinates":[-113.666626,53.556775]}},{"type":"Feature","properties":{"name":"LAND STEWARDSHIP CENTRE OF CANADA","size":"20-99","address":"17503 45 AVENUE NW","sector":"Other services (except public administration)","naics_desc":"Social advocacy organizations","hybrid":"No","transit_score":0.2,"lead_score":0.5,"tier":3,"dauid":"48112687","ward":"sipiwiyiniwak","bia":"","nearest_stop_dist":678.9,"transit_buffer_score":0.1},"geometry":{"type":"Point","coordinates":[-113.630713,53.482707]}},{"type":"Feature","properties":{"name":"N.P.A. LTD.","size":"20-99","address":"2604 121 AVENUE NE","sector":"Construction","naics_desc":"Highway, street and bridge construction","hybrid":"No","transit_score":0.2,"lead_score":0.5,"tier":3,"dauid":"48112783","ward":"Dene","bia":"","nearest_stop_dist":1459.4,"transit_buffer_score":0},"geometry":{"type":"Point","coordinates":[-113.305,53.57688]}},{"type":"Feature","properties":{"name":"TIERRA CONSTRUCTION INC.","size":"20-99","address":"10621 205 STREET NW","sector":"Construction","naics_desc":"Site preparation contractors","hybrid":"No","transit_score":0.2,"lead_score":0.5,"tier":3,"dauid":"48112726","ward":"Nakota Isga","bia":"","nearest_stop_dist":1024.4,"transit_buffer_score":0},"geometry":{"type":"Point","coordinates":[-113.6737,53.55045]}},{"type":"Feature","properties":{"name":"MINI BATCH CONCRETE","size":"20-99","address":"2712 YELLOWHEAD TRAIL NE","sector":"Manufacturing","naics_desc":"Ready-mix concrete manufacturing","hybrid":"No","transit_score":0.2,"lead_score":0.5,"tier":3,"dauid":"48112783","ward":"Dene","bia":"","nearest_stop_dist":969.5,"transit_buffer_score":0},"geometry":{"type":"Point","coordinates":[-113.303933,53.571128]}},{"type":"Feature","properties":{"name":"INTEGRITY WASTE SOLUTIONS INC.","size":"20-99","address":"22604 113 AVENUE NW","sector":"Administrative and support, waste management and remediation services","naics_desc":"Waste collection","hybrid":"No","transit_score":0.2,"lead_score":0.5,"tier":3,"dauid":"48112727","ward":"Nakota Isga","bia":"","nearest_stop_dist":1165.5,"transit_buffer_score":0},"geometry":{"type":"Point","coordinates":[-113.706401,53.56238]}},{"type":"Feature","properties":{"name":"MTE LOGISTIX","size":"20-99","address":"18150 109 AVENUE NW","sector":"Transportation and warehousing","naics_desc":"General warehousing and storage","hybrid":"No","transit_score":0.2,"lead_score":0.5,"tier":3,"dauid":"48111161","ward":"Nakota Isga","bia":"Northwest Industrial","nearest_stop_dist":410.2,"transit_buffer_score":0.5},"geometry":{"type":"Point","coordinates":[-113.634856,53.556878]}},{"type":"Feature","properties":{"name":"ATS DEDICATED","size":"20-99","address":"11560 186 STREET NW","sector":"Transportation and warehousing","naics_desc":"General freight trucking, long distance, truck-load (single shipper)","hybrid":"No","transit_score":0.2,"lead_score":0.5,"tier":3,"dauid":"48111161","ward":"Nakota Isga","bia":"Northwest Industrial","nearest_stop_dist":480.2,"transit_buffer_score":0.5},"geometry":{"type":"Point","coordinates":[-113.651592,53.565086]}},{"type":"Feature","properties":{"name":"D.B.I. TRANSPORT","size":"20-99","address":"20820 107 AVENUE NW","sector":"Transportation and warehousing","naics_desc":"General freight trucking, long distance, truck-load (single shipper)","hybrid":"No","transit_score":0.2,"lead_score":0.5,"tier":3,"dauid":"48112726","ward":"Nakota Isga","bia":"","nearest_stop_dist":663.6,"transit_buffer_score":0.1},"geometry":{"type":"Point","coordinates":[-113.6789,53.55219]}},{"type":"Feature","properties":{"name":"CFP INDUSTRIES INC.","size":"20-99","address":"13040 25 STREET NE","sector":"Wholesale trade","naics_desc":"Clothing and clothing accessories merchant wholesalers","hybrid":"No","transit_score":0.2,"lead_score":0.5,"tier":3,"dauid":"48112502","ward":"Dene","bia":"","nearest_stop_dist":2683.4,"transit_buffer_score":0},"geometry":{"type":"Point","coordinates":[-113.312708,53.589638]}},{"type":"Feature","properties":{"name":"EMPIRE HYDRAULICS & HARD CHROME","size":"20-99","address":"23004 112 AVENUE NW","sector":"Wholesale trade","naics_desc":"Industrial machinery, equipment and supplies merchant wholesalers","hybrid":"No","transit_score":0.2,"lead_score":0.5,"tier":3,"dauid":"48112727","ward":"Nakota Isga","bia":"","nearest_stop_dist":1318.8,"transit_buffer_score":0},"geometry":{"type":"Point","coordinates":[-113.713471,53.561962]}},{"type":"Feature","properties":{"name":"GLENDALE GOLF & COUNTRY CLUB","size":"20-99","address":"12410 199 STREET NW","sector":"Arts, entertainment and recreation","naics_desc":"Golf courses and country clubs","hybrid":"No","transit_score":0.2,"lead_score":0.5,"tier":3,"dauid":"48112721","ward":"Nakota Isga","bia":"","nearest_stop_dist":873.5,"transit_buffer_score":0},"geometry":{"type":"Point","coordinates":[-113.6706,53.58121]}},{"type":"Feature","properties":{"name":"GREEN CITY WASTE MANAGEMENT","size":"20-99","address":"6804 51 AVENUE NW","sector":"Administrative and support, waste management and remediation services","naics_desc":"All other waste management services","hybrid":"No","transit_score":0.2,"lead_score":0.5,"tier":3,"dauid":"48110700","ward":"","bia":"","nearest_stop_dist":699,"transit_buffer_score":0.1},"geometry":{"type":"Point","coordinates":[-113.431902,53.488184]}},{"type":"Feature","properties":{"name":"RIVER RIDGE GOLF AND COUNTRY CLUB","size":"20-99","address":"5685 WINDERMERE BOULEVARD SW","sector":"Arts, entertainment and recreation","naics_desc":"Golf courses and country clubs","hybrid":"No","transit_score":0.2,"lead_score":0.5,"tier":3,"dauid":"48112654","ward":"pihêsiwin","bia":"","nearest_stop_dist":1250.8,"transit_buffer_score":0},"geometry":{"type":"Point","coordinates":[-113.642871,53.433938]}},{"type":"Feature","properties":{"name":"COMMAND FISHING & PIPE RECOVERY","size":"20-99","address":"9445 135 STREET SW","sector":"Mining, quarrying, and oil and gas extraction","naics_desc":"Services to oil and gas extraction","hybrid":"No","transit_score":0.2,"lead_score":0.5,"tier":3,"dauid":"48112647","ward":"Ipiihkoohkanipiaohtsi","bia":"","nearest_stop_dist":1820.7,"transit_buffer_score":0},"geometry":{"type":"Point","coordinates":[-113.558814,53.346878]}},{"type":"Feature","properties":{"name":"DIRT AXE TRENCHING INC","size":"20-99","address":"22440 112 AVENUE NW","sector":"Construction","naics_desc":"Site preparation contractors","hybrid":"No","transit_score":0.2,"lead_score":0.5,"tier":3,"dauid":"48112727","ward":"Nakota Isga","bia":"","nearest_stop_dist":920.8,"transit_buffer_score":0},"geometry":{"type":"Point","coordinates":[-113.7041,53.56041]}},{"type":"Feature","properties":{"name":"PARK TOPSOIL","size":"20-99","address":"20924 100 AVENUE NW","sector":"Administrative and support, waste management and remediation services","naics_desc":"Landscaping services","hybrid":"No","transit_score":0.2,"lead_score":0.5,"tier":3,"dauid":"48112728","ward":"Nakota Isga","bia":"","nearest_stop_dist":446.3,"transit_buffer_score":0.5},"geometry":{"type":"Point","coordinates":[-113.679668,53.540159]}},{"type":"Feature","properties":{"name":"FRIESEN'S CLIMATE CONTROL","size":"20-99","address":"10812 181 STREET NW","sector":"Construction","naics_desc":"Plumbing, heating and air-conditioning contractors","hybrid":"No","transit_score":0.2,"lead_score":0.5,"tier":3,"dauid":"48111161","ward":"","bia":"","nearest_stop_dist":404.3,"transit_buffer_score":0.5},"geometry":{"type":"Point","coordinates":[-113.634137,53.555281]}},{"type":"Feature","properties":{"name":"NOR-ALTA ENVIRONMENT SERVICES","size":"20-99","address":"10830 181 STREET NW","sector":"Professional, scientific and technical services","naics_desc":"Environmental consulting services","hybrid":"No","transit_score":0.2,"lead_score":0.5,"tier":3,"dauid":"48111161","ward":"","bia":"","nearest_stop_dist":408.8,"transit_buffer_score":0.5},"geometry":{"type":"Point","coordinates":[-113.633638,53.555693]}},{"type":"Feature","properties":{"name":"DRAGONS HEAD PAR 3 GOLF CLUB","size":"20-99","address":"12240 199 STREET NW","sector":"Arts, entertainment and recreation","naics_desc":"Golf courses and country clubs","hybrid":"No","transit_score":0.2,"lead_score":0.5,"tier":3,"dauid":"48112721","ward":"Nakota Isga","bia":"","nearest_stop_dist":1145.2,"transit_buffer_score":0},"geometry":{"type":"Point","coordinates":[-113.671643,53.575656]}},{"type":"Feature","properties":{"name":"GFL WINTERBURN","size":"20-99","address":"20204 113 AVENUE NW","sector":"Administrative and support, waste management and remediation services","naics_desc":"Remediation services","hybrid":"No","transit_score":0.2,"lead_score":0.5,"tier":3,"dauid":"48112726","ward":"Nakota Isga","bia":"","nearest_stop_dist":1323.9,"transit_buffer_score":0},"geometry":{"type":"Point","coordinates":[-113.669862,53.562222]}},{"type":"Feature","properties":{"name":"RUSHTON GAS & OIL EQUIPMENT","size":"20-99","address":"2331 121 AVENUE NW NE","sector":"Manufacturing","naics_desc":"Mining and oil and gas field machinery manufacturing","hybrid":"No","transit_score":0.2,"lead_score":0.5,"tier":3,"dauid":"48112783","ward":"Dene","bia":"","nearest_stop_dist":1008.7,"transit_buffer_score":0},"geometry":{"type":"Point","coordinates":[-113.310851,53.574075]}},{"type":"Feature","properties":{"name":"BAVARIA BMW","size":"20-99","address":"18925 STONY PLAIN ROAD NW","sector":"Retail trade","naics_desc":"New car dealers","hybrid":"No","transit_score":0.2,"lead_score":0.5,"tier":3,"dauid":"48111162","ward":"Nakota Isga","bia":"","nearest_stop_dist":421.1,"transit_buffer_score":0.5},"geometry":{"type":"Point","coordinates":[-113.6511,53.53953]}},{"type":"Feature","properties":{"name":"SHAN CONSTRUCTION SERVICES LTD.","size":"20-99","address":"6804 51 AVENUE NW","sector":"Construction","naics_desc":"Commercial and institutional building construction","hybrid":"No","transit_score":0.2,"lead_score":0.5,"tier":3,"dauid":"48110700","ward":"","bia":"","nearest_stop_dist":680.8,"transit_buffer_score":0.1},"geometry":{"type":"Point","coordinates":[-113.43217,53.488292]}},{"type":"Feature","properties":{"name":"FORT GARRY INDUSTRIES","size":"20-99","address":"13075 25 STREET NW","sector":"Other services (except public administration)","naics_desc":"General automotive repair","hybrid":"No","transit_score":0.2,"lead_score":0.5,"tier":3,"dauid":"48112502","ward":"Dene","bia":"","nearest_stop_dist":2682.4,"transit_buffer_score":0},"geometry":{"type":"Point","coordinates":[-113.309997,53.589431]}},{"type":"Feature","properties":{"name":"BAVARIA BMW","size":"20-99","address":"18925 STONY PLAIN ROAD NW","sector":"Retail trade","naics_desc":"New car dealers","hybrid":"No","transit_score":0.2,"lead_score":0.5,"tier":3,"dauid":"48111162","ward":"","bia":"","nearest_stop_dist":421.1,"transit_buffer_score":0.5},"geometry":{"type":"Point","coordinates":[-113.6511,53.53953]}},{"type":"Feature","properties":{"name":"TRANSED O&M","size":"20-99","address":"7411 51 AVENUE NW","sector":"Construction","naics_desc":"Highway, street and bridge construction","hybrid":"No","transit_score":0.2,"lead_score":0.5,"tier":3,"dauid":"48110700","ward":"Karhiio","bia":"","nearest_stop_dist":505.1,"transit_buffer_score":0.5},"geometry":{"type":"Point","coordinates":[-113.435185,53.487112]}},{"type":"Feature","properties":{"name":"PORTUGUESE CANADIAN MULTICULTURE","size":"20-99","address":"1403 195 AVENUE NW","sector":"Other services (except public administration)","naics_desc":"Civic and social organizations","hybrid":"No","transit_score":0.2,"lead_score":0.5,"tier":3,"dauid":"48112471","ward":"Dene","bia":"","nearest_stop_dist":2215.2,"transit_buffer_score":0},"geometry":{"type":"Point","coordinates":[-113.36408,53.656412]}},{"type":"Feature","properties":{"name":"KUEHNE + NAGEL LTD.","size":"20-99","address":"12652 184 STREET NW","sector":"Transportation and warehousing","naics_desc":"Other freight transportation arrangement","hybrid":"No","transit_score":0.2,"lead_score":0.5,"tier":3,"dauid":"48112721","ward":"","bia":"","nearest_stop_dist":506,"transit_buffer_score":0.5},"geometry":{"type":"Point","coordinates":[-113.647454,53.584299]}},{"type":"Feature","properties":{"name":"HORSE HILL SCHOOL","size":"20-99","address":"19355 MERIDIAN STREET NE","sector":"Educational services","naics_desc":"Elementary and secondary schools","hybrid":"No","transit_score":0.2,"lead_score":0.5,"tier":3,"dauid":"48112461","ward":"Dene","bia":"","nearest_stop_dist":null,"transit_buffer_score":0},"geometry":{"type":"Point","coordinates":[-113.343226,53.656664]}},{"type":"Feature","properties":{"name":"NORTHEAST RIVER VALLEY PARK","size":"20-99","address":"903 153 AVENUE NE","sector":"Arts, entertainment and recreation","naics_desc":"Nature parks and other similar institutions","hybrid":"No","transit_score":0.2,"lead_score":0.5,"tier":3,"dauid":"48112502","ward":"Dene","bia":"","nearest_stop_dist":1962,"transit_buffer_score":0},"geometry":{"type":"Point","coordinates":[-113.325421,53.608842]}},{"type":"Feature","properties":{"name":"SRG TRUCKING LTD","size":"20-99","address":"6604 51 AVENUE NW","sector":"Transportation and warehousing","naics_desc":"General freight trucking, local","hybrid":"No","transit_score":0.2,"lead_score":0.5,"tier":3,"dauid":"48110700","ward":"Karhiio","bia":"","nearest_stop_dist":597,"transit_buffer_score":0.5},"geometry":{"type":"Point","coordinates":[-113.428884,53.489352]}},{"type":"Feature","properties":{"name":"MILLWOODS GOLF CLUB","size":"20-99","address":"4540 50 STREET NW","sector":"Arts, entertainment and recreation","naics_desc":"Golf courses and country clubs","hybrid":"No","transit_score":0.2,"lead_score":0.5,"tier":3,"dauid":"48110700","ward":"Karhiio","bia":"","nearest_stop_dist":467.4,"transit_buffer_score":0.5},"geometry":{"type":"Point","coordinates":[-113.429164,53.481964]}},{"type":"Feature","properties":{"name":"JAN-DAN CUSTODIAL SERVICES INC","size":"20-99","address":"22963 112 AVENUE NW","sector":"Administrative and support, waste management and remediation services","naics_desc":"Janitorial services (except window cleaning)","hybrid":"No","transit_score":0.2,"lead_score":0.5,"tier":3,"dauid":"48112727","ward":"Nakota Isga","bia":"","nearest_stop_dist":1043.9,"transit_buffer_score":0},"geometry":{"type":"Point","coordinates":[-113.711608,53.559712]}},{"type":"Feature","properties":{"name":"VOILA","size":"20-99","address":"9706 135 STREET SW","sector":"Retail trade","naics_desc":"Supermarkets and other grocery retailers (except Convenience retailers)","hybrid":"No","transit_score":0.2,"lead_score":0.5,"tier":3,"dauid":"48112647","ward":"Ipiihkoohkanipiaohtsi","bia":"","nearest_stop_dist":1812.7,"transit_buffer_score":0},"geometry":{"type":"Point","coordinates":[-113.558663,53.344273]}},{"type":"Feature","properties":{"name":"C O D CONCRETE","size":"20-99","address":"21603 112 AVENUE NW","sector":"Construction","naics_desc":"Poured concrete foundation and structure contractors","hybrid":"No","transit_score":0.2,"lead_score":0.5,"tier":3,"dauid":"48112726","ward":"Nakota Isga","bia":"","nearest_stop_dist":706.6,"transit_buffer_score":0.1},"geometry":{"type":"Point","coordinates":[-113.690945,53.559216]}},{"type":"Feature","properties":{"name":"SONIC TRANSPORTATION SYSTEMS","size":"20-99","address":"11305 201 STREET NW","sector":"Transportation and warehousing","naics_desc":"General freight trucking, long distance, truck-load (single shipper)","hybrid":"No","transit_score":0.2,"lead_score":0.5,"tier":3,"dauid":"48112726","ward":"Nakota Isga","bia":"","nearest_stop_dist":1465.6,"transit_buffer_score":0},"geometry":{"type":"Point","coordinates":[-113.666415,53.56169]}},{"type":"Feature","properties":{"name":"LAFARGE CANADA INC","size":"20-99","address":"21703 112 AVENUE NW","sector":"Manufacturing","naics_desc":"Cement manufacturing","hybrid":"No","transit_score":0.2,"lead_score":0.5,"tier":3,"dauid":"48112232","ward":"Nakota Isga","bia":"","nearest_stop_dist":700,"transit_buffer_score":0.1},"geometry":{"type":"Point","coordinates":[-113.6934,53.55895]}},{"type":"Feature","properties":{"name":"STREAMLINE CONSTRUCTION CO. LTD.","size":"20-99","address":"11030 205 STREET NW","sector":"Construction","naics_desc":"Water and sewer line and related structures construction","hybrid":"No","transit_score":0.2,"lead_score":0.5,"tier":3,"dauid":"48112726","ward":"Nakota Isga","bia":"","nearest_stop_dist":1117.6,"transit_buffer_score":0},"geometry":{"type":"Point","coordinates":[-113.674401,53.557269]}},{"type":"Feature","properties":{"name":"KERNOW MACHINING SERVICES LTD","size":"20-99","address":"20911 107 AVENUE NW","sector":"Manufacturing","naics_desc":"Machine shops","hybrid":"No","transit_score":0.2,"lead_score":0.5,"tier":3,"dauid":"48112726","ward":"Nakota Isga","bia":"","nearest_stop_dist":578.2,"transit_buffer_score":0.5},"geometry":{"type":"Point","coordinates":[-113.6803,53.55132]}},{"type":"Feature","properties":{"name":"ROCANDA ENTERPRISES","size":"20-99","address":"9205 135 STREET SW","sector":"Manufacturing","naics_desc":"Mining and oil and gas field machinery manufacturing","hybrid":"No","transit_score":0.2,"lead_score":0.5,"tier":3,"dauid":"48112647","ward":"Ipiihkoohkanipiaohtsi","bia":"","nearest_stop_dist":1707,"transit_buffer_score":0},"geometry":{"type":"Point","coordinates":[-113.556957,53.348948]}},{"type":"Feature","properties":{"name":"ALLIED THREADED PRODUCTS INC","size":"20-99","address":"6125 56 AVENUE NW","sector":"Manufacturing","naics_desc":"Turned product and screw, nut and bolt manufacturing","hybrid":"Yes","transit_score":0.269,"lead_score":0.471,"tier":3,"dauid":"48111538","ward":"Karhiio","bia":"","nearest_stop_dist":435.4,"transit_buffer_score":0.5},"geometry":{"type":"Point","coordinates":[-113.4249,53.49127]}},{"type":"Feature","properties":{"name":"CITY OF EDMONTON- SOUTHWEST DISTRICT YARD","size":"20-99","address":"6609 GATEWAY BOULEVARD NW","sector":"Public administration","naics_desc":"Other local, municipal and regional public administration","hybrid":"Yes","transit_score":0.254,"lead_score":0.444,"tier":3,"dauid":"48111310","ward":"","bia":"","nearest_stop_dist":468.9,"transit_buffer_score":0.5},"geometry":{"type":"Point","coordinates":[-113.493523,53.504118]}},{"type":"Feature","properties":{"name":"C-HEALTH","size":"20-99","address":"6720 104 STREET NW","sector":"Health care and social assistance","naics_desc":"Offices of physicians","hybrid":"Yes","transit_score":0.254,"lead_score":0.444,"tier":3,"dauid":"48111310","ward":"","bia":"","nearest_stop_dist":404,"transit_buffer_score":0.5},"geometry":{"type":"Point","coordinates":[-113.498253,53.504009]}},{"type":"Feature","properties":{"name":"C-HEALTH","size":"20-99","address":"6720 104 STREET NW","sector":"Health care and social assistance","naics_desc":"Offices of physicians","hybrid":"Yes","transit_score":0.254,"lead_score":0.444,"tier":3,"dauid":"48111310","ward":"papastew","bia":"","nearest_stop_dist":411.4,"transit_buffer_score":0.5},"geometry":{"type":"Point","coordinates":[-113.498159,53.504111]}},{"type":"Feature","properties":{"name":"ALBERTA CHEER EMPIRE","size":"20-99","address":"13431 149 STREET NW","sector":"Educational services","naics_desc":"Athletic instruction","hybrid":"Yes","transit_score":0.254,"lead_score":0.444,"tier":3,"dauid":"48111106","ward":"","bia":"","nearest_stop_dist":405.8,"transit_buffer_score":0.5},"geometry":{"type":"Point","coordinates":[-113.579946,53.59563]}},{"type":"Feature","properties":{"name":"WESTCAN ADVANCED COMMUNICATIONS SOLUTIONS","size":"20-99","address":"12540 129 STREET NW","sector":"Wholesale trade","naics_desc":"Electronic components, navigational and communications equipment and supplies merchant wholesalers","hybrid":"Yes","transit_score":0.253,"lead_score":0.443,"tier":3,"dauid":"48110239","ward":"Anirniq","bia":"","nearest_stop_dist":407,"transit_buffer_score":0.5},"geometry":{"type":"Point","coordinates":[-113.545163,53.582125]}},{"type":"Feature","properties":{"name":"CROWN BUILDING SUPPLIES SOUTH","size":"20-99","address":"2903 101 STREET NW","sector":"Wholesale trade","naics_desc":"Other specialty-line building supplies merchant wholesalers","hybrid":"Yes","transit_score":0.252,"lead_score":0.441,"tier":3,"dauid":"48110930","ward":"Karhiio","bia":"","nearest_stop_dist":498.6,"transit_buffer_score":0.5},"geometry":{"type":"Point","coordinates":[-113.48915,53.458332]}},{"type":"Feature","properties":{"name":"4REFUEL CANADA LP","size":"20-99","address":"8925 62 AVENUE NW","sector":"Retail trade","naics_desc":"Liquefied petroleum gas (bottled gas) dealers","hybrid":"Yes","transit_score":0.248,"lead_score":0.434,"tier":3,"dauid":"48110742","ward":"Métis","bia":"","nearest_stop_dist":428.7,"transit_buffer_score":0.5},"geometry":{"type":"Point","coordinates":[-113.46454,53.498051]}},{"type":"Feature","properties":{"name":"FIRE PROTECTION INC","size":"20-99","address":"6748 59 STREET NW","sector":"Other services (except public administration)","naics_desc":"Commercial and industrial machinery and equipment (except automotive and electronic) repair and maintenance","hybrid":"Yes","transit_score":0.246,"lead_score":0.43,"tier":3,"dauid":"48110790","ward":"Karhiio","bia":"","nearest_stop_dist":536.6,"transit_buffer_score":0.5},"geometry":{"type":"Point","coordinates":[-113.426536,53.504489]}},{"type":"Feature","properties":{"name":"INTERNATIONAL MASCOT","size":"20-99","address":"6767 59 STREET NW","sector":"Professional, scientific and technical services","naics_desc":"Other specialized design services","hybrid":"Yes","transit_score":0.246,"lead_score":0.43,"tier":3,"dauid":"48110790","ward":"","bia":"","nearest_stop_dist":418.6,"transit_buffer_score":0.5},"geometry":{"type":"Point","coordinates":[-113.424753,53.504428]}},{"type":"Feature","properties":{"name":"EDGE PRODUCTION SUPPLIES LTD","size":"20-99","address":"5332 68 AVENUE NW","sector":"Wholesale trade","naics_desc":"Industrial machinery, equipment and supplies merchant wholesalers","hybrid":"Yes","transit_score":0.246,"lead_score":0.43,"tier":3,"dauid":"48110790","ward":"","bia":"","nearest_stop_dist":423.3,"transit_buffer_score":0.5},"geometry":{"type":"Point","coordinates":[-113.424583,53.505477]}},{"type":"Feature","properties":{"name":"FIRE PROTECTION INC","size":"20-99","address":"6748 59 STREET NW","sector":"Other services (except public administration)","naics_desc":"Commercial and industrial machinery and equipment (except automotive and electronic) repair and maintenance","hybrid":"Yes","transit_score":0.246,"lead_score":0.43,"tier":3,"dauid":"48110790","ward":"","bia":"","nearest_stop_dist":536.6,"transit_buffer_score":0.5},"geometry":{"type":"Point","coordinates":[-113.426537,53.504489]}},{"type":"Feature","properties":{"name":"JOHN BROOKS COMPANY LTD.","size":"20-99","address":"6736 59 STREET NW","sector":"Wholesale trade","naics_desc":"Industrial machinery, equipment and supplies merchant wholesalers","hybrid":"Yes","transit_score":0.246,"lead_score":0.43,"tier":3,"dauid":"48110790","ward":"Karhiio","bia":"","nearest_stop_dist":511.8,"transit_buffer_score":0.5},"geometry":{"type":"Point","coordinates":[-113.426159,53.504306]}},{"type":"Feature","properties":{"name":"INTERNATIONAL MASCOT","size":"20-99","address":"6767 59 STREET NW","sector":"Professional, scientific and technical services","naics_desc":"Other specialized design services","hybrid":"Yes","transit_score":0.246,"lead_score":0.43,"tier":3,"dauid":"48110790","ward":"Karhiio","bia":"","nearest_stop_dist":418.6,"transit_buffer_score":0.5},"geometry":{"type":"Point","coordinates":[-113.424753,53.504428]}},{"type":"Feature","properties":{"name":"SUMMIT VALVE AND CONTROLS INC","size":"20-99","address":"6703 68 AVENUE NW","sector":"Wholesale trade","naics_desc":"Plumbing, heating and air-conditioning equipment and supplies merchant wholesalers","hybrid":"Yes","transit_score":0.246,"lead_score":0.43,"tier":3,"dauid":"48110790","ward":"Métis","bia":"","nearest_stop_dist":406.1,"transit_buffer_score":0.5},"geometry":{"type":"Point","coordinates":[-113.430897,53.504616]}},{"type":"Feature","properties":{"name":"JOHN BROOKS COMPANY LTD.","size":"20-99","address":"6736 59 STREET NW","sector":"Wholesale trade","naics_desc":"Industrial machinery, equipment and supplies merchant wholesalers","hybrid":"Yes","transit_score":0.246,"lead_score":0.43,"tier":3,"dauid":"48110790","ward":"","bia":"","nearest_stop_dist":511.8,"transit_buffer_score":0.5},"geometry":{"type":"Point","coordinates":[-113.426159,53.504306]}},{"type":"Feature","properties":{"name":"BEVERAGE CONTAINER MANAGEMENT BOARD","size":"20-99","address":"5555 CALGARY TRAIL NW","sector":"Other services (except public administration)","naics_desc":"Social advocacy organizations","hybrid":"Yes","transit_score":0.243,"lead_score":0.425,"tier":3,"dauid":"48110847","ward":"","bia":"","nearest_stop_dist":512.1,"transit_buffer_score":0.5},"geometry":{"type":"Point","coordinates":[-113.496308,53.492875]}},{"type":"Feature","properties":{"name":"BEVERAGE CONTAINER MANAGEMENT BOARD","size":"20-99","address":"5555 CALGARY TRAIL NW","sector":"Other services (except public administration)","naics_desc":"Social advocacy organizations","hybrid":"Yes","transit_score":0.243,"lead_score":0.425,"tier":3,"dauid":"48110847","ward":"papastew","bia":"","nearest_stop_dist":512.1,"transit_buffer_score":0.5},"geometry":{"type":"Point","coordinates":[-113.496308,53.492875]}},{"type":"Feature","properties":{"name":"SOUTH EDMONTON ORAL SURGERY","size":"20-99","address":"5555 CALGARY TRAIL NW","sector":"Health care and social assistance","naics_desc":"Offices of dentists","hybrid":"Yes","transit_score":0.243,"lead_score":0.425,"tier":3,"dauid":"48110847","ward":"","bia":"","nearest_stop_dist":497.8,"transit_buffer_score":0.5},"geometry":{"type":"Point","coordinates":[-113.495971,53.49276]}},{"type":"Feature","properties":{"name":"LIBERTY SECURITY SYSTEMS INC","size":"20-99","address":"5640 104 STREET NW","sector":"Administrative and support, waste management and remediation services","naics_desc":"Security systems services (except locksmiths)","hybrid":"Yes","transit_score":0.243,"lead_score":0.425,"tier":3,"dauid":"48110847","ward":"papastew","bia":"","nearest_stop_dist":403.2,"transit_buffer_score":0.5},"geometry":{"type":"Point","coordinates":[-113.4982,53.4937]}},{"type":"Feature","properties":{"name":"EYELIT INC.","size":"20-99","address":"5555 CALGARY TRAIL NW","sector":"Information and cultural industries","naics_desc":"Software publishers (except video game publishers)","hybrid":"Yes","transit_score":0.243,"lead_score":0.425,"tier":3,"dauid":"48110847","ward":"papastew","bia":"","nearest_stop_dist":496.9,"transit_buffer_score":0.5},"geometry":{"type":"Point","coordinates":[-113.495957,53.492752]}},{"type":"Feature","properties":{"name":"LITTLE OAKS PSYCHOLOGY","size":"20-99","address":"5555 CALGARY TRAIL NW","sector":"Health care and social assistance","naics_desc":"Offices of mental health practitioners (except physicians)","hybrid":"Yes","transit_score":0.243,"lead_score":0.425,"tier":3,"dauid":"48110847","ward":"","bia":"","nearest_stop_dist":516.5,"transit_buffer_score":0.5},"geometry":{"type":"Point","coordinates":[-113.49611,53.492924]}},{"type":"Feature","properties":{"name":"LITTLE OAKS PSYCHOLOGY","size":"20-99","address":"5555 CALGARY TRAIL NW","sector":"Health care and social assistance","naics_desc":"Offices of mental health practitioners (except physicians)","hybrid":"Yes","transit_score":0.243,"lead_score":0.425,"tier":3,"dauid":"48110847","ward":"papastew","bia":"","nearest_stop_dist":516.5,"transit_buffer_score":0.5},"geometry":{"type":"Point","coordinates":[-113.49611,53.492924]}},{"type":"Feature","properties":{"name":"PIONEER PRESS","size":"20-99","address":"5638 103A STREET NW","sector":"Manufacturing","naics_desc":"Commercial screen printing","hybrid":"Yes","transit_score":0.243,"lead_score":0.425,"tier":3,"dauid":"48110847","ward":"","bia":"","nearest_stop_dist":593.9,"transit_buffer_score":0.5},"geometry":{"type":"Point","coordinates":[-113.495343,53.494048]}},{"type":"Feature","properties":{"name":"LIBERTY SECURITY SYSTEMS INC","size":"20-99","address":"5640 104 STREET NW","sector":"Administrative and support, waste management and remediation services","naics_desc":"Security systems services (except locksmiths)","hybrid":"Yes","transit_score":0.243,"lead_score":0.425,"tier":3,"dauid":"48110847","ward":"","bia":"","nearest_stop_dist":403.2,"transit_buffer_score":0.5},"geometry":{"type":"Point","coordinates":[-113.4982,53.4937]}},{"type":"Feature","properties":{"name":"MANNING CHILDCARE CENTRE","size":"10-19","address":"3383 153 AVENUE NW","sector":"Health care and social assistance","naics_desc":"Child day-care services","hybrid":"No","transit_score":0.422,"lead_score":0.422,"tier":3,"dauid":"48111592","ward":"Dene","bia":"","nearest_stop_dist":408.8,"transit_buffer_score":0.5},"geometry":{"type":"Point","coordinates":[-113.392977,53.614142]}},{"type":"Feature","properties":{"name":"RISING EDGE GROUP","size":"20-99","address":"604 69 AVENUE NW","sector":"Construction","naics_desc":"Power and communication line and related structures construction","hybrid":"Yes","transit_score":0.24,"lead_score":0.42,"tier":3,"dauid":"48112540","ward":"Sspomitapi","bia":"","nearest_stop_dist":1004.8,"transit_buffer_score":0},"geometry":{"type":"Point","coordinates":[-113.351637,53.505924]}},{"type":"Feature","properties":{"name":"PARKLAND GEO","size":"20-99","address":"603 69 AVENUE NW","sector":"Professional, scientific and technical services","naics_desc":"Engineering services","hybrid":"Yes","transit_score":0.24,"lead_score":0.42,"tier":3,"dauid":"48112540","ward":"Sspomitapi","bia":"","nearest_stop_dist":995.5,"transit_buffer_score":0},"geometry":{"type":"Point","coordinates":[-113.350995,53.505122]}},{"type":"Feature","properties":{"name":"PCL CONSTRUCTION MANAGEMENT INC","size":"20-99","address":"2441 76 AVENUE NW","sector":"Transportation and warehousing","naics_desc":"General warehousing and storage","hybrid":"Yes","transit_score":0.236,"lead_score":0.413,"tier":3,"dauid":"48111334","ward":"Sspomitapi","bia":"","nearest_stop_dist":419.6,"transit_buffer_score":0.5},"geometry":{"type":"Point","coordinates":[-113.380722,53.508452]}},{"type":"Feature","properties":{"name":"WEATHERFORD CANADA LTD.","size":"20-99","address":"2120 64 AVENUE NW","sector":"Mining, quarrying, and oil and gas extraction","naics_desc":"Services to oil and gas extraction","hybrid":"Yes","transit_score":0.236,"lead_score":0.413,"tier":3,"dauid":"48111334","ward":"Sspomitapi","bia":"","nearest_stop_dist":647.6,"transit_buffer_score":0.1},"geometry":{"type":"Point","coordinates":[-113.378922,53.50156]}},{"type":"Feature","properties":{"name":"HAWKEYE INDUSTRIES INC","size":"20-99","address":"2110 70 AVENUE NW","sector":"Wholesale trade","naics_desc":"Mining and oil and gas well machinery, equipment and supplies merchant wholesalers","hybrid":"Yes","transit_score":0.236,"lead_score":0.413,"tier":3,"dauid":"48111334","ward":"Sspomitapi","bia":"","nearest_stop_dist":483.5,"transit_buffer_score":0.5},"geometry":{"type":"Point","coordinates":[-113.376568,53.507575]}},{"type":"Feature","properties":{"name":"PAUL DAVIS EDMONTON","size":"20-99","address":"14305 128 AVENUE NW","sector":"Construction","naics_desc":"Commercial and institutional building construction","hybrid":"Yes","transit_score":0.234,"lead_score":0.41,"tier":3,"dauid":"48112142","ward":"Anirniq","bia":"","nearest_stop_dist":427.2,"transit_buffer_score":0.5},"geometry":{"type":"Point","coordinates":[-113.567848,53.584519]}},{"type":"Feature","properties":{"name":"EQUIPMENT SALES & SERVICE LIMITED","size":"20-99","address":"2005 80 AVENUE NW","sector":"Real estate and rental and leasing","naics_desc":"Construction, transportation, mining, and forestry machinery and equipment rental and leasing","hybrid":"Yes","transit_score":0.232,"lead_score":0.406,"tier":3,"dauid":"48112541","ward":"Sspomitapi","bia":"","nearest_stop_dist":507,"transit_buffer_score":0.5},"geometry":{"type":"Point","coordinates":[-113.376343,53.515937]}},{"type":"Feature","properties":{"name":"IDEAL PRODUCTS OF CANADA LTD","size":"20-99","address":"715 76 AVENUE NW","sector":"Wholesale trade","naics_desc":"Other specialty-line building supplies merchant wholesalers","hybrid":"Yes","transit_score":0.232,"lead_score":0.406,"tier":3,"dauid":"48112541","ward":"Sspomitapi","bia":"","nearest_stop_dist":1096.6,"transit_buffer_score":0},"geometry":{"type":"Point","coordinates":[-113.3528,53.51159]}},{"type":"Feature","properties":{"name":"HANSLER INDUSTRIES","size":"20-99","address":"851 77 AVENUE NW","sector":"Wholesale trade","naics_desc":"Construction and forestry machinery, equipment and supplies merchant wholesalers","hybrid":"Yes","transit_score":0.232,"lead_score":0.406,"tier":3,"dauid":"48112541","ward":"Sspomitapi","bia":"","nearest_stop_dist":652.4,"transit_buffer_score":0.1},"geometry":{"type":"Point","coordinates":[-113.359714,53.512891]}},{"type":"Feature","properties":{"name":"HANSLER INDUSTRIES","size":"20-99","address":"851 77 AVENUE NW","sector":"Wholesale trade","naics_desc":"Construction and forestry machinery, equipment and supplies merchant wholesalers","hybrid":"Yes","transit_score":0.232,"lead_score":0.406,"tier":3,"dauid":"48112541","ward":"","bia":"","nearest_stop_dist":652.4,"transit_buffer_score":0.1},"geometry":{"type":"Point","coordinates":[-113.359714,53.512891]}},{"type":"Feature","properties":{"name":"EQUIPMENT SALES & SERVICE LIMITED","size":"20-99","address":"2111 80 AVENUE NW","sector":"Real estate and rental and leasing","naics_desc":"Construction, transportation, mining, and forestry machinery and equipment rental and leasing","hybrid":"Yes","transit_score":0.232,"lead_score":0.406,"tier":3,"dauid":"48112541","ward":"Sspomitapi","bia":"","nearest_stop_dist":463.2,"transit_buffer_score":0.5},"geometry":{"type":"Point","coordinates":[-113.3772,53.5158]}},{"type":"Feature","properties":{"name":"HARLEY-DAVIDSON OF EDMONTON","size":"10-19","address":"7420 YELLOWHEAD TRAIL NW","sector":"Retail trade","naics_desc":"Motorcycle, boat and other motor vehicle dealers","hybrid":"No","transit_score":0.398,"lead_score":0.398,"tier":3,"dauid":"48110107","ward":"","bia":"","nearest_stop_dist":436.7,"transit_buffer_score":0.5},"geometry":{"type":"Point","coordinates":[-113.4561,53.582955]}},{"type":"Feature","properties":{"name":"MP PSYCHOLOGY","size":"20-99","address":"14165 162 AVENUE NW","sector":"Health care and social assistance","naics_desc":"Offices of mental health practitioners (except physicians)","hybrid":"Yes","transit_score":0.225,"lead_score":0.394,"tier":3,"dauid":"48112753","ward":"Anirniq","bia":"","nearest_stop_dist":485.7,"transit_buffer_score":0.5},"geometry":{"type":"Point","coordinates":[-113.568011,53.622891]}},{"type":"Feature","properties":{"name":"R A TRUCKING","size":"10-19","address":"5608 125A AVENUE NW","sector":"Transportation and warehousing","naics_desc":"Dry bulk materials trucking, local","hybrid":"No","transit_score":0.386,"lead_score":0.386,"tier":3,"dauid":"48110381","ward":"Métis","bia":"","nearest_stop_dist":512,"transit_buffer_score":0.5},"geometry":{"type":"Point","coordinates":[-113.429273,53.583095]}},{"type":"Feature","properties":{"name":"CSN HERBERS NORTH","size":"10-19","address":"6003 125 AVENUE NW","sector":"Other services (except public administration)","naics_desc":"General automotive repair","hybrid":"No","transit_score":0.386,"lead_score":0.386,"tier":3,"dauid":"48110381","ward":"Métis","bia":"","nearest_stop_dist":436.5,"transit_buffer_score":0.5},"geometry":{"type":"Point","coordinates":[-113.43283,53.580509]}},{"type":"Feature","properties":{"name":"TRANSPORT TIRE LTD","size":"10-19","address":"5904 125 AVENUE NW","sector":"Retail trade","naics_desc":"Tire dealers","hybrid":"No","transit_score":0.386,"lead_score":0.386,"tier":3,"dauid":"48110381","ward":"Métis","bia":"","nearest_stop_dist":509.9,"transit_buffer_score":0.5},"geometry":{"type":"Point","coordinates":[-113.432812,53.581216]}},{"type":"Feature","properties":{"name":"E L JACOBS WELDING LTD","size":"10-19","address":"5620 125A AVENUE NW","sector":"Other services (except public administration)","naics_desc":"Commercial and industrial machinery and equipment (except automotive and electronic) repair and maintenance","hybrid":"No","transit_score":0.386,"lead_score":0.386,"tier":3,"dauid":"48110381","ward":"Métis","bia":"","nearest_stop_dist":511.3,"transit_buffer_score":0.5},"geometry":{"type":"Point","coordinates":[-113.4293,53.5831]}},{"type":"Feature","properties":{"name":"TRI-STAD CONSTRUCTION INC","size":"20-99","address":"4407 94 STREET NW","sector":"Construction","naics_desc":"Commercial and institutional building construction","hybrid":"Yes","transit_score":0.217,"lead_score":0.38,"tier":3,"dauid":"48110732","ward":"","bia":"","nearest_stop_dist":493.4,"transit_buffer_score":0.5},"geometry":{"type":"Point","coordinates":[-113.4718,53.48324]}},{"type":"Feature","properties":{"name":"BOYD DISTRIBUTORS LTD.","size":"20-99","address":"2880 64 AVENUE NW","sector":"Retail trade","naics_desc":"Other building material dealers","hybrid":"Yes","transit_score":0.215,"lead_score":0.376,"tier":3,"dauid":"48112545","ward":"Sspomitapi","bia":"","nearest_stop_dist":1008.9,"transit_buffer_score":0},"geometry":{"type":"Point","coordinates":[-113.386679,53.501626]}},{"type":"Feature","properties":{"name":"LGG INDUSTRIAL","size":"20-99","address":"2930 51 AVENUE NW","sector":"Manufacturing","naics_desc":"Rubber and plastic hose and belting manufacturing","hybrid":"Yes","transit_score":0.215,"lead_score":0.376,"tier":3,"dauid":"48112545","ward":"","bia":"","nearest_stop_dist":761,"transit_buffer_score":0.1},"geometry":{"type":"Point","coordinates":[-113.38424,53.48851]}},{"type":"Feature","properties":{"name":"ECS ELECTRICAL CABLE SUPPLY LTD","size":"20-99","address":"3110 51 AVENUE NW","sector":"Wholesale trade","naics_desc":"Electrical wiring and construction supplies merchant wholesalers","hybrid":"Yes","transit_score":0.215,"lead_score":0.376,"tier":3,"dauid":"48112545","ward":"Sspomitapi","bia":"","nearest_stop_dist":664.9,"transit_buffer_score":0.1},"geometry":{"type":"Point","coordinates":[-113.388435,53.487966]}},{"type":"Feature","properties":{"name":"VAN LEEUWEN PIPE AND TUBE (CANADA) INC","size":"20-99","address":"2875 64 AVENUE NW","sector":"Wholesale trade","naics_desc":"Plumbing, heating and air-conditioning equipment and supplies merchant wholesalers","hybrid":"Yes","transit_score":0.215,"lead_score":0.376,"tier":3,"dauid":"48112545","ward":"","bia":"","nearest_stop_dist":958,"transit_buffer_score":0},"geometry":{"type":"Point","coordinates":[-113.3864,53.5007]}},{"type":"Feature","properties":{"name":"QUEST GASKET & SUPPLY INC","size":"20-99","address":"3110 51 AVENUE NW","sector":"Wholesale trade","naics_desc":"Industrial machinery, equipment and supplies merchant wholesalers","hybrid":"Yes","transit_score":0.215,"lead_score":0.376,"tier":3,"dauid":"48112545","ward":"","bia":"","nearest_stop_dist":685.8,"transit_buffer_score":0.1},"geometry":{"type":"Point","coordinates":[-113.38777,53.488349]}},{"type":"Feature","properties":{"name":"VAN LEEUWEN PIPE & TUBE (CANADA) INC","size":"20-99","address":"2875 64 AVENUE NW","sector":"Wholesale trade","naics_desc":"Plumbing, heating and air-conditioning equipment and supplies merchant wholesalers","hybrid":"Yes","transit_score":0.215,"lead_score":0.376,"tier":3,"dauid":"48112545","ward":"Sspomitapi","bia":"","nearest_stop_dist":958,"transit_buffer_score":0},"geometry":{"type":"Point","coordinates":[-113.3864,53.5007]}},{"type":"Feature","properties":{"name":"SPORTFACTOR INC","size":"20-99","address":"3250 51 AVENUE NW","sector":"Retail trade","naics_desc":"All other sporting goods retailers","hybrid":"Yes","transit_score":0.215,"lead_score":0.376,"tier":3,"dauid":"48112545","ward":"Sspomitapi","bia":"","nearest_stop_dist":521.4,"transit_buffer_score":0.5},"geometry":{"type":"Point","coordinates":[-113.38977,53.489378]}},{"type":"Feature","properties":{"name":"ECS ELECTRICAL CABLE SUPPLY LTD","size":"20-99","address":"3110 51 AVENUE NW","sector":"Wholesale trade","naics_desc":"Electrical wiring and construction supplies merchant wholesalers","hybrid":"Yes","transit_score":0.215,"lead_score":0.376,"tier":3,"dauid":"48112545","ward":"","bia":"","nearest_stop_dist":664.9,"transit_buffer_score":0.1},"geometry":{"type":"Point","coordinates":[-113.388435,53.487966]}},{"type":"Feature","properties":{"name":"PICKFORD","size":"20-99","address":"3250 51 AVENUE NW","sector":"Professional, scientific and technical services","naics_desc":"Other management consulting services","hybrid":"Yes","transit_score":0.215,"lead_score":0.376,"tier":3,"dauid":"48112545","ward":"Sspomitapi","bia":"","nearest_stop_dist":583.8,"transit_buffer_score":0.5},"geometry":{"type":"Point","coordinates":[-113.388831,53.489286]}},{"type":"Feature","properties":{"name":"Edmonton Police Westwood Facility- MMB & Mail","size":"10-19","address":"12408 107 STREET NW","sector":"Public administration","naics_desc":"Municipal police services","hybrid":"No","transit_score":0.375,"lead_score":0.375,"tier":3,"dauid":"48112740","ward":"","bia":"Kingsway","nearest_stop_dist":511.9,"transit_buffer_score":0.5},"geometry":{"type":"Point","coordinates":[-113.507411,53.579212]}},{"type":"Feature","properties":{"name":"EDMONTON POLICE WESTWOOD FACILITY- MMB & MAIL","size":"10-19","address":"12408 107 STREET NW","sector":"Public administration","naics_desc":"Municipal police services","hybrid":"No","transit_score":0.375,"lead_score":0.375,"tier":3,"dauid":"48112740","ward":"","bia":"Kingsway","nearest_stop_dist":511.9,"transit_buffer_score":0.5},"geometry":{"type":"Point","coordinates":[-113.507411,53.579212]}},{"type":"Feature","properties":{"name":"TROJAN INDUSTRIES INC","size":"10-19","address":"9420 YELLOWHEAD TRAIL NW","sector":"Manufacturing","naics_desc":"All other miscellaneous fabricated metal product manufacturing","hybrid":"No","transit_score":0.371,"lead_score":0.371,"tier":3,"dauid":"48110358","ward":"Métis","bia":"","nearest_stop_dist":459.6,"transit_buffer_score":0.5},"geometry":{"type":"Point","coordinates":[-113.4866,53.58237]}},{"type":"Feature","properties":{"name":"CITY GLASS & SUPPLY LTD","size":"10-19","address":"9100 YELLOWHEAD TRAIL NW","sector":"Construction","naics_desc":"Glass and glazing contractors","hybrid":"No","transit_score":0.371,"lead_score":0.371,"tier":3,"dauid":"48110358","ward":"Métis","bia":"","nearest_stop_dist":627.3,"transit_buffer_score":0.1},"geometry":{"type":"Point","coordinates":[-113.482305,53.58231]}},{"type":"Feature","properties":{"name":"WORKWEAR OUTFITTERS","size":"10-19","address":"9146 YELLOW HEAD TRAIL NW","sector":"Retail trade","naics_desc":"All other clothing retailers","hybrid":"No","transit_score":0.371,"lead_score":0.371,"tier":3,"dauid":"48110358","ward":"","bia":"","nearest_stop_dist":659.6,"transit_buffer_score":0.1},"geometry":{"type":"Point","coordinates":[-113.482213,53.582597]}},{"type":"Feature","properties":{"name":"CAN-WEST TRANSMISSION PARTS","size":"10-19","address":"9174 YELLOWHEAD TRAIL NW","sector":"Other services (except public administration)","naics_desc":"General automotive repair","hybrid":"No","transit_score":0.371,"lead_score":0.371,"tier":3,"dauid":"48110358","ward":"","bia":"","nearest_stop_dist":590.6,"transit_buffer_score":0.5},"geometry":{"type":"Point","coordinates":[-113.482681,53.581994]}},{"type":"Feature","properties":{"name":"CAN-WEST TRANSMISSION PARTS","size":"10-19","address":"9174 YELLOWHEAD TRAIL NW","sector":"Other services (except public administration)","naics_desc":"General automotive repair","hybrid":"No","transit_score":0.371,"lead_score":0.371,"tier":3,"dauid":"48110358","ward":"Métis","bia":"","nearest_stop_dist":590.6,"transit_buffer_score":0.5},"geometry":{"type":"Point","coordinates":[-113.482681,53.581994]}},{"type":"Feature","properties":{"name":"TROJAN INDUSTRIES INC","size":"10-19","address":"9420 YELLOWHEAD TRAIL NW","sector":"Manufacturing","naics_desc":"All other miscellaneous fabricated metal product manufacturing","hybrid":"No","transit_score":0.371,"lead_score":0.371,"tier":3,"dauid":"48110358","ward":"","bia":"","nearest_stop_dist":459.6,"transit_buffer_score":0.5},"geometry":{"type":"Point","coordinates":[-113.4866,53.58237]}},{"type":"Feature","properties":{"name":"EPCOR WATER SERVICES INC","size":"20-99","address":"3900 E L SMITH ROAD NW","sector":"Utilities","naics_desc":"Water supply and irrigation systems","hybrid":"Yes","transit_score":0.21,"lead_score":0.367,"tier":3,"dauid":"48112689","ward":"","bia":"","nearest_stop_dist":991.7,"transit_buffer_score":0},"geometry":{"type":"Point","coordinates":[-113.6141,53.472]}},{"type":"Feature","properties":{"name":"EPCOR WATER SERVICES INC","size":"20-99","address":"3900 E L SMITH ROAD NW","sector":"Utilities","naics_desc":"Water supply and irrigation systems","hybrid":"Yes","transit_score":0.21,"lead_score":0.367,"tier":3,"dauid":"48112689","ward":"sipiwiyiniwak","bia":"","nearest_stop_dist":991.7,"transit_buffer_score":0},"geometry":{"type":"Point","coordinates":[-113.6141,53.472]}},{"type":"Feature","properties":{"name":"ENTERPRISE RENT-A-CAR CANADA COMPANY,LA COMPAGNIE DE LOCATION D'AUTOS ENTERPRISE CANADA","size":"10-19","address":"8640 YELLOWHEAD TRAIL NW","sector":"Real estate and rental and leasing","naics_desc":"Passenger car rental","hybrid":"No","transit_score":0.365,"lead_score":0.365,"tier":3,"dauid":"48110363","ward":"Métis","bia":"","nearest_stop_dist":443,"transit_buffer_score":0.5},"geometry":{"type":"Point","coordinates":[-113.474079,53.581757]}},{"type":"Feature","properties":{"name":"ENTERPRISE RENT-A-CAR CANADA COMPANY,LA COMPAGNIE DE LOCATION D'AUTOS ENTERPRISE CANADA","size":"10-19","address":"8640 YELLOWHEAD TRAIL NW","sector":"Real estate and rental and leasing","naics_desc":"Passenger car rental","hybrid":"No","transit_score":0.365,"lead_score":0.365,"tier":3,"dauid":"48110363","ward":"","bia":"","nearest_stop_dist":443,"transit_buffer_score":0.5},"geometry":{"type":"Point","coordinates":[-113.474079,53.581757]}},{"type":"Feature","properties":{"name":"STROSS MANAGEMENT","size":"10-19","address":"7829 127 AVENUE NW","sector":"Management of companies and enterprises","naics_desc":"Corporate, regional and subsidiary management offices and companies","hybrid":"No","transit_score":0.359,"lead_score":0.359,"tier":3,"dauid":"48110335","ward":"","bia":"","nearest_stop_dist":416.5,"transit_buffer_score":0.5},"geometry":{"type":"Point","coordinates":[-113.4616,53.58428]}},{"type":"Feature","properties":{"name":"VICTORIA GOLF COURSE","size":"10-19","address":"12130 RIVER VALLEY ROAD NW","sector":"Arts, entertainment and recreation","naics_desc":"Golf courses and country clubs","hybrid":"No","transit_score":0.358,"lead_score":0.358,"tier":3,"dauid":"48110158","ward":"O-day'min","bia":"","nearest_stop_dist":602.2,"transit_buffer_score":0.1},"geometry":{"type":"Point","coordinates":[-113.522258,53.533663]}},{"type":"Feature","properties":{"name":"BUILDING PRODUCTS OF CANADA CORP","size":"10-19","address":"3703 101 AVENUE NW","sector":"Retail trade","naics_desc":"Other building material dealers","hybrid":"No","transit_score":0.351,"lead_score":0.351,"tier":3,"dauid":"48110777","ward":"","bia":"","nearest_stop_dist":443.9,"transit_buffer_score":0.5},"geometry":{"type":"Point","coordinates":[-113.4008,53.53988]}},{"type":"Feature","properties":{"name":"SIKA CANADA INC","size":"20-99","address":"18131 114 AVENUE NW","sector":"Manufacturing","naics_desc":"Other concrete product manufacturing","hybrid":"Yes","transit_score":0.2,"lead_score":0.35,"tier":3,"dauid":"48111161","ward":"","bia":"Northwest Industrial","nearest_stop_dist":458.2,"transit_buffer_score":0.5},"geometry":{"type":"Point","coordinates":[-113.6346,53.56266]}},{"type":"Feature","properties":{"name":"NORTHWEST HYDRAULIC CONSULTANTS LTD.","size":"20-99","address":"9819 12 AVENUE SW","sector":"Professional, scientific and technical services","naics_desc":"Engineering services","hybrid":"Yes","transit_score":0.2,"lead_score":0.35,"tier":3,"dauid":"48112585","ward":"Karhiio","bia":"","nearest_stop_dist":407.8,"transit_buffer_score":0.5},"geometry":{"type":"Point","coordinates":[-113.485959,53.42136]}},{"type":"Feature","properties":{"name":"HESCO FOODSERVICE LTD.","size":"20-99","address":"1005 EBY ROAD SW","sector":"Manufacturing","naics_desc":"All other food manufacturing","hybrid":"Yes","transit_score":0.2,"lead_score":0.35,"tier":3,"dauid":"48112587","ward":"Karhiio","bia":"","nearest_stop_dist":971.2,"transit_buffer_score":0},"geometry":{"type":"Point","coordinates":[-113.488143,53.398861]}},{"type":"Feature","properties":{"name":"BLUE FALLS MANUFACTURING (WINTERBURN)","size":"20-99","address":"20310 107 AVENUE NW","sector":"Manufacturing","naics_desc":"Plastic plumbing fixture manufacturing","hybrid":"Yes","transit_score":0.2,"lead_score":0.35,"tier":3,"dauid":"48112726","ward":"Nakota Isga","bia":"","nearest_stop_dist":1154.6,"transit_buffer_score":0},"geometry":{"type":"Point","coordinates":[-113.671488,53.551625]}},{"type":"Feature","properties":{"name":"SUPERIOR TRENCHING LTD","size":"20-99","address":"20403 107 AVENUE NW","sector":"Construction","naics_desc":"Site preparation contractors","hybrid":"Yes","transit_score":0.2,"lead_score":0.35,"tier":3,"dauid":"48112726","ward":"Nakota Isga","bia":"","nearest_stop_dist":1111.1,"transit_buffer_score":0},"geometry":{"type":"Point","coordinates":[-113.6723,53.5507]}},{"type":"Feature","properties":{"name":"CONCEPT CONTROLS INC.","size":"20-99","address":"5613 70 STREET NW","sector":"Manufacturing","naics_desc":"Measuring, medical and controlling devices manufacturing","hybrid":"Yes","transit_score":0.2,"lead_score":0.35,"tier":3,"dauid":"48110700","ward":"Karhiio","bia":"","nearest_stop_dist":415.4,"transit_buffer_score":0.5},"geometry":{"type":"Point","coordinates":[-113.431224,53.490974]}},{"type":"Feature","properties":{"name":"J.R. PAINE & ASSOCIATES LTD.","size":"20-99","address":"2302 119 AVENUE NE","sector":"Professional, scientific and technical services","naics_desc":"Testing laboratories","hybrid":"Yes","transit_score":0.2,"lead_score":0.35,"tier":3,"dauid":"48112785","ward":"Dene","bia":"","nearest_stop_dist":900,"transit_buffer_score":0},"geometry":{"type":"Point","coordinates":[-113.310841,53.573016]}},{"type":"Feature","properties":{"name":"SIKA CANADA INC","size":"20-99","address":"18131 114 AVENUE NW","sector":"Manufacturing","naics_desc":"Other concrete product manufacturing","hybrid":"Yes","transit_score":0.2,"lead_score":0.35,"tier":3,"dauid":"48111161","ward":"Nakota Isga","bia":"Northwest Industrial","nearest_stop_dist":458.2,"transit_buffer_score":0.5},"geometry":{"type":"Point","coordinates":[-113.6346,53.56266]}},{"type":"Feature","properties":{"name":"TRANSX GROUP OF COMPANIES","size":"20-99","address":"19121 118A AVENUE NW","sector":"Transportation and warehousing","naics_desc":"General freight trucking, long distance, truck-load (single shipper)","hybrid":"Yes","transit_score":0.2,"lead_score":0.35,"tier":3,"dauid":"48112721","ward":"Nakota Isga","bia":"Northwest Industrial","nearest_stop_dist":745.7,"transit_buffer_score":0.1},"geometry":{"type":"Point","coordinates":[-113.6546,53.5685]}},{"type":"Feature","properties":{"name":"OPTIMUM WELLNESS INTEGRATED CLINIC","size":"20-99","address":"9080 25 AVENUE SW","sector":"Health care and social assistance","naics_desc":"Offices of physicians","hybrid":"Yes","transit_score":0.2,"lead_score":0.35,"tier":3,"dauid":"48112585","ward":"Karhiio","bia":"","nearest_stop_dist":508.8,"transit_buffer_score":0.5},"geometry":{"type":"Point","coordinates":[-113.482213,53.410845]}},{"type":"Feature","properties":{"name":"CONCEPT CONTROLS INC.","size":"20-99","address":"5613 70 STREET NW","sector":"Manufacturing","naics_desc":"Measuring, medical and controlling devices manufacturing","hybrid":"Yes","transit_score":0.2,"lead_score":0.35,"tier":3,"dauid":"48110700","ward":"","bia":"","nearest_stop_dist":415.4,"transit_buffer_score":0.5},"geometry":{"type":"Point","coordinates":[-113.431224,53.490974]}},{"type":"Feature","properties":{"name":"MCNISH STEEL LTD","size":"20-99","address":"10636 205 STREET NW","sector":"Manufacturing","naics_desc":"Iron and steel mills and ferro-alloy manufacturing","hybrid":"Yes","transit_score":0.2,"lead_score":0.35,"tier":3,"dauid":"48112726","ward":"Nakota Isga","bia":"","nearest_stop_dist":896.2,"transit_buffer_score":0},"geometry":{"type":"Point","coordinates":[-113.6757,53.55039]}},{"type":"Feature","properties":{"name":"ENCORE TRUCKING & TRANSPORT LTD","size":"20-99","address":"12011 32 STREET NE","sector":"Transportation and warehousing","naics_desc":"General freight trucking, long distance, less than truck-load (multiple shippers)","hybrid":"Yes","transit_score":0.2,"lead_score":0.35,"tier":3,"dauid":"48112783","ward":"Dene","bia":"","nearest_stop_dist":800.6,"transit_buffer_score":0},"geometry":{"type":"Point","coordinates":[-113.2969,53.57315]}},{"type":"Feature","properties":{"name":"GOVERNMENT OF ALBERTA","size":"20-99","address":"17507 FORT ROAD NW","sector":"Public administration","naics_desc":"Other provincial and territorial public administration","hybrid":"Yes","transit_score":0.2,"lead_score":0.35,"tier":3,"dauid":"48112461","ward":"Dene","bia":"","nearest_stop_dist":602.9,"transit_buffer_score":0.1},"geometry":{"type":"Point","coordinates":[-113.362722,53.639532]}},{"type":"Feature","properties":{"name":"ALLSTAR TRENCHING & EXCAVATING INC.","size":"20-99","address":"19960 107 AVENUE NW","sector":"Construction","naics_desc":"Site preparation contractors","hybrid":"Yes","transit_score":0.2,"lead_score":0.35,"tier":3,"dauid":"48112728","ward":"Nakota Isga","bia":"","nearest_stop_dist":1486.3,"transit_buffer_score":0},"geometry":{"type":"Point","coordinates":[-113.666184,53.551723]}},{"type":"Feature","properties":{"name":"J&S FOOD SERVICE","size":"10-19","address":"4718 94 AVENUE NW","sector":"Wholesale trade","naics_desc":"General-line food merchant wholesalers","hybrid":"No","transit_score":0.344,"lead_score":0.344,"tier":3,"dauid":"48110779","ward":"Métis","bia":"","nearest_stop_dist":401.3,"transit_buffer_score":0.5},"geometry":{"type":"Point","coordinates":[-113.408876,53.533581]}},{"type":"Feature","properties":{"name":"MACEY BUILT TINY HOMES INC.","size":"10-19","address":"9441 47 STREET NW","sector":"Manufacturing","naics_desc":"Manufactured (mobile) home manufacturing","hybrid":"No","transit_score":0.344,"lead_score":0.344,"tier":3,"dauid":"48110779","ward":"Métis","bia":"","nearest_stop_dist":407.5,"transit_buffer_score":0.5},"geometry":{"type":"Point","coordinates":[-113.4072,53.53291]}},{"type":"Feature","properties":{"name":"FAST FENCE RENTALS LTD","size":"10-19","address":"9004 YELLOWHEAD TRAIL NW","sector":"Construction","naics_desc":"All other specialty trade contractors","hybrid":"No","transit_score":0.344,"lead_score":0.344,"tier":3,"dauid":"48110338","ward":"Métis","bia":"","nearest_stop_dist":610.7,"transit_buffer_score":0.1},"geometry":{"type":"Point","coordinates":[-113.479997,53.582166]}},{"type":"Feature","properties":{"name":"DOP SOLUTIONS INC","size":"10-19","address":"9457 47 STREET NW","sector":"Professional, scientific and technical services","naics_desc":"Testing laboratories","hybrid":"No","transit_score":0.344,"lead_score":0.344,"tier":3,"dauid":"48110779","ward":"","bia":"","nearest_stop_dist":407.5,"transit_buffer_score":0.5},"geometry":{"type":"Point","coordinates":[-113.4072,53.53291]}},{"type":"Feature","properties":{"name":"CITY GLASS & SUPPLY LTD","size":"10-19","address":"9100 YELLOWHEAD TRAIL NW","sector":"Construction","naics_desc":"Glass and glazing contractors","hybrid":"No","transit_score":0.344,"lead_score":0.344,"tier":3,"dauid":"48110338","ward":"","bia":"","nearest_stop_dist":558.2,"transit_buffer_score":0.5},"geometry":{"type":"Point","coordinates":[-113.481341,53.581649]}},{"type":"Feature","properties":{"name":"TANGO NETWORKS INC.","size":"10-19","address":"9437 47 STREET NW","sector":"Professional, scientific and technical services","naics_desc":"Engineering services","hybrid":"No","transit_score":0.344,"lead_score":0.344,"tier":3,"dauid":"48110779","ward":"Métis","bia":"","nearest_stop_dist":441.9,"transit_buffer_score":0.5},"geometry":{"type":"Point","coordinates":[-113.407736,53.533594]}},{"type":"Feature","properties":{"name":"FAST FENCE RENTALS LTD","size":"10-19","address":"9004 YELLOWHEAD TRAIL NW","sector":"Construction","naics_desc":"All other specialty trade contractors","hybrid":"No","transit_score":0.344,"lead_score":0.344,"tier":3,"dauid":"48110338","ward":"","bia":"","nearest_stop_dist":626.9,"transit_buffer_score":0.1},"geometry":{"type":"Point","coordinates":[-113.4805,53.58231]}},{"type":"Feature","properties":{"name":"T3 PUMP TECHNOLOGY INC.","size":"10-19","address":"9425 47 STREET NW","sector":"Wholesale trade","naics_desc":"Industrial machinery, equipment and supplies merchant wholesalers","hybrid":"No","transit_score":0.344,"lead_score":0.344,"tier":3,"dauid":"48110779","ward":"","bia":"","nearest_stop_dist":407.5,"transit_buffer_score":0.5},"geometry":{"type":"Point","coordinates":[-113.4072,53.53291]}},{"type":"Feature","properties":{"name":"J&S FOOD SERVICE","size":"10-19","address":"4718 94 AVENUE NW","sector":"Wholesale trade","naics_desc":"General-line food merchant wholesalers","hybrid":"No","transit_score":0.344,"lead_score":0.344,"tier":3,"dauid":"48110779","ward":"","bia":"","nearest_stop_dist":401.3,"transit_buffer_score":0.5},"geometry":{"type":"Point","coordinates":[-113.408876,53.533581]}},{"type":"Feature","properties":{"name":"MILLENNIUM SATELLITE INC","size":"10-19","address":"9463 47 STREET NW","sector":"Information and cultural industries","naics_desc":"Satellite telecommunications","hybrid":"No","transit_score":0.344,"lead_score":0.344,"tier":3,"dauid":"48110779","ward":"","bia":"","nearest_stop_dist":407.5,"transit_buffer_score":0.5},"geometry":{"type":"Point","coordinates":[-113.4072,53.53291]}},{"type":"Feature","properties":{"name":"MANHATTAN CONCRETE","size":"10-19","address":"9003 127 AVENUE NW","sector":"Construction","naics_desc":"Poured concrete foundation and structure contractors","hybrid":"No","transit_score":0.344,"lead_score":0.344,"tier":3,"dauid":"48110338","ward":"Métis","bia":"","nearest_stop_dist":499,"transit_buffer_score":0.5},"geometry":{"type":"Point","coordinates":[-113.479979,53.584621]}},{"type":"Feature","properties":{"name":"MANHATTAN CONCRETE","size":"10-19","address":"9003 127 AVENUE NW","sector":"Construction","naics_desc":"Poured concrete foundation and structure contractors","hybrid":"No","transit_score":0.344,"lead_score":0.344,"tier":3,"dauid":"48110338","ward":"","bia":"","nearest_stop_dist":520.3,"transit_buffer_score":0.5},"geometry":{"type":"Point","coordinates":[-113.48,53.58443]}},{"type":"Feature","properties":{"name":"ROYAL ALBERTA MUSEUM - GLENORA","size":"10-19","address":"12845 102 AVENUE NW","sector":"Arts, entertainment and recreation","naics_desc":"History and science museums","hybrid":"No","transit_score":0.323,"lead_score":0.323,"tier":3,"dauid":"48110178","ward":"","bia":"","nearest_stop_dist":470.9,"transit_buffer_score":0.5},"geometry":{"type":"Point","coordinates":[-113.543141,53.542216]}},{"type":"Feature","properties":{"name":"CITY OF EDMONTON- RIVERSIDE GOLF COURSE","size":"10-19","address":"8630 ROWLAND ROAD NW","sector":"Public administration","naics_desc":"Other local, municipal and regional public administration","hybrid":"No","transit_score":0.319,"lead_score":0.319,"tier":3,"dauid":"48110809","ward":"","bia":"","nearest_stop_dist":512.1,"transit_buffer_score":0.5},"geometry":{"type":"Point","coordinates":[-113.455679,53.554077]}},{"type":"Feature","properties":{"name":"SUGBA BY FOOD-D’LICIOUS","size":"10-19","address":"8170 50 STREET NW","sector":"Accommodation and food services","naics_desc":"Limited-service eating places","hybrid":"No","transit_score":0.304,"lead_score":0.304,"tier":3,"dauid":"48110785","ward":"Métis","bia":"","nearest_stop_dist":403.9,"transit_buffer_score":0.5},"geometry":{"type":"Point","coordinates":[-113.420793,53.516367]}},{"type":"Feature","properties":{"name":"USHA PAWLUSKI PROFESSIONAL CORPORATION","size":"10-19","address":"5104 82 AVENUE NW","sector":"Professional, scientific and technical services","naics_desc":"Offices of accountants","hybrid":"No","transit_score":0.304,"lead_score":0.304,"tier":3,"dauid":"48110785","ward":"","bia":"","nearest_stop_dist":428.6,"transit_buffer_score":0.5},"geometry":{"type":"Point","coordinates":[-113.41934,53.518265]}},{"type":"Feature","properties":{"name":"HELPING CHILDREN","size":"10-19","address":"8170 50 STREET NW","sector":"Health care and social assistance","naics_desc":"Offices of mental health practitioners (except physicians)","hybrid":"No","transit_score":0.304,"lead_score":0.304,"tier":3,"dauid":"48110785","ward":"","bia":"","nearest_stop_dist":426.9,"transit_buffer_score":0.5},"geometry":{"type":"Point","coordinates":[-113.420011,53.516763]}},{"type":"Feature","properties":{"name":"SOFTLINE SOLUTIONS AB INC.","size":"10-19","address":"5203 82 AVENUE NW","sector":"Wholesale trade","naics_desc":"All other machinery, equipment and supplies merchant wholesalers","hybrid":"No","transit_score":0.304,"lead_score":0.304,"tier":3,"dauid":"48110785","ward":"","bia":"","nearest_stop_dist":420.1,"transit_buffer_score":0.5},"geometry":{"type":"Point","coordinates":[-113.41994,53.517656]}},{"type":"Feature","properties":{"name":"SOFTLINE SOLUTIONS AB INC.","size":"10-19","address":"5203 82 AVENUE NW","sector":"Wholesale trade","naics_desc":"All other machinery, equipment and supplies merchant wholesalers","hybrid":"No","transit_score":0.304,"lead_score":0.304,"tier":3,"dauid":"48110785","ward":"Métis","bia":"","nearest_stop_dist":420.1,"transit_buffer_score":0.5},"geometry":{"type":"Point","coordinates":[-113.41994,53.517656]}},{"type":"Feature","properties":{"name":"HANDEL TRANSPORT LTD","size":"5-9","address":"12515 56 STREET NW","sector":"Other services (except public administration)","naics_desc":"General automotive repair","hybrid":"No","transit_score":0.606,"lead_score":0.303,"tier":3,"dauid":"48110383","ward":"Métis","bia":"","nearest_stop_dist":494.8,"transit_buffer_score":0.5},"geometry":{"type":"Point","coordinates":[-113.427277,53.582468]}},{"type":"Feature","properties":{"name":"MOBILE COMMERCIAL INSURANCE BROKERS INC.","size":"10-19","address":"11320 119 STREET NW","sector":"Finance and insurance","naics_desc":"Insurance agencies and brokers","hybrid":"No","transit_score":0.303,"lead_score":0.303,"tier":3,"dauid":"48110228","ward":"","bia":"Kingsway","nearest_stop_dist":458.6,"transit_buffer_score":0.5},"geometry":{"type":"Point","coordinates":[-113.527541,53.563952]}},{"type":"Feature","properties":{"name":"ROGUE WAVE COFFEE CO","size":"10-19","address":"11322 119 STREET NW","sector":"Accommodation and food services","naics_desc":"Limited-service eating places","hybrid":"No","transit_score":0.303,"lead_score":0.303,"tier":3,"dauid":"48110228","ward":"","bia":"Kingsway","nearest_stop_dist":473.2,"transit_buffer_score":0.5},"geometry":{"type":"Point","coordinates":[-113.527505,53.563252]}},{"type":"Feature","properties":{"name":"ENCORE MASTER BUILDER","size":"10-19","address":"11344 119 STREET NW","sector":"Construction","naics_desc":"Residential building construction","hybrid":"No","transit_score":0.303,"lead_score":0.303,"tier":3,"dauid":"48110228","ward":"","bia":"Kingsway","nearest_stop_dist":489.1,"transit_buffer_score":0.5},"geometry":{"type":"Point","coordinates":[-113.527512,53.563658]}},{"type":"Feature","properties":{"name":"WIS INTERNATIONAL","size":"10-19","address":"11904 113 AVENUE NW","sector":"Professional, scientific and technical services","naics_desc":"Administrative management and general management consulting services","hybrid":"No","transit_score":0.303,"lead_score":0.303,"tier":3,"dauid":"48110228","ward":"","bia":"Kingsway","nearest_stop_dist":408.3,"transit_buffer_score":0.5},"geometry":{"type":"Point","coordinates":[-113.52749,53.562669]}},{"type":"Feature","properties":{"name":"ENCORE MASTER BUILDER","size":"10-19","address":"11344 119 STREET NW","sector":"Construction","naics_desc":"Residential building construction","hybrid":"No","transit_score":0.303,"lead_score":0.303,"tier":3,"dauid":"48110228","ward":"O-day'min","bia":"Kingsway","nearest_stop_dist":489.1,"transit_buffer_score":0.5},"geometry":{"type":"Point","coordinates":[-113.527512,53.563658]}},{"type":"Feature","properties":{"name":"WIS","size":"10-19","address":"11904 113 AVENUE NW","sector":"Professional, scientific and technical services","naics_desc":"Administrative management and general management consulting services","hybrid":"No","transit_score":0.303,"lead_score":0.303,"tier":3,"dauid":"48110228","ward":"","bia":"Kingsway","nearest_stop_dist":408.3,"transit_buffer_score":0.5},"geometry":{"type":"Point","coordinates":[-113.52749,53.562669]}},{"type":"Feature","properties":{"name":"CONSOLIDATED GYPSUM SUPPLY LTD","size":"5-9","address":"5510 125A AVENUE NW","sector":"Wholesale trade","naics_desc":"General-line building supplies merchant wholesalers","hybrid":"No","transit_score":0.606,"lead_score":0.303,"tier":3,"dauid":"48110383","ward":"Métis","bia":"","nearest_stop_dist":483.4,"transit_buffer_score":0.5},"geometry":{"type":"Point","coordinates":[-113.426507,53.583242]}},{"type":"Feature","properties":{"name":"MOBILE COMMERCIAL INSURANCE BROKERS INC.","size":"10-19","address":"11356 119 STREET NW","sector":"Finance and insurance","naics_desc":"Insurance agencies and brokerages","hybrid":"No","transit_score":0.303,"lead_score":0.303,"tier":3,"dauid":"48110228","ward":"O-day'min","bia":"Kingsway","nearest_stop_dist":458.6,"transit_buffer_score":0.5},"geometry":{"type":"Point","coordinates":[-113.527541,53.563952]}},{"type":"Feature","properties":{"name":"ROGUE WAVE COFFEE CO","size":"10-19","address":"11322 119 STREET NW","sector":"Accommodation and food services","naics_desc":"Limited-service eating places","hybrid":"No","transit_score":0.303,"lead_score":0.303,"tier":3,"dauid":"48110228","ward":"O-day'min","bia":"Kingsway","nearest_stop_dist":473.2,"transit_buffer_score":0.5},"geometry":{"type":"Point","coordinates":[-113.527505,53.563252]}},{"type":"Feature","properties":{"name":"WIS INTERNATIONAL","size":"10-19","address":"11904 113 AVENUE NW","sector":"Professional, scientific and technical services","naics_desc":"Administrative management and general management consulting services","hybrid":"No","transit_score":0.303,"lead_score":0.303,"tier":3,"dauid":"48110228","ward":"O-day'min","bia":"Kingsway","nearest_stop_dist":408.3,"transit_buffer_score":0.5},"geometry":{"type":"Point","coordinates":[-113.52749,53.562669]}},{"type":"Feature","properties":{"name":"WEST EDMONTON NATUROPATHIC CLINIC","size":"10-19","address":"11356 119 STREET NW","sector":"Health care and social assistance","naics_desc":"Offices of all other health care practitioners","hybrid":"No","transit_score":0.303,"lead_score":0.303,"tier":3,"dauid":"48110228","ward":"","bia":"Kingsway","nearest_stop_dist":445.7,"transit_buffer_score":0.5},"geometry":{"type":"Point","coordinates":[-113.527504,53.564067]}},{"type":"Feature","properties":{"name":"ESTHETICS PLUS (2008)","size":"10-19","address":"11350 119 STREET NW","sector":"Wholesale trade","naics_desc":"Toiletries, cosmetics, and sundries merchant wholesaler","hybrid":"No","transit_score":0.303,"lead_score":0.303,"tier":3,"dauid":"48110228","ward":"","bia":"Kingsway","nearest_stop_dist":482.5,"transit_buffer_score":0.5},"geometry":{"type":"Point","coordinates":[-113.527505,53.563719]}},{"type":"Feature","properties":{"name":"MOBILE COMMERCIAL INSURANCE BROKERS INC.","size":"10-19","address":"11356 119 STREET NW","sector":"Finance and insurance","naics_desc":"Insurance agencies and brokerages","hybrid":"No","transit_score":0.303,"lead_score":0.303,"tier":3,"dauid":"48110228","ward":"","bia":"Kingsway","nearest_stop_dist":458.6,"transit_buffer_score":0.5},"geometry":{"type":"Point","coordinates":[-113.527541,53.563952]}},{"type":"Feature","properties":{"name":"SOUL 2 SOLE MASSAGE AND WELLNESS STUDIO","size":"10-19","address":"11312 119 STREET NW","sector":"Other services (except public administration)","naics_desc":"Other personal care services","hybrid":"No","transit_score":0.303,"lead_score":0.303,"tier":3,"dauid":"48110228","ward":"","bia":"Kingsway","nearest_stop_dist":428.8,"transit_buffer_score":0.5},"geometry":{"type":"Point","coordinates":[-113.527522,53.562853]}},{"type":"Feature","properties":{"name":"HARKUL TIRE AMD LUBE","size":"5-9","address":"5524 125A AVENUE NW","sector":"Other services (except public administration)","naics_desc":"Specialized automotive repair","hybrid":"No","transit_score":0.606,"lead_score":0.303,"tier":3,"dauid":"48110383","ward":"Métis","bia":"","nearest_stop_dist":506.7,"transit_buffer_score":0.5},"geometry":{"type":"Point","coordinates":[-113.4272,53.5831]}},{"type":"Feature","properties":{"name":"THE COLOMBIAN COFFEE BAR & ROASTERY","size":"10-19","address":"10340 134 STREET NW","sector":"Accommodation and food services","naics_desc":"Limited-service eating places","hybrid":"No","transit_score":0.298,"lead_score":0.298,"tier":3,"dauid":"48111087","ward":"Nakota Isga","bia":"","nearest_stop_dist":550.3,"transit_buffer_score":0.5},"geometry":{"type":"Point","coordinates":[-113.553296,53.545882]}},{"type":"Feature","properties":{"name":"VI'S FOR PIES","size":"10-19","address":"13408 STONY PLAIN ROAD NW","sector":"Accommodation and food services","naics_desc":"Limited-service eating places","hybrid":"No","transit_score":0.298,"lead_score":0.298,"tier":3,"dauid":"48111087","ward":"","bia":"","nearest_stop_dist":572.4,"transit_buffer_score":0.5},"geometry":{"type":"Point","coordinates":[-113.553343,53.545682]}},{"type":"Feature","properties":{"name":"VI'S FOR PIES","size":"10-19","address":"13408 STONY PLAIN ROAD NW","sector":"Accommodation and food services","naics_desc":"Limited-service eating places","hybrid":"No","transit_score":0.298,"lead_score":0.298,"tier":3,"dauid":"48111087","ward":"Nakota Isga","bia":"","nearest_stop_dist":572.4,"transit_buffer_score":0.5},"geometry":{"type":"Point","coordinates":[-113.553343,53.545682]}},{"type":"Feature","properties":{"name":"THE COLOMBIAN COFFEE BAR & ROASTERY","size":"10-19","address":"10340 134 STREET NW","sector":"Accommodation and food services","naics_desc":"Limited-service eating places","hybrid":"No","transit_score":0.298,"lead_score":0.298,"tier":3,"dauid":"48111087","ward":"","bia":"","nearest_stop_dist":546.9,"transit_buffer_score":0.5},"geometry":{"type":"Point","coordinates":[-113.553329,53.545912]}},{"type":"Feature","properties":{"name":"BASEMENT CAFE","size":"10-19","address":"12110 17 STREET NE","sector":"Accommodation and food services","naics_desc":"Limited-service eating places","hybrid":"No","transit_score":0.297,"lead_score":0.297,"tier":3,"dauid":"48112493","ward":"Dene","bia":"","nearest_stop_dist":810,"transit_buffer_score":0},"geometry":{"type":"Point","coordinates":[-113.323731,53.57318]}},{"type":"Feature","properties":{"name":"LANGLEY FREIGHT LINES ('90) LTD","size":"10-19","address":"12805 17 STREET NE","sector":"Transportation and warehousing","naics_desc":"General freight trucking, long distance, truck-load (single shipper)","hybrid":"No","transit_score":0.297,"lead_score":0.297,"tier":3,"dauid":"48112493","ward":"Dene","bia":"","nearest_stop_dist":2588.5,"transit_buffer_score":0},"geometry":{"type":"Point","coordinates":[-113.3189,53.58911]}},{"type":"Feature","properties":{"name":"FLOCOR INC","size":"10-19","address":"11340 120 STREET NW","sector":"Wholesale trade","naics_desc":"Industrial machinery, equipment and supplies merchant wholesalers","hybrid":"No","transit_score":0.297,"lead_score":0.297,"tier":3,"dauid":"48110229","ward":"O-day'min","bia":"Kingsway","nearest_stop_dist":415.7,"transit_buffer_score":0.5},"geometry":{"type":"Point","coordinates":[-113.529768,53.563645]}},{"type":"Feature","properties":{"name":"EDMONTON POLICE WILLIAM NIXON TRAINING CENTRE","size":"10-19","address":"12950 9 STREET NE","sector":"Public administration","naics_desc":"Municipal police services","hybrid":"No","transit_score":0.297,"lead_score":0.297,"tier":3,"dauid":"48112493","ward":"Dene","bia":"","nearest_stop_dist":895.6,"transit_buffer_score":0},"geometry":{"type":"Point","coordinates":[-113.334339,53.588146]}},{"type":"Feature","properties":{"name":"Big Box Outlet Store","size":"10-19","address":"11311 120 STREET NW","sector":"Retail trade","naics_desc":"All other miscellaneous general merchandise retailers","hybrid":"No","transit_score":0.297,"lead_score":0.297,"tier":3,"dauid":"48110229","ward":"","bia":"Kingsway","nearest_stop_dist":482.8,"transit_buffer_score":0.5},"geometry":{"type":"Point","coordinates":[-113.528723,53.563326]}},{"type":"Feature","properties":{"name":"CHOHAN GROUP LTD","size":"10-19","address":"1903 121 AVENUE NE","sector":"Transportation and warehousing","naics_desc":"General freight trucking, long distance, truck-load (single shipper)","hybrid":"No","transit_score":0.297,"lead_score":0.297,"tier":3,"dauid":"48112493","ward":"Dene","bia":"","nearest_stop_dist":851.1,"transit_buffer_score":0},"geometry":{"type":"Point","coordinates":[-113.316849,53.573247]}},{"type":"Feature","properties":{"name":"BIG BOX OUTLET STORE","size":"10-19","address":"11311 120 STREET NW","sector":"Retail trade","naics_desc":"All other miscellaneous general merchandise retailers","hybrid":"No","transit_score":0.297,"lead_score":0.297,"tier":3,"dauid":"48110229","ward":"O-day'min","bia":"Kingsway","nearest_stop_dist":482.8,"transit_buffer_score":0.5},"geometry":{"type":"Point","coordinates":[-113.528723,53.563326]}},{"type":"Feature","properties":{"name":"WEEPING TILE DIRECT LTD.","size":"10-19","address":"11920 21 STREET NE","sector":"Manufacturing","naics_desc":"Plastic pipe and pipe fitting manufacturing","hybrid":"No","transit_score":0.297,"lead_score":0.297,"tier":3,"dauid":"48112493","ward":"Dene","bia":"","nearest_stop_dist":832.7,"transit_buffer_score":0},"geometry":{"type":"Point","coordinates":[-113.3154,53.57307]}},{"type":"Feature","properties":{"name":"THE MASTER GROUP","size":"10-19","address":"11418 120 STREET NW","sector":"Wholesale trade","naics_desc":"Plumbing, heating and air conditioning equipment and supplies merchant wholesalers","hybrid":"No","transit_score":0.297,"lead_score":0.297,"tier":3,"dauid":"48110229","ward":"","bia":"Kingsway","nearest_stop_dist":437.9,"transit_buffer_score":0.5},"geometry":{"type":"Point","coordinates":[-113.530105,53.565135]}},{"type":"Feature","properties":{"name":"AMRIZE","size":"10-19","address":"12221 17 STREET NE","sector":"Wholesale trade","naics_desc":"Other specialty-line building supplies merchant wholesalers","hybrid":"No","transit_score":0.297,"lead_score":0.297,"tier":3,"dauid":"48112493","ward":"Dene","bia":"","nearest_stop_dist":1413,"transit_buffer_score":0},"geometry":{"type":"Point","coordinates":[-113.317929,53.578342]}},{"type":"Feature","properties":{"name":"APALLOFUS CONSTRUCTION LTD","size":"10-19","address":"12124 121A STREET NW","sector":"Construction","naics_desc":"Residential building construction","hybrid":"No","transit_score":0.297,"lead_score":0.297,"tier":3,"dauid":"48110241","ward":"","bia":"","nearest_stop_dist":627.7,"transit_buffer_score":0.1},"geometry":{"type":"Point","coordinates":[-113.5314,53.57599]}},{"type":"Feature","properties":{"name":"EDMONTON CARDLOCK","size":"10-19","address":"1818 121 AVENUE NE","sector":"Retail trade","naics_desc":"Other gasoline stations","hybrid":"No","transit_score":0.297,"lead_score":0.297,"tier":3,"dauid":"48112493","ward":"Dene","bia":"","nearest_stop_dist":1114.1,"transit_buffer_score":0},"geometry":{"type":"Point","coordinates":[-113.3181,53.5756]}},{"type":"Feature","properties":{"name":"ONE TO ONE MAILING","size":"10-19","address":"4320 81 AVENUE NW","sector":"Professional, scientific and technical services","naics_desc":"Marketing research and public opinion polling","hybrid":"No","transit_score":0.289,"lead_score":0.289,"tier":3,"dauid":"48112107","ward":"Métis","bia":"","nearest_stop_dist":486.6,"transit_buffer_score":0.5},"geometry":{"type":"Point","coordinates":[-113.408531,53.516732]}},{"type":"Feature","properties":{"name":"CANADA'S BEST DUCT LTD.","size":"10-19","address":"4362 82 AVENUE NW","sector":"Administrative and support, waste management and remediation services","naics_desc":"Duct and chimney cleaning services","hybrid":"No","transit_score":0.289,"lead_score":0.289,"tier":3,"dauid":"48112107","ward":"","bia":"","nearest_stop_dist":646.3,"transit_buffer_score":0.1},"geometry":{"type":"Point","coordinates":[-113.409553,53.518289]}},{"type":"Feature","properties":{"name":"EVRAZ EDMONTON COUPLING MACHINING","size":"10-19","address":"8135 43 STREET NW","sector":"Manufacturing","naics_desc":"Machine shops","hybrid":"No","transit_score":0.289,"lead_score":0.289,"tier":3,"dauid":"48112107","ward":"","bia":"","nearest_stop_dist":653.1,"transit_buffer_score":0.1},"geometry":{"type":"Point","coordinates":[-113.407061,53.518108]}},{"type":"Feature","properties":{"name":"GENERAL RECYCLING INDUSTRIES LTD","size":"10-19","address":"4120 84 AVENUE NW","sector":"Wholesale trade","naics_desc":"Recyclable metal merchant wholesalers","hybrid":"No","transit_score":0.289,"lead_score":0.289,"tier":3,"dauid":"48112107","ward":"Métis","bia":"","nearest_stop_dist":892.4,"transit_buffer_score":0},"geometry":{"type":"Point","coordinates":[-113.4004,53.52228]}},{"type":"Feature","properties":{"name":"EVRAZ EDMONTON COUPLING MACHINING","size":"10-19","address":"8135 43 STREET NW","sector":"Manufacturing","naics_desc":"Machine shops","hybrid":"No","transit_score":0.289,"lead_score":0.289,"tier":3,"dauid":"48112107","ward":"Métis","bia":"","nearest_stop_dist":653.1,"transit_buffer_score":0.1},"geometry":{"type":"Point","coordinates":[-113.407061,53.518108]}},{"type":"Feature","properties":{"name":"SAHARA SANDBLASTING AND PAINTING","size":"10-19","address":"34 STREET NW","sector":"Construction","naics_desc":"All other specialty trade contractors","hybrid":"No","transit_score":0.289,"lead_score":0.289,"tier":3,"dauid":"48112107","ward":"","bia":"","nearest_stop_dist":435.6,"transit_buffer_score":0.5},"geometry":{"type":"Point","coordinates":[-113.39406,53.516326]}},{"type":"Feature","properties":{"name":"HADY ELECTRIC LTD","size":"10-19","address":"4324 82 AVENUE NW","sector":"Construction","naics_desc":"Electrical contractors and other wiring installation contractors","hybrid":"No","transit_score":0.289,"lead_score":0.289,"tier":3,"dauid":"48112107","ward":"Métis","bia":"","nearest_stop_dist":659.4,"transit_buffer_score":0.1},"geometry":{"type":"Point","coordinates":[-113.4085,53.51832]}},{"type":"Feature","properties":{"name":"ACCESSORY WAREHOUSE","size":"10-19","address":"4419 82 AVENUE NW","sector":"Wholesale trade","naics_desc":"Other new motor vehicle parts and accessories merchant wholesalers","hybrid":"No","transit_score":0.289,"lead_score":0.289,"tier":3,"dauid":"48112107","ward":"","bia":"","nearest_stop_dist":557,"transit_buffer_score":0.5},"geometry":{"type":"Point","coordinates":[-113.410241,53.517506]}},{"type":"Feature","properties":{"name":"HOUSE TO HIGHRISE PROPERTY SERVICES INC","size":"10-19","address":"8117 43 STREET NW","sector":"Construction","naics_desc":"Other foundation, structure and building exterior contractors","hybrid":"No","transit_score":0.289,"lead_score":0.289,"tier":3,"dauid":"48112107","ward":"","bia":"","nearest_stop_dist":516.6,"transit_buffer_score":0.5},"geometry":{"type":"Point","coordinates":[-113.407093,53.516851]}},{"type":"Feature","properties":{"name":"ANC INC.","size":"10-19","address":"6914 34 STREET NW","sector":"Agriculture, forestry, fishing and hunting","naics_desc":"Cannabis grown under cover","hybrid":"No","transit_score":0.289,"lead_score":0.289,"tier":3,"dauid":"48112107","ward":"","bia":"","nearest_stop_dist":643.5,"transit_buffer_score":0.1},"geometry":{"type":"Point","coordinates":[-113.395303,53.506665]}},{"type":"Feature","properties":{"name":"STAR EDMONTON BANQUET & CONFERENCE CENTRE","size":"10-19","address":"6930 34 STREET NW","sector":"Administrative and support, waste management and remediation services","naics_desc":"Convention and trade show organizers","hybrid":"No","transit_score":0.289,"lead_score":0.289,"tier":3,"dauid":"48112107","ward":"Sspomitapi","bia":"","nearest_stop_dist":607.6,"transit_buffer_score":0.1},"geometry":{"type":"Point","coordinates":[-113.395375,53.50699]}},{"type":"Feature","properties":{"name":"THE LUMEVISION GROUP","size":"10-19","address":"8440 45 STREET NW","sector":"Retail trade","naics_desc":"All other home furnishing retailers","hybrid":"No","transit_score":0.289,"lead_score":0.289,"tier":3,"dauid":"48112107","ward":"","bia":"","nearest_stop_dist":562,"transit_buffer_score":0.5},"geometry":{"type":"Point","coordinates":[-113.410871,53.519724]}},{"type":"Feature","properties":{"name":"CAPITAL RIG REPAIR LTD.","size":"10-19","address":"2204 84 AVENUE NW","sector":"Manufacturing","naics_desc":"Mining and oil and gas field machinery manufacturing","hybrid":"No","transit_score":0.289,"lead_score":0.289,"tier":3,"dauid":"48112107","ward":"","bia":"","nearest_stop_dist":799.6,"transit_buffer_score":0.1},"geometry":{"type":"Point","coordinates":[-113.406988,53.51945]}},{"type":"Feature","properties":{"name":"CAPITAL RIG REPAIR LTD.","size":"10-19","address":"2204 84 AVENUE NW","sector":"Manufacturing","naics_desc":"Mining and oil and gas field machinery manufacturing","hybrid":"No","transit_score":0.289,"lead_score":0.289,"tier":3,"dauid":"48112107","ward":"Métis","bia":"","nearest_stop_dist":799.6,"transit_buffer_score":0.1},"geometry":{"type":"Point","coordinates":[-113.406988,53.51945]}},{"type":"Feature","properties":{"name":"ALBERTA PIPE SUPPORT & FABRICATION INC","size":"10-19","address":"4403 84 AVENUE NW","sector":"Manufacturing","naics_desc":"Prefabricated metal building and component manufacturing","hybrid":"No","transit_score":0.289,"lead_score":0.289,"tier":3,"dauid":"48112107","ward":"Métis","bia":"","nearest_stop_dist":690.7,"transit_buffer_score":0.1},"geometry":{"type":"Point","coordinates":[-113.4093,53.51902]}},{"type":"Feature","properties":{"name":"NO MORE EXCUSES FITNESS","size":"10-19","address":"8111 43 STREET NW","sector":"Arts, entertainment and recreation","naics_desc":"Fitness and recreational sports centres","hybrid":"No","transit_score":0.289,"lead_score":0.289,"tier":3,"dauid":"48112107","ward":"","bia":"","nearest_stop_dist":494.1,"transit_buffer_score":0.5},"geometry":{"type":"Point","coordinates":[-113.406733,53.51669]}},{"type":"Feature","properties":{"name":"GFL EDMONTON - LIQUID WASTE","size":"10-19","address":"4208 84 AVENUE NW","sector":"Administrative and support, waste management and remediation services","naics_desc":"Waste treatment and disposal","hybrid":"No","transit_score":0.289,"lead_score":0.289,"tier":3,"dauid":"48112107","ward":"","bia":"","nearest_stop_dist":771.7,"transit_buffer_score":0.1},"geometry":{"type":"Point","coordinates":[-113.4073,53.51992]}},{"type":"Feature","properties":{"name":"MAYSFIELD APPLIANCE STORE AND REPAIR","size":"10-19","address":"4507 82 AVENUE NW","sector":"Other services (except public administration)","naics_desc":"Appliance repair and maintenance","hybrid":"No","transit_score":0.289,"lead_score":0.289,"tier":3,"dauid":"48112107","ward":"Métis","bia":"","nearest_stop_dist":574.1,"transit_buffer_score":0.5},"geometry":{"type":"Point","coordinates":[-113.410744,53.517657]}},{"type":"Feature","properties":{"name":"DELTA WATER PRODUCTS","size":"10-19","address":"4344 81 AVENUE NW","sector":"Wholesale trade","naics_desc":"Farm, lawn and garden machinery and equipment merchant wholesalers","hybrid":"No","transit_score":0.289,"lead_score":0.289,"tier":3,"dauid":"48112107","ward":"","bia":"","nearest_stop_dist":439.7,"transit_buffer_score":0.5},"geometry":{"type":"Point","coordinates":[-113.409753,53.516434]}},{"type":"Feature","properties":{"name":"HI TECH HEAT TREATING LTD","size":"10-19","address":"4515 82 AVENUE NW","sector":"Manufacturing","naics_desc":"Coating, engraving, cold and heat treating and allied activities","hybrid":"No","transit_score":0.289,"lead_score":0.289,"tier":3,"dauid":"48112107","ward":"","bia":"","nearest_stop_dist":559,"transit_buffer_score":0.5},"geometry":{"type":"Point","coordinates":[-113.410608,53.517524]}},{"type":"Feature","properties":{"name":"MV MACHINES LTD","size":"10-19","address":"4303 82 AVENUE NW","sector":"Manufacturing","naics_desc":"Machine shops","hybrid":"No","transit_score":0.289,"lead_score":0.289,"tier":3,"dauid":"48112107","ward":"","bia":"","nearest_stop_dist":564.7,"transit_buffer_score":0.5},"geometry":{"type":"Point","coordinates":[-113.4085,53.51745]}},{"type":"Feature","properties":{"name":"GRIZZLY INC","size":"10-19","address":"8320 43 STREET NW","sector":"Wholesale trade","naics_desc":"Industrial machinery, equipment and supplies merchant wholesalers","hybrid":"No","transit_score":0.289,"lead_score":0.289,"tier":3,"dauid":"48112107","ward":"Métis","bia":"","nearest_stop_dist":736,"transit_buffer_score":0.1},"geometry":{"type":"Point","coordinates":[-113.4084,53.51901]}},{"type":"Feature","properties":{"name":"INLAND VALVE CORPORATION LTD","size":"10-19","address":"4319 82 AVENUE NW","sector":"Wholesale trade","naics_desc":"Industrial machinery, equipment and supplies merchant wholesalers","hybrid":"No","transit_score":0.289,"lead_score":0.289,"tier":3,"dauid":"48112107","ward":"Métis","bia":"","nearest_stop_dist":579.8,"transit_buffer_score":0.5},"geometry":{"type":"Point","coordinates":[-113.408699,53.517614]}},{"type":"Feature","properties":{"name":"GRIZZLY INC","size":"10-19","address":"8320 43 STREET NW","sector":"Wholesale trade","naics_desc":"Industrial machinery, equipment and supplies merchant wholesalers","hybrid":"No","transit_score":0.289,"lead_score":0.289,"tier":3,"dauid":"48112107","ward":"","bia":"","nearest_stop_dist":736,"transit_buffer_score":0.1},"geometry":{"type":"Point","coordinates":[-113.4084,53.51901]}},{"type":"Feature","properties":{"name":"CITRON HYGIENE GP INC.","size":"10-19","address":"4403 82 AVENUE NW","sector":"Administrative and support, waste management and remediation services","naics_desc":"All other support services","hybrid":"No","transit_score":0.289,"lead_score":0.289,"tier":3,"dauid":"48112107","ward":"","bia":"","nearest_stop_dist":553.1,"transit_buffer_score":0.5},"geometry":{"type":"Point","coordinates":[-113.4098,53.51746]}},{"type":"Feature","properties":{"name":"T C INDUSTRIAL TIRE LTD","size":"10-19","address":"4415 82 AVENUE NW","sector":"Retail trade","naics_desc":"Tire dealers","hybrid":"No","transit_score":0.289,"lead_score":0.289,"tier":3,"dauid":"48112107","ward":"","bia":"","nearest_stop_dist":553.1,"transit_buffer_score":0.5},"geometry":{"type":"Point","coordinates":[-113.4098,53.51746]}},{"type":"Feature","properties":{"name":"BLENDS","size":"10-19","address":"8115 46 STREET NW","sector":"Manufacturing","naics_desc":"Seasoning and dressing manufacturing","hybrid":"No","transit_score":0.289,"lead_score":0.289,"tier":3,"dauid":"48112107","ward":"","bia":"","nearest_stop_dist":468.5,"transit_buffer_score":0.5},"geometry":{"type":"Point","coordinates":[-113.411277,53.516678]}},{"type":"Feature","properties":{"name":"BENTLEY NORTHCHEM LTD","size":"10-19","address":"8412 45 STREET NW","sector":"Manufacturing","naics_desc":"Soap and cleaning compound manufacturing","hybrid":"No","transit_score":0.289,"lead_score":0.289,"tier":3,"dauid":"48112107","ward":"Métis","bia":"","nearest_stop_dist":487.3,"transit_buffer_score":0.5},"geometry":{"type":"Point","coordinates":[-113.411683,53.520265]}},{"type":"Feature","properties":{"name":"BLENDS","size":"10-19","address":"8115 46 STREET NW","sector":"Manufacturing","naics_desc":"Seasoning and dressing manufacturing","hybrid":"No","transit_score":0.289,"lead_score":0.289,"tier":3,"dauid":"48112107","ward":"Métis","bia":"","nearest_stop_dist":468.5,"transit_buffer_score":0.5},"geometry":{"type":"Point","coordinates":[-113.411277,53.516678]}},{"type":"Feature","properties":{"name":"ROYAL MANAGEMENT SERVICES INC.","size":"10-19","address":"4304 82 AVENUE NW","sector":"Real estate and rental and leasing","naics_desc":"Real estate property managers","hybrid":"No","transit_score":0.289,"lead_score":0.289,"tier":3,"dauid":"48112107","ward":"Métis","bia":"","nearest_stop_dist":657.9,"transit_buffer_score":0.1},"geometry":{"type":"Point","coordinates":[-113.408524,53.518309]}},{"type":"Feature","properties":{"name":"CRALAN WOODCRAFTING & INTERIORS","size":"10-19","address":"4332 81 AVENUE NW","sector":"Construction","naics_desc":"Finish carpentry contractors","hybrid":"No","transit_score":0.289,"lead_score":0.289,"tier":3,"dauid":"48112107","ward":"","bia":"","nearest_stop_dist":425.4,"transit_buffer_score":0.5},"geometry":{"type":"Point","coordinates":[-113.410143,53.516321]}},{"type":"Feature","properties":{"name":"STAR EDMONTON BANQUET & CONFERENCE CENTRE","size":"10-19","address":"6930 34 STREET NW","sector":"Administrative and support, waste management and remediation services","naics_desc":"Convention and trade show organizers","hybrid":"No","transit_score":0.289,"lead_score":0.289,"tier":3,"dauid":"48112107","ward":"","bia":"","nearest_stop_dist":607.6,"transit_buffer_score":0.1},"geometry":{"type":"Point","coordinates":[-113.395375,53.50699]}},{"type":"Feature","properties":{"name":"CRANEIUM INC.","size":"10-19","address":"8112 46 STREET NW","sector":"Wholesale trade","naics_desc":"Construction and forestry machinery, equipment and supplies merchant wholesalers","hybrid":"No","transit_score":0.289,"lead_score":0.289,"tier":3,"dauid":"48112107","ward":"Métis","bia":"","nearest_stop_dist":415,"transit_buffer_score":0.5},"geometry":{"type":"Point","coordinates":[-113.412298,53.516054]}},{"type":"Feature","properties":{"name":"NO MORE EXCUSES FITNESS","size":"10-19","address":"8111 43 STREET NW","sector":"Arts, entertainment and recreation","naics_desc":"Fitness and recreational sports centres","hybrid":"No","transit_score":0.289,"lead_score":0.289,"tier":3,"dauid":"48112107","ward":"Métis","bia":"","nearest_stop_dist":494.1,"transit_buffer_score":0.5},"geometry":{"type":"Point","coordinates":[-113.406733,53.51669]}},{"type":"Feature","properties":{"name":"BNC","size":"10-19","address":"8412 45 STREET NW","sector":"Other services (except public administration)","naics_desc":"Dry cleaning and laundry services (except coin-operated)","hybrid":"No","transit_score":0.289,"lead_score":0.289,"tier":3,"dauid":"48112107","ward":"","bia":"","nearest_stop_dist":565.5,"transit_buffer_score":0.5},"geometry":{"type":"Point","coordinates":[-113.410687,53.519872]}},{"type":"Feature","properties":{"name":"HI TECH HEAT TREATING LTD","size":"10-19","address":"4523 82 AVENUE NW","sector":"Manufacturing","naics_desc":"Coating, engraving, cold and heat treating and allied activities","hybrid":"No","transit_score":0.289,"lead_score":0.289,"tier":3,"dauid":"48112107","ward":"Métis","bia":"","nearest_stop_dist":452.7,"transit_buffer_score":0.5},"geometry":{"type":"Point","coordinates":[-113.411089,53.516548]}},{"type":"Feature","properties":{"name":"TIGCO LTD","size":"10-19","address":"4364 82 AVENUE NW","sector":"Other services (except public administration)","naics_desc":"Commercial and industrial machinery and equipment (except automotive and electronic) repair and maintenance","hybrid":"No","transit_score":0.289,"lead_score":0.289,"tier":3,"dauid":"48112107","ward":"","bia":"","nearest_stop_dist":631.6,"transit_buffer_score":0.1},"geometry":{"type":"Point","coordinates":[-113.410496,53.518178]}},{"type":"Feature","properties":{"name":"VISTA TECHNOLOGY INC","size":"10-19","address":"8432 45 STREET NW","sector":"Wholesale trade","naics_desc":"Professional machinery, equipment and supplies merchant wholesalers","hybrid":"No","transit_score":0.289,"lead_score":0.289,"tier":3,"dauid":"48112107","ward":"","bia":"","nearest_stop_dist":518.3,"transit_buffer_score":0.5},"geometry":{"type":"Point","coordinates":[-113.411214,53.520206]}},{"type":"Feature","properties":{"name":"CANADIAN CRIBBING","size":"10-19","address":"4656 82 AVENUE NW","sector":"Construction","naics_desc":"Other foundation, structure and building exterior contractors","hybrid":"No","transit_score":0.289,"lead_score":0.289,"tier":3,"dauid":"48112107","ward":"Métis","bia":"","nearest_stop_dist":477.7,"transit_buffer_score":0.5},"geometry":{"type":"Point","coordinates":[-113.41264,53.51948]}},{"type":"Feature","properties":{"name":"COMBAT ARCHERY","size":"10-19","address":"8128 46 STREET NW","sector":"Arts, entertainment and recreation","naics_desc":"Fitness and recreational sports centres","hybrid":"No","transit_score":0.289,"lead_score":0.289,"tier":3,"dauid":"48112107","ward":"","bia":"","nearest_stop_dist":458.5,"transit_buffer_score":0.5},"geometry":{"type":"Point","coordinates":[-113.412615,53.516416]}},{"type":"Feature","properties":{"name":"GILLS HOLDINGS LTD","size":"10-19","address":"4612 82 AVENUE NW","sector":"Transportation and warehousing","naics_desc":"Dry bulk materials trucking, local","hybrid":"No","transit_score":0.289,"lead_score":0.289,"tier":3,"dauid":"48112107","ward":"Métis","bia":"","nearest_stop_dist":536.9,"transit_buffer_score":0.5},"geometry":{"type":"Point","coordinates":[-113.412463,53.51878]}},{"type":"Feature","properties":{"name":"BENTLEY NORTHCHEM LTD","size":"10-19","address":"8412 45 STREET NW","sector":"Manufacturing","naics_desc":"Soap and cleaning compound manufacturing","hybrid":"No","transit_score":0.289,"lead_score":0.289,"tier":3,"dauid":"48112107","ward":"","bia":"","nearest_stop_dist":487.3,"transit_buffer_score":0.5},"geometry":{"type":"Point","coordinates":[-113.411683,53.520265]}},{"type":"Feature","properties":{"name":"SIRIUS INSTRUMENTATION AND CONTROLS INC","size":"10-19","address":"4619 82 AVENUE NW","sector":"Manufacturing","naics_desc":"Pump and compressor manufacturing","hybrid":"No","transit_score":0.289,"lead_score":0.289,"tier":3,"dauid":"48112107","ward":"","bia":"","nearest_stop_dist":559,"transit_buffer_score":0.5},"geometry":{"type":"Point","coordinates":[-113.413193,53.51727]}},{"type":"Feature","properties":{"name":"GO TOWING LTD","size":"10-19","address":"4644 82 AVENUE NW","sector":"Transportation and warehousing","naics_desc":"Motor vehicle towing","hybrid":"No","transit_score":0.289,"lead_score":0.289,"tier":3,"dauid":"48112107","ward":"Métis","bia":"","nearest_stop_dist":537.8,"transit_buffer_score":0.5},"geometry":{"type":"Point","coordinates":[-113.411937,53.519136]}},{"type":"Feature","properties":{"name":"CINTAS CANADA LIMITED,CINTAS CANADA LIMITEE","size":"10-19","address":"4348 81 AVENUE NW","sector":"Wholesale trade","naics_desc":"All other merchant wholesalers","hybrid":"No","transit_score":0.289,"lead_score":0.289,"tier":3,"dauid":"48112107","ward":"","bia":"","nearest_stop_dist":473.4,"transit_buffer_score":0.5},"geometry":{"type":"Point","coordinates":[-113.410272,53.516755]}},{"type":"Feature","properties":{"name":"TORGUNRUD CONSTRUCTION","size":"10-19","address":"8216 43 STREET NW","sector":"Construction","naics_desc":"Residential building construction","hybrid":"No","transit_score":0.289,"lead_score":0.289,"tier":3,"dauid":"48112107","ward":"","bia":"","nearest_stop_dist":659.4,"transit_buffer_score":0.1},"geometry":{"type":"Point","coordinates":[-113.4085,53.51832]}},{"type":"Feature","properties":{"name":"SIRIUS INSTRUMENTATION AND CONTROLS INC","size":"10-19","address":"4619 82 AVENUE NW","sector":"Manufacturing","naics_desc":"Pump and compressor manufacturing","hybrid":"No","transit_score":0.289,"lead_score":0.289,"tier":3,"dauid":"48112107","ward":"Métis","bia":"","nearest_stop_dist":559,"transit_buffer_score":0.5},"geometry":{"type":"Point","coordinates":[-113.413193,53.51727]}},{"type":"Feature","properties":{"name":"DH HOMES LTD.","size":"10-19","address":"4358 82 AVENUE NW","sector":"Construction","naics_desc":"Other foundation, structure and building exterior contractors","hybrid":"No","transit_score":0.289,"lead_score":0.289,"tier":3,"dauid":"48112107","ward":"Métis","bia":"","nearest_stop_dist":649.3,"transit_buffer_score":0.1},"geometry":{"type":"Point","coordinates":[-113.4099,53.51833]}},{"type":"Feature","properties":{"name":"EZ CONCRETE PUMPING LTD","size":"10-19","address":"3753 73 AVENUE NW","sector":"Mining, quarrying, and oil and gas extraction","naics_desc":"Services to oil and gas extraction","hybrid":"No","transit_score":0.289,"lead_score":0.289,"tier":3,"dauid":"48112107","ward":"","bia":"","nearest_stop_dist":446.7,"transit_buffer_score":0.5},"geometry":{"type":"Point","coordinates":[-113.399422,53.507728]}},{"type":"Feature","properties":{"name":"MIDNIGHT WELDING SERVICES","size":"10-19","address":"3749 73 AVENUE NW","sector":"Other services (except public administration)","naics_desc":"Commercial and industrial machinery and equipment (except automotive and electronic) repair and maintenance","hybrid":"No","transit_score":0.289,"lead_score":0.289,"tier":3,"dauid":"48112107","ward":"Métis","bia":"","nearest_stop_dist":403.8,"transit_buffer_score":0.5},"geometry":{"type":"Point","coordinates":[-113.400239,53.507885]}},{"type":"Feature","properties":{"name":"INTUITIVE WOODWORKS","size":"10-19","address":"8121 43 STREET NW","sector":"Manufacturing","naics_desc":"Wood office furniture, including custom architectural woodwork, manufacturing","hybrid":"No","transit_score":0.289,"lead_score":0.289,"tier":3,"dauid":"48112107","ward":"","bia":"","nearest_stop_dist":505.2,"transit_buffer_score":0.5},"geometry":{"type":"Point","coordinates":[-113.406441,53.516821]}},{"type":"Feature","properties":{"name":"MORRISON HOMES","size":"10-19","address":"3552 78 AVENE NW","sector":"Construction","naics_desc":"Residential building construction","hybrid":"No","transit_score":0.289,"lead_score":0.289,"tier":3,"dauid":"48112107","ward":"","bia":"","nearest_stop_dist":410.1,"transit_buffer_score":0.5},"geometry":{"type":"Point","coordinates":[-113.396426,53.516041]}},{"type":"Feature","properties":{"name":"ALBERTA PIPE SUPPORT & FABRICATION INC","size":"10-19","address":"4403 84 AVENUE NW","sector":"Manufacturing","naics_desc":"Prefabricated metal building and component manufacturing","hybrid":"No","transit_score":0.289,"lead_score":0.289,"tier":3,"dauid":"48112107","ward":"","bia":"","nearest_stop_dist":690.7,"transit_buffer_score":0.1},"geometry":{"type":"Point","coordinates":[-113.4093,53.51902]}},{"type":"Feature","properties":{"name":"CANADIAN WEEPING TILES","size":"10-19","address":"4656 82 AVENUE","sector":"Construction","naics_desc":"Site preparation contractors","hybrid":"No","transit_score":0.289,"lead_score":0.289,"tier":3,"dauid":"48112107","ward":"Métis","bia":"","nearest_stop_dist":480.8,"transit_buffer_score":0.5},"geometry":{"type":"Point","coordinates":[-113.412402,53.519627]}},{"type":"Feature","properties":{"name":"FARMAN SERVICES LTD.","size":"10-19","address":"4360 82 AVENUE NW","sector":"Administrative and support, waste management and remediation services","naics_desc":"Landscaping services","hybrid":"No","transit_score":0.289,"lead_score":0.289,"tier":3,"dauid":"48112107","ward":"Métis","bia":"","nearest_stop_dist":622.8,"transit_buffer_score":0.1},"geometry":{"type":"Point","coordinates":[-113.409986,53.518094]}},{"type":"Feature","properties":{"name":"PRO STOCK PERFORMANCE & MACHINE LTD","size":"10-19","address":"12403 126 AVENUE NW","sector":"Retail trade","naics_desc":"Automotive parts and accessories retailers","hybrid":"No","transit_score":0.287,"lead_score":0.287,"tier":3,"dauid":"48110242","ward":"Anirniq","bia":"","nearest_stop_dist":475.8,"transit_buffer_score":0.5},"geometry":{"type":"Point","coordinates":[-113.536396,53.582203]}},{"type":"Feature","properties":{"name":"MISTER MASTER LOCKSMITH SERVICES","size":"10-19","address":"12601 125 STREET NW","sector":"Administrative and support, waste management and remediation services","naics_desc":"Locksmiths","hybrid":"No","transit_score":0.287,"lead_score":0.287,"tier":3,"dauid":"48110242","ward":"Anirniq","bia":"","nearest_stop_dist":413.8,"transit_buffer_score":0.5},"geometry":{"type":"Point","coordinates":[-113.537243,53.582514]}},{"type":"Feature","properties":{"name":"DONAIR SHOP","size":"10-19","address":"9718 OTTEWELL ROAD NW","sector":"Accommodation and food services","naics_desc":"Limited-service eating places","hybrid":"No","transit_score":0.284,"lead_score":0.284,"tier":3,"dauid":"48112112","ward":"","bia":"","nearest_stop_dist":461.3,"transit_buffer_score":0.5},"geometry":{"type":"Point","coordinates":[-113.438228,53.537034]}},{"type":"Feature","properties":{"name":"PIZZA 73","size":"10-19","address":"9722 OTTEWELL ROAD NW","sector":"Accommodation and food services","naics_desc":"Limited-service eating places","hybrid":"No","transit_score":0.284,"lead_score":0.284,"tier":3,"dauid":"48112112","ward":"","bia":"","nearest_stop_dist":461.3,"transit_buffer_score":0.5},"geometry":{"type":"Point","coordinates":[-113.438232,53.537034]}},{"type":"Feature","properties":{"name":"DONAIR SHOP","size":"10-19","address":"9718 OTTEWELL ROAD NW","sector":"Accommodation and food services","naics_desc":"Limited-service eating places","hybrid":"No","transit_score":0.284,"lead_score":0.284,"tier":3,"dauid":"48112112","ward":"Métis","bia":"","nearest_stop_dist":464.6,"transit_buffer_score":0.5},"geometry":{"type":"Point","coordinates":[-113.438359,53.536992]}},{"type":"Feature","properties":{"name":"RECOVERY ACRES SOCIETY","size":"10-19","address":"6329 118 STREET NW","sector":"Health care and social assistance","naics_desc":"Psychiatric and substance use hospitals","hybrid":"No","transit_score":0.283,"lead_score":0.283,"tier":3,"dauid":"48111324","ward":"papastew","bia":"","nearest_stop_dist":424,"transit_buffer_score":0.5},"geometry":{"type":"Point","coordinates":[-113.53488,53.49952]}},{"type":"Feature","properties":{"name":"DAIRY QUEEN","size":"10-19","address":"7460 76 AVENUE NW","sector":"Accommodation and food services","naics_desc":"Limited-service eating places","hybrid":"No","transit_score":0.265,"lead_score":0.265,"tier":3,"dauid":"48110748","ward":"","bia":"","nearest_stop_dist":430.8,"transit_buffer_score":0.5},"geometry":{"type":"Point","coordinates":[-113.442328,53.512505]}},{"type":"Feature","properties":{"name":"DAIRY QUEEN","size":"10-19","address":"7460 76 AVENUE NW","sector":"Accommodation and food services","naics_desc":"Limited-service eating places","hybrid":"No","transit_score":0.265,"lead_score":0.265,"tier":3,"dauid":"48110748","ward":"Métis","bia":"","nearest_stop_dist":431.2,"transit_buffer_score":0.5},"geometry":{"type":"Point","coordinates":[-113.442458,53.512498]}},{"type":"Feature","properties":{"name":"IRON SALON","size":"10-19","address":"5466 CALGARY TRAIL NW","sector":"Other services (except public administration)","naics_desc":"Beauty salons","hybrid":"No","transit_score":0.264,"lead_score":0.264,"tier":3,"dauid":"48110848","ward":"papastew","bia":"","nearest_stop_dist":408.3,"transit_buffer_score":0.5},"geometry":{"type":"Point","coordinates":[-113.497063,53.491855]}},{"type":"Feature","properties":{"name":"THE BOTHY WINE & WHISKY BAR INC","size":"10-19","address":"5482 CALGARY TRAIL NW","sector":"Accommodation and food services","naics_desc":"Drinking places (alcoholic beverages)","hybrid":"No","transit_score":0.264,"lead_score":0.264,"tier":3,"dauid":"48110848","ward":"papastew","bia":"","nearest_stop_dist":415.1,"transit_buffer_score":0.5},"geometry":{"type":"Point","coordinates":[-113.497385,53.491866]}},{"type":"Feature","properties":{"name":"ISCO CANADA INC.","size":"10-19","address":"9310 YELLOWHEAD TRAIL NW","sector":"Wholesale trade","naics_desc":"Other specialty-line building supplies merchant wholesalers","hybrid":"Yes","transit_score":0.371,"lead_score":0.26,"tier":3,"dauid":"48110358","ward":"","bia":"","nearest_stop_dist":557.8,"transit_buffer_score":0.5},"geometry":{"type":"Point","coordinates":[-113.484037,53.581675]}},{"type":"Feature","properties":{"name":"M & R S CONTROLS CORP","size":"10-19","address":"9320 YELLOWHEAD TRAIL NW","sector":"Wholesale trade","naics_desc":"Electrical wiring and construction supplies merchant wholesalers","hybrid":"Yes","transit_score":0.371,"lead_score":0.26,"tier":3,"dauid":"48110358","ward":"Métis","bia":"","nearest_stop_dist":561.8,"transit_buffer_score":0.5},"geometry":{"type":"Point","coordinates":[-113.4847,53.58234]}},{"type":"Feature","properties":{"name":"VIA RAIL","size":"10-19","address":"12360 121 STREET NW","sector":"Transportation and warehousing","naics_desc":"Passenger rail transportation","hybrid":"No","transit_score":0.258,"lead_score":0.258,"tier":3,"dauid":"48110240","ward":"","bia":"Kingsway","nearest_stop_dist":685.8,"transit_buffer_score":0.1},"geometry":{"type":"Point","coordinates":[-113.530777,53.578964]}},{"type":"Feature","properties":{"name":"VIA RAIL","size":"10-19","address":"12360 121 STREET NW","sector":"Transportation and warehousing","naics_desc":"Passenger rail transportation","hybrid":"No","transit_score":0.258,"lead_score":0.258,"tier":3,"dauid":"48110240","ward":"","bia":"Kingsway","nearest_stop_dist":685.8,"transit_buffer_score":0.1},"geometry":{"type":"Point","coordinates":[-113.530777,53.578964]}},{"type":"Feature","properties":{"name":"RENEW SERVICES INC","size":"10-19","address":"12520 124 STREET NW","sector":"Construction","naics_desc":"Plumbing, heating and air-conditioning contractors","hybrid":"No","transit_score":0.258,"lead_score":0.258,"tier":3,"dauid":"48110240","ward":"Anirniq","bia":"","nearest_stop_dist":425.8,"transit_buffer_score":0.5},"geometry":{"type":"Point","coordinates":[-113.5365,53.58156]}},{"type":"Feature","properties":{"name":"EDMONTON POLICE TOW LOT -POLICE SEIZED VEHICLE","size":"10-19","address":"12230 124 AVENUE NW","sector":"Public administration","naics_desc":"Municipal police services","hybrid":"No","transit_score":0.258,"lead_score":0.258,"tier":3,"dauid":"48110240","ward":"","bia":"","nearest_stop_dist":508.2,"transit_buffer_score":0.5},"geometry":{"type":"Point","coordinates":[-113.53352,53.579035]}},{"type":"Feature","properties":{"name":"VIA RAIL","size":"10-19","address":"12360 121 STREET NW","sector":"Transportation and warehousing","naics_desc":"Passenger rail transportation","hybrid":"No","transit_score":0.258,"lead_score":0.258,"tier":3,"dauid":"48110240","ward":"O-day'min","bia":"Kingsway","nearest_stop_dist":685.8,"transit_buffer_score":0.1},"geometry":{"type":"Point","coordinates":[-113.530777,53.578964]}},{"type":"Feature","properties":{"name":"SHARC DOOR CONTROLS INC.","size":"10-19","address":"8714 YELLOWHEAD TRAIL NW","sector":"Administrative and support, waste management and remediation services","naics_desc":"Locksmiths","hybrid":"Yes","transit_score":0.365,"lead_score":0.256,"tier":3,"dauid":"48110363","ward":"","bia":"","nearest_stop_dist":514.8,"transit_buffer_score":0.5},"geometry":{"type":"Point","coordinates":[-113.475192,53.581723]}},{"type":"Feature","properties":{"name":"HALFORDS","size":"10-19","address":"8629 126 AVENUE NW","sector":"Retail trade","naics_desc":"Hobby, toy and game retailers","hybrid":"Yes","transit_score":0.365,"lead_score":0.256,"tier":3,"dauid":"48110363","ward":"Métis","bia":"","nearest_stop_dist":457.6,"transit_buffer_score":0.5},"geometry":{"type":"Point","coordinates":[-113.473945,53.582522]}},{"type":"Feature","properties":{"name":"SHARC DOOR CONTROLS INC.","size":"10-19","address":"8714 YELLOWHEAD TRAIL NW","sector":"Construction","naics_desc":"All other building equipment contractors","hybrid":"Yes","transit_score":0.365,"lead_score":0.256,"tier":3,"dauid":"48110363","ward":"Métis","bia":"","nearest_stop_dist":514.8,"transit_buffer_score":0.5},"geometry":{"type":"Point","coordinates":[-113.475192,53.581723]}},{"type":"Feature","properties":{"name":"EDMONTON BMX ASSOCIATION","size":"10-19","address":"6850 88 STREET NW","sector":"Arts, entertainment and recreation","naics_desc":"Sports clubs, teams and leagues performing before a non-paying audience","hybrid":"No","transit_score":0.255,"lead_score":0.255,"tier":3,"dauid":"48110743","ward":"papastew","bia":"","nearest_stop_dist":505.8,"transit_buffer_score":0.5},"geometry":{"type":"Point","coordinates":[-113.464017,53.50725]}},{"type":"Feature","properties":{"name":"ARGYLL VELODROME ASSOCIATION","size":"10-19","address":"6850 88 STREET NW","sector":"Educational services","naics_desc":"All other schools and instruction","hybrid":"No","transit_score":0.255,"lead_score":0.255,"tier":3,"dauid":"48110743","ward":"papastew","bia":"","nearest_stop_dist":505.5,"transit_buffer_score":0.5},"geometry":{"type":"Point","coordinates":[-113.46401,53.507246]}},{"type":"Feature","properties":{"name":"GLADIATOR LOGISTICS INC","size":"10-19","address":"14840 134 AVENUE NW","sector":"Transportation and warehousing","naics_desc":"General freight trucking, long distance, truck-load (single shipper)","hybrid":"No","transit_score":0.254,"lead_score":0.254,"tier":3,"dauid":"48111106","ward":"Anirniq","bia":"","nearest_stop_dist":429.9,"transit_buffer_score":0.5},"geometry":{"type":"Point","coordinates":[-113.577798,53.594415]}},{"type":"Feature","properties":{"name":"EDGE TRANSPORTATION SERVICES LTD","size":"10-19","address":"14840 134 AVENUE NW","sector":"Transportation and warehousing","naics_desc":"General freight trucking, long distance, truck-load (single shipper)","hybrid":"No","transit_score":0.254,"lead_score":0.254,"tier":3,"dauid":"48111106","ward":"","bia":"","nearest_stop_dist":416.2,"transit_buffer_score":0.5},"geometry":{"type":"Point","coordinates":[-113.577436,53.594106]}},{"type":"Feature","properties":{"name":"GIANT TRUCKING LTD.","size":"10-19","address":"14840 134 AVENUE NW","sector":"Transportation and warehousing","naics_desc":"General freight trucking, long distance, truck-load (single shipper)","hybrid":"No","transit_score":0.254,"lead_score":0.254,"tier":3,"dauid":"48111106","ward":"","bia":"","nearest_stop_dist":404.8,"transit_buffer_score":0.5},"geometry":{"type":"Point","coordinates":[-113.576854,53.593931]}},{"type":"Feature","properties":{"name":"OPTRICS ENGINEERING","size":"10-19","address":"6810 104 STREET NW","sector":"Professional, scientific and technical services","naics_desc":"Engineering services","hybrid":"No","transit_score":0.254,"lead_score":0.254,"tier":3,"dauid":"48111310","ward":"papastew","bia":"","nearest_stop_dist":422.4,"transit_buffer_score":0.5},"geometry":{"type":"Point","coordinates":[-113.498118,53.504767]}},{"type":"Feature","properties":{"name":"GLADIATOR LOGISTICS INC.","size":"10-19","address":"14840 134 AVENUE NW","sector":"Transportation and warehousing","naics_desc":"General freight trucking, long distance, truck-load (single shipper)","hybrid":"No","transit_score":0.254,"lead_score":0.254,"tier":3,"dauid":"48111106","ward":"","bia":"","nearest_stop_dist":429.9,"transit_buffer_score":0.5},"geometry":{"type":"Point","coordinates":[-113.577798,53.594415]}},{"type":"Feature","properties":{"name":"THE CHAMPIONS ACADEMY DAYCARE & OSC","size":"10-19","address":"6814 104 STREET NW","sector":"Health care and social assistance","naics_desc":"Child day-care services","hybrid":"No","transit_score":0.254,"lead_score":0.254,"tier":3,"dauid":"48111310","ward":"","bia":"","nearest_stop_dist":428.8,"transit_buffer_score":0.5},"geometry":{"type":"Point","coordinates":[-113.497991,53.504848]}},{"type":"Feature","properties":{"name":"TACTICAL LASER TAG CLASSIFIED YEG","size":"10-19","address":"13453 149 STREET NW","sector":"Arts, entertainment and recreation","naics_desc":"All other amusement and recreation industries","hybrid":"No","transit_score":0.254,"lead_score":0.254,"tier":3,"dauid":"48111106","ward":"","bia":"","nearest_stop_dist":439.4,"transit_buffer_score":0.5},"geometry":{"type":"Point","coordinates":[-113.580956,53.595301]}},{"type":"Feature","properties":{"name":"EVOLVE STRENGTH NORTH LTD.","size":"10-19","address":"13457 149 STREET NW","sector":"Arts, entertainment and recreation","naics_desc":"Fitness and recreational sports centres","hybrid":"No","transit_score":0.254,"lead_score":0.254,"tier":3,"dauid":"48111106","ward":"","bia":"","nearest_stop_dist":405.4,"transit_buffer_score":0.5},"geometry":{"type":"Point","coordinates":[-113.5799,53.59563]}},{"type":"Feature","properties":{"name":"ARTISTIC BAKE SHOP","size":"10-19","address":"6820 104 STREET NW","sector":"Accommodation and food services","naics_desc":"Limited-service eating places","hybrid":"No","transit_score":0.254,"lead_score":0.254,"tier":3,"dauid":"48111310","ward":"","bia":"","nearest_stop_dist":413.7,"transit_buffer_score":0.5},"geometry":{"type":"Point","coordinates":[-113.498006,53.504984]}},{"type":"Feature","properties":{"name":"LIFESTYLE CIG INC.","size":"10-19","address":"2920 CALGARY TRAIL NW","sector":"Retail trade","naics_desc":"All other miscellaneous retailers (except beer and wine-making supplies retailers)","hybrid":"No","transit_score":0.252,"lead_score":0.252,"tier":3,"dauid":"48110930","ward":"papastew","bia":"","nearest_stop_dist":413.8,"transit_buffer_score":0.5},"geometry":{"type":"Point","coordinates":[-113.493064,53.45972]}},{"type":"Feature","properties":{"name":"CHAMCO INDUSTRIES LTD","size":"10-19","address":"10022 29 AVENUE NW","sector":"Real estate and rental and leasing","naics_desc":"Other commercial and industrial machinery and equipment rental and leasing","hybrid":"No","transit_score":0.252,"lead_score":0.252,"tier":3,"dauid":"48110930","ward":"Karhiio","bia":"","nearest_stop_dist":492.1,"transit_buffer_score":0.5},"geometry":{"type":"Point","coordinates":[-113.4884,53.45841]}},{"type":"Feature","properties":{"name":"COMPUTECH POS INC.","size":"10-19","address":"9996 29 AVENUE NW","sector":"Construction","naics_desc":"Electrical contractors and other wiring installation contractors","hybrid":"No","transit_score":0.252,"lead_score":0.252,"tier":3,"dauid":"48110930","ward":"Karhiio","bia":"","nearest_stop_dist":451.9,"transit_buffer_score":0.5},"geometry":{"type":"Point","coordinates":[-113.487303,53.458734]}},{"type":"Feature","properties":{"name":"X PRO","size":"10-19","address":"2953 101 STREET NW","sector":"Professional, scientific and technical services","naics_desc":"Marketing research and public opinion polling","hybrid":"No","transit_score":0.252,"lead_score":0.252,"tier":3,"dauid":"48110930","ward":"Karhiio","bia":"","nearest_stop_dist":433.4,"transit_buffer_score":0.5},"geometry":{"type":"Point","coordinates":[-113.489361,53.459534]}},{"type":"Feature","properties":{"name":"HUDSON SQUARE MEDICALS","size":"10-19","address":"2945 101 STREET NW","sector":"Retail trade","naics_desc":"All other health and personal care retailers","hybrid":"No","transit_score":0.252,"lead_score":0.252,"tier":3,"dauid":"48110930","ward":"Karhiio","bia":"","nearest_stop_dist":417.6,"transit_buffer_score":0.5},"geometry":{"type":"Point","coordinates":[-113.489075,53.459585]}},{"type":"Feature","properties":{"name":"RECON TRAILER","size":"10-19","address":"2937 101 STREET NW","sector":"Real estate and rental and leasing","naics_desc":"Truck, utility trailer and recreational vehicle (RV) rental and leasing","hybrid":"No","transit_score":0.252,"lead_score":0.252,"tier":3,"dauid":"48110930","ward":"Karhiio","bia":"","nearest_stop_dist":441.7,"transit_buffer_score":0.5},"geometry":{"type":"Point","coordinates":[-113.48866,53.459171]}},{"type":"Feature","properties":{"name":"NUTEC ELECTRO TEL","size":"10-19","address":"2941 101 STREET NW","sector":"Information and cultural industries","naics_desc":"Computing infrastructure providers, data processing, web hosting, and related services","hybrid":"No","transit_score":0.252,"lead_score":0.252,"tier":3,"dauid":"48110930","ward":"Karhiio","bia":"","nearest_stop_dist":452.2,"transit_buffer_score":0.5},"geometry":{"type":"Point","coordinates":[-113.489443,53.459359]}},{"type":"Feature","properties":{"name":"BIO MART INC","size":"10-19","address":"2949 101 STREET NW","sector":"Manufacturing","naics_desc":"All other plastic product manufacturing","hybrid":"No","transit_score":0.252,"lead_score":0.252,"tier":3,"dauid":"48110930","ward":"Karhiio","bia":"","nearest_stop_dist":417.6,"transit_buffer_score":0.5},"geometry":{"type":"Point","coordinates":[-113.489075,53.459585]}},{"type":"Feature","properties":{"name":"VICTORIA GOLF COURSE","size":"10-19","address":"12130 RIVER VALLEY ROAD NW","sector":"Arts, entertainment and recreation","naics_desc":"Golf courses and country clubs","hybrid":"Yes","transit_score":0.358,"lead_score":0.251,"tier":3,"dauid":"48110158","ward":"","bia":"","nearest_stop_dist":602.2,"transit_buffer_score":0.1},"geometry":{"type":"Point","coordinates":[-113.522258,53.533663]}},{"type":"Feature","properties":{"name":"MP INDUSTRIES CORP","size":"10-19","address":"9329 62 AVENUE NW","sector":"Manufacturing","naics_desc":"Machine shops","hybrid":"No","transit_score":0.248,"lead_score":0.248,"tier":3,"dauid":"48110844","ward":"papastew","bia":"","nearest_stop_dist":426.7,"transit_buffer_score":0.5},"geometry":{"type":"Point","coordinates":[-113.4717,53.49773]}},{"type":"Feature","properties":{"name":"A1 SCRAP RECYCLING LTD.","size":"10-19","address":"6150 88 STREET NW","sector":"Wholesale trade","naics_desc":"Recyclable metal merchant wholesalers","hybrid":"No","transit_score":0.248,"lead_score":0.248,"tier":3,"dauid":"48110742","ward":"Métis","bia":"","nearest_stop_dist":420,"transit_buffer_score":0.5},"geometry":{"type":"Point","coordinates":[-113.463219,53.497951]}},{"type":"Feature","properties":{"name":"ROOFMART ALBERTA INC","size":"10-19","address":"9355 62 AVENUE NW","sector":"Retail trade","naics_desc":"Other building material dealers","hybrid":"No","transit_score":0.248,"lead_score":0.248,"tier":3,"dauid":"48110844","ward":"papastew","bia":"","nearest_stop_dist":416.8,"transit_buffer_score":0.5},"geometry":{"type":"Point","coordinates":[-113.473194,53.497724]}},{"type":"Feature","properties":{"name":"KERR INTERIOR SYSTEMS LTD","size":"10-19","address":"9335 62 AVENUE NW","sector":"Construction","naics_desc":"Commercial and institutional building construction","hybrid":"No","transit_score":0.248,"lead_score":0.248,"tier":3,"dauid":"48110844","ward":"","bia":"","nearest_stop_dist":421,"transit_buffer_score":0.5},"geometry":{"type":"Point","coordinates":[-113.4722,53.49773]}},{"type":"Feature","properties":{"name":"KERR INTERIOR SYSTEMS LTD","size":"10-19","address":"9335 62 AVENUE NW","sector":"Construction","naics_desc":"Commercial and institutional building construction","hybrid":"No","transit_score":0.248,"lead_score":0.248,"tier":3,"dauid":"48110844","ward":"papastew","bia":"","nearest_stop_dist":421,"transit_buffer_score":0.5},"geometry":{"type":"Point","coordinates":[-113.4722,53.49773]}},{"type":"Feature","properties":{"name":"SOLID GENERAL CONTRACTORS","size":"10-19","address":"1211 78 AVENUE NW","sector":"Construction","naics_desc":"Residential building construction","hybrid":"No","transit_score":0.248,"lead_score":0.248,"tier":3,"dauid":"48110844","ward":"","bia":"","nearest_stop_dist":459.9,"transit_buffer_score":0.5},"geometry":{"type":"Point","coordinates":[-113.473317,53.498654]}},{"type":"Feature","properties":{"name":"MP INDUSTRIES CORP","size":"10-19","address":"9329 62 AVENUE NW","sector":"Manufacturing","naics_desc":"Machine shops","hybrid":"No","transit_score":0.248,"lead_score":0.248,"tier":3,"dauid":"48110844","ward":"","bia":"","nearest_stop_dist":426.7,"transit_buffer_score":0.5},"geometry":{"type":"Point","coordinates":[-113.4717,53.49773]}},{"type":"Feature","properties":{"name":"REFLECT HOLDINGS LTD.","size":"10-19","address":"5312 68 AVENUE NW","sector":"Construction","naics_desc":"Residential building construction","hybrid":"No","transit_score":0.246,"lead_score":0.246,"tier":3,"dauid":"48110790","ward":"","bia":"","nearest_stop_dist":424.4,"transit_buffer_score":0.5},"geometry":{"type":"Point","coordinates":[-113.4246,53.50548]}},{"type":"Feature","properties":{"name":"SYSTEM PLUS","size":"10-19","address":"6751 59 STREET NW","sector":"Wholesale trade","naics_desc":"Professional machinery, equipment and supplies merchant wholesalers","hybrid":"No","transit_score":0.246,"lead_score":0.246,"tier":3,"dauid":"48110790","ward":"","bia":"","nearest_stop_dist":448.6,"transit_buffer_score":0.5},"geometry":{"type":"Point","coordinates":[-113.425132,53.503847]}},{"type":"Feature","properties":{"name":"SYSTEM PLUS","size":"10-19","address":"6751 59 STREET NW","sector":"Wholesale trade","naics_desc":"Professional machinery, equipment and supplies merchant wholesalers","hybrid":"No","transit_score":0.246,"lead_score":0.246,"tier":3,"dauid":"48110790","ward":"Karhiio","bia":"","nearest_stop_dist":448.6,"transit_buffer_score":0.5},"geometry":{"type":"Point","coordinates":[-113.425132,53.503847]}},{"type":"Feature","properties":{"name":"HOMMEE HOMES LTD.","size":"10-19","address":"6704 59 STREET NW","sector":"Construction","naics_desc":"Other building finishing contractors","hybrid":"No","transit_score":0.246,"lead_score":0.246,"tier":3,"dauid":"48110790","ward":"","bia":"","nearest_stop_dist":484.6,"transit_buffer_score":0.5},"geometry":{"type":"Point","coordinates":[-113.426125,53.503274]}},{"type":"Feature","properties":{"name":"BARTLE & GIBSON CO LTD","size":"10-19","address":"6724 59 STREET NW","sector":"Wholesale trade","naics_desc":"Plumbing, heating and air-conditioning equipment and supplies merchant wholesalers","hybrid":"No","transit_score":0.246,"lead_score":0.246,"tier":3,"dauid":"48110790","ward":"","bia":"","nearest_stop_dist":420.7,"transit_buffer_score":0.5},"geometry":{"type":"Point","coordinates":[-113.426174,53.502661]}},{"type":"Feature","properties":{"name":"REFLECT HOLDINGS LTD.","size":"10-19","address":"5312 68 AVENUE NW","sector":"Construction","naics_desc":"Residential building construction","hybrid":"No","transit_score":0.246,"lead_score":0.246,"tier":3,"dauid":"48110790","ward":"Karhiio","bia":"","nearest_stop_dist":424.4,"transit_buffer_score":0.5},"geometry":{"type":"Point","coordinates":[-113.4246,53.50548]}},{"type":"Feature","properties":{"name":"DAEMAR INC.","size":"10-19","address":"6763 59 STREET NW","sector":"Wholesale trade","naics_desc":"Industrial machinery, equipment and supplies merchant wholesalers","hybrid":"No","transit_score":0.246,"lead_score":0.246,"tier":3,"dauid":"48110790","ward":"","bia":"","nearest_stop_dist":443.2,"transit_buffer_score":0.5},"geometry":{"type":"Point","coordinates":[-113.425122,53.504325]}},{"type":"Feature","properties":{"name":"CONSOLIDATED COATINGS CORPORATION","size":"10-19","address":"5312 68 AVENUE NW","sector":"Manufacturing","naics_desc":"Paint and coating manufacturing","hybrid":"No","transit_score":0.246,"lead_score":0.246,"tier":3,"dauid":"48110790","ward":"Karhiio","bia":"","nearest_stop_dist":460.1,"transit_buffer_score":0.5},"geometry":{"type":"Point","coordinates":[-113.425184,53.505419]}},{"type":"Feature","properties":{"name":"BARTLE & GIBSON CO LTD","size":"10-19","address":"6724 59 STREET NW","sector":"Wholesale trade","naics_desc":"Plumbing, heating and air-conditioning equipment and supplies merchant wholesalers","hybrid":"No","transit_score":0.246,"lead_score":0.246,"tier":3,"dauid":"48110790","ward":"Karhiio","bia":"","nearest_stop_dist":420.7,"transit_buffer_score":0.5},"geometry":{"type":"Point","coordinates":[-113.426174,53.502661]}},{"type":"Feature","properties":{"name":"ERA KITCHENS LTD.","size":"10-19","address":"6704 59 STREET NW","sector":"Construction","naics_desc":"Finish carpentry contractors","hybrid":"No","transit_score":0.246,"lead_score":0.246,"tier":3,"dauid":"48110790","ward":"","bia":"","nearest_stop_dist":493.9,"transit_buffer_score":0.5},"geometry":{"type":"Point","coordinates":[-113.42664,53.503479]}},{"type":"Feature","properties":{"name":"POLAR WINDOWS","size":"10-19","address":"6636 50 STREET NW","sector":"Construction","naics_desc":"Finish carpentry contractors","hybrid":"No","transit_score":0.246,"lead_score":0.246,"tier":3,"dauid":"48110790","ward":"","bia":"","nearest_stop_dist":530.8,"transit_buffer_score":0.5},"geometry":{"type":"Point","coordinates":[-113.426447,53.50432]}},{"type":"Feature","properties":{"name":"BAUMER TOOLS","size":"10-19","address":"6747 59 STREET NW","sector":"Wholesale trade","naics_desc":"Industrial machinery, equipment and supplies merchant wholesalers","hybrid":"No","transit_score":0.246,"lead_score":0.246,"tier":3,"dauid":"48110790","ward":"","bia":"","nearest_stop_dist":444,"transit_buffer_score":0.5},"geometry":{"type":"Point","coordinates":[-113.425072,53.503894]}},{"type":"Feature","properties":{"name":"CONSOLIDATED COATINGS CORPORATION","size":"10-19","address":"5320 68 AVENUE NW","sector":"Manufacturing","naics_desc":"Paint and coating manufacturing","hybrid":"No","transit_score":0.246,"lead_score":0.246,"tier":3,"dauid":"48110790","ward":"","bia":"","nearest_stop_dist":460.1,"transit_buffer_score":0.5},"geometry":{"type":"Point","coordinates":[-113.425184,53.505419]}},{"type":"Feature","properties":{"name":"BIANCA’S ARMOR LIQUIDATION SUPERCENTRE","size":"10-19","address":"17320 STONY PLAIN ROAD NW","sector":"Retail trade","naics_desc":"All other miscellaneous general merchandise retailers","hybrid":"No","transit_score":0.246,"lead_score":0.246,"tier":3,"dauid":"48110790","ward":"Karhiio","bia":"","nearest_stop_dist":519.6,"transit_buffer_score":0.5},"geometry":{"type":"Point","coordinates":[-113.428036,53.503949]}},{"type":"Feature","properties":{"name":"3THIRTY3 CUSTOM PRINTING LTD.","size":"10-19","address":"5415 CALGARY TRAIL NW","sector":"Manufacturing","naics_desc":"Textile and fabric finishing","hybrid":"No","transit_score":0.243,"lead_score":0.243,"tier":3,"dauid":"48110847","ward":"","bia":"","nearest_stop_dist":401.3,"transit_buffer_score":0.5},"geometry":{"type":"Point","coordinates":[-113.49427,53.491811]}},{"type":"Feature","properties":{"name":"BIG RIG COLLISION","size":"10-19","address":"5834 GATEWAY BOULEVARD NW","sector":"Other services (except public administration)","naics_desc":"General automotive repair","hybrid":"No","transit_score":0.243,"lead_score":0.243,"tier":3,"dauid":"48110847","ward":"","bia":"","nearest_stop_dist":414,"transit_buffer_score":0.5},"geometry":{"type":"Point","coordinates":[-113.49255,53.495584]}},{"type":"Feature","properties":{"name":"FABER INC","size":"10-19","address":"5807 104 STREET NW","sector":"Finance and insurance","naics_desc":"Insurance agencies and brokerages","hybrid":"No","transit_score":0.243,"lead_score":0.243,"tier":3,"dauid":"48110847","ward":"","bia":"","nearest_stop_dist":480.5,"transit_buffer_score":0.5},"geometry":{"type":"Point","coordinates":[-113.497275,53.495297]}},{"type":"Feature","properties":{"name":"SPACE ENGINE SYSTEMS INC.","size":"10-19","address":"5734 GATEWAY BOULEVARD NW","sector":"Manufacturing","naics_desc":"Aerospace product and parts manufacturing","hybrid":"No","transit_score":0.243,"lead_score":0.243,"tier":3,"dauid":"48110847","ward":"papastew","bia":"","nearest_stop_dist":417.3,"transit_buffer_score":0.5},"geometry":{"type":"Point","coordinates":[-113.49248,53.494772]}},{"type":"Feature","properties":{"name":"TOP HEALTH INGREDIENTS","size":"10-19","address":"5555 CALGARY TRAIL NW","sector":"Wholesale trade","naics_desc":"Other specialty-line food merchant wholesalers","hybrid":"No","transit_score":0.243,"lead_score":0.243,"tier":3,"dauid":"48110847","ward":"papastew","bia":"","nearest_stop_dist":506.6,"transit_buffer_score":0.5},"geometry":{"type":"Point","coordinates":[-113.49634,53.492823]}},{"type":"Feature","properties":{"name":"SOUTH SILK ROAD CHINESE RESTAURANT 云之南中餐馆爱城店","size":"10-19","address":"5552 CALGARY TRAIL NW","sector":"Accommodation and food services","naics_desc":"Full-service restaurants","hybrid":"No","transit_score":0.243,"lead_score":0.243,"tier":3,"dauid":"48110847","ward":"","bia":"","nearest_stop_dist":416,"transit_buffer_score":0.5},"geometry":{"type":"Point","coordinates":[-113.498047,53.493206]}},{"type":"Feature","properties":{"name":"STONE WOLF STUDIO","size":"10-19","address":"10356 58 AVENUE NW","sector":"Construction","naics_desc":"Other building finishing contractors","hybrid":"No","transit_score":0.243,"lead_score":0.243,"tier":3,"dauid":"48110847","ward":"","bia":"","nearest_stop_dist":499.8,"transit_buffer_score":0.5},"geometry":{"type":"Point","coordinates":[-113.49516,53.495372]}},{"type":"Feature","properties":{"name":"SOUTH SILK ROAD CHINESE RESTAURANT 云之南中餐馆爱城店","size":"10-19","address":"5552 CALGARY TRAIL NW","sector":"Accommodation and food services","naics_desc":"Full-service restaurants","hybrid":"No","transit_score":0.243,"lead_score":0.243,"tier":3,"dauid":"48110847","ward":"papastew","bia":"","nearest_stop_dist":416,"transit_buffer_score":0.5},"geometry":{"type":"Point","coordinates":[-113.498047,53.493206]}},{"type":"Feature","properties":{"name":"URBAN COATING SOLUTIONS INC","size":"10-19","address":"10333 56 AVENUE NW","sector":"Construction","naics_desc":"Painting and wall covering contractors","hybrid":"No","transit_score":0.243,"lead_score":0.243,"tier":3,"dauid":"48110847","ward":"papastew","bia":"","nearest_stop_dist":513.6,"transit_buffer_score":0.5},"geometry":{"type":"Point","coordinates":[-113.494525,53.492864]}},{"type":"Feature","properties":{"name":"CELTIC INDUSTRIAL TOOLS & REPAIR LTD","size":"10-19","address":"5736 103A STREET NW","sector":"Manufacturing","naics_desc":"All other industrial machinery manufacturing","hybrid":"No","transit_score":0.243,"lead_score":0.243,"tier":3,"dauid":"48110847","ward":"papastew","bia":"","nearest_stop_dist":547.4,"transit_buffer_score":0.5},"geometry":{"type":"Point","coordinates":[-113.4956,53.49488]}},{"type":"Feature","properties":{"name":"ACTION CAR AND TRUCK ACCESSORIES - EDMONTON SOUTH","size":"10-19","address":"5415 CALGARY TRAIL NW","sector":"Retail trade","naics_desc":"Automotive parts and accessories retailers","hybrid":"No","transit_score":0.243,"lead_score":0.243,"tier":3,"dauid":"48110847","ward":"","bia":"","nearest_stop_dist":410.3,"transit_buffer_score":0.5},"geometry":{"type":"Point","coordinates":[-113.493937,53.49186]}},{"type":"Feature","properties":{"name":"DENTOLOGY DENTAL","size":"10-19","address":"5470 CALGARY TRAIL NW","sector":"Health care and social assistance","naics_desc":"Offices of dentists","hybrid":"No","transit_score":0.243,"lead_score":0.243,"tier":3,"dauid":"48110847","ward":"papastew","bia":"","nearest_stop_dist":429.5,"transit_buffer_score":0.5},"geometry":{"type":"Point","coordinates":[-113.497109,53.492045]}},{"type":"Feature","properties":{"name":"UNICE DENTAL ART LTD.","size":"10-19","address":"5512 CALGARY TRAIL NW","sector":"Health care and social assistance","naics_desc":"Medical and diagnostic laboratories","hybrid":"No","transit_score":0.243,"lead_score":0.243,"tier":3,"dauid":"48110847","ward":"papastew","bia":"","nearest_stop_dist":462.7,"transit_buffer_score":0.5},"geometry":{"type":"Point","coordinates":[-113.497486,53.492594]}},{"type":"Feature","properties":{"name":"BIG RIG COLLISION","size":"10-19","address":"5834 GATEWAY BOULEVARD NW","sector":"Other services (except public administration)","naics_desc":"General automotive repair","hybrid":"No","transit_score":0.243,"lead_score":0.243,"tier":3,"dauid":"48110847","ward":"papastew","bia":"","nearest_stop_dist":414,"transit_buffer_score":0.5},"geometry":{"type":"Point","coordinates":[-113.49255,53.495584]}},{"type":"Feature","properties":{"name":"CELTIC INDUSTRIAL TOOLS & REPAIR LTD","size":"10-19","address":"5736 103A STREET NW","sector":"Manufacturing","naics_desc":"All other industrial machinery manufacturing","hybrid":"No","transit_score":0.243,"lead_score":0.243,"tier":3,"dauid":"48110847","ward":"","bia":"","nearest_stop_dist":547.4,"transit_buffer_score":0.5},"geometry":{"type":"Point","coordinates":[-113.4956,53.49488]}},{"type":"Feature","properties":{"name":"OPTESSA INC","size":"10-19","address":"5555 CALGARY TRAIL NW","sector":"Information and cultural industries","naics_desc":"Software publishers (except video game publishers)","hybrid":"No","transit_score":0.243,"lead_score":0.243,"tier":3,"dauid":"48110847","ward":"","bia":"","nearest_stop_dist":510.5,"transit_buffer_score":0.5},"geometry":{"type":"Point","coordinates":[-113.496051,53.492872]}},{"type":"Feature","properties":{"name":"PLATO'S CLOSET EDMONTON SOUTH","size":"10-19","address":"5718 104 STREET NW","sector":"Retail trade","naics_desc":"Family clothing retailers","hybrid":"No","transit_score":0.243,"lead_score":0.243,"tier":3,"dauid":"48110847","ward":"","bia":"","nearest_stop_dist":409.8,"transit_buffer_score":0.5},"geometry":{"type":"Point","coordinates":[-113.498297,53.494558]}},{"type":"Feature","properties":{"name":"PIONEER PRESS","size":"10-19","address":"5638 103A STREET NW","sector":"Manufacturing","naics_desc":"Commercial screen printing","hybrid":"No","transit_score":0.243,"lead_score":0.243,"tier":3,"dauid":"48110847","ward":"papastew","bia":"","nearest_stop_dist":592.8,"transit_buffer_score":0.5},"geometry":{"type":"Point","coordinates":[-113.495367,53.494098]}},{"type":"Feature","properties":{"name":"ALLSTONE INC","size":"10-19","address":"5604 103A STREET NW","sector":"Retail trade","naics_desc":"Other building material dealers","hybrid":"No","transit_score":0.243,"lead_score":0.243,"tier":3,"dauid":"48110847","ward":"papastew","bia":"","nearest_stop_dist":541.9,"transit_buffer_score":0.5},"geometry":{"type":"Point","coordinates":[-113.494374,53.493108]}},{"type":"Feature","properties":{"name":"SPACE ENGINE SYSTEMS INC.","size":"10-19","address":"5734 GATEWAY BOULEVARD NW","sector":"Manufacturing","naics_desc":"Aerospace product and parts manufacturing","hybrid":"No","transit_score":0.243,"lead_score":0.243,"tier":3,"dauid":"48110847","ward":"","bia":"","nearest_stop_dist":422.6,"transit_buffer_score":0.5},"geometry":{"type":"Point","coordinates":[-113.4926,53.4949]}},{"type":"Feature","properties":{"name":"EDMONTON PSYCHOLOGY COLLECTIVE","size":"10-19","address":"5555 CALGARY TRAIL NW","sector":"Health care and social assistance","naics_desc":"Offices of mental health practitioners (except physicians)","hybrid":"No","transit_score":0.243,"lead_score":0.243,"tier":3,"dauid":"48110847","ward":"","bia":"","nearest_stop_dist":509.5,"transit_buffer_score":0.5},"geometry":{"type":"Point","coordinates":[-113.496363,53.492848]}},{"type":"Feature","properties":{"name":"TOP HEALTH INGREDIENTS","size":"10-19","address":"5555 CALGARY TRAIL NW","sector":"Wholesale trade","naics_desc":"Other specialty-line food merchant wholesalers","hybrid":"No","transit_score":0.243,"lead_score":0.243,"tier":3,"dauid":"48110847","ward":"","bia":"","nearest_stop_dist":506.6,"transit_buffer_score":0.5},"geometry":{"type":"Point","coordinates":[-113.49634,53.492823]}},{"type":"Feature","properties":{"name":"ALLSTONE INC","size":"10-19","address":"5604 103A STREET NW","sector":"Retail trade","naics_desc":"Other building material dealers","hybrid":"No","transit_score":0.243,"lead_score":0.243,"tier":3,"dauid":"48110847","ward":"","bia":"","nearest_stop_dist":541.9,"transit_buffer_score":0.5},"geometry":{"type":"Point","coordinates":[-113.494374,53.493108]}},{"type":"Feature","properties":{"name":"EDMONTONS GUITAR SCHOOL","size":"10-19","address":"5516 CALGARY TRAIL NW","sector":"Educational services","naics_desc":"Fine arts schools","hybrid":"No","transit_score":0.243,"lead_score":0.243,"tier":3,"dauid":"48110847","ward":"","bia":"","nearest_stop_dist":456,"transit_buffer_score":0.5},"geometry":{"type":"Point","coordinates":[-113.497595,53.492557]}},{"type":"Feature","properties":{"name":"STARBUCKS","size":"10-19","address":"5520 CALGARY TRAIL NW","sector":"Accommodation and food services","naics_desc":"Limited-service eating places","hybrid":"No","transit_score":0.243,"lead_score":0.243,"tier":3,"dauid":"48110847","ward":"","bia":"","nearest_stop_dist":478.7,"transit_buffer_score":0.5},"geometry":{"type":"Point","coordinates":[-113.497247,53.492567]}},{"type":"Feature","properties":{"name":"HACK 2 HOUSE","size":"10-19","address":"10338 59 AVENUE NW","sector":"Retail trade","naics_desc":"All other sporting goods retailers","hybrid":"No","transit_score":0.243,"lead_score":0.243,"tier":3,"dauid":"48110847","ward":"papastew","bia":"","nearest_stop_dist":401.4,"transit_buffer_score":0.5},"geometry":{"type":"Point","coordinates":[-113.495199,53.496284]}},{"type":"Feature","properties":{"name":"FABER INC","size":"10-19","address":"5807 104 STREET NW","sector":"Finance and insurance","naics_desc":"Insurance agencies and brokerages","hybrid":"No","transit_score":0.243,"lead_score":0.243,"tier":3,"dauid":"48110847","ward":"papastew","bia":"","nearest_stop_dist":480.5,"transit_buffer_score":0.5},"geometry":{"type":"Point","coordinates":[-113.497275,53.495297]}},{"type":"Feature","properties":{"name":"NAPA AUTOPRO - DALZELL'S AUTOMOTIVE MAINTENANCE & REPAIR","size":"10-19","address":"8935 127 AVENUE NW","sector":"Other services (except public administration)","naics_desc":"General automotive repair","hybrid":"Yes","transit_score":0.344,"lead_score":0.241,"tier":3,"dauid":"48110338","ward":"","bia":"","nearest_stop_dist":517.9,"transit_buffer_score":0.5},"geometry":{"type":"Point","coordinates":[-113.479241,53.584423]}},{"type":"Feature","properties":{"name":"IRON MOUNTAIN CANADA CORPORATION","size":"10-19","address":"14630 115A AVENUE NW","sector":"Information and cultural industries","naics_desc":"Computing infrastructure providers, data processing, web hosting, and related services","hybrid":"No","transit_score":0.241,"lead_score":0.241,"tier":3,"dauid":"48112143","ward":"Anirniq","bia":"","nearest_stop_dist":445,"transit_buffer_score":0.5},"geometry":{"type":"Point","coordinates":[-113.574507,53.56647]}},{"type":"Feature","properties":{"name":"EDMONTON TENT & AWNING 2000 INC","size":"10-19","address":"14544 115 AVENUE NW","sector":"Wholesale trade","naics_desc":"Other specialty-line building supplies merchant wholesalers","hybrid":"No","transit_score":0.241,"lead_score":0.241,"tier":3,"dauid":"48112143","ward":"Anirniq","bia":"","nearest_stop_dist":423.8,"transit_buffer_score":0.5},"geometry":{"type":"Point","coordinates":[-113.573551,53.565455]}},{"type":"Feature","properties":{"name":"AMCO DISTRIBUTORS INC","size":"10-19","address":"14730 115A AVENUE NW","sector":"Wholesale trade","naics_desc":"Other specialty-line building supplies merchant wholesalers","hybrid":"No","transit_score":0.241,"lead_score":0.241,"tier":3,"dauid":"48112143","ward":"","bia":"","nearest_stop_dist":414.7,"transit_buffer_score":0.5},"geometry":{"type":"Point","coordinates":[-113.57556,53.566427]}},{"type":"Feature","properties":{"name":"EDMONTON TENT & AWNING 2000 INC","size":"10-19","address":"14544 115 AVENUE NW","sector":"Wholesale trade","naics_desc":"Other specialty-line building supplies merchant wholesalers","hybrid":"No","transit_score":0.241,"lead_score":0.241,"tier":3,"dauid":"48112143","ward":"","bia":"","nearest_stop_dist":423.8,"transit_buffer_score":0.5},"geometry":{"type":"Point","coordinates":[-113.573551,53.565455]}},{"type":"Feature","properties":{"name":"CHEF'S HAT INC","size":"10-19","address":"14536 115 AVENUE NW","sector":"Wholesale trade","naics_desc":"Service establishment machinery, equipment and supplies merchant wholesalers","hybrid":"No","transit_score":0.241,"lead_score":0.241,"tier":3,"dauid":"48112143","ward":"Anirniq","bia":"","nearest_stop_dist":447.3,"transit_buffer_score":0.5},"geometry":{"type":"Point","coordinates":[-113.572624,53.565661]}},{"type":"Feature","properties":{"name":"BORDERLINE TRANSPORT LTD","size":"10-19","address":"14604 115A AVENUE NW","sector":"Transportation and warehousing","naics_desc":"General freight trucking, long distance, truck-load (single shipper)","hybrid":"No","transit_score":0.241,"lead_score":0.241,"tier":3,"dauid":"48112143","ward":"","bia":"","nearest_stop_dist":460.5,"transit_buffer_score":0.5},"geometry":{"type":"Point","coordinates":[-113.57317,53.56644]}},{"type":"Feature","properties":{"name":"MAPLE RIDGE DRIVING SCHOOL","size":"10-19","address":"803 70 AVENUE NW","sector":"Educational services","naics_desc":"All other schools and instruction","hybrid":"No","transit_score":0.24,"lead_score":0.24,"tier":3,"dauid":"48112540","ward":"","bia":"","nearest_stop_dist":897.4,"transit_buffer_score":0},"geometry":{"type":"Point","coordinates":[-113.353738,53.506309]}},{"type":"Feature","properties":{"name":"5 GUYS TRANSPORT INC.","size":"10-19","address":"704 67 AVENUE NW","sector":"Transportation and warehousing","naics_desc":"General freight trucking, long distance, truck-load (single shipper)","hybrid":"No","transit_score":0.24,"lead_score":0.24,"tier":3,"dauid":"48112540","ward":"","bia":"","nearest_stop_dist":858.4,"transit_buffer_score":0},"geometry":{"type":"Point","coordinates":[-113.3542,53.50608]}},{"type":"Feature","properties":{"name":"ANTTAL TRANSPORTATION LTD.","size":"10-19","address":"803 70 AVENUE NW","sector":"Transportation and warehousing","naics_desc":"General freight trucking, long distance, truck-load (single shipper)","hybrid":"No","transit_score":0.24,"lead_score":0.24,"tier":3,"dauid":"48112540","ward":"","bia":"","nearest_stop_dist":858.4,"transit_buffer_score":0},"geometry":{"type":"Point","coordinates":[-113.3542,53.50608]}},{"type":"Feature","properties":{"name":"EVOLUTION FIRST-AID AND CPR TRAINING INC.","size":"10-19","address":"603 69 AVENUE NW","sector":"Educational services","naics_desc":"All other schools and instruction","hybrid":"No","transit_score":0.24,"lead_score":0.24,"tier":3,"dauid":"48112540","ward":"","bia":"","nearest_stop_dist":990.1,"transit_buffer_score":0},"geometry":{"type":"Point","coordinates":[-113.351,53.50503]}},{"type":"Feature","properties":{"name":"EDMONTON POTATO GROWERS COOPERATIVE INC.","size":"10-19","address":"12220 170 STREET NW","sector":"Transportation and warehousing","naics_desc":"Farm product warehousing and storage","hybrid":"No","transit_score":0.238,"lead_score":0.238,"tier":3,"dauid":"48112722","ward":"","bia":"","nearest_stop_dist":571.2,"transit_buffer_score":0.5},"geometry":{"type":"Point","coordinates":[-113.623,53.57592]}},{"type":"Feature","properties":{"name":"RYDER TRUCK RENTAL CANADA LTD","size":"10-19","address":"17424 129 AVENUE NW","sector":"Real estate and rental and leasing","naics_desc":"Truck, utility trailer and recreational vehicle (RV) rental and leasing","hybrid":"No","transit_score":0.238,"lead_score":0.238,"tier":3,"dauid":"48112722","ward":"Nakota Isga","bia":"","nearest_stop_dist":481.6,"transit_buffer_score":0.5},"geometry":{"type":"Point","coordinates":[-113.62239,53.59047]}},{"type":"Feature","properties":{"name":"CANPLAS INDUSTRIES","size":"10-19","address":"17551 129 AVENUE NW","sector":"Wholesale trade","naics_desc":"Plumbing, heating and air-conditioning equipment and supplies merchant wholesalers","hybrid":"No","transit_score":0.238,"lead_score":0.238,"tier":3,"dauid":"48112722","ward":"Nakota Isga","bia":"","nearest_stop_dist":718.1,"transit_buffer_score":0.1},"geometry":{"type":"Point","coordinates":[-113.626179,53.588901]}},{"type":"Feature","properties":{"name":"EDMONTON CARDLOCK","size":"10-19","address":"13210 170 STREET NW","sector":"Retail trade","naics_desc":"Other gasoline stations","hybrid":"No","transit_score":0.238,"lead_score":0.238,"tier":3,"dauid":"48112722","ward":"Nakota Isga","bia":"","nearest_stop_dist":417.9,"transit_buffer_score":0.5},"geometry":{"type":"Point","coordinates":[-113.620638,53.593953]}},{"type":"Feature","properties":{"name":"RYDER TRUCK RENTAL CANADA LTD","size":"10-19","address":"17424 129 AVENUE NW","sector":"Real estate and rental and leasing","naics_desc":"Truck, utility trailer and recreational vehicle (RV) rental and leasing","hybrid":"No","transit_score":0.238,"lead_score":0.238,"tier":3,"dauid":"48112722","ward":"","bia":"","nearest_stop_dist":481.6,"transit_buffer_score":0.5},"geometry":{"type":"Point","coordinates":[-113.62239,53.59047]}},{"type":"Feature","properties":{"name":"VAN HOUTTE COFFEE SERVICES","size":"10-19","address":"12873 175 STREET NW","sector":"Wholesale trade","naics_desc":"Service establishment machinery, equipment and supplies merchant wholesalers","hybrid":"No","transit_score":0.238,"lead_score":0.238,"tier":3,"dauid":"48112722","ward":"Nakota Isga","bia":"","nearest_stop_dist":471.7,"transit_buffer_score":0.5},"geometry":{"type":"Point","coordinates":[-113.621985,53.587832]}},{"type":"Feature","properties":{"name":"T-LANE TRANSPORTATION INC.","size":"10-19","address":"16011 128 AVENUE NW","sector":"Transportation and warehousing","naics_desc":"General freight trucking, long distance, truck-load (single shipper)","hybrid":"No","transit_score":0.237,"lead_score":0.237,"tier":3,"dauid":"48111124","ward":"","bia":"","nearest_stop_dist":466.2,"transit_buffer_score":0.5},"geometry":{"type":"Point","coordinates":[-113.5981,53.58432]}},{"type":"Feature","properties":{"name":"HEIDELBERG MATERIALS CANADA LIMITED","size":"10-19","address":"12640 INLAND WAY NW","sector":"Manufacturing","naics_desc":"Ready-mix concrete manufacturing","hybrid":"No","transit_score":0.237,"lead_score":0.237,"tier":3,"dauid":"48111124","ward":"","bia":"","nearest_stop_dist":827.2,"transit_buffer_score":0},"geometry":{"type":"Point","coordinates":[-113.6023,53.57999]}},{"type":"Feature","properties":{"name":"CHOWN ELECTRICAL CONTRACTORS LTD","size":"10-19","address":"12230 163 STREET NW","sector":"Construction","naics_desc":"Electrical contractors and other wiring installation contractors","hybrid":"No","transit_score":0.237,"lead_score":0.237,"tier":3,"dauid":"48111124","ward":"Nakota Isga","bia":"","nearest_stop_dist":578.7,"transit_buffer_score":0.5},"geometry":{"type":"Point","coordinates":[-113.603386,53.575768]}},{"type":"Feature","properties":{"name":"BURNCO ROCK PRODUCTS LTD.","size":"10-19","address":"15840 121A AVENUE NW","sector":"Wholesale trade","naics_desc":"Other specialty-line building supplies merchant wholesalers","hybrid":"No","transit_score":0.237,"lead_score":0.237,"tier":3,"dauid":"48111124","ward":"","bia":"","nearest_stop_dist":473.6,"transit_buffer_score":0.5},"geometry":{"type":"Point","coordinates":[-113.5946,53.57461]}},{"type":"Feature","properties":{"name":"GRIME BUSTERS LTD.","size":"10-19","address":"15840 121A AVENUE NW","sector":"Administrative and support, waste management and remediation services","naics_desc":"Janitorial services (except window cleaning)","hybrid":"No","transit_score":0.237,"lead_score":0.237,"tier":3,"dauid":"48111124","ward":"Nakota Isga","bia":"","nearest_stop_dist":407.5,"transit_buffer_score":0.5},"geometry":{"type":"Point","coordinates":[-113.594861,53.573873]}},{"type":"Feature","properties":{"name":"DOUBLE DIAMOND ELECTRONICS","size":"10-19","address":"12210 163 STREET NW","sector":"Retail trade","naics_desc":"Appliance, television and other electronics retailers","hybrid":"No","transit_score":0.237,"lead_score":0.237,"tier":3,"dauid":"48111124","ward":"","bia":"","nearest_stop_dist":504.4,"transit_buffer_score":0.5},"geometry":{"type":"Point","coordinates":[-113.603479,53.5751]}},{"type":"Feature","properties":{"name":"POLYTUBES","size":"10-19","address":"16221 123 AVENUE NW","sector":"Manufacturing","naics_desc":"Plastic pipe and pipe fitting manufacturing","hybrid":"No","transit_score":0.237,"lead_score":0.237,"tier":3,"dauid":"48111124","ward":"","bia":"","nearest_stop_dist":642.7,"transit_buffer_score":0.1},"geometry":{"type":"Point","coordinates":[-113.600251,53.576105]}},{"type":"Feature","properties":{"name":"OCEAN CONSTRUCTION GROUP LIMITED","size":"10-19","address":"16431 117 AVENUE NW","sector":"Construction","naics_desc":"Other foundation, structure and building exterior contractors","hybrid":"No","transit_score":0.237,"lead_score":0.237,"tier":3,"dauid":"48111124","ward":"Nakota Isga","bia":"","nearest_stop_dist":400.1,"transit_buffer_score":0.5},"geometry":{"type":"Point","coordinates":[-113.605616,53.567111]}},{"type":"Feature","properties":{"name":"BIMBO","size":"10-19","address":"12151 160 STREET NW","sector":"Manufacturing","naics_desc":"Commercial bakeries and frozen bakery product manufacturing","hybrid":"No","transit_score":0.237,"lead_score":0.237,"tier":3,"dauid":"48111124","ward":"","bia":"","nearest_stop_dist":420.1,"transit_buffer_score":0.5},"geometry":{"type":"Point","coordinates":[-113.59565,53.576008]}},{"type":"Feature","properties":{"name":"OLYMPIA TILE INTERNATIONAL INC","size":"10-19","address":"11540 163 STREET NW","sector":"Manufacturing","naics_desc":"Other concrete product manufacturing","hybrid":"No","transit_score":0.237,"lead_score":0.237,"tier":3,"dauid":"48111124","ward":"Nakota Isga","bia":"","nearest_stop_dist":400.5,"transit_buffer_score":0.5},"geometry":{"type":"Point","coordinates":[-113.603907,53.56668]}},{"type":"Feature","properties":{"name":"WEATHERFORD","size":"10-19","address":"2120 64 AVENUE NW","sector":"Mining, quarrying, and oil and gas extraction","naics_desc":"Services to oil and gas extraction","hybrid":"No","transit_score":0.236,"lead_score":0.236,"tier":3,"dauid":"48111334","ward":"","bia":"","nearest_stop_dist":647.6,"transit_buffer_score":0.1},"geometry":{"type":"Point","coordinates":[-113.378922,53.50156]}},{"type":"Feature","properties":{"name":"AARDE UNDERGROUND","size":"10-19","address":"2160 70 AVENUE NW","sector":"Construction","naics_desc":"Other foundation, structure and building exterior contractors","hybrid":"No","transit_score":0.236,"lead_score":0.236,"tier":3,"dauid":"48111334","ward":"Sspomitapi","bia":"","nearest_stop_dist":516.7,"transit_buffer_score":0.5},"geometry":{"type":"Point","coordinates":[-113.37813,53.507857]}},{"type":"Feature","properties":{"name":"PETRO CANADA LUBRICANT'S WAREHOUSE","size":"10-19","address":"6032 20 STREET NW","sector":"Wholesale trade","naics_desc":"Petroleum, petroleum products, and other hydrocarbons merchant wholesalers","hybrid":"No","transit_score":0.236,"lead_score":0.236,"tier":3,"dauid":"48111334","ward":"Sspomitapi","bia":"","nearest_stop_dist":615.4,"transit_buffer_score":0.1},"geometry":{"type":"Point","coordinates":[-113.377275,53.498453]}},{"type":"Feature","properties":{"name":"MAUSER PACKAGING SOLUTIONS","size":"10-19","address":"2111 64 AVENUE NW","sector":"Administrative and support, waste management and remediation services","naics_desc":"Packaging and labelling services","hybrid":"No","transit_score":0.236,"lead_score":0.236,"tier":3,"dauid":"48111334","ward":"Sspomitapi","bia":"","nearest_stop_dist":685.4,"transit_buffer_score":0.1},"geometry":{"type":"Point","coordinates":[-113.378294,53.499597]}},{"type":"Feature","properties":{"name":"UFA CO-OPERATIVE DISTRIBUTION CENTER","size":"10-19","address":"6510 20 STREET NW","sector":"Agriculture, forestry, fishing and hunting","naics_desc":"Support activities for crop production","hybrid":"No","transit_score":0.236,"lead_score":0.236,"tier":3,"dauid":"48111334","ward":"","bia":"","nearest_stop_dist":566.2,"transit_buffer_score":0.5},"geometry":{"type":"Point","coordinates":[-113.377702,53.501662]}},{"type":"Feature","properties":{"name":"MR PLYWOOD LTD","size":"10-19","address":"6335 75 STREET NW","sector":"Wholesale trade","naics_desc":"Lumber, plywood and millwork merchant wholesalers","hybrid":"No","transit_score":0.236,"lead_score":0.236,"tier":3,"dauid":"48111054","ward":"sipiwiyiniwak","bia":"","nearest_stop_dist":514.5,"transit_buffer_score":0.5},"geometry":{"type":"Point","coordinates":[-113.558,53.51651]}},{"type":"Feature","properties":{"name":"VALLEY BLADES LIMITED","size":"10-19","address":"2060 70 AVENUE NW","sector":"Wholesale trade","naics_desc":"Farm, lawn and garden machinery and equipment merchant wholesalers","hybrid":"No","transit_score":0.236,"lead_score":0.236,"tier":3,"dauid":"48111334","ward":"","bia":"","nearest_stop_dist":403.5,"transit_buffer_score":0.5},"geometry":{"type":"Point","coordinates":[-113.375375,53.507699]}},{"type":"Feature","properties":{"name":"TRANSPACIFIC TERMINALS INC","size":"10-19","address":"6024 20 STREET NW","sector":"Transportation and warehousing","naics_desc":"General warehousing and storage","hybrid":"No","transit_score":0.236,"lead_score":0.236,"tier":3,"dauid":"48111334","ward":"Sspomitapi","bia":"","nearest_stop_dist":734.8,"transit_buffer_score":0.1},"geometry":{"type":"Point","coordinates":[-113.378972,53.498839]}},{"type":"Feature","properties":{"name":"PIRANHA STUCCO AND TARGET PRODUCTS","size":"10-19","address":"6305 20 STREET NW","sector":"Wholesale trade","naics_desc":"Other specialty-line building supplies merchant wholesalers","hybrid":"No","transit_score":0.236,"lead_score":0.236,"tier":3,"dauid":"48111334","ward":"","bia":"","nearest_stop_dist":509.6,"transit_buffer_score":0.5},"geometry":{"type":"Point","coordinates":[-113.375184,53.499327]}},{"type":"Feature","properties":{"name":"ALBERTA EXCHANGER LTD","size":"10-19","address":"2210 70 AVENUE NW","sector":"Manufacturing","naics_desc":"Machine shops","hybrid":"No","transit_score":0.236,"lead_score":0.236,"tier":3,"dauid":"48111334","ward":"","bia":"","nearest_stop_dist":507,"transit_buffer_score":0.5},"geometry":{"type":"Point","coordinates":[-113.379318,53.507751]}},{"type":"Feature","properties":{"name":"TRANSPACIFIC TERMINALS INC","size":"10-19","address":"6024 20 STREET NW","sector":"Transportation and warehousing","naics_desc":"General warehousing and storage","hybrid":"No","transit_score":0.236,"lead_score":0.236,"tier":3,"dauid":"48111334","ward":"","bia":"","nearest_stop_dist":734.8,"transit_buffer_score":0.1},"geometry":{"type":"Point","coordinates":[-113.378972,53.498839]}},{"type":"Feature","properties":{"name":"PETRO CANADA LUBRICANT'S WAREHOUSE","size":"10-19","address":"6032 20 STREET NW","sector":"Wholesale trade","naics_desc":"Petroleum, petroleum products, and other hydrocarbons merchant wholesalers","hybrid":"No","transit_score":0.236,"lead_score":0.236,"tier":3,"dauid":"48111334","ward":"","bia":"","nearest_stop_dist":615.4,"transit_buffer_score":0.1},"geometry":{"type":"Point","coordinates":[-113.377275,53.498453]}},{"type":"Feature","properties":{"name":"VWR CANLAB","size":"10-19","address":"2103 64 AVENUE NW","sector":"Wholesale trade","naics_desc":"Professional machinery, equipment and supplies merchant wholesalers","hybrid":"No","transit_score":0.236,"lead_score":0.236,"tier":3,"dauid":"48111334","ward":"","bia":"","nearest_stop_dist":570.9,"transit_buffer_score":0.5},"geometry":{"type":"Point","coordinates":[-113.376777,53.500094]}},{"type":"Feature","properties":{"name":"ABOVE AVERAGE YOGA AND WELLNESS","size":"10-19","address":"14825 YELLOWHEAD TRAIL NW","sector":"Educational services","naics_desc":"All other schools and instruction","hybrid":"No","transit_score":0.234,"lead_score":0.234,"tier":3,"dauid":"48112142","ward":"","bia":"","nearest_stop_dist":448.5,"transit_buffer_score":0.5},"geometry":{"type":"Point","coordinates":[-113.576819,53.580724]}},{"type":"Feature","properties":{"name":"SVPL CANADA LTD.","size":"10-19","address":"14216 128 AVENUE NW","sector":"Wholesale trade","naics_desc":"Industrial machinery, equipment and supplies merchant wholesalers","hybrid":"No","transit_score":0.234,"lead_score":0.234,"tier":3,"dauid":"48112142","ward":"Anirniq","bia":"","nearest_stop_dist":410.4,"transit_buffer_score":0.5},"geometry":{"type":"Point","coordinates":[-113.567086,53.585424]}},{"type":"Feature","properties":{"name":"PRO-LINE BUILDING MATERIALS LTD","size":"10-19","address":"14457 YELLOWHEAD TRAIL NW","sector":"Retail trade","naics_desc":"Other building material dealers","hybrid":"No","transit_score":0.234,"lead_score":0.234,"tier":3,"dauid":"48112142","ward":"","bia":"","nearest_stop_dist":425.2,"transit_buffer_score":0.5},"geometry":{"type":"Point","coordinates":[-113.571,53.58051]}},{"type":"Feature","properties":{"name":"IMAGE MEDICAL SUPPLIES INC.","size":"10-19","address":"14204 128 AVENUE NW","sector":"Manufacturing","naics_desc":"Medical equipment and supplies manufacturing","hybrid":"No","transit_score":0.234,"lead_score":0.234,"tier":3,"dauid":"48112142","ward":"Anirniq","bia":"","nearest_stop_dist":404.4,"transit_buffer_score":0.5},"geometry":{"type":"Point","coordinates":[-113.566971,53.585338]}},{"type":"Feature","properties":{"name":"VP LOGIC","size":"10-19","address":"14819 YELLOWHEAD TRAIL NW","sector":"Professional, scientific and technical services","naics_desc":"Advertising agencies","hybrid":"No","transit_score":0.234,"lead_score":0.234,"tier":3,"dauid":"48112142","ward":"","bia":"","nearest_stop_dist":431.4,"transit_buffer_score":0.5},"geometry":{"type":"Point","coordinates":[-113.5763,53.58054]}},{"type":"Feature","properties":{"name":"WYLD ARCHERY PRO SHOP & LANES","size":"10-19","address":"14805 YELLOWHEAD TRAIL NW","sector":"Arts, entertainment and recreation","naics_desc":"Other sport facilities","hybrid":"No","transit_score":0.234,"lead_score":0.234,"tier":3,"dauid":"48112142","ward":"Anirniq","bia":"","nearest_stop_dist":417,"transit_buffer_score":0.5},"geometry":{"type":"Point","coordinates":[-113.576273,53.580407]}},{"type":"Feature","properties":{"name":"BOSS MEDICAL LIMITED","size":"10-19","address":"14823 YELLOWHEAD TRAIL NW","sector":"Wholesale trade","naics_desc":"Professional machinery, equipment and supplies merchant wholesalers","hybrid":"No","transit_score":0.234,"lead_score":0.234,"tier":3,"dauid":"48112142","ward":"Anirniq","bia":"","nearest_stop_dist":468.6,"transit_buffer_score":0.5},"geometry":{"type":"Point","coordinates":[-113.576725,53.580901]}},{"type":"Feature","properties":{"name":"SVPL CANADA LTD.","size":"10-19","address":"14216 128 AVENUE NW","sector":"Wholesale trade","naics_desc":"Industrial machinery, equipment and supplies merchant wholesalers","hybrid":"No","transit_score":0.234,"lead_score":0.234,"tier":3,"dauid":"48112142","ward":"","bia":"","nearest_stop_dist":410.4,"transit_buffer_score":0.5},"geometry":{"type":"Point","coordinates":[-113.567086,53.585424]}},{"type":"Feature","properties":{"name":"ALLIANCE MERCANTILE","size":"10-19","address":"14215 128 AVENUE NW","sector":"Wholesale trade","naics_desc":"Professional machinery, equipment and supplies merchant wholesalers","hybrid":"No","transit_score":0.234,"lead_score":0.234,"tier":3,"dauid":"48112142","ward":"","bia":"","nearest_stop_dist":421.6,"transit_buffer_score":0.5},"geometry":{"type":"Point","coordinates":[-113.567016,53.584321]}},{"type":"Feature","properties":{"name":"ABOVE AVERAGE WELLNESS","size":"10-19","address":"14825 YELLOWHEAD TRAIL NW","sector":"Arts, entertainment and recreation","naics_desc":"Fitness and recreational sports centres","hybrid":"No","transit_score":0.234,"lead_score":0.234,"tier":3,"dauid":"48112142","ward":"","bia":"","nearest_stop_dist":431.4,"transit_buffer_score":0.5},"geometry":{"type":"Point","coordinates":[-113.5763,53.58054]}},{"type":"Feature","properties":{"name":"C&A ELECTRICAL LTD","size":"10-19","address":"14312 128 AVENUE NW","sector":"Construction","naics_desc":"Electrical contractors and other wiring installation contractors","hybrid":"No","transit_score":0.234,"lead_score":0.234,"tier":3,"dauid":"48112142","ward":"Anirniq","bia":"","nearest_stop_dist":429.3,"transit_buffer_score":0.5},"geometry":{"type":"Point","coordinates":[-113.567345,53.58531]}},{"type":"Feature","properties":{"name":"WESTERN FORKLIFT & EQUIPMENT SALES","size":"10-19","address":"14315 128 AVENUE NW","sector":"Wholesale trade","naics_desc":"Industrial machinery, equipment and supplies merchant wholesalers","hybrid":"No","transit_score":0.234,"lead_score":0.234,"tier":3,"dauid":"48112142","ward":"","bia":"","nearest_stop_dist":405.9,"transit_buffer_score":0.5},"geometry":{"type":"Point","coordinates":[-113.568141,53.584629]}},{"type":"Feature","properties":{"name":"WESTERN FORKLIFT & EQUIPMENT SALES","size":"10-19","address":"14315 128 AVENUE NW","sector":"Wholesale trade","naics_desc":"Industrial machinery, equipment and supplies merchant wholesalers","hybrid":"No","transit_score":0.234,"lead_score":0.234,"tier":3,"dauid":"48112142","ward":"Anirniq","bia":"","nearest_stop_dist":405.9,"transit_buffer_score":0.5},"geometry":{"type":"Point","coordinates":[-113.568141,53.584629]}},{"type":"Feature","properties":{"name":"BOSS MEDICAL LIMITED","size":"10-19","address":"14823 YELLOWHEAD TRAIL NW","sector":"Wholesale trade","naics_desc":"Professional machinery, equipment and supplies merchant wholesalers","hybrid":"No","transit_score":0.234,"lead_score":0.234,"tier":3,"dauid":"48112142","ward":"","bia":"","nearest_stop_dist":468.6,"transit_buffer_score":0.5},"geometry":{"type":"Point","coordinates":[-113.576725,53.580901]}},{"type":"Feature","properties":{"name":"CITRON HYGIENE GP INC.","size":"10-19","address":"14216 128 AVENUE NW","sector":"Administrative and support, waste management and remediation services","naics_desc":"All other support services","hybrid":"No","transit_score":0.234,"lead_score":0.234,"tier":3,"dauid":"48112142","ward":"Anirniq","bia":"","nearest_stop_dist":400.5,"transit_buffer_score":0.5},"geometry":{"type":"Point","coordinates":[-113.566892,53.58528]}},{"type":"Feature","properties":{"name":"XS PROPERTIES ONE GP","size":"5-9","address":"142 HARROW CIRCLE NW","sector":"Real estate and rental and leasing","naics_desc":"Lessors of residential buildings and dwellings (except social housing projects)","hybrid":"No","transit_score":0.465,"lead_score":0.233,"tier":3,"dauid":"48110389","ward":"Dene","bia":"","nearest_stop_dist":402.6,"transit_buffer_score":0.5},"geometry":{"type":"Point","coordinates":[-113.402724,53.589219]}},{"type":"Feature","properties":{"name":"PRIMORIS FABRICATION (CANADA) LP","size":"10-19","address":"5104 17 STREET NW","sector":"Construction","naics_desc":"All other specialty trade contractors","hybrid":"No","transit_score":0.233,"lead_score":0.233,"tier":3,"dauid":"48112546","ward":"","bia":"","nearest_stop_dist":497.5,"transit_buffer_score":0.5},"geometry":{"type":"Point","coordinates":[-113.373673,53.489098]}},{"type":"Feature","properties":{"name":"M2 LOGISTIX INC","size":"10-19","address":"5104 17 STREET NW","sector":"Transportation and warehousing","naics_desc":"General freight trucking, long distance, truck-load (single shipper)","hybrid":"No","transit_score":0.233,"lead_score":0.233,"tier":3,"dauid":"48112546","ward":"","bia":"","nearest_stop_dist":441.7,"transit_buffer_score":0.5},"geometry":{"type":"Point","coordinates":[-113.3726,53.48897]}},{"type":"Feature","properties":{"name":"EVOLUTION TECHNICAL SERVICES","size":"10-19","address":"1316 77 AVENUE NW","sector":"Information and cultural industries","naics_desc":"All other telecommunications","hybrid":"No","transit_score":0.232,"lead_score":0.232,"tier":3,"dauid":"48112541","ward":"","bia":"","nearest_stop_dist":415.2,"transit_buffer_score":0.5},"geometry":{"type":"Point","coordinates":[-113.364044,53.51369]}},{"type":"Feature","properties":{"name":"PEGASUS PAPER","size":"10-19","address":"2004 80 AVENUE NW","sector":"Wholesale trade","naics_desc":"Service establishment machinery, equipment and supplies merchant wholesalers","hybrid":"No","transit_score":0.232,"lead_score":0.232,"tier":3,"dauid":"48112541","ward":"Sspomitapi","bia":"","nearest_stop_dist":591.5,"transit_buffer_score":0.5},"geometry":{"type":"Point","coordinates":[-113.375732,53.516614]}},{"type":"Feature","properties":{"name":"SUNCASH","size":"10-19","address":"1202 77 AVENUE NW","sector":"Finance and insurance","naics_desc":"Other activities related to credit intermediation","hybrid":"No","transit_score":0.232,"lead_score":0.232,"tier":3,"dauid":"48112541","ward":"","bia":"","nearest_stop_dist":432,"transit_buffer_score":0.5},"geometry":{"type":"Point","coordinates":[-113.363543,53.513466]}},{"type":"Feature","properties":{"name":"ALBERTA CONCRETE PUMPING LTD","size":"10-19","address":"824 78 AVENUE NW","sector":"Construction","naics_desc":"All other specialty trade contractors","hybrid":"No","transit_score":0.232,"lead_score":0.232,"tier":3,"dauid":"48112541","ward":"","bia":"","nearest_stop_dist":846.3,"transit_buffer_score":0},"geometry":{"type":"Point","coordinates":[-113.357286,53.51421]}},{"type":"Feature","properties":{"name":"PROWEST MOTORSPORTS","size":"10-19","address":"1201 78 AVENUE NW","sector":"Retail trade","naics_desc":"Automotive parts and accessories retailers","hybrid":"No","transit_score":0.232,"lead_score":0.232,"tier":3,"dauid":"48112541","ward":"","bia":"","nearest_stop_dist":483.4,"transit_buffer_score":0.5},"geometry":{"type":"Point","coordinates":[-113.363383,53.514208]}},{"type":"Feature","properties":{"name":"SUNCASH","size":"10-19","address":"1202 77 AVENUE NW","sector":"Finance and insurance","naics_desc":"Other activities related to credit intermediation","hybrid":"No","transit_score":0.232,"lead_score":0.232,"tier":3,"dauid":"48112541","ward":"Sspomitapi","bia":"","nearest_stop_dist":432,"transit_buffer_score":0.5},"geometry":{"type":"Point","coordinates":[-113.363543,53.513466]}},{"type":"Feature","properties":{"name":"PRO SPEC WOODWORK","size":"10-19","address":"1220 70 AVENUE NW","sector":"Manufacturing","naics_desc":"Other millwork","hybrid":"No","transit_score":0.232,"lead_score":0.232,"tier":3,"dauid":"48112541","ward":"Sspomitapi","bia":"","nearest_stop_dist":526.8,"transit_buffer_score":0.5},"geometry":{"type":"Point","coordinates":[-113.361228,53.507411]}},{"type":"Feature","properties":{"name":"ICONIX WATERWORKS","size":"10-19","address":"1210 70 AVENUE NW","sector":"Construction","naics_desc":"Water and sewer line and related structures construction","hybrid":"No","transit_score":0.232,"lead_score":0.232,"tier":3,"dauid":"48112541","ward":"","bia":"","nearest_stop_dist":524.8,"transit_buffer_score":0.5},"geometry":{"type":"Point","coordinates":[-113.361301,53.50764]}},{"type":"Feature","properties":{"name":"NACO COMMERCIAL PROPERTY SOLUTIONS","size":"10-19","address":"880 78 AVENUE NW","sector":"Real estate and rental and leasing","naics_desc":"Real estate property managers","hybrid":"No","transit_score":0.232,"lead_score":0.232,"tier":3,"dauid":"48112541","ward":"","bia":"","nearest_stop_dist":712.8,"transit_buffer_score":0.1},"geometry":{"type":"Point","coordinates":[-113.3598,53.51466]}},{"type":"Feature","properties":{"name":"JOE NITRO KEYS AND FOBS","size":"10-19","address":"908 77 AVENUE NW","sector":"Manufacturing","naics_desc":"Sign manufacturing","hybrid":"No","transit_score":0.232,"lead_score":0.232,"tier":3,"dauid":"48112541","ward":"","bia":"","nearest_stop_dist":590.7,"transit_buffer_score":0.5},"geometry":{"type":"Point","coordinates":[-113.361,53.51356]}},{"type":"Feature","properties":{"name":"BERJA METER & CONTROLS LTD","size":"10-19","address":"831 77 AVENUE NW","sector":"Wholesale trade","naics_desc":"Industrial machinery, equipment and supplies merchant wholesalers","hybrid":"No","transit_score":0.232,"lead_score":0.232,"tier":3,"dauid":"48112541","ward":"Sspomitapi","bia":"","nearest_stop_dist":712.1,"transit_buffer_score":0.1},"geometry":{"type":"Point","coordinates":[-113.3588,53.51291]}},{"type":"Feature","properties":{"name":"ALBERTA RV & MOTORSPORTS","size":"10-19","address":"1323 78 AVENUE NW","sector":"Real estate and rental and leasing","naics_desc":"Truck, utility trailer and recreational vehicle (RV) rental and leasing","hybrid":"No","transit_score":0.232,"lead_score":0.232,"tier":3,"dauid":"48112541","ward":"Sspomitapi","bia":"","nearest_stop_dist":436.6,"transit_buffer_score":0.5},"geometry":{"type":"Point","coordinates":[-113.3644,53.5143]}},{"type":"Feature","properties":{"name":"ICONIX WATERWORKS","size":"10-19","address":"1210 70 AVENUE NW","sector":"Construction","naics_desc":"Water and sewer line and related structures construction","hybrid":"No","transit_score":0.232,"lead_score":0.232,"tier":3,"dauid":"48112541","ward":"Sspomitapi","bia":"","nearest_stop_dist":588.5,"transit_buffer_score":0.5},"geometry":{"type":"Point","coordinates":[-113.360268,53.507088]}},{"type":"Feature","properties":{"name":"ALBERTA RV & MOTORSPORTS","size":"10-19","address":"1323 78 AVENUE NW","sector":"Real estate and rental and leasing","naics_desc":"Truck, utility trailer and recreational vehicle (RV) rental and leasing","hybrid":"No","transit_score":0.232,"lead_score":0.232,"tier":3,"dauid":"48112541","ward":"","bia":"","nearest_stop_dist":436.6,"transit_buffer_score":0.5},"geometry":{"type":"Point","coordinates":[-113.3644,53.5143]}},{"type":"Feature","properties":{"name":"PEGASUS PAPER LTD","size":"10-19","address":"2004 80 AVENUE NW","sector":"Wholesale trade","naics_desc":"Service establishment machinery, equipment and supplies merchant wholesalers","hybrid":"No","transit_score":0.232,"lead_score":0.232,"tier":3,"dauid":"48112541","ward":"","bia":"","nearest_stop_dist":591.5,"transit_buffer_score":0.5},"geometry":{"type":"Point","coordinates":[-113.375732,53.516614]}},{"type":"Feature","properties":{"name":"KIRAN DEVELOPMENTS LTD","size":"10-19","address":"824 78 AVENUE NW","sector":"Construction","naics_desc":"All other specialty trade contractors","hybrid":"No","transit_score":0.232,"lead_score":0.232,"tier":3,"dauid":"48112541","ward":"","bia":"","nearest_stop_dist":835.5,"transit_buffer_score":0},"geometry":{"type":"Point","coordinates":[-113.357394,53.514096]}},{"type":"Feature","properties":{"name":"BERJA METER & CONTROLS LTD","size":"10-19","address":"831 77 AVENUE NW","sector":"Wholesale trade","naics_desc":"Industrial machinery, equipment and supplies merchant wholesalers","hybrid":"No","transit_score":0.232,"lead_score":0.232,"tier":3,"dauid":"48112541","ward":"","bia":"","nearest_stop_dist":712.1,"transit_buffer_score":0.1},"geometry":{"type":"Point","coordinates":[-113.3588,53.51291]}},{"type":"Feature","properties":{"name":"SKUXS OUTDOORS","size":"10-19","address":"1243 70 AVENUE NW","sector":"Retail trade","naics_desc":"All other sporting goods retailers","hybrid":"No","transit_score":0.232,"lead_score":0.232,"tier":3,"dauid":"48112541","ward":"","bia":"","nearest_stop_dist":513.9,"transit_buffer_score":0.5},"geometry":{"type":"Point","coordinates":[-113.36147,53.506369]}},{"type":"Feature","properties":{"name":"WORLEY FABRICATORS LTD.","size":"10-19","address":"1104 70 AVENUE NW","sector":"Manufacturing","naics_desc":"Prefabricated metal building and component manufacturing","hybrid":"No","transit_score":0.232,"lead_score":0.232,"tier":3,"dauid":"48112541","ward":"","bia":"","nearest_stop_dist":646.3,"transit_buffer_score":0.1},"geometry":{"type":"Point","coordinates":[-113.359553,53.50806]}},{"type":"Feature","properties":{"name":"ALBERTA CONCRETE PUMPING LTD","size":"10-19","address":"824 78 AVENUE NW","sector":"Construction","naics_desc":"All other specialty trade contractors","hybrid":"No","transit_score":0.232,"lead_score":0.232,"tier":3,"dauid":"48112541","ward":"Sspomitapi","bia":"","nearest_stop_dist":846.3,"transit_buffer_score":0},"geometry":{"type":"Point","coordinates":[-113.357286,53.51421]}},{"type":"Feature","properties":{"name":"KIRAN DEVELOPMENTS LTD","size":"10-19","address":"824 78 AVENUE NW","sector":"Construction","naics_desc":"All other specialty trade contractors","hybrid":"No","transit_score":0.232,"lead_score":0.232,"tier":3,"dauid":"48112541","ward":"Sspomitapi","bia":"","nearest_stop_dist":835.5,"transit_buffer_score":0},"geometry":{"type":"Point","coordinates":[-113.357394,53.514096]}},{"type":"Feature","properties":{"name":"SPIRIT MACHINING LTD","size":"10-19","address":"2228 80 AVENUE NW","sector":"Manufacturing","naics_desc":"Machine shops","hybrid":"No","transit_score":0.232,"lead_score":0.232,"tier":3,"dauid":"48112541","ward":"","bia":"","nearest_stop_dist":541.2,"transit_buffer_score":0.5},"geometry":{"type":"Point","coordinates":[-113.377043,53.516551]}},{"type":"Feature","properties":{"name":"DONISON & ASSOCIATES LTD.","size":"10-19","address":"1101 78 AVENUE NW","sector":"Mining, quarrying, and oil and gas extraction","naics_desc":"Services to oil and gas extraction","hybrid":"No","transit_score":0.232,"lead_score":0.232,"tier":3,"dauid":"48112541","ward":"","bia":"","nearest_stop_dist":523.4,"transit_buffer_score":0.5},"geometry":{"type":"Point","coordinates":[-113.3626,53.51415]}},{"type":"Feature","properties":{"name":"BUDO MOOSE","size":"10-19","address":"902 B 77 AVENUE NW","sector":"Retail trade","naics_desc":"All other sporting goods retailers","hybrid":"No","transit_score":0.232,"lead_score":0.232,"tier":3,"dauid":"48112541","ward":"","bia":"","nearest_stop_dist":603.5,"transit_buffer_score":0.1},"geometry":{"type":"Point","coordinates":[-113.36073,53.513451]}},{"type":"Feature","properties":{"name":"AG DRIVING SCHOOL","size":"10-19","address":"4303 78 AVENUE NW","sector":"Educational services","naics_desc":"All other schools and instruction","hybrid":"No","transit_score":0.232,"lead_score":0.232,"tier":3,"dauid":"48112541","ward":"","bia":"","nearest_stop_dist":1049.9,"transit_buffer_score":0},"geometry":{"type":"Point","coordinates":[-113.353561,53.510935]}},{"type":"Feature","properties":{"name":"BCI TECHNOLOGIES LTD","size":"10-19","address":"1037 77 AVENUE NW","sector":"Mining, quarrying, and oil and gas extraction","naics_desc":"Services to oil and gas extraction","hybrid":"No","transit_score":0.232,"lead_score":0.232,"tier":3,"dauid":"48112541","ward":"Sspomitapi","bia":"","nearest_stop_dist":509.6,"transit_buffer_score":0.5},"geometry":{"type":"Point","coordinates":[-113.3619,53.51282]}},{"type":"Feature","properties":{"name":"INLINE CABINETS & MILLWORKS INC","size":"10-19","address":"1815 80 AVENUE NW","sector":"Construction","naics_desc":"Finish carpentry contractors","hybrid":"No","transit_score":0.232,"lead_score":0.232,"tier":3,"dauid":"48112541","ward":"","bia":"","nearest_stop_dist":451.4,"transit_buffer_score":0.5},"geometry":{"type":"Point","coordinates":[-113.3736,53.5159]}},{"type":"Feature","properties":{"name":"INNOVATIVE MECHANICAL SOLUTIONS INC","size":"10-19","address":"7211 8 STREET NW","sector":"Manufacturing","naics_desc":"Ball and roller bearing manufacturing","hybrid":"No","transit_score":0.232,"lead_score":0.232,"tier":3,"dauid":"48112541","ward":"","bia":"","nearest_stop_dist":1131.8,"transit_buffer_score":0},"geometry":{"type":"Point","coordinates":[-113.3517,53.50835]}},{"type":"Feature","properties":{"name":"TOPTECH INDUSTRIES LTD","size":"10-19","address":"1311 70 AVENUE NW","sector":"Manufacturing","naics_desc":"Machine shops","hybrid":"No","transit_score":0.232,"lead_score":0.232,"tier":3,"dauid":"48112541","ward":"Sspomitapi","bia":"","nearest_stop_dist":479.3,"transit_buffer_score":0.5},"geometry":{"type":"Point","coordinates":[-113.3619,53.50616]}},{"type":"Feature","properties":{"name":"YERNUIK CONSTRUCTION","size":"10-19","address":"1110 78 AVENUE NW","sector":"Construction","naics_desc":"Poured concrete foundation and structure contractors","hybrid":"No","transit_score":0.232,"lead_score":0.232,"tier":3,"dauid":"48112541","ward":"Sspomitapi","bia":"","nearest_stop_dist":531.8,"transit_buffer_score":0.5},"geometry":{"type":"Point","coordinates":[-113.363418,53.514932]}},{"type":"Feature","properties":{"name":"WORLEY FABRICATORS LTD.","size":"10-19","address":"1104 70 AVENUE NW","sector":"Manufacturing","naics_desc":"Prefabricated metal building and component manufacturing","hybrid":"No","transit_score":0.232,"lead_score":0.232,"tier":3,"dauid":"48112541","ward":"Sspomitapi","bia":"","nearest_stop_dist":646.3,"transit_buffer_score":0.1},"geometry":{"type":"Point","coordinates":[-113.359554,53.50806]}},{"type":"Feature","properties":{"name":"SUNBELT RENTALS OF CANADA INC.","size":"10-19","address":"1444 78 AVENUE NW","sector":"Real estate and rental and leasing","naics_desc":"Other commercial and industrial machinery and equipment rental and leasing","hybrid":"No","transit_score":0.232,"lead_score":0.232,"tier":3,"dauid":"48112541","ward":"Sspomitapi","bia":"","nearest_stop_dist":452.6,"transit_buffer_score":0.5},"geometry":{"type":"Point","coordinates":[-113.366255,53.515379]}},{"type":"Feature","properties":{"name":"PRO SPEC WOODWORK","size":"10-19","address":"1220 70 AVENUE NW","sector":"Manufacturing","naics_desc":"Other millwork","hybrid":"No","transit_score":0.232,"lead_score":0.232,"tier":3,"dauid":"48112541","ward":"","bia":"","nearest_stop_dist":526.8,"transit_buffer_score":0.5},"geometry":{"type":"Point","coordinates":[-113.361228,53.507411]}},{"type":"Feature","properties":{"name":"IDEAL PRODUCTS OF CANADA LTD","size":"10-19","address":"715 76 AVENUE NW","sector":"Wholesale trade","naics_desc":"Other specialty-line building supplies merchant wholesalers","hybrid":"No","transit_score":0.232,"lead_score":0.232,"tier":3,"dauid":"48112541","ward":"","bia":"","nearest_stop_dist":1096.6,"transit_buffer_score":0},"geometry":{"type":"Point","coordinates":[-113.3528,53.51159]}},{"type":"Feature","properties":{"name":"BUSY BOYZ ROOFING","size":"10-19","address":"1101 77 AVENUE NW","sector":"Construction","naics_desc":"Roofing contractors","hybrid":"No","transit_score":0.232,"lead_score":0.232,"tier":3,"dauid":"48112541","ward":"Sspomitapi","bia":"","nearest_stop_dist":452,"transit_buffer_score":0.5},"geometry":{"type":"Point","coordinates":[-113.362783,53.512783]}},{"type":"Feature","properties":{"name":"EDMONTON TRUCK TRAINING LTD.","size":"10-19","address":"2450 80 AVENUE NW","sector":"Educational services","naics_desc":"All other schools and instruction","hybrid":"No","transit_score":0.232,"lead_score":0.232,"tier":3,"dauid":"48112541","ward":"","bia":"","nearest_stop_dist":487.6,"transit_buffer_score":0.5},"geometry":{"type":"Point","coordinates":[-113.380583,53.516608]}},{"type":"Feature","properties":{"name":"DEBUSK SERVICES CANADA, LTD.","size":"10-19","address":"7211 8 STREET NW","sector":"Administrative and support, waste management and remediation services","naics_desc":"Janitorial services (except window cleaning)","hybrid":"No","transit_score":0.232,"lead_score":0.232,"tier":3,"dauid":"48112541","ward":"Sspomitapi","bia":"","nearest_stop_dist":1131.8,"transit_buffer_score":0},"geometry":{"type":"Point","coordinates":[-113.3517,53.50835]}},{"type":"Feature","properties":{"name":"AQUA LASER ALBERTA LTD","size":"10-19","address":"1208 77 AVENUE NW","sector":"Mining, quarrying, and oil and gas extraction","naics_desc":"Services to oil and gas extraction","hybrid":"No","transit_score":0.232,"lead_score":0.232,"tier":3,"dauid":"48112541","ward":"","bia":"","nearest_stop_dist":434.5,"transit_buffer_score":0.5},"geometry":{"type":"Point","coordinates":[-113.3636,53.51358]}},{"type":"Feature","properties":{"name":"RIVEST TECHNOLOGIES INC","size":"10-19","address":"2450 80 AVENUE NW","sector":"Professional, scientific and technical services","naics_desc":"Testing laboratories","hybrid":"No","transit_score":0.232,"lead_score":0.232,"tier":3,"dauid":"48112541","ward":"","bia":"","nearest_stop_dist":510.3,"transit_buffer_score":0.5},"geometry":{"type":"Point","coordinates":[-113.380823,53.516822]}},{"type":"Feature","properties":{"name":"TOPTECH INDUSTRIES LTD","size":"10-19","address":"1311 70 AVENUE NW","sector":"Manufacturing","naics_desc":"Machine shops","hybrid":"No","transit_score":0.232,"lead_score":0.232,"tier":3,"dauid":"48112541","ward":"","bia":"","nearest_stop_dist":479.3,"transit_buffer_score":0.5},"geometry":{"type":"Point","coordinates":[-113.3619,53.50616]}},{"type":"Feature","properties":{"name":"BCI TECHNOLOGIES LTD","size":"10-19","address":"1037 77 AVENUE NW","sector":"Mining, quarrying, and oil and gas extraction","naics_desc":"Services to oil and gas extraction","hybrid":"No","transit_score":0.232,"lead_score":0.232,"tier":3,"dauid":"48112541","ward":"","bia":"","nearest_stop_dist":509.6,"transit_buffer_score":0.5},"geometry":{"type":"Point","coordinates":[-113.3619,53.51282]}},{"type":"Feature","properties":{"name":"SHIPWRECK MARINE","size":"10-19","address":"7404 MERIDIAN STREET NW","sector":"Retail trade","naics_desc":"Motorcycle, boat and other motor vehicle dealers","hybrid":"No","transit_score":0.232,"lead_score":0.232,"tier":3,"dauid":"48112541","ward":"Sspomitapi","bia":"","nearest_stop_dist":1197.3,"transit_buffer_score":0},"geometry":{"type":"Point","coordinates":[-113.347714,53.509456]}},{"type":"Feature","properties":{"name":"STRATHCONA SANDBLASTING & PAINTING LTD","size":"10-19","address":"6615 34 STREET NW","sector":"Construction","naics_desc":"Painting and wall covering contractors","hybrid":"No","transit_score":0.23,"lead_score":0.23,"tier":3,"dauid":"48110692","ward":"","bia":"","nearest_stop_dist":958.3,"transit_buffer_score":0},"geometry":{"type":"Point","coordinates":[-113.391785,53.503713]}},{"type":"Feature","properties":{"name":"NANAK DRIVING SCHOOL LTD.","size":"10-19","address":"6605 34 STREET NW","sector":"Educational services","naics_desc":"All other schools and instruction","hybrid":"No","transit_score":0.23,"lead_score":0.23,"tier":3,"dauid":"48110692","ward":"","bia":"","nearest_stop_dist":906.5,"transit_buffer_score":0},"geometry":{"type":"Point","coordinates":[-113.392915,53.50343]}},{"type":"Feature","properties":{"name":"MEDLEY TRUCK PARTS AND REPAIR","size":"10-19","address":"6257 34 STREET NW","sector":"Other services (except public administration)","naics_desc":"General automotive repair","hybrid":"No","transit_score":0.23,"lead_score":0.23,"tier":3,"dauid":"48110692","ward":"Sspomitapi","bia":"","nearest_stop_dist":561.9,"transit_buffer_score":0.5},"geometry":{"type":"Point","coordinates":[-113.392968,53.499624]}},{"type":"Feature","properties":{"name":"MEDLEY TRUCK PARTS AND REPAIR","size":"10-19","address":"6257 34 STREET NW","sector":"Other services (except public administration)","naics_desc":"General automotive repair","hybrid":"No","transit_score":0.23,"lead_score":0.23,"tier":3,"dauid":"48110692","ward":"","bia":"","nearest_stop_dist":561.9,"transit_buffer_score":0.5},"geometry":{"type":"Point","coordinates":[-113.392968,53.499624]}},{"type":"Feature","properties":{"name":"DASHMESH TIRE & LUBE INC","size":"10-19","address":"6609 34 STREET NW","sector":"Retail trade","naics_desc":"Tire dealers","hybrid":"No","transit_score":0.23,"lead_score":0.23,"tier":3,"dauid":"48110692","ward":"","bia":"","nearest_stop_dist":933.9,"transit_buffer_score":0},"geometry":{"type":"Point","coordinates":[-113.392443,53.503481]}},{"type":"Feature","properties":{"name":"BROADWAYZ TRUCKING INC","size":"10-19","address":"6305 34 STREET NW","sector":"Transportation and warehousing","naics_desc":"General freight trucking, long distance, truck-load (single shipper)","hybrid":"No","transit_score":0.23,"lead_score":0.23,"tier":3,"dauid":"48110692","ward":"","bia":"","nearest_stop_dist":665.1,"transit_buffer_score":0.1},"geometry":{"type":"Point","coordinates":[-113.39262,53.500607]}},{"type":"Feature","properties":{"name":"NEWX TRANSPORT LTD","size":"10-19","address":"6603 34 STREET NW","sector":"Transportation and warehousing","naics_desc":"General freight trucking, long distance, truck-load (single shipper)","hybrid":"No","transit_score":0.23,"lead_score":0.23,"tier":3,"dauid":"48110692","ward":"","bia":"","nearest_stop_dist":901.1,"transit_buffer_score":0},"geometry":{"type":"Point","coordinates":[-113.392954,53.503086]}},{"type":"Feature","properties":{"name":"SAHARA SANDBLASTING AND PAINTING","size":"10-19","address":"6028 30 STREET NW","sector":"Construction","naics_desc":"Painting and wall covering contractors","hybrid":"No","transit_score":0.23,"lead_score":0.23,"tier":3,"dauid":"48110692","ward":"Sspomitapi","bia":"","nearest_stop_dist":488.3,"transit_buffer_score":0.5},"geometry":{"type":"Point","coordinates":[-113.39179,53.497912]}},{"type":"Feature","properties":{"name":"CANAR ROCK PRODUCTS LTD","size":"10-19","address":"6151 34 STREET NW","sector":"Mining, quarrying, and oil and gas extraction","naics_desc":"Granite mining and quarrying","hybrid":"No","transit_score":0.23,"lead_score":0.23,"tier":3,"dauid":"48110692","ward":"","bia":"","nearest_stop_dist":515.5,"transit_buffer_score":0.5},"geometry":{"type":"Point","coordinates":[-113.393051,53.499132]}},{"type":"Feature","properties":{"name":"SAHARA SANDBLASTING AND PAINTING","size":"10-19","address":"6031 34 STREET NW","sector":"Construction","naics_desc":"All other specialty trade contractors","hybrid":"No","transit_score":0.23,"lead_score":0.23,"tier":3,"dauid":"48110692","ward":"Sspomitapi","bia":"","nearest_stop_dist":483.7,"transit_buffer_score":0.5},"geometry":{"type":"Point","coordinates":[-113.391798,53.497841]}},{"type":"Feature","properties":{"name":"DOMINION PIPE AND PILING","size":"10-19","address":"6515 34 STREET NW","sector":"Wholesale trade","naics_desc":"Plumbing, heating and air-conditioning equipment and supplies merchant wholesalers","hybrid":"No","transit_score":0.23,"lead_score":0.23,"tier":3,"dauid":"48110692","ward":"Sspomitapi","bia":"","nearest_stop_dist":714.9,"transit_buffer_score":0.1},"geometry":{"type":"Point","coordinates":[-113.392856,53.50121]}},{"type":"Feature","properties":{"name":"MD LEGALS (ALBERTA OFFICE)","size":"10-19","address":"16143 142 STREET NW","sector":"Professional, scientific and technical services","naics_desc":"Offices of lawyers","hybrid":"No","transit_score":0.225,"lead_score":0.225,"tier":3,"dauid":"48112753","ward":"Anirniq","bia":"","nearest_stop_dist":501.8,"transit_buffer_score":0.5},"geometry":{"type":"Point","coordinates":[-113.568483,53.622077]}},{"type":"Feature","properties":{"name":"MAG TOOL INC.","size":"10-19","address":"14169 162 AVENUE NW","sector":"Wholesale trade","naics_desc":"Industrial machinery, equipment and supplies merchant wholesalers","hybrid":"No","transit_score":0.225,"lead_score":0.225,"tier":3,"dauid":"48112753","ward":"Anirniq","bia":"","nearest_stop_dist":510.2,"transit_buffer_score":0.5},"geometry":{"type":"Point","coordinates":[-113.568397,53.622849]}},{"type":"Feature","properties":{"name":"EDMONTON SOCCER ASSOCIATION","size":"10-19","address":"14920 142 STREET NW","sector":"Arts, entertainment and recreation","naics_desc":"Sports clubs, teams and leagues performing before a non-paying audience","hybrid":"No","transit_score":0.225,"lead_score":0.225,"tier":3,"dauid":"48112753","ward":"Anirniq","bia":"","nearest_stop_dist":682.5,"transit_buffer_score":0.1},"geometry":{"type":"Point","coordinates":[-113.5726,53.61086]}},{"type":"Feature","properties":{"name":"DYK POST","size":"10-19","address":"16153 142 STREET NW","sector":"Transportation and warehousing","naics_desc":"Other freight transportation arrangement","hybrid":"No","transit_score":0.225,"lead_score":0.225,"tier":3,"dauid":"48112753","ward":"Anirniq","bia":"","nearest_stop_dist":535.5,"transit_buffer_score":0.5},"geometry":{"type":"Point","coordinates":[-113.569051,53.622109]}},{"type":"Feature","properties":{"name":"AMISKWACIY ACADEMY","size":"10-19","address":"101 AIRPORT ROAD NW","sector":"Educational services","naics_desc":"Elementary and secondary schools","hybrid":"No","transit_score":0.224,"lead_score":0.224,"tier":3,"dauid":"48112739","ward":"","bia":"Kingsway","nearest_stop_dist":554.8,"transit_buffer_score":0.5},"geometry":{"type":"Point","coordinates":[-113.518015,53.573554]}},{"type":"Feature","properties":{"name":"CANADIAN ATHLETIC CLUB","size":"10-19","address":"14645 142 STREET NW","sector":"Arts, entertainment and recreation","naics_desc":"Fitness and recreational sports centres","hybrid":"No","transit_score":0.224,"lead_score":0.224,"tier":3,"dauid":"48112755","ward":"Anirniq","bia":"","nearest_stop_dist":446.7,"transit_buffer_score":0.5},"geometry":{"type":"Point","coordinates":[-113.567027,53.60834]}},{"type":"Feature","properties":{"name":"THE ALLERGY CLINIC","size":"10-19","address":"4248 93 STREET NW","sector":"Health care and social assistance","naics_desc":"Offices of physicians","hybrid":"No","transit_score":0.223,"lead_score":0.223,"tier":3,"dauid":"48112115","ward":"Karhiio","bia":"","nearest_stop_dist":408.1,"transit_buffer_score":0.5},"geometry":{"type":"Point","coordinates":[-113.473174,53.479891]}},{"type":"Feature","properties":{"name":"MEDI RESOURCE INTERNATIONAL INC.","size":"10-19","address":"4250 93 STREET NW","sector":"Administrative and support, waste management and remediation services","naics_desc":"Employment placement agencies and executive search services","hybrid":"No","transit_score":0.223,"lead_score":0.223,"tier":3,"dauid":"48112115","ward":"Karhiio","bia":"","nearest_stop_dist":412.7,"transit_buffer_score":0.5},"geometry":{"type":"Point","coordinates":[-113.4731,53.47992]}},{"type":"Feature","properties":{"name":"CAL-SCAN SERVICES LTD","size":"10-19","address":"4188 93 STREET NW","sector":"Manufacturing","naics_desc":"Other metalworking machinery manufacturing","hybrid":"No","transit_score":0.223,"lead_score":0.223,"tier":3,"dauid":"48112115","ward":"Karhiio","bia":"","nearest_stop_dist":420.2,"transit_buffer_score":0.5},"geometry":{"type":"Point","coordinates":[-113.473205,53.478444]}},{"type":"Feature","properties":{"name":"EDMONTON FABRICATION CENTRE","size":"10-19","address":"3515 93 STREET NW","sector":"Manufacturing","naics_desc":"Other metalworking machinery manufacturing","hybrid":"No","transit_score":0.223,"lead_score":0.223,"tier":3,"dauid":"48112115","ward":"Karhiio","bia":"","nearest_stop_dist":425.3,"transit_buffer_score":0.5},"geometry":{"type":"Point","coordinates":[-113.472069,53.469408]}},{"type":"Feature","properties":{"name":"TC SCIENTIFIC INC","size":"10-19","address":"4298 91A STREET NW","sector":"Professional, scientific and technical services","naics_desc":"Testing laboratories","hybrid":"No","transit_score":0.217,"lead_score":0.217,"tier":3,"dauid":"48110732","ward":"Karhiio","bia":"","nearest_stop_dist":628.1,"transit_buffer_score":0.1},"geometry":{"type":"Point","coordinates":[-113.4696,53.4798]}},{"type":"Feature","properties":{"name":"HAR-PAR INVESTMENTS LTD.","size":"10-19","address":"4248 91A STREET NW","sector":"Real estate and rental and leasing","naics_desc":"Real estate property managers","hybrid":"No","transit_score":0.217,"lead_score":0.217,"tier":3,"dauid":"48110732","ward":"Karhiio","bia":"","nearest_stop_dist":529.6,"transit_buffer_score":0.5},"geometry":{"type":"Point","coordinates":[-113.469136,53.478862]}},{"type":"Feature","properties":{"name":"WLG LAW","size":"10-19","address":"4256 91A STREET NW","sector":"Professional, scientific and technical services","naics_desc":"Offices of lawyers","hybrid":"No","transit_score":0.217,"lead_score":0.217,"tier":3,"dauid":"48110732","ward":"Karhiio","bia":"","nearest_stop_dist":536.5,"transit_buffer_score":0.5},"geometry":{"type":"Point","coordinates":[-113.468923,53.4789]}},{"type":"Feature","properties":{"name":"TECHNO SOURCE INTERNATIONAL INC","size":"10-19","address":"4250 93 STREET NW","sector":"Administrative and support, waste management and remediation services","naics_desc":"Employment placement agencies and executive search services","hybrid":"No","transit_score":0.217,"lead_score":0.217,"tier":3,"dauid":"48110732","ward":"Karhiio","bia":"","nearest_stop_dist":431.4,"transit_buffer_score":0.5},"geometry":{"type":"Point","coordinates":[-113.472829,53.479834]}},{"type":"Feature","properties":{"name":"RELAXED LIVING LTD","size":"10-19","address":"4244 91A STREET NW","sector":"Construction","naics_desc":"All other specialty trade contractors","hybrid":"No","transit_score":0.217,"lead_score":0.217,"tier":3,"dauid":"48110732","ward":"Karhiio","bia":"","nearest_stop_dist":530.2,"transit_buffer_score":0.5},"geometry":{"type":"Point","coordinates":[-113.469585,53.478912]}},{"type":"Feature","properties":{"name":"NATIONAL STILTWALKERS OF CANADA HEADQUARTERS","size":"10-19","address":"9357 45 AVENUE NW","sector":"Other services (except public administration)","naics_desc":"Civic and social organizations","hybrid":"No","transit_score":0.217,"lead_score":0.217,"tier":3,"dauid":"48110732","ward":"Karhiio","bia":"","nearest_stop_dist":435.3,"transit_buffer_score":0.5},"geometry":{"type":"Point","coordinates":[-113.472677,53.483734]}},{"type":"Feature","properties":{"name":"SINOVEDA CANADA INC.","size":"10-19","address":"4294 91A STREET NW","sector":"Health care and social assistance","naics_desc":"Medical and diagnostic laboratories","hybrid":"No","transit_score":0.217,"lead_score":0.217,"tier":3,"dauid":"48110732","ward":"Karhiio","bia":"","nearest_stop_dist":635.2,"transit_buffer_score":0.1},"geometry":{"type":"Point","coordinates":[-113.469717,53.48007]}},{"type":"Feature","properties":{"name":"INTEGRATED SOLUTIONS","size":"10-19","address":"4242 91A STREET NW","sector":"Professional, scientific and technical services","naics_desc":"Computer systems design and related services (except video game design and development)","hybrid":"No","transit_score":0.217,"lead_score":0.217,"tier":3,"dauid":"48110732","ward":"Karhiio","bia":"","nearest_stop_dist":543.8,"transit_buffer_score":0.5},"geometry":{"type":"Point","coordinates":[-113.469293,53.479009]}},{"type":"Feature","properties":{"name":"LUXTRONIX TECHNOLOGIES INC","size":"10-19","address":"4252 91A STREET NW","sector":"Manufacturing","naics_desc":"Computer and peripheral equipment manufacturing","hybrid":"No","transit_score":0.217,"lead_score":0.217,"tier":3,"dauid":"48110732","ward":"Karhiio","bia":"","nearest_stop_dist":518.1,"transit_buffer_score":0.5},"geometry":{"type":"Point","coordinates":[-113.469162,53.47876]}},{"type":"Feature","properties":{"name":"ENGINEERED AIR","size":"10-19","address":"4266 91A STREET NW","sector":"Construction","naics_desc":"Plumbing, heating and air-conditioning contractors","hybrid":"No","transit_score":0.217,"lead_score":0.217,"tier":3,"dauid":"48110732","ward":"Karhiio","bia":"","nearest_stop_dist":537.1,"transit_buffer_score":0.5},"geometry":{"type":"Point","coordinates":[-113.469427,53.478961]}},{"type":"Feature","properties":{"name":"WESTERN TRUCK BODY MFG. ULC","size":"10-19","address":"6115 30 STREET NW","sector":"Retail trade","naics_desc":"Automotive parts and accessories retailers","hybrid":"No","transit_score":0.215,"lead_score":0.215,"tier":3,"dauid":"48112545","ward":"","bia":"","nearest_stop_dist":863.8,"transit_buffer_score":0},"geometry":{"type":"Point","coordinates":[-113.3863,53.49898]}},{"type":"Feature","properties":{"name":"AJ TIRES & REPAIRS LTD.","size":"10-19","address":"6503 30 STREET NW","sector":"Other services (except public administration)","naics_desc":"General automotive repair","hybrid":"No","transit_score":0.215,"lead_score":0.215,"tier":3,"dauid":"48112545","ward":"","bia":"","nearest_stop_dist":1095.1,"transit_buffer_score":0},"geometry":{"type":"Point","coordinates":[-113.386123,53.502409]}},{"type":"Feature","properties":{"name":"SPORT & SQUIRREL TRUCKING LTD","size":"10-19","address":"6450 27 STREET NW","sector":"Transportation and warehousing","naics_desc":"General freight trucking, long distance, truck-load (single shipper)","hybrid":"No","transit_score":0.215,"lead_score":0.215,"tier":3,"dauid":"48112545","ward":"Sspomitapi","bia":"","nearest_stop_dist":959.6,"transit_buffer_score":0},"geometry":{"type":"Point","coordinates":[-113.383727,53.501697]}},{"type":"Feature","properties":{"name":"CAN-CON INDUSTRIES INC.","size":"10-19","address":"9333 45 AVENUE NW","sector":"Manufacturing","naics_desc":"Plastic pipe and pipe fitting manufacturing","hybrid":"No","transit_score":0.215,"lead_score":0.215,"tier":3,"dauid":"48110733","ward":"","bia":"","nearest_stop_dist":443.7,"transit_buffer_score":0.5},"geometry":{"type":"Point","coordinates":[-113.4701,53.48405]}},{"type":"Feature","properties":{"name":"EAST CHINA IMMIGRANTS SOCIETY OF EDMONTON","size":"10-19","address":"9333 45 AVENUE NW","sector":"Other services (except public administration)","naics_desc":"Civic and social organizations","hybrid":"No","transit_score":0.215,"lead_score":0.215,"tier":3,"dauid":"48110733","ward":"","bia":"","nearest_stop_dist":443.7,"transit_buffer_score":0.5},"geometry":{"type":"Point","coordinates":[-113.4701,53.48405]}},{"type":"Feature","properties":{"name":"M.A. STEWART SONS LTD","size":"10-19","address":"3006 51 AVENUE NW","sector":"Manufacturing","naics_desc":"Metal valve manufacturing","hybrid":"No","transit_score":0.215,"lead_score":0.215,"tier":3,"dauid":"48112545","ward":"Sspomitapi","bia":"","nearest_stop_dist":759.1,"transit_buffer_score":0.1},"geometry":{"type":"Point","coordinates":[-113.386566,53.488359]}},{"type":"Feature","properties":{"name":"CNC FLOW CONTROL","size":"10-19","address":"2930 51 AVENUE NW","sector":"Wholesale trade","naics_desc":"Industrial machinery, equipment and supplies merchant wholesalers","hybrid":"No","transit_score":0.215,"lead_score":0.215,"tier":3,"dauid":"48112545","ward":"Sspomitapi","bia":"","nearest_stop_dist":852.1,"transit_buffer_score":0},"geometry":{"type":"Point","coordinates":[-113.384443,53.490146]}},{"type":"Feature","properties":{"name":"ALL AROUND TRUCKING & HAULING","size":"10-19","address":"6450 27 STREET NW","sector":"Transportation and warehousing","naics_desc":"General freight trucking, long distance, truck-load (single shipper)","hybrid":"No","transit_score":0.215,"lead_score":0.215,"tier":3,"dauid":"48112545","ward":"Sspomitapi","bia":"","nearest_stop_dist":962.2,"transit_buffer_score":0},"geometry":{"type":"Point","coordinates":[-113.383812,53.501978]}},{"type":"Feature","properties":{"name":"WESTERN TRUCK BODY MFG. ULC","size":"10-19","address":"6115 30 STREET NW","sector":"Retail trade","naics_desc":"Automotive parts and accessories retailers","hybrid":"No","transit_score":0.215,"lead_score":0.215,"tier":3,"dauid":"48112545","ward":"Sspomitapi","bia":"","nearest_stop_dist":863.8,"transit_buffer_score":0},"geometry":{"type":"Point","coordinates":[-113.3863,53.49898]}},{"type":"Feature","properties":{"name":"ROUTE46 TRUCKING LTD","size":"10-19","address":"6210 30 STREET NW","sector":"Transportation and warehousing","naics_desc":"General freight trucking, long distance, truck-load (single shipper)","hybrid":"No","transit_score":0.215,"lead_score":0.215,"tier":3,"dauid":"48112545","ward":"","bia":"","nearest_stop_dist":744.3,"transit_buffer_score":0.1},"geometry":{"type":"Point","coordinates":[-113.38922,53.49973]}},{"type":"Feature","properties":{"name":"G2S TOBEQ EDMONTON","size":"10-19","address":"2930 51 AVENUE NW","sector":"Wholesale trade","naics_desc":"Industrial machinery, equipment and supplies merchant wholesalers","hybrid":"No","transit_score":0.215,"lead_score":0.215,"tier":3,"dauid":"48112545","ward":"Sspomitapi","bia":"","nearest_stop_dist":826.7,"transit_buffer_score":0},"geometry":{"type":"Point","coordinates":[-113.384537,53.489098]}},{"type":"Feature","properties":{"name":"DO-IT SANDBLASTING & PAINTING LTD","size":"10-19","address":"6110 30 STREET NW","sector":"Construction","naics_desc":"Painting and wall covering contractors","hybrid":"No","transit_score":0.215,"lead_score":0.215,"tier":3,"dauid":"48112545","ward":"","bia":"","nearest_stop_dist":688.6,"transit_buffer_score":0.1},"geometry":{"type":"Point","coordinates":[-113.3893,53.49894]}},{"type":"Feature","properties":{"name":"DHALIWAL EQUITIES LTD","size":"10-19","address":"6210 30 STREET NW","sector":"Transportation and warehousing","naics_desc":"Dry bulk materials trucking, local","hybrid":"No","transit_score":0.215,"lead_score":0.215,"tier":3,"dauid":"48112545","ward":"Sspomitapi","bia":"","nearest_stop_dist":748.5,"transit_buffer_score":0.1},"geometry":{"type":"Point","coordinates":[-113.389287,53.49984]}},{"type":"Feature","properties":{"name":"CNC FLOW CONTROL","size":"10-19","address":"2930 51 AVENUE NW","sector":"Wholesale trade","naics_desc":"Industrial machinery, equipment and supplies merchant wholesalers","hybrid":"No","transit_score":0.215,"lead_score":0.215,"tier":3,"dauid":"48112545","ward":"","bia":"","nearest_stop_dist":852.1,"transit_buffer_score":0},"geometry":{"type":"Point","coordinates":[-113.384443,53.490146]}},{"type":"Feature","properties":{"name":"AJ TIRES & REPAIRS LTD.","size":"10-19","address":"6503 30 STREET NW","sector":"Other services (except public administration)","naics_desc":"General automotive repair","hybrid":"No","transit_score":0.215,"lead_score":0.215,"tier":3,"dauid":"48112545","ward":"Sspomitapi","bia":"","nearest_stop_dist":1067.2,"transit_buffer_score":0},"geometry":{"type":"Point","coordinates":[-113.38692,53.502525]}},{"type":"Feature","properties":{"name":"POWER & TEL","size":"10-19","address":"2930 51 AVENUE NW","sector":"Wholesale trade","naics_desc":"Electronic components, navigational and communications equipment and supplies merchant wholesalers","hybrid":"No","transit_score":0.215,"lead_score":0.215,"tier":3,"dauid":"48112545","ward":"","bia":"","nearest_stop_dist":803.9,"transit_buffer_score":0},"geometry":{"type":"Point","coordinates":[-113.383839,53.488893]}},{"type":"Feature","properties":{"name":"ALL AROUND TRUCKING & HAULING","size":"10-19","address":"6450 27 STREET NW","sector":"Transportation and warehousing","naics_desc":"General freight trucking, long distance, truck-load (single shipper)","hybrid":"No","transit_score":0.215,"lead_score":0.215,"tier":3,"dauid":"48112545","ward":"","bia":"","nearest_stop_dist":962.2,"transit_buffer_score":0},"geometry":{"type":"Point","coordinates":[-113.383812,53.501978]}},{"type":"Feature","properties":{"name":"TIRE CHALET","size":"10-19","address":"3006 51 AVENUE NW","sector":"Retail trade","naics_desc":"Tire dealers","hybrid":"No","transit_score":0.215,"lead_score":0.215,"tier":3,"dauid":"48112545","ward":"","bia":"","nearest_stop_dist":731.2,"transit_buffer_score":0.1},"geometry":{"type":"Point","coordinates":[-113.386454,53.489473]}},{"type":"Feature","properties":{"name":"G2S TOBEQ EDMONTON","size":"10-19","address":"2930 51 AVENUE NW","sector":"Wholesale trade","naics_desc":"Industrial machinery, equipment and supplies merchant wholesalers","hybrid":"No","transit_score":0.215,"lead_score":0.215,"tier":3,"dauid":"48112545","ward":"","bia":"","nearest_stop_dist":826.7,"transit_buffer_score":0},"geometry":{"type":"Point","coordinates":[-113.384537,53.489098]}},{"type":"Feature","properties":{"name":"DO-IT SANDBLASTING LTD","size":"10-19","address":"6110 30 STREET NW","sector":"Construction","naics_desc":"Painting and wall covering contractors","hybrid":"No","transit_score":0.215,"lead_score":0.215,"tier":3,"dauid":"48112545","ward":"Sspomitapi","bia":"","nearest_stop_dist":688.6,"transit_buffer_score":0.1},"geometry":{"type":"Point","coordinates":[-113.3893,53.49894]}},{"type":"Feature","properties":{"name":"BOYD DISTRIBUTORS LTD.","size":"10-19","address":"2880 64 AVENUE NW","sector":"Retail trade","naics_desc":"Other building material dealers","hybrid":"No","transit_score":0.215,"lead_score":0.215,"tier":3,"dauid":"48112545","ward":"","bia":"","nearest_stop_dist":1008.9,"transit_buffer_score":0},"geometry":{"type":"Point","coordinates":[-113.386679,53.501626]}},{"type":"Feature","properties":{"name":"POWER & TEL","size":"10-19","address":"2930 51 AVENUE NW","sector":"Wholesale trade","naics_desc":"Electronic components, navigational and communications equipment and supplies merchant wholesalers","hybrid":"No","transit_score":0.215,"lead_score":0.215,"tier":3,"dauid":"48112545","ward":"Sspomitapi","bia":"","nearest_stop_dist":803.9,"transit_buffer_score":0},"geometry":{"type":"Point","coordinates":[-113.383839,53.488893]}},{"type":"Feature","properties":{"name":"SPORT & SQUIRREL TRUCKING LTD","size":"10-19","address":"6450 27 STREET NW","sector":"Transportation and warehousing","naics_desc":"General freight trucking, long distance, truck-load (single shipper)","hybrid":"No","transit_score":0.215,"lead_score":0.215,"tier":3,"dauid":"48112545","ward":"","bia":"","nearest_stop_dist":959.6,"transit_buffer_score":0},"geometry":{"type":"Point","coordinates":[-113.383727,53.501697]}},{"type":"Feature","properties":{"name":"AMPLIFON HEARING CLINIC (FORMERLY LIVING SOUNDS HEARING CENTRE)","size":"5-9","address":"2927 137 AVENUE NW","sector":"Health care and social assistance","naics_desc":"Offices of physical, occupational, and speech therapists and audiologists","hybrid":"No","transit_score":0.426,"lead_score":0.213,"tier":3,"dauid":"48111598","ward":"Dene","bia":"","nearest_stop_dist":401.2,"transit_buffer_score":0.5},"geometry":{"type":"Point","coordinates":[-113.387724,53.599109]}},{"type":"Feature","properties":{"name":"GPA LLP","size":"10-19","address":"5104 82 AVENUE NW","sector":"Professional, scientific and technical services","naics_desc":"Offices of accountants","hybrid":"Yes","transit_score":0.304,"lead_score":0.213,"tier":3,"dauid":"48110785","ward":"Métis","bia":"","nearest_stop_dist":428.6,"transit_buffer_score":0.5},"geometry":{"type":"Point","coordinates":[-113.419341,53.518265]}},{"type":"Feature","properties":{"name":"DIVINE SPINE","size":"5-9","address":"2925 137 AVENUE NW","sector":"Health care and social assistance","naics_desc":"Offices of chiropractors","hybrid":"No","transit_score":0.426,"lead_score":0.213,"tier":3,"dauid":"48111598","ward":"Dene","bia":"","nearest_stop_dist":404,"transit_buffer_score":0.5},"geometry":{"type":"Point","coordinates":[-113.387589,53.599084]}},{"type":"Feature","properties":{"name":"WEST EDMONTON NATUROPATHIC CLINIC","size":"10-19","address":"11356 119 STREET NW","sector":"Health care and social assistance","naics_desc":"Offices of all other health practitioners","hybrid":"Yes","transit_score":0.303,"lead_score":0.212,"tier":3,"dauid":"48110228","ward":"","bia":"Kingsway","nearest_stop_dist":445.7,"transit_buffer_score":0.5},"geometry":{"type":"Point","coordinates":[-113.527504,53.564067]}},{"type":"Feature","properties":{"name":"YEG DENTAL FAMILY DENTAL CARE","size":"5-9","address":"3363 153 AVENUE NW","sector":"Health care and social assistance","naics_desc":"Offices of dentists","hybrid":"No","transit_score":0.422,"lead_score":0.211,"tier":3,"dauid":"48111592","ward":"Dene","bia":"","nearest_stop_dist":427,"transit_buffer_score":0.5},"geometry":{"type":"Point","coordinates":[-113.392528,53.614399]}},{"type":"Feature","properties":{"name":"AWESOME GRACE VENTURES AFRICAN GROCERY MARKET","size":"5-9","address":"3359 153 AVENUE NW","sector":"Retail trade","naics_desc":"All other specialty food retailers","hybrid":"No","transit_score":0.422,"lead_score":0.211,"tier":3,"dauid":"48111592","ward":"Dene","bia":"","nearest_stop_dist":439.5,"transit_buffer_score":0.5},"geometry":{"type":"Point","coordinates":[-113.392239,53.614596]}},{"type":"Feature","properties":{"name":"MALINA BAKERY","size":"10-19","address":"629 CAMERON HEIGHTS DRIVE NW","sector":"Accommodation and food services","naics_desc":"Limited-service eating places","hybrid":"No","transit_score":0.21,"lead_score":0.21,"tier":3,"dauid":"48112689","ward":"","bia":"","nearest_stop_dist":1838.5,"transit_buffer_score":0},"geometry":{"type":"Point","coordinates":[-113.631146,53.470246]}},{"type":"Feature","properties":{"name":"MONTY'S PIZZA","size":"10-19","address":"623 CAMERON HEIGHTS DRIVE NW","sector":"Arts, entertainment and recreation","naics_desc":"Independent visual artists and artisans","hybrid":"No","transit_score":0.21,"lead_score":0.21,"tier":3,"dauid":"48112689","ward":"","bia":"","nearest_stop_dist":1831.8,"transit_buffer_score":0},"geometry":{"type":"Point","coordinates":[-113.631398,53.470229]}},{"type":"Feature","properties":{"name":"SHIAWASE RAMEN","size":"10-19","address":"623 CAMERON HEIGHTS DRIVE NW","sector":"Arts, entertainment and recreation","naics_desc":"Independent visual artists and artisans","hybrid":"No","transit_score":0.21,"lead_score":0.21,"tier":3,"dauid":"48112689","ward":"","bia":"","nearest_stop_dist":1827.3,"transit_buffer_score":0},"geometry":{"type":"Point","coordinates":[-113.631586,53.470213]}},{"type":"Feature","properties":{"name":"MONTYS PIZZA AND STEAKHOUSE","size":"10-19","address":"623 CAMERON HEIGHTS DRIVE NW","sector":"Accommodation and food services","naics_desc":"Limited-service eating places","hybrid":"No","transit_score":0.21,"lead_score":0.21,"tier":3,"dauid":"48112689","ward":"sipiwiyiniwak","bia":"","nearest_stop_dist":1827.4,"transit_buffer_score":0},"geometry":{"type":"Point","coordinates":[-113.631383,53.47028]}},{"type":"Feature","properties":{"name":"MALINA BAKERY","size":"10-19","address":"629 CAMERON HEIGHTS DRIVE NW","sector":"Manufacturing","naics_desc":"Bakeries, manufacture of products for retail sale","hybrid":"No","transit_score":0.21,"lead_score":0.21,"tier":3,"dauid":"48112689","ward":"sipiwiyiniwak","bia":"","nearest_stop_dist":1822.7,"transit_buffer_score":0},"geometry":{"type":"Point","coordinates":[-113.631184,53.470398]}},{"type":"Feature","properties":{"name":"FRONTLINE PHARMACY","size":"10-19","address":"627 CAMERON HEIGHTS DRIVE NW","sector":"Retail trade","naics_desc":"Pharmacies and drug stores","hybrid":"No","transit_score":0.21,"lead_score":0.21,"tier":3,"dauid":"48112689","ward":"","bia":"","nearest_stop_dist":1840,"transit_buffer_score":0},"geometry":{"type":"Point","coordinates":[-113.631293,53.47018]}},{"type":"Feature","properties":{"name":"HAYLOFT STEAK + FISH","size":"10-19","address":"639 CAMERON HEIGHTS DRIVE NW","sector":"Arts, entertainment and recreation","naics_desc":"Independent visual artists and artisans","hybrid":"No","transit_score":0.21,"lead_score":0.21,"tier":3,"dauid":"48112689","ward":"","bia":"","nearest_stop_dist":1783.7,"transit_buffer_score":0},"geometry":{"type":"Point","coordinates":[-113.631463,53.470707]}},{"type":"Feature","properties":{"name":"CONNELLY MCKINLEY LIMITED L","size":"10-19","address":"4820 MERIDIAN STREET NW","sector":"Other services (except public administration)","naics_desc":"Funeral homes","hybrid":"No","transit_score":0.21,"lead_score":0.21,"tier":3,"dauid":"48112535","ward":"","bia":"","nearest_stop_dist":512.8,"transit_buffer_score":0.5},"geometry":{"type":"Point","coordinates":[-113.3502,53.48571]}},{"type":"Feature","properties":{"name":"THE MASTER GROUP","size":"10-19","address":"11418 120 STREET NW","sector":"Wholesale trade","naics_desc":"Plumbing, heating and air-conditioning equipment and supplies merchant wholesalers","hybrid":"Yes","transit_score":0.297,"lead_score":0.208,"tier":3,"dauid":"48110229","ward":"O-day'min","bia":"Kingsway","nearest_stop_dist":437.9,"transit_buffer_score":0.5},"geometry":{"type":"Point","coordinates":[-113.530105,53.565135]}},{"type":"Feature","properties":{"name":"LIME","size":"10-19","address":"12104 121A STREET NW","sector":"Transportation and warehousing","naics_desc":"Other support activities for road transportation","hybrid":"Yes","transit_score":0.297,"lead_score":0.208,"tier":3,"dauid":"48110241","ward":"Anirniq","bia":"","nearest_stop_dist":555.8,"transit_buffer_score":0.5},"geometry":{"type":"Point","coordinates":[-113.531371,53.57533]}},{"type":"Feature","properties":{"name":"NAIT","size":"5-9","address":"11940 109 STREET NW","sector":"Educational services","naics_desc":"Community colleges and C.E.G.E.P.s","hybrid":"No","transit_score":0.412,"lead_score":0.206,"tier":3,"dauid":"48110369","ward":"","bia":"Kingsway","nearest_stop_dist":455.8,"transit_buffer_score":0.5},"geometry":{"type":"Point","coordinates":[-113.508329,53.573598]}},{"type":"Feature","properties":{"name":"EDMONTON REGIONAL AIRPORT AUTHORITY","size":"5-9","address":"10908 120 AVENUE NW","sector":"Transportation and warehousing","naics_desc":"Other airport operations","hybrid":"No","transit_score":0.412,"lead_score":0.206,"tier":3,"dauid":"48110369","ward":"O-day'min","bia":"Kingsway","nearest_stop_dist":502.4,"transit_buffer_score":0.5},"geometry":{"type":"Point","coordinates":[-113.508522,53.574431]}},{"type":"Feature","properties":{"name":"EDMONTON REGIONAL AIRPORT AUTHORITY","size":"5-9","address":"10908 120 AVENUE NW","sector":"Transportation and warehousing","naics_desc":"Other airport operations","hybrid":"No","transit_score":0.412,"lead_score":0.206,"tier":3,"dauid":"48110369","ward":"","bia":"Kingsway","nearest_stop_dist":502.4,"transit_buffer_score":0.5},"geometry":{"type":"Point","coordinates":[-113.508522,53.574431]}},{"type":"Feature","properties":{"name":"WISEMAN CONTRACTING LTD.","size":"10-19","address":"8116 46 STREET NW","sector":"Construction","naics_desc":"Site preparation contractors","hybrid":"Yes","transit_score":0.289,"lead_score":0.202,"tier":3,"dauid":"48112107","ward":"Métis","bia":"","nearest_stop_dist":490.1,"transit_buffer_score":0.5},"geometry":{"type":"Point","coordinates":[-113.412977,53.516664]}},{"type":"Feature","properties":{"name":"GENTEK BUILDING PRODUCTS LIMITED","size":"10-19","address":"3303 ROPER ROAD NW","sector":"Wholesale trade","naics_desc":"Electrical wiring and construction supplies merchant wholesalers","hybrid":"Yes","transit_score":0.289,"lead_score":0.202,"tier":3,"dauid":"48112107","ward":"Sspomitapi","bia":"","nearest_stop_dist":459.9,"transit_buffer_score":0.5},"geometry":{"type":"Point","coordinates":[-113.392986,53.508191]}},{"type":"Feature","properties":{"name":"EVOLVSOLAR","size":"10-19","address":"4516 81 AVENUE NW","sector":"Construction","naics_desc":"All other specialty trade contractors","hybrid":"Yes","transit_score":0.289,"lead_score":0.202,"tier":3,"dauid":"48112107","ward":"","bia":"","nearest_stop_dist":454.1,"transit_buffer_score":0.5},"geometry":{"type":"Point","coordinates":[-113.4111,53.51656]}},{"type":"Feature","properties":{"name":"ENVIROTECH GEOTHERMAL LTD","size":"10-19","address":"8107 43 STREET NW","sector":"Utilities","naics_desc":"Other electric power generation","hybrid":"Yes","transit_score":0.289,"lead_score":0.202,"tier":3,"dauid":"48112107","ward":"","bia":"","nearest_stop_dist":485.3,"transit_buffer_score":0.5},"geometry":{"type":"Point","coordinates":[-113.406656,53.516618]}},{"type":"Feature","properties":{"name":"ENVIROTECH GEOTHERMAL LTD","size":"10-19","address":"8107 43 STREET NW","sector":"Utilities","naics_desc":"Other electric power generation","hybrid":"Yes","transit_score":0.289,"lead_score":0.202,"tier":3,"dauid":"48112107","ward":"Métis","bia":"","nearest_stop_dist":485.3,"transit_buffer_score":0.5},"geometry":{"type":"Point","coordinates":[-113.406656,53.516618]}},{"type":"Feature","properties":{"name":"EVOLVSOLAR","size":"10-19","address":"4516 81 AVENUE NW","sector":"Construction","naics_desc":"All other specialty trade contractors","hybrid":"Yes","transit_score":0.289,"lead_score":0.202,"tier":3,"dauid":"48112107","ward":"Métis","bia":"","nearest_stop_dist":410.5,"transit_buffer_score":0.5},"geometry":{"type":"Point","coordinates":[-113.411156,53.516162]}},{"type":"Feature","properties":{"name":"PLASMA-TEC INDUSTRIES LTD","size":"10-19","address":"7336 36 STREET NW","sector":"Manufacturing","naics_desc":"Other metalworking machinery manufacturing","hybrid":"Yes","transit_score":0.289,"lead_score":0.202,"tier":3,"dauid":"48112107","ward":"Métis","bia":"","nearest_stop_dist":415,"transit_buffer_score":0.5},"geometry":{"type":"Point","coordinates":[-113.397335,53.508982]}},{"type":"Feature","properties":{"name":"ABLEIT INC","size":"10-19","address":"8148 46 STREET NW","sector":"Professional, scientific and technical services","naics_desc":"Other scientific and technical consulting services","hybrid":"Yes","transit_score":0.289,"lead_score":0.202,"tier":3,"dauid":"48112107","ward":"","bia":"","nearest_stop_dist":497.1,"transit_buffer_score":0.5},"geometry":{"type":"Point","coordinates":[-113.412384,53.516809]}},{"type":"Feature","properties":{"name":"MAYSFIELD APPLIANCE STORE AND REPAIR","size":"10-19","address":"4507 82 AVENUE NW","sector":"Other services (except public administration)","naics_desc":"Appliance repair and maintenance","hybrid":"Yes","transit_score":0.289,"lead_score":0.202,"tier":3,"dauid":"48112107","ward":"","bia":"","nearest_stop_dist":574.1,"transit_buffer_score":0.5},"geometry":{"type":"Point","coordinates":[-113.410744,53.517657]}},{"type":"Feature","properties":{"name":"ABLEIT INC","size":"10-19","address":"8148 46 STREET NW","sector":"Professional, scientific and technical services","naics_desc":"Other scientific and technical consulting services","hybrid":"Yes","transit_score":0.289,"lead_score":0.202,"tier":3,"dauid":"48112107","ward":"Métis","bia":"","nearest_stop_dist":497.1,"transit_buffer_score":0.5},"geometry":{"type":"Point","coordinates":[-113.412384,53.516809]}},{"type":"Feature","properties":{"name":"ROYCE CUSTOM HOMES LTD.","size":"10-19","address":"6804 51 AVENUE NW","sector":"Construction","naics_desc":"Residential building construction","hybrid":"No","transit_score":0.2,"lead_score":0.2,"tier":3,"dauid":"48110700","ward":"","bia":"","nearest_stop_dist":675.1,"transit_buffer_score":0.1},"geometry":{"type":"Point","coordinates":[-113.431752,53.488464]}},{"type":"Feature","properties":{"name":"MAJESTIC STONE COUNTERTOPS FABRICATOR INCORPORATED","size":"10-19","address":"18111 107 AVENUE NW","sector":"Manufacturing","naics_desc":"All other non-metallic mineral product manufacturing","hybrid":"No","transit_score":0.2,"lead_score":0.2,"tier":3,"dauid":"48111161","ward":"Nakota Isga","bia":"","nearest_stop_dist":413,"transit_buffer_score":0.5},"geometry":{"type":"Point","coordinates":[-113.633708,53.552272]}},{"type":"Feature","properties":{"name":"LOUVEC CONTRACTING LTD","size":"10-19","address":"22304 112 AVENUE NW","sector":"Construction","naics_desc":"Highway, street and bridge construction","hybrid":"No","transit_score":0.2,"lead_score":0.2,"tier":3,"dauid":"48112727","ward":"Nakota Isga","bia":"","nearest_stop_dist":884.4,"transit_buffer_score":0},"geometry":{"type":"Point","coordinates":[-113.7019,53.56041]}},{"type":"Feature","properties":{"name":"FIRST TRUCKING LTD","size":"10-19","address":"6604 51 AVENUE NW","sector":"Transportation and warehousing","naics_desc":"General freight trucking, long distance, truck-load (single shipper)","hybrid":"No","transit_score":0.2,"lead_score":0.2,"tier":3,"dauid":"48110700","ward":"","bia":"","nearest_stop_dist":601.7,"transit_buffer_score":0.1},"geometry":{"type":"Point","coordinates":[-113.429421,53.489288]}},{"type":"Feature","properties":{"name":"EMPIRE METALS & RECYCLING LTD.","size":"10-19","address":"10810 209 STREET NW","sector":"Wholesale trade","naics_desc":"Recyclable metal merchant wholesalers","hybrid":"No","transit_score":0.2,"lead_score":0.2,"tier":3,"dauid":"48112726","ward":"Nakota Isga","bia":"","nearest_stop_dist":596.4,"transit_buffer_score":0.5},"geometry":{"type":"Point","coordinates":[-113.6806,53.55418]}},{"type":"Feature","properties":{"name":"MAJOR OVERHAUL & EQUIPMENT REPAIR","size":"10-19","address":"2231 121 AVENUE NE","sector":"Other services (except public administration)","naics_desc":"General automotive repair","hybrid":"No","transit_score":0.2,"lead_score":0.2,"tier":3,"dauid":"48112785","ward":"Dene","bia":"","nearest_stop_dist":981,"transit_buffer_score":0},"geometry":{"type":"Point","coordinates":[-113.3122,53.57408]}},{"type":"Feature","properties":{"name":"ALBERTA DECK SHOP","size":"10-19","address":"20325 111 AVENUE NW","sector":"Construction","naics_desc":"Other foundation, structure and building exterior contractors","hybrid":"No","transit_score":0.2,"lead_score":0.2,"tier":3,"dauid":"48112726","ward":"Nakota Isga","bia":"","nearest_stop_dist":1282.3,"transit_buffer_score":0},"geometry":{"type":"Point","coordinates":[-113.672422,53.558187]}},{"type":"Feature","properties":{"name":"SUNBELT RENTALS OF CANADA INC.","size":"10-19","address":"19904 111 AVENUE NW","sector":"Real estate and rental and leasing","naics_desc":"Other commercial and industrial machinery and equipment rental and leasing","hybrid":"No","transit_score":0.2,"lead_score":0.2,"tier":3,"dauid":"48112726","ward":"Nakota Isga","bia":"","nearest_stop_dist":1406.9,"transit_buffer_score":0},"geometry":{"type":"Point","coordinates":[-113.665257,53.559054]}},{"type":"Feature","properties":{"name":"IGLOO DESIGN STUDIO","size":"10-19","address":"12832 184 STREET NW","sector":"Retail trade","naics_desc":"Other building material dealers","hybrid":"No","transit_score":0.2,"lead_score":0.2,"tier":3,"dauid":"48112721","ward":"","bia":"","nearest_stop_dist":402.7,"transit_buffer_score":0.5},"geometry":{"type":"Point","coordinates":[-113.644012,53.586283]}},{"type":"Feature","properties":{"name":"SOUTHPORT DAYCARE","size":"10-19","address":"3528 EWING TRAIL SW","sector":"Health care and social assistance","naics_desc":"Child day-care services","hybrid":"No","transit_score":0.2,"lead_score":0.2,"tier":3,"dauid":"48112587","ward":"Karhiio","bia":"","nearest_stop_dist":1052.9,"transit_buffer_score":0},"geometry":{"type":"Point","coordinates":[-113.49131,53.40074]}},{"type":"Feature","properties":{"name":"NIKIFORUK CONSTRUCTION LTD","size":"10-19","address":"23150 18 STREET NW","sector":"Construction","naics_desc":"Residential building construction","hybrid":"No","transit_score":0.2,"lead_score":0.2,"tier":3,"dauid":"48112470","ward":"Dene","bia":"","nearest_stop_dist":null,"transit_buffer_score":0},"geometry":{"type":"Point","coordinates":[-113.375,53.69246]}},{"type":"Feature","properties":{"name":"SEA-CAN CONTAINERS","size":"10-19","address":"11043 201 STREET NW","sector":"Wholesale trade","naics_desc":"Industrial machinery, equipment and supplies merchant wholesalers","hybrid":"No","transit_score":0.2,"lead_score":0.2,"tier":3,"dauid":"48112726","ward":"Nakota Isga","bia":"","nearest_stop_dist":1413.2,"transit_buffer_score":0},"geometry":{"type":"Point","coordinates":[-113.665234,53.558214]}},{"type":"Feature","properties":{"name":"TGS ELECTRIC LTD","size":"10-19","address":"20454 107 AVENUE NW","sector":"Construction","naics_desc":"Electrical contractors and other wiring installation contractors","hybrid":"No","transit_score":0.2,"lead_score":0.2,"tier":3,"dauid":"48112726","ward":"Nakota Isga","bia":"","nearest_stop_dist":1050.6,"transit_buffer_score":0},"geometry":{"type":"Point","coordinates":[-113.673041,53.55218]}},{"type":"Feature","properties":{"name":"STERIS APPLIED STERILIZATION TECHNOLOGIES","size":"10-19","address":"9205 135 STREET SW","sector":"Wholesale trade","naics_desc":"Professional machinery, equipment and supplies merchant wholesalers","hybrid":"No","transit_score":0.2,"lead_score":0.2,"tier":3,"dauid":"48112647","ward":"Ipiihkoohkanipiaohtsi","bia":"","nearest_stop_dist":1729.3,"transit_buffer_score":0},"geometry":{"type":"Point","coordinates":[-113.557327,53.349862]}},{"type":"Feature","properties":{"name":"WORKSPACE MODULAR STRUCTURES INC.","size":"10-19","address":"11113 224 STREET NW","sector":"Manufacturing","naics_desc":"Truck trailer manufacturing","hybrid":"No","transit_score":0.2,"lead_score":0.2,"tier":3,"dauid":"48112727","ward":"Nakota Isga","bia":"","nearest_stop_dist":700.5,"transit_buffer_score":0.1},"geometry":{"type":"Point","coordinates":[-113.701922,53.558717]}},{"type":"Feature","properties":{"name":"HCH HYDRAULICS LTD.","size":"10-19","address":"11221 224 STREET NW","sector":"Other services (except public administration)","naics_desc":"Commercial and industrial machinery and equipment (except automotive and electronic) repair and maintenance","hybrid":"No","transit_score":0.2,"lead_score":0.2,"tier":3,"dauid":"48112727","ward":"Nakota Isga","bia":"","nearest_stop_dist":935.8,"transit_buffer_score":0},"geometry":{"type":"Point","coordinates":[-113.7019,53.56088]}},{"type":"Feature","properties":{"name":"GB JUNIOR TRUCKING","size":"10-19","address":"21016 109 AVENUE NW","sector":"Other services (except public administration)","naics_desc":"Specialized automotive repair","hybrid":"No","transit_score":0.2,"lead_score":0.2,"tier":3,"dauid":"48112726","ward":"Nakota Isga","bia":"","nearest_stop_dist":780.9,"transit_buffer_score":0.1},"geometry":{"type":"Point","coordinates":[-113.681838,53.557746]}},{"type":"Feature","properties":{"name":"TREVJ ENTERPRISES","size":"10-19","address":"20018 107 AVENUE NW","sector":"Real estate and rental and leasing","naics_desc":"Other commercial and industrial machinery and equipment rental and leasing","hybrid":"No","transit_score":0.2,"lead_score":0.2,"tier":3,"dauid":"48112728","ward":"Nakota Isga","bia":"","nearest_stop_dist":1446.8,"transit_buffer_score":0},"geometry":{"type":"Point","coordinates":[-113.667055,53.551726]}},{"type":"Feature","properties":{"name":"LAFARGE CANADA INC","size":"10-19","address":"22131 112 AVENUE NW","sector":"Construction","naics_desc":"All other specialty trade contractors","hybrid":"No","transit_score":0.2,"lead_score":0.2,"tier":3,"dauid":"48112232","ward":"Nakota Isga","bia":"","nearest_stop_dist":648.2,"transit_buffer_score":0.1},"geometry":{"type":"Point","coordinates":[-113.6983,53.55838]}},{"type":"Feature","properties":{"name":"PETRO CANADA","size":"10-19","address":"22903 97 AVENUE NW","sector":"Retail trade","naics_desc":"Gasoline stations with convenience stores","hybrid":"No","transit_score":0.2,"lead_score":0.2,"tier":3,"dauid":"48112731","ward":"Nakota Isga","bia":"","nearest_stop_dist":408.1,"transit_buffer_score":0.5},"geometry":{"type":"Point","coordinates":[-113.711905,53.536652]}},{"type":"Feature","properties":{"name":"KUEHNE + NAGEL LTD.","size":"10-19","address":"12652 184 STREET NW","sector":"Transportation and warehousing","naics_desc":"Other freight transportation arrangement","hybrid":"No","transit_score":0.2,"lead_score":0.2,"tier":3,"dauid":"48112721","ward":"Nakota Isga","bia":"","nearest_stop_dist":506,"transit_buffer_score":0.5},"geometry":{"type":"Point","coordinates":[-113.647454,53.584299]}},{"type":"Feature","properties":{"name":"GREEN CITY RECYCLE","size":"10-19","address":"20804 STONY PLAIN ROAD NW","sector":"Administrative and support, waste management and remediation services","naics_desc":"Waste collection","hybrid":"No","transit_score":0.2,"lead_score":0.2,"tier":3,"dauid":"48112728","ward":"Nakota Isga","bia":"","nearest_stop_dist":498.7,"transit_buffer_score":0.5},"geometry":{"type":"Point","coordinates":[-113.677905,53.542524]}},{"type":"Feature","properties":{"name":"SHEFFIELD WELDING & MACHINING LTD.","size":"10-19","address":"20504 107 AVENUE NW","sector":"Manufacturing","naics_desc":"Other plate work and fabricated structural product manufacturing","hybrid":"No","transit_score":0.2,"lead_score":0.2,"tier":3,"dauid":"48112726","ward":"Nakota Isga","bia":"","nearest_stop_dist":875.1,"transit_buffer_score":0},"geometry":{"type":"Point","coordinates":[-113.6757,53.55199]}},{"type":"Feature","properties":{"name":"XLT TRANSPORT LTD","size":"10-19","address":"22903 110 AVENUE NW","sector":"Transportation and warehousing","naics_desc":"General freight trucking, long distance, truck-load (single shipper)","hybrid":"No","transit_score":0.2,"lead_score":0.2,"tier":3,"dauid":"48112727","ward":"Nakota Isga","bia":"","nearest_stop_dist":749.6,"transit_buffer_score":0.1},"geometry":{"type":"Point","coordinates":[-113.7108,53.55654]}},{"type":"Feature","properties":{"name":"METRO SUPPLY CHAIN","size":"10-19","address":"1005 EBY ROAD SW","sector":"Transportation and warehousing","naics_desc":"Other freight transportation arrangement","hybrid":"No","transit_score":0.2,"lead_score":0.2,"tier":3,"dauid":"48112587","ward":"Karhiio","bia":"","nearest_stop_dist":923.5,"transit_buffer_score":0},"geometry":{"type":"Point","coordinates":[-113.489344,53.398841]}},{"type":"Feature","properties":{"name":"ARCHON INDUSTRIES INC","size":"10-19","address":"20426 107 AVENUE NW","sector":"Wholesale trade","naics_desc":"Industrial machinery, equipment and supplies merchant wholesalers","hybrid":"No","transit_score":0.2,"lead_score":0.2,"tier":3,"dauid":"48112726","ward":"Nakota Isga","bia":"","nearest_stop_dist":1084.5,"transit_buffer_score":0},"geometry":{"type":"Point","coordinates":[-113.672528,53.552172]}},{"type":"Feature","properties":{"name":"EDMONTON LANDSCAPE CENTER","size":"10-19","address":"19115 STONY PLAIN ROAD NW","sector":"Retail trade","naics_desc":"Nursery retailers and garden centres","hybrid":"No","transit_score":0.2,"lead_score":0.2,"tier":3,"dauid":"48111162","ward":"Nakota Isga","bia":"","nearest_stop_dist":522.7,"transit_buffer_score":0.5},"geometry":{"type":"Point","coordinates":[-113.652809,53.540306]}},{"type":"Feature","properties":{"name":"NEXT STEP PHYSIO & CONCUSSION CLINIC","size":"10-19","address":"22959 97 AVENUE NW","sector":"Health care and social assistance","naics_desc":"Offices of physical, occupational, and speech therapists and audiologists","hybrid":"No","transit_score":0.2,"lead_score":0.2,"tier":3,"dauid":"48112731","ward":"Nakota Isga","bia":"","nearest_stop_dist":422.9,"transit_buffer_score":0.5},"geometry":{"type":"Point","coordinates":[-113.711974,53.536822]}},{"type":"Feature","properties":{"name":"GFL ENVIRONMENTAL SERVICE INC.","size":"10-19","address":"12015 28 STREET NE","sector":"Administrative and support, waste management and remediation services","naics_desc":"Remediation services","hybrid":"No","transit_score":0.2,"lead_score":0.2,"tier":3,"dauid":"48112783","ward":"Dene","bia":"","nearest_stop_dist":1081.7,"transit_buffer_score":0},"geometry":{"type":"Point","coordinates":[-113.3003,53.57473]}},{"type":"Feature","properties":{"name":"DESI CLUB INDIAN STREET FOOD & SWEETS","size":"10-19","address":"3408 EWING TRAIL SW","sector":"Accommodation and food services","naics_desc":"Limited-service eating places","hybrid":"No","transit_score":0.2,"lead_score":0.2,"tier":3,"dauid":"48112587","ward":"Karhiio","bia":"","nearest_stop_dist":1218.4,"transit_buffer_score":0},"geometry":{"type":"Point","coordinates":[-113.489732,53.402268]}},{"type":"Feature","properties":{"name":"DRYVIT EDMONTON","size":"10-19","address":"5932 51 AVENUE NW","sector":"Wholesale trade","naics_desc":"General-line building supplies merchant wholesalers","hybrid":"No","transit_score":0.2,"lead_score":0.2,"tier":3,"dauid":"48110700","ward":"Karhiio","bia":"","nearest_stop_dist":517.4,"transit_buffer_score":0.5},"geometry":{"type":"Point","coordinates":[-113.426425,53.488316]}},{"type":"Feature","properties":{"name":"SETANTA CONTRACTING LTD","size":"10-19","address":"20107 107 AVENUE NW","sector":"Construction","naics_desc":"Plumbing, heating and air-conditioning contractors","hybrid":"No","transit_score":0.2,"lead_score":0.2,"tier":3,"dauid":"48112728","ward":"Nakota Isga","bia":"","nearest_stop_dist":1283.9,"transit_buffer_score":0},"geometry":{"type":"Point","coordinates":[-113.669655,53.550723]}},{"type":"Feature","properties":{"name":"KHALSA G PIZZA","size":"10-19","address":"3422 EWING TRAIL SW","sector":"Accommodation and food services","naics_desc":"Limited-service eating places","hybrid":"No","transit_score":0.2,"lead_score":0.2,"tier":3,"dauid":"48112587","ward":"Karhiio","bia":"","nearest_stop_dist":1236.8,"transit_buffer_score":0},"geometry":{"type":"Point","coordinates":[-113.49027,53.402273]}},{"type":"Feature","properties":{"name":"310-DUMP","size":"10-19","address":"11403 199 STREET NW","sector":"Administrative and support, waste management and remediation services","naics_desc":"Waste treatment and disposal","hybrid":"No","transit_score":0.2,"lead_score":0.2,"tier":3,"dauid":"48112726","ward":"Nakota Isga","bia":"","nearest_stop_dist":1267.9,"transit_buffer_score":0},"geometry":{"type":"Point","coordinates":[-113.663584,53.563667]}},{"type":"Feature","properties":{"name":"IMPALA AUTO WRECKERS","size":"10-19","address":"22403 113 AVENUE NW","sector":"Administrative and support, waste management and remediation services","naics_desc":"Material recovery facilities","hybrid":"No","transit_score":0.2,"lead_score":0.2,"tier":3,"dauid":"48112727","ward":"Nakota Isga","bia":"","nearest_stop_dist":1019.1,"transit_buffer_score":0},"geometry":{"type":"Point","coordinates":[-113.70345,53.561443]}},{"type":"Feature","properties":{"name":"MAX THERMAL FABRICATORS","size":"10-19","address":"24511 34 STREET NW","sector":"Manufacturing","naics_desc":"Metal valve manufacturing","hybrid":"No","transit_score":0.2,"lead_score":0.2,"tier":3,"dauid":"48112470","ward":"Dene","bia":"","nearest_stop_dist":null,"transit_buffer_score":0},"geometry":{"type":"Point","coordinates":[-113.390248,53.703349]}},{"type":"Feature","properties":{"name":"SHIRDI SAI BABA MANDIR (SPIRITUAL MEDITATION CENTRE)","size":"10-19","address":"5706 127 STREET SW","sector":"Other services (except public administration)","naics_desc":"Religious organizations","hybrid":"No","transit_score":0.2,"lead_score":0.2,"tier":3,"dauid":"48112641","ward":"Ipiihkoohkanipiaohtsi","bia":"","nearest_stop_dist":1803.4,"transit_buffer_score":0},"geometry":{"type":"Point","coordinates":[-113.544608,53.381636]}},{"type":"Feature","properties":{"name":"IRONMAN DIRECTIONAL BORING LTD","size":"10-19","address":"21104 108 AVENUE NW","sector":"Construction","naics_desc":"Commercial and institutional building construction","hybrid":"No","transit_score":0.2,"lead_score":0.2,"tier":3,"dauid":"48112726","ward":"Nakota Isga","bia":"","nearest_stop_dist":466.9,"transit_buffer_score":0.5},"geometry":{"type":"Point","coordinates":[-113.6827,53.5541]}},{"type":"Feature","properties":{"name":"NEW EDMONTON REMAND CENTRE LOUNGE #60577","size":"10-19","address":"18415 127 STREET NW","sector":"Public administration","naics_desc":"Provincial correctional services","hybrid":"No","transit_score":0.2,"lead_score":0.2,"tier":3,"dauid":"48112706","ward":"Anirniq","bia":"","nearest_stop_dist":400.2,"transit_buffer_score":0.5},"geometry":{"type":"Point","coordinates":[-113.536455,53.648295]}},{"type":"Feature","properties":{"name":"ACTION TOWING SERVICES LTD.","size":"10-19","address":"12038 28 STREET NE","sector":"Transportation and warehousing","naics_desc":"Motor vehicle towing","hybrid":"No","transit_score":0.2,"lead_score":0.2,"tier":3,"dauid":"48112783","ward":"Dene","bia":"","nearest_stop_dist":1228.1,"transit_buffer_score":0},"geometry":{"type":"Point","coordinates":[-113.301874,53.575658]}},{"type":"Feature","properties":{"name":"ALLSONS ELECTRIC LTD","size":"10-19","address":"23003 112 AVENUE NW","sector":"Construction","naics_desc":"Electrical contractors and other wiring installation contractors","hybrid":"No","transit_score":0.2,"lead_score":0.2,"tier":3,"dauid":"48112727","ward":"Nakota Isga","bia":"","nearest_stop_dist":1064.5,"transit_buffer_score":0},"geometry":{"type":"Point","coordinates":[-113.712081,53.559729]}},{"type":"Feature","properties":{"name":"INLINE MASONRY","size":"10-19","address":"22508 112 AVENUE NW","sector":"Construction","naics_desc":"Masonry contractors","hybrid":"No","transit_score":0.2,"lead_score":0.2,"tier":3,"dauid":"48112727","ward":"Nakota Isga","bia":"","nearest_stop_dist":954.9,"transit_buffer_score":0},"geometry":{"type":"Point","coordinates":[-113.705086,53.560617]}},{"type":"Feature","properties":{"name":"PURRS AND PAWS","size":"10-19","address":"3442 EWING TRAIL SW","sector":"Other services (except public administration)","naics_desc":"Pet care (except veterinary) services","hybrid":"No","transit_score":0.2,"lead_score":0.2,"tier":3,"dauid":"48112587","ward":"Karhiio","bia":"","nearest_stop_dist":1209.6,"transit_buffer_score":0},"geometry":{"type":"Point","coordinates":[-113.491168,53.402206]}},{"type":"Feature","properties":{"name":"UNITED GROUP OF COMPANIES INC.","size":"10-19","address":"11020 224 STREET NW","sector":"Transportation and warehousing","naics_desc":"Other freight transportation arrangement","hybrid":"No","transit_score":0.2,"lead_score":0.2,"tier":3,"dauid":"48112727","ward":"Nakota Isga","bia":"","nearest_stop_dist":635.8,"transit_buffer_score":0.1},"geometry":{"type":"Point","coordinates":[-113.7034,53.55788]}},{"type":"Feature","properties":{"name":"POLYKAR INC","size":"10-19","address":"9406 130 STREET SW","sector":"Manufacturing","naics_desc":"All other plastic product manufacturing","hybrid":"No","transit_score":0.2,"lead_score":0.2,"tier":3,"dauid":"48112647","ward":"Ipiihkoohkanipiaohtsi","bia":"","nearest_stop_dist":1308.2,"transit_buffer_score":0},"geometry":{"type":"Point","coordinates":[-113.5511,53.34746]}},{"type":"Feature","properties":{"name":"AMECO","size":"10-19","address":"13606 92 AVENUE NW","sector":"Wholesale trade","naics_desc":"Construction and forestry machinery, equipment and supplies merchant wholesalers","hybrid":"No","transit_score":0.2,"lead_score":0.2,"tier":3,"dauid":"48111715","ward":"Ipiihkoohkanipiaohtsi","bia":"","nearest_stop_dist":1762.2,"transit_buffer_score":0},"geometry":{"type":"Point","coordinates":[-113.557836,53.341023]}},{"type":"Feature","properties":{"name":"U-HAUL CO (CANADA) LTD","size":"10-19","address":"10210 218 STREET NW","sector":"Transportation and warehousing","naics_desc":"General warehousing and storage","hybrid":"No","transit_score":0.2,"lead_score":0.2,"tier":3,"dauid":"48112233","ward":"Nakota Isga","bia":"","nearest_stop_dist":491.7,"transit_buffer_score":0.5},"geometry":{"type":"Point","coordinates":[-113.6956,53.54325]}},{"type":"Feature","properties":{"name":"TIP FLEET SERVICES CANADA LTD.","size":"10-19","address":"12516 184 STREET NW","sector":"Real estate and rental and leasing","naics_desc":"Truck, utility trailer and recreational vehicle (RV) rental and leasing","hybrid":"No","transit_score":0.2,"lead_score":0.2,"tier":3,"dauid":"48112721","ward":"","bia":"","nearest_stop_dist":532.4,"transit_buffer_score":0.5},"geometry":{"type":"Point","coordinates":[-113.646921,53.580948]}},{"type":"Feature","properties":{"name":"PERFORMANCE COMPRESSION SOLUTIONS INC.","size":"10-19","address":"3108 121 AVENUE NE","sector":"Manufacturing","naics_desc":"Machine shops","hybrid":"No","transit_score":0.2,"lead_score":0.2,"tier":3,"dauid":"48112783","ward":"Dene","bia":"","nearest_stop_dist":1231.3,"transit_buffer_score":0},"geometry":{"type":"Point","coordinates":[-113.298415,53.577249]}},{"type":"Feature","properties":{"name":"VALKYRIE PERFORMANCE INC.","size":"10-19","address":"11103 224 STREET NW","sector":"Retail trade","naics_desc":"Automotive parts and accessories retailers","hybrid":"No","transit_score":0.2,"lead_score":0.2,"tier":3,"dauid":"48112727","ward":"Nakota Isga","bia":"","nearest_stop_dist":700.5,"transit_buffer_score":0.1},"geometry":{"type":"Point","coordinates":[-113.701922,53.558717]}},{"type":"Feature","properties":{"name":"TEN CANADA LTD.","size":"10-19","address":"12516 184 STREET NW","sector":"Real estate and rental and leasing","naics_desc":"Truck, utility trailer and recreational vehicle (RV) rental and leasing","hybrid":"No","transit_score":0.2,"lead_score":0.2,"tier":3,"dauid":"48112721","ward":"Nakota Isga","bia":"","nearest_stop_dist":602.2,"transit_buffer_score":0.1},"geometry":{"type":"Point","coordinates":[-113.648458,53.579984]}},{"type":"Feature","properties":{"name":"ADVANCE AUTO PARTS LTD","size":"10-19","address":"21203 109 AVENUE NW","sector":"Retail trade","naics_desc":"Automotive parts and accessories retailers","hybrid":"No","transit_score":0.2,"lead_score":0.2,"tier":3,"dauid":"48112726","ward":"Nakota Isga","bia":"","nearest_stop_dist":508.4,"transit_buffer_score":0.5},"geometry":{"type":"Point","coordinates":[-113.684351,53.555802]}},{"type":"Feature","properties":{"name":"KETEK GROUP","size":"10-19","address":"20204 110 AVENUE NW","sector":"Construction","naics_desc":"All other specialty trade contractors","hybrid":"No","transit_score":0.2,"lead_score":0.2,"tier":3,"dauid":"48112726","ward":"Nakota Isga","bia":"","nearest_stop_dist":1411.7,"transit_buffer_score":0},"geometry":{"type":"Point","coordinates":[-113.669388,53.557254]}},{"type":"Feature","properties":{"name":"PORTER WAREHOUSING AND DISTRIBUTION","size":"10-19","address":"16610 140 AVENUE NW","sector":"Transportation and warehousing","naics_desc":"Other warehousing and storage","hybrid":"No","transit_score":0.2,"lead_score":0.2,"tier":3,"dauid":"48111927","ward":"Anirniq","bia":"","nearest_stop_dist":491.4,"transit_buffer_score":0.5},"geometry":{"type":"Point","coordinates":[-113.611129,53.603464]}},{"type":"Feature","properties":{"name":"BUILDING DEPOT SUPPLY LTD.","size":"10-19","address":"6804 51 AVENUE NW","sector":"Wholesale trade","naics_desc":"Electrical wiring and construction supplies merchant wholesalers","hybrid":"No","transit_score":0.2,"lead_score":0.2,"tier":3,"dauid":"48110700","ward":"","bia":"","nearest_stop_dist":700.9,"transit_buffer_score":0.1},"geometry":{"type":"Point","coordinates":[-113.431612,53.488247]}},{"type":"Feature","properties":{"name":"XTREME WEAR PARTS INC.","size":"10-19","address":"1005 EBY ROAD SW","sector":"Manufacturing","naics_desc":"Construction machinery manufacturing","hybrid":"No","transit_score":0.2,"lead_score":0.2,"tier":3,"dauid":"48112587","ward":"Karhiio","bia":"","nearest_stop_dist":898.1,"transit_buffer_score":0},"geometry":{"type":"Point","coordinates":[-113.490159,53.398873]}},{"type":"Feature","properties":{"name":"INSTANT MOVE","size":"10-19","address":"22604 112 AVENUE NW","sector":"Transportation and warehousing","naics_desc":"Used household and office goods moving","hybrid":"No","transit_score":0.2,"lead_score":0.2,"tier":3,"dauid":"48112727","ward":"Nakota Isga","bia":"","nearest_stop_dist":969.7,"transit_buffer_score":0},"geometry":{"type":"Point","coordinates":[-113.706029,53.560617]}},{"type":"Feature","properties":{"name":"SERCON REFRIGERATION LTD","size":"10-19","address":"20408 107 AVENUE NW","sector":"Construction","naics_desc":"Plumbing, heating and air-conditioning contractors","hybrid":"No","transit_score":0.2,"lead_score":0.2,"tier":3,"dauid":"48112726","ward":"Nakota Isga","bia":"","nearest_stop_dist":1093.8,"transit_buffer_score":0},"geometry":{"type":"Point","coordinates":[-113.672388,53.552113]}},{"type":"Feature","properties":{"name":"QUALITY POLLY PIG","size":"10-19","address":"2450 130 AVENUE NE","sector":"Manufacturing","naics_desc":"Urethane and other foam product (except polystyrene) manufacturing","hybrid":"No","transit_score":0.2,"lead_score":0.2,"tier":3,"dauid":"48112502","ward":"Dene","bia":"","nearest_stop_dist":2614.4,"transit_buffer_score":0},"geometry":{"type":"Point","coordinates":[-113.313838,53.589066]}},{"type":"Feature","properties":{"name":"MARMARA GROUP LTD.","size":"10-19","address":"10804 181 STREET NW","sector":"Professional, scientific and technical services","naics_desc":"Offices of accountants","hybrid":"No","transit_score":0.2,"lead_score":0.2,"tier":3,"dauid":"48111161","ward":"","bia":"","nearest_stop_dist":411.6,"transit_buffer_score":0.5},"geometry":{"type":"Point","coordinates":[-113.633896,53.555131]}},{"type":"Feature","properties":{"name":"MAMMOET CANADA WESTERN LTD","size":"10-19","address":"12920 33 STREET NE","sector":"Construction","naics_desc":"All other specialty trade contractors","hybrid":"No","transit_score":0.2,"lead_score":0.2,"tier":3,"dauid":"48112783","ward":"Dene","bia":"","nearest_stop_dist":1975.6,"transit_buffer_score":0},"geometry":{"type":"Point","coordinates":[-113.2982,53.5846]}},{"type":"Feature","properties":{"name":"EMBARK LANDSCAPE & DESIGN INC","size":"10-19","address":"11230 228 STREET NW","sector":"Administrative and support, waste management and remediation services","naics_desc":"Landscaping services","hybrid":"No","transit_score":0.2,"lead_score":0.2,"tier":3,"dauid":"48112727","ward":"Nakota Isga","bia":"","nearest_stop_dist":1116.3,"transit_buffer_score":0},"geometry":{"type":"Point","coordinates":[-113.709461,53.56125]}},{"type":"Feature","properties":{"name":"TRITON MACHINING INC.","size":"10-19","address":"11220 224 STREET NW","sector":"Manufacturing","naics_desc":"Machine shops","hybrid":"No","transit_score":0.2,"lead_score":0.2,"tier":3,"dauid":"48112727","ward":"Nakota Isga","bia":"","nearest_stop_dist":969.7,"transit_buffer_score":0},"geometry":{"type":"Point","coordinates":[-113.7038,53.56092]}},{"type":"Feature","properties":{"name":"MARMARA GROUP LTD.","size":"10-19","address":"10804 181 STREET NW","sector":"Professional, scientific and technical services","naics_desc":"Offices of accountants","hybrid":"No","transit_score":0.2,"lead_score":0.2,"tier":3,"dauid":"48111161","ward":"Nakota Isga","bia":"","nearest_stop_dist":411.6,"transit_buffer_score":0.5},"geometry":{"type":"Point","coordinates":[-113.633896,53.555131]}},{"type":"Feature","properties":{"name":"SECORD MEDICAL CLINIC","size":"10-19","address":"22919 97 AVENUE NW","sector":"Health care and social assistance","naics_desc":"Offices of physicians","hybrid":"No","transit_score":0.2,"lead_score":0.2,"tier":3,"dauid":"48112731","ward":"Nakota Isga","bia":"","nearest_stop_dist":416,"transit_buffer_score":0.5},"geometry":{"type":"Point","coordinates":[-113.712179,53.536534]}},{"type":"Feature","properties":{"name":"MMD MINERAL SIZING (CANADA) INC.","size":"10-19","address":"22511 112 AVENUE NW","sector":"Real estate and rental and leasing","naics_desc":"Construction, transportation, mining, and forestry machinery and equipment rental and leasing","hybrid":"No","transit_score":0.2,"lead_score":0.2,"tier":3,"dauid":"48112727","ward":"Nakota Isga","bia":"","nearest_stop_dist":806.5,"transit_buffer_score":0},"geometry":{"type":"Point","coordinates":[-113.7052,53.55923]}},{"type":"Feature","properties":{"name":"NEPTUNE CORING A DIVISION OF LAFARGE CANADA INC.","size":"10-19","address":"21521 112 AVENUE NW","sector":"Construction","naics_desc":"Residential building construction","hybrid":"No","transit_score":0.2,"lead_score":0.2,"tier":3,"dauid":"48112726","ward":"Nakota Isga","bia":"","nearest_stop_dist":689,"transit_buffer_score":0.1},"geometry":{"type":"Point","coordinates":[-113.690067,53.559315]}},{"type":"Feature","properties":{"name":"FRASERWAY RV - EDMONTON","size":"10-19","address":"21910 STONY PLAIN ROAD NW","sector":"Retail trade","naics_desc":"Recreational vehicle dealers","hybrid":"No","transit_score":0.2,"lead_score":0.2,"tier":3,"dauid":"48112731","ward":"Nakota Isga","bia":"","nearest_stop_dist":641.5,"transit_buffer_score":0.1},"geometry":{"type":"Point","coordinates":[-113.697163,53.542019]}},{"type":"Feature","properties":{"name":"MOGO ELECTRICAL INSTALLATIONS LTD.","size":"10-19","address":"11320 182 STREET NW","sector":"Construction","naics_desc":"Electrical contractors and other wiring installation contractors","hybrid":"No","transit_score":0.2,"lead_score":0.2,"tier":3,"dauid":"48111161","ward":"Nakota Isga","bia":"Northwest Industrial","nearest_stop_dist":408.1,"transit_buffer_score":0.5},"geometry":{"type":"Point","coordinates":[-113.636501,53.562505]}},{"type":"Feature","properties":{"name":"STAR LEARNERS DAYCARE & OSC SECORD","size":"10-19","address":"22931 97 AVENUE NW","sector":"Health care and social assistance","naics_desc":"Child day-care services","hybrid":"No","transit_score":0.2,"lead_score":0.2,"tier":3,"dauid":"48112731","ward":"Nakota Isga","bia":"","nearest_stop_dist":456.2,"transit_buffer_score":0.5},"geometry":{"type":"Point","coordinates":[-113.712889,53.536527]}},{"type":"Feature","properties":{"name":"MKS TRAILER & EQUIPMENT REPAIRS LTD","size":"10-19","address":"20411 106 AVENUE NW","sector":"Other services (except public administration)","naics_desc":"Commercial and industrial machinery and equipment (except automotive and electronic) repair and maintenance","hybrid":"No","transit_score":0.2,"lead_score":0.2,"tier":3,"dauid":"48112728","ward":"Nakota Isga","bia":"","nearest_stop_dist":1099.7,"transit_buffer_score":0},"geometry":{"type":"Point","coordinates":[-113.673,53.54891]}},{"type":"Feature","properties":{"name":"CURIOUS MINDS DAYCARE & OSC","size":"10-19","address":"3446 EWING TRAIL SW","sector":"Health care and social assistance","naics_desc":"Child day-care services","hybrid":"No","transit_score":0.2,"lead_score":0.2,"tier":3,"dauid":"48112587","ward":"Karhiio","bia":"","nearest_stop_dist":1214.6,"transit_buffer_score":0},"geometry":{"type":"Point","coordinates":[-113.490988,53.402217]}},{"type":"Feature","properties":{"name":"TRUCKCO MECHANICAL LTD.","size":"10-19","address":"20131 110 AVENUE NW","sector":"Other services (except public administration)","naics_desc":"General automotive repair","hybrid":"No","transit_score":0.2,"lead_score":0.2,"tier":3,"dauid":"48112726","ward":"Nakota Isga","bia":"","nearest_stop_dist":1490.3,"transit_buffer_score":0},"geometry":{"type":"Point","coordinates":[-113.667416,53.55614]}},{"type":"Feature","properties":{"name":"MULTIGAS DETECTION & INSTRUMENTATION SERVICES GROUP INC","size":"10-19","address":"5613 70 STREET NW","sector":"Manufacturing","naics_desc":"Measuring, medical and controlling devices manufacturing","hybrid":"No","transit_score":0.2,"lead_score":0.2,"tier":3,"dauid":"48110700","ward":"Karhiio","bia":"","nearest_stop_dist":400.4,"transit_buffer_score":0.5},"geometry":{"type":"Point","coordinates":[-113.432156,53.491203]}},{"type":"Feature","properties":{"name":"MAGNECOM LTD.","size":"10-19","address":"10717 205TH STREET NW","sector":"Information and cultural industries","naics_desc":"All other telecommunications","hybrid":"No","transit_score":0.2,"lead_score":0.2,"tier":3,"dauid":"48112726","ward":"Nakota Isga","bia":"","nearest_stop_dist":998.3,"transit_buffer_score":0},"geometry":{"type":"Point","coordinates":[-113.673834,53.552074]}},{"type":"Feature","properties":{"name":"VISSER GREENHOUSES","size":"10-19","address":"2710 195 AVENUE NE","sector":"Agriculture, forestry, fishing and hunting","naics_desc":"Potato farming","hybrid":"No","transit_score":0.2,"lead_score":0.2,"tier":3,"dauid":"48112460","ward":"Dene","bia":"","nearest_stop_dist":null,"transit_buffer_score":0},"geometry":{"type":"Point","coordinates":[-113.301659,53.661465]}},{"type":"Feature","properties":{"name":"SOUTHWEST GREENS","size":"10-19","address":"20924 100 AVENUE NW","sector":"Retail trade","naics_desc":"Outdoor power equipment retailers","hybrid":"No","transit_score":0.2,"lead_score":0.2,"tier":3,"dauid":"48112728","ward":"Nakota Isga","bia":"","nearest_stop_dist":439.4,"transit_buffer_score":0.5},"geometry":{"type":"Point","coordinates":[-113.679964,53.540188]}},{"type":"Feature","properties":{"name":"WARREN VALVE","size":"10-19","address":"1025 EBY ROAD SW","sector":"Wholesale trade","naics_desc":"Industrial machinery, equipment and supplies merchant wholesalers","hybrid":"No","transit_score":0.2,"lead_score":0.2,"tier":3,"dauid":"48112587","ward":"Karhiio","bia":"","nearest_stop_dist":693.1,"transit_buffer_score":0.1},"geometry":{"type":"Point","coordinates":[-113.490775,53.396912]}},{"type":"Feature","properties":{"name":"BRENNEIS GREENHOUSE","size":"10-19","address":"16121 10 STREET NW","sector":"Agriculture, forestry, fishing and hunting","naics_desc":"Floriculture production","hybrid":"No","transit_score":0.2,"lead_score":0.2,"tier":3,"dauid":"48112492","ward":"Dene","bia":"","nearest_stop_dist":654.5,"transit_buffer_score":0.1},"geometry":{"type":"Point","coordinates":[-113.3551,53.62273]}},{"type":"Feature","properties":{"name":"EXPERIENCED TRUCK & EQUIPMENT","size":"10-19","address":"21003 107 AVENUE NW","sector":"Wholesale trade","naics_desc":"New and used automobile and light-duty truck merchant wholesalers","hybrid":"No","transit_score":0.2,"lead_score":0.2,"tier":3,"dauid":"48112726","ward":"Nakota Isga","bia":"","nearest_stop_dist":526.3,"transit_buffer_score":0.5},"geometry":{"type":"Point","coordinates":[-113.6811,53.55131]}},{"type":"Feature","properties":{"name":"ADVANCED COOLANT TECHNOLOGIES","size":"10-19","address":"22643 113 AVENUE NW","sector":"Wholesale trade","naics_desc":"Chemical (except agricultural) and allied product merchant wholesalers","hybrid":"No","transit_score":0.2,"lead_score":0.2,"tier":3,"dauid":"48112727","ward":"Nakota Isga","bia":"","nearest_stop_dist":1080.1,"transit_buffer_score":0},"geometry":{"type":"Point","coordinates":[-113.707175,53.561448]}},{"type":"Feature","properties":{"name":"DEVCO CONSULTING LTD","size":"10-19","address":"6009 97 STREET NW","sector":"Manufacturing","naics_desc":"Sign manufacturing","hybrid":"No","transit_score":0.2,"lead_score":0.2,"tier":3,"dauid":"48112708","ward":"papastew","bia":"","nearest_stop_dist":1018.6,"transit_buffer_score":0},"geometry":{"type":"Point","coordinates":[-113.491339,53.65062]}},{"type":"Feature","properties":{"name":"ARROWHEAD NURSERIES LTD.","size":"10-19","address":"2503 211 AVENUE NE","sector":"Agriculture, forestry, fishing and hunting","naics_desc":"Nursery and tree production","hybrid":"No","transit_score":0.2,"lead_score":0.2,"tier":3,"dauid":"48112460","ward":"Dene","bia":"","nearest_stop_dist":null,"transit_buffer_score":0},"geometry":{"type":"Point","coordinates":[-113.3044,53.66859]}},{"type":"Feature","properties":{"name":"ZEEBEE’ SIDING","size":"10-19","address":"11241 224 STREET NW","sector":"Construction","naics_desc":"Siding contractors","hybrid":"No","transit_score":0.2,"lead_score":0.2,"tier":3,"dauid":"48112727","ward":"Nakota Isga","bia":"","nearest_stop_dist":973.3,"transit_buffer_score":0},"geometry":{"type":"Point","coordinates":[-113.702167,53.561393]}},{"type":"Feature","properties":{"name":"BUILDING DEPOT SUPPLY LTD.","size":"10-19","address":"6804 51 AVENUE NW","sector":"Wholesale trade","naics_desc":"Electrical wiring and construction supplies merchant wholesalers","hybrid":"No","transit_score":0.2,"lead_score":0.2,"tier":3,"dauid":"48110700","ward":"Karhiio","bia":"","nearest_stop_dist":700.9,"transit_buffer_score":0.1},"geometry":{"type":"Point","coordinates":[-113.431612,53.488247]}},{"type":"Feature","properties":{"name":"CONCRETE INC.","size":"10-19","address":"11240 199 STREET NW","sector":"Manufacturing","naics_desc":"Concrete pipe, brick and block manufacturing","hybrid":"No","transit_score":0.2,"lead_score":0.2,"tier":3,"dauid":"48112721","ward":"","bia":"Northwest Industrial","nearest_stop_dist":1067.6,"transit_buffer_score":0},"geometry":{"type":"Point","coordinates":[-113.66,53.56784]}},{"type":"Feature","properties":{"name":"SITEONE LANDSCAPE SUPPLY, LTD.","size":"10-19","address":"11703 199 STREET NW","sector":"Retail trade","naics_desc":"Nursery retailers and garden centres","hybrid":"No","transit_score":0.2,"lead_score":0.2,"tier":3,"dauid":"48112721","ward":"Nakota Isga","bia":"Northwest Industrial","nearest_stop_dist":1067.6,"transit_buffer_score":0},"geometry":{"type":"Point","coordinates":[-113.66,53.56784]}},{"type":"Feature","properties":{"name":"ROYAL CAMP","size":"10-19","address":"22235 115 AVENUE NW","sector":"Accommodation and food services","naics_desc":"Caterers","hybrid":"No","transit_score":0.2,"lead_score":0.2,"tier":3,"dauid":"48112727","ward":"Nakota Isga","bia":"","nearest_stop_dist":929.8,"transit_buffer_score":0},"geometry":{"type":"Point","coordinates":[-113.702921,53.563773]}},{"type":"Feature","properties":{"name":"7-ELEVEN STORE #38536H","size":"10-19","address":"3504 EWING TRAIL SW","sector":"Retail trade","naics_desc":"Gasoline stations with convenience stores","hybrid":"No","transit_score":0.2,"lead_score":0.2,"tier":3,"dauid":"48112587","ward":"Karhiio","bia":"","nearest_stop_dist":1132.7,"transit_buffer_score":0},"geometry":{"type":"Point","coordinates":[-113.490826,53.401398]}},{"type":"Feature","properties":{"name":"IN-LINE CONTRACTING LTD.","size":"10-19","address":"22663 110 AVENUE NW","sector":"Professional, scientific and technical services","naics_desc":"Engineering services","hybrid":"No","transit_score":0.2,"lead_score":0.2,"tier":3,"dauid":"48112727","ward":"Nakota Isga","bia":"","nearest_stop_dist":604.8,"transit_buffer_score":0.1},"geometry":{"type":"Point","coordinates":[-113.7073,53.55669]}},{"type":"Feature","properties":{"name":"YELLOW DOG TRUCKING LTD.","size":"10-19","address":"10651 199 STREET NW","sector":"Transportation and warehousing","naics_desc":"Other freight transportation arrangement","hybrid":"No","transit_score":0.2,"lead_score":0.2,"tier":3,"dauid":"48112729","ward":"Nakota Isga","bia":"","nearest_stop_dist":1529.3,"transit_buffer_score":0},"geometry":{"type":"Point","coordinates":[-113.662833,53.55132]}},{"type":"Feature","properties":{"name":"HUMMER ENGINE SERVICES LTD","size":"10-19","address":"20131 107 AVENUE NW","sector":"Other services (except public administration)","naics_desc":"Commercial and industrial machinery and equipment (except automotive and electronic) repair and maintenance","hybrid":"No","transit_score":0.2,"lead_score":0.2,"tier":3,"dauid":"48112728","ward":"Nakota Isga","bia":"","nearest_stop_dist":1240.9,"transit_buffer_score":0},"geometry":{"type":"Point","coordinates":[-113.670316,53.550703]}},{"type":"Feature","properties":{"name":"PYRAMID CONCRETE & CONSULTING LTD","size":"10-19","address":"20024 111 AVENUE NW","sector":"Construction","naics_desc":"Poured concrete foundation and structure contractors","hybrid":"No","transit_score":0.2,"lead_score":0.2,"tier":3,"dauid":"48112726","ward":"Nakota Isga","bia":"","nearest_stop_dist":1475.6,"transit_buffer_score":0},"geometry":{"type":"Point","coordinates":[-113.6663,53.55906]}},{"type":"Feature","properties":{"name":"MAJESTIC STONE COUNTERTOPS FABRICATOR INCORPORATED","size":"10-19","address":"18111 107 AVENUE NW","sector":"Manufacturing","naics_desc":"All other non-metallic mineral product manufacturing","hybrid":"No","transit_score":0.2,"lead_score":0.2,"tier":3,"dauid":"48111161","ward":"","bia":"","nearest_stop_dist":413,"transit_buffer_score":0.5},"geometry":{"type":"Point","coordinates":[-113.633708,53.552272]}},{"type":"Feature","properties":{"name":"ARMOR WOOD PRODUCTS LTD","size":"10-19","address":"2531 121 AVENUE NE","sector":"Manufacturing","naics_desc":"All other miscellaneous chemical product manufacturing","hybrid":"No","transit_score":0.2,"lead_score":0.2,"tier":3,"dauid":"48112783","ward":"Dene","bia":"","nearest_stop_dist":1147.4,"transit_buffer_score":0},"geometry":{"type":"Point","coordinates":[-113.3064,53.57408]}},{"type":"Feature","properties":{"name":"SITE ONE LANDSCAPE SUPPLY","size":"10-19","address":"11703 199 STREET NW","sector":"Retail trade","naics_desc":"Nursery retailers and garden centres","hybrid":"No","transit_score":0.2,"lead_score":0.2,"tier":3,"dauid":"48112721","ward":"Nakota Isga","bia":"","nearest_stop_dist":1256.7,"transit_buffer_score":0},"geometry":{"type":"Point","coordinates":[-113.66332,53.566302]}},{"type":"Feature","properties":{"name":"TDS (TOTAL DELIVERY SOLUTION) LTD.","size":"10-19","address":"22925 112 AVENUE NW","sector":"Transportation and warehousing","naics_desc":"Couriers","hybrid":"No","transit_score":0.2,"lead_score":0.2,"tier":3,"dauid":"48112727","ward":"Nakota Isga","bia":"","nearest_stop_dist":957.2,"transit_buffer_score":0},"geometry":{"type":"Point","coordinates":[-113.710887,53.559058]}},{"type":"Feature","properties":{"name":"GRANITE SYSTEMS LTD","size":"10-19","address":"21003 108 AVENUE NW","sector":"Construction","naics_desc":"Electrical contractors and other wiring installation contractors","hybrid":"No","transit_score":0.2,"lead_score":0.2,"tier":3,"dauid":"48112726","ward":"Nakota Isga","bia":"","nearest_stop_dist":515.8,"transit_buffer_score":0.5},"geometry":{"type":"Point","coordinates":[-113.681316,53.553123]}},{"type":"Feature","properties":{"name":"TEXCAN","size":"10-19","address":"11330 189 STREET NW","sector":"Wholesale trade","naics_desc":"Electrical wiring and construction supplies merchant wholesalers","hybrid":"No","transit_score":0.2,"lead_score":0.2,"tier":3,"dauid":"48111161","ward":"Nakota Isga","bia":"Northwest Industrial","nearest_stop_dist":408.1,"transit_buffer_score":0.5},"geometry":{"type":"Point","coordinates":[-113.6503,53.56224]}},{"type":"Feature","properties":{"name":"CITY MASONRY WORKS","size":"10-19","address":"225 41 AVENUE SW","sector":"Construction","naics_desc":"Masonry contractors","hybrid":"No","transit_score":0.2,"lead_score":0.2,"tier":3,"dauid":"48112576","ward":"Sspomitapi","bia":"","nearest_stop_dist":null,"transit_buffer_score":0},"geometry":{"type":"Point","coordinates":[-113.360151,53.414679]}},{"type":"Feature","properties":{"name":"DRYVIT EDMONTON","size":"10-19","address":"5932 51 AVENUE NW","sector":"Wholesale trade","naics_desc":"General-line building supplies merchant wholesalers","hybrid":"No","transit_score":0.2,"lead_score":0.2,"tier":3,"dauid":"48110700","ward":"","bia":"","nearest_stop_dist":554.2,"transit_buffer_score":0.5},"geometry":{"type":"Point","coordinates":[-113.426944,53.488509]}},{"type":"Feature","properties":{"name":"OILKING SERVICES INC.","size":"10-19","address":"2220 119 AVENUE NW NE","sector":"Transportation and warehousing","naics_desc":"Local messengers and local delivery","hybrid":"No","transit_score":0.2,"lead_score":0.2,"tier":3,"dauid":"48112785","ward":"Dene","bia":"","nearest_stop_dist":868.4,"transit_buffer_score":0},"geometry":{"type":"Point","coordinates":[-113.3122,53.57302]}},{"type":"Feature","properties":{"name":"POLYKAR INDUSTRIES INC.","size":"10-19","address":"9406 130 STREET SW","sector":"Manufacturing","naics_desc":"All other plastic product manufacturing","hybrid":"No","transit_score":0.2,"lead_score":0.2,"tier":3,"dauid":"48112647","ward":"Ipiihkoohkanipiaohtsi","bia":"","nearest_stop_dist":1307.6,"transit_buffer_score":0},"geometry":{"type":"Point","coordinates":[-113.55109,53.347454]}},{"type":"Feature","properties":{"name":"ALTAVOX","size":"10-19","address":"11241 224 STREET NW","sector":"Retail trade","naics_desc":"Other building material dealers","hybrid":"No","transit_score":0.2,"lead_score":0.2,"tier":3,"dauid":"48112727","ward":"Nakota Isga","bia":"","nearest_stop_dist":962.8,"transit_buffer_score":0},"geometry":{"type":"Point","coordinates":[-113.701998,53.561406]}},{"type":"Feature","properties":{"name":"DAVID T'S CAMARO & FIREBIRD AUTO CENTER","size":"10-19","address":"10611 201 STREET NW","sector":"Retail trade","naics_desc":"Automotive parts and accessories retailers","hybrid":"No","transit_score":0.2,"lead_score":0.2,"tier":3,"dauid":"48112728","ward":"Nakota Isga","bia":"","nearest_stop_dist":1231.3,"transit_buffer_score":0},"geometry":{"type":"Point","coordinates":[-113.66825,53.549698]}},{"type":"Feature","properties":{"name":"COOPER EQUIPMENT RENTALS LIMITED","size":"10-19","address":"20704 118A AVENUE NW","sector":"Real estate and rental and leasing","naics_desc":"Construction, transportation, mining, and forestry machinery and equipment rental and leasing","hybrid":"No","transit_score":0.2,"lead_score":0.2,"tier":3,"dauid":"48112726","ward":"Nakota Isga","bia":"","nearest_stop_dist":904.3,"transit_buffer_score":0},"geometry":{"type":"Point","coordinates":[-113.6767,53.57122]}},{"type":"Feature","properties":{"name":"TRANSX LTD","size":"10-19","address":"19121 118A AVENUE NW","sector":"Transportation and warehousing","naics_desc":"General freight trucking, long distance, truck-load (single shipper)","hybrid":"No","transit_score":0.2,"lead_score":0.2,"tier":3,"dauid":"48112721","ward":"","bia":"Northwest Industrial","nearest_stop_dist":745.7,"transit_buffer_score":0.1},"geometry":{"type":"Point","coordinates":[-113.6546,53.5685]}},{"type":"Feature","properties":{"name":"STANLEY CONVERGENT SECURITY SOLUTIONS","size":"10-19","address":"10448 176 STREET NW","sector":"Administrative and support, waste management and remediation services","naics_desc":"Security systems services (except locksmiths)","hybrid":"No","transit_score":0.2,"lead_score":0.2,"tier":3,"dauid":"48111161","ward":"Nakota Isga","bia":"","nearest_stop_dist":408.3,"transit_buffer_score":0.5},"geometry":{"type":"Point","coordinates":[-113.634037,53.555241]}},{"type":"Feature","properties":{"name":"T-BAR CONTRACTING","size":"10-19","address":"11252 220 STREET NW","sector":"Construction","naics_desc":"All other specialty trade contractors","hybrid":"No","transit_score":0.2,"lead_score":0.2,"tier":3,"dauid":"48112232","ward":"Nakota Isga","bia":"","nearest_stop_dist":713.6,"transit_buffer_score":0.1},"geometry":{"type":"Point","coordinates":[-113.697572,53.561474]}},{"type":"Feature","properties":{"name":"CERTIFIED URETHANE APPLICATOR INC.","size":"10-19","address":"10661 231 STREET NW","sector":"Construction","naics_desc":"All other specialty trade contractors","hybrid":"No","transit_score":0.2,"lead_score":0.2,"tier":3,"dauid":"48112233","ward":"Nakota Isga","bia":"","nearest_stop_dist":531.6,"transit_buffer_score":0.5},"geometry":{"type":"Point","coordinates":[-113.71,53.55132]}},{"type":"Feature","properties":{"name":"SURE SHOT SANDBLASTING & PAINTING LTD","size":"10-19","address":"22021 115 AVENUE NW","sector":"Construction","naics_desc":"All other specialty trade contractors","hybrid":"No","transit_score":0.2,"lead_score":0.2,"tier":3,"dauid":"48112232","ward":"Nakota Isga","bia":"","nearest_stop_dist":533.7,"transit_buffer_score":0.5},"geometry":{"type":"Point","coordinates":[-113.6971,53.56466]}},{"type":"Feature","properties":{"name":"MANNING BOTTLE DEPOT","size":"10-19","address":"16035 FORT ROAD NW","sector":"Administrative and support, waste management and remediation services","naics_desc":"All other support services","hybrid":"No","transit_score":0.2,"lead_score":0.2,"tier":3,"dauid":"48112497","ward":"Dene","bia":"","nearest_stop_dist":897.1,"transit_buffer_score":0},"geometry":{"type":"Point","coordinates":[-113.38195,53.621759]}},{"type":"Feature","properties":{"name":"ALTECH INDUSTRIAL SUPPLIES","size":"10-19","address":"23004 112 AVENUE NW","sector":"Wholesale trade","naics_desc":"Industrial machinery, equipment and supplies merchant wholesalers","hybrid":"No","transit_score":0.2,"lead_score":0.2,"tier":3,"dauid":"48112727","ward":"Nakota Isga","bia":"","nearest_stop_dist":1149.4,"transit_buffer_score":0},"geometry":{"type":"Point","coordinates":[-113.712767,53.560379]}},{"type":"Feature","properties":{"name":"JIMMY'S RV STORAGE LTD.","size":"10-19","address":"11535 231 STREET NW","sector":"Transportation and warehousing","naics_desc":"Other warehousing and storage","hybrid":"No","transit_score":0.2,"lead_score":0.2,"tier":3,"dauid":"48112727","ward":"Nakota Isga","bia":"","nearest_stop_dist":1071.2,"transit_buffer_score":0},"geometry":{"type":"Point","coordinates":[-113.70534,53.565008]}},{"type":"Feature","properties":{"name":"BLUE SKIES BLAST & PAINT LTD","size":"10-19","address":"22440 110 AVENUE NW","sector":"Construction","naics_desc":"All other specialty trade contractors","hybrid":"No","transit_score":0.2,"lead_score":0.2,"tier":3,"dauid":"48112727","ward":"Nakota Isga","bia":"","nearest_stop_dist":641.5,"transit_buffer_score":0.1},"geometry":{"type":"Point","coordinates":[-113.7041,53.55786]}},{"type":"Feature","properties":{"name":"ARTISAN OF CANADA","size":"10-19","address":"3204 121 AVENUE NE","sector":"Retail trade","naics_desc":"All other health and personal care retailers","hybrid":"No","transit_score":0.2,"lead_score":0.2,"tier":3,"dauid":"48112783","ward":"Dene","bia":"","nearest_stop_dist":1183.1,"transit_buffer_score":0},"geometry":{"type":"Point","coordinates":[-113.29688,53.577247]}},{"type":"Feature","properties":{"name":"PET PALACE HOTEL, DAYCARE & GROOMING","size":"10-19","address":"3524 EWING TRAIL SW","sector":"Other services (except public administration)","naics_desc":"Pet care (except veterinary) services","hybrid":"No","transit_score":0.2,"lead_score":0.2,"tier":3,"dauid":"48112587","ward":"Karhiio","bia":"","nearest_stop_dist":1068.5,"transit_buffer_score":0},"geometry":{"type":"Point","coordinates":[-113.491411,53.400912]}},{"type":"Feature","properties":{"name":"HWY 16 TOWING LTD.","size":"5-9","address":"7524 YELLOWHEAD TRAIL NW","sector":"Transportation and warehousing","naics_desc":"Motor vehicle towing","hybrid":"No","transit_score":0.398,"lead_score":0.199,"tier":3,"dauid":"48110107","ward":"Métis","bia":"","nearest_stop_dist":424.1,"transit_buffer_score":0.5},"geometry":{"type":"Point","coordinates":[-113.457175,53.582796]}},{"type":"Feature","properties":{"name":"SOFI SOL AUTO CARE SERVICE","size":"5-9","address":"7520 YELLOWHEAD TRAIL","sector":"Retail trade","naics_desc":"Automotive parts and accessories retailers","hybrid":"No","transit_score":0.398,"lead_score":0.199,"tier":3,"dauid":"48110107","ward":"Métis","bia":"","nearest_stop_dist":423,"transit_buffer_score":0.5},"geometry":{"type":"Point","coordinates":[-113.457028,53.582799]}},{"type":"Feature","properties":{"name":"CLOVER BAR SAND & GRAVEL LTD.","size":"5-9","address":"1501 130 AVENUE NW","sector":"Wholesale trade","naics_desc":"Other specialty-line building supplies merchant wholesalers","hybrid":"No","transit_score":0.393,"lead_score":0.197,"tier":3,"dauid":"48110418","ward":"Dene","bia":"","nearest_stop_dist":1121.7,"transit_buffer_score":0},"geometry":{"type":"Point","coordinates":[-113.3626,53.59579]}},{"type":"Feature","properties":{"name":"WOLSELEY PLUMBING","size":"5-9","address":"5721 125 AVENUE NW","sector":"Retail trade","naics_desc":"Other building material dealers","hybrid":"No","transit_score":0.386,"lead_score":0.193,"tier":3,"dauid":"48110381","ward":"Métis","bia":"","nearest_stop_dist":541.7,"transit_buffer_score":0.5},"geometry":{"type":"Point","coordinates":[-113.430802,53.58132]}},{"type":"Feature","properties":{"name":"NORTH TRUCK & TRAILER REPAIRS LTD.","size":"5-9","address":"5704 125A AVENUE NW","sector":"Other services (except public administration)","naics_desc":"General automotive repair","hybrid":"No","transit_score":0.386,"lead_score":0.193,"tier":3,"dauid":"48110381","ward":"Métis","bia":"","nearest_stop_dist":509.1,"transit_buffer_score":0.5},"geometry":{"type":"Point","coordinates":[-113.429449,53.583114]}},{"type":"Feature","properties":{"name":"DAMAGE INC.","size":"5-9","address":"5700 125 AVENUE NW","sector":"Administrative and support, waste management and remediation services","naics_desc":"Janitorial services (except window cleaning)","hybrid":"No","transit_score":0.386,"lead_score":0.193,"tier":3,"dauid":"48110381","ward":"Métis","bia":"","nearest_stop_dist":520.6,"transit_buffer_score":0.5},"geometry":{"type":"Point","coordinates":[-113.429474,53.5819]}},{"type":"Feature","properties":{"name":"SIDHU TRUCK REPAIRS LTD.","size":"5-9","address":"5710 125A AVENUE NW","sector":"Other services (except public administration)","naics_desc":"General automotive repair","hybrid":"No","transit_score":0.386,"lead_score":0.193,"tier":3,"dauid":"48110381","ward":"Métis","bia":"","nearest_stop_dist":509.2,"transit_buffer_score":0.5},"geometry":{"type":"Point","coordinates":[-113.429667,53.583108]}},{"type":"Feature","properties":{"name":"PLATINUM TIRE AND LUBE INC.","size":"5-9","address":"5720 125A AVENUE NW","sector":"Other services (except public administration)","naics_desc":"All other automotive repair and maintenance","hybrid":"No","transit_score":0.386,"lead_score":0.193,"tier":3,"dauid":"48110381","ward":"Métis","bia":"","nearest_stop_dist":508.1,"transit_buffer_score":0.5},"geometry":{"type":"Point","coordinates":[-113.430174,53.58312]}},{"type":"Feature","properties":{"name":"TAXIDERMY BY CLARENCE KRIASKI","size":"5-9","address":"5714 125A AVENUE NW","sector":"Arts, entertainment and recreation","naics_desc":"Independent visual artists and artisans","hybrid":"No","transit_score":0.386,"lead_score":0.193,"tier":3,"dauid":"48110381","ward":"Métis","bia":"","nearest_stop_dist":508.4,"transit_buffer_score":0.5},"geometry":{"type":"Point","coordinates":[-113.429858,53.583114]}},{"type":"Feature","properties":{"name":"PREMIUM TIRES & REPAIRS LTD","size":"5-9","address":"12524 60 STREET NW","sector":"Retail trade","naics_desc":"Tire dealers","hybrid":"No","transit_score":0.386,"lead_score":0.193,"tier":3,"dauid":"48110381","ward":"Métis","bia":"","nearest_stop_dist":555.1,"transit_buffer_score":0.5},"geometry":{"type":"Point","coordinates":[-113.434034,53.58183]}},{"type":"Feature","properties":{"name":"PRO-TECHNIQUE TIRE & LUBE","size":"5-9","address":"5618 125A AVENUE NW","sector":"Other services (except public administration)","naics_desc":"All other automotive repair and maintenance","hybrid":"No","transit_score":0.386,"lead_score":0.193,"tier":3,"dauid":"48110381","ward":"Métis","bia":"","nearest_stop_dist":510,"transit_buffer_score":0.5},"geometry":{"type":"Point","coordinates":[-113.429096,53.583122]}},{"type":"Feature","properties":{"name":"D-TECH DIESEL REPAIR LTD","size":"5-9","address":"5612 125A AVENUE NW","sector":"Other services (except public administration)","naics_desc":"General automotive repair","hybrid":"No","transit_score":0.386,"lead_score":0.193,"tier":3,"dauid":"48110381","ward":"Métis","bia":"","nearest_stop_dist":520.5,"transit_buffer_score":0.5},"geometry":{"type":"Point","coordinates":[-113.428647,53.583061]}},{"type":"Feature","properties":{"name":"ATHENA DONAIR DISTRIBUTORS LTD","size":"5-9","address":"12508 60 STREET NW","sector":"Manufacturing","naics_desc":"Rendering and meat processing from carcasses","hybrid":"No","transit_score":0.386,"lead_score":0.193,"tier":3,"dauid":"48110381","ward":"Métis","bia":"","nearest_stop_dist":472.2,"transit_buffer_score":0.5},"geometry":{"type":"Point","coordinates":[-113.4344,53.58111]}},{"type":"Feature","properties":{"name":"BLUE HAWK MOTORS LTD","size":"5-9","address":"5602 125A AVENUE NW","sector":"Other services (except public administration)","naics_desc":"General automotive repair","hybrid":"No","transit_score":0.386,"lead_score":0.193,"tier":3,"dauid":"48110381","ward":"Métis","bia":"","nearest_stop_dist":525.6,"transit_buffer_score":0.5},"geometry":{"type":"Point","coordinates":[-113.42813,53.583073]}},{"type":"Feature","properties":{"name":"HARKUL WINDSHIELDS PLUS & TIRE","size":"5-9","address":"5528 125A AVENUE NW","sector":"Other services (except public administration)","naics_desc":"Automotive glass replacement shops","hybrid":"No","transit_score":0.386,"lead_score":0.193,"tier":3,"dauid":"48110381","ward":"Métis","bia":"","nearest_stop_dist":511.4,"transit_buffer_score":0.5},"geometry":{"type":"Point","coordinates":[-113.427349,53.583076]}},{"type":"Feature","properties":{"name":"ALLSPEC DIESEL SOLUTIONS INC.","size":"5-9","address":"12516 60 STREET NW","sector":"Other services (except public administration)","naics_desc":"General automotive repair","hybrid":"No","transit_score":0.386,"lead_score":0.193,"tier":3,"dauid":"48110381","ward":"Métis","bia":"","nearest_stop_dist":517.4,"transit_buffer_score":0.5},"geometry":{"type":"Point","coordinates":[-113.434073,53.58149]}},{"type":"Feature","properties":{"name":"SAVERIA TRANSPORT GROUP","size":"5-9","address":"12523 60 STREET NW","sector":"Administrative and support, waste management and remediation services","naics_desc":"Office administrative services","hybrid":"No","transit_score":0.386,"lead_score":0.193,"tier":3,"dauid":"48110381","ward":"Métis","bia":"","nearest_stop_dist":585.1,"transit_buffer_score":0.5},"geometry":{"type":"Point","coordinates":[-113.433041,53.581971]}},{"type":"Feature","properties":{"name":"KITCHEN DESIGN STUDIO","size":"5-9","address":"5705 125A AVENUE NW","sector":"Professional, scientific and technical services","naics_desc":"Interior design services","hybrid":"No","transit_score":0.386,"lead_score":0.193,"tier":3,"dauid":"48110381","ward":"Métis","bia":"","nearest_stop_dist":562.8,"transit_buffer_score":0.5},"geometry":{"type":"Point","coordinates":[-113.429442,53.582631]}},{"type":"Feature","properties":{"name":"G GILL YELLOWHEAD TRUCK WASH","size":"5-9","address":"12526 56 STREET NW","sector":"Other services (except public administration)","naics_desc":"Car washes","hybrid":"No","transit_score":0.386,"lead_score":0.193,"tier":3,"dauid":"48110381","ward":"Métis","bia":"","nearest_stop_dist":536.3,"transit_buffer_score":0.5},"geometry":{"type":"Point","coordinates":[-113.428327,53.582568]}},{"type":"Feature","properties":{"name":"ABS TRUCKWASH AND LUBE","size":"5-9","address":"6030 125 AVENUE NW","sector":"Other services (except public administration)","naics_desc":"Car washes","hybrid":"No","transit_score":0.386,"lead_score":0.193,"tier":3,"dauid":"48110381","ward":"Métis","bia":"","nearest_stop_dist":409.3,"transit_buffer_score":0.5},"geometry":{"type":"Point","coordinates":[-113.434402,53.580537]}},{"type":"Feature","properties":{"name":"EDMONTON TRUCK REPAIR AND WELDING","size":"5-9","address":"5606 125A AVENUE NW","sector":"Other services (except public administration)","naics_desc":"General automotive repair","hybrid":"No","transit_score":0.386,"lead_score":0.193,"tier":3,"dauid":"48110381","ward":"Métis","bia":"","nearest_stop_dist":518.7,"transit_buffer_score":0.5},"geometry":{"type":"Point","coordinates":[-113.42821,53.583126]}},{"type":"Feature","properties":{"name":"UFA PETROLEUM","size":"5-9","address":"5903 125 AVENUE NW","sector":"Retail trade","naics_desc":"Gasoline stations with convenience stores","hybrid":"No","transit_score":0.386,"lead_score":0.193,"tier":3,"dauid":"48110381","ward":"Métis","bia":"","nearest_stop_dist":494.1,"transit_buffer_score":0.5},"geometry":{"type":"Point","coordinates":[-113.431584,53.580706]}},{"type":"Feature","properties":{"name":"AVENUE SALVAGE SERVICE","size":"5-9","address":"5720 125A AVENUE NW","sector":"Other services (except public administration)","naics_desc":"General automotive repair","hybrid":"No","transit_score":0.386,"lead_score":0.193,"tier":3,"dauid":"48110381","ward":"Métis","bia":"","nearest_stop_dist":502.9,"transit_buffer_score":0.5},"geometry":{"type":"Point","coordinates":[-113.430176,53.583167]}},{"type":"Feature","properties":{"name":"YELLOWHEAD AUCTIONS LTD","size":"5-9","address":"5410 125A AVENUE NW","sector":"Retail trade","naics_desc":"All other miscellaneous retailers (except beer and wine-making supplies retailers)","hybrid":"Yes","transit_score":0.546,"lead_score":0.191,"tier":3,"dauid":"48110382","ward":"Métis","bia":"","nearest_stop_dist":478.5,"transit_buffer_score":0.5},"geometry":{"type":"Point","coordinates":[-113.4249,53.58313]}},{"type":"Feature","properties":{"name":"DEALER DIRECT CANADA LTD.","size":"10-19","address":"5908 51 AVENUE NW","sector":"Retail trade","naics_desc":"Used car dealers","hybrid":"Yes","transit_score":0.269,"lead_score":0.188,"tier":3,"dauid":"48111538","ward":"Karhiio","bia":"","nearest_stop_dist":454.5,"transit_buffer_score":0.5},"geometry":{"type":"Point","coordinates":[-113.425079,53.48986]}},{"type":"Feature","properties":{"name":"CWF WELDING & FABRICATING LTD","size":"5-9","address":"9178 YELLOWHEAD TRAIL NW","sector":"Manufacturing","naics_desc":"All other miscellaneous fabricated metal product manufacturing","hybrid":"No","transit_score":0.371,"lead_score":0.185,"tier":3,"dauid":"48110358","ward":"Métis","bia":"","nearest_stop_dist":573.4,"transit_buffer_score":0.5},"geometry":{"type":"Point","coordinates":[-113.482709,53.58184]}},{"type":"Feature","properties":{"name":"CARPET AND FURNACE CLEANING INC","size":"5-9","address":"9170 YELLOWHEAD TRAIL NW","sector":"Administrative and support, waste management and remediation services","naics_desc":"Carpet and upholstery cleaning services","hybrid":"No","transit_score":0.371,"lead_score":0.185,"tier":3,"dauid":"48110358","ward":"Métis","bia":"","nearest_stop_dist":606,"transit_buffer_score":0.1},"geometry":{"type":"Point","coordinates":[-113.482589,53.58213]}},{"type":"Feature","properties":{"name":"CARPET AND FURNACE CLEANING INC","size":"5-9","address":"9170 YELLOWHEAD TRAIL NW","sector":"Administrative and support, waste management and remediation services","naics_desc":"Carpet and upholstery cleaning services","hybrid":"No","transit_score":0.371,"lead_score":0.185,"tier":3,"dauid":"48110358","ward":"","bia":"","nearest_stop_dist":606,"transit_buffer_score":0.1},"geometry":{"type":"Point","coordinates":[-113.482589,53.58213]}},{"type":"Feature","properties":{"name":"ALBERTA DRIVE-LINE REBUILDERS LTD","size":"5-9","address":"9182 YELLOWHEAD TRAIL NW","sector":"Other services (except public administration)","naics_desc":"General automotive repair","hybrid":"No","transit_score":0.371,"lead_score":0.185,"tier":3,"dauid":"48110358","ward":"Métis","bia":"","nearest_stop_dist":543.6,"transit_buffer_score":0.5},"geometry":{"type":"Point","coordinates":[-113.482892,53.581576]}},{"type":"Feature","properties":{"name":"BIRD AUTOMOTIVE SERVICE & REPAIR LTD","size":"5-9","address":"9164 YELLOWHEAD TRAIL NW","sector":"Other services (except public administration)","naics_desc":"General automotive repair","hybrid":"No","transit_score":0.371,"lead_score":0.185,"tier":3,"dauid":"48110358","ward":"","bia":"","nearest_stop_dist":626.7,"transit_buffer_score":0.1},"geometry":{"type":"Point","coordinates":[-113.482755,53.582321]}},{"type":"Feature","properties":{"name":"AUTOCHOICE OF EDMONTON","size":"5-9","address":"9168 YELLOWHEAD TRAIL NW","sector":"Retail trade","naics_desc":"Used car dealers","hybrid":"No","transit_score":0.371,"lead_score":0.185,"tier":3,"dauid":"48110358","ward":"","bia":"","nearest_stop_dist":596.8,"transit_buffer_score":0.5},"geometry":{"type":"Point","coordinates":[-113.482185,53.582028]}},{"type":"Feature","properties":{"name":"THCAR AUTOBODY REPAIR","size":"5-9","address":"9134 YELLOWHEAD TRAIL NW","sector":"Other services (except public administration)","naics_desc":"Automotive body, paint and interior repair and maintenance","hybrid":"No","transit_score":0.371,"lead_score":0.185,"tier":3,"dauid":"48110358","ward":"","bia":"","nearest_stop_dist":627.3,"transit_buffer_score":0.1},"geometry":{"type":"Point","coordinates":[-113.4823,53.58231]}},{"type":"Feature","properties":{"name":"MTS AUTO REPAIR & DETAILING","size":"5-9","address":"9552 YELLOWHEAD TRAIL NW","sector":"Other services (except public administration)","naics_desc":"General automotive repair","hybrid":"No","transit_score":0.371,"lead_score":0.185,"tier":3,"dauid":"48110358","ward":"Métis","bia":"","nearest_stop_dist":486.5,"transit_buffer_score":0.5},"geometry":{"type":"Point","coordinates":[-113.486142,53.582413]}},{"type":"Feature","properties":{"name":"THCAR AUTOBODY REPAIR","size":"5-9","address":"9134 YELLOWHEAD TRAIL NW","sector":"Other services (except public administration)","naics_desc":"Automotive body, paint and interior repair and maintenance","hybrid":"No","transit_score":0.371,"lead_score":0.185,"tier":3,"dauid":"48110358","ward":"Métis","bia":"","nearest_stop_dist":638.3,"transit_buffer_score":0.1},"geometry":{"type":"Point","coordinates":[-113.481855,53.582381]}},{"type":"Feature","properties":{"name":"BIRD AUTOMOTIVE SERVICE & REPAIR LTD","size":"5-9","address":"9164 YELLOWHEAD TRAIL NW","sector":"Other services (except public administration)","naics_desc":"General automotive repair","hybrid":"No","transit_score":0.371,"lead_score":0.185,"tier":3,"dauid":"48110358","ward":"Métis","bia":"","nearest_stop_dist":626.7,"transit_buffer_score":0.1},"geometry":{"type":"Point","coordinates":[-113.482755,53.582321]}},{"type":"Feature","properties":{"name":"MAACO COLLISION REPAIR AND AUTO PAINTING","size":"5-9","address":"9110 YELLOWHEAD TRAIL NW","sector":"Other services (except public administration)","naics_desc":"All other automotive repair and maintenance","hybrid":"No","transit_score":0.371,"lead_score":0.185,"tier":3,"dauid":"48110358","ward":"","bia":"","nearest_stop_dist":551.4,"transit_buffer_score":0.5},"geometry":{"type":"Point","coordinates":[-113.481817,53.581588]}},{"type":"Feature","properties":{"name":"MAACO COLLISION REPAIR AND AUTO PAINTING","size":"5-9","address":"9110 YELLOWHEAD TRAIL NW","sector":"Other services (except public administration)","naics_desc":"All other automotive repair and maintenance","hybrid":"No","transit_score":0.371,"lead_score":0.185,"tier":3,"dauid":"48110358","ward":"Métis","bia":"","nearest_stop_dist":551.4,"transit_buffer_score":0.5},"geometry":{"type":"Point","coordinates":[-113.481817,53.581588]}},{"type":"Feature","properties":{"name":"ALBERTA DRIVE-LINE REBUILDERS LTD","size":"5-9","address":"9182 YELLOWHEAD TRAIL NW","sector":"Other services (except public administration)","naics_desc":"General automotive repair","hybrid":"No","transit_score":0.371,"lead_score":0.185,"tier":3,"dauid":"48110358","ward":"","bia":"","nearest_stop_dist":543.6,"transit_buffer_score":0.5},"geometry":{"type":"Point","coordinates":[-113.482892,53.581576]}},{"type":"Feature","properties":{"name":"AUTOCHOICE OF EDMONTON","size":"5-9","address":"9168 YELLOWHEAD TRAIL NW","sector":"Retail trade","naics_desc":"Used car dealers","hybrid":"No","transit_score":0.371,"lead_score":0.185,"tier":3,"dauid":"48110358","ward":"Métis","bia":"","nearest_stop_dist":615.8,"transit_buffer_score":0.1},"geometry":{"type":"Point","coordinates":[-113.482664,53.582221]}},{"type":"Feature","properties":{"name":"CWF WELDING & FABRICATING LTD","size":"5-9","address":"9178 YELLOWHEAD TRAIL NW","sector":"Manufacturing","naics_desc":"All other miscellaneous fabricated metal product manufacturing","hybrid":"No","transit_score":0.371,"lead_score":0.185,"tier":3,"dauid":"48110358","ward":"","bia":"","nearest_stop_dist":627.3,"transit_buffer_score":0.1},"geometry":{"type":"Point","coordinates":[-113.4823,53.58231]}},{"type":"Feature","properties":{"name":"SEVEN T BAR TRUCKING LTD","size":"5-9","address":"8642 126 AVENUE NW","sector":"Transportation and warehousing","naics_desc":"General freight trucking, local","hybrid":"No","transit_score":0.365,"lead_score":0.182,"tier":3,"dauid":"48110363","ward":"Métis","bia":"","nearest_stop_dist":461.2,"transit_buffer_score":0.5},"geometry":{"type":"Point","coordinates":[-113.473809,53.582826]}},{"type":"Feature","properties":{"name":"HYBC INDUSTRIES INC.","size":"5-9","address":"8825 126 AVENUE NW","sector":"Construction","naics_desc":"Flooring contractors","hybrid":"No","transit_score":0.365,"lead_score":0.182,"tier":3,"dauid":"48110363","ward":"","bia":"","nearest_stop_dist":603.6,"transit_buffer_score":0.1},"geometry":{"type":"Point","coordinates":[-113.476697,53.582193]}},{"type":"Feature","properties":{"name":"CLEM'S AUTO","size":"5-9","address":"8634 126 AVENUE NW","sector":"Other services (except public administration)","naics_desc":"General automotive repair","hybrid":"No","transit_score":0.365,"lead_score":0.182,"tier":3,"dauid":"48110363","ward":"Métis","bia":"","nearest_stop_dist":454.9,"transit_buffer_score":0.5},"geometry":{"type":"Point","coordinates":[-113.473686,53.582872]}},{"type":"Feature","properties":{"name":"CAR SPA AUTO DETAILING","size":"5-9","address":"8706 YELLOWHEAD TRAIL NW","sector":"Other services (except public administration)","naics_desc":"Car washes","hybrid":"No","transit_score":0.365,"lead_score":0.182,"tier":3,"dauid":"48110363","ward":"Métis","bia":"","nearest_stop_dist":478.2,"transit_buffer_score":0.5},"geometry":{"type":"Point","coordinates":[-113.474632,53.581717]}},{"type":"Feature","properties":{"name":"SABLE REALTY MANAGEMENT LTD.","size":"5-9","address":"8804 YELLOWHEAD TRAIL NW","sector":"Real estate and rental and leasing","naics_desc":"Offices of real estate brokers","hybrid":"No","transit_score":0.365,"lead_score":0.182,"tier":3,"dauid":"48110363","ward":"Métis","bia":"","nearest_stop_dist":542.7,"transit_buffer_score":0.5},"geometry":{"type":"Point","coordinates":[-113.476044,53.581632]}},{"type":"Feature","properties":{"name":"DANHAM CONSTRUCTION","size":"5-9","address":"8710 YELLOWHEAD TRAIL NW","sector":"Construction","naics_desc":"Commercial and institutional building construction","hybrid":"No","transit_score":0.365,"lead_score":0.182,"tier":3,"dauid":"48110363","ward":"Métis","bia":"","nearest_stop_dist":499.2,"transit_buffer_score":0.5},"geometry":{"type":"Point","coordinates":[-113.474958,53.581703]}},{"type":"Feature","properties":{"name":"UNCLE ROY'S AUTO SALES","size":"5-9","address":"14710 SAINT ALBERT TRAIL NW","sector":"Retail trade","naics_desc":"Used car dealers","hybrid":"No","transit_score":0.365,"lead_score":0.182,"tier":3,"dauid":"48110363","ward":"Métis","bia":"","nearest_stop_dist":424.4,"transit_buffer_score":0.5},"geometry":{"type":"Point","coordinates":[-113.473814,53.581686]}},{"type":"Feature","properties":{"name":"SABLE REALTY MANAGEMENT LTD.","size":"5-9","address":"8804 YELLOWHEAD TRAIL NW","sector":"Real estate and rental and leasing","naics_desc":"Offices of real estate brokers","hybrid":"No","transit_score":0.365,"lead_score":0.182,"tier":3,"dauid":"48110363","ward":"","bia":"","nearest_stop_dist":542.7,"transit_buffer_score":0.5},"geometry":{"type":"Point","coordinates":[-113.476044,53.581632]}},{"type":"Feature","properties":{"name":"PRIMO AUTO CARE INC","size":"5-9","address":"8620 126 AVENUE NW","sector":"Other services (except public administration)","naics_desc":"General automotive repair","hybrid":"No","transit_score":0.365,"lead_score":0.182,"tier":3,"dauid":"48110363","ward":"","bia":"","nearest_stop_dist":418.2,"transit_buffer_score":0.5},"geometry":{"type":"Point","coordinates":[-113.47305,53.582963]}},{"type":"Feature","properties":{"name":"JC AUTOMOTIVE LTD","size":"5-9","address":"8734 YELLOWHEAD TRAIL NW","sector":"Other services (except public administration)","naics_desc":"General automotive repair","hybrid":"No","transit_score":0.365,"lead_score":0.182,"tier":3,"dauid":"48110363","ward":"Métis","bia":"","nearest_stop_dist":535,"transit_buffer_score":0.5},"geometry":{"type":"Point","coordinates":[-113.475516,53.58166]}},{"type":"Feature","properties":{"name":"HALFORDS","size":"5-9","address":"8629 126 AVENUE NW","sector":"Retail trade","naics_desc":"Hobby, toy and game retailers","hybrid":"No","transit_score":0.365,"lead_score":0.182,"tier":3,"dauid":"48110363","ward":"","bia":"","nearest_stop_dist":457.6,"transit_buffer_score":0.5},"geometry":{"type":"Point","coordinates":[-113.473945,53.582522]}},{"type":"Feature","properties":{"name":"MOSAIC GRANITE & MARBLE LTD","size":"5-9","address":"8612 YELLOWHEAD TRAIL NW","sector":"Manufacturing","naics_desc":"Wood kitchen cabinet and counter top manufacturing","hybrid":"No","transit_score":0.365,"lead_score":0.182,"tier":3,"dauid":"48110363","ward":"","bia":"","nearest_stop_dist":403.8,"transit_buffer_score":0.5},"geometry":{"type":"Point","coordinates":[-113.473494,53.581699]}},{"type":"Feature","properties":{"name":"JC AUTOMOTIVE LTD","size":"5-9","address":"8734 YELLOWHEAD TRAIL NW","sector":"Other services (except public administration)","naics_desc":"General automotive repair","hybrid":"No","transit_score":0.365,"lead_score":0.182,"tier":3,"dauid":"48110363","ward":"","bia":"","nearest_stop_dist":535,"transit_buffer_score":0.5},"geometry":{"type":"Point","coordinates":[-113.475516,53.58166]}},{"type":"Feature","properties":{"name":"QWIK CONTAIN SOLUTIONS","size":"5-9","address":"8710 YELLOWHEAD TRAIL NW","sector":"Transportation and warehousing","naics_desc":"General warehousing and storage","hybrid":"No","transit_score":0.365,"lead_score":0.182,"tier":3,"dauid":"48110363","ward":"","bia":"","nearest_stop_dist":490.6,"transit_buffer_score":0.5},"geometry":{"type":"Point","coordinates":[-113.474825,53.581705]}},{"type":"Feature","properties":{"name":"MOSAIC GRANITE & MARBLE LTD","size":"5-9","address":"8612 YELLOWHEAD TRAIL NW","sector":"Manufacturing","naics_desc":"Wood kitchen cabinet and counter top manufacturing","hybrid":"No","transit_score":0.365,"lead_score":0.182,"tier":3,"dauid":"48110363","ward":"Métis","bia":"","nearest_stop_dist":403.8,"transit_buffer_score":0.5},"geometry":{"type":"Point","coordinates":[-113.473494,53.581699]}},{"type":"Feature","properties":{"name":"HTL AUTO LTD","size":"5-9","address":"8638 126 AVENUE NW","sector":"Other services (except public administration)","naics_desc":"General automotive repair","hybrid":"No","transit_score":0.365,"lead_score":0.182,"tier":3,"dauid":"48110363","ward":"Métis","bia":"","nearest_stop_dist":447.1,"transit_buffer_score":0.5},"geometry":{"type":"Point","coordinates":[-113.473557,53.582882]}},{"type":"Feature","properties":{"name":"INTERNATIONAL BEAUTY SERVICES AND SUPPLIES","size":"5-9","address":"8712 YELLOWHEAD TRAIL NW","sector":"Retail trade","naics_desc":"Cosmetics, beauty supplies and perfume retailers","hybrid":"No","transit_score":0.365,"lead_score":0.182,"tier":3,"dauid":"48110363","ward":"Métis","bia":"","nearest_stop_dist":503.7,"transit_buffer_score":0.5},"geometry":{"type":"Point","coordinates":[-113.475023,53.581718]}},{"type":"Feature","properties":{"name":"PRIMO AUTO CARE INC","size":"5-9","address":"8620 126 AVENUE NW","sector":"Other services (except public administration)","naics_desc":"General automotive repair","hybrid":"No","transit_score":0.365,"lead_score":0.182,"tier":3,"dauid":"48110363","ward":"Métis","bia":"","nearest_stop_dist":418.2,"transit_buffer_score":0.5},"geometry":{"type":"Point","coordinates":[-113.47305,53.582963]}},{"type":"Feature","properties":{"name":"DANHAM CONSTRUCTION","size":"5-9","address":"8710 YELLOWHEAD TRAIL NW","sector":"Construction","naics_desc":"Commercial and institutional building construction","hybrid":"No","transit_score":0.365,"lead_score":0.182,"tier":3,"dauid":"48110363","ward":"","bia":"","nearest_stop_dist":499.2,"transit_buffer_score":0.5},"geometry":{"type":"Point","coordinates":[-113.474958,53.581703]}},{"type":"Feature","properties":{"name":"AUTO DYNAMICS 2020","size":"5-9","address":"8630 126 AVENUE NW","sector":"Other services (except public administration)","naics_desc":"General automotive repair","hybrid":"No","transit_score":0.365,"lead_score":0.182,"tier":3,"dauid":"48110363","ward":"Métis","bia":"","nearest_stop_dist":428.3,"transit_buffer_score":0.5},"geometry":{"type":"Point","coordinates":[-113.473265,53.582869]}},{"type":"Feature","properties":{"name":"UNCLE ROY'S AUTO SALES","size":"5-9","address":"14710 STREET ALBERT TRAIL NW","sector":"Retail trade","naics_desc":"Used car dealers","hybrid":"No","transit_score":0.365,"lead_score":0.182,"tier":3,"dauid":"48110363","ward":"","bia":"","nearest_stop_dist":424.4,"transit_buffer_score":0.5},"geometry":{"type":"Point","coordinates":[-113.473814,53.581686]}},{"type":"Feature","properties":{"name":"INTERNATIONAL BEAUTY SERVICES AND SUPPLIES","size":"5-9","address":"8712 YELLOWHEAD TRAIL NW","sector":"Retail trade","naics_desc":"Cosmetics, beauty supplies and perfume retailers","hybrid":"No","transit_score":0.365,"lead_score":0.182,"tier":3,"dauid":"48110363","ward":"","bia":"","nearest_stop_dist":503.7,"transit_buffer_score":0.5},"geometry":{"type":"Point","coordinates":[-113.475023,53.581718]}},{"type":"Feature","properties":{"name":"CAR SPA AUTO DETAILING","size":"5-9","address":"8706 YELLOWHEAD TRAIL NW","sector":"Other services (except public administration)","naics_desc":"Car washes","hybrid":"No","transit_score":0.365,"lead_score":0.182,"tier":3,"dauid":"48110363","ward":"","bia":"","nearest_stop_dist":478.2,"transit_buffer_score":0.5},"geometry":{"type":"Point","coordinates":[-113.474632,53.581717]}},{"type":"Feature","properties":{"name":"PRIME CAPITAL HOLDINGS","size":"5-9","address":"8638 126 AVENUE NW","sector":"Retail trade","naics_desc":"Used car dealers","hybrid":"No","transit_score":0.365,"lead_score":0.182,"tier":3,"dauid":"48110363","ward":"Métis","bia":"","nearest_stop_dist":449.6,"transit_buffer_score":0.5},"geometry":{"type":"Point","coordinates":[-113.473554,53.582962]}},{"type":"Feature","properties":{"name":"METALCARE GROUP INC","size":"5-9","address":"7750 YELLOWHEAD TRAIL NW","sector":"Real estate and rental and leasing","naics_desc":"Construction, transportation, mining, and forestry machinery and equipment rental and leasing","hybrid":"No","transit_score":0.359,"lead_score":0.179,"tier":3,"dauid":"48110335","ward":"","bia":"","nearest_stop_dist":401.4,"transit_buffer_score":0.5},"geometry":{"type":"Point","coordinates":[-113.4615,53.58309]}},{"type":"Feature","properties":{"name":"BALWIN COLLISION REPAIRS (1984) LTD","size":"5-9","address":"7825 127 AVENUE NW","sector":"Other services (except public administration)","naics_desc":"General automotive repair","hybrid":"No","transit_score":0.359,"lead_score":0.179,"tier":3,"dauid":"48110335","ward":"Métis","bia":"","nearest_stop_dist":403.1,"transit_buffer_score":0.5},"geometry":{"type":"Point","coordinates":[-113.461587,53.584673]}},{"type":"Feature","properties":{"name":"DIESEL SOLUTIONS HEAVY EQUIPMENT LTD","size":"5-9","address":"7524 YELLOWHEAD TRAIL NW","sector":"Other services (except public administration)","naics_desc":"All other automotive repair and maintenance","hybrid":"No","transit_score":0.359,"lead_score":0.179,"tier":3,"dauid":"48110335","ward":"","bia":"","nearest_stop_dist":456.8,"transit_buffer_score":0.5},"geometry":{"type":"Point","coordinates":[-113.4571,53.5831]}},{"type":"Feature","properties":{"name":"DGN TRUCK & TRAILER REPAIR LTD.","size":"5-9","address":"7710 YELLOWHEAD TRAIL NW","sector":"Other services (except public administration)","naics_desc":"All other automotive repair and maintenance","hybrid":"No","transit_score":0.359,"lead_score":0.179,"tier":3,"dauid":"48110335","ward":"Métis","bia":"","nearest_stop_dist":444.3,"transit_buffer_score":0.5},"geometry":{"type":"Point","coordinates":[-113.4608,53.58309]}},{"type":"Feature","properties":{"name":"DGN TRUCK & TRAILER REPAIR LTD.","size":"5-9","address":"7710 YELLOWHEAD TRAIL NW","sector":"Other services (except public administration)","naics_desc":"All other automotive repair and maintenance","hybrid":"No","transit_score":0.359,"lead_score":0.179,"tier":3,"dauid":"48110335","ward":"","bia":"","nearest_stop_dist":444.3,"transit_buffer_score":0.5},"geometry":{"type":"Point","coordinates":[-113.4608,53.58309]}},{"type":"Feature","properties":{"name":"HWY 16 TOWING LTD.","size":"5-9","address":"7524 YELLOWHEAD TRAIL NW","sector":"Transportation and warehousing","naics_desc":"Motor vehicle towing","hybrid":"No","transit_score":0.359,"lead_score":0.179,"tier":3,"dauid":"48110335","ward":"","bia":"","nearest_stop_dist":456.8,"transit_buffer_score":0.5},"geometry":{"type":"Point","coordinates":[-113.4571,53.5831]}},{"type":"Feature","properties":{"name":"BALWIN COLLISION REPAIRS (1984) LTD","size":"5-9","address":"7825 127 AVENUE NW","sector":"Other services (except public administration)","naics_desc":"General automotive repair","hybrid":"No","transit_score":0.359,"lead_score":0.179,"tier":3,"dauid":"48110335","ward":"","bia":"","nearest_stop_dist":403.9,"transit_buffer_score":0.5},"geometry":{"type":"Point","coordinates":[-113.461479,53.584898]}},{"type":"Feature","properties":{"name":"DIESEL SOLUTIONS HEAVY EQUIPMENT LTD","size":"5-9","address":"7528 YELLOWHEAD TRAIL NW","sector":"Other services (except public administration)","naics_desc":"All other automotive repair and maintenance","hybrid":"No","transit_score":0.359,"lead_score":0.179,"tier":3,"dauid":"48110335","ward":"Métis","bia":"","nearest_stop_dist":453.6,"transit_buffer_score":0.5},"geometry":{"type":"Point","coordinates":[-113.457416,53.583041]}},{"type":"Feature","properties":{"name":"RIVERDALE COMMUNITY LEAGUE","size":"5-9","address":"9231 100 AVENUE NW","sector":"Other services (except public administration)","naics_desc":"Civic and social organizations","hybrid":"No","transit_score":0.349,"lead_score":0.174,"tier":3,"dauid":"48112334","ward":"","bia":"","nearest_stop_dist":454.7,"transit_buffer_score":0.5},"geometry":{"type":"Point","coordinates":[-113.471905,53.541361]}},{"type":"Feature","properties":{"name":"Riverdale COMMUNITY LEAGUE","size":"5-9","address":"9231 100 AVENUE NW","sector":"Other services (except public administration)","naics_desc":"Civic and social organizations","hybrid":"No","transit_score":0.349,"lead_score":0.174,"tier":3,"dauid":"48112334","ward":"","bia":"","nearest_stop_dist":429.8,"transit_buffer_score":0.5},"geometry":{"type":"Point","coordinates":[-113.471991,53.540902]}},{"type":"Feature","properties":{"name":"RIVERDALE COMMUNITY LEAGUE","size":"5-9","address":"9231 100 AVENUE NW","sector":"Other services (except public administration)","naics_desc":"Civic and social organizations","hybrid":"No","transit_score":0.349,"lead_score":0.174,"tier":3,"dauid":"48112334","ward":"O-day'min","bia":"","nearest_stop_dist":454.7,"transit_buffer_score":0.5},"geometry":{"type":"Point","coordinates":[-113.471905,53.541361]}},{"type":"Feature","properties":{"name":"TANGO NETWORKS INC.","size":"5-9","address":"9437 47 STREET NW","sector":"Professional, scientific and technical services","naics_desc":"Engineering services","hybrid":"No","transit_score":0.344,"lead_score":0.172,"tier":3,"dauid":"48110779","ward":"","bia":"","nearest_stop_dist":441.9,"transit_buffer_score":0.5},"geometry":{"type":"Point","coordinates":[-113.407736,53.533594]}},{"type":"Feature","properties":{"name":"ESSENTIAL FLOORING LTD.","size":"5-9","address":"8830 YELLOWHEAD TRAIL NW","sector":"Retail trade","naics_desc":"Floor covering retailers","hybrid":"No","transit_score":0.344,"lead_score":0.172,"tier":3,"dauid":"48110338","ward":"Métis","bia":"","nearest_stop_dist":547.9,"transit_buffer_score":0.5},"geometry":{"type":"Point","coordinates":[-113.477464,53.581669]}},{"type":"Feature","properties":{"name":"MACEY BUILT TINY HOMES INC.","size":"5-9","address":"9441 47 STREET NW","sector":"Retail trade","naics_desc":"Manufactured (mobile) home dealers","hybrid":"No","transit_score":0.344,"lead_score":0.172,"tier":3,"dauid":"48110779","ward":"","bia":"","nearest_stop_dist":407.5,"transit_buffer_score":0.5},"geometry":{"type":"Point","coordinates":[-113.4072,53.53291]}},{"type":"Feature","properties":{"name":"COMMERCIAL INTERIOR CONTRACTING INC","size":"5-9","address":"9415 47 STREET NW","sector":"Construction","naics_desc":"Commercial and institutional building construction","hybrid":"No","transit_score":0.344,"lead_score":0.172,"tier":3,"dauid":"48110779","ward":"Métis","bia":"","nearest_stop_dist":427.7,"transit_buffer_score":0.5},"geometry":{"type":"Point","coordinates":[-113.407744,53.533439]}},{"type":"Feature","properties":{"name":"THE LITTLE LASH ROOM","size":"5-9","address":"9007 127 AVENUE NW","sector":"Other services (except public administration)","naics_desc":"Beauty salons","hybrid":"No","transit_score":0.344,"lead_score":0.172,"tier":3,"dauid":"48110338","ward":"","bia":"","nearest_stop_dist":508.4,"transit_buffer_score":0.5},"geometry":{"type":"Point","coordinates":[-113.479998,53.584537]}},{"type":"Feature","properties":{"name":"ELJOMA CONTRACTING INC.","size":"5-9","address":"9449 47 STREET NW","sector":"Construction","naics_desc":"Flooring contractors","hybrid":"No","transit_score":0.344,"lead_score":0.172,"tier":3,"dauid":"48110779","ward":"","bia":"","nearest_stop_dist":407.5,"transit_buffer_score":0.5},"geometry":{"type":"Point","coordinates":[-113.4072,53.53291]}},{"type":"Feature","properties":{"name":"COMMERCIAL INTERIOR CONTRACTING INC","size":"5-9","address":"9415 47 STREET NW","sector":"Construction","naics_desc":"Commercial and institutional building construction","hybrid":"No","transit_score":0.344,"lead_score":0.172,"tier":3,"dauid":"48110779","ward":"","bia":"","nearest_stop_dist":407.5,"transit_buffer_score":0.5},"geometry":{"type":"Point","coordinates":[-113.4072,53.53291]}},{"type":"Feature","properties":{"name":"DOUG'S FIBERGLASS AND MARINE REPAIR","size":"5-9","address":"9403 47 STREET NW","sector":"Other services (except public administration)","naics_desc":"Other personal and household goods repair and maintenance","hybrid":"No","transit_score":0.344,"lead_score":0.172,"tier":3,"dauid":"48110779","ward":"Métis","bia":"","nearest_stop_dist":407,"transit_buffer_score":0.5},"geometry":{"type":"Point","coordinates":[-113.407206,53.532907]}},{"type":"Feature","properties":{"name":"EDMONTON CASH FOR JUNK CAR","size":"5-9","address":"8830 YELLOWHEAD TRAIL NW","sector":"Retail trade","naics_desc":"Used car dealers","hybrid":"No","transit_score":0.344,"lead_score":0.172,"tier":3,"dauid":"48110338","ward":"","bia":"","nearest_stop_dist":547.6,"transit_buffer_score":0.5},"geometry":{"type":"Point","coordinates":[-113.477701,53.581651]}},{"type":"Feature","properties":{"name":"TOP NOTCH CARPENTRY LTD","size":"5-9","address":"9405 47 STREET NW","sector":"Construction","naics_desc":"Finish carpentry contractors","hybrid":"No","transit_score":0.344,"lead_score":0.172,"tier":3,"dauid":"48110779","ward":"","bia":"","nearest_stop_dist":407.5,"transit_buffer_score":0.5},"geometry":{"type":"Point","coordinates":[-113.4072,53.53291]}},{"type":"Feature","properties":{"name":"CFJ CARS","size":"5-9","address":"8830 YELLOWHEAD HIGHWAY","sector":"Retail trade","naics_desc":"Used car dealers","hybrid":"No","transit_score":0.344,"lead_score":0.172,"tier":3,"dauid":"48110338","ward":"Métis","bia":"","nearest_stop_dist":559.2,"transit_buffer_score":0.5},"geometry":{"type":"Point","coordinates":[-113.4776,53.581763]}},{"type":"Feature","properties":{"name":"ESSENTIAL FLOORING LTD.","size":"5-9","address":"8830 YELLOWHEAD TRAIL NW","sector":"Retail trade","naics_desc":"Floor covering retailers","hybrid":"No","transit_score":0.344,"lead_score":0.172,"tier":3,"dauid":"48110338","ward":"","bia":"","nearest_stop_dist":564.8,"transit_buffer_score":0.5},"geometry":{"type":"Point","coordinates":[-113.4775,53.58182]}},{"type":"Feature","properties":{"name":"BPI AGRICULTURE","size":"5-9","address":"4405 101 AVENUE NW","sector":"Wholesale trade","naics_desc":"Other paper and disposable plastic product merchant wholesalers","hybrid":"No","transit_score":0.344,"lead_score":0.172,"tier":3,"dauid":"48110779","ward":"","bia":"","nearest_stop_dist":586.6,"transit_buffer_score":0.5},"geometry":{"type":"Point","coordinates":[-113.4095,53.53741]}},{"type":"Feature","properties":{"name":"EDGE PRODUCTION SUPPLIES LTD","size":"10-19","address":"5332 68 AVENUE NW","sector":"Wholesale trade","naics_desc":"Industrial machinery, equipment and supplies merchant wholesalers","hybrid":"Yes","transit_score":0.246,"lead_score":0.172,"tier":3,"dauid":"48110790","ward":"Karhiio","bia":"","nearest_stop_dist":423.3,"transit_buffer_score":0.5},"geometry":{"type":"Point","coordinates":[-113.424583,53.505477]}},{"type":"Feature","properties":{"name":"STATS GROUP INTERNATIONAL INC","size":"10-19","address":"6756 59 STREET NW","sector":"Wholesale trade","naics_desc":"Mining and oil and gas well machinery, equipment and supplies merchant wholesalers","hybrid":"Yes","transit_score":0.246,"lead_score":0.172,"tier":3,"dauid":"48110790","ward":"Karhiio","bia":"","nearest_stop_dist":502.7,"transit_buffer_score":0.5},"geometry":{"type":"Point","coordinates":[-113.426023,53.50454]}},{"type":"Feature","properties":{"name":"ANIMAL CREMATION SERVICES LTD","size":"5-9","address":"9433 47 STREET NW","sector":"Other services (except public administration)","naics_desc":"Cemeteries and crematoria","hybrid":"No","transit_score":0.344,"lead_score":0.172,"tier":3,"dauid":"48110779","ward":"","bia":"","nearest_stop_dist":407.5,"transit_buffer_score":0.5},"geometry":{"type":"Point","coordinates":[-113.4072,53.53291]}},{"type":"Feature","properties":{"name":"THE LITTLE LASH ROOM","size":"5-9","address":"9007 127 AVENUE NW","sector":"Other services (except public administration)","naics_desc":"Beauty salons","hybrid":"No","transit_score":0.344,"lead_score":0.172,"tier":3,"dauid":"48110338","ward":"Métis","bia":"","nearest_stop_dist":508.4,"transit_buffer_score":0.5},"geometry":{"type":"Point","coordinates":[-113.479998,53.584537]}},{"type":"Feature","properties":{"name":"HF DANCE","size":"5-9","address":"9443 47 STREET NW","sector":"Educational services","naics_desc":"Fine arts schools","hybrid":"No","transit_score":0.344,"lead_score":0.172,"tier":3,"dauid":"48110779","ward":"Métis","bia":"","nearest_stop_dist":419.7,"transit_buffer_score":0.5},"geometry":{"type":"Point","coordinates":[-113.407748,53.53335]}},{"type":"Feature","properties":{"name":"DAEMAR INC.","size":"10-19","address":"6763 59 STREET NW","sector":"Wholesale trade","naics_desc":"Industrial machinery, equipment and supplies merchant wholesalers","hybrid":"Yes","transit_score":0.246,"lead_score":0.172,"tier":3,"dauid":"48110790","ward":"Karhiio","bia":"","nearest_stop_dist":431,"transit_buffer_score":0.5},"geometry":{"type":"Point","coordinates":[-113.424931,53.504248]}},{"type":"Feature","properties":{"name":"FIFTY THREE FIFTY CONTRACTING LTD.","size":"5-9","address":"9429 47 STREET NW","sector":"Construction","naics_desc":"Residential building construction","hybrid":"No","transit_score":0.344,"lead_score":0.172,"tier":3,"dauid":"48110779","ward":"Métis","bia":"","nearest_stop_dist":429.7,"transit_buffer_score":0.5},"geometry":{"type":"Point","coordinates":[-113.407599,53.533395]}},{"type":"Feature","properties":{"name":"OFICINA FORGED","size":"5-9","address":"9423 47 STREET NW","sector":"Manufacturing","naics_desc":"Forging","hybrid":"No","transit_score":0.344,"lead_score":0.172,"tier":3,"dauid":"48110779","ward":"","bia":"","nearest_stop_dist":406.5,"transit_buffer_score":0.5},"geometry":{"type":"Point","coordinates":[-113.407805,53.533226]}},{"type":"Feature","properties":{"name":"HYPERFLEX DANCE STUDIO INC","size":"5-9","address":"9443 47 STREET NW","sector":"Educational services","naics_desc":"Fine arts schools","hybrid":"No","transit_score":0.344,"lead_score":0.172,"tier":3,"dauid":"48110779","ward":"Métis","bia":"","nearest_stop_dist":402.8,"transit_buffer_score":0.5},"geometry":{"type":"Point","coordinates":[-113.407719,53.533141]}},{"type":"Feature","properties":{"name":"IMPERIAL OIL LTD","size":"5-9","address":"9210 34 STREET NW","sector":"Retail trade","naics_desc":"Other gasoline stations","hybrid":"No","transit_score":0.344,"lead_score":0.172,"tier":3,"dauid":"48110779","ward":"Métis","bia":"","nearest_stop_dist":673.5,"transit_buffer_score":0.1},"geometry":{"type":"Point","coordinates":[-113.4009,53.5303]}},{"type":"Feature","properties":{"name":"SAND HAVEN","size":"5-9","address":"12707 91 STREET NW","sector":"Real estate and rental and leasing","naics_desc":"Lessors of residential buildings and dwellings (except social housing projects)","hybrid":"No","transit_score":0.344,"lead_score":0.172,"tier":3,"dauid":"48110338","ward":"tastawiyiniwak","bia":"","nearest_stop_dist":456.5,"transit_buffer_score":0.5},"geometry":{"type":"Point","coordinates":[-113.480731,53.585086]}},{"type":"Feature","properties":{"name":"HYPERFLEX DANCE STUDIO INC","size":"5-9","address":"9443 47 STREET NW","sector":"Educational services","naics_desc":"Fine arts schools","hybrid":"No","transit_score":0.344,"lead_score":0.172,"tier":3,"dauid":"48110779","ward":"","bia":"","nearest_stop_dist":407.5,"transit_buffer_score":0.5},"geometry":{"type":"Point","coordinates":[-113.4072,53.53291]}},{"type":"Feature","properties":{"name":"BALDWIN SERVICE LTD","size":"5-9","address":"7825 127 AVENUE NW","sector":"Other services (except public administration)","naics_desc":"General automotive repair","hybrid":"No","transit_score":0.344,"lead_score":0.172,"tier":3,"dauid":"48110338","ward":"","bia":"","nearest_stop_dist":517.9,"transit_buffer_score":0.5},"geometry":{"type":"Point","coordinates":[-113.479241,53.584423]}},{"type":"Feature","properties":{"name":"T3 PUMP TECHNOLOGY INC.","size":"5-9","address":"9425 47 STREET NW","sector":"Wholesale trade","naics_desc":"Industrial machinery, equipment and supplies merchant wholesalers","hybrid":"No","transit_score":0.344,"lead_score":0.172,"tier":3,"dauid":"48110779","ward":"Métis","bia":"","nearest_stop_dist":407.5,"transit_buffer_score":0.5},"geometry":{"type":"Point","coordinates":[-113.4072,53.53291]}},{"type":"Feature","properties":{"name":"KILLARNEY MANOR","size":"5-9","address":"9108 127 AVENUE NW","sector":"Real estate and rental and leasing","naics_desc":"Lessors of residential buildings and dwellings (except social housing projects)","hybrid":"No","transit_score":0.344,"lead_score":0.172,"tier":3,"dauid":"48110338","ward":"tastawiyiniwak","bia":"","nearest_stop_dist":474.2,"transit_buffer_score":0.5},"geometry":{"type":"Point","coordinates":[-113.481616,53.585079]}},{"type":"Feature","properties":{"name":"IMPERIAL OIL LTD","size":"5-9","address":"9210 34 STREET NW","sector":"Retail trade","naics_desc":"Other gasoline stations","hybrid":"No","transit_score":0.344,"lead_score":0.172,"tier":3,"dauid":"48110779","ward":"","bia":"","nearest_stop_dist":673.5,"transit_buffer_score":0.1},"geometry":{"type":"Point","coordinates":[-113.4009,53.5303]}},{"type":"Feature","properties":{"name":"CENA LIFE","size":"10-19","address":"5555 CALGARY TRAIL NW","sector":"Health care and social assistance","naics_desc":"Offices of mental health practitioners (except physicians)","hybrid":"Yes","transit_score":0.243,"lead_score":0.17,"tier":3,"dauid":"48110847","ward":"papastew","bia":"","nearest_stop_dist":514.1,"transit_buffer_score":0.5},"geometry":{"type":"Point","coordinates":[-113.496407,53.492887]}},{"type":"Feature","properties":{"name":"ASPIRE INVESTMENTS & INSURANCE LTD","size":"10-19","address":"5555 CALGARY TRAIL NW","sector":"Finance and insurance","naics_desc":"Direct individual life, health and medical insurance carriers","hybrid":"Yes","transit_score":0.243,"lead_score":0.17,"tier":3,"dauid":"48110847","ward":"papastew","bia":"","nearest_stop_dist":509.3,"transit_buffer_score":0.5},"geometry":{"type":"Point","coordinates":[-113.496388,53.492845]}},{"type":"Feature","properties":{"name":"COMPTON COURT APARTMENTS","size":"5-9","address":"11310 109 AVENUE NW","sector":"Real estate and rental and leasing","naics_desc":"Lessors of residential buildings and dwellings (except social housing projects)","hybrid":"No","transit_score":0.34,"lead_score":0.17,"tier":3,"dauid":"48110192","ward":"","bia":"","nearest_stop_dist":404.8,"transit_buffer_score":0.5},"geometry":{"type":"Point","coordinates":[-113.517688,53.555119]}},{"type":"Feature","properties":{"name":"DESJARDINS FINANCIAL SECURITY INDEPENDENT NETWORK","size":"10-19","address":"5555 CALGARY TRAIL NW","sector":"Professional, scientific and technical services","naics_desc":"Other scientific and technical consulting services","hybrid":"Yes","transit_score":0.243,"lead_score":0.17,"tier":3,"dauid":"48110847","ward":"papastew","bia":"","nearest_stop_dist":512.5,"transit_buffer_score":0.5},"geometry":{"type":"Point","coordinates":[-113.496604,53.493075]}},{"type":"Feature","properties":{"name":"LONE PINE DISTILLING","size":"10-19","address":"10375 59 AVENUE NW","sector":"Retail trade","naics_desc":"Beer, wine and liquor retailers","hybrid":"Yes","transit_score":0.243,"lead_score":0.17,"tier":3,"dauid":"48110847","ward":"","bia":"","nearest_stop_dist":422,"transit_buffer_score":0.5},"geometry":{"type":"Point","coordinates":[-113.496492,53.49595]}},{"type":"Feature","properties":{"name":"COMPTON COURT APARTMENTS","size":"5-9","address":"11310 109 AVENUE NW","sector":"Real estate and rental and leasing","naics_desc":"Lessors of residential buildings and dwellings (except social housing projects)","hybrid":"No","transit_score":0.34,"lead_score":0.17,"tier":3,"dauid":"48110192","ward":"","bia":"","nearest_stop_dist":404.8,"transit_buffer_score":0.5},"geometry":{"type":"Point","coordinates":[-113.517688,53.555119]}},{"type":"Feature","properties":{"name":"COMPTON COURT APARTMENTS","size":"5-9","address":"11310 109 AVENUE NW","sector":"Real estate and rental and leasing","naics_desc":"Lessors of residential buildings and dwellings (except social housing projects)","hybrid":"No","transit_score":0.34,"lead_score":0.17,"tier":3,"dauid":"48110192","ward":"O-day'min","bia":"","nearest_stop_dist":404.8,"transit_buffer_score":0.5},"geometry":{"type":"Point","coordinates":[-113.517688,53.555119]}},{"type":"Feature","properties":{"name":"CENA LIFE","size":"10-19","address":"5555 CALGARY TRAIL NW","sector":"Health care and social assistance","naics_desc":"Offices of mental health practitioners (except physicians)","hybrid":"Yes","transit_score":0.243,"lead_score":0.17,"tier":3,"dauid":"48110847","ward":"","bia":"","nearest_stop_dist":514.1,"transit_buffer_score":0.5},"geometry":{"type":"Point","coordinates":[-113.496407,53.492887]}},{"type":"Feature","properties":{"name":"DESJARDINS FINANCIAL SECURITY INDEPENDENT NETWORK","size":"10-19","address":"5555 CALGARY TRAIL NW","sector":"Professional, scientific and technical services","naics_desc":"Other scientific and technical consulting services","hybrid":"Yes","transit_score":0.243,"lead_score":0.17,"tier":3,"dauid":"48110847","ward":"","bia":"","nearest_stop_dist":512.5,"transit_buffer_score":0.5},"geometry":{"type":"Point","coordinates":[-113.496604,53.493075]}},{"type":"Feature","properties":{"name":"ASPIRE INVESTMENTS & INSURANCE LTD","size":"10-19","address":"5555 CALGARY TRAIL NW","sector":"Finance and insurance","naics_desc":"Direct individual life, health and medical insurance carriers","hybrid":"Yes","transit_score":0.243,"lead_score":0.17,"tier":3,"dauid":"48110847","ward":"","bia":"","nearest_stop_dist":509.3,"transit_buffer_score":0.5},"geometry":{"type":"Point","coordinates":[-113.496388,53.492845]}},{"type":"Feature","properties":{"name":"AMCO DISTRIBUTORS INC","size":"10-19","address":"14730 115A AVENUE NW","sector":"Wholesale trade","naics_desc":"Other specialty-line building supplies merchant wholesalers","hybrid":"Yes","transit_score":0.241,"lead_score":0.169,"tier":3,"dauid":"48112143","ward":"Anirniq","bia":"","nearest_stop_dist":414.7,"transit_buffer_score":0.5},"geometry":{"type":"Point","coordinates":[-113.57556,53.566427]}},{"type":"Feature","properties":{"name":"GOVERNMENT OF ALBERTA","size":"10-19","address":"9739 157 STREET NW","sector":"Public administration","naics_desc":"Other provincial and territorial public administration","hybrid":"Yes","transit_score":0.241,"lead_score":0.169,"tier":3,"dauid":"48111073","ward":"","bia":"","nearest_stop_dist":463.2,"transit_buffer_score":0.5},"geometry":{"type":"Point","coordinates":[-113.591592,53.535753]}},{"type":"Feature","properties":{"name":"ZAKS AUCTIONS & SERVICES","size":"5-9","address":"7507 128A AVENUE NW","sector":"Retail trade","naics_desc":"All other miscellaneous retailers (except beer and wine-making supplies retailers)","hybrid":"No","transit_score":0.334,"lead_score":0.167,"tier":3,"dauid":"48110372","ward":"Métis","bia":"","nearest_stop_dist":491.6,"transit_buffer_score":0.5},"geometry":{"type":"Point","coordinates":[-113.456363,53.584084]}},{"type":"Feature","properties":{"name":"VALLEY BLADES LIMITED","size":"10-19","address":"2060 70 AVENUE NW","sector":"Wholesale trade","naics_desc":"Farm, lawn and garden machinery and equipment merchant wholesalers","hybrid":"Yes","transit_score":0.236,"lead_score":0.165,"tier":3,"dauid":"48111334","ward":"Sspomitapi","bia":"","nearest_stop_dist":403.5,"transit_buffer_score":0.5},"geometry":{"type":"Point","coordinates":[-113.375375,53.507699]}},{"type":"Feature","properties":{"name":"GREAT WESTERN CONTAINERS INC","size":"10-19","address":"2111 64 AVENUE NW","sector":"Manufacturing","naics_desc":"All other plastic product manufacturing","hybrid":"Yes","transit_score":0.236,"lead_score":0.165,"tier":3,"dauid":"48111334","ward":"Sspomitapi","bia":"","nearest_stop_dist":691.4,"transit_buffer_score":0.1},"geometry":{"type":"Point","coordinates":[-113.378643,53.499869]}},{"type":"Feature","properties":{"name":"KONECRANES CANADA INC","size":"10-19","address":"8929 20 STREET NW","sector":"Construction","naics_desc":"All other building equipment contractors","hybrid":"Yes","transit_score":0.232,"lead_score":0.162,"tier":3,"dauid":"48112541","ward":"pihêsiwin","bia":"","nearest_stop_dist":1376.6,"transit_buffer_score":0},"geometry":{"type":"Point","coordinates":[-113.373773,53.524484]}},{"type":"Feature","properties":{"name":"D & D DIXY TRUCKING INC.","size":"10-19","address":"901 77 AVENUE NW","sector":"Transportation and warehousing","naics_desc":"General freight trucking, long distance, truck-load (single shipper)","hybrid":"Yes","transit_score":0.232,"lead_score":0.162,"tier":3,"dauid":"48112541","ward":"Sspomitapi","bia":"","nearest_stop_dist":568.5,"transit_buffer_score":0.5},"geometry":{"type":"Point","coordinates":[-113.361,53.51286]}},{"type":"Feature","properties":{"name":"D & D DIXY TRUCKING INC.","size":"10-19","address":"901 77 AVENUE NW","sector":"Transportation and warehousing","naics_desc":"General freight trucking, long distance, truck-load (single shipper)","hybrid":"Yes","transit_score":0.232,"lead_score":0.162,"tier":3,"dauid":"48112541","ward":"","bia":"","nearest_stop_dist":568.5,"transit_buffer_score":0.5},"geometry":{"type":"Point","coordinates":[-113.361,53.51286]}},{"type":"Feature","properties":{"name":"#1 LIQUOR MERCHANTS","size":"5-9","address":"10410 107 AVENUE NW","sector":"Retail trade","naics_desc":"Beer, wine and liquor retailers","hybrid":"No","transit_score":0.324,"lead_score":0.162,"tier":3,"dauid":"48110772","ward":"Métis","bia":"","nearest_stop_dist":680.3,"transit_buffer_score":0.1},"geometry":{"type":"Point","coordinates":[-113.419857,53.55759]}},{"type":"Feature","properties":{"name":"SKUXS","size":"10-19","address":"1243 70 AVENUE NW","sector":"Retail trade","naics_desc":"All other sporting goods retailers","hybrid":"Yes","transit_score":0.232,"lead_score":0.162,"tier":3,"dauid":"48112541","ward":"","bia":"","nearest_stop_dist":506.1,"transit_buffer_score":0.5},"geometry":{"type":"Point","coordinates":[-113.361519,53.506302]}},{"type":"Feature","properties":{"name":"RIVERSIDE GOLF COURSE","size":"5-9","address":"8630 ROWLAND ROAD NW","sector":"Public administration","naics_desc":"Other local, municipal and regional public administration","hybrid":"No","transit_score":0.319,"lead_score":0.16,"tier":3,"dauid":"48110809","ward":"Métis","bia":"","nearest_stop_dist":512.1,"transit_buffer_score":0.5},"geometry":{"type":"Point","coordinates":[-113.455679,53.554077]}},{"type":"Feature","properties":{"name":"META VAPING CORP","size":"10-19","address":"14167 162 AVENUE NW","sector":"Wholesale trade","naics_desc":"Cigarette and tobacco product merchant wholesalers","hybrid":"Yes","transit_score":0.225,"lead_score":0.158,"tier":3,"dauid":"48112753","ward":"Anirniq","bia":"","nearest_stop_dist":491.1,"transit_buffer_score":0.5},"geometry":{"type":"Point","coordinates":[-113.568084,53.622926]}},{"type":"Feature","properties":{"name":"ELECTRICAL INDUSTRY EDUCATION TRUST FUND OF ALBERTA","size":"10-19","address":"4234 93 STREET NW","sector":"Educational services","naics_desc":"Technical and trade schools","hybrid":"Yes","transit_score":0.223,"lead_score":0.156,"tier":3,"dauid":"48112115","ward":"Karhiio","bia":"","nearest_stop_dist":457.4,"transit_buffer_score":0.5},"geometry":{"type":"Point","coordinates":[-113.472592,53.479285]}},{"type":"Feature","properties":{"name":"MASSAGE AT KINSMEN","size":"5-9","address":"9100 WALTERDALE HILL NW","sector":"Other services (except public administration)","naics_desc":"Other personal care services","hybrid":"No","transit_score":0.311,"lead_score":0.155,"tier":3,"dauid":"48112160","ward":"papastew","bia":"","nearest_stop_dist":433.9,"transit_buffer_score":0.5},"geometry":{"type":"Point","coordinates":[-113.51098,53.527702]}},{"type":"Feature","properties":{"name":"OBG IMMIGRATION CANADA INC","size":"5-9","address":"8170 50 STREET NW","sector":"Professional, scientific and technical services","naics_desc":"Other legal services","hybrid":"No","transit_score":0.304,"lead_score":0.152,"tier":3,"dauid":"48110785","ward":"","bia":"","nearest_stop_dist":417.3,"transit_buffer_score":0.5},"geometry":{"type":"Point","coordinates":[-113.419881,53.516696]}},{"type":"Feature","properties":{"name":"VISHAL ZAVERI","size":"5-9","address":"8170 50 STREET NW","sector":"Finance and insurance","naics_desc":"Investment advice","hybrid":"No","transit_score":0.304,"lead_score":0.152,"tier":3,"dauid":"48110785","ward":"Métis","bia":"","nearest_stop_dist":415.6,"transit_buffer_score":0.5},"geometry":{"type":"Point","coordinates":[-113.420439,53.516588]}},{"type":"Feature","properties":{"name":"VANSKY IMMIGRATION","size":"5-9","address":"8170 50 STREET NW","sector":"Professional, scientific and technical services","naics_desc":"Other legal services","hybrid":"No","transit_score":0.304,"lead_score":0.152,"tier":3,"dauid":"48110785","ward":"Métis","bia":"","nearest_stop_dist":410.8,"transit_buffer_score":0.5},"geometry":{"type":"Point","coordinates":[-113.420579,53.516502]}},{"type":"Feature","properties":{"name":"HELPING CHILDREN CHILD PSYCHOLOGY SERVICES","size":"5-9","address":"8170 50 STREET NW","sector":"Health care and social assistance","naics_desc":"Offices of mental health practitioners (except physicians)","hybrid":"No","transit_score":0.304,"lead_score":0.152,"tier":3,"dauid":"48110785","ward":"Métis","bia":"","nearest_stop_dist":426.9,"transit_buffer_score":0.5},"geometry":{"type":"Point","coordinates":[-113.420011,53.516763]}},{"type":"Feature","properties":{"name":"GEM DRIVING SCHOOL","size":"5-9","address":"8170 50 STREET NW","sector":"Educational services","naics_desc":"All other schools and instruction","hybrid":"No","transit_score":0.304,"lead_score":0.152,"tier":3,"dauid":"48110785","ward":"","bia":"","nearest_stop_dist":409.7,"transit_buffer_score":0.5},"geometry":{"type":"Point","coordinates":[-113.420458,53.516706]}},{"type":"Feature","properties":{"name":"A CREATIVE AGENCY","size":"10-19","address":"9181 25 AVENUE NW","sector":"Professional, scientific and technical services","naics_desc":"Marketing research and public opinion polling","hybrid":"Yes","transit_score":0.217,"lead_score":0.152,"tier":3,"dauid":"48110732","ward":"Karhiio","bia":"","nearest_stop_dist":441.1,"transit_buffer_score":0.5},"geometry":{"type":"Point","coordinates":[-113.472667,53.482855]}},{"type":"Feature","properties":{"name":"LETS MAKE A DEAL AUTO","size":"5-9","address":"8170 50 STREET NW","sector":"Other services (except public administration)","naics_desc":"General automotive repair","hybrid":"No","transit_score":0.304,"lead_score":0.152,"tier":3,"dauid":"48110785","ward":"","bia":"","nearest_stop_dist":416.1,"transit_buffer_score":0.5},"geometry":{"type":"Point","coordinates":[-113.420404,53.516583]}},{"type":"Feature","properties":{"name":"TRI-STAD CONSTRUCTION INC.","size":"10-19","address":"4407 94 STREET NW","sector":"Professional, scientific and technical services","naics_desc":"Interior design services","hybrid":"Yes","transit_score":0.217,"lead_score":0.152,"tier":3,"dauid":"48110732","ward":"Karhiio","bia":"","nearest_stop_dist":490.3,"transit_buffer_score":0.5},"geometry":{"type":"Point","coordinates":[-113.471847,53.483238]}},{"type":"Feature","properties":{"name":"TRI-STAD CONSTRUCTION INC.","size":"10-19","address":"4407 94 STREET NW","sector":"Construction","naics_desc":"Residential building construction","hybrid":"Yes","transit_score":0.217,"lead_score":0.152,"tier":3,"dauid":"48110732","ward":"","bia":"","nearest_stop_dist":490.3,"transit_buffer_score":0.5},"geometry":{"type":"Point","coordinates":[-113.471847,53.483238]}},{"type":"Feature","properties":{"name":"SIDHU TRAVELS INTERNATIONAL LTD","size":"5-9","address":"8170 50 STREET NW","sector":"Administrative and support, waste management and remediation services","naics_desc":"Travel agencies","hybrid":"No","transit_score":0.304,"lead_score":0.152,"tier":3,"dauid":"48110785","ward":"Métis","bia":"","nearest_stop_dist":436.1,"transit_buffer_score":0.5},"geometry":{"type":"Point","coordinates":[-113.419928,53.516908]}},{"type":"Feature","properties":{"name":"4SIGHT IMMIGRATION SERVICES LTD.","size":"5-9","address":"8170 50 STREET NW","sector":"Professional, scientific and technical services","naics_desc":"Other legal services","hybrid":"No","transit_score":0.304,"lead_score":0.152,"tier":3,"dauid":"48110785","ward":"Métis","bia":"","nearest_stop_dist":418.3,"transit_buffer_score":0.5},"geometry":{"type":"Point","coordinates":[-113.419533,53.516756]}},{"type":"Feature","properties":{"name":"LA CLE’ BEAUTY SALON","size":"5-9","address":"8170 50 STREET NW","sector":"Other services (except public administration)","naics_desc":"Beauty salons","hybrid":"No","transit_score":0.304,"lead_score":0.152,"tier":3,"dauid":"48110785","ward":"Métis","bia":"","nearest_stop_dist":408.6,"transit_buffer_score":0.5},"geometry":{"type":"Point","coordinates":[-113.420326,53.516528]}},{"type":"Feature","properties":{"name":"GEM DRIVING SCHOOL","size":"5-9","address":"8170 50 STREET NW","sector":"Educational services","naics_desc":"All other schools and instruction","hybrid":"No","transit_score":0.304,"lead_score":0.152,"tier":3,"dauid":"48110785","ward":"Métis","bia":"","nearest_stop_dist":418.7,"transit_buffer_score":0.5},"geometry":{"type":"Point","coordinates":[-113.420236,53.516644]}},{"type":"Feature","properties":{"name":"ALBERTA SIGN RENTALS","size":"10-19","address":"9347 45 AVENUE NW","sector":"Manufacturing","naics_desc":"Sign manufacturing","hybrid":"Yes","transit_score":0.217,"lead_score":0.152,"tier":3,"dauid":"48110732","ward":"Karhiio","bia":"","nearest_stop_dist":468.3,"transit_buffer_score":0.5},"geometry":{"type":"Point","coordinates":[-113.472152,53.483855]}},{"type":"Feature","properties":{"name":"VANSKY IMMIGRATION","size":"5-9","address":"51 STREET NW","sector":"Professional, scientific and technical services","naics_desc":"Other legal services","hybrid":"No","transit_score":0.304,"lead_score":0.152,"tier":3,"dauid":"48110785","ward":"","bia":"","nearest_stop_dist":410.8,"transit_buffer_score":0.5},"geometry":{"type":"Point","coordinates":[-113.420579,53.516502]}},{"type":"Feature","properties":{"name":"PRIMERICA","size":"5-9","address":"8170 50 STREET NW","sector":"Finance and insurance","naics_desc":"Insurance agencies and brokerages","hybrid":"No","transit_score":0.304,"lead_score":0.152,"tier":3,"dauid":"48110785","ward":"Métis","bia":"","nearest_stop_dist":423.4,"transit_buffer_score":0.5},"geometry":{"type":"Point","coordinates":[-113.419327,53.516827]}},{"type":"Feature","properties":{"name":"EVENTS PLACE SOUNDCHECK PRODUCTIONS","size":"5-9","address":"8170 50 STREET NW","sector":"Real estate and rental and leasing","naics_desc":"Lessors of non-residential buildings (except mini-warehouses)","hybrid":"No","transit_score":0.304,"lead_score":0.152,"tier":3,"dauid":"48110785","ward":"Métis","bia":"","nearest_stop_dist":406.3,"transit_buffer_score":0.5},"geometry":{"type":"Point","coordinates":[-113.42072,53.516415]}},{"type":"Feature","properties":{"name":"VPS VEHICLE PROTECTION SOLUTIONS","size":"5-9","address":"11326 119 STREET NW","sector":"Other services (except public administration)","naics_desc":"Automotive glass replacement shops","hybrid":"No","transit_score":0.303,"lead_score":0.151,"tier":3,"dauid":"48110228","ward":"","bia":"Kingsway","nearest_stop_dist":496.6,"transit_buffer_score":0.5},"geometry":{"type":"Point","coordinates":[-113.527491,53.563463]}},{"type":"Feature","properties":{"name":"NAILS BY YEN","size":"5-9","address":"11320 119 STREET NW","sector":"Other services (except public administration)","naics_desc":"Other personal care services","hybrid":"No","transit_score":0.303,"lead_score":0.151,"tier":3,"dauid":"48110228","ward":"O-day'min","bia":"Kingsway","nearest_stop_dist":463.5,"transit_buffer_score":0.5},"geometry":{"type":"Point","coordinates":[-113.527508,53.563165]}},{"type":"Feature","properties":{"name":"BHAKTI MASSAGE","size":"5-9","address":"11815 114 AVENUE NW","sector":"Other services (except public administration)","naics_desc":"Other personal care services","hybrid":"No","transit_score":0.303,"lead_score":0.151,"tier":3,"dauid":"48110228","ward":"O-day'min","bia":"","nearest_stop_dist":424.2,"transit_buffer_score":0.5},"geometry":{"type":"Point","coordinates":[-113.526278,53.563897]}},{"type":"Feature","properties":{"name":"BROWS LASHES BY CATH","size":"5-9","address":"17911 73 STREET NW","sector":"Other services (except public administration)","naics_desc":"Other personal care services","hybrid":"No","transit_score":0.303,"lead_score":0.151,"tier":3,"dauid":"48110228","ward":"O-day'min","bia":"Kingsway","nearest_stop_dist":498.2,"transit_buffer_score":0.5},"geometry":{"type":"Point","coordinates":[-113.527487,53.563477]}},{"type":"Feature","properties":{"name":"PRIMETIME SIGNS","size":"5-9","address":"11807 114 AVENUE NW","sector":"Professional, scientific and technical services","naics_desc":"Graphic design services","hybrid":"No","transit_score":0.303,"lead_score":0.151,"tier":3,"dauid":"48110228","ward":"O-day'min","bia":"","nearest_stop_dist":412.6,"transit_buffer_score":0.5},"geometry":{"type":"Point","coordinates":[-113.526103,53.563928]}},{"type":"Feature","properties":{"name":"EDMONTON ROWING CLUB","size":"5-9","address":"8438 129 STREET NW","sector":"Arts, entertainment and recreation","naics_desc":"Fitness and recreational sports centres","hybrid":"No","transit_score":0.302,"lead_score":0.151,"tier":3,"dauid":"48111325","ward":"Nakota Isga","bia":"","nearest_stop_dist":659.1,"transit_buffer_score":0.1},"geometry":{"type":"Point","coordinates":[-113.544561,53.514814]}},{"type":"Feature","properties":{"name":"ST. MARK JAMES TRAINING & SUPPLIES","size":"5-9","address":"11823 114 AVENUE NW","sector":"Educational services","naics_desc":"All other schools and instruction","hybrid":"No","transit_score":0.303,"lead_score":0.151,"tier":3,"dauid":"48110228","ward":"O-day'min","bia":"","nearest_stop_dist":422.4,"transit_buffer_score":0.5},"geometry":{"type":"Point","coordinates":[-113.526294,53.563941]}},{"type":"Feature","properties":{"name":"BHAKTI MASSAGE","size":"5-9","address":"11815 114 AVENUE NW","sector":"Other services (except public administration)","naics_desc":"Other personal care services","hybrid":"No","transit_score":0.303,"lead_score":0.151,"tier":3,"dauid":"48110228","ward":"","bia":"","nearest_stop_dist":424.2,"transit_buffer_score":0.5},"geometry":{"type":"Point","coordinates":[-113.526278,53.563897]}},{"type":"Feature","properties":{"name":"AMBER PEAK","size":"5-9","address":"11302 119 STREET NW","sector":"Real estate and rental and leasing","naics_desc":"Real estate property management","hybrid":"No","transit_score":0.303,"lead_score":0.151,"tier":3,"dauid":"48110228","ward":"","bia":"Kingsway","nearest_stop_dist":414.3,"transit_buffer_score":0.5},"geometry":{"type":"Point","coordinates":[-113.527258,53.562721]}},{"type":"Feature","properties":{"name":"CERTIFIED FLOORING","size":"5-9","address":"11340 119 STREET NW","sector":"Retail trade","naics_desc":"Floor covering retailers","hybrid":"No","transit_score":0.303,"lead_score":0.151,"tier":3,"dauid":"48110228","ward":"O-day'min","bia":"Kingsway","nearest_stop_dist":498.1,"transit_buffer_score":0.5},"geometry":{"type":"Point","coordinates":[-113.527496,53.563571]}},{"type":"Feature","properties":{"name":"ROGUE WAVE COFFEE CO","size":"5-9","address":"11322 119 STREET NW","sector":"Accommodation and food services","naics_desc":"Limited-Service Eating Places","hybrid":"No","transit_score":0.303,"lead_score":0.151,"tier":3,"dauid":"48110228","ward":"","bia":"Kingsway","nearest_stop_dist":473.2,"transit_buffer_score":0.5},"geometry":{"type":"Point","coordinates":[-113.527505,53.563252]}},{"type":"Feature","properties":{"name":"ESTHETICS PLUS","size":"5-9","address":"11350 119 STREET NW","sector":"Wholesale trade","naics_desc":"Toiletries, cosmetics and sundries merchant wholesalers","hybrid":"No","transit_score":0.303,"lead_score":0.151,"tier":3,"dauid":"48110228","ward":"","bia":"Kingsway","nearest_stop_dist":482.5,"transit_buffer_score":0.5},"geometry":{"type":"Point","coordinates":[-113.527505,53.563719]}},{"type":"Feature","properties":{"name":"NAILS BY YEN","size":"5-9","address":"11320 119 STREET NW","sector":"Other services (except public administration)","naics_desc":"Other personal care services","hybrid":"No","transit_score":0.303,"lead_score":0.151,"tier":3,"dauid":"48110228","ward":"","bia":"Kingsway","nearest_stop_dist":463.5,"transit_buffer_score":0.5},"geometry":{"type":"Point","coordinates":[-113.527508,53.563165]}},{"type":"Feature","properties":{"name":"GENERATIONS ELECTRONICS","size":"5-9","address":"11904 113 Avenue NW","sector":"Professional, scientific and technical services","naics_desc":"Computer system design and related services","hybrid":"No","transit_score":0.303,"lead_score":0.151,"tier":3,"dauid":"48110228","ward":"","bia":"Kingsway","nearest_stop_dist":405.8,"transit_buffer_score":0.5},"geometry":{"type":"Point","coordinates":[-113.527746,53.562642]}},{"type":"Feature","properties":{"name":"SUMOLASH","size":"5-9","address":"11819 114 AVENUE NW","sector":"Other services (except public administration)","naics_desc":"Beauty salons","hybrid":"No","transit_score":0.303,"lead_score":0.151,"tier":3,"dauid":"48110228","ward":"O-day'min","bia":"","nearest_stop_dist":429.1,"transit_buffer_score":0.5},"geometry":{"type":"Point","coordinates":[-113.526428,53.563956]}},{"type":"Feature","properties":{"name":"SUMOLASH","size":"5-9","address":"11819 114 AVENUE NW","sector":"Other services (except public administration)","naics_desc":"Beauty salons","hybrid":"No","transit_score":0.303,"lead_score":0.151,"tier":3,"dauid":"48110228","ward":"","bia":"","nearest_stop_dist":429.1,"transit_buffer_score":0.5},"geometry":{"type":"Point","coordinates":[-113.526428,53.563956]}},{"type":"Feature","properties":{"name":"PRIMETIME SIGNS","size":"5-9","address":"11807 114 AVENUE NW","sector":"Professional, scientific and technical services","naics_desc":"Graphic design services","hybrid":"No","transit_score":0.303,"lead_score":0.151,"tier":3,"dauid":"48110228","ward":"","bia":"","nearest_stop_dist":412.6,"transit_buffer_score":0.5},"geometry":{"type":"Point","coordinates":[-113.526103,53.563928]}},{"type":"Feature","properties":{"name":"INKORPORATED TATTOOS","size":"5-9","address":"11346 119 STREET NW","sector":"Other services (except public administration)","naics_desc":"Other personal care services","hybrid":"No","transit_score":0.303,"lead_score":0.151,"tier":3,"dauid":"48110228","ward":"O-day'min","bia":"Kingsway","nearest_stop_dist":495.2,"transit_buffer_score":0.5},"geometry":{"type":"Point","coordinates":[-113.527522,53.56345]}},{"type":"Feature","properties":{"name":"ESTHETICS PLUS","size":"5-9","address":"11350 119 STREET NW","sector":"Wholesale trade","naics_desc":"Toiletries, cosmetics and sundries merchant wholesalers","hybrid":"No","transit_score":0.303,"lead_score":0.151,"tier":3,"dauid":"48110228","ward":"O-day'min","bia":"Kingsway","nearest_stop_dist":482.5,"transit_buffer_score":0.5},"geometry":{"type":"Point","coordinates":[-113.527505,53.563719]}},{"type":"Feature","properties":{"name":"INITIA REAL ESTATE","size":"5-9","address":"11823 114 AVENUE NW","sector":"Real estate and rental and leasing","naics_desc":"Real estate agents","hybrid":"No","transit_score":0.303,"lead_score":0.151,"tier":3,"dauid":"48110228","ward":"","bia":"","nearest_stop_dist":433.5,"transit_buffer_score":0.5},"geometry":{"type":"Point","coordinates":[-113.526443,53.563895]}},{"type":"Feature","properties":{"name":"AMBER PEAK","size":"5-9","address":"11302 119 STREET NW","sector":"Real estate and rental and leasing","naics_desc":"Real estate property managers","hybrid":"No","transit_score":0.303,"lead_score":0.151,"tier":3,"dauid":"48110228","ward":"","bia":"Kingsway","nearest_stop_dist":414.3,"transit_buffer_score":0.5},"geometry":{"type":"Point","coordinates":[-113.527258,53.562721]}},{"type":"Feature","properties":{"name":"NAILS BY YEN","size":"5-9","address":"11320 119 STREET NW","sector":"Other services (except public administration)","naics_desc":"Other personal care services","hybrid":"No","transit_score":0.303,"lead_score":0.151,"tier":3,"dauid":"48110228","ward":"","bia":"Kingsway","nearest_stop_dist":463.5,"transit_buffer_score":0.5},"geometry":{"type":"Point","coordinates":[-113.527508,53.563165]}},{"type":"Feature","properties":{"name":"SOUL 2 SOLE MASSAGE AND WELLNESS STUDIO","size":"5-9","address":"11312 119 STREET NW","sector":"Other services (except public administration)","naics_desc":"Other personal care services","hybrid":"No","transit_score":0.303,"lead_score":0.151,"tier":3,"dauid":"48110228","ward":"","bia":"Kingsway","nearest_stop_dist":428.8,"transit_buffer_score":0.5},"geometry":{"type":"Point","coordinates":[-113.527522,53.562853]}},{"type":"Feature","properties":{"name":"HOOVER CS","size":"10-19","address":"6510 30 STREET NW","sector":"Real estate and rental and leasing","naics_desc":"Other commercial and industrial machinery and equipment rental and leasing","hybrid":"Yes","transit_score":0.215,"lead_score":0.15,"tier":3,"dauid":"48112545","ward":"Sspomitapi","bia":"","nearest_stop_dist":967.9,"transit_buffer_score":0},"geometry":{"type":"Point","coordinates":[-113.389299,53.502551]}},{"type":"Feature","properties":{"name":"LGG INDUSTRIAL","size":"10-19","address":"2930 51 AVENUE NW","sector":"Manufacturing","naics_desc":"Rubber and plastic hose and belting manufacturing","hybrid":"Yes","transit_score":0.215,"lead_score":0.15,"tier":3,"dauid":"48112545","ward":"Sspomitapi","bia":"","nearest_stop_dist":761,"transit_buffer_score":0.1},"geometry":{"type":"Point","coordinates":[-113.38424,53.48851]}},{"type":"Feature","properties":{"name":"CAN-CON INDUSTRIES INC.","size":"10-19","address":"9333 45 AVENUE NW","sector":"Manufacturing","naics_desc":"Plastic pipe and pipe fitting manufacturing","hybrid":"Yes","transit_score":0.215,"lead_score":0.15,"tier":3,"dauid":"48110733","ward":"Karhiio","bia":"","nearest_stop_dist":425.8,"transit_buffer_score":0.5},"geometry":{"type":"Point","coordinates":[-113.470146,53.484213]}},{"type":"Feature","properties":{"name":"YVES SALON","size":"5-9","address":"10340 134 STREET NW","sector":"Other services (except public administration)","naics_desc":"Beauty salons","hybrid":"No","transit_score":0.298,"lead_score":0.149,"tier":3,"dauid":"48111087","ward":"","bia":"","nearest_stop_dist":550.2,"transit_buffer_score":0.5},"geometry":{"type":"Point","coordinates":[-113.5534,53.54588]}},{"type":"Feature","properties":{"name":"GROOVE DENTAL","size":"5-9","address":"10344 134 STREET NW","sector":"Health care and social assistance","naics_desc":"Offices of dentists","hybrid":"No","transit_score":0.298,"lead_score":0.149,"tier":3,"dauid":"48111087","ward":"","bia":"","nearest_stop_dist":546.9,"transit_buffer_score":0.5},"geometry":{"type":"Point","coordinates":[-113.553329,53.545912]}},{"type":"Feature","properties":{"name":"CRUISE VACATIONS INC.","size":"5-9","address":"10340 134 STREET NW","sector":"Administrative and support, waste management and remediation services","naics_desc":"Travel agencies","hybrid":"No","transit_score":0.298,"lead_score":0.149,"tier":3,"dauid":"48111087","ward":"Nakota Isga","bia":"","nearest_stop_dist":544.5,"transit_buffer_score":0.5},"geometry":{"type":"Point","coordinates":[-113.553252,53.545936]}},{"type":"Feature","properties":{"name":"LASHES BY EM","size":"5-9","address":"10340 134 STREET NW","sector":"Other services (except public administration)","naics_desc":"Other personal care services","hybrid":"No","transit_score":0.298,"lead_score":0.149,"tier":3,"dauid":"48111087","ward":"Nakota Isga","bia":"","nearest_stop_dist":550.7,"transit_buffer_score":0.5},"geometry":{"type":"Point","coordinates":[-113.55343,53.545875]}},{"type":"Feature","properties":{"name":"GROOVE DENTAL","size":"5-9","address":"10344 134 STREET NW","sector":"Health care and social assistance","naics_desc":"Offices of dentists","hybrid":"No","transit_score":0.298,"lead_score":0.149,"tier":3,"dauid":"48111087","ward":"Nakota Isga","bia":"","nearest_stop_dist":546.5,"transit_buffer_score":0.5},"geometry":{"type":"Point","coordinates":[-113.553331,53.545915]}},{"type":"Feature","properties":{"name":"CRUISE VACATIONS INC.","size":"5-9","address":"10340 134 STREET NW","sector":"Administrative and support, waste management and remediation services","naics_desc":"Travel agencies","hybrid":"No","transit_score":0.298,"lead_score":0.149,"tier":3,"dauid":"48111087","ward":"","bia":"","nearest_stop_dist":546.8,"transit_buffer_score":0.5},"geometry":{"type":"Point","coordinates":[-113.553132,53.54592]}},{"type":"Feature","properties":{"name":"LUVURLOK BEAUTY BAR","size":"5-9","address":"10340 134 STREET NW","sector":"Other services (except public administration)","naics_desc":"Beauty salons","hybrid":"No","transit_score":0.298,"lead_score":0.149,"tier":3,"dauid":"48111087","ward":"Nakota Isga","bia":"","nearest_stop_dist":550.7,"transit_buffer_score":0.5},"geometry":{"type":"Point","coordinates":[-113.55343,53.545875]}},{"type":"Feature","properties":{"name":"I KISANA PROFESSIONAL CORPORATION","size":"5-9","address":"3355 153 AVENUE NW","sector":"Professional, scientific and technical services","naics_desc":"Offices of accountants","hybrid":"Yes","transit_score":0.422,"lead_score":0.148,"tier":3,"dauid":"48111592","ward":"Dene","bia":"","nearest_stop_dist":430.3,"transit_buffer_score":0.5},"geometry":{"type":"Point","coordinates":[-113.392444,53.614462]}},{"type":"Feature","properties":{"name":"WESTCAN BULK TRANSPORT LTD","size":"5-9","address":"12110 17 STREET NE","sector":"Other services (except public administration)","naics_desc":"General automotive repair","hybrid":"No","transit_score":0.297,"lead_score":0.148,"tier":3,"dauid":"48112493","ward":"Dene","bia":"","nearest_stop_dist":810.9,"transit_buffer_score":0},"geometry":{"type":"Point","coordinates":[-113.3237,53.57319]}},{"type":"Feature","properties":{"name":"SPORTS CAR CENTRE","size":"5-9","address":"12116 121A STREET NW","sector":"Retail trade","naics_desc":"Automotive parts and accessories retailers","hybrid":"No","transit_score":0.297,"lead_score":0.148,"tier":3,"dauid":"48110241","ward":"","bia":"","nearest_stop_dist":604.3,"transit_buffer_score":0.1},"geometry":{"type":"Point","coordinates":[-113.531448,53.575781]}},{"type":"Feature","properties":{"name":"STUKALO BOXING ACADEMY","size":"5-9","address":"12105 121 AVENUE NW","sector":"Arts, entertainment and recreation","naics_desc":"Sports clubs, teams and leagues performing before a non-paying audience","hybrid":"No","transit_score":0.297,"lead_score":0.148,"tier":3,"dauid":"48110241","ward":"Anirniq","bia":"","nearest_stop_dist":513.6,"transit_buffer_score":0.5},"geometry":{"type":"Point","coordinates":[-113.53147,53.574955]}},{"type":"Feature","properties":{"name":"CHAIR REPAIR GUYS","size":"5-9","address":"12120 121A STREET NW","sector":"Other services (except public administration)","naics_desc":"Reupholstery and furniture repair","hybrid":"No","transit_score":0.297,"lead_score":0.148,"tier":3,"dauid":"48110241","ward":"Anirniq","bia":"","nearest_stop_dist":610.4,"transit_buffer_score":0.1},"geometry":{"type":"Point","coordinates":[-113.531563,53.575847]}},{"type":"Feature","properties":{"name":"BIG BOX OUTLET STORE","size":"5-9","address":"11311 120 STREET NW","sector":"Retail trade","naics_desc":"All other miscellaneous general merchandise retailers","hybrid":"No","transit_score":0.297,"lead_score":0.148,"tier":3,"dauid":"48110229","ward":"","bia":"Kingsway","nearest_stop_dist":482.8,"transit_buffer_score":0.5},"geometry":{"type":"Point","coordinates":[-113.528723,53.563326]}},{"type":"Feature","properties":{"name":"MBL DISTRIBUTORS INC","size":"5-9","address":"12120 121A STREET NW","sector":"Retail trade","naics_desc":"All other miscellaneous retailers (except beer and wine-making supplies retailers)","hybrid":"No","transit_score":0.297,"lead_score":0.148,"tier":3,"dauid":"48110241","ward":"Anirniq","bia":"","nearest_stop_dist":615.4,"transit_buffer_score":0.1},"geometry":{"type":"Point","coordinates":[-113.531587,53.575895]}},{"type":"Feature","properties":{"name":"MBL DISTRIBUTORS INC","size":"5-9","address":"12120 121A STREET NW","sector":"Retail trade","naics_desc":"All other miscellaneous retailers (except beer and wine-making supplies retailers)","hybrid":"No","transit_score":0.297,"lead_score":0.148,"tier":3,"dauid":"48110241","ward":"","bia":"","nearest_stop_dist":615.4,"transit_buffer_score":0.1},"geometry":{"type":"Point","coordinates":[-113.531587,53.575895]}},{"type":"Feature","properties":{"name":"EXCEL SOCIETY","size":"5-9","address":"12023 122 STREET NW","sector":"Real estate and rental and leasing","naics_desc":"Lessors of residential buildings and dwellings (except social housing projects)","hybrid":"No","transit_score":0.297,"lead_score":0.148,"tier":3,"dauid":"48110241","ward":"Anirniq","bia":"","nearest_stop_dist":445.7,"transit_buffer_score":0.5},"geometry":{"type":"Point","coordinates":[-113.532047,53.574392]}},{"type":"Feature","properties":{"name":"GEORGIA PACIFIC CANADA LP","size":"5-9","address":"403 118A AVENUE NE","sector":"Manufacturing","naics_desc":"Paper (except newsprint) mills","hybrid":"No","transit_score":0.297,"lead_score":0.148,"tier":3,"dauid":"48112493","ward":"Dene","bia":"","nearest_stop_dist":948.4,"transit_buffer_score":0},"geometry":{"type":"Point","coordinates":[-113.3362,53.571622]}},{"type":"Feature","properties":{"name":"CHAIR REPAIR GUYS","size":"5-9","address":"12120 121A STREET NW","sector":"Other services (except public administration)","naics_desc":"Reupholstery and furniture repair","hybrid":"No","transit_score":0.297,"lead_score":0.148,"tier":3,"dauid":"48110241","ward":"","bia":"","nearest_stop_dist":615.2,"transit_buffer_score":0.1},"geometry":{"type":"Point","coordinates":[-113.531609,53.575895]}},{"type":"Feature","properties":{"name":"SPORTS CAR CENTRE","size":"5-9","address":"12116 121A STREET NW","sector":"Retail trade","naics_desc":"Automotive parts and accessories retailers","hybrid":"No","transit_score":0.297,"lead_score":0.148,"tier":3,"dauid":"48110241","ward":"Anirniq","bia":"","nearest_stop_dist":604.3,"transit_buffer_score":0.1},"geometry":{"type":"Point","coordinates":[-113.531448,53.575781]}},{"type":"Feature","properties":{"name":"OUTLOOK MOTEL & TRAILER PARK","size":"5-9","address":"1850 YELLOWHEAD TRAIL NE","sector":"Accommodation and food services","naics_desc":"Motels","hybrid":"No","transit_score":0.297,"lead_score":0.148,"tier":3,"dauid":"48112493","ward":"Dene","bia":"","nearest_stop_dist":653.2,"transit_buffer_score":0.1},"geometry":{"type":"Point","coordinates":[-113.317484,53.571432]}},{"type":"Feature","properties":{"name":"RELIABLE MILLWORK CONTRACTING LTD","size":"5-9","address":"4508 81 AVENUE NW","sector":"Construction","naics_desc":"Finish carpentry contractors","hybrid":"No","transit_score":0.289,"lead_score":0.144,"tier":3,"dauid":"48112107","ward":"Métis","bia":"","nearest_stop_dist":452.7,"transit_buffer_score":0.5},"geometry":{"type":"Point","coordinates":[-113.411089,53.516548]}},{"type":"Feature","properties":{"name":"PHILIPS ARTS","size":"5-9","address":"4356 82 AVENUE NW","sector":"Manufacturing","naics_desc":"Sign manufacturing","hybrid":"No","transit_score":0.289,"lead_score":0.144,"tier":3,"dauid":"48112107","ward":"Métis","bia":"","nearest_stop_dist":648,"transit_buffer_score":0.1},"geometry":{"type":"Point","coordinates":[-113.409846,53.518317]}},{"type":"Feature","properties":{"name":"ATTLEA INC","size":"5-9","address":"4524 81 AVENUE NW","sector":"Manufacturing","naics_desc":"Wood kitchen cabinet and counter top manufacturing","hybrid":"No","transit_score":0.289,"lead_score":0.144,"tier":3,"dauid":"48112107","ward":"Métis","bia":"","nearest_stop_dist":404.8,"transit_buffer_score":0.5},"geometry":{"type":"Point","coordinates":[-113.411354,53.516093]}},{"type":"Feature","properties":{"name":"QUEZADA BUILDERS INC","size":"5-9","address":"4652 82 AVENUE NW","sector":"Construction","naics_desc":"Residential building construction","hybrid":"No","transit_score":0.289,"lead_score":0.144,"tier":3,"dauid":"48112107","ward":"Métis","bia":"","nearest_stop_dist":529.9,"transit_buffer_score":0.5},"geometry":{"type":"Point","coordinates":[-113.411901,53.519283]}},{"type":"Feature","properties":{"name":"SINGH TURBO AUTO","size":"5-9","address":"8432 45 STREET NW","sector":"Other services (except public administration)","naics_desc":"General automotive repair","hybrid":"No","transit_score":0.289,"lead_score":0.144,"tier":3,"dauid":"48112107","ward":"Métis","bia":"","nearest_stop_dist":507.2,"transit_buffer_score":0.5},"geometry":{"type":"Point","coordinates":[-113.411358,53.520259]}},{"type":"Feature","properties":{"name":"TOP NOTCH RENTALS","size":"5-9","address":"8212 43 STREET NW","sector":"Real estate and rental and leasing","naics_desc":"Construction, transportation, mining, and forestry machinery and equipment rental and leasing","hybrid":"No","transit_score":0.289,"lead_score":0.144,"tier":3,"dauid":"48112107","ward":"Métis","bia":"","nearest_stop_dist":646.2,"transit_buffer_score":0.1},"geometry":{"type":"Point","coordinates":[-113.408233,53.518166]}},{"type":"Feature","properties":{"name":"OAB RELIABLE CARPET CARE, INC.","size":"5-9","address":"4312 82 AVENUE NW","sector":"Administrative and support, waste management and remediation services","naics_desc":"Carpet and upholstery cleaning services","hybrid":"No","transit_score":0.289,"lead_score":0.144,"tier":3,"dauid":"48112107","ward":"","bia":"","nearest_stop_dist":647.6,"transit_buffer_score":0.1},"geometry":{"type":"Point","coordinates":[-113.408633,53.518227]}},{"type":"Feature","properties":{"name":"INSTINCT CONSTRUCTION LTD.","size":"5-9","address":"8123 43 STREET NW","sector":"Construction","naics_desc":"Other building finishing contractors","hybrid":"No","transit_score":0.289,"lead_score":0.144,"tier":3,"dauid":"48112107","ward":"Métis","bia":"","nearest_stop_dist":507.2,"transit_buffer_score":0.5},"geometry":{"type":"Point","coordinates":[-113.406905,53.516789]}},{"type":"Feature","properties":{"name":"TIGCO LTD","size":"5-9","address":"4364 82 AVENUE NW","sector":"Other services (except public administration)","naics_desc":"Commercial and industrial machinery and equipment (except automotive and electronic) repair and maintenance","hybrid":"No","transit_score":0.289,"lead_score":0.144,"tier":3,"dauid":"48112107","ward":"Métis","bia":"","nearest_stop_dist":631.6,"transit_buffer_score":0.1},"geometry":{"type":"Point","coordinates":[-113.410496,53.518178]}},{"type":"Feature","properties":{"name":"BURNCO ROCK PRODUCTS LTD","size":"5-9","address":"3867 92 AVENUE NW","sector":"Manufacturing","naics_desc":"Asphalt paving mixture and block manufacturing","hybrid":"No","transit_score":0.289,"lead_score":0.144,"tier":3,"dauid":"48112107","ward":"Métis","bia":"","nearest_stop_dist":646,"transit_buffer_score":0.1},"geometry":{"type":"Point","coordinates":[-113.4026,53.52433]}},{"type":"Feature","properties":{"name":"FLORKOWSKYS' WOODWORKING AND CABINETS","size":"5-9","address":"8912 18 STREET NORTHWEST","sector":"Construction","naics_desc":"Finish carpentry contractors","hybrid":"No","transit_score":0.289,"lead_score":0.144,"tier":3,"dauid":"48112107","ward":"Métis","bia":"","nearest_stop_dist":430.4,"transit_buffer_score":0.5},"geometry":{"type":"Point","coordinates":[-113.396487,53.50868]}},{"type":"Feature","properties":{"name":"ARROW GAMES INC","size":"5-9","address":"8131 46 STREET NW","sector":"Manufacturing","naics_desc":"Doll, toy and game manufacturing","hybrid":"No","transit_score":0.289,"lead_score":0.144,"tier":3,"dauid":"48112107","ward":"Métis","bia":"","nearest_stop_dist":482.3,"transit_buffer_score":0.5},"geometry":{"type":"Point","coordinates":[-113.411186,53.51681]}},{"type":"Feature","properties":{"name":"INTERMOUNTAIN MECHANICAL LTD.","size":"5-9","address":"4640 82 AVENUE NW","sector":"Manufacturing","naics_desc":"Industrial and commercial fan and blower and air purification equipment manufacturing","hybrid":"No","transit_score":0.289,"lead_score":0.144,"tier":3,"dauid":"48112107","ward":"","bia":"","nearest_stop_dist":538.2,"transit_buffer_score":0.5},"geometry":{"type":"Point","coordinates":[-113.412259,53.518897]}},{"type":"Feature","properties":{"name":"A.S AULAKH TRUCKING LTD.","size":"5-9","address":"3745 73 AVENUE NW","sector":"Transportation and warehousing","naics_desc":"General freight trucking, local","hybrid":"No","transit_score":0.289,"lead_score":0.144,"tier":3,"dauid":"48112107","ward":"","bia":"","nearest_stop_dist":452.5,"transit_buffer_score":0.5},"geometry":{"type":"Point","coordinates":[-113.399574,53.508072]}},{"type":"Feature","properties":{"name":"CAPITAL CITY CRANES LTD","size":"5-9","address":"8144 46 STREET NW","sector":"Construction","naics_desc":"All other specialty trade contractors","hybrid":"No","transit_score":0.289,"lead_score":0.144,"tier":3,"dauid":"48112107","ward":"","bia":"","nearest_stop_dist":469.4,"transit_buffer_score":0.5},"geometry":{"type":"Point","coordinates":[-113.412307,53.516563]}},{"type":"Feature","properties":{"name":"ON POINT PLUMBING AND GAS LTD","size":"5-9","address":"4362 82 AVENUE NW","sector":"Construction","naics_desc":"Plumbing, heating and air-conditioning contractors","hybrid":"No","transit_score":0.289,"lead_score":0.144,"tier":3,"dauid":"48112107","ward":"Métis","bia":"","nearest_stop_dist":622,"transit_buffer_score":0.1},"geometry":{"type":"Point","coordinates":[-113.409938,53.518085]}},{"type":"Feature","properties":{"name":"ARROW GAMES INC","size":"5-9","address":"8131 46 STREET NW","sector":"Manufacturing","naics_desc":"Doll, toy and game manufacturing","hybrid":"No","transit_score":0.289,"lead_score":0.144,"tier":3,"dauid":"48112107","ward":"","bia":"","nearest_stop_dist":482.3,"transit_buffer_score":0.5},"geometry":{"type":"Point","coordinates":[-113.411186,53.51681]}},{"type":"Feature","properties":{"name":"HOUSE TO HIGHRISE PROPERTY SERVICES INC","size":"5-9","address":"8117 43 STREET NW","sector":"Construction","naics_desc":"Other foundation, structure and building exterior contractors","hybrid":"No","transit_score":0.289,"lead_score":0.144,"tier":3,"dauid":"48112107","ward":"Métis","bia":"","nearest_stop_dist":516.6,"transit_buffer_score":0.5},"geometry":{"type":"Point","coordinates":[-113.407093,53.516851]}},{"type":"Feature","properties":{"name":"D & D CONTRACTING INC.","size":"5-9","address":"4368 82 AVENUE NW","sector":"Manufacturing","naics_desc":"Sign manufacturing","hybrid":"No","transit_score":0.289,"lead_score":0.144,"tier":3,"dauid":"48112107","ward":"","bia":"","nearest_stop_dist":624.6,"transit_buffer_score":0.1},"geometry":{"type":"Point","coordinates":[-113.410285,53.518115]}},{"type":"Feature","properties":{"name":"GENERAL METAL LTD","size":"5-9","address":"4120 84 AVENUE NW","sector":"Wholesale trade","naics_desc":"Recyclable metal merchant wholesalers","hybrid":"No","transit_score":0.289,"lead_score":0.144,"tier":3,"dauid":"48112107","ward":"","bia":"","nearest_stop_dist":921.4,"transit_buffer_score":0},"geometry":{"type":"Point","coordinates":[-113.400164,53.522025]}},{"type":"Feature","properties":{"name":"PETRO-PASS TRUCK STOP","size":"5-9","address":"8025 50 STREET NW","sector":"Retail trade","naics_desc":"Gasoline stations with convenience stores","hybrid":"No","transit_score":0.289,"lead_score":0.144,"tier":3,"dauid":"48112107","ward":"","bia":"","nearest_stop_dist":430.4,"transit_buffer_score":0.5},"geometry":{"type":"Point","coordinates":[-113.417108,53.516895]}},{"type":"Feature","properties":{"name":"THE DRIVELINE GUY","size":"5-9","address":"6926 34 STREET NW","sector":"Other services (except public administration)","naics_desc":"All other automotive repair and maintenance","hybrid":"No","transit_score":0.289,"lead_score":0.144,"tier":3,"dauid":"48112107","ward":"Sspomitapi","bia":"","nearest_stop_dist":690.4,"transit_buffer_score":0.1},"geometry":{"type":"Point","coordinates":[-113.395323,53.505901]}},{"type":"Feature","properties":{"name":"B & G TRUCK SERVICE CENTRE","size":"5-9","address":"3723 73 AVENUE NW","sector":"Other services (except public administration)","naics_desc":"General automotive repair","hybrid":"No","transit_score":0.289,"lead_score":0.144,"tier":3,"dauid":"48112107","ward":"Métis","bia":"","nearest_stop_dist":458.8,"transit_buffer_score":0.5},"geometry":{"type":"Point","coordinates":[-113.399419,53.508009]}},{"type":"Feature","properties":{"name":"MAXX AUTO CENTER LTD.","size":"5-9","address":"4624 82 AVENUE NW","sector":"Other services (except public administration)","naics_desc":"General automotive repair","hybrid":"No","transit_score":0.289,"lead_score":0.144,"tier":3,"dauid":"48112107","ward":"Métis","bia":"","nearest_stop_dist":534.3,"transit_buffer_score":0.5},"geometry":{"type":"Point","coordinates":[-113.4125,53.51879]}},{"type":"Feature","properties":{"name":"CANADA'S BEST DUCT LTD.","size":"5-9","address":"4362 82 AVENUE NW","sector":"Administrative and support, waste management and remediation services","naics_desc":"Duct and chimney cleaning services","hybrid":"No","transit_score":0.289,"lead_score":0.144,"tier":3,"dauid":"48112107","ward":"Métis","bia":"","nearest_stop_dist":646.3,"transit_buffer_score":0.1},"geometry":{"type":"Point","coordinates":[-113.409553,53.518289]}},{"type":"Feature","properties":{"name":"LYNX EMISSIONS","size":"5-9","address":"8136 46 STREET NW","sector":"Other services (except public administration)","naics_desc":"All other automotive repair and maintenance","hybrid":"No","transit_score":0.289,"lead_score":0.144,"tier":3,"dauid":"48112107","ward":"","bia":"","nearest_stop_dist":461.5,"transit_buffer_score":0.5},"geometry":{"type":"Point","coordinates":[-113.412264,53.516496]}},{"type":"Feature","properties":{"name":"DIVINE FLOORING LTD.","size":"5-9","address":"8156 46 STREET NW","sector":"Wholesale trade","naics_desc":"Floor covering merchant wholesalers","hybrid":"No","transit_score":0.289,"lead_score":0.144,"tier":3,"dauid":"48112107","ward":"","bia":"","nearest_stop_dist":497.2,"transit_buffer_score":0.5},"geometry":{"type":"Point","coordinates":[-113.412314,53.516821]}},{"type":"Feature","properties":{"name":"ZACK'S CRANE & RIGGING LTD","size":"5-9","address":"4350 82 AVENUE NW","sector":"Real estate and rental and leasing","naics_desc":"Construction, transportation, mining, and forestry machinery and equipment rental and leasing","hybrid":"No","transit_score":0.289,"lead_score":0.144,"tier":3,"dauid":"48112107","ward":"Métis","bia":"","nearest_stop_dist":621.8,"transit_buffer_score":0.1},"geometry":{"type":"Point","coordinates":[-113.409164,53.518042]}},{"type":"Feature","properties":{"name":"GEMS GRANITE LTD.","size":"5-9","address":"8404 45 STREET NW","sector":"Manufacturing","naics_desc":"All other non-metallic mineral product manufacturing","hybrid":"No","transit_score":0.289,"lead_score":0.144,"tier":3,"dauid":"48112107","ward":"","bia":"","nearest_stop_dist":531.7,"transit_buffer_score":0.5},"geometry":{"type":"Point","coordinates":[-113.4112,53.51994]}},{"type":"Feature","properties":{"name":"HARBOUR ENVIRONMENTAL GROUP","size":"5-9","address":"4011 84 AVENUE NW","sector":"Administrative and support, waste management and remediation services","naics_desc":"Remediation services","hybrid":"No","transit_score":0.289,"lead_score":0.144,"tier":3,"dauid":"48112107","ward":"","bia":"","nearest_stop_dist":649.7,"transit_buffer_score":0.1},"geometry":{"type":"Point","coordinates":[-113.4007,53.51825]}},{"type":"Feature","properties":{"name":"CUSTOM SHELTERS INC","size":"5-9","address":"8121 43 STREET NW","sector":"Wholesale trade","naics_desc":"All other merchant wholesalers","hybrid":"No","transit_score":0.289,"lead_score":0.144,"tier":3,"dauid":"48112107","ward":"","bia":"","nearest_stop_dist":508.3,"transit_buffer_score":0.5},"geometry":{"type":"Point","coordinates":[-113.407503,53.516782]}},{"type":"Feature","properties":{"name":"ARKTO CAMPERS LTD.","size":"5-9","address":"4328 81 AVENUE NW","sector":"Manufacturing","naics_desc":"Motor home, travel trailer and camper manufacturing","hybrid":"No","transit_score":0.289,"lead_score":0.144,"tier":3,"dauid":"48112107","ward":"Métis","bia":"","nearest_stop_dist":488,"transit_buffer_score":0.5},"geometry":{"type":"Point","coordinates":[-113.4085,53.51674]}},{"type":"Feature","properties":{"name":"FIX IT AUTO","size":"5-9","address":"8424 45 STREET NW","sector":"Other services (except public administration)","naics_desc":"Automotive body, paint and interior repair and maintenance","hybrid":"No","transit_score":0.289,"lead_score":0.144,"tier":3,"dauid":"48112107","ward":"Métis","bia":"","nearest_stop_dist":529.2,"transit_buffer_score":0.5},"geometry":{"type":"Point","coordinates":[-113.4111,53.520118]}},{"type":"Feature","properties":{"name":"PETRO-PASS TRUCK STOP","size":"5-9","address":"8025 50 STREET NW","sector":"Retail trade","naics_desc":"Gasoline stations with convenience stores","hybrid":"No","transit_score":0.289,"lead_score":0.144,"tier":3,"dauid":"48112107","ward":"Métis","bia":"","nearest_stop_dist":430.4,"transit_buffer_score":0.5},"geometry":{"type":"Point","coordinates":[-113.417108,53.516895]}},{"type":"Feature","properties":{"name":"TORGUNRUD CONSTRUCTION","size":"5-9","address":"8216 43 STREET NW","sector":"Construction","naics_desc":"Residential building construction","hybrid":"No","transit_score":0.289,"lead_score":0.144,"tier":3,"dauid":"48112107","ward":"Métis","bia":"","nearest_stop_dist":659.4,"transit_buffer_score":0.1},"geometry":{"type":"Point","coordinates":[-113.4085,53.51832]}},{"type":"Feature","properties":{"name":"LYNX EMISSIONS - EDMONTON","size":"5-9","address":"8136 46 STREET NW","sector":"Other services (except public administration)","naics_desc":"All other automotive repair and maintenance","hybrid":"No","transit_score":0.289,"lead_score":0.144,"tier":3,"dauid":"48112107","ward":"Métis","bia":"","nearest_stop_dist":461.5,"transit_buffer_score":0.5},"geometry":{"type":"Point","coordinates":[-113.412264,53.516496]}},{"type":"Feature","properties":{"name":"CAPITAL SAFETY GROUP CANADA ULC","size":"5-9","address":"4323 82 AVENUE NW","sector":"Wholesale trade","naics_desc":"Professional machinery, equipment and supplies merchant wholesalers","hybrid":"No","transit_score":0.289,"lead_score":0.144,"tier":3,"dauid":"48112107","ward":"","bia":"","nearest_stop_dist":564.7,"transit_buffer_score":0.5},"geometry":{"type":"Point","coordinates":[-113.4085,53.51745]}},{"type":"Feature","properties":{"name":"ALL INSPECTION CENTRE","size":"5-9","address":"8436 45 STREET NW","sector":"Other services (except public administration)","naics_desc":"General automotive repair","hybrid":"No","transit_score":0.289,"lead_score":0.144,"tier":3,"dauid":"48112107","ward":"Métis","bia":"","nearest_stop_dist":531,"transit_buffer_score":0.5},"geometry":{"type":"Point","coordinates":[-113.411217,53.519934]}},{"type":"Feature","properties":{"name":"EXPERT AUTO COLLISION INC.","size":"5-9","address":"8420 45 STREET NW","sector":"Other services (except public administration)","naics_desc":"General automotive repair","hybrid":"No","transit_score":0.289,"lead_score":0.144,"tier":3,"dauid":"48112107","ward":"","bia":"","nearest_stop_dist":544.9,"transit_buffer_score":0.5},"geometry":{"type":"Point","coordinates":[-113.410932,53.519997]}},{"type":"Feature","properties":{"name":"B & G TRUCK SERVICE CENTRE","size":"5-9","address":"3723 73 AVENUE NW","sector":"Other services (except public administration)","naics_desc":"General automotive repair","hybrid":"No","transit_score":0.289,"lead_score":0.144,"tier":3,"dauid":"48112107","ward":"","bia":"","nearest_stop_dist":458.8,"transit_buffer_score":0.5},"geometry":{"type":"Point","coordinates":[-113.399419,53.508009]}},{"type":"Feature","properties":{"name":"TRADEMARK AUTO HOUSE","size":"5-9","address":"4632 82 AVENUE NW","sector":"Other services (except public administration)","naics_desc":"Automotive body, paint and interior repair and maintenance","hybrid":"No","transit_score":0.289,"lead_score":0.144,"tier":3,"dauid":"48112107","ward":"Métis","bia":"","nearest_stop_dist":536.9,"transit_buffer_score":0.5},"geometry":{"type":"Point","coordinates":[-113.412463,53.51878]}},{"type":"Feature","properties":{"name":"CANAM PLASTICS 2000 INC","size":"5-9","address":"4504 81 AVENUE NW","sector":"Manufacturing","naics_desc":"Plastic bottle manufacturing","hybrid":"No","transit_score":0.289,"lead_score":0.144,"tier":3,"dauid":"48112107","ward":"","bia":"","nearest_stop_dist":409.4,"transit_buffer_score":0.5},"geometry":{"type":"Point","coordinates":[-113.410658,53.516176]}},{"type":"Feature","properties":{"name":"CAP FILTRATION LTD","size":"5-9","address":"4512 81 AVENUE NW","sector":"Manufacturing","naics_desc":"Industrial and commercial fan and blower and air purification equipment manufacturing","hybrid":"No","transit_score":0.289,"lead_score":0.144,"tier":3,"dauid":"48112107","ward":"Métis","bia":"","nearest_stop_dist":412.6,"transit_buffer_score":0.5},"geometry":{"type":"Point","coordinates":[-113.411005,53.516191]}},{"type":"Feature","properties":{"name":"INLAND VALVE CORPORATION LTD","size":"5-9","address":"4319 82 AVENUE NW","sector":"Wholesale trade","naics_desc":"Industrial machinery, equipment and supplies merchant wholesalers","hybrid":"No","transit_score":0.289,"lead_score":0.144,"tier":3,"dauid":"48112107","ward":"","bia":"","nearest_stop_dist":579.8,"transit_buffer_score":0.5},"geometry":{"type":"Point","coordinates":[-113.408699,53.517614]}},{"type":"Feature","properties":{"name":"SPEEDO TRUCK CENTRE","size":"5-9","address":"3723 73 AVENUE NW","sector":"Other services (except public administration)","naics_desc":"Specialized automotive repair","hybrid":"No","transit_score":0.289,"lead_score":0.144,"tier":3,"dauid":"48112107","ward":"","bia":"","nearest_stop_dist":476.7,"transit_buffer_score":0.5},"geometry":{"type":"Point","coordinates":[-113.399223,53.508155]}},{"type":"Feature","properties":{"name":"HARBOUR ENVIRONMENTAL GROUP","size":"5-9","address":"4011 84 AVENUE NW","sector":"Administrative and support, waste management and remediation services","naics_desc":"Remediation services","hybrid":"No","transit_score":0.289,"lead_score":0.144,"tier":3,"dauid":"48112107","ward":"Métis","bia":"","nearest_stop_dist":649.7,"transit_buffer_score":0.1},"geometry":{"type":"Point","coordinates":[-113.4007,53.51825]}},{"type":"Feature","properties":{"name":"HI TECH HEAT TREATING LTD","size":"5-9","address":"4515 82 AVENUE NW","sector":"Manufacturing","naics_desc":"Coating, engraving, cold and heat treating and allied activities","hybrid":"No","transit_score":0.289,"lead_score":0.144,"tier":3,"dauid":"48112107","ward":"Métis","bia":"","nearest_stop_dist":559,"transit_buffer_score":0.5},"geometry":{"type":"Point","coordinates":[-113.410608,53.517524]}},{"type":"Feature","properties":{"name":"MAXX AUTO CENTER LTD.","size":"5-9","address":"4624 82 AVENUE NW","sector":"Other services (except public administration)","naics_desc":"General automotive repair","hybrid":"No","transit_score":0.289,"lead_score":0.144,"tier":3,"dauid":"48112107","ward":"","bia":"","nearest_stop_dist":534.3,"transit_buffer_score":0.5},"geometry":{"type":"Point","coordinates":[-113.4125,53.51879]}},{"type":"Feature","properties":{"name":"NOVA WEST STEEL","size":"5-9","address":"4336 81 AVENUE NW","sector":"Construction","naics_desc":"All other specialty trade contractors","hybrid":"No","transit_score":0.289,"lead_score":0.144,"tier":3,"dauid":"48112107","ward":"","bia":"","nearest_stop_dist":442.1,"transit_buffer_score":0.5},"geometry":{"type":"Point","coordinates":[-113.409328,53.516423]}},{"type":"Feature","properties":{"name":"EXPERT AUTO COLLISION INC.","size":"5-9","address":"8420 45 STREET NW","sector":"Other services (except public administration)","naics_desc":"General automotive repair","hybrid":"No","transit_score":0.289,"lead_score":0.144,"tier":3,"dauid":"48112107","ward":"Métis","bia":"","nearest_stop_dist":544.9,"transit_buffer_score":0.5},"geometry":{"type":"Point","coordinates":[-113.410932,53.519997]}},{"type":"Feature","properties":{"name":"CANAM PLASTICS 2000 INC","size":"5-9","address":"4504 81 AVENUE NW","sector":"Manufacturing","naics_desc":"Plastic bottle manufacturing","hybrid":"No","transit_score":0.289,"lead_score":0.144,"tier":3,"dauid":"48112107","ward":"Métis","bia":"","nearest_stop_dist":407.9,"transit_buffer_score":0.5},"geometry":{"type":"Point","coordinates":[-113.410759,53.51616]}},{"type":"Feature","properties":{"name":"CORONET EQUIPMENT LTD.","size":"5-9","address":"8108 46 STREET NW","sector":"Wholesale trade","naics_desc":"Household appliance merchant wholesalers","hybrid":"No","transit_score":0.289,"lead_score":0.144,"tier":3,"dauid":"48112107","ward":"","bia":"","nearest_stop_dist":588.9,"transit_buffer_score":0.5},"geometry":{"type":"Point","coordinates":[-113.412614,53.517627]}},{"type":"Feature","properties":{"name":"INTERMOUNTAIN MECHANICAL LTD.","size":"5-9","address":"4640 82 AVENUE NW","sector":"Manufacturing","naics_desc":"Industrial and commercial fan and blower and air purification equipment manufacturing","hybrid":"No","transit_score":0.289,"lead_score":0.144,"tier":3,"dauid":"48112107","ward":"Métis","bia":"","nearest_stop_dist":538.2,"transit_buffer_score":0.5},"geometry":{"type":"Point","coordinates":[-113.412259,53.518897]}},{"type":"Feature","properties":{"name":"GEMS GRANITE LTD.","size":"5-9","address":"8404 45 STREET NW","sector":"Manufacturing","naics_desc":"All other non-metallic mineral product manufacturing","hybrid":"No","transit_score":0.289,"lead_score":0.144,"tier":3,"dauid":"48112107","ward":"Métis","bia":"","nearest_stop_dist":531.7,"transit_buffer_score":0.5},"geometry":{"type":"Point","coordinates":[-113.4112,53.51994]}},{"type":"Feature","properties":{"name":"HIGH VOLTAGE WELDING & MFG LTD","size":"5-9","address":"4628 82 AVENUE NW","sector":"Manufacturing","naics_desc":"All other miscellaneous fabricated metal product manufacturing","hybrid":"No","transit_score":0.289,"lead_score":0.144,"tier":3,"dauid":"48112107","ward":"Métis","bia":"","nearest_stop_dist":550.4,"transit_buffer_score":0.5},"geometry":{"type":"Point","coordinates":[-113.412247,53.51874]}},{"type":"Feature","properties":{"name":"NOVA WEST STEEL","size":"5-9","address":"4336 81 AVENUE NW","sector":"Construction","naics_desc":"All other specialty trade contractors","hybrid":"No","transit_score":0.289,"lead_score":0.144,"tier":3,"dauid":"48112107","ward":"Métis","bia":"","nearest_stop_dist":442.1,"transit_buffer_score":0.5},"geometry":{"type":"Point","coordinates":[-113.409328,53.516423]}},{"type":"Feature","properties":{"name":"DIVINE FLOORING LTD.","size":"5-9","address":"8156 46 STREET NW","sector":"Wholesale trade","naics_desc":"Floor covering merchant wholesalers","hybrid":"No","transit_score":0.289,"lead_score":0.144,"tier":3,"dauid":"48112107","ward":"Métis","bia":"","nearest_stop_dist":512.7,"transit_buffer_score":0.5},"geometry":{"type":"Point","coordinates":[-113.412364,53.516957]}},{"type":"Feature","properties":{"name":"DIESEL PRO INC","size":"5-9","address":"3703 73 AVENUE NW","sector":"Other services (except public administration)","naics_desc":"General automotive repair","hybrid":"No","transit_score":0.289,"lead_score":0.144,"tier":3,"dauid":"48112107","ward":"","bia":"","nearest_stop_dist":458.7,"transit_buffer_score":0.5},"geometry":{"type":"Point","coordinates":[-113.399142,53.507582]}},{"type":"Feature","properties":{"name":"GENERAL METALS GROUP","size":"5-9","address":"4120 84 AVENUE NW","sector":"Wholesale trade","naics_desc":"Other recyclable material merchant wholesalers","hybrid":"No","transit_score":0.289,"lead_score":0.144,"tier":3,"dauid":"48112107","ward":"Métis","bia":"","nearest_stop_dist":879.4,"transit_buffer_score":0},"geometry":{"type":"Point","coordinates":[-113.403582,53.520314]}},{"type":"Feature","properties":{"name":"INTUITIVE WOODWORKS","size":"5-9","address":"8121 43 STREET NW","sector":"Manufacturing","naics_desc":"Wood office furniture, including custom architectural woodwork, manufacturing","hybrid":"No","transit_score":0.289,"lead_score":0.144,"tier":3,"dauid":"48112107","ward":"Métis","bia":"","nearest_stop_dist":505.2,"transit_buffer_score":0.5},"geometry":{"type":"Point","coordinates":[-113.406441,53.516821]}},{"type":"Feature","properties":{"name":"DIESEL PRO INC","size":"5-9","address":"3703 73 AVENUE NW","sector":"Other services (except public administration)","naics_desc":"General automotive repair","hybrid":"No","transit_score":0.289,"lead_score":0.144,"tier":3,"dauid":"48112107","ward":"Métis","bia":"","nearest_stop_dist":458.7,"transit_buffer_score":0.5},"geometry":{"type":"Point","coordinates":[-113.399142,53.507582]}},{"type":"Feature","properties":{"name":"INTEGRA GROUP LTD.","size":"5-9","address":"8125 43 STREET NW","sector":"Construction","naics_desc":"Residential building construction","hybrid":"No","transit_score":0.289,"lead_score":0.144,"tier":3,"dauid":"48112107","ward":"Métis","bia":"","nearest_stop_dist":507.2,"transit_buffer_score":0.5},"geometry":{"type":"Point","coordinates":[-113.406905,53.516789]}},{"type":"Feature","properties":{"name":"GENERAL RECYCLING INDUSTRIES LTD","size":"5-9","address":"4120 84 AVENUE NW","sector":"Wholesale trade","naics_desc":"Recyclable metal merchant wholesalers","hybrid":"No","transit_score":0.289,"lead_score":0.144,"tier":3,"dauid":"48112107","ward":"","bia":"","nearest_stop_dist":892.4,"transit_buffer_score":0},"geometry":{"type":"Point","coordinates":[-113.4004,53.52228]}},{"type":"Feature","properties":{"name":"TEC STEEL INC.","size":"5-9","address":"4611 MORRIS ROAD NW","sector":"Manufacturing","naics_desc":"Other ornamental and architectural metal product manufacturing","hybrid":"No","transit_score":0.289,"lead_score":0.144,"tier":3,"dauid":"48112107","ward":"Métis","bia":"","nearest_stop_dist":465.4,"transit_buffer_score":0.5},"geometry":{"type":"Point","coordinates":[-113.4126,53.5197]}},{"type":"Feature","properties":{"name":"TG CONSTRUCTION","size":"5-9","address":"4628 82 AVENUE NW","sector":"Construction","naics_desc":"Poured concrete foundation and structure contractors","hybrid":"No","transit_score":0.289,"lead_score":0.144,"tier":3,"dauid":"48112107","ward":"","bia":"","nearest_stop_dist":501.5,"transit_buffer_score":0.5},"geometry":{"type":"Point","coordinates":[-113.412332,53.519366]}},{"type":"Feature","properties":{"name":"ALL AROUND HOUND INC.","size":"5-9","address":"4503 MORRIS ROAD NW","sector":"Other services (except public administration)","naics_desc":"Pet care (except veterinary) services","hybrid":"No","transit_score":0.289,"lead_score":0.144,"tier":3,"dauid":"48112107","ward":"","bia":"","nearest_stop_dist":547,"transit_buffer_score":0.5},"geometry":{"type":"Point","coordinates":[-113.411039,53.519825]}},{"type":"Feature","properties":{"name":"FIXIT AUTO","size":"5-9","address":"82424 45 STREET NW","sector":"Other services (except public administration)","naics_desc":"General automotive repair","hybrid":"No","transit_score":0.289,"lead_score":0.144,"tier":3,"dauid":"48112107","ward":"","bia":"","nearest_stop_dist":527.3,"transit_buffer_score":0.5},"geometry":{"type":"Point","coordinates":[-113.411178,53.520057]}},{"type":"Feature","properties":{"name":"CHAHAL TRUCK AND TRAILER REPAIR","size":"5-9","address":"3721 73 AVENUE NW","sector":"Other services (except public administration)","naics_desc":"Specialized automotive repair","hybrid":"No","transit_score":0.289,"lead_score":0.144,"tier":3,"dauid":"48112107","ward":"","bia":"","nearest_stop_dist":469,"transit_buffer_score":0.5},"geometry":{"type":"Point","coordinates":[-113.399185,53.507919]}},{"type":"Feature","properties":{"name":"OAB RELIABLE CARPET CARE, INC.","size":"5-9","address":"4312 82 AVENUE NW","sector":"Administrative and support, waste management and remediation services","naics_desc":"Carpet and upholstery cleaning services","hybrid":"No","transit_score":0.289,"lead_score":0.144,"tier":3,"dauid":"48112107","ward":"Métis","bia":"","nearest_stop_dist":647.6,"transit_buffer_score":0.1},"geometry":{"type":"Point","coordinates":[-113.408633,53.518227]}},{"type":"Feature","properties":{"name":"3M FALL PROTECTION","size":"5-9","address":"4323 82 AVENUE NW","sector":"Wholesale trade","naics_desc":"Professional machinery, equipment and supplies merchant wholesalers","hybrid":"No","transit_score":0.289,"lead_score":0.144,"tier":3,"dauid":"48112107","ward":"Métis","bia":"","nearest_stop_dist":572.5,"transit_buffer_score":0.5},"geometry":{"type":"Point","coordinates":[-113.408897,53.517569]}},{"type":"Feature","properties":{"name":"SINGH TURBO AUTO","size":"5-9","address":"8432 45 STREET NW","sector":"Other services (except public administration)","naics_desc":"General automotive repair","hybrid":"No","transit_score":0.289,"lead_score":0.144,"tier":3,"dauid":"48112107","ward":"","bia":"","nearest_stop_dist":507.2,"transit_buffer_score":0.5},"geometry":{"type":"Point","coordinates":[-113.411358,53.520259]}},{"type":"Feature","properties":{"name":"SPEEDO TRUCK CENTRE","size":"5-9","address":"3723 73 AVENUE NW","sector":"Other services (except public administration)","naics_desc":"Specialized automotive repair","hybrid":"No","transit_score":0.289,"lead_score":0.144,"tier":3,"dauid":"48112107","ward":"Métis","bia":"","nearest_stop_dist":476.7,"transit_buffer_score":0.5},"geometry":{"type":"Point","coordinates":[-113.399223,53.508155]}},{"type":"Feature","properties":{"name":"ATTLEA INC","size":"5-9","address":"4524 81 AVENUE NW","sector":"Manufacturing","naics_desc":"Wood kitchen cabinet and counter top manufacturing","hybrid":"No","transit_score":0.289,"lead_score":0.144,"tier":3,"dauid":"48112107","ward":"","bia":"","nearest_stop_dist":404.8,"transit_buffer_score":0.5},"geometry":{"type":"Point","coordinates":[-113.411354,53.516093]}},{"type":"Feature","properties":{"name":"CAPITAL SAFETY GROUP CANADA ULC","size":"5-9","address":"4323 82 AVENUE NW","sector":"Wholesale trade","naics_desc":"Professional machinery, equipment and supplies merchant wholesalers","hybrid":"No","transit_score":0.289,"lead_score":0.144,"tier":3,"dauid":"48112107","ward":"Métis","bia":"","nearest_stop_dist":564.7,"transit_buffer_score":0.5},"geometry":{"type":"Point","coordinates":[-113.4085,53.51745]}},{"type":"Feature","properties":{"name":"THE DRIVELINE GUY","size":"5-9","address":"6926 34 STREET NW","sector":"Other services (except public administration)","naics_desc":"All other automotive repair and maintenance","hybrid":"No","transit_score":0.289,"lead_score":0.144,"tier":3,"dauid":"48112107","ward":"","bia":"","nearest_stop_dist":690.4,"transit_buffer_score":0.1},"geometry":{"type":"Point","coordinates":[-113.395323,53.505901]}},{"type":"Feature","properties":{"name":"PLASMA-TEC INDUSTRIES LTD","size":"5-9","address":"7336 36 STREET NW","sector":"Manufacturing","naics_desc":"Other metalworking machinery manufacturing","hybrid":"No","transit_score":0.289,"lead_score":0.144,"tier":3,"dauid":"48112107","ward":"","bia":"","nearest_stop_dist":415,"transit_buffer_score":0.5},"geometry":{"type":"Point","coordinates":[-113.397335,53.508982]}},{"type":"Feature","properties":{"name":"CORONET EQUIPMENT LTD.","size":"5-9","address":"8108 46 STREET NW","sector":"Wholesale trade","naics_desc":"Household appliance merchant wholesalers","hybrid":"No","transit_score":0.289,"lead_score":0.144,"tier":3,"dauid":"48112107","ward":"Métis","bia":"","nearest_stop_dist":402.3,"transit_buffer_score":0.5},"geometry":{"type":"Point","coordinates":[-113.412248,53.515944]}},{"type":"Feature","properties":{"name":"TG CONSTRUCTION","size":"5-9","address":"4628 82 AVENUE NW","sector":"Construction","naics_desc":"Poured concrete foundation and structure contractors","hybrid":"No","transit_score":0.289,"lead_score":0.144,"tier":3,"dauid":"48112107","ward":"Métis","bia":"","nearest_stop_dist":501.5,"transit_buffer_score":0.5},"geometry":{"type":"Point","coordinates":[-113.412333,53.519366]}},{"type":"Feature","properties":{"name":"MV MACHINES LTD","size":"5-9","address":"4303 82 AVENUE NW","sector":"Manufacturing","naics_desc":"Machine shops","hybrid":"No","transit_score":0.289,"lead_score":0.144,"tier":3,"dauid":"48112107","ward":"Métis","bia":"","nearest_stop_dist":564.7,"transit_buffer_score":0.5},"geometry":{"type":"Point","coordinates":[-113.4085,53.51745]}},{"type":"Feature","properties":{"name":"ACCESSORY WAREHOUSE","size":"5-9","address":"4419 82 AVENUE NW","sector":"Wholesale trade","naics_desc":"Other new motor vehicle parts and accessories merchant wholesalers","hybrid":"No","transit_score":0.289,"lead_score":0.144,"tier":3,"dauid":"48112107","ward":"Métis","bia":"","nearest_stop_dist":557,"transit_buffer_score":0.5},"geometry":{"type":"Point","coordinates":[-113.410241,53.517506]}},{"type":"Feature","properties":{"name":"CHAHAL TRUCK AND TRAILER REPAIR","size":"5-9","address":"3721 73 AVENUE NW","sector":"Other services (except public administration)","naics_desc":"Specialized automotive repair","hybrid":"No","transit_score":0.289,"lead_score":0.144,"tier":3,"dauid":"48112107","ward":"Métis","bia":"","nearest_stop_dist":469,"transit_buffer_score":0.5},"geometry":{"type":"Point","coordinates":[-113.399185,53.507919]}},{"type":"Feature","properties":{"name":"GREAT CANADIAN VAPE INC.","size":"5-9","address":"3745 73 AVENUE NW","sector":"Retail trade","naics_desc":"All other miscellaneous retailers (except beer and wine-making supplies retailers)","hybrid":"No","transit_score":0.289,"lead_score":0.144,"tier":3,"dauid":"48112107","ward":"Métis","bia":"","nearest_stop_dist":408.8,"transit_buffer_score":0.5},"geometry":{"type":"Point","coordinates":[-113.400259,53.508009]}},{"type":"Feature","properties":{"name":"T C INDUSTRIAL TIRE LTD","size":"5-9","address":"4415 82 AVENUE NW","sector":"Retail trade","naics_desc":"Tire dealers","hybrid":"No","transit_score":0.289,"lead_score":0.144,"tier":3,"dauid":"48112107","ward":"Métis","bia":"","nearest_stop_dist":553.1,"transit_buffer_score":0.5},"geometry":{"type":"Point","coordinates":[-113.4098,53.51746]}},{"type":"Feature","properties":{"name":"ON POINT PLUMBING AND GAS LTD","size":"5-9","address":"4362 82 AVENUE NW","sector":"Construction","naics_desc":"Plumbing, heating and air-conditioning contractors","hybrid":"No","transit_score":0.289,"lead_score":0.144,"tier":3,"dauid":"48112107","ward":"","bia":"","nearest_stop_dist":622,"transit_buffer_score":0.1},"geometry":{"type":"Point","coordinates":[-113.409939,53.518085]}},{"type":"Feature","properties":{"name":"AMP AUTO BODY PANELS LTD.","size":"5-9","address":"12628 124 STREET NW","sector":"Retail trade","naics_desc":"Automotive parts and accessories retailers","hybrid":"No","transit_score":0.287,"lead_score":0.143,"tier":3,"dauid":"48110242","ward":"Anirniq","bia":"","nearest_stop_dist":409.6,"transit_buffer_score":0.5},"geometry":{"type":"Point","coordinates":[-113.536248,53.583134]}},{"type":"Feature","properties":{"name":"U SEE SIGNS / SUN SIGNS","size":"5-9","address":"12607 125 STREET NW","sector":"Manufacturing","naics_desc":"Sign manufacturing","hybrid":"No","transit_score":0.287,"lead_score":0.143,"tier":3,"dauid":"48110242","ward":"Anirniq","bia":"","nearest_stop_dist":401.6,"transit_buffer_score":0.5},"geometry":{"type":"Point","coordinates":[-113.537243,53.582653]}},{"type":"Feature","properties":{"name":"ARLON CAR CARE","size":"5-9","address":"12606 124 STREET NW","sector":"Other services (except public administration)","naics_desc":"General automotive repair","hybrid":"No","transit_score":0.287,"lead_score":0.143,"tier":3,"dauid":"48110242","ward":"Anirniq","bia":"","nearest_stop_dist":447.1,"transit_buffer_score":0.5},"geometry":{"type":"Point","coordinates":[-113.536175,53.582677]}},{"type":"Feature","properties":{"name":"RJ AUTO REPAIR","size":"5-9","address":"12604 124 STREET NW","sector":"Other services (except public administration)","naics_desc":"General automotive repair","hybrid":"No","transit_score":0.287,"lead_score":0.143,"tier":3,"dauid":"48110242","ward":"Anirniq","bia":"","nearest_stop_dist":447.7,"transit_buffer_score":0.5},"geometry":{"type":"Point","coordinates":[-113.536381,53.582549]}},{"type":"Feature","properties":{"name":"MILENA SANTORO PRODUCTIONS","size":"5-9","address":"12618 124 STREET NW","sector":"Other services (except public administration)","naics_desc":"All other personal services","hybrid":"No","transit_score":0.287,"lead_score":0.143,"tier":3,"dauid":"48110242","ward":"Anirniq","bia":"","nearest_stop_dist":422.6,"transit_buffer_score":0.5},"geometry":{"type":"Point","coordinates":[-113.536229,53.582967]}},{"type":"Feature","properties":{"name":"MUTT TIRES","size":"5-9","address":"12607 124 STREET NW","sector":"Retail trade","naics_desc":"Tire dealers","hybrid":"No","transit_score":0.287,"lead_score":0.143,"tier":3,"dauid":"48110242","ward":"Anirniq","bia":"","nearest_stop_dist":490.5,"transit_buffer_score":0.5},"geometry":{"type":"Point","coordinates":[-113.535477,53.58255]}},{"type":"Feature","properties":{"name":"AQUICK CONVENIENCE","size":"5-9","address":"9726 OTTEWELL ROAD NW","sector":"Retail trade","naics_desc":"Convenience retailers","hybrid":"No","transit_score":0.284,"lead_score":0.142,"tier":3,"dauid":"48112112","ward":"Métis","bia":"","nearest_stop_dist":446.5,"transit_buffer_score":0.5},"geometry":{"type":"Point","coordinates":[-113.438214,53.53717]}},{"type":"Feature","properties":{"name":"PIZZA 73","size":"5-9","address":"9722 OTTEWELL ROAD NW","sector":"Accommodation and food services","naics_desc":"Limited-service eating places","hybrid":"No","transit_score":0.284,"lead_score":0.142,"tier":3,"dauid":"48112112","ward":"Métis","bia":"","nearest_stop_dist":461.3,"transit_buffer_score":0.5},"geometry":{"type":"Point","coordinates":[-113.438232,53.537034]}},{"type":"Feature","properties":{"name":"TNN MAINTENANCE & CLEANING LTD","size":"10-19","address":"10725 231 STREET NW","sector":"Administrative and support, waste management and remediation services","naics_desc":"Janitorial services (except window cleaning)","hybrid":"Yes","transit_score":0.2,"lead_score":0.14,"tier":3,"dauid":"48112233","ward":"Nakota Isga","bia":"","nearest_stop_dist":459.7,"transit_buffer_score":0.5},"geometry":{"type":"Point","coordinates":[-113.7088,53.55332]}},{"type":"Feature","properties":{"name":"EAST WEST EXPRESS 2015 INC.","size":"10-19","address":"11743 231 STREET NW","sector":"Transportation and warehousing","naics_desc":"General freight trucking, long distance, truck-load (single shipper)","hybrid":"Yes","transit_score":0.2,"lead_score":0.14,"tier":3,"dauid":"48112727","ward":"Nakota Isga","bia":"","nearest_stop_dist":1244.8,"transit_buffer_score":0},"geometry":{"type":"Point","coordinates":[-113.707915,53.564498]}},{"type":"Feature","properties":{"name":"R & T GROUP","size":"10-19","address":"11115 224 STREET NW","sector":"Construction","naics_desc":"Electrical contractors and other wiring installation contractors","hybrid":"Yes","transit_score":0.2,"lead_score":0.14,"tier":3,"dauid":"48112727","ward":"Nakota Isga","bia":"","nearest_stop_dist":705.1,"transit_buffer_score":0.1},"geometry":{"type":"Point","coordinates":[-113.701463,53.558818]}},{"type":"Feature","properties":{"name":"REALSPHERE REAL ESTATE SERVICES INC.","size":"10-19","address":"1725 34 STREET SW","sector":"Professional, scientific and technical services","naics_desc":"Environmental consulting services","hybrid":"Yes","transit_score":0.2,"lead_score":0.14,"tier":3,"dauid":"48112576","ward":"Sspomitapi","bia":"","nearest_stop_dist":1265.7,"transit_buffer_score":0},"geometry":{"type":"Point","coordinates":[-113.3902,53.41711]}},{"type":"Feature","properties":{"name":"NIGHTHAWK ARTISAN INC","size":"10-19","address":"3204 121 AVENUE NW NE","sector":"Wholesale trade","naics_desc":"Electrical wiring and construction supplies merchant wholesalers","hybrid":"Yes","transit_score":0.2,"lead_score":0.14,"tier":3,"dauid":"48112783","ward":"Dene","bia":"","nearest_stop_dist":1184.9,"transit_buffer_score":0},"geometry":{"type":"Point","coordinates":[-113.2969,53.57726]}},{"type":"Feature","properties":{"name":"SUNCAST POLYTECH INC.","size":"10-19","address":"2450 130 AVENUE NW NE","sector":"Real estate and rental and leasing","naics_desc":"Other commercial and industrial machinery and equipment rental and leasing","hybrid":"Yes","transit_score":0.2,"lead_score":0.14,"tier":3,"dauid":"48112502","ward":"Dene","bia":"","nearest_stop_dist":2639,"transit_buffer_score":0},"geometry":{"type":"Point","coordinates":[-113.3139,53.58929]}},{"type":"Feature","properties":{"name":"CANADIAN ACCREDITATION COUNCIL","size":"10-19","address":"9080 25 AVENUE SW","sector":"Other services (except public administration)","naics_desc":"Professional organizations","hybrid":"Yes","transit_score":0.2,"lead_score":0.14,"tier":3,"dauid":"48112585","ward":"Karhiio","bia":"","nearest_stop_dist":509.7,"transit_buffer_score":0.5},"geometry":{"type":"Point","coordinates":[-113.482103,53.410821]}},{"type":"Feature","properties":{"name":"CHRISTCITY CHURCH","size":"10-19","address":"14788 156 STREET NW","sector":"Other services (except public administration)","naics_desc":"Religious organizations","hybrid":"Yes","transit_score":0.2,"lead_score":0.14,"tier":3,"dauid":"48111958","ward":"Anirniq","bia":"","nearest_stop_dist":518.3,"transit_buffer_score":0.5},"geometry":{"type":"Point","coordinates":[-113.595077,53.609827]}},{"type":"Feature","properties":{"name":"ALL REACH GLASS SERVICES INC.","size":"10-19","address":"18127 107 AVENUE NW","sector":"Manufacturing","naics_desc":"Glass product manufacturing from purchased glass","hybrid":"Yes","transit_score":0.2,"lead_score":0.14,"tier":3,"dauid":"48111161","ward":"Nakota Isga","bia":"","nearest_stop_dist":400.1,"transit_buffer_score":0.5},"geometry":{"type":"Point","coordinates":[-113.633485,53.552516]}},{"type":"Feature","properties":{"name":"TEAMSTERS LOCAL UNION 987","size":"5-9","address":"12527 129 STREET NW","sector":"Other services (except public administration)","naics_desc":"Labour organizations","hybrid":"No","transit_score":0.275,"lead_score":0.138,"tier":3,"dauid":"48111117","ward":"Anirniq","bia":"","nearest_stop_dist":410.2,"transit_buffer_score":0.5},"geometry":{"type":"Point","coordinates":[-113.544407,53.582344]}},{"type":"Feature","properties":{"name":"KINNIKINNICK FOODS INC","size":"5-9","address":"12586 129 STREET NW","sector":"Retail trade","naics_desc":"All other specialty food retailers","hybrid":"No","transit_score":0.275,"lead_score":0.138,"tier":3,"dauid":"48111117","ward":"Anirniq","bia":"","nearest_stop_dist":432.1,"transit_buffer_score":0.5},"geometry":{"type":"Point","coordinates":[-113.54646,53.583135]}},{"type":"Feature","properties":{"name":"PLATZ AUTO (SIGNATURE TIRE EDMONTON)","size":"5-9","address":"9715 OTTEWELL ROAD","sector":"Retail trade","naics_desc":"Tire dealers","hybrid":"No","transit_score":0.273,"lead_score":0.137,"tier":3,"dauid":"48112113","ward":"Métis","bia":"","nearest_stop_dist":442.7,"transit_buffer_score":0.5},"geometry":{"type":"Point","coordinates":[-113.437333,53.537156]}},{"type":"Feature","properties":{"name":"SIGNATURE TIRE EDMONTON OTTEWELL RD","size":"5-9","address":"9715 OTTEWELL ROAD NW","sector":"Other services (except public administration)","naics_desc":"General automotive repair","hybrid":"No","transit_score":0.273,"lead_score":0.137,"tier":3,"dauid":"48112113","ward":"","bia":"","nearest_stop_dist":444,"transit_buffer_score":0.5},"geometry":{"type":"Point","coordinates":[-113.43729,53.537141]}},{"type":"Feature","properties":{"name":"T2 TRUCK CENTRE","size":"5-9","address":"7425 77 AVENUE NW","sector":"Other services (except public administration)","naics_desc":"Specialized automotive repair","hybrid":"No","transit_score":0.271,"lead_score":0.136,"tier":3,"dauid":"48110789","ward":"Métis","bia":"","nearest_stop_dist":415.6,"transit_buffer_score":0.5},"geometry":{"type":"Point","coordinates":[-113.441603,53.512985]}},{"type":"Feature","properties":{"name":"CARSTAR EDMONTON SOUTH EAST","size":"5-9","address":"7420 76 AVENUE NW","sector":"Other services (except public administration)","naics_desc":"Automotive body, paint and interior repair and maintenance","hybrid":"No","transit_score":0.271,"lead_score":0.136,"tier":3,"dauid":"48110789","ward":"","bia":"","nearest_stop_dist":412.8,"transit_buffer_score":0.5},"geometry":{"type":"Point","coordinates":[-113.441678,53.512553]}},{"type":"Feature","properties":{"name":"CARSTAR EDMONTON SOUTH EAST","size":"5-9","address":"7420 76 AVENUE NW","sector":"Other services (except public administration)","naics_desc":"Automotive body, paint and interior repair and maintenance","hybrid":"No","transit_score":0.271,"lead_score":0.136,"tier":3,"dauid":"48110789","ward":"Métis","bia":"","nearest_stop_dist":407.6,"transit_buffer_score":0.5},"geometry":{"type":"Point","coordinates":[-113.441611,53.512475]}},{"type":"Feature","properties":{"name":"T2 TRUCK & AUTO","size":"5-9","address":"7425 77 AVENUE NW","sector":"Other services (except public administration)","naics_desc":"General automotive repair","hybrid":"No","transit_score":0.271,"lead_score":0.136,"tier":3,"dauid":"48110789","ward":"","bia":"","nearest_stop_dist":435.7,"transit_buffer_score":0.5},"geometry":{"type":"Point","coordinates":[-113.441924,53.51296]}},{"type":"Feature","properties":{"name":"SSCUSTOMZ EQUIPMENT LTD.","size":"5-9","address":"5616 125A AVENUE NW","sector":"Other services (except public administration)","naics_desc":"General automotive repair","hybrid":"Yes","transit_score":0.386,"lead_score":0.135,"tier":3,"dauid":"48110381","ward":"Métis","bia":"","nearest_stop_dist":510.7,"transit_buffer_score":0.5},"geometry":{"type":"Point","coordinates":[-113.428885,53.58313]}},{"type":"Feature","properties":{"name":"RCRC FAMILIENKREIS INC","size":"5-9","address":"7711 75 STREET NW","sector":"Real estate and rental and leasing","naics_desc":"Lessors of residential buildings and dwellings (except social housing projects)","hybrid":"No","transit_score":0.265,"lead_score":0.133,"tier":3,"dauid":"48110748","ward":"Métis","bia":"","nearest_stop_dist":438.4,"transit_buffer_score":0.5},"geometry":{"type":"Point","coordinates":[-113.442424,53.513637]}},{"type":"Feature","properties":{"name":"MAGMA MOTORS","size":"5-9","address":"7435 77 AVENUE NW","sector":"Retail trade","naics_desc":"Used car dealers","hybrid":"No","transit_score":0.265,"lead_score":0.133,"tier":3,"dauid":"48110748","ward":"","bia":"","nearest_stop_dist":463.3,"transit_buffer_score":0.5},"geometry":{"type":"Point","coordinates":[-113.442344,53.512977]}},{"type":"Feature","properties":{"name":"AM PM BONNIE DOON LTD.","size":"5-9","address":"7430 77 AVENUE NW","sector":"Retail trade","naics_desc":"All other miscellaneous retailers (except beer and wine-making supplies retailers)","hybrid":"No","transit_score":0.265,"lead_score":0.133,"tier":3,"dauid":"48110748","ward":"","bia":"","nearest_stop_dist":453.3,"transit_buffer_score":0.5},"geometry":{"type":"Point","coordinates":[-113.442478,53.513449]}},{"type":"Feature","properties":{"name":"LAUNCH AUTO","size":"5-9","address":"7435 77 AVENUE NW","sector":"Retail trade","naics_desc":"Used car dealers","hybrid":"No","transit_score":0.265,"lead_score":0.133,"tier":3,"dauid":"48110748","ward":"Métis","bia":"","nearest_stop_dist":463.5,"transit_buffer_score":0.5},"geometry":{"type":"Point","coordinates":[-113.442325,53.513038]}},{"type":"Feature","properties":{"name":"EUROSPORT (EDM SOUTH)","size":"5-9","address":"5534 CALGARY TRAIL NW","sector":"Retail trade","naics_desc":"All other sporting goods retailers","hybrid":"No","transit_score":0.264,"lead_score":0.132,"tier":3,"dauid":"48110848","ward":"papastew","bia":"","nearest_stop_dist":421.3,"transit_buffer_score":0.5},"geometry":{"type":"Point","coordinates":[-113.498099,53.492686]}},{"type":"Feature","properties":{"name":"DEMI HIS & HERS","size":"5-9","address":"5462 CALGARY TRAIL NW","sector":"Retail trade","naics_desc":"Men's clothing retailers","hybrid":"No","transit_score":0.264,"lead_score":0.132,"tier":3,"dauid":"48110848","ward":"papastew","bia":"","nearest_stop_dist":406.8,"transit_buffer_score":0.5},"geometry":{"type":"Point","coordinates":[-113.4972,53.49182]}},{"type":"Feature","properties":{"name":"PHARAOHS RESTAURANT","size":"5-9","address":"5524 CALGARY TRAIL NW","sector":"Accommodation and food services","naics_desc":"Full-service restaurants","hybrid":"No","transit_score":0.264,"lead_score":0.132,"tier":3,"dauid":"48110848","ward":"papastew","bia":"","nearest_stop_dist":415.1,"transit_buffer_score":0.5},"geometry":{"type":"Point","coordinates":[-113.498249,53.492435]}},{"type":"Feature","properties":{"name":"DEMI BOUTIQUE","size":"5-9","address":"5462 CALGARY TRAIL NW","sector":"Retail trade","naics_desc":"Men's clothing retailers","hybrid":"No","transit_score":0.264,"lead_score":0.132,"tier":3,"dauid":"48110848","ward":"","bia":"","nearest_stop_dist":406.8,"transit_buffer_score":0.5},"geometry":{"type":"Point","coordinates":[-113.4972,53.49182]}},{"type":"Feature","properties":{"name":"IRON SALON","size":"5-9","address":"5466 CALGARY TRAIL NW","sector":"Other services (except public administration)","naics_desc":"Beauty salons","hybrid":"No","transit_score":0.264,"lead_score":0.132,"tier":3,"dauid":"48110848","ward":"","bia":"","nearest_stop_dist":408.3,"transit_buffer_score":0.5},"geometry":{"type":"Point","coordinates":[-113.497063,53.491855]}},{"type":"Feature","properties":{"name":"EUROSPORT (EDM SOUTH)","size":"5-9","address":"5534 CALGARY TRAIL NW","sector":"Retail trade","naics_desc":"All other sporting goods retailers","hybrid":"No","transit_score":0.264,"lead_score":0.132,"tier":3,"dauid":"48110848","ward":"","bia":"","nearest_stop_dist":421.3,"transit_buffer_score":0.5},"geometry":{"type":"Point","coordinates":[-113.498099,53.492686]}},{"type":"Feature","properties":{"name":"PHARAOHS RESTAURANT","size":"5-9","address":"5524 CALGARY TRAIL NW","sector":"Accommodation and food services","naics_desc":"Full-service restaurants","hybrid":"No","transit_score":0.264,"lead_score":0.132,"tier":3,"dauid":"48110848","ward":"","bia":"","nearest_stop_dist":415.1,"transit_buffer_score":0.5},"geometry":{"type":"Point","coordinates":[-113.498249,53.492435]}},{"type":"Feature","properties":{"name":"DOONNEYS INC.","size":"5-9","address":"5714 104 STREET NW","sector":"Other services (except public administration)","naics_desc":"Beauty salons","hybrid":"No","transit_score":0.264,"lead_score":0.132,"tier":3,"dauid":"48110848","ward":"","bia":"","nearest_stop_dist":402.6,"transit_buffer_score":0.5},"geometry":{"type":"Point","coordinates":[-113.49738,53.49175]}},{"type":"Feature","properties":{"name":"DOONNEYS INC.","size":"5-9","address":"5714 104 STREET NW","sector":"Other services (except public administration)","naics_desc":"Beauty salons","hybrid":"No","transit_score":0.264,"lead_score":0.132,"tier":3,"dauid":"48110848","ward":"papastew","bia":"","nearest_stop_dist":402.6,"transit_buffer_score":0.5},"geometry":{"type":"Point","coordinates":[-113.49738,53.49175]}},{"type":"Feature","properties":{"name":"K & R PLUMBING AND HEATING LTD.","size":"5-9","address":"12544 124 STREET NW","sector":"Construction","naics_desc":"Plumbing, heating and air-conditioning contractors","hybrid":"No","transit_score":0.258,"lead_score":0.129,"tier":3,"dauid":"48110240","ward":"Anirniq","bia":"","nearest_stop_dist":461.4,"transit_buffer_score":0.5},"geometry":{"type":"Point","coordinates":[-113.5365,53.58202]}},{"type":"Feature","properties":{"name":"WINDWARD LANDTEC INC.","size":"5-9","address":"12128 121A STREET NW","sector":"Professional, scientific and technical services","naics_desc":"Architectural services","hybrid":"No","transit_score":0.258,"lead_score":0.129,"tier":3,"dauid":"48110240","ward":"Anirniq","bia":"","nearest_stop_dist":643.1,"transit_buffer_score":0.1},"geometry":{"type":"Point","coordinates":[-113.5314,53.57613]}},{"type":"Feature","properties":{"name":"AMERICAN BRASS & ALUMINUM FOUNDRY LTD","size":"5-9","address":"12520 123 STREET NW","sector":"Manufacturing","naics_desc":"Copper rolling, drawing, extruding and alloying","hybrid":"No","transit_score":0.258,"lead_score":0.129,"tier":3,"dauid":"48110240","ward":"Anirniq","bia":"","nearest_stop_dist":526.8,"transit_buffer_score":0.5},"geometry":{"type":"Point","coordinates":[-113.5347,53.58166]}},{"type":"Feature","properties":{"name":"TOP TECH AUTOMOTIVE LTD.","size":"5-9","address":"12516 124 STREET NW","sector":"Other services (except public administration)","naics_desc":"General automotive repair","hybrid":"No","transit_score":0.258,"lead_score":0.129,"tier":3,"dauid":"48110240","ward":"Anirniq","bia":"","nearest_stop_dist":423.8,"transit_buffer_score":0.5},"geometry":{"type":"Point","coordinates":[-113.536272,53.58137]}},{"type":"Feature","properties":{"name":"CANADIAN PLASTIC BUMPERS LTD","size":"5-9","address":"12132 121A STREET NW","sector":"Other services (except public administration)","naics_desc":"General automotive repair","hybrid":"No","transit_score":0.258,"lead_score":0.129,"tier":3,"dauid":"48110240","ward":"Anirniq","bia":"","nearest_stop_dist":648.2,"transit_buffer_score":0.1},"geometry":{"type":"Point","coordinates":[-113.5314,53.57626]}},{"type":"Feature","properties":{"name":"CANADIAN PLASTIC BUMPERS LTD","size":"5-9","address":"12132 121A STREET NW","sector":"Other services (except public administration)","naics_desc":"General automotive repair","hybrid":"No","transit_score":0.258,"lead_score":0.129,"tier":3,"dauid":"48110240","ward":"","bia":"","nearest_stop_dist":648.2,"transit_buffer_score":0.1},"geometry":{"type":"Point","coordinates":[-113.5314,53.57626]}},{"type":"Feature","properties":{"name":"CENTRAL TRANSMISSION & AUTO REPAIR","size":"5-9","address":"12535A 125 STREET NW","sector":"Other services (except public administration)","naics_desc":"General automotive repair","hybrid":"No","transit_score":0.258,"lead_score":0.129,"tier":3,"dauid":"48110240","ward":"Anirniq","bia":"","nearest_stop_dist":415.1,"transit_buffer_score":0.5},"geometry":{"type":"Point","coordinates":[-113.537468,53.581966]}},{"type":"Feature","properties":{"name":"ARCAL AUTOBODY","size":"5-9","address":"12136 121A STREET NW","sector":"Other services (except public administration)","naics_desc":"General automotive repair","hybrid":"No","transit_score":0.258,"lead_score":0.129,"tier":3,"dauid":"48110240","ward":"","bia":"","nearest_stop_dist":637.5,"transit_buffer_score":0.1},"geometry":{"type":"Point","coordinates":[-113.53158,53.576317]}},{"type":"Feature","properties":{"name":"ARCAL AUTOBODY","size":"5-9","address":"12136 121A STREET NW","sector":"Other services (except public administration)","naics_desc":"General automotive repair","hybrid":"No","transit_score":0.258,"lead_score":0.129,"tier":3,"dauid":"48110240","ward":"Anirniq","bia":"","nearest_stop_dist":644,"transit_buffer_score":0.1},"geometry":{"type":"Point","coordinates":[-113.531551,53.576544]}},{"type":"Feature","properties":{"name":"HERTZ","size":"5-9","address":"12360 121 STREET NW","sector":"Real estate and rental and leasing","naics_desc":"Construction, transportation, mining, and forestry machinery and equipment rental and leasing","hybrid":"No","transit_score":0.258,"lead_score":0.129,"tier":3,"dauid":"48110240","ward":"O-day'min","bia":"Kingsway","nearest_stop_dist":688.9,"transit_buffer_score":0.1},"geometry":{"type":"Point","coordinates":[-113.530829,53.57933]}},{"type":"Feature","properties":{"name":"WINDWARD LANDTEC INC.","size":"5-9","address":"12128 121A STREET NW","sector":"Professional, scientific and technical services","naics_desc":"Architectural services","hybrid":"No","transit_score":0.258,"lead_score":0.129,"tier":3,"dauid":"48110240","ward":"","bia":"","nearest_stop_dist":643.1,"transit_buffer_score":0.1},"geometry":{"type":"Point","coordinates":[-113.5314,53.57613]}},{"type":"Feature","properties":{"name":"MR P AUTO DETAILING (1995)","size":"5-9","address":"12540 124 STREET NW","sector":"Other services (except public administration)","naics_desc":"Car washes","hybrid":"No","transit_score":0.258,"lead_score":0.129,"tier":3,"dauid":"48110240","ward":"Anirniq","bia":"","nearest_stop_dist":462.2,"transit_buffer_score":0.5},"geometry":{"type":"Point","coordinates":[-113.536459,53.582007]}},{"type":"Feature","properties":{"name":"HERTZ","size":"5-9","address":"12360 121 STREET NW","sector":"Real estate and rental and leasing","naics_desc":"Construction, transportation, mining, and forestry machinery and equipment rental and leasing","hybrid":"No","transit_score":0.258,"lead_score":0.129,"tier":3,"dauid":"48110240","ward":"","bia":"Kingsway","nearest_stop_dist":688.9,"transit_buffer_score":0.1},"geometry":{"type":"Point","coordinates":[-113.530829,53.57933]}},{"type":"Feature","properties":{"name":"HERTZ","size":"5-9","address":"12360 121 STREET NW","sector":"Real estate and rental and leasing","naics_desc":"Construction, transportation, mining, and forestry machinery and equipment rental and leasing","hybrid":"No","transit_score":0.258,"lead_score":0.129,"tier":3,"dauid":"48110240","ward":"","bia":"Kingsway","nearest_stop_dist":688.9,"transit_buffer_score":0.1},"geometry":{"type":"Point","coordinates":[-113.530829,53.57933]}},{"type":"Feature","properties":{"name":"TGS TANK GAUGING SYSTEMS CORP","size":"5-9","address":"12532 124 STREET NW","sector":"Manufacturing","naics_desc":"Navigational and guidance instruments manufacturing","hybrid":"No","transit_score":0.258,"lead_score":0.129,"tier":3,"dauid":"48110240","ward":"Anirniq","bia":"","nearest_stop_dist":443.2,"transit_buffer_score":0.5},"geometry":{"type":"Point","coordinates":[-113.5365,53.58179]}},{"type":"Feature","properties":{"name":"KAZ SOULUTION AUTO LTD.","size":"5-9","address":"12510 123 STREET NW","sector":"Other services (except public administration)","naics_desc":"General automotive repair","hybrid":"No","transit_score":0.258,"lead_score":0.129,"tier":3,"dauid":"48110240","ward":"Anirniq","bia":"","nearest_stop_dist":509.1,"transit_buffer_score":0.5},"geometry":{"type":"Point","coordinates":[-113.534669,53.581331]}},{"type":"Feature","properties":{"name":"CONFEDERATION PLACE","size":"5-9","address":"15216 100 AVENUE NW","sector":"Real estate and rental and leasing","naics_desc":"Lessors of residential buildings and dwellings (except social housing projects)","hybrid":"No","transit_score":0.255,"lead_score":0.128,"tier":3,"dauid":"48111135","ward":"Nakota Isga","bia":"Stony Plain Road and Area","nearest_stop_dist":416.6,"transit_buffer_score":0.5},"geometry":{"type":"Point","coordinates":[-113.584545,53.539502]}},{"type":"Feature","properties":{"name":"104 LIQUOR BAY","size":"5-9","address":"6812 104 STREET NW","sector":"Retail trade","naics_desc":"Beer, wine and liquor retailers","hybrid":"No","transit_score":0.254,"lead_score":0.127,"tier":3,"dauid":"48111310","ward":"","bia":"","nearest_stop_dist":426.3,"transit_buffer_score":0.5},"geometry":{"type":"Point","coordinates":[-113.498062,53.504808]}},{"type":"Feature","properties":{"name":"SECRET STYLING STUDIO","size":"5-9","address":"6811A 104 STREET NW","sector":"Other services (except public administration)","naics_desc":"Unisex hair salons","hybrid":"No","transit_score":0.254,"lead_score":0.127,"tier":3,"dauid":"48111310","ward":"papastew","bia":"","nearest_stop_dist":425.7,"transit_buffer_score":0.5},"geometry":{"type":"Point","coordinates":[-113.497466,53.50488]}},{"type":"Feature","properties":{"name":"LUCENT BRIDAL","size":"5-9","address":"10406 68 AVENUE NW","sector":"Retail trade","naics_desc":"All other clothing retailers","hybrid":"No","transit_score":0.254,"lead_score":0.127,"tier":3,"dauid":"48111310","ward":"papastew","bia":"","nearest_stop_dist":420.1,"transit_buffer_score":0.5},"geometry":{"type":"Point","coordinates":[-113.498151,53.504616]}},{"type":"Feature","properties":{"name":"WELCOME HOME YEG - DARCY JOUBERT REAL ESTATE","size":"5-9","address":"3018 CALGARY TRAIL NW","sector":"Real estate and rental and leasing","naics_desc":"Real estate agents","hybrid":"No","transit_score":0.254,"lead_score":0.127,"tier":3,"dauid":"48110929","ward":"Ipiihkoohkanipiaohtsi","bia":"","nearest_stop_dist":423.5,"transit_buffer_score":0.5},"geometry":{"type":"Point","coordinates":[-113.495053,53.46214]}},{"type":"Feature","properties":{"name":"STRATHCONA PIZZA","size":"5-9","address":"6817 104 STREET NW","sector":"Accommodation and food services","naics_desc":"Full-service restaurants","hybrid":"No","transit_score":0.254,"lead_score":0.127,"tier":3,"dauid":"48111310","ward":"papastew","bia":"","nearest_stop_dist":420.3,"transit_buffer_score":0.5},"geometry":{"type":"Point","coordinates":[-113.497342,53.504934]}},{"type":"Feature","properties":{"name":"LV INK","size":"5-9","address":"6817 104 STREET NW","sector":"Other services (except public administration)","naics_desc":"Other personal care services","hybrid":"No","transit_score":0.254,"lead_score":0.127,"tier":3,"dauid":"48111310","ward":"papastew","bia":"","nearest_stop_dist":426.6,"transit_buffer_score":0.5},"geometry":{"type":"Point","coordinates":[-113.497324,53.504878]}},{"type":"Feature","properties":{"name":"INTEGRATED INNOVATIONS INC","size":"5-9","address":"6807 104 STREET NW","sector":"Construction","naics_desc":"Plumbing, heating and air-conditioning contractors","hybrid":"No","transit_score":0.254,"lead_score":0.127,"tier":3,"dauid":"48111310","ward":"papastew","bia":"","nearest_stop_dist":443.7,"transit_buffer_score":0.5},"geometry":{"type":"Point","coordinates":[-113.4972,53.50473]}},{"type":"Feature","properties":{"name":"PATRICIA ELECTROLYSIS STUDIO","size":"5-9","address":"6821A 104 STREET NW","sector":"Other services (except public administration)","naics_desc":"Other personal care services","hybrid":"No","transit_score":0.254,"lead_score":0.127,"tier":3,"dauid":"48111310","ward":"","bia":"","nearest_stop_dist":424.9,"transit_buffer_score":0.5},"geometry":{"type":"Point","coordinates":[-113.497431,53.504889]}},{"type":"Feature","properties":{"name":"SECRET STYLING STUDIO","size":"5-9","address":"6811A 104 STREET NW","sector":"Other services (except public administration)","naics_desc":"Unisex hair salons","hybrid":"No","transit_score":0.254,"lead_score":0.127,"tier":3,"dauid":"48111310","ward":"","bia":"","nearest_stop_dist":425.7,"transit_buffer_score":0.5},"geometry":{"type":"Point","coordinates":[-113.497466,53.50488]}},{"type":"Feature","properties":{"name":"NORTHWEST SCUBA","size":"5-9","address":"4816 93 AVENUE NW","sector":"Retail trade","naics_desc":"All other sporting goods retailers","hybrid":"No","transit_score":0.254,"lead_score":0.127,"tier":3,"dauid":"48111310","ward":"papastew","bia":"","nearest_stop_dist":434.2,"transit_buffer_score":0.5},"geometry":{"type":"Point","coordinates":[-113.497497,53.504803]}},{"type":"Feature","properties":{"name":"POWERHOUSE AUTOWORKS INC","size":"5-9","address":"10350 68 AVENUE NW","sector":"Other services (except public administration)","naics_desc":"General automotive repair","hybrid":"No","transit_score":0.254,"lead_score":0.127,"tier":3,"dauid":"48111310","ward":"papastew","bia":"","nearest_stop_dist":475.7,"transit_buffer_score":0.5},"geometry":{"type":"Point","coordinates":[-113.496543,53.504493]}},{"type":"Feature","properties":{"name":"BOUNCE BACK PHYSICAL THERAPY","size":"5-9","address":"6720 104 STREET NW","sector":"Health care and social assistance","naics_desc":"Offices of physical, occupational, and speech therapists and audiologists","hybrid":"No","transit_score":0.254,"lead_score":0.127,"tier":3,"dauid":"48111310","ward":"papastew","bia":"","nearest_stop_dist":410.4,"transit_buffer_score":0.5},"geometry":{"type":"Point","coordinates":[-113.498144,53.503919]}},{"type":"Feature","properties":{"name":"UNCLE SAM'S CANNABIS","size":"5-9","address":"10404 68 AVENUE NW","sector":"Retail trade","naics_desc":"Cannabis retailers","hybrid":"No","transit_score":0.254,"lead_score":0.127,"tier":3,"dauid":"48111310","ward":"","bia":"","nearest_stop_dist":424.8,"transit_buffer_score":0.5},"geometry":{"type":"Point","coordinates":[-113.49808,53.504644]}},{"type":"Feature","properties":{"name":"ARTISTIC BAKE SHOP","size":"5-9","address":"6820 104 STREET NW","sector":"Accommodation and food services","naics_desc":"Limited-service eating places","hybrid":"No","transit_score":0.254,"lead_score":0.127,"tier":3,"dauid":"48111310","ward":"papastew","bia":"","nearest_stop_dist":413.7,"transit_buffer_score":0.5},"geometry":{"type":"Point","coordinates":[-113.498006,53.504984]}},{"type":"Feature","properties":{"name":"PETRO-CANADA","size":"5-9","address":"3003 CALGARY TRAIL NW","sector":"Retail trade","naics_desc":"Gasoline stations with convenience stores","hybrid":"No","transit_score":0.254,"lead_score":0.127,"tier":3,"dauid":"48110929","ward":"papastew","bia":"","nearest_stop_dist":464.2,"transit_buffer_score":0.5},"geometry":{"type":"Point","coordinates":[-113.49288,53.462052]}},{"type":"Feature","properties":{"name":"ONE STUDIO SELF PORTRAIT","size":"5-9","address":"10354 68 AVENUE NW","sector":"Professional, scientific and technical services","naics_desc":"Photographic services","hybrid":"No","transit_score":0.254,"lead_score":0.127,"tier":3,"dauid":"48111310","ward":"","bia":"","nearest_stop_dist":464.1,"transit_buffer_score":0.5},"geometry":{"type":"Point","coordinates":[-113.496598,53.504593]}},{"type":"Feature","properties":{"name":"BOUNCE BACK PHYSICAL THERAPY","size":"5-9","address":"6720 104 STREET NW","sector":"Health care and social assistance","naics_desc":"Offices of physical, occupational, and speech therapists and audiologists","hybrid":"No","transit_score":0.254,"lead_score":0.127,"tier":3,"dauid":"48111310","ward":"","bia":"","nearest_stop_dist":405.4,"transit_buffer_score":0.5},"geometry":{"type":"Point","coordinates":[-113.498238,53.504047]}},{"type":"Feature","properties":{"name":"WISEWORTH CANADA INDUSTRIES (1996) LTD.","size":"5-9","address":"13428 149 STREET NW","sector":"Real estate and rental and leasing","naics_desc":"Other commercial and industrial machinery and equipment rental and leasing","hybrid":"No","transit_score":0.254,"lead_score":0.127,"tier":3,"dauid":"48111106","ward":"Anirniq","bia":"","nearest_stop_dist":415,"transit_buffer_score":0.5},"geometry":{"type":"Point","coordinates":[-113.583407,53.594023]}},{"type":"Feature","properties":{"name":"STUDIO ONE YEG","size":"5-9","address":"10354 68 AVENUE NW","sector":"Professional, scientific and technical services","naics_desc":"Photographic services","hybrid":"No","transit_score":0.254,"lead_score":0.127,"tier":3,"dauid":"48111310","ward":"papastew","bia":"","nearest_stop_dist":454.3,"transit_buffer_score":0.5},"geometry":{"type":"Point","coordinates":[-113.496591,53.504683]}},{"type":"Feature","properties":{"name":"LV INK","size":"5-9","address":"6817 104 STREET NW","sector":"Other services (except public administration)","naics_desc":"Other personal care services","hybrid":"No","transit_score":0.254,"lead_score":0.127,"tier":3,"dauid":"48111310","ward":"","bia":"","nearest_stop_dist":426.6,"transit_buffer_score":0.5},"geometry":{"type":"Point","coordinates":[-113.497324,53.504878]}},{"type":"Feature","properties":{"name":"NXT ROASTERS INC","size":"5-9","address":"10352 68 AVENUE NW","sector":"Manufacturing","naics_desc":"Coffee and tea manufacturing","hybrid":"No","transit_score":0.254,"lead_score":0.127,"tier":3,"dauid":"48111310","ward":"","bia":"","nearest_stop_dist":453.4,"transit_buffer_score":0.5},"geometry":{"type":"Point","coordinates":[-113.4966,53.50469]}},{"type":"Feature","properties":{"name":"MAD LAB AUTOMOTIVE","size":"5-9","address":"6817 104 STREET NW","sector":"Other services (except public administration)","naics_desc":"General automotive repair","hybrid":"No","transit_score":0.254,"lead_score":0.127,"tier":3,"dauid":"48111310","ward":"papastew","bia":"","nearest_stop_dist":426.6,"transit_buffer_score":0.5},"geometry":{"type":"Point","coordinates":[-113.497324,53.504878]}},{"type":"Feature","properties":{"name":"UNCLE SAM'S CANNABIS","size":"5-9","address":"10404 68 AVENUE NW","sector":"Retail trade","naics_desc":"Cannabis retailers","hybrid":"No","transit_score":0.254,"lead_score":0.127,"tier":3,"dauid":"48111310","ward":"papastew","bia":"","nearest_stop_dist":424.8,"transit_buffer_score":0.5},"geometry":{"type":"Point","coordinates":[-113.49808,53.504644]}},{"type":"Feature","properties":{"name":"THE MAKEUP ART SPACE","size":"5-9","address":"6807 104 STREET NW","sector":"Retail trade","naics_desc":"Cosmetics, beauty supplies and perfume retailers","hybrid":"No","transit_score":0.254,"lead_score":0.127,"tier":3,"dauid":"48111310","ward":"","bia":"","nearest_stop_dist":447.9,"transit_buffer_score":0.5},"geometry":{"type":"Point","coordinates":[-113.497415,53.504682]}},{"type":"Feature","properties":{"name":"CLASSIFIED YEG TACTICAL LASER TAG","size":"5-9","address":"13453 149 STREET NW","sector":"Arts, entertainment and recreation","naics_desc":"All other amusement and recreation industries","hybrid":"No","transit_score":0.254,"lead_score":0.127,"tier":3,"dauid":"48111106","ward":"Anirniq","bia":"","nearest_stop_dist":412.6,"transit_buffer_score":0.5},"geometry":{"type":"Point","coordinates":[-113.580755,53.595562]}},{"type":"Feature","properties":{"name":"NXT ROASTERS","size":"5-9","address":"10352 68 AVENUE NW","sector":"Manufacturing","naics_desc":"Coffee and tea manufacturing","hybrid":"No","transit_score":0.254,"lead_score":0.127,"tier":3,"dauid":"48111310","ward":"papastew","bia":"","nearest_stop_dist":453.4,"transit_buffer_score":0.5},"geometry":{"type":"Point","coordinates":[-113.4966,53.50469]}},{"type":"Feature","properties":{"name":"CHEVRON","size":"5-9","address":"3006 CALGARY TRAIL NW","sector":"Retail trade","naics_desc":"Gasoline stations with convenience stores","hybrid":"No","transit_score":0.254,"lead_score":0.127,"tier":3,"dauid":"48110929","ward":"Ipiihkoohkanipiaohtsi","bia":"","nearest_stop_dist":460.7,"transit_buffer_score":0.5},"geometry":{"type":"Point","coordinates":[-113.49418,53.462102]}},{"type":"Feature","properties":{"name":"NEW REALTY GROUP","size":"5-9","address":"3018 CALGARY TRAIL NW","sector":"Real estate and rental and leasing","naics_desc":"Offices of real estate brokers","hybrid":"No","transit_score":0.254,"lead_score":0.127,"tier":3,"dauid":"48110929","ward":"Ipiihkoohkanipiaohtsi","bia":"","nearest_stop_dist":424,"transit_buffer_score":0.5},"geometry":{"type":"Point","coordinates":[-113.494943,53.462088]}},{"type":"Feature","properties":{"name":"NORTHWEST SCUBA","size":"5-9","address":"6815 104 STREET NW","sector":"Retail trade","naics_desc":"All other sporting goods retailers","hybrid":"No","transit_score":0.254,"lead_score":0.127,"tier":3,"dauid":"48111310","ward":"","bia":"","nearest_stop_dist":434.2,"transit_buffer_score":0.5},"geometry":{"type":"Point","coordinates":[-113.497497,53.504803]}},{"type":"Feature","properties":{"name":"MAD LAB AUTOMOTIVE","size":"5-9","address":"6817 104 STREET NW","sector":"Other services (except public administration)","naics_desc":"General automotive repair","hybrid":"No","transit_score":0.254,"lead_score":0.127,"tier":3,"dauid":"48111310","ward":"","bia":"","nearest_stop_dist":426.6,"transit_buffer_score":0.5},"geometry":{"type":"Point","coordinates":[-113.497324,53.504878]}},{"type":"Feature","properties":{"name":"104 LIQUOR BAY","size":"5-9","address":"6812 104 STREET NW","sector":"Retail trade","naics_desc":"Beer, wine and liquor retailers","hybrid":"No","transit_score":0.254,"lead_score":0.127,"tier":3,"dauid":"48111310","ward":"papastew","bia":"","nearest_stop_dist":426.3,"transit_buffer_score":0.5},"geometry":{"type":"Point","coordinates":[-113.498062,53.504808]}},{"type":"Feature","properties":{"name":"POWERHOUSE AUTOWORKS INC","size":"5-9","address":"10350 68 AVENUE NW","sector":"Other services (except public administration)","naics_desc":"General automotive repair","hybrid":"No","transit_score":0.254,"lead_score":0.127,"tier":3,"dauid":"48111310","ward":"","bia":"","nearest_stop_dist":475.7,"transit_buffer_score":0.5},"geometry":{"type":"Point","coordinates":[-113.496543,53.504493]}},{"type":"Feature","properties":{"name":"CANDEMA PROPERTY MANAGEMENT","size":"5-9","address":"10354 68 AVENUE NW","sector":"Real estate and rental and leasing","naics_desc":"Real estate property managers","hybrid":"No","transit_score":0.254,"lead_score":0.127,"tier":3,"dauid":"48111310","ward":"","bia":"","nearest_stop_dist":453.4,"transit_buffer_score":0.5},"geometry":{"type":"Point","coordinates":[-113.4966,53.50469]}},{"type":"Feature","properties":{"name":"JEET VIDEO","size":"5-9","address":"6801 104 STREET NW","sector":"Information and cultural industries","naics_desc":"Motion picture and video production","hybrid":"No","transit_score":0.254,"lead_score":0.127,"tier":3,"dauid":"48111310","ward":"papastew","bia":"","nearest_stop_dist":465.8,"transit_buffer_score":0.5},"geometry":{"type":"Point","coordinates":[-113.4972,53.50453]}},{"type":"Feature","properties":{"name":"LUCENT BRIDAL","size":"5-9","address":"10406 68 AVENUE NW","sector":"Retail trade","naics_desc":"All other clothing retailers","hybrid":"No","transit_score":0.254,"lead_score":0.127,"tier":3,"dauid":"48111310","ward":"","bia":"","nearest_stop_dist":420.1,"transit_buffer_score":0.5},"geometry":{"type":"Point","coordinates":[-113.498151,53.504616]}},{"type":"Feature","properties":{"name":"CANDEMA PROPERTY MANAGEMENT","size":"5-9","address":"10354 68 AVENUE NW","sector":"Real estate and rental and leasing","naics_desc":"Real estate property managers","hybrid":"No","transit_score":0.254,"lead_score":0.127,"tier":3,"dauid":"48111310","ward":"papastew","bia":"","nearest_stop_dist":453.4,"transit_buffer_score":0.5},"geometry":{"type":"Point","coordinates":[-113.4966,53.50469]}},{"type":"Feature","properties":{"name":"WISEWORTH CANADA INDUSTRIES (1996) LTD.","size":"5-9","address":"13428 149 STREET NW","sector":"Real estate and rental and leasing","naics_desc":"Other commercial and industrial machinery and equipment rental and leasing","hybrid":"No","transit_score":0.254,"lead_score":0.127,"tier":3,"dauid":"48111106","ward":"","bia":"","nearest_stop_dist":410.1,"transit_buffer_score":0.5},"geometry":{"type":"Point","coordinates":[-113.580738,53.594024]}},{"type":"Feature","properties":{"name":"PAPASCHASE PETRO CANADA GAS STATION","size":"5-9","address":"3003 CALGARY TRAIL NW","sector":"Retail trade","naics_desc":"Gasoline stations with convenience stores","hybrid":"No","transit_score":0.254,"lead_score":0.127,"tier":3,"dauid":"48110929","ward":"papastew","bia":"","nearest_stop_dist":474,"transit_buffer_score":0.5},"geometry":{"type":"Point","coordinates":[-113.492753,53.461823]}},{"type":"Feature","properties":{"name":"JEET VIDEO","size":"5-9","address":"6801 104 STREET NW","sector":"Information and cultural industries","naics_desc":"Motion picture and video production","hybrid":"No","transit_score":0.254,"lead_score":0.127,"tier":3,"dauid":"48111310","ward":"","bia":"","nearest_stop_dist":465.8,"transit_buffer_score":0.5},"geometry":{"type":"Point","coordinates":[-113.4972,53.50453]}},{"type":"Feature","properties":{"name":"INTEGRATED INNOVATIONS INC","size":"5-9","address":"6807 104 STREET NW","sector":"Administrative and support, waste management and remediation services","naics_desc":"Security systems services (except locksmiths)","hybrid":"No","transit_score":0.254,"lead_score":0.127,"tier":3,"dauid":"48111310","ward":"","bia":"","nearest_stop_dist":443.7,"transit_buffer_score":0.5},"geometry":{"type":"Point","coordinates":[-113.4972,53.50473]}},{"type":"Feature","properties":{"name":"BSL MACHINE LTD","size":"5-9","address":"10020 29 AVENUE NW","sector":"Manufacturing","naics_desc":"Machine shops","hybrid":"No","transit_score":0.252,"lead_score":0.126,"tier":3,"dauid":"48110930","ward":"Karhiio","bia":"","nearest_stop_dist":450.6,"transit_buffer_score":0.5},"geometry":{"type":"Point","coordinates":[-113.488172,53.45806]}},{"type":"Feature","properties":{"name":"C & D AUTO REPAIR","size":"5-9","address":"9969 29A AVENUE NW","sector":"Other services (except public administration)","naics_desc":"General automotive repair","hybrid":"No","transit_score":0.252,"lead_score":0.126,"tier":3,"dauid":"48110930","ward":"Karhiio","bia":"","nearest_stop_dist":414.7,"transit_buffer_score":0.5},"geometry":{"type":"Point","coordinates":[-113.487224,53.459069]}},{"type":"Feature","properties":{"name":"YEO-U","size":"5-9","address":"9992 29 AVENUE NW","sector":"Manufacturing","naics_desc":"Pottery, ceramics and plumbing fixture manufacturing","hybrid":"No","transit_score":0.252,"lead_score":0.126,"tier":3,"dauid":"48110930","ward":"Karhiio","bia":"","nearest_stop_dist":452.5,"transit_buffer_score":0.5},"geometry":{"type":"Point","coordinates":[-113.487134,53.458402]}},{"type":"Feature","properties":{"name":"WATER TO SKY LTD.","size":"5-9","address":"9976 29 AVENUE NW","sector":"Other services (except public administration)","naics_desc":"Cemeteries and crematoria","hybrid":"No","transit_score":0.252,"lead_score":0.126,"tier":3,"dauid":"48110930","ward":"Karhiio","bia":"","nearest_stop_dist":431.1,"transit_buffer_score":0.5},"geometry":{"type":"Point","coordinates":[-113.487331,53.457974]}},{"type":"Feature","properties":{"name":"OM SP CONSTRUCTION EQUIPMENT INC.","size":"5-9","address":"2949 101 STREET NW","sector":"Manufacturing","naics_desc":"Mining and oil and gas field machinery manufacturing","hybrid":"No","transit_score":0.252,"lead_score":0.126,"tier":3,"dauid":"48110930","ward":"Karhiio","bia":"","nearest_stop_dist":417.6,"transit_buffer_score":0.5},"geometry":{"type":"Point","coordinates":[-113.489075,53.459585]}},{"type":"Feature","properties":{"name":"CANADIAN PERFORMANCE INJECTION","size":"5-9","address":"2953 101 STREET NW","sector":"Other services (except public administration)","naics_desc":"General automotive repair","hybrid":"No","transit_score":0.252,"lead_score":0.126,"tier":3,"dauid":"48110930","ward":"Karhiio","bia":"","nearest_stop_dist":421,"transit_buffer_score":0.5},"geometry":{"type":"Point","coordinates":[-113.489346,53.459668]}},{"type":"Feature","properties":{"name":"VASES D’HONNEUR","size":"5-9","address":"8830 62 AVENUE NW","sector":"Other services (except public administration)","naics_desc":"Religious organizations","hybrid":"No","transit_score":0.248,"lead_score":0.124,"tier":3,"dauid":"48110742","ward":"Métis","bia":"","nearest_stop_dist":402.1,"transit_buffer_score":0.5},"geometry":{"type":"Point","coordinates":[-113.464312,53.498279]}},{"type":"Feature","properties":{"name":"TOO'S AUTO BODY","size":"5-9","address":"9329 63 AVENUE NW","sector":"Other services (except public administration)","naics_desc":"General automotive repair","hybrid":"No","transit_score":0.248,"lead_score":0.124,"tier":3,"dauid":"48110844","ward":"papastew","bia":"","nearest_stop_dist":413.4,"transit_buffer_score":0.5},"geometry":{"type":"Point","coordinates":[-113.471423,53.499135]}},{"type":"Feature","properties":{"name":"THE BATTERY DOCTOR","size":"5-9","address":"9204 62 AVENUE NW","sector":"Retail trade","naics_desc":"Automotive parts and accessories retailers","hybrid":"No","transit_score":0.248,"lead_score":0.124,"tier":3,"dauid":"48110844","ward":"","bia":"","nearest_stop_dist":490.8,"transit_buffer_score":0.5},"geometry":{"type":"Point","coordinates":[-113.469975,53.498531]}},{"type":"Feature","properties":{"name":"ABUNDANT LIFE CHRISTIAN CHURCH","size":"5-9","address":"6111 91 STREET NW","sector":"Other services (except public administration)","naics_desc":"Religious organizations","hybrid":"No","transit_score":0.248,"lead_score":0.124,"tier":3,"dauid":"48110742","ward":"Métis","bia":"","nearest_stop_dist":448.2,"transit_buffer_score":0.5},"geometry":{"type":"Point","coordinates":[-113.466332,53.498128]}},{"type":"Feature","properties":{"name":"REGENCY INNOVATIONS","size":"5-9","address":"6150 88 STREET NW","sector":"Manufacturing","naics_desc":"Wood kitchen cabinet and counter top manufacturing","hybrid":"No","transit_score":0.248,"lead_score":0.124,"tier":3,"dauid":"48110742","ward":"Métis","bia":"","nearest_stop_dist":403.1,"transit_buffer_score":0.5},"geometry":{"type":"Point","coordinates":[-113.462944,53.497974]}},{"type":"Feature","properties":{"name":"AUTOYA-PARTS","size":"5-9","address":"6280 92 STREET NW","sector":"Retail trade","naics_desc":"Automotive parts and accessories retailers","hybrid":"No","transit_score":0.248,"lead_score":0.124,"tier":3,"dauid":"48110844","ward":"papastew","bia":"","nearest_stop_dist":410.2,"transit_buffer_score":0.5},"geometry":{"type":"Point","coordinates":[-113.469911,53.499284]}},{"type":"Feature","properties":{"name":"GRANITE STAR LTD.","size":"5-9","address":"9412 62 AVENUE NW","sector":"Manufacturing","naics_desc":"All other non-metallic mineral product manufacturing","hybrid":"No","transit_score":0.248,"lead_score":0.124,"tier":3,"dauid":"48110844","ward":"","bia":"","nearest_stop_dist":478.5,"transit_buffer_score":0.5},"geometry":{"type":"Point","coordinates":[-113.472789,53.498621]}},{"type":"Feature","properties":{"name":"CJ AUTO & BODY SHOP","size":"5-9","address":"9504 62 AVENUE NW","sector":"Other services (except public administration)","naics_desc":"General automotive repair","hybrid":"No","transit_score":0.248,"lead_score":0.124,"tier":3,"dauid":"48110844","ward":"papastew","bia":"","nearest_stop_dist":430.9,"transit_buffer_score":0.5},"geometry":{"type":"Point","coordinates":[-113.473793,53.498634]}},{"type":"Feature","properties":{"name":"THE BATTERY DOCTOR","size":"5-9","address":"9204 62 AVENUE NW","sector":"Retail trade","naics_desc":"Automotive parts and accessories retailers","hybrid":"No","transit_score":0.248,"lead_score":0.124,"tier":3,"dauid":"48110844","ward":"papastew","bia":"","nearest_stop_dist":490.8,"transit_buffer_score":0.5},"geometry":{"type":"Point","coordinates":[-113.469975,53.498531]}},{"type":"Feature","properties":{"name":"AMEDEO EXCLUSIVE","size":"5-9","address":"9408 62 AVENUE NW","sector":"Retail trade","naics_desc":"Men's clothing retailers","hybrid":"No","transit_score":0.248,"lead_score":0.124,"tier":3,"dauid":"48110844","ward":"","bia":"","nearest_stop_dist":475.7,"transit_buffer_score":0.5},"geometry":{"type":"Point","coordinates":[-113.472534,53.498621]}},{"type":"Feature","properties":{"name":"EDMONTON BLIND CLEANING EXPERTS LTD","size":"5-9","address":"6278 92 STREET NW","sector":"Administrative and support, waste management and remediation services","naics_desc":"Janitorial services (except window cleaning)","hybrid":"No","transit_score":0.248,"lead_score":0.124,"tier":3,"dauid":"48110844","ward":"papastew","bia":"","nearest_stop_dist":431,"transit_buffer_score":0.5},"geometry":{"type":"Point","coordinates":[-113.469925,53.499089]}},{"type":"Feature","properties":{"name":"AIEFLOORING","size":"5-9","address":"9412 62 AVENUE NW","sector":"Manufacturing","naics_desc":"Other millwork","hybrid":"No","transit_score":0.248,"lead_score":0.124,"tier":3,"dauid":"48110844","ward":"","bia":"","nearest_stop_dist":478.5,"transit_buffer_score":0.5},"geometry":{"type":"Point","coordinates":[-113.472789,53.498621]}},{"type":"Feature","properties":{"name":"GRANITE STAR LTD.","size":"5-9","address":"9412 62 AVENUE NW","sector":"Manufacturing","naics_desc":"All other non-metallic mineral product manufacturing","hybrid":"No","transit_score":0.248,"lead_score":0.124,"tier":3,"dauid":"48110844","ward":"papastew","bia":"","nearest_stop_dist":478.5,"transit_buffer_score":0.5},"geometry":{"type":"Point","coordinates":[-113.472789,53.498621]}},{"type":"Feature","properties":{"name":"AUTOYA-PARTS","size":"5-9","address":"6280 92 STREET NW","sector":"Retail trade","naics_desc":"Automotive parts and accessories retailers","hybrid":"No","transit_score":0.248,"lead_score":0.124,"tier":3,"dauid":"48110844","ward":"","bia":"","nearest_stop_dist":410.2,"transit_buffer_score":0.5},"geometry":{"type":"Point","coordinates":[-113.469911,53.499284]}},{"type":"Feature","properties":{"name":"CJ AUTO & BODY SHOP","size":"5-9","address":"9504 62 AVENUE NW","sector":"Other services (except public administration)","naics_desc":"General automotive repair","hybrid":"No","transit_score":0.248,"lead_score":0.124,"tier":3,"dauid":"48110844","ward":"","bia":"","nearest_stop_dist":430.9,"transit_buffer_score":0.5},"geometry":{"type":"Point","coordinates":[-113.473793,53.498634]}},{"type":"Feature","properties":{"name":"TOO'S AUTO BODY","size":"5-9","address":"9329 63 AVENUE NW","sector":"Other services (except public administration)","naics_desc":"General automotive repair","hybrid":"No","transit_score":0.248,"lead_score":0.124,"tier":3,"dauid":"48110844","ward":"","bia":"","nearest_stop_dist":413.4,"transit_buffer_score":0.5},"geometry":{"type":"Point","coordinates":[-113.471423,53.499135]}},{"type":"Feature","properties":{"name":"ABUNDANT LIFE MINISTRIES","size":"5-9","address":"6111 91 STREET NW","sector":"Other services (except public administration)","naics_desc":"Religious organizations","hybrid":"No","transit_score":0.248,"lead_score":0.124,"tier":3,"dauid":"48110742","ward":"Métis","bia":"","nearest_stop_dist":447.2,"transit_buffer_score":0.5},"geometry":{"type":"Point","coordinates":[-113.466117,53.498091]}},{"type":"Feature","properties":{"name":"PJ VALVE","size":"5-9","address":"5910 68 AVENUE NW","sector":"Wholesale trade","naics_desc":"Industrial machinery, equipment and supplies merchant wholesalers","hybrid":"No","transit_score":0.246,"lead_score":0.123,"tier":3,"dauid":"48110790","ward":"Karhiio","bia":"","nearest_stop_dist":496,"transit_buffer_score":0.5},"geometry":{"type":"Point","coordinates":[-113.425831,53.505138]}},{"type":"Feature","properties":{"name":"PJ VALVE","size":"5-9","address":"5910 68 AVENUE NW","sector":"Wholesale trade","naics_desc":"Industrial machinery, equipment and supplies merchant wholesalers","hybrid":"No","transit_score":0.246,"lead_score":0.123,"tier":3,"dauid":"48110790","ward":"","bia":"","nearest_stop_dist":496,"transit_buffer_score":0.5},"geometry":{"type":"Point","coordinates":[-113.425831,53.505138]}},{"type":"Feature","properties":{"name":"BAUMER TOOLS","size":"5-9","address":"6747 59 STREET NW","sector":"Wholesale trade","naics_desc":"Industrial machinery, equipment and supplies merchant wholesalers","hybrid":"No","transit_score":0.246,"lead_score":0.123,"tier":3,"dauid":"48110790","ward":"Karhiio","bia":"","nearest_stop_dist":444,"transit_buffer_score":0.5},"geometry":{"type":"Point","coordinates":[-113.425072,53.503894]}},{"type":"Feature","properties":{"name":"AUTOSHINE CAR & TRUCK SALE","size":"5-9","address":"10365 59 AVENUE NW","sector":"Retail trade","naics_desc":"Used car dealers","hybrid":"No","transit_score":0.243,"lead_score":0.121,"tier":3,"dauid":"48110847","ward":"","bia":"","nearest_stop_dist":430.6,"transit_buffer_score":0.5},"geometry":{"type":"Point","coordinates":[-113.496125,53.495895]}},{"type":"Feature","properties":{"name":"TRUE BEAUTY ESTHETICS","size":"5-9","address":"5720 104 STREET NW","sector":"Other services (except public administration)","naics_desc":"Beauty salons","hybrid":"No","transit_score":0.243,"lead_score":0.121,"tier":3,"dauid":"48110847","ward":"papastew","bia":"","nearest_stop_dist":418.9,"transit_buffer_score":0.5},"geometry":{"type":"Point","coordinates":[-113.498154,53.494553]}},{"type":"Feature","properties":{"name":"FLORANS","size":"5-9","address":"5530 CALGARY TRAIL NW","sector":"Retail trade","naics_desc":"Florists","hybrid":"No","transit_score":0.243,"lead_score":0.121,"tier":3,"dauid":"48110847","ward":"papastew","bia":"","nearest_stop_dist":414,"transit_buffer_score":0.5},"geometry":{"type":"Point","coordinates":[-113.4981,53.4931]}},{"type":"Feature","properties":{"name":"ASPEN INSTALLS","size":"5-9","address":"10352 58 AVENUE NW","sector":"Administrative and support, waste management and remediation services","naics_desc":"All other support services","hybrid":"No","transit_score":0.243,"lead_score":0.121,"tier":3,"dauid":"48110847","ward":"","bia":"","nearest_stop_dist":508.6,"transit_buffer_score":0.5},"geometry":{"type":"Point","coordinates":[-113.495304,53.49527]}},{"type":"Feature","properties":{"name":"STATENORTH CLOTHING COMPANY","size":"5-9","address":"5415 CALGARY TRAIL NW","sector":"Retail trade","naics_desc":"All other clothing retailers","hybrid":"No","transit_score":0.243,"lead_score":0.121,"tier":3,"dauid":"48110847","ward":"papastew","bia":"","nearest_stop_dist":417.3,"transit_buffer_score":0.5},"geometry":{"type":"Point","coordinates":[-113.494106,53.491936]}},{"type":"Feature","properties":{"name":"ROSEWOOD APARTMENTS","size":"5-9","address":"15520 98 AVENUE NW","sector":"Real estate and rental and leasing","naics_desc":"Lessors of residential buildings and dwellings (except social housing projects)","hybrid":"No","transit_score":0.242,"lead_score":0.121,"tier":3,"dauid":"48111074","ward":"Nakota Isga","bia":"","nearest_stop_dist":460.5,"transit_buffer_score":0.5},"geometry":{"type":"Point","coordinates":[-113.589797,53.536406]}},{"type":"Feature","properties":{"name":"KOREAN AUTO PARTS LTD","size":"5-9","address":"5632 103A STREET NW","sector":"Retail trade","naics_desc":"Automotive parts and accessories retailers","hybrid":"No","transit_score":0.243,"lead_score":0.121,"tier":3,"dauid":"48110847","ward":"","bia":"","nearest_stop_dist":590.6,"transit_buffer_score":0.5},"geometry":{"type":"Point","coordinates":[-113.495376,53.493889]}},{"type":"Feature","properties":{"name":"ALLSPEC CUSTOM & REPAIR","size":"5-9","address":"5419 CALGARY TRAIL NW","sector":"Other services (except public administration)","naics_desc":"General automotive repair","hybrid":"No","transit_score":0.243,"lead_score":0.121,"tier":3,"dauid":"48110847","ward":"","bia":"","nearest_stop_dist":435.4,"transit_buffer_score":0.5},"geometry":{"type":"Point","coordinates":[-113.493614,53.492125]}},{"type":"Feature","properties":{"name":"ALBERTA PRECISION SAW & TOOL","size":"5-9","address":"10345 59 AVENUE NW","sector":"Manufacturing","naics_desc":"Other metalworking machinery manufacturing","hybrid":"No","transit_score":0.243,"lead_score":0.121,"tier":3,"dauid":"48110847","ward":"papastew","bia":"","nearest_stop_dist":440.6,"transit_buffer_score":0.5},"geometry":{"type":"Point","coordinates":[-113.495261,53.495906]}},{"type":"Feature","properties":{"name":"CALGARY TRAIL SOUTH AUTO HOME","size":"5-9","address":"10374 58 AVENUE NW","sector":"Other services (except public administration)","naics_desc":"All other automotive repair and maintenance","hybrid":"No","transit_score":0.243,"lead_score":0.121,"tier":3,"dauid":"48110847","ward":"papastew","bia":"","nearest_stop_dist":489.1,"transit_buffer_score":0.5},"geometry":{"type":"Point","coordinates":[-113.497119,53.494693]}},{"type":"Feature","properties":{"name":"AAA EDMONTON CASH FOR CARS","size":"5-9","address":"5632 103A STREET NW","sector":"Retail trade","naics_desc":"Used car dealers","hybrid":"No","transit_score":0.243,"lead_score":0.121,"tier":3,"dauid":"48110847","ward":"","bia":"","nearest_stop_dist":569,"transit_buffer_score":0.5},"geometry":{"type":"Point","coordinates":[-113.495712,53.493974]}},{"type":"Feature","properties":{"name":"CREDIT ANGELS","size":"5-9","address":"5404 GATEWAY BOULEVARD NW","sector":"Retail trade","naics_desc":"Used car dealers","hybrid":"No","transit_score":0.243,"lead_score":0.121,"tier":3,"dauid":"48110847","ward":"papastew","bia":"","nearest_stop_dist":433.4,"transit_buffer_score":0.5},"geometry":{"type":"Point","coordinates":[-113.493181,53.492137]}},{"type":"Feature","properties":{"name":"CANWE SOLUTIONS LTD.","size":"5-9","address":"10364 58 AVENUE NW","sector":"Professional, scientific and technical services","naics_desc":"Engineering services","hybrid":"No","transit_score":0.243,"lead_score":0.121,"tier":3,"dauid":"48110847","ward":"","bia":"","nearest_stop_dist":490.4,"transit_buffer_score":0.5},"geometry":{"type":"Point","coordinates":[-113.495743,53.495386]}},{"type":"Feature","properties":{"name":"PUBLIC AUTO BODY","size":"5-9","address":"5849 104 STREET NW","sector":"Other services (except public administration)","naics_desc":"Automotive body, paint and interior repair and maintenance","hybrid":"No","transit_score":0.243,"lead_score":0.121,"tier":3,"dauid":"48110847","ward":"papastew","bia":"","nearest_stop_dist":432.3,"transit_buffer_score":0.5},"geometry":{"type":"Point","coordinates":[-113.497321,53.495851]}},{"type":"Feature","properties":{"name":"POPEYE'S SUPPLEMENTS EDMONTON SOUTH","size":"5-9","address":"5508 CALGARY TRAIL NW","sector":"Retail trade","naics_desc":"Food (health) supplement retailers","hybrid":"No","transit_score":0.243,"lead_score":0.121,"tier":3,"dauid":"48110847","ward":"","bia":"","nearest_stop_dist":480.6,"transit_buffer_score":0.5},"geometry":{"type":"Point","coordinates":[-113.497226,53.492528]}},{"type":"Feature","properties":{"name":"PUBLIC AUTO BODY","size":"5-9","address":"5849 104 STREET NW","sector":"Other services (except public administration)","naics_desc":"Automotive body, paint and interior repair and maintenance","hybrid":"No","transit_score":0.243,"lead_score":0.121,"tier":3,"dauid":"48110847","ward":"","bia":"","nearest_stop_dist":432.3,"transit_buffer_score":0.5},"geometry":{"type":"Point","coordinates":[-113.497321,53.495851]}},{"type":"Feature","properties":{"name":"PLANET OF THE VAPES","size":"5-9","address":"5548 CALGARY TRAIL NW","sector":"Retail trade","naics_desc":"All other miscellaneous retailers (except beer and wine-making supplies retailers)","hybrid":"No","transit_score":0.243,"lead_score":0.121,"tier":3,"dauid":"48110847","ward":"","bia":"","nearest_stop_dist":412.6,"transit_buffer_score":0.5},"geometry":{"type":"Point","coordinates":[-113.498134,53.493051]}},{"type":"Feature","properties":{"name":"HOMES ALIVE PETS","size":"5-9","address":"5630 103A STREET NW","sector":"Transportation and warehousing","naics_desc":"Other warehousing and storage","hybrid":"No","transit_score":0.243,"lead_score":0.121,"tier":3,"dauid":"48110847","ward":"papastew","bia":"","nearest_stop_dist":590.8,"transit_buffer_score":0.5},"geometry":{"type":"Point","coordinates":[-113.495367,53.493802]}},{"type":"Feature","properties":{"name":"MASSAGE 1ST THERAPY CLINIC","size":"5-9","address":"5528 CALGARY TRAIL NW","sector":"Other services (except public administration)","naics_desc":"Other personal care services","hybrid":"No","transit_score":0.243,"lead_score":0.121,"tier":3,"dauid":"48110847","ward":"papastew","bia":"","nearest_stop_dist":414,"transit_buffer_score":0.5},"geometry":{"type":"Point","coordinates":[-113.4981,53.4931]}},{"type":"Feature","properties":{"name":"OPULENCE SMART HOMES LTD.","size":"5-9","address":"10368 58 AVENUE NW","sector":"Construction","naics_desc":"Electrical contractors and other wiring installation contractors","hybrid":"No","transit_score":0.243,"lead_score":0.121,"tier":3,"dauid":"48110847","ward":"","bia":"","nearest_stop_dist":490.1,"transit_buffer_score":0.5},"geometry":{"type":"Point","coordinates":[-113.496245,53.495348]}},{"type":"Feature","properties":{"name":"EUROPEAN AUTO TINTING","size":"5-9","address":"5723 104 STREET NW","sector":"Other services (except public administration)","naics_desc":"Automotive glass replacement shops","hybrid":"No","transit_score":0.243,"lead_score":0.121,"tier":3,"dauid":"48110847","ward":"papastew","bia":"","nearest_stop_dist":488.4,"transit_buffer_score":0.5},"geometry":{"type":"Point","coordinates":[-113.497201,53.494851]}},{"type":"Feature","properties":{"name":"EDGE AUTO & TIRES","size":"5-9","address":"10372 58 AVENUE NW","sector":"Other services (except public administration)","naics_desc":"General automotive repair","hybrid":"No","transit_score":0.243,"lead_score":0.121,"tier":3,"dauid":"48110847","ward":"papastew","bia":"","nearest_stop_dist":427.9,"transit_buffer_score":0.5},"geometry":{"type":"Point","coordinates":[-113.493555,53.492062]}},{"type":"Feature","properties":{"name":"GIA CONTROLS","size":"5-9","address":"5807 103A STREET NW","sector":"Management of companies and enterprises","naics_desc":"Corporate, regional and subsidiary management offices and companies","hybrid":"No","transit_score":0.243,"lead_score":0.121,"tier":3,"dauid":"48110847","ward":"papastew","bia":"","nearest_stop_dist":499.7,"transit_buffer_score":0.5},"geometry":{"type":"Point","coordinates":[-113.4944,53.49537]}},{"type":"Feature","properties":{"name":"PHOENIX AUTO RECYCLING","size":"5-9","address":"5815 103A STREET NW","sector":"Wholesale trade","naics_desc":"Recyclable metal merchant wholesalers","hybrid":"No","transit_score":0.243,"lead_score":0.121,"tier":3,"dauid":"48110847","ward":"","bia":"","nearest_stop_dist":468.4,"transit_buffer_score":0.5},"geometry":{"type":"Point","coordinates":[-113.4944,53.49566]}},{"type":"Feature","properties":{"name":"NIGEL KENNET PROFESSIONAL CORPORATION","size":"5-9","address":"5555 CALGARY TRAIL NW","sector":"Professional, scientific and technical services","naics_desc":"Offices of accountants","hybrid":"No","transit_score":0.243,"lead_score":0.121,"tier":3,"dauid":"48110847","ward":"papastew","bia":"","nearest_stop_dist":505.6,"transit_buffer_score":0.5},"geometry":{"type":"Point","coordinates":[-113.496062,53.492827]}},{"type":"Feature","properties":{"name":"BLACK MARKET TATTOO","size":"5-9","address":"5524 CALGARY TRAIL NW","sector":"Other services (except public administration)","naics_desc":"Other personal care services","hybrid":"No","transit_score":0.243,"lead_score":0.121,"tier":3,"dauid":"48110847","ward":"papastew","bia":"","nearest_stop_dist":413.4,"transit_buffer_score":0.5},"geometry":{"type":"Point","coordinates":[-113.498167,53.492898]}},{"type":"Feature","properties":{"name":"CALGARY TRAIL NOODLE HOUSE","size":"5-9","address":"5730 104 STREET NW","sector":"Accommodation and food services","naics_desc":"Full-service restaurants","hybrid":"No","transit_score":0.243,"lead_score":0.121,"tier":3,"dauid":"48110847","ward":"papastew","bia":"","nearest_stop_dist":431.8,"transit_buffer_score":0.5},"geometry":{"type":"Point","coordinates":[-113.498131,53.49492]}},{"type":"Feature","properties":{"name":"CAMELOT IMMIGRATION SERVICES INC","size":"5-9","address":"5604 104 STREET NW","sector":"Professional, scientific and technical services","naics_desc":"Other legal services","hybrid":"No","transit_score":0.243,"lead_score":0.121,"tier":3,"dauid":"48110847","ward":"papastew","bia":"","nearest_stop_dist":403.2,"transit_buffer_score":0.5},"geometry":{"type":"Point","coordinates":[-113.4982,53.4937]}},{"type":"Feature","properties":{"name":"GATEWAY AUTO","size":"5-9","address":"5404 GATEWAY BOULEVARD NW","sector":"Retail trade","naics_desc":"Used car dealers","hybrid":"No","transit_score":0.243,"lead_score":0.121,"tier":3,"dauid":"48110847","ward":"","bia":"","nearest_stop_dist":432.8,"transit_buffer_score":0.5},"geometry":{"type":"Point","coordinates":[-113.493315,53.492124]}},{"type":"Feature","properties":{"name":"BIN 104 FINE WINE & SPIRITS","size":"5-9","address":"5454 CALGARY TRAIL NW","sector":"Retail trade","naics_desc":"Beer, wine and liquor retailers","hybrid":"No","transit_score":0.243,"lead_score":0.121,"tier":3,"dauid":"48110847","ward":"","bia":"","nearest_stop_dist":409.4,"transit_buffer_score":0.5},"geometry":{"type":"Point","coordinates":[-113.496699,53.491911]}},{"type":"Feature","properties":{"name":"LAYERED HQ","size":"5-9","address":"5532 CALGARY TRAIL NW","sector":"Manufacturing","naics_desc":"Bakeries, manufacture of products for retail sale","hybrid":"No","transit_score":0.243,"lead_score":0.121,"tier":3,"dauid":"48110847","ward":"","bia":"","nearest_stop_dist":416.2,"transit_buffer_score":0.5},"geometry":{"type":"Point","coordinates":[-113.498166,53.492766]}},{"type":"Feature","properties":{"name":"EDM PROTEC AUTO","size":"5-9","address":"10367 59 AVENUE NW","sector":"Other services (except public administration)","naics_desc":"All other automotive repair and maintenance","hybrid":"No","transit_score":0.243,"lead_score":0.121,"tier":3,"dauid":"48110847","ward":"","bia":"","nearest_stop_dist":448,"transit_buffer_score":0.5},"geometry":{"type":"Point","coordinates":[-113.496205,53.495732]}},{"type":"Feature","properties":{"name":"EDMONTON PSYCHOLOGY COLLECTIVE","size":"5-9","address":"5555 CALGARY TRAIL NW","sector":"Health care and social assistance","naics_desc":"Offices of mental health practitioners (except physicians)","hybrid":"No","transit_score":0.243,"lead_score":0.121,"tier":3,"dauid":"48110847","ward":"papastew","bia":"","nearest_stop_dist":509.5,"transit_buffer_score":0.5},"geometry":{"type":"Point","coordinates":[-113.496363,53.492848]}},{"type":"Feature","properties":{"name":"SHELL","size":"5-9","address":"5830 104 STREET NW","sector":"Retail trade","naics_desc":"Gasoline stations with convenience stores","hybrid":"No","transit_score":0.243,"lead_score":0.121,"tier":3,"dauid":"48110847","ward":"","bia":"","nearest_stop_dist":424.7,"transit_buffer_score":0.5},"geometry":{"type":"Point","coordinates":[-113.498071,53.495675]}},{"type":"Feature","properties":{"name":"POPEYE'S SUPPLEMENTS EDMONTON SOUTH","size":"5-9","address":"5508 CALGARY TRAIL NW","sector":"Retail trade","naics_desc":"Food (health) supplement retailers","hybrid":"No","transit_score":0.243,"lead_score":0.121,"tier":3,"dauid":"48110847","ward":"papastew","bia":"","nearest_stop_dist":480.6,"transit_buffer_score":0.5},"geometry":{"type":"Point","coordinates":[-113.497226,53.492528]}},{"type":"Feature","properties":{"name":"H AUTO AND TIRE","size":"5-9","address":"10372 58 AVENUE NW","sector":"Other services (except public administration)","naics_desc":"General automotive repair","hybrid":"No","transit_score":0.243,"lead_score":0.121,"tier":3,"dauid":"48110847","ward":"papastew","bia":"","nearest_stop_dist":496,"transit_buffer_score":0.5},"geometry":{"type":"Point","coordinates":[-113.496141,53.495302]}},{"type":"Feature","properties":{"name":"CHRISTOPHER J HARKE PROFESSIONAL CORPORATION","size":"5-9","address":"5555 CALGARY TRAIL NW","sector":"Professional, scientific and technical services","naics_desc":"Offices of lawyers","hybrid":"No","transit_score":0.243,"lead_score":0.121,"tier":3,"dauid":"48110847","ward":"papastew","bia":"","nearest_stop_dist":513.1,"transit_buffer_score":0.5},"geometry":{"type":"Point","coordinates":[-113.49661,53.493002]}},{"type":"Feature","properties":{"name":"DOUG'S PLACE SOUTHGATE COLLISION REPAIRS","size":"5-9","address":"5610 103A STREET NW","sector":"Other services (except public administration)","naics_desc":"Automotive body, paint and interior repair and maintenance","hybrid":"No","transit_score":0.243,"lead_score":0.121,"tier":3,"dauid":"48110847","ward":"","bia":"","nearest_stop_dist":565.7,"transit_buffer_score":0.5},"geometry":{"type":"Point","coordinates":[-113.49487,53.493358]}},{"type":"Feature","properties":{"name":"THE 44 SOUNDS HEARING AID CLINIC","size":"5-9","address":"5544 CALGARY TRAIL NW","sector":"Retail trade","naics_desc":"All other health and personal care retailers","hybrid":"No","transit_score":0.243,"lead_score":0.121,"tier":3,"dauid":"48110847","ward":"papastew","bia":"","nearest_stop_dist":415.7,"transit_buffer_score":0.5},"geometry":{"type":"Point","coordinates":[-113.498073,53.493102]}},{"type":"Feature","properties":{"name":"DASS CAN-K PUMPS INC.","size":"5-9","address":"5734 GATEWAY BOULEVARD NW","sector":"Mining, quarrying, and oil and gas extraction","naics_desc":"Services to oil and gas extraction","hybrid":"No","transit_score":0.243,"lead_score":0.121,"tier":3,"dauid":"48110847","ward":"papastew","bia":"","nearest_stop_dist":422.6,"transit_buffer_score":0.5},"geometry":{"type":"Point","coordinates":[-113.4926,53.4949]}},{"type":"Feature","properties":{"name":"YOGI’S AUTO WORKS","size":"5-9","address":"10372 58 AVENUE NW","sector":"Other services (except public administration)","naics_desc":"General automotive repair","hybrid":"No","transit_score":0.243,"lead_score":0.121,"tier":3,"dauid":"48110847","ward":"papastew","bia":"","nearest_stop_dist":499.7,"transit_buffer_score":0.5},"geometry":{"type":"Point","coordinates":[-113.496322,53.495257]}},{"type":"Feature","properties":{"name":"HUSCO INDUSTRIAL LTD","size":"5-9","address":"5634 103A STREET NW","sector":"Manufacturing","naics_desc":"All other general-purpose machinery manufacturing","hybrid":"No","transit_score":0.243,"lead_score":0.121,"tier":3,"dauid":"48110847","ward":"papastew","bia":"","nearest_stop_dist":592.6,"transit_buffer_score":0.5},"geometry":{"type":"Point","coordinates":[-113.495356,53.493985]}},{"type":"Feature","properties":{"name":"HAUTMANN LAW","size":"5-9","address":"5555 CALGARY TRAIL NW","sector":"Professional, scientific and technical services","naics_desc":"Offices of lawyers","hybrid":"No","transit_score":0.243,"lead_score":0.121,"tier":3,"dauid":"48110847","ward":"","bia":"","nearest_stop_dist":506.6,"transit_buffer_score":0.5},"geometry":{"type":"Point","coordinates":[-113.49634,53.492823]}},{"type":"Feature","properties":{"name":"ASPEN INSTALLS","size":"5-9","address":"10352 58 AVENUE NW","sector":"Administrative and support, waste management and remediation services","naics_desc":"All other support services","hybrid":"No","transit_score":0.243,"lead_score":0.121,"tier":3,"dauid":"48110847","ward":"papastew","bia":"","nearest_stop_dist":508.6,"transit_buffer_score":0.5},"geometry":{"type":"Point","coordinates":[-113.495304,53.49527]}},{"type":"Feature","properties":{"name":"SUNNY AUTO SALES","size":"5-9","address":"5811 104 STREET NW","sector":"Retail trade","naics_desc":"Used car dealers","hybrid":"No","transit_score":0.243,"lead_score":0.121,"tier":3,"dauid":"48110847","ward":"","bia":"","nearest_stop_dist":430.3,"transit_buffer_score":0.5},"geometry":{"type":"Point","coordinates":[-113.497216,53.495867]}},{"type":"Feature","properties":{"name":"HOTTIPS NAILS - CALGARY TRAIL( 104 STREET AND 55 AVE )","size":"5-9","address":"5516 CALGARY TRAIL NW","sector":"Other services (except public administration)","naics_desc":"Beauty salons","hybrid":"No","transit_score":0.243,"lead_score":0.121,"tier":3,"dauid":"48110847","ward":"papastew","bia":"","nearest_stop_dist":468,"transit_buffer_score":0.5},"geometry":{"type":"Point","coordinates":[-113.497423,53.492505]}},{"type":"Feature","properties":{"name":"MR VEHICLES","size":"5-9","address":"5811 104 STREET NW","sector":"Retail trade","naics_desc":"Used car dealers","hybrid":"No","transit_score":0.243,"lead_score":0.121,"tier":3,"dauid":"48110847","ward":"papastew","bia":"","nearest_stop_dist":435.4,"transit_buffer_score":0.5},"geometry":{"type":"Point","coordinates":[-113.497052,53.495819]}},{"type":"Feature","properties":{"name":"CAMELOT IMMIGRATION SERVICES INC.","size":"5-9","address":"5604 104 STREET NW","sector":"Professional, scientific and technical services","naics_desc":"Other legal services","hybrid":"No","transit_score":0.243,"lead_score":0.121,"tier":3,"dauid":"48110847","ward":"","bia":"","nearest_stop_dist":403.2,"transit_buffer_score":0.5},"geometry":{"type":"Point","coordinates":[-113.4982,53.4937]}},{"type":"Feature","properties":{"name":"DOUG'S PLACE SOUTHGATE COLLISION REPAIRS","size":"5-9","address":"5610 103A STREET NW","sector":"Other services (except public administration)","naics_desc":"Automotive body, paint and interior repair and maintenance","hybrid":"No","transit_score":0.243,"lead_score":0.121,"tier":3,"dauid":"48110847","ward":"papastew","bia":"","nearest_stop_dist":568.1,"transit_buffer_score":0.5},"geometry":{"type":"Point","coordinates":[-113.494913,53.493382]}},{"type":"Feature","properties":{"name":"MIDTOWN EDMONTON PERIODONTICS","size":"5-9","address":"5555 CALGARY TRAIL NW","sector":"Health care and social assistance","naics_desc":"Offices of dentists","hybrid":"No","transit_score":0.243,"lead_score":0.121,"tier":3,"dauid":"48110847","ward":"papastew","bia":"","nearest_stop_dist":523,"transit_buffer_score":0.5},"geometry":{"type":"Point","coordinates":[-113.496374,53.492969]}},{"type":"Feature","properties":{"name":"NORTH STAR ALARM","size":"5-9","address":"5604 104 STREET NW","sector":"Administrative and support, waste management and remediation services","naics_desc":"Security systems services (except locksmiths)","hybrid":"No","transit_score":0.243,"lead_score":0.121,"tier":3,"dauid":"48110847","ward":"papastew","bia":"","nearest_stop_dist":403.2,"transit_buffer_score":0.5},"geometry":{"type":"Point","coordinates":[-113.4982,53.4937]}},{"type":"Feature","properties":{"name":"DEPT.9 STUDIOS","size":"5-9","address":"5625 103A STREET NW","sector":"Information and cultural industries","naics_desc":"Motion picture and video production","hybrid":"No","transit_score":0.243,"lead_score":0.121,"tier":3,"dauid":"48110847","ward":"","bia":"","nearest_stop_dist":531.4,"transit_buffer_score":0.5},"geometry":{"type":"Point","coordinates":[-113.4939,53.49397]}},{"type":"Feature","properties":{"name":"CREDIT ANGELS","size":"5-9","address":"5404 GATEWAY BOULEVARD NW","sector":"Retail trade","naics_desc":"Used car dealers","hybrid":"No","transit_score":0.243,"lead_score":0.121,"tier":3,"dauid":"48110847","ward":"","bia":"","nearest_stop_dist":433.4,"transit_buffer_score":0.5},"geometry":{"type":"Point","coordinates":[-113.493181,53.492137]}},{"type":"Feature","properties":{"name":"THE SPA SPOT","size":"5-9","address":"5718 GATEWAY BOULEVARD NW","sector":"Retail trade","naics_desc":"All other miscellaneous retailers (except beer and wine-making supplies retailers)","hybrid":"No","transit_score":0.243,"lead_score":0.121,"tier":3,"dauid":"48110847","ward":"papastew","bia":"","nearest_stop_dist":440,"transit_buffer_score":0.5},"geometry":{"type":"Point","coordinates":[-113.492764,53.49459]}},{"type":"Feature","properties":{"name":"ALBERTA PRECISION SAW & TOOL","size":"5-9","address":"10345 59 AVENUE NW","sector":"Manufacturing","naics_desc":"Other metalworking machinery manufacturing","hybrid":"No","transit_score":0.243,"lead_score":0.121,"tier":3,"dauid":"48110847","ward":"","bia":"","nearest_stop_dist":440.6,"transit_buffer_score":0.5},"geometry":{"type":"Point","coordinates":[-113.495261,53.495906]}},{"type":"Feature","properties":{"name":"DASS CAN-K PUMPS INC.","size":"5-9","address":"5734 GATEWAY BOULEVARD NW","sector":"Mining, quarrying, and oil and gas extraction","naics_desc":"Services to oil and gas extraction","hybrid":"No","transit_score":0.243,"lead_score":0.121,"tier":3,"dauid":"48110847","ward":"","bia":"","nearest_stop_dist":422.6,"transit_buffer_score":0.5},"geometry":{"type":"Point","coordinates":[-113.4926,53.4949]}},{"type":"Feature","properties":{"name":"HUSCO INDUSTRIAL LTD","size":"5-9","address":"5634 103A STREET NW","sector":"Manufacturing","naics_desc":"All other general-purpose machinery manufacturing","hybrid":"No","transit_score":0.243,"lead_score":0.121,"tier":3,"dauid":"48110847","ward":"","bia":"","nearest_stop_dist":556.8,"transit_buffer_score":0.5},"geometry":{"type":"Point","coordinates":[-113.495883,53.493811]}},{"type":"Feature","properties":{"name":"EUPHORIA POP UP HAIR EXTENSIONS AND ACCESSORIES","size":"5-9","address":"5722 104 STREET NW","sector":"Other services (except public administration)","naics_desc":"Beauty salons","hybrid":"No","transit_score":0.243,"lead_score":0.121,"tier":3,"dauid":"48110847","ward":"","bia":"","nearest_stop_dist":403.4,"transit_buffer_score":0.5},"geometry":{"type":"Point","coordinates":[-113.498339,53.494415]}},{"type":"Feature","properties":{"name":"EUROPEAN AUTO TINTING","size":"5-9","address":"5723 104 STREET NW","sector":"Other services (except public administration)","naics_desc":"Automotive glass replacement shops","hybrid":"No","transit_score":0.243,"lead_score":0.121,"tier":3,"dauid":"48110847","ward":"","bia":"","nearest_stop_dist":488.4,"transit_buffer_score":0.5},"geometry":{"type":"Point","coordinates":[-113.497201,53.494851]}},{"type":"Feature","properties":{"name":"CANWE SOLUTIONS LTD.","size":"5-9","address":"10364 58 AVENUE NW","sector":"Professional, scientific and technical services","naics_desc":"Engineering services","hybrid":"No","transit_score":0.243,"lead_score":0.121,"tier":3,"dauid":"48110847","ward":"papastew","bia":"","nearest_stop_dist":490.4,"transit_buffer_score":0.5},"geometry":{"type":"Point","coordinates":[-113.495743,53.495386]}},{"type":"Feature","properties":{"name":"HAUTMANN LAW","size":"5-9","address":"5555 CALGARY TRAIL NW","sector":"Professional, scientific and technical services","naics_desc":"Offices of lawyers","hybrid":"No","transit_score":0.243,"lead_score":0.121,"tier":3,"dauid":"48110847","ward":"papastew","bia":"","nearest_stop_dist":506.6,"transit_buffer_score":0.5},"geometry":{"type":"Point","coordinates":[-113.49634,53.492823]}},{"type":"Feature","properties":{"name":"MILK & COOKIES BAKESHOP","size":"5-9","address":"5532 CALGARY TRAIL NW","sector":"Retail trade","naics_desc":"Baked goods retailers","hybrid":"No","transit_score":0.243,"lead_score":0.121,"tier":3,"dauid":"48110847","ward":"","bia":"","nearest_stop_dist":415.7,"transit_buffer_score":0.5},"geometry":{"type":"Point","coordinates":[-113.498073,53.493102]}},{"type":"Feature","properties":{"name":"MR VEHICLES","size":"5-9","address":"5811 104 STREET NW","sector":"Retail trade","naics_desc":"Used car dealers","hybrid":"No","transit_score":0.243,"lead_score":0.121,"tier":3,"dauid":"48110847","ward":"","bia":"","nearest_stop_dist":435.4,"transit_buffer_score":0.5},"geometry":{"type":"Point","coordinates":[-113.497052,53.495819]}},{"type":"Feature","properties":{"name":"DON NICHOLLS DREAM MACHINE","size":"5-9","address":"5625 GATEWAY BOULEVARD NW","sector":"Retail trade","naics_desc":"Used car dealers","hybrid":"No","transit_score":0.243,"lead_score":0.121,"tier":3,"dauid":"48110847","ward":"","bia":"","nearest_stop_dist":407.1,"transit_buffer_score":0.5},"geometry":{"type":"Point","coordinates":[-113.491726,53.493616]}},{"type":"Feature","properties":{"name":"EDMONTON GUITAR MUSIC SCHOOL INC.","size":"5-9","address":"5526 CALGARY TRAIL NW","sector":"Educational services","naics_desc":"Fine arts schools","hybrid":"No","transit_score":0.243,"lead_score":0.121,"tier":3,"dauid":"48110847","ward":"papastew","bia":"","nearest_stop_dist":416.8,"transit_buffer_score":0.5},"geometry":{"type":"Point","coordinates":[-113.498059,53.493095]}},{"type":"Feature","properties":{"name":"EDGE AUTO & TIRES","size":"5-9","address":"5419 CALGARY TRAIL NW","sector":"Other services (except public administration)","naics_desc":"General automotive repair","hybrid":"No","transit_score":0.243,"lead_score":0.121,"tier":3,"dauid":"48110847","ward":"","bia":"","nearest_stop_dist":427.9,"transit_buffer_score":0.5},"geometry":{"type":"Point","coordinates":[-113.493555,53.492062]}},{"type":"Feature","properties":{"name":"EDDIE'S MEN'S WEAR LTD.","size":"5-9","address":"5450 CALGARY TRAIL NW","sector":"Retail trade","naics_desc":"Men's clothing retailers","hybrid":"No","transit_score":0.243,"lead_score":0.121,"tier":3,"dauid":"48110847","ward":"papastew","bia":"","nearest_stop_dist":419.8,"transit_buffer_score":0.5},"geometry":{"type":"Point","coordinates":[-113.496804,53.491995]}},{"type":"Feature","properties":{"name":"BIN 104 FINE WINE & SPIRITS","size":"5-9","address":"5454 CALGARY TRAIL NW","sector":"Retail trade","naics_desc":"Beer, wine and liquor retailers","hybrid":"No","transit_score":0.243,"lead_score":0.121,"tier":3,"dauid":"48110847","ward":"papastew","bia":"","nearest_stop_dist":409.4,"transit_buffer_score":0.5},"geometry":{"type":"Point","coordinates":[-113.496699,53.491911]}},{"type":"Feature","properties":{"name":"ATMA CENA","size":"5-9","address":"5555 CALGARY TRAIL NW","sector":"Health care and social assistance","naics_desc":"Offices of mental health practitioners (except physicians)","hybrid":"No","transit_score":0.243,"lead_score":0.121,"tier":3,"dauid":"48110847","ward":"papastew","bia":"","nearest_stop_dist":521.5,"transit_buffer_score":0.5},"geometry":{"type":"Point","coordinates":[-113.496441,53.492952]}},{"type":"Feature","properties":{"name":"DR. ERIC KWAN AND DR. ROBIN REITER","size":"5-9","address":"5555 CALGARY TRAIL NW","sector":"Health care and social assistance","naics_desc":"Offices of dentists","hybrid":"No","transit_score":0.243,"lead_score":0.121,"tier":3,"dauid":"48110847","ward":"papastew","bia":"","nearest_stop_dist":500.8,"transit_buffer_score":0.5},"geometry":{"type":"Point","coordinates":[-113.496303,53.492773]}},{"type":"Feature","properties":{"name":"HOTTIPS NAILS - CALGARY TRAIL( 104 STREET AND 55 AVE )","size":"5-9","address":"5516 CALGARY TRAIL NW","sector":"Other services (except public administration)","naics_desc":"Beauty salons","hybrid":"No","transit_score":0.243,"lead_score":0.121,"tier":3,"dauid":"48110847","ward":"","bia":"","nearest_stop_dist":468,"transit_buffer_score":0.5},"geometry":{"type":"Point","coordinates":[-113.497423,53.492505]}},{"type":"Feature","properties":{"name":"OPULENCE SMART HOMES","size":"5-9","address":"10368 58 AVENUE NW","sector":"Construction","naics_desc":"Electrical contractors and other wiring installation contractors","hybrid":"No","transit_score":0.243,"lead_score":0.121,"tier":3,"dauid":"48110847","ward":"papastew","bia":"","nearest_stop_dist":502.2,"transit_buffer_score":0.5},"geometry":{"type":"Point","coordinates":[-113.495799,53.495273]}},{"type":"Feature","properties":{"name":"KOREAN AUTO PARTS LTD","size":"5-9","address":"5632 103A STREET NW","sector":"Retail trade","naics_desc":"Automotive parts and accessories retailers","hybrid":"No","transit_score":0.243,"lead_score":0.121,"tier":3,"dauid":"48110847","ward":"papastew","bia":"","nearest_stop_dist":590.6,"transit_buffer_score":0.5},"geometry":{"type":"Point","coordinates":[-113.495376,53.493889]}},{"type":"Feature","properties":{"name":"TEREF AUTO DEALS","size":"5-9","address":"5419 CALGARY TRAIL NW","sector":"Retail trade","naics_desc":"Used car dealers","hybrid":"No","transit_score":0.243,"lead_score":0.121,"tier":3,"dauid":"48110847","ward":"papastew","bia":"","nearest_stop_dist":427.4,"transit_buffer_score":0.5},"geometry":{"type":"Point","coordinates":[-113.493678,53.492046]}},{"type":"Feature","properties":{"name":"SUNNY AUTO SALES","size":"5-9","address":"5811 104 STREET NW","sector":"Retail trade","naics_desc":"Used car dealers","hybrid":"No","transit_score":0.243,"lead_score":0.121,"tier":3,"dauid":"48110847","ward":"papastew","bia":"","nearest_stop_dist":425.7,"transit_buffer_score":0.5},"geometry":{"type":"Point","coordinates":[-113.492641,53.492279]}},{"type":"Feature","properties":{"name":"CALGARY TRAIL SOUTH AUTO HOME","size":"5-9","address":"10374 58 AVENUE NW","sector":"Other services (except public administration)","naics_desc":"All other automotive repair and maintenance","hybrid":"No","transit_score":0.243,"lead_score":0.121,"tier":3,"dauid":"48110847","ward":"","bia":"","nearest_stop_dist":489.1,"transit_buffer_score":0.5},"geometry":{"type":"Point","coordinates":[-113.497119,53.494693]}},{"type":"Feature","properties":{"name":"TEREF AUTO DEALS","size":"5-9","address":"5419 CALGARY TRAIL NW","sector":"Retail trade","naics_desc":"Used car dealers","hybrid":"No","transit_score":0.243,"lead_score":0.121,"tier":3,"dauid":"48110847","ward":"","bia":"","nearest_stop_dist":427.4,"transit_buffer_score":0.5},"geometry":{"type":"Point","coordinates":[-113.493678,53.492046]}},{"type":"Feature","properties":{"name":"WILLIAMS HORST QUALITY GRINDING","size":"5-9","address":"10349 59 AVENUE NW","sector":"Manufacturing","naics_desc":"Other metalworking machinery manufacturing","hybrid":"No","transit_score":0.243,"lead_score":0.121,"tier":3,"dauid":"48110847","ward":"papastew","bia":"","nearest_stop_dist":449.9,"transit_buffer_score":0.5},"geometry":{"type":"Point","coordinates":[-113.495435,53.495794]}},{"type":"Feature","properties":{"name":"AAA EDMONTON CASH FOR CARS","size":"5-9","address":"5632 103A STREET NW","sector":"Retail trade","naics_desc":"Used car dealers","hybrid":"No","transit_score":0.243,"lead_score":0.121,"tier":3,"dauid":"48110847","ward":"papastew","bia":"","nearest_stop_dist":568.3,"transit_buffer_score":0.5},"geometry":{"type":"Point","coordinates":[-113.495722,53.493974]}},{"type":"Feature","properties":{"name":"TRAPHOUSE AUTOMOTIVE","size":"5-9","address":"10370 58 AVENUE NW","sector":"Other services (except public administration)","naics_desc":"General automotive repair","hybrid":"No","transit_score":0.243,"lead_score":0.121,"tier":3,"dauid":"48110847","ward":"papastew","bia":"","nearest_stop_dist":498.1,"transit_buffer_score":0.5},"geometry":{"type":"Point","coordinates":[-113.495989,53.495294]}},{"type":"Feature","properties":{"name":"WILLIAMS HORST QUALITY GRINDING","size":"5-9","address":"10349 59 AVENUE NW","sector":"Manufacturing","naics_desc":"Other metalworking machinery manufacturing","hybrid":"No","transit_score":0.243,"lead_score":0.121,"tier":3,"dauid":"48110847","ward":"","bia":"","nearest_stop_dist":449.9,"transit_buffer_score":0.5},"geometry":{"type":"Point","coordinates":[-113.495435,53.495794]}},{"type":"Feature","properties":{"name":"GIANNITSIOS PANAGIOTA","size":"5-9","address":"9735 156 STREET NW","sector":"Real estate and rental and leasing","naics_desc":"Lessors of residential buildings and dwellings (except social housing projects)","hybrid":"No","transit_score":0.242,"lead_score":0.121,"tier":3,"dauid":"48111074","ward":"Nakota Isga","bia":"","nearest_stop_dist":470.1,"transit_buffer_score":0.5},"geometry":{"type":"Point","coordinates":[-113.589801,53.535677]}},{"type":"Feature","properties":{"name":"KWAN & REITER PROFESSIONAL CORPORATION","size":"5-9","address":"5555 CALGARY TRAIL NW","sector":"Health care and social assistance","naics_desc":"Offices of dentists","hybrid":"No","transit_score":0.243,"lead_score":0.121,"tier":3,"dauid":"48110847","ward":"","bia":"","nearest_stop_dist":500.8,"transit_buffer_score":0.5},"geometry":{"type":"Point","coordinates":[-113.496303,53.492773]}},{"type":"Feature","properties":{"name":"PLANET OF THE VAPES","size":"5-9","address":"5548 CALGARY TRAIL NW","sector":"Retail trade","naics_desc":"All other miscellaneous retailers (except beer and wine-making supplies retailers)","hybrid":"No","transit_score":0.243,"lead_score":0.121,"tier":3,"dauid":"48110847","ward":"papastew","bia":"","nearest_stop_dist":412.6,"transit_buffer_score":0.5},"geometry":{"type":"Point","coordinates":[-113.498134,53.493051]}},{"type":"Feature","properties":{"name":"STATENORTH CLOTHING COMPANY","size":"5-9","address":"5415 CALGARY TRAIL NW","sector":"Retail trade","naics_desc":"All other clothing retailers","hybrid":"No","transit_score":0.243,"lead_score":0.121,"tier":3,"dauid":"48110847","ward":"","bia":"","nearest_stop_dist":417.3,"transit_buffer_score":0.5},"geometry":{"type":"Point","coordinates":[-113.494106,53.491936]}},{"type":"Feature","properties":{"name":"TRAPHOUSE AUTOMOTIVE","size":"5-9","address":"10370 58 AVENUE NW","sector":"Other services (except public administration)","naics_desc":"General automotive repair","hybrid":"No","transit_score":0.243,"lead_score":0.121,"tier":3,"dauid":"48110847","ward":"","bia":"","nearest_stop_dist":498.1,"transit_buffer_score":0.5},"geometry":{"type":"Point","coordinates":[-113.495989,53.495294]}},{"type":"Feature","properties":{"name":"DOONNEYS BEAUTY","size":"5-9","address":"5714 104 STREET NW","sector":"Retail trade","naics_desc":"Cosmetics, beauty supplies and perfume retailers","hybrid":"No","transit_score":0.243,"lead_score":0.121,"tier":3,"dauid":"48110847","ward":"papastew","bia":"","nearest_stop_dist":437.6,"transit_buffer_score":0.5},"geometry":{"type":"Point","coordinates":[-113.49789,53.494617]}},{"type":"Feature","properties":{"name":"THE 44 SOUNDS HEARING AID CLINIC","size":"5-9","address":"5544 CALGARY TRAIL NW","sector":"Retail trade","naics_desc":"All other health and personal care retailers","hybrid":"No","transit_score":0.243,"lead_score":0.121,"tier":3,"dauid":"48110847","ward":"","bia":"","nearest_stop_dist":415.7,"transit_buffer_score":0.5},"geometry":{"type":"Point","coordinates":[-113.498073,53.493102]}},{"type":"Feature","properties":{"name":"GATEWAY AUTO","size":"5-9","address":"5404 GATEWAY BOULEVARD NW","sector":"Retail trade","naics_desc":"Used car dealers","hybrid":"No","transit_score":0.243,"lead_score":0.121,"tier":3,"dauid":"48110847","ward":"papastew","bia":"","nearest_stop_dist":432.8,"transit_buffer_score":0.5},"geometry":{"type":"Point","coordinates":[-113.493315,53.492124]}},{"type":"Feature","properties":{"name":"GIA CONTROLS","size":"5-9","address":"5807 103A STREET NW","sector":"Management of companies and enterprises","naics_desc":"Corporate, regional and subsidiary management offices and companies","hybrid":"No","transit_score":0.243,"lead_score":0.121,"tier":3,"dauid":"48110847","ward":"","bia":"","nearest_stop_dist":499.7,"transit_buffer_score":0.5},"geometry":{"type":"Point","coordinates":[-113.4944,53.49537]}},{"type":"Feature","properties":{"name":"NOVA AUTO DETAILING","size":"5-9","address":"10351 59 AVENUE NW","sector":"Other services (except public administration)","naics_desc":"Automotive body, paint and interior repair and maintenance","hybrid":"No","transit_score":0.243,"lead_score":0.121,"tier":3,"dauid":"48110847","ward":"","bia":"","nearest_stop_dist":437.7,"transit_buffer_score":0.5},"geometry":{"type":"Point","coordinates":[-113.495691,53.495873]}},{"type":"Feature","properties":{"name":"GARAGE FRONTIERS","size":"5-9","address":"10372 58 AVENUE NW","sector":"Construction","naics_desc":"Flooring contractors","hybrid":"No","transit_score":0.243,"lead_score":0.121,"tier":3,"dauid":"48110847","ward":"","bia":"","nearest_stop_dist":486.1,"transit_buffer_score":0.5},"geometry":{"type":"Point","coordinates":[-113.496024,53.4954]}},{"type":"Feature","properties":{"name":"SOUTHSIDE AUTO REPAIR CENTER","size":"5-9","address":"5720 103A STREET NW","sector":"Retail trade","naics_desc":"Automotive parts and accessories retailers","hybrid":"No","transit_score":0.243,"lead_score":0.121,"tier":3,"dauid":"48110847","ward":"","bia":"","nearest_stop_dist":577.9,"transit_buffer_score":0.5},"geometry":{"type":"Point","coordinates":[-113.495422,53.49462]}},{"type":"Feature","properties":{"name":"PHOENIX AUTO PARTSN& RECYCLING","size":"5-9","address":"5815 103A STREET NW","sector":"Wholesale trade","naics_desc":"Recyclable metal merchant wholesalers","hybrid":"No","transit_score":0.243,"lead_score":0.121,"tier":3,"dauid":"48110847","ward":"papastew","bia":"","nearest_stop_dist":483.4,"transit_buffer_score":0.5},"geometry":{"type":"Point","coordinates":[-113.494548,53.495544]}},{"type":"Feature","properties":{"name":"MASSAGE 1ST THERAPY CLINIC","size":"5-9","address":"5528 CALGARY TRAIL NW","sector":"Other services (except public administration)","naics_desc":"Other personal care services","hybrid":"No","transit_score":0.243,"lead_score":0.121,"tier":3,"dauid":"48110847","ward":"","bia":"","nearest_stop_dist":414,"transit_buffer_score":0.5},"geometry":{"type":"Point","coordinates":[-113.4981,53.4931]}},{"type":"Feature","properties":{"name":"NIGEL KENNET PROFESSIONAL CORPORATION","size":"5-9","address":"5555 CALGARY TRAIL NW","sector":"Professional, scientific and technical services","naics_desc":"Offices of accountants","hybrid":"No","transit_score":0.243,"lead_score":0.121,"tier":3,"dauid":"48110847","ward":"","bia":"","nearest_stop_dist":505.6,"transit_buffer_score":0.5},"geometry":{"type":"Point","coordinates":[-113.496062,53.492827]}},{"type":"Feature","properties":{"name":"FLORANS","size":"5-9","address":"5530 CALGARY TRAIL NW","sector":"Retail trade","naics_desc":"Florists","hybrid":"No","transit_score":0.243,"lead_score":0.121,"tier":3,"dauid":"48110847","ward":"","bia":"","nearest_stop_dist":414,"transit_buffer_score":0.5},"geometry":{"type":"Point","coordinates":[-113.4981,53.4931]}},{"type":"Feature","properties":{"name":"NORTH STAR ALARM","size":"5-9","address":"5604 104 STREET NW","sector":"Administrative and support, waste management and remediation services","naics_desc":"Security systems services (except locksmiths)","hybrid":"No","transit_score":0.243,"lead_score":0.121,"tier":3,"dauid":"48110847","ward":"","bia":"","nearest_stop_dist":403.2,"transit_buffer_score":0.5},"geometry":{"type":"Point","coordinates":[-113.4982,53.4937]}},{"type":"Feature","properties":{"name":"RICKY'S HAIR","size":"5-9","address":"5546 CALGARY TRAIL NW","sector":"Other services (except public administration)","naics_desc":"Beauty salons","hybrid":"No","transit_score":0.243,"lead_score":0.121,"tier":3,"dauid":"48110847","ward":"papastew","bia":"","nearest_stop_dist":416.8,"transit_buffer_score":0.5},"geometry":{"type":"Point","coordinates":[-113.498059,53.493095]}},{"type":"Feature","properties":{"name":"THE SPA SPOT","size":"5-9","address":"5718 GATEWAY BOULEVARD NW","sector":"Retail trade","naics_desc":"All other miscellaneous retailers (except beer and wine-making supplies retailers)","hybrid":"No","transit_score":0.243,"lead_score":0.121,"tier":3,"dauid":"48110847","ward":"","bia":"","nearest_stop_dist":428.3,"transit_buffer_score":0.5},"geometry":{"type":"Point","coordinates":[-113.492579,53.494581]}},{"type":"Feature","properties":{"name":"PORTRAIT SALON & 21 BEAUTY SUPPLIES","size":"5-9","address":"5710 104 STREET NW","sector":"Other services (except public administration)","naics_desc":"Beauty salons","hybrid":"No","transit_score":0.243,"lead_score":0.121,"tier":3,"dauid":"48110847","ward":"papastew","bia":"","nearest_stop_dist":418.9,"transit_buffer_score":0.5},"geometry":{"type":"Point","coordinates":[-113.498154,53.494553]}},{"type":"Feature","properties":{"name":"BLACK MARKET TATTOO","size":"5-9","address":"5542 CALGARY TRAIL NW","sector":"Other services (except public administration)","naics_desc":"Other personal care services","hybrid":"No","transit_score":0.243,"lead_score":0.121,"tier":3,"dauid":"48110847","ward":"","bia":"","nearest_stop_dist":417.4,"transit_buffer_score":0.5},"geometry":{"type":"Point","coordinates":[-113.498107,53.492897]}},{"type":"Feature","properties":{"name":"JDI CLEANING","size":"5-9","address":"803 70 AVENUE NW","sector":"Administrative and support, waste management and remediation services","naics_desc":"Window cleaning services","hybrid":"No","transit_score":0.24,"lead_score":0.12,"tier":3,"dauid":"48112540","ward":"Sspomitapi","bia":"","nearest_stop_dist":766.1,"transit_buffer_score":0.1},"geometry":{"type":"Point","coordinates":[-113.353801,53.503876]}},{"type":"Feature","properties":{"name":"CUBEIT PORTABLE STORAGE - EDMONTON","size":"5-9","address":"504 67 AVENUE NW","sector":"Real estate and rental and leasing","naics_desc":"Self-storage mini-warehouses","hybrid":"No","transit_score":0.24,"lead_score":0.12,"tier":3,"dauid":"48112540","ward":"Sspomitapi","bia":"","nearest_stop_dist":1016.3,"transit_buffer_score":0},"geometry":{"type":"Point","coordinates":[-113.349908,53.504241]}},{"type":"Feature","properties":{"name":"NAPA AUTOPRO - DALZELL'S AUTOMOTIVE MAINTENANCE & REPAIR","size":"5-9","address":"8935 127 AVENUE NW","sector":"Other services (except public administration)","naics_desc":"General automotive repair","hybrid":"Yes","transit_score":0.344,"lead_score":0.12,"tier":3,"dauid":"48110338","ward":"Métis","bia":"","nearest_stop_dist":517.8,"transit_buffer_score":0.5},"geometry":{"type":"Point","coordinates":[-113.47928,53.584424]}},{"type":"Feature","properties":{"name":"MAPLE RIDGE DRIVING SCHOOL","size":"5-9","address":"803 70 AVENUE NW","sector":"Educational services","naics_desc":"All other schools and instruction","hybrid":"No","transit_score":0.24,"lead_score":0.12,"tier":3,"dauid":"48112540","ward":"Sspomitapi","bia":"","nearest_stop_dist":897.4,"transit_buffer_score":0},"geometry":{"type":"Point","coordinates":[-113.353738,53.506309]}},{"type":"Feature","properties":{"name":"HUGHES PETROLEUM","size":"5-9","address":"6708 MERIDIAN STREET NW","sector":"Retail trade","naics_desc":"Gasoline stations with convenience stores","hybrid":"No","transit_score":0.24,"lead_score":0.12,"tier":3,"dauid":"48112540","ward":"Sspomitapi","bia":"","nearest_stop_dist":1241.9,"transit_buffer_score":0},"geometry":{"type":"Point","coordinates":[-113.3463,53.50431]}},{"type":"Feature","properties":{"name":"CITY TRUCK SERVICES INC.","size":"5-9","address":"1910 91 AVENUE NW","sector":"Other services (except public administration)","naics_desc":"Specialized automotive repair","hybrid":"No","transit_score":0.24,"lead_score":0.12,"tier":3,"dauid":"48112540","ward":"Sspomitapi","bia":"","nearest_stop_dist":880.3,"transit_buffer_score":0},"geometry":{"type":"Point","coordinates":[-113.353954,53.506223]}},{"type":"Feature","properties":{"name":"STOBBE JOHN & AVERY","size":"5-9","address":"9730 156 STREET NW","sector":"Real estate and rental and leasing","naics_desc":"Lessors of residential buildings and dwellings (except social housing projects)","hybrid":"No","transit_score":0.241,"lead_score":0.12,"tier":3,"dauid":"48111073","ward":"Nakota Isga","bia":"","nearest_stop_dist":450.3,"transit_buffer_score":0.5},"geometry":{"type":"Point","coordinates":[-113.59083,53.53561]}},{"type":"Feature","properties":{"name":"W G CHANIN HARDWOODS LTD.","size":"5-9","address":"14615 116 AVENUE NW","sector":"Retail trade","naics_desc":"Other building material dealers","hybrid":"No","transit_score":0.241,"lead_score":0.12,"tier":3,"dauid":"48112143","ward":"Anirniq","bia":"","nearest_stop_dist":404.1,"transit_buffer_score":0.5},"geometry":{"type":"Point","coordinates":[-113.573722,53.567029]}},{"type":"Feature","properties":{"name":"SALISBURY PETROLEUM","size":"5-9","address":"6510 MERIDIAN STREET NW","sector":"Retail trade","naics_desc":"Gasoline stations with convenience stores","hybrid":"No","transit_score":0.24,"lead_score":0.12,"tier":3,"dauid":"48112540","ward":"Sspomitapi","bia":"","nearest_stop_dist":1214.6,"transit_buffer_score":0},"geometry":{"type":"Point","coordinates":[-113.3458,53.50189]}},{"type":"Feature","properties":{"name":"HUGHES PETROLEUM LTD","size":"5-9","address":"6708 MERIDIAN STREET NW","sector":"Retail trade","naics_desc":"Gasoline stations with convenience stores","hybrid":"No","transit_score":0.24,"lead_score":0.12,"tier":3,"dauid":"48112540","ward":"","bia":"","nearest_stop_dist":1241.9,"transit_buffer_score":0},"geometry":{"type":"Point","coordinates":[-113.3463,53.50431]}},{"type":"Feature","properties":{"name":"VILLA MARINA","size":"5-9","address":"9720 156 STREET NW","sector":"Real estate and rental and leasing","naics_desc":"Lessors of residential buildings and dwellings (except social housing projects)","hybrid":"No","transit_score":0.241,"lead_score":0.12,"tier":3,"dauid":"48111073","ward":"Nakota Isga","bia":"","nearest_stop_dist":412.5,"transit_buffer_score":0.5},"geometry":{"type":"Point","coordinates":[-113.590831,53.535268]}},{"type":"Feature","properties":{"name":"STONEGATE APARTMENTS","size":"5-9","address":"15605 98 AVENUE NW","sector":"Real estate and rental and leasing","naics_desc":"Lessors of residential buildings and dwellings (except social housing projects)","hybrid":"No","transit_score":0.241,"lead_score":0.12,"tier":3,"dauid":"48111073","ward":"Nakota Isga","bia":"","nearest_stop_dist":488.2,"transit_buffer_score":0.5},"geometry":{"type":"Point","coordinates":[-113.590832,53.535953]}},{"type":"Feature","properties":{"name":"TOP STAR CLEANING SERVICES","size":"5-9","address":"2611 31 STREET NW","sector":"Other services (except public administration)","naics_desc":"Car washes","hybrid":"No","transit_score":0.24,"lead_score":0.12,"tier":3,"dauid":"48112540","ward":"","bia":"","nearest_stop_dist":834.9,"transit_buffer_score":0},"geometry":{"type":"Point","coordinates":[-113.353396,53.504694]}},{"type":"Feature","properties":{"name":"MAPLE RIDGE TRUCK WASH & LUBE","size":"5-9","address":"803 70 AVENUE NW","sector":"Other services (except public administration)","naics_desc":"All other automotive repair and maintenance","hybrid":"No","transit_score":0.24,"lead_score":0.12,"tier":3,"dauid":"48112540","ward":"","bia":"","nearest_stop_dist":858.4,"transit_buffer_score":0},"geometry":{"type":"Point","coordinates":[-113.3542,53.50608]}},{"type":"Feature","properties":{"name":"DRAGGINWOOD CREATIONS","size":"5-9","address":"14650 115 AVENUE NW","sector":"Manufacturing","naics_desc":"Other millwork","hybrid":"No","transit_score":0.241,"lead_score":0.12,"tier":3,"dauid":"48112143","ward":"Anirniq","bia":"","nearest_stop_dist":415.3,"transit_buffer_score":0.5},"geometry":{"type":"Point","coordinates":[-113.574026,53.565662]}},{"type":"Feature","properties":{"name":"CANADIAN DRY ICE","size":"5-9","address":"14540 115 AVENUE NW","sector":"Wholesale trade","naics_desc":"Chemical (except agricultural) and allied product merchant wholesalers","hybrid":"No","transit_score":0.241,"lead_score":0.12,"tier":3,"dauid":"48112143","ward":"Anirniq","bia":"","nearest_stop_dist":438.2,"transit_buffer_score":0.5},"geometry":{"type":"Point","coordinates":[-113.573168,53.565396]}},{"type":"Feature","properties":{"name":"APPLIANCE KINGDOM","size":"5-9","address":"14524 115 AVENUE NW","sector":"Retail trade","naics_desc":"Appliance, television and other electronics retailers","hybrid":"No","transit_score":0.241,"lead_score":0.12,"tier":3,"dauid":"48112143","ward":"","bia":"","nearest_stop_dist":417.7,"transit_buffer_score":0.5},"geometry":{"type":"Point","coordinates":[-113.572159,53.565694]}},{"type":"Feature","properties":{"name":"WESTBROOK APARTMENTS","size":"5-9","address":"9725 156 STREET NW","sector":"Real estate and rental and leasing","naics_desc":"Lessors of residential buildings and dwellings (except social housing projects)","hybrid":"No","transit_score":0.241,"lead_score":0.12,"tier":3,"dauid":"48111073","ward":"Nakota Isga","bia":"","nearest_stop_dist":402.1,"transit_buffer_score":0.5},"geometry":{"type":"Point","coordinates":[-113.589802,53.535061]}},{"type":"Feature","properties":{"name":"VALWELL TECHNOLOGIES","size":"5-9","address":"403 69 AVENUE NW","sector":"Mining, quarrying, and oil and gas extraction","naics_desc":"Services to oil and gas extraction","hybrid":"No","transit_score":0.24,"lead_score":0.12,"tier":3,"dauid":"48112540","ward":"Sspomitapi","bia":"","nearest_stop_dist":1099.4,"transit_buffer_score":0},"geometry":{"type":"Point","coordinates":[-113.34913,53.505025]}},{"type":"Feature","properties":{"name":"EDMONTON BATH PRODUCTS LTD","size":"5-9","address":"14610 115A AVENUE NW","sector":"Construction","naics_desc":"Residential building construction","hybrid":"No","transit_score":0.241,"lead_score":0.12,"tier":3,"dauid":"48112143","ward":"","bia":"","nearest_stop_dist":445.6,"transit_buffer_score":0.5},"geometry":{"type":"Point","coordinates":[-113.573848,53.566592]}},{"type":"Feature","properties":{"name":"MAPLE RIDGE TRUCK WASH & LUBE LTD.","size":"5-9","address":"803 70 AVENUE NW","sector":"Other services (except public administration)","naics_desc":"General automotive repair","hybrid":"No","transit_score":0.24,"lead_score":0.12,"tier":3,"dauid":"48112540","ward":"","bia":"","nearest_stop_dist":858.4,"transit_buffer_score":0},"geometry":{"type":"Point","coordinates":[-113.3542,53.50608]}},{"type":"Feature","properties":{"name":"ALTACAN LANDSCAPING LTD","size":"5-9","address":"14518A 115A AVENUE NW","sector":"Administrative and support, waste management and remediation services","naics_desc":"Landscaping services","hybrid":"No","transit_score":0.241,"lead_score":0.12,"tier":3,"dauid":"48112143","ward":"Anirniq","bia":"","nearest_stop_dist":401.1,"transit_buffer_score":0.5},"geometry":{"type":"Point","coordinates":[-113.571676,53.566311]}},{"type":"Feature","properties":{"name":"PERFECTION POWDER COATINGS","size":"5-9","address":"603 69 AVENUE NW","sector":"Manufacturing","naics_desc":"Paint and coating manufacturing","hybrid":"No","transit_score":0.24,"lead_score":0.12,"tier":3,"dauid":"48112540","ward":"","bia":"","nearest_stop_dist":1010.7,"transit_buffer_score":0},"geometry":{"type":"Point","coordinates":[-113.350669,53.505057]}},{"type":"Feature","properties":{"name":"CITY TRUCK SERVICES INC.","size":"5-9","address":"803 70 AVENUE NW","sector":"Other services (except public administration)","naics_desc":"Specialized automotive repair","hybrid":"No","transit_score":0.24,"lead_score":0.12,"tier":3,"dauid":"48112540","ward":"","bia":"","nearest_stop_dist":880.3,"transit_buffer_score":0},"geometry":{"type":"Point","coordinates":[-113.353954,53.506223]}},{"type":"Feature","properties":{"name":"BLUEBIRD STORAGE MANAGEMENT ULC","size":"5-9","address":"6910 MERIDIAN STREET NW","sector":"Real estate and rental and leasing","naics_desc":"Self-storage mini-warehouses","hybrid":"No","transit_score":0.24,"lead_score":0.12,"tier":3,"dauid":"48112540","ward":"","bia":"","nearest_stop_dist":1274.3,"transit_buffer_score":0},"geometry":{"type":"Point","coordinates":[-113.3462,53.50642]}},{"type":"Feature","properties":{"name":"MAPLE RIDGE TRUCK WASH & LUBE","size":"5-9","address":"803 70 AVENUE NW","sector":"Other services (except public administration)","naics_desc":"All other automotive repair and maintenance","hybrid":"No","transit_score":0.24,"lead_score":0.12,"tier":3,"dauid":"48112540","ward":"Sspomitapi","bia":"","nearest_stop_dist":858.4,"transit_buffer_score":0},"geometry":{"type":"Point","coordinates":[-113.3542,53.50608]}},{"type":"Feature","properties":{"name":"EDMONTON CROSS DOCK & STORAGE","size":"5-9","address":"504 67 AVENUE NW","sector":"Real estate and rental and leasing","naics_desc":"Self-storage mini-warehouses","hybrid":"No","transit_score":0.24,"lead_score":0.12,"tier":3,"dauid":"48112540","ward":"","bia":"","nearest_stop_dist":967.5,"transit_buffer_score":0},"geometry":{"type":"Point","coordinates":[-113.350581,53.504061]}},{"type":"Feature","properties":{"name":"CUBEIT PORTABLE STORAGE - EDMONTON","size":"5-9","address":"504 67 AVENUE NW","sector":"Real estate and rental and leasing","naics_desc":"Self-storage mini-warehouses","hybrid":"No","transit_score":0.24,"lead_score":0.12,"tier":3,"dauid":"48112540","ward":"","bia":"","nearest_stop_dist":1016.3,"transit_buffer_score":0},"geometry":{"type":"Point","coordinates":[-113.349908,53.504241]}},{"type":"Feature","properties":{"name":"BLUEBIRD STORAGE MANAGEMENT ULC","size":"5-9","address":"6910 MERIDIAN STREET NW","sector":"Real estate and rental and leasing","naics_desc":"Self-storage mini-warehouses","hybrid":"No","transit_score":0.24,"lead_score":0.12,"tier":3,"dauid":"48112540","ward":"Sspomitapi","bia":"","nearest_stop_dist":1274.3,"transit_buffer_score":0},"geometry":{"type":"Point","coordinates":[-113.3462,53.50642]}},{"type":"Feature","properties":{"name":"EDMONTON BATH PRODUCTS LTD","size":"5-9","address":"14610 115A AVENUE NW","sector":"Construction","naics_desc":"Residential building construction","hybrid":"No","transit_score":0.241,"lead_score":0.12,"tier":3,"dauid":"48112143","ward":"Anirniq","bia":"","nearest_stop_dist":445.6,"transit_buffer_score":0.5},"geometry":{"type":"Point","coordinates":[-113.573848,53.566592]}},{"type":"Feature","properties":{"name":"CANADIAN DRY ICE","size":"5-9","address":"14540 115 AVENUE NW","sector":"Wholesale trade","naics_desc":"Chemical (except agricultural) and allied product merchant wholesalers","hybrid":"No","transit_score":0.241,"lead_score":0.12,"tier":3,"dauid":"48112143","ward":"","bia":"","nearest_stop_dist":438.2,"transit_buffer_score":0.5},"geometry":{"type":"Point","coordinates":[-113.573168,53.565396]}},{"type":"Feature","properties":{"name":"EDMONTON DIAL AND APPLIANCEMAN INC.","size":"5-9","address":"14524 115 AVENUE NW","sector":"Other services (except public administration)","naics_desc":"Appliance repair and maintenance","hybrid":"No","transit_score":0.241,"lead_score":0.12,"tier":3,"dauid":"48112143","ward":"Anirniq","bia":"","nearest_stop_dist":423.6,"transit_buffer_score":0.5},"geometry":{"type":"Point","coordinates":[-113.57226,53.565661]}},{"type":"Feature","properties":{"name":"EDMONTON CROSS DOCK & STORAGE","size":"5-9","address":"504 67 AVENUE NW","sector":"Real estate and rental and leasing","naics_desc":"Self-storage mini-warehouses","hybrid":"No","transit_score":0.24,"lead_score":0.12,"tier":3,"dauid":"48112540","ward":"Sspomitapi","bia":"","nearest_stop_dist":967.5,"transit_buffer_score":0},"geometry":{"type":"Point","coordinates":[-113.350581,53.504061]}},{"type":"Feature","properties":{"name":"3 Y HOLDINGS LTD","size":"5-9","address":"6510 MERIDIAN STREET NW","sector":"Retail trade","naics_desc":"Convenience retailers","hybrid":"No","transit_score":0.24,"lead_score":0.12,"tier":3,"dauid":"48112540","ward":"","bia":"","nearest_stop_dist":1214.6,"transit_buffer_score":0},"geometry":{"type":"Point","coordinates":[-113.3458,53.50189]}},{"type":"Feature","properties":{"name":"STANLEY PUMP SUPPLY LTD","size":"5-9","address":"14606 115 AVENUE NW","sector":"Wholesale trade","naics_desc":"Plumbing, heating and air-conditioning equipment and supplies merchant wholesalers","hybrid":"No","transit_score":0.241,"lead_score":0.12,"tier":3,"dauid":"48112143","ward":"Anirniq","bia":"","nearest_stop_dist":417.2,"transit_buffer_score":0.5},"geometry":{"type":"Point","coordinates":[-113.574,53.56567]}},{"type":"Feature","properties":{"name":"SCL MILLWORKS AND CABINETS","size":"5-9","address":"14528 115 AVENUE NW","sector":"Construction","naics_desc":"Finish carpentry contractors","hybrid":"No","transit_score":0.241,"lead_score":0.12,"tier":3,"dauid":"48112143","ward":"Anirniq","bia":"","nearest_stop_dist":423.6,"transit_buffer_score":0.5},"geometry":{"type":"Point","coordinates":[-113.57226,53.565661]}},{"type":"Feature","properties":{"name":"APPLIANCE KINGDOM","size":"5-9","address":"14524 115 AVENUE NW","sector":"Retail trade","naics_desc":"Appliance, television and other electronics retailers","hybrid":"No","transit_score":0.241,"lead_score":0.12,"tier":3,"dauid":"48112143","ward":"Anirniq","bia":"","nearest_stop_dist":417.7,"transit_buffer_score":0.5},"geometry":{"type":"Point","coordinates":[-113.572159,53.565694]}},{"type":"Feature","properties":{"name":"OPAL ELECTRIC","size":"5-9","address":"13810 170 STREET NW","sector":"Construction","naics_desc":"Electrical contractors and other wiring installation contractors","hybrid":"No","transit_score":0.238,"lead_score":0.119,"tier":3,"dauid":"48112722","ward":"Anirniq","bia":"","nearest_stop_dist":445.3,"transit_buffer_score":0.5},"geometry":{"type":"Point","coordinates":[-113.616992,53.602608]}},{"type":"Feature","properties":{"name":"KEY-TECH AUTOMOTIVE REPAIR","size":"5-9","address":"9145 156 STREET NW","sector":"Other services (except public administration)","naics_desc":"Specialized automotive repair","hybrid":"No","transit_score":0.238,"lead_score":0.119,"tier":3,"dauid":"48111190","ward":"","bia":"","nearest_stop_dist":401,"transit_buffer_score":0.5},"geometry":{"type":"Point","coordinates":[-113.589729,53.526347]}},{"type":"Feature","properties":{"name":"R8 MECHANICAL","size":"5-9","address":"15704 121A AVENUE NW","sector":"Other services (except public administration)","naics_desc":"General automotive repair","hybrid":"No","transit_score":0.237,"lead_score":0.118,"tier":3,"dauid":"48111124","ward":"Nakota Isga","bia":"","nearest_stop_dist":402.4,"transit_buffer_score":0.5},"geometry":{"type":"Point","coordinates":[-113.593232,53.574189]}},{"type":"Feature","properties":{"name":"COPPER HOLLOW ENTERPRISES INC","size":"5-9","address":"15918 121A AVENUE NW","sector":"Retail trade","naics_desc":"Pet and pet supplies retailers","hybrid":"No","transit_score":0.237,"lead_score":0.118,"tier":3,"dauid":"48111124","ward":"Nakota Isga","bia":"","nearest_stop_dist":405.2,"transit_buffer_score":0.5},"geometry":{"type":"Point","coordinates":[-113.595511,53.573919]}},{"type":"Feature","properties":{"name":"PIRANHA STUCCO AND TARGET PRODUCTS","size":"5-9","address":"6305 20 STREET NW","sector":"Wholesale trade","naics_desc":"Other specialty-line building supplies merchant wholesalers","hybrid":"No","transit_score":0.236,"lead_score":0.118,"tier":3,"dauid":"48111334","ward":"Sspomitapi","bia":"","nearest_stop_dist":509.6,"transit_buffer_score":0.5},"geometry":{"type":"Point","coordinates":[-113.375184,53.499327]}},{"type":"Feature","properties":{"name":"OPTIMUS CARGO CARRIERS LTD.","size":"5-9","address":"2451 76 AVENUE NW","sector":"Transportation and warehousing","naics_desc":"General freight trucking, long distance, truck-load (single shipper)","hybrid":"No","transit_score":0.236,"lead_score":0.118,"tier":3,"dauid":"48111334","ward":"Sspomitapi","bia":"","nearest_stop_dist":406.8,"transit_buffer_score":0.5},"geometry":{"type":"Point","coordinates":[-113.380709,53.508567]}},{"type":"Feature","properties":{"name":"DOUBLE DIAMOND ELECTRONICS","size":"5-9","address":"12210 163 STREET NW","sector":"Retail trade","naics_desc":"Appliance, television and other electronics retailers","hybrid":"No","transit_score":0.237,"lead_score":0.118,"tier":3,"dauid":"48111124","ward":"Nakota Isga","bia":"","nearest_stop_dist":504.4,"transit_buffer_score":0.5},"geometry":{"type":"Point","coordinates":[-113.603478,53.5751]}},{"type":"Feature","properties":{"name":"MIDWEST HEATING PRODUCT LTD","size":"5-9","address":"15910 121A AVENUE NW","sector":"Construction","naics_desc":"Plumbing, heating and air-conditioning contractors","hybrid":"No","transit_score":0.237,"lead_score":0.118,"tier":3,"dauid":"48111124","ward":"","bia":"","nearest_stop_dist":405.8,"transit_buffer_score":0.5},"geometry":{"type":"Point","coordinates":[-113.595845,53.573995]}},{"type":"Feature","properties":{"name":"COPPER HOLLOW ENTERPRISES INC","size":"5-9","address":"15918 121A AVENUE NW","sector":"Retail trade","naics_desc":"Pet and pet supplies retailers","hybrid":"No","transit_score":0.237,"lead_score":0.118,"tier":3,"dauid":"48111124","ward":"","bia":"","nearest_stop_dist":405.2,"transit_buffer_score":0.5},"geometry":{"type":"Point","coordinates":[-113.595511,53.573919]}},{"type":"Feature","properties":{"name":"WESMAT SUPPLIES","size":"5-9","address":"12160 160 STREET NW","sector":"Manufacturing","naics_desc":"Abrasive product manufacturing","hybrid":"No","transit_score":0.237,"lead_score":0.118,"tier":3,"dauid":"48111124","ward":"Nakota Isga","bia":"","nearest_stop_dist":539.1,"transit_buffer_score":0.5},"geometry":{"type":"Point","coordinates":[-113.597914,53.576345]}},{"type":"Feature","properties":{"name":"TPAC TRANSPORT LTD","size":"5-9","address":"6024 20 STREET NW","sector":"Transportation and warehousing","naics_desc":"General freight trucking, local","hybrid":"No","transit_score":0.236,"lead_score":0.118,"tier":3,"dauid":"48111334","ward":"Sspomitapi","bia":"","nearest_stop_dist":678.4,"transit_buffer_score":0.1},"geometry":{"type":"Point","coordinates":[-113.378471,53.498278]}},{"type":"Feature","properties":{"name":"NORAMPAC","size":"5-9","address":"2107 64 AVENUE NW","sector":"Wholesale trade","naics_desc":"Other paper and disposable plastic product merchant wholesalers","hybrid":"No","transit_score":0.236,"lead_score":0.118,"tier":3,"dauid":"48111334","ward":"","bia":"","nearest_stop_dist":642.6,"transit_buffer_score":0.1},"geometry":{"type":"Point","coordinates":[-113.377569,53.499626]}},{"type":"Feature","properties":{"name":"LAKELAND INSULATIONS LTD","size":"5-9","address":"12261 163 STREET NW","sector":"Construction","naics_desc":"Drywall and insulation contractors","hybrid":"No","transit_score":0.237,"lead_score":0.118,"tier":3,"dauid":"48111124","ward":"Nakota Isga","bia":"","nearest_stop_dist":596.3,"transit_buffer_score":0.5},"geometry":{"type":"Point","coordinates":[-113.6018,53.57584]}},{"type":"Feature","properties":{"name":"BIGSHOW SCAFFOLDING & SHRINK WRAPPING INC.","size":"5-9","address":"15930 121A AVENUE NW","sector":"Construction","naics_desc":"All other building equipment contractors","hybrid":"No","transit_score":0.237,"lead_score":0.118,"tier":3,"dauid":"48111124","ward":"","bia":"","nearest_stop_dist":413.8,"transit_buffer_score":0.5},"geometry":{"type":"Point","coordinates":[-113.5962,53.57413]}},{"type":"Feature","properties":{"name":"EDMONTON ROWING CLUB","size":"5-9","address":"8438 129 STREET NW","sector":"Arts, entertainment and recreation","naics_desc":"Fitness and recreational sports centres","hybrid":"No","transit_score":0.236,"lead_score":0.118,"tier":3,"dauid":"48111054","ward":"","bia":"","nearest_stop_dist":835.4,"transit_buffer_score":0},"geometry":{"type":"Point","coordinates":[-113.550089,53.518806]}},{"type":"Feature","properties":{"name":"MAUSER PACKAGING SOLUTIONS","size":"5-9","address":"2111 64 AVENUE NW","sector":"Administrative and support, waste management and remediation services","naics_desc":"Packaging and labelling services","hybrid":"No","transit_score":0.236,"lead_score":0.118,"tier":3,"dauid":"48111334","ward":"","bia":"","nearest_stop_dist":685.4,"transit_buffer_score":0.1},"geometry":{"type":"Point","coordinates":[-113.378294,53.499597]}},{"type":"Feature","properties":{"name":"CANADIAN GENERAL SHIPPING LTD.","size":"5-9","address":"12230 163 STREET NW","sector":"Transportation and warehousing","naics_desc":"Other freight transportation arrangement","hybrid":"No","transit_score":0.237,"lead_score":0.118,"tier":3,"dauid":"48111124","ward":"Nakota Isga","bia":"","nearest_stop_dist":552.8,"transit_buffer_score":0.5},"geometry":{"type":"Point","coordinates":[-113.6038,53.57553]}},{"type":"Feature","properties":{"name":"DIESEL DAN","size":"5-9","address":"15704 121A AVENUE NW","sector":"Administrative and support, waste management and remediation services","naics_desc":"Security guard and patrol services","hybrid":"No","transit_score":0.237,"lead_score":0.118,"tier":3,"dauid":"48111124","ward":"Nakota Isga","bia":"","nearest_stop_dist":409.5,"transit_buffer_score":0.5},"geometry":{"type":"Point","coordinates":[-113.592959,53.574605]}},{"type":"Feature","properties":{"name":"R8 MECHANICAL","size":"5-9","address":"15704 121A AVENUE NW","sector":"Other services (except public administration)","naics_desc":"General automotive repair","hybrid":"No","transit_score":0.237,"lead_score":0.118,"tier":3,"dauid":"48111124","ward":"","bia":"","nearest_stop_dist":402.4,"transit_buffer_score":0.5},"geometry":{"type":"Point","coordinates":[-113.593232,53.574189]}},{"type":"Feature","properties":{"name":"MEMO STUCCO LTD","size":"5-9","address":"16431 117 AVENUE NW","sector":"Construction","naics_desc":"Siding contractors","hybrid":"No","transit_score":0.237,"lead_score":0.118,"tier":3,"dauid":"48111124","ward":"Nakota Isga","bia":"","nearest_stop_dist":400.1,"transit_buffer_score":0.5},"geometry":{"type":"Point","coordinates":[-113.605616,53.567111]}},{"type":"Feature","properties":{"name":"BIDDADDY","size":"5-9","address":"14315 128 AVENUE NW","sector":"Retail trade","naics_desc":"Used car dealers","hybrid":"No","transit_score":0.234,"lead_score":0.117,"tier":3,"dauid":"48112142","ward":"","bia":"","nearest_stop_dist":428.5,"transit_buffer_score":0.5},"geometry":{"type":"Point","coordinates":[-113.5679,53.58433]}},{"type":"Feature","properties":{"name":"SRB EQUIPMENT","size":"5-9","address":"15304 YELLOWHEAD TRAIL NW","sector":"Other services (except public administration)","naics_desc":"General automotive repair","hybrid":"No","transit_score":0.234,"lead_score":0.117,"tier":3,"dauid":"48112142","ward":"Anirniq","bia":"","nearest_stop_dist":406.8,"transit_buffer_score":0.5},"geometry":{"type":"Point","coordinates":[-113.585193,53.581191]}},{"type":"Feature","properties":{"name":"HURLEY'S MEAT DISTRIBUTORS LTD","size":"5-9","address":"7405 127 AVENUE NW","sector":"Manufacturing","naics_desc":"Other animal slaughtering","hybrid":"Yes","transit_score":0.334,"lead_score":0.117,"tier":3,"dauid":"48110372","ward":"Métis","bia":"","nearest_stop_dist":440.5,"transit_buffer_score":0.5},"geometry":{"type":"Point","coordinates":[-113.4555,53.58428]}},{"type":"Feature","properties":{"name":"SYNCRUDE CANADA LTD RESEARCH","size":"5-9","address":"9421 17 AVENUE NW","sector":"Professional, scientific and technical services","naics_desc":"Research and development in the physical, engineering and life sciences","hybrid":"No","transit_score":0.234,"lead_score":0.117,"tier":3,"dauid":"48111244","ward":"Karhiio","bia":"","nearest_stop_dist":482,"transit_buffer_score":0.5},"geometry":{"type":"Point","coordinates":[-113.473155,53.447478]}},{"type":"Feature","properties":{"name":"SPECTRA PROJECTS LTD.","size":"5-9","address":"14827 YELLOWHEAD TRAIL","sector":"Construction","naics_desc":"Residential building construction","hybrid":"No","transit_score":0.234,"lead_score":0.117,"tier":3,"dauid":"48112142","ward":"Anirniq","bia":"","nearest_stop_dist":432,"transit_buffer_score":0.5},"geometry":{"type":"Point","coordinates":[-113.576301,53.580546]}},{"type":"Feature","properties":{"name":"SASIYA INK","size":"5-9","address":"14827 YELLOWHEAD TRAIL NW","sector":"Other services (except public administration)","naics_desc":"Other personal care services","hybrid":"No","transit_score":0.234,"lead_score":0.117,"tier":3,"dauid":"48112142","ward":"Anirniq","bia":"","nearest_stop_dist":451.1,"transit_buffer_score":0.5},"geometry":{"type":"Point","coordinates":[-113.57704,53.580752]}},{"type":"Feature","properties":{"name":"CONVERTER KING","size":"5-9","address":"14819 YELLOWHEAD TRAIL NW","sector":"Other services (except public administration)","naics_desc":"Specialized automotive repair","hybrid":"No","transit_score":0.234,"lead_score":0.117,"tier":3,"dauid":"48112142","ward":"Anirniq","bia":"","nearest_stop_dist":466.8,"transit_buffer_score":0.5},"geometry":{"type":"Point","coordinates":[-113.576497,53.580874]}},{"type":"Feature","properties":{"name":"SPECTRA PROJECTS","size":"5-9","address":"14827 YELLOWHEAD TRAIL NW","sector":"Construction","naics_desc":"Commercial and institutional building construction","hybrid":"No","transit_score":0.234,"lead_score":0.117,"tier":3,"dauid":"48112142","ward":"","bia":"","nearest_stop_dist":431.4,"transit_buffer_score":0.5},"geometry":{"type":"Point","coordinates":[-113.5763,53.58054]}},{"type":"Feature","properties":{"name":"MIND-FULL - A CANNABIS DISPENSARY LTD.","size":"5-9","address":"14821 YELLOWHEAD TRAIL NW","sector":"Retail trade","naics_desc":"Cannabis retailers","hybrid":"No","transit_score":0.234,"lead_score":0.117,"tier":3,"dauid":"48112142","ward":"Anirniq","bia":"","nearest_stop_dist":431.3,"transit_buffer_score":0.5},"geometry":{"type":"Point","coordinates":[-113.576284,53.580538]}},{"type":"Feature","properties":{"name":"CANOPY WEST TRUCK ACCESSORIES","size":"5-9","address":"14815 YELLOWHEAD TRAIL NW","sector":"Retail trade","naics_desc":"Automotive parts and accessories retailers","hybrid":"No","transit_score":0.234,"lead_score":0.117,"tier":3,"dauid":"48112142","ward":"","bia":"","nearest_stop_dist":452.8,"transit_buffer_score":0.5},"geometry":{"type":"Point","coordinates":[-113.576207,53.580727]}},{"type":"Feature","properties":{"name":"EDMONTON FRAME & SUSPENSION LTD","size":"5-9","address":"15314 YELLOWHEAD TRAIL NW","sector":"Other services (except public administration)","naics_desc":"General automotive repair","hybrid":"No","transit_score":0.234,"lead_score":0.117,"tier":3,"dauid":"48112142","ward":"Anirniq","bia":"","nearest_stop_dist":436.3,"transit_buffer_score":0.5},"geometry":{"type":"Point","coordinates":[-113.585121,53.58076]}},{"type":"Feature","properties":{"name":"BODY IN FUSHION","size":"5-9","address":"14811 YELLOWHEAD TRAIL NW","sector":"Other services (except public administration)","naics_desc":"All other personal services","hybrid":"No","transit_score":0.234,"lead_score":0.117,"tier":3,"dauid":"48112142","ward":"Anirniq","bia":"","nearest_stop_dist":419.6,"transit_buffer_score":0.5},"geometry":{"type":"Point","coordinates":[-113.576348,53.580437]}},{"type":"Feature","properties":{"name":"ALLIANCE MERCANTILE","size":"5-9","address":"14215 128 AVENUE NW","sector":"Other services (except public administration)","naics_desc":"Parking lots and garages","hybrid":"No","transit_score":0.234,"lead_score":0.117,"tier":3,"dauid":"48112142","ward":"Anirniq","bia":"","nearest_stop_dist":405,"transit_buffer_score":0.5},"geometry":{"type":"Point","coordinates":[-113.56676,53.584324]}},{"type":"Feature","properties":{"name":"CONVERTER KING","size":"5-9","address":"14819 YELLOWHEAD TRAIL NW","sector":"Other services (except public administration)","naics_desc":"Specialized automotive repair","hybrid":"No","transit_score":0.234,"lead_score":0.117,"tier":3,"dauid":"48112142","ward":"","bia":"","nearest_stop_dist":466.8,"transit_buffer_score":0.5},"geometry":{"type":"Point","coordinates":[-113.576497,53.580874]}},{"type":"Feature","properties":{"name":"HURLEY'S MEAT DISTRIBUTORS LTD","size":"5-9","address":"7405 127 AVENUE NW","sector":"Manufacturing","naics_desc":"Other animal slaughtering","hybrid":"Yes","transit_score":0.334,"lead_score":0.117,"tier":3,"dauid":"48110372","ward":"","bia":"","nearest_stop_dist":440.5,"transit_buffer_score":0.5},"geometry":{"type":"Point","coordinates":[-113.4555,53.58428]}},{"type":"Feature","properties":{"name":"EDMONTON FRAME & SUSPENSION LTD","size":"5-9","address":"15314 YELLOWHEAD TRAIL NW","sector":"Other services (except public administration)","naics_desc":"General automotive repair","hybrid":"No","transit_score":0.234,"lead_score":0.117,"tier":3,"dauid":"48112142","ward":"","bia":"","nearest_stop_dist":436.3,"transit_buffer_score":0.5},"geometry":{"type":"Point","coordinates":[-113.585121,53.58076]}},{"type":"Feature","properties":{"name":"VP LOGIC","size":"5-9","address":"14819 YELLOWHEAD TRAIL NW","sector":"Professional, scientific and technical services","naics_desc":"Advertising agencies","hybrid":"No","transit_score":0.234,"lead_score":0.117,"tier":3,"dauid":"48112142","ward":"Anirniq","bia":"","nearest_stop_dist":431.4,"transit_buffer_score":0.5},"geometry":{"type":"Point","coordinates":[-113.5763,53.58054]}},{"type":"Feature","properties":{"name":"FRONTECH SOLUTIONS INC.","size":"5-9","address":"9403 17 AVENUE NW","sector":"Professional, scientific and technical services","naics_desc":"Other scientific and technical consulting services","hybrid":"No","transit_score":0.234,"lead_score":0.117,"tier":3,"dauid":"48111244","ward":"Karhiio","bia":"","nearest_stop_dist":516.8,"transit_buffer_score":0.5},"geometry":{"type":"Point","coordinates":[-113.4706,53.44723]}},{"type":"Feature","properties":{"name":"AUBURN","size":"5-9","address":"14440 YELLOWHEAD TRAIL NW","sector":"Manufacturing","naics_desc":"Prefabricated wood building manufacturing","hybrid":"No","transit_score":0.234,"lead_score":0.117,"tier":3,"dauid":"48112142","ward":"","bia":"","nearest_stop_dist":400.2,"transit_buffer_score":0.5},"geometry":{"type":"Point","coordinates":[-113.5701,53.58262]}},{"type":"Feature","properties":{"name":"THE ELECTRONIC RECYCLING ASSOCIATION","size":"5-9","address":"14212 128 AVENUE NW","sector":"Administrative and support, waste management and remediation services","naics_desc":"Material recovery facilities","hybrid":"No","transit_score":0.234,"lead_score":0.117,"tier":3,"dauid":"48112142","ward":"Anirniq","bia":"","nearest_stop_dist":415.1,"transit_buffer_score":0.5},"geometry":{"type":"Point","coordinates":[-113.5671,53.585228]}},{"type":"Feature","properties":{"name":"ABOVE AVERAGE WELLNESS","size":"5-9","address":"14825 YELLOWHEAD TRAIL NW","sector":"Arts, entertainment and recreation","naics_desc":"Fitness and recreational sports centres","hybrid":"No","transit_score":0.234,"lead_score":0.117,"tier":3,"dauid":"48112142","ward":"Anirniq","bia":"","nearest_stop_dist":468.6,"transit_buffer_score":0.5},"geometry":{"type":"Point","coordinates":[-113.576725,53.580901]}},{"type":"Feature","properties":{"name":"BODY IN FUSHION","size":"5-9","address":"14811 YELLOWHEAD TRAIL NW","sector":"Other services (except public administration)","naics_desc":"All other personal services","hybrid":"No","transit_score":0.234,"lead_score":0.117,"tier":3,"dauid":"48112142","ward":"","bia":"","nearest_stop_dist":431.4,"transit_buffer_score":0.5},"geometry":{"type":"Point","coordinates":[-113.5763,53.58054]}},{"type":"Feature","properties":{"name":"SRB EQUIPMENT","size":"5-9","address":"15304 YELLOWHEAD TRAIL NW","sector":"Other services (except public administration)","naics_desc":"General automotive repair","hybrid":"No","transit_score":0.234,"lead_score":0.117,"tier":3,"dauid":"48112142","ward":"","bia":"","nearest_stop_dist":406.8,"transit_buffer_score":0.5},"geometry":{"type":"Point","coordinates":[-113.585193,53.581191]}},{"type":"Feature","properties":{"name":"NEW IMAGE FLOORING LTD.","size":"5-9","address":"14809 YELLOWHEAD TRAIL NW","sector":"Retail trade","naics_desc":"Floor covering retailers","hybrid":"No","transit_score":0.234,"lead_score":0.117,"tier":3,"dauid":"48112142","ward":"","bia":"","nearest_stop_dist":448.2,"transit_buffer_score":0.5},"geometry":{"type":"Point","coordinates":[-113.576134,53.580678]}},{"type":"Feature","properties":{"name":"NEW IMAGE FLOORING LTD.","size":"5-9","address":"14809 YELLOWHEAD TRAIL NW","sector":"Retail trade","naics_desc":"Floor covering retailers","hybrid":"No","transit_score":0.234,"lead_score":0.117,"tier":3,"dauid":"48112142","ward":"Anirniq","bia":"","nearest_stop_dist":410,"transit_buffer_score":0.5},"geometry":{"type":"Point","coordinates":[-113.576374,53.580352]}},{"type":"Feature","properties":{"name":"CANOPY WEST TRUCK ACCESSORIES","size":"5-9","address":"14815 YELLOWHEAD TRAIL NW","sector":"Retail trade","naics_desc":"Automotive parts and accessories retailers","hybrid":"No","transit_score":0.234,"lead_score":0.117,"tier":3,"dauid":"48112142","ward":"Anirniq","bia":"","nearest_stop_dist":468.5,"transit_buffer_score":0.5},"geometry":{"type":"Point","coordinates":[-113.576121,53.580862]}},{"type":"Feature","properties":{"name":"THE ELECTRONIC RECYCLING ASSOCIATION","size":"5-9","address":"14212 128 AVENUE NW","sector":"Administrative and support, waste management and remediation services","naics_desc":"Material recovery facilities","hybrid":"No","transit_score":0.234,"lead_score":0.117,"tier":3,"dauid":"48112142","ward":"","bia":"","nearest_stop_dist":415.1,"transit_buffer_score":0.5},"geometry":{"type":"Point","coordinates":[-113.5671,53.585228]}},{"type":"Feature","properties":{"name":"SASIYA INK","size":"5-9","address":"14827 YELLOWHEAD TRAIL NW","sector":"Other services (except public administration)","naics_desc":"Other personal care services","hybrid":"No","transit_score":0.234,"lead_score":0.117,"tier":3,"dauid":"48112142","ward":"","bia":"","nearest_stop_dist":451.1,"transit_buffer_score":0.5},"geometry":{"type":"Point","coordinates":[-113.57704,53.580752]}},{"type":"Feature","properties":{"name":"TOP FLOOR COATING INC","size":"5-9","address":"824 78 AVENUE NW","sector":"Construction","naics_desc":"Flooring contractors","hybrid":"No","transit_score":0.232,"lead_score":0.116,"tier":3,"dauid":"48112541","ward":"","bia":"","nearest_stop_dist":882.3,"transit_buffer_score":0},"geometry":{"type":"Point","coordinates":[-113.356578,53.513955]}},{"type":"Feature","properties":{"name":"SPIRIT MACHINING LTD","size":"5-9","address":"2228 80 AVENUE NW","sector":"Manufacturing","naics_desc":"Machine shops","hybrid":"No","transit_score":0.232,"lead_score":0.116,"tier":3,"dauid":"48112541","ward":"Sspomitapi","bia":"","nearest_stop_dist":541.2,"transit_buffer_score":0.5},"geometry":{"type":"Point","coordinates":[-113.377043,53.516551]}},{"type":"Feature","properties":{"name":"DISCOUNT DIESEL PARTS INC.","size":"5-9","address":"2010 80 AVENUE NW","sector":"Wholesale trade","naics_desc":"All other machinery, equipment and supplies merchant wholesalers","hybrid":"No","transit_score":0.232,"lead_score":0.116,"tier":3,"dauid":"48112541","ward":"","bia":"","nearest_stop_dist":591.8,"transit_buffer_score":0.5},"geometry":{"type":"Point","coordinates":[-113.376105,53.516758]}},{"type":"Feature","properties":{"name":"EM PLASTIC","size":"5-9","address":"1215 70 AVENUE NW","sector":"Wholesale trade","naics_desc":"Electrical wiring and construction supplies merchant wholesalers","hybrid":"No","transit_score":0.232,"lead_score":0.116,"tier":3,"dauid":"48112541","ward":"","bia":"","nearest_stop_dist":529.3,"transit_buffer_score":0.5},"geometry":{"type":"Point","coordinates":[-113.3606,53.50616]}},{"type":"Feature","properties":{"name":"BIG BINZ 4U LTD.","size":"5-9","address":"1101 77 AVENUE NW","sector":"Administrative and support, waste management and remediation services","naics_desc":"Waste collection","hybrid":"No","transit_score":0.232,"lead_score":0.116,"tier":3,"dauid":"48112541","ward":"Sspomitapi","bia":"","nearest_stop_dist":451.1,"transit_buffer_score":0.5},"geometry":{"type":"Point","coordinates":[-113.3628,53.51279]}},{"type":"Feature","properties":{"name":"INTEGRITY WASTE SOLUTIONS INC.","size":"5-9","address":"255 76 AVENUE NW","sector":"Administrative and support, waste management and remediation services","naics_desc":"Material recovery facilities","hybrid":"No","transit_score":0.232,"lead_score":0.116,"tier":3,"dauid":"48112541","ward":"","bia":"","nearest_stop_dist":1193.6,"transit_buffer_score":0},"geometry":{"type":"Point","coordinates":[-113.3484,53.5109]}},{"type":"Feature","properties":{"name":"SPANNERS AUTOMOTIVE REPAIR","size":"5-9","address":"1055 78 AVENUE NW","sector":"Other services (except public administration)","naics_desc":"General automotive repair","hybrid":"No","transit_score":0.232,"lead_score":0.116,"tier":3,"dauid":"48112541","ward":"","bia":"","nearest_stop_dist":588.7,"transit_buffer_score":0.5},"geometry":{"type":"Point","coordinates":[-113.361678,53.514376]}},{"type":"Feature","properties":{"name":"TECHHEAT","size":"5-9","address":"1303 70 AVENUE NW","sector":"Manufacturing","naics_desc":"Measuring, medical and controlling devices manufacturing","hybrid":"No","transit_score":0.232,"lead_score":0.116,"tier":3,"dauid":"48112541","ward":"Sspomitapi","bia":"","nearest_stop_dist":479.3,"transit_buffer_score":0.5},"geometry":{"type":"Point","coordinates":[-113.3619,53.50616]}},{"type":"Feature","properties":{"name":"EM PLASTIC","size":"5-9","address":"1215 70 AVENUE NW","sector":"Wholesale trade","naics_desc":"Electrical wiring and construction supplies merchant wholesalers","hybrid":"No","transit_score":0.232,"lead_score":0.116,"tier":3,"dauid":"48112541","ward":"Sspomitapi","bia":"","nearest_stop_dist":529.3,"transit_buffer_score":0.5},"geometry":{"type":"Point","coordinates":[-113.3606,53.50616]}},{"type":"Feature","properties":{"name":"FOXX CANADA","size":"5-9","address":"1099 77 AVENUE NW","sector":"Other services (except public administration)","naics_desc":"Commercial and industrial machinery and equipment (except automotive and electronic) repair and maintenance","hybrid":"No","transit_score":0.232,"lead_score":0.116,"tier":3,"dauid":"48112541","ward":"","bia":"","nearest_stop_dist":494.9,"transit_buffer_score":0.5},"geometry":{"type":"Point","coordinates":[-113.362138,53.512841]}},{"type":"Feature","properties":{"name":"LIFE SENTENCE CYCLES","size":"5-9","address":"1221 78 AVENUE NW","sector":"Other services (except public administration)","naics_desc":"General automotive repair","hybrid":"No","transit_score":0.232,"lead_score":0.116,"tier":3,"dauid":"48112541","ward":"","bia":"","nearest_stop_dist":482.6,"transit_buffer_score":0.5},"geometry":{"type":"Point","coordinates":[-113.3634,53.51421]}},{"type":"Feature","properties":{"name":"22G TARP & TRUCK PARTS | BAIG TARP & TRUCK PARTS","size":"5-9","address":"1204 77 AVENUE NW","sector":"Retail trade","naics_desc":"Automotive parts and accessories retailers","hybrid":"No","transit_score":0.232,"lead_score":0.116,"tier":3,"dauid":"48112541","ward":"","bia":"","nearest_stop_dist":431.5,"transit_buffer_score":0.5},"geometry":{"type":"Point","coordinates":[-113.363552,53.513466]}},{"type":"Feature","properties":{"name":"22G TARP & TRUCK PARTS | BAIG TARP & TRUCK PARTS","size":"5-9","address":"1204 77 AVENUE NW","sector":"Retail trade","naics_desc":"Automotive parts and accessories retailers","hybrid":"No","transit_score":0.232,"lead_score":0.116,"tier":3,"dauid":"48112541","ward":"Sspomitapi","bia":"","nearest_stop_dist":431.5,"transit_buffer_score":0.5},"geometry":{"type":"Point","coordinates":[-113.363552,53.513466]}},{"type":"Feature","properties":{"name":"EXCEL TRANSPORT TRAINING SCHOOL LTD.","size":"5-9","address":"1109 78 AVENUE NW","sector":"Educational services","naics_desc":"Technical and trade schools","hybrid":"No","transit_score":0.232,"lead_score":0.116,"tier":3,"dauid":"48112541","ward":"Sspomitapi","bia":"","nearest_stop_dist":523.4,"transit_buffer_score":0.5},"geometry":{"type":"Point","coordinates":[-113.3626,53.51415]}},{"type":"Feature","properties":{"name":"DEVON INDUSTRIES LTD","size":"5-9","address":"2435 80 AVENUE NW","sector":"Manufacturing","naics_desc":"Other plate work and fabricated structural product manufacturing","hybrid":"No","transit_score":0.232,"lead_score":0.116,"tier":3,"dauid":"48112541","ward":"","bia":"","nearest_stop_dist":405,"transit_buffer_score":0.5},"geometry":{"type":"Point","coordinates":[-113.380662,53.515866]}},{"type":"Feature","properties":{"name":"WEISS JOHNSON MECHANICAL","size":"5-9","address":"950 78 AVENUE NW","sector":"Other services (except public administration)","naics_desc":"Specialized automotive repair","hybrid":"No","transit_score":0.232,"lead_score":0.116,"tier":3,"dauid":"48112541","ward":"Sspomitapi","bia":"","nearest_stop_dist":777,"transit_buffer_score":0.1},"geometry":{"type":"Point","coordinates":[-113.36051,53.516306]}},{"type":"Feature","properties":{"name":"PROWEST MOTORSPORTS","size":"5-9","address":"1201 78 AVENUE NW","sector":"Retail trade","naics_desc":"Automotive parts and accessories retailers","hybrid":"No","transit_score":0.232,"lead_score":0.116,"tier":3,"dauid":"48112541","ward":"Sspomitapi","bia":"","nearest_stop_dist":483.4,"transit_buffer_score":0.5},"geometry":{"type":"Point","coordinates":[-113.363383,53.514208]}},{"type":"Feature","properties":{"name":"TRANSMISSION SUPPLIES LTD","size":"5-9","address":"1040 78 AVENUE NW","sector":"Retail trade","naics_desc":"Automotive parts and accessories retailers","hybrid":"No","transit_score":0.232,"lead_score":0.116,"tier":3,"dauid":"48112541","ward":"Sspomitapi","bia":"","nearest_stop_dist":581.5,"transit_buffer_score":0.5},"geometry":{"type":"Point","coordinates":[-113.362441,53.514934]}},{"type":"Feature","properties":{"name":"MASTEEL AMERICA CORP","size":"5-9","address":"854  78 AVENUE NW","sector":"Professional, scientific and technical services","naics_desc":"Other scientific and technical consulting services","hybrid":"No","transit_score":0.232,"lead_score":0.116,"tier":3,"dauid":"48112541","ward":"","bia":"","nearest_stop_dist":770.8,"transit_buffer_score":0.1},"geometry":{"type":"Point","coordinates":[-113.358545,53.514276]}},{"type":"Feature","properties":{"name":"BIG BINZ 4U LTD.","size":"5-9","address":"1101 77 AVENUE NW","sector":"Administrative and support, waste management and remediation services","naics_desc":"Waste collection","hybrid":"No","transit_score":0.232,"lead_score":0.116,"tier":3,"dauid":"48112541","ward":"","bia":"","nearest_stop_dist":451.1,"transit_buffer_score":0.5},"geometry":{"type":"Point","coordinates":[-113.3628,53.51279]}},{"type":"Feature","properties":{"name":"BUBLEYS DETAILING LTD.","size":"5-9","address":"901 77 AVENUE NW","sector":"Other services (except public administration)","naics_desc":"Car washes","hybrid":"No","transit_score":0.232,"lead_score":0.116,"tier":3,"dauid":"48112541","ward":"","bia":"","nearest_stop_dist":568.5,"transit_buffer_score":0.5},"geometry":{"type":"Point","coordinates":[-113.361,53.51286]}},{"type":"Feature","properties":{"name":"KHAOS BEAUTY","size":"5-9","address":"1243 70 AVENUE NW","sector":"Retail trade","naics_desc":"Cosmetics, beauty supplies and perfume retailers","hybrid":"No","transit_score":0.232,"lead_score":0.116,"tier":3,"dauid":"48112541","ward":"Sspomitapi","bia":"","nearest_stop_dist":513.9,"transit_buffer_score":0.5},"geometry":{"type":"Point","coordinates":[-113.36147,53.506369]}},{"type":"Feature","properties":{"name":"A TO Z AUTO & DIESEL SERVICES INC.","size":"5-9","address":"816 78 AVENUE NW","sector":"Other services (except public administration)","naics_desc":"General automotive repair","hybrid":"No","transit_score":0.232,"lead_score":0.116,"tier":3,"dauid":"48112541","ward":"","bia":"","nearest_stop_dist":871.2,"transit_buffer_score":0},"geometry":{"type":"Point","coordinates":[-113.356902,53.514236]}},{"type":"Feature","properties":{"name":"PRIMARY FLOW SIGNAL CANADA INC","size":"5-9","address":"2236 80 AVENUE NW","sector":"Wholesale trade","naics_desc":"Industrial machinery, equipment and supplies merchant wholesalers","hybrid":"No","transit_score":0.232,"lead_score":0.116,"tier":3,"dauid":"48112541","ward":"Sspomitapi","bia":"","nearest_stop_dist":531.3,"transit_buffer_score":0.5},"geometry":{"type":"Point","coordinates":[-113.377648,53.516621]}},{"type":"Feature","properties":{"name":"KHAOS BEAUTY","size":"5-9","address":"1243 70 AVENUE NW","sector":"Retail trade","naics_desc":"Cosmetics, beauty supplies and perfume retailers","hybrid":"No","transit_score":0.232,"lead_score":0.116,"tier":3,"dauid":"48112541","ward":"","bia":"","nearest_stop_dist":513.9,"transit_buffer_score":0.5},"geometry":{"type":"Point","coordinates":[-113.36147,53.506369]}},{"type":"Feature","properties":{"name":"ALBERTA FIRECO","size":"5-9","address":"1098 77 AVENUE NW","sector":"Wholesale trade","naics_desc":"Chemical (except agricultural) and allied product merchant wholesalers","hybrid":"No","transit_score":0.232,"lead_score":0.116,"tier":3,"dauid":"48112541","ward":"","bia":"","nearest_stop_dist":534.8,"transit_buffer_score":0.5},"geometry":{"type":"Point","coordinates":[-113.3619,53.51355]}},{"type":"Feature","properties":{"name":"GRA MAR SUPPLY","size":"5-9","address":"2002 80 AVENUE NW","sector":"Wholesale trade","naics_desc":"General-line building supplies merchant wholesalers","hybrid":"No","transit_score":0.232,"lead_score":0.116,"tier":3,"dauid":"48112541","ward":"Sspomitapi","bia":"","nearest_stop_dist":591.5,"transit_buffer_score":0.5},"geometry":{"type":"Point","coordinates":[-113.375732,53.516614]}},{"type":"Feature","properties":{"name":"TECHNICAL CUTTING SOLUTIONS LTD","size":"5-9","address":"2010 80 AVENUE NW","sector":"Manufacturing","naics_desc":"Other metalworking machinery manufacturing","hybrid":"No","transit_score":0.232,"lead_score":0.116,"tier":3,"dauid":"48112541","ward":"","bia":"","nearest_stop_dist":568.8,"transit_buffer_score":0.5},"geometry":{"type":"Point","coordinates":[-113.376513,53.516662]}},{"type":"Feature","properties":{"name":"METRIC MACHINE TOOL SERVICES","size":"5-9","address":"854 78 AVENUE NW","sector":"Professional, scientific and technical services","naics_desc":"Other scientific and technical consulting services","hybrid":"No","transit_score":0.232,"lead_score":0.116,"tier":3,"dauid":"48112541","ward":"Sspomitapi","bia":"","nearest_stop_dist":770.8,"transit_buffer_score":0.1},"geometry":{"type":"Point","coordinates":[-113.358545,53.514276]}},{"type":"Feature","properties":{"name":"TOP FLOOR COATING INC","size":"5-9","address":"824 78 AVENUE NW","sector":"Construction","naics_desc":"Flooring contractors","hybrid":"No","transit_score":0.232,"lead_score":0.116,"tier":3,"dauid":"48112541","ward":"Sspomitapi","bia":"","nearest_stop_dist":882.3,"transit_buffer_score":0},"geometry":{"type":"Point","coordinates":[-113.356578,53.513955]}},{"type":"Feature","properties":{"name":"ALLOY WHEEL REPAIR SPECIALISTS","size":"5-9","address":"1202 77 AVENUE NW","sector":"Other services (except public administration)","naics_desc":"Specialized automotive repair","hybrid":"No","transit_score":0.232,"lead_score":0.116,"tier":3,"dauid":"48112541","ward":"","bia":"","nearest_stop_dist":432,"transit_buffer_score":0.5},"geometry":{"type":"Point","coordinates":[-113.363543,53.513466]}},{"type":"Feature","properties":{"name":"FRONT STEP FORGE","size":"5-9","address":"902 77 AVENUE NW","sector":"Manufacturing","naics_desc":"All other miscellaneous fabricated metal product manufacturing","hybrid":"No","transit_score":0.232,"lead_score":0.116,"tier":3,"dauid":"48112541","ward":"Sspomitapi","bia":"","nearest_stop_dist":590.9,"transit_buffer_score":0.5},"geometry":{"type":"Point","coordinates":[-113.36099,53.513549]}},{"type":"Feature","properties":{"name":"SPANNERS AUTOMOTIVE REPAIR","size":"5-9","address":"1055 78 AVENUE NW","sector":"Other services (except public administration)","naics_desc":"General automotive repair","hybrid":"No","transit_score":0.232,"lead_score":0.116,"tier":3,"dauid":"48112541","ward":"Sspomitapi","bia":"","nearest_stop_dist":588.7,"transit_buffer_score":0.5},"geometry":{"type":"Point","coordinates":[-113.361678,53.514376]}},{"type":"Feature","properties":{"name":"BLOCK MEDIA","size":"5-9","address":"1243 70 AVENUE NW","sector":"Information and cultural industries","naics_desc":"Motion picture and video production","hybrid":"No","transit_score":0.232,"lead_score":0.116,"tier":3,"dauid":"48112541","ward":"Sspomitapi","bia":"","nearest_stop_dist":500.1,"transit_buffer_score":0.5},"geometry":{"type":"Point","coordinates":[-113.361453,53.506211]}},{"type":"Feature","properties":{"name":"HUMBLE TIRES","size":"5-9","address":"4303 78 AVENUE NW","sector":"Retail trade","naics_desc":"Tire dealers","hybrid":"No","transit_score":0.232,"lead_score":0.116,"tier":3,"dauid":"48112541","ward":"","bia":"","nearest_stop_dist":1092.4,"transit_buffer_score":0},"geometry":{"type":"Point","coordinates":[-113.352851,53.510734]}},{"type":"Feature","properties":{"name":"PRO TRUCK TRAINING LTD","size":"5-9","address":"311 76 AVENUE NW","sector":"Educational services","naics_desc":"All other schools and instruction","hybrid":"No","transit_score":0.232,"lead_score":0.116,"tier":3,"dauid":"48112541","ward":"Sspomitapi","bia":"","nearest_stop_dist":1228.9,"transit_buffer_score":0},"geometry":{"type":"Point","coordinates":[-113.349209,53.51175]}},{"type":"Feature","properties":{"name":"BUDO MOOSE","size":"5-9","address":"902 B 77 AVENUE NW","sector":"Retail trade","naics_desc":"All other sporting goods retailers","hybrid":"No","transit_score":0.232,"lead_score":0.116,"tier":3,"dauid":"48112541","ward":"Sspomitapi","bia":"","nearest_stop_dist":603.5,"transit_buffer_score":0.1},"geometry":{"type":"Point","coordinates":[-113.36073,53.513451]}},{"type":"Feature","properties":{"name":"RIVEST TECHNOLOGIES INC","size":"5-9","address":"2450 80 AVENUE NW","sector":"Professional, scientific and technical services","naics_desc":"Testing laboratories","hybrid":"No","transit_score":0.232,"lead_score":0.116,"tier":3,"dauid":"48112541","ward":"Sspomitapi","bia":"","nearest_stop_dist":510.3,"transit_buffer_score":0.5},"geometry":{"type":"Point","coordinates":[-113.380823,53.516822]}},{"type":"Feature","properties":{"name":"EXCEL TRANSPORT TRAINING SCHOOL LTD.","size":"5-9","address":"1109 78 AVENUE NW","sector":"Educational services","naics_desc":"Technical and trade schools","hybrid":"No","transit_score":0.232,"lead_score":0.116,"tier":3,"dauid":"48112541","ward":"","bia":"","nearest_stop_dist":523.4,"transit_buffer_score":0.5},"geometry":{"type":"Point","coordinates":[-113.3626,53.51415]}},{"type":"Feature","properties":{"name":"LIFE SENTENCE CYCLES","size":"5-9","address":"1221 78 AVENUE NW","sector":"Other services (except public administration)","naics_desc":"General automotive repair","hybrid":"No","transit_score":0.232,"lead_score":0.116,"tier":3,"dauid":"48112541","ward":"Sspomitapi","bia":"","nearest_stop_dist":482.6,"transit_buffer_score":0.5},"geometry":{"type":"Point","coordinates":[-113.3634,53.51421]}},{"type":"Feature","properties":{"name":"FRONT STEP FORGE","size":"5-9","address":"902 B 77 AVENUE NW","sector":"Manufacturing","naics_desc":"Other leather and allied product manufacturing","hybrid":"No","transit_score":0.232,"lead_score":0.116,"tier":3,"dauid":"48112541","ward":"","bia":"","nearest_stop_dist":613,"transit_buffer_score":0.1},"geometry":{"type":"Point","coordinates":[-113.360483,53.513268]}},{"type":"Feature","properties":{"name":"TECHNICAL CUTTING SOLUTIONS LTD","size":"5-9","address":"2010 80 AVENUE NW","sector":"Manufacturing","naics_desc":"Other metalworking machinery manufacturing","hybrid":"No","transit_score":0.232,"lead_score":0.116,"tier":3,"dauid":"48112541","ward":"Sspomitapi","bia":"","nearest_stop_dist":568.8,"transit_buffer_score":0.5},"geometry":{"type":"Point","coordinates":[-113.376513,53.516662]}},{"type":"Feature","properties":{"name":"DISCOUNT DIESEL PARTS INC.","size":"5-9","address":"2010 80 AVENUE NW","sector":"Wholesale trade","naics_desc":"All other machinery, equipment and supplies merchant wholesalers","hybrid":"No","transit_score":0.232,"lead_score":0.116,"tier":3,"dauid":"48112541","ward":"Sspomitapi","bia":"","nearest_stop_dist":591.8,"transit_buffer_score":0.5},"geometry":{"type":"Point","coordinates":[-113.376105,53.516758]}},{"type":"Feature","properties":{"name":"PROVINCIAL STRIPING","size":"5-9","address":"2410 80 AVENUE NW","sector":"Transportation and warehousing","naics_desc":"Other support activities for road transportation","hybrid":"No","transit_score":0.232,"lead_score":0.116,"tier":3,"dauid":"48112541","ward":"Sspomitapi","bia":"","nearest_stop_dist":797.9,"transit_buffer_score":0.1},"geometry":{"type":"Point","coordinates":[-113.358222,53.514452]}},{"type":"Feature","properties":{"name":"A TO Z AUTO & DIESEL SERVICES INC.","size":"5-9","address":"816 78 AVENUE NW","sector":"Other services (except public administration)","naics_desc":"General automotive repair","hybrid":"No","transit_score":0.232,"lead_score":0.116,"tier":3,"dauid":"48112541","ward":"Sspomitapi","bia":"","nearest_stop_dist":871.2,"transit_buffer_score":0},"geometry":{"type":"Point","coordinates":[-113.356902,53.514236]}},{"type":"Feature","properties":{"name":"ALLOY WHEEL REPAIR SPECIALISTS","size":"5-9","address":"1202 77 AVENUE NW","sector":"Other services (except public administration)","naics_desc":"Specialized automotive repair","hybrid":"No","transit_score":0.232,"lead_score":0.116,"tier":3,"dauid":"48112541","ward":"Sspomitapi","bia":"","nearest_stop_dist":432,"transit_buffer_score":0.5},"geometry":{"type":"Point","coordinates":[-113.363543,53.513466]}},{"type":"Feature","properties":{"name":"PRIMARY FLOW SIGNAL CANADA INC","size":"5-9","address":"2236 80 AVENUE NW","sector":"Wholesale trade","naics_desc":"Industrial machinery, equipment and supplies merchant wholesalers","hybrid":"No","transit_score":0.232,"lead_score":0.116,"tier":3,"dauid":"48112541","ward":"","bia":"","nearest_stop_dist":531.3,"transit_buffer_score":0.5},"geometry":{"type":"Point","coordinates":[-113.377648,53.516621]}},{"type":"Feature","properties":{"name":"FRONT STEP FORGE","size":"5-9","address":"902 B 77 AVENUE NW","sector":"Manufacturing","naics_desc":"Other leather and allied product manufacturing","hybrid":"No","transit_score":0.232,"lead_score":0.116,"tier":3,"dauid":"48112541","ward":"Sspomitapi","bia":"","nearest_stop_dist":613,"transit_buffer_score":0.1},"geometry":{"type":"Point","coordinates":[-113.360483,53.513268]}},{"type":"Feature","properties":{"name":"AQUA LASER ALBERTA LTD","size":"5-9","address":"1208 77 AVENUE NW","sector":"Mining, quarrying, and oil and gas extraction","naics_desc":"Services to oil and gas extraction","hybrid":"No","transit_score":0.232,"lead_score":0.116,"tier":3,"dauid":"48112541","ward":"Sspomitapi","bia":"","nearest_stop_dist":434.5,"transit_buffer_score":0.5},"geometry":{"type":"Point","coordinates":[-113.3636,53.51358]}},{"type":"Feature","properties":{"name":"DEVON INDUSTRIES LTD","size":"5-9","address":"2435 80 AVENUE NW","sector":"Manufacturing","naics_desc":"Other plate work and fabricated structural product manufacturing","hybrid":"No","transit_score":0.232,"lead_score":0.116,"tier":3,"dauid":"48112541","ward":"Sspomitapi","bia":"","nearest_stop_dist":405,"transit_buffer_score":0.5},"geometry":{"type":"Point","coordinates":[-113.380662,53.515866]}},{"type":"Feature","properties":{"name":"FAIRWAY AUTOMOTIVE INC.","size":"5-9","address":"950 78 AVENUE NW","sector":"Other services (except public administration)","naics_desc":"General automotive repair","hybrid":"No","transit_score":0.232,"lead_score":0.116,"tier":3,"dauid":"48112541","ward":"","bia":"","nearest_stop_dist":646.3,"transit_buffer_score":0.1},"geometry":{"type":"Point","coordinates":[-113.3611,53.51481]}},{"type":"Feature","properties":{"name":"GNA CABINET LTD.","size":"5-9","address":"1063 78 AVENUE NW","sector":"Manufacturing","naics_desc":"Wood kitchen cabinet and counter top manufacturing","hybrid":"No","transit_score":0.232,"lead_score":0.116,"tier":3,"dauid":"48112541","ward":"Sspomitapi","bia":"","nearest_stop_dist":566.2,"transit_buffer_score":0.5},"geometry":{"type":"Point","coordinates":[-113.36179,53.514078]}},{"type":"Feature","properties":{"name":"INLINE CABINETS & MILLWORKS INC.","size":"5-9","address":"1815 80 AVENUE NW","sector":"Construction","naics_desc":"Finish carpentry contractors","hybrid":"No","transit_score":0.232,"lead_score":0.116,"tier":3,"dauid":"48112541","ward":"Sspomitapi","bia":"","nearest_stop_dist":469.3,"transit_buffer_score":0.5},"geometry":{"type":"Point","coordinates":[-113.373985,53.515964]}},{"type":"Feature","properties":{"name":"AIRSTREAM OF EDMONTON","size":"5-9","address":"1904 80 AVENUE NW","sector":"Manufacturing","naics_desc":"Motor home, travel trailer and camper manufacturing","hybrid":"No","transit_score":0.232,"lead_score":0.116,"tier":3,"dauid":"48112541","ward":"Sspomitapi","bia":"","nearest_stop_dist":543.2,"transit_buffer_score":0.5},"geometry":{"type":"Point","coordinates":[-113.374596,53.516523]}},{"type":"Feature","properties":{"name":"AWN KITCHEN","size":"5-9","address":"5124 122 STREET NW","sector":"Educational services","naics_desc":"All other schools and instruction","hybrid":"No","transit_score":0.231,"lead_score":0.116,"tier":3,"dauid":"48110896","ward":"papastew","bia":"","nearest_stop_dist":466.9,"transit_buffer_score":0.5},"geometry":{"type":"Point","coordinates":[-113.548354,53.491094]}},{"type":"Feature","properties":{"name":"BFS AUTO REPAIR LTD","size":"5-9","address":"3456 93 STREET NW","sector":"Other services (except public administration)","naics_desc":"General automotive repair","hybrid":"No","transit_score":0.23,"lead_score":0.115,"tier":3,"dauid":"48110692","ward":"Sspomitapi","bia":"","nearest_stop_dist":904.2,"transit_buffer_score":0},"geometry":{"type":"Point","coordinates":[-113.393039,53.503136]}},{"type":"Feature","properties":{"name":"IN & OUT TRUCK SERVICE LTD.","size":"5-9","address":"6609 34 STREET NW","sector":"Other services (except public administration)","naics_desc":"All other automotive repair and maintenance","hybrid":"No","transit_score":0.23,"lead_score":0.115,"tier":3,"dauid":"48110692","ward":"Sspomitapi","bia":"","nearest_stop_dist":911.9,"transit_buffer_score":0},"geometry":{"type":"Point","coordinates":[-113.392817,53.503449]}},{"type":"Feature","properties":{"name":"NANAK DRIVING SCHOOL LTD.","size":"5-9","address":"6605 34 STREET NW","sector":"Educational services","naics_desc":"All other schools and instruction","hybrid":"No","transit_score":0.23,"lead_score":0.115,"tier":3,"dauid":"48110692","ward":"Sspomitapi","bia":"","nearest_stop_dist":902.3,"transit_buffer_score":0},"geometry":{"type":"Point","coordinates":[-113.393068,53.503301]}},{"type":"Feature","properties":{"name":"STRATHCONA SANDBLASTING & PAINTING LTD","size":"5-9","address":"6615 34 STREET NW","sector":"Construction","naics_desc":"Painting and wall covering contractors","hybrid":"No","transit_score":0.23,"lead_score":0.115,"tier":3,"dauid":"48110692","ward":"Sspomitapi","bia":"","nearest_stop_dist":958.3,"transit_buffer_score":0},"geometry":{"type":"Point","coordinates":[-113.391785,53.503713]}},{"type":"Feature","properties":{"name":"IN & OUT TRUCK SERVICE LTD.","size":"5-9","address":"6609 34 STREET NW","sector":"Other services (except public administration)","naics_desc":"All other automotive repair and maintenance","hybrid":"No","transit_score":0.23,"lead_score":0.115,"tier":3,"dauid":"48110692","ward":"","bia":"","nearest_stop_dist":936.2,"transit_buffer_score":0},"geometry":{"type":"Point","coordinates":[-113.3924,53.50329]}},{"type":"Feature","properties":{"name":"DASHMESH TIRE & LUBE INC","size":"5-9","address":"6609 34 STREET NW","sector":"Retail trade","naics_desc":"Tire dealers","hybrid":"No","transit_score":0.23,"lead_score":0.115,"tier":3,"dauid":"48110692","ward":"Sspomitapi","bia":"","nearest_stop_dist":906.9,"transit_buffer_score":0},"geometry":{"type":"Point","coordinates":[-113.392903,53.50344]}},{"type":"Feature","properties":{"name":"TURBO AUTOBODY","size":"5-9","address":"6305 34 STREET NW","sector":"Other services (except public administration)","naics_desc":"General automotive repair","hybrid":"No","transit_score":0.23,"lead_score":0.115,"tier":3,"dauid":"48110692","ward":"Sspomitapi","bia":"","nearest_stop_dist":664.7,"transit_buffer_score":0.1},"geometry":{"type":"Point","coordinates":[-113.392353,53.500498]}},{"type":"Feature","properties":{"name":"IN AND OUT TRUCK SERVICE LTD.","size":"5-9","address":"6609 34 STREET NW","sector":"Other services (except public administration)","naics_desc":"General automotive repair","hybrid":"No","transit_score":0.23,"lead_score":0.115,"tier":3,"dauid":"48110692","ward":"Sspomitapi","bia":"","nearest_stop_dist":895.1,"transit_buffer_score":0},"geometry":{"type":"Point","coordinates":[-113.393089,53.503446]}},{"type":"Feature","properties":{"name":"NEW X TRANSPORT LTD.","size":"5-9","address":"6609 34 STREET NW","sector":"Transportation and warehousing","naics_desc":"General freight trucking, long distance, truck-load (single shipper)","hybrid":"No","transit_score":0.23,"lead_score":0.115,"tier":3,"dauid":"48110692","ward":"Sspomitapi","bia":"","nearest_stop_dist":900.8,"transit_buffer_score":0},"geometry":{"type":"Point","coordinates":[-113.392997,53.503446]}},{"type":"Feature","properties":{"name":"EAGLE TECH RECYLING LTD","size":"5-9","address":"3315 64 AVENUE NW","sector":"Wholesale trade","naics_desc":"Used motor vehicle parts and accessories merchant wholesalers","hybrid":"No","transit_score":0.23,"lead_score":0.115,"tier":3,"dauid":"48110692","ward":"","bia":"","nearest_stop_dist":701.3,"transit_buffer_score":0.1},"geometry":{"type":"Point","coordinates":[-113.3924,53.50091]}},{"type":"Feature","properties":{"name":"EAGLE TECH RECYLING LTD","size":"5-9","address":"3315 64 AVENUE NW","sector":"Wholesale trade","naics_desc":"Used motor vehicle parts and accessories merchant wholesalers","hybrid":"No","transit_score":0.23,"lead_score":0.115,"tier":3,"dauid":"48110692","ward":"Sspomitapi","bia":"","nearest_stop_dist":701.3,"transit_buffer_score":0.1},"geometry":{"type":"Point","coordinates":[-113.3924,53.50091]}},{"type":"Feature","properties":{"name":"SCONA PIPE AND SALVAGE CO LTD","size":"5-9","address":"3400 68 AVENUE NW","sector":"Wholesale trade","naics_desc":"Plumbing, heating and air-conditioning equipment and supplies merchant wholesalers","hybrid":"No","transit_score":0.23,"lead_score":0.115,"tier":3,"dauid":"48110692","ward":"","bia":"","nearest_stop_dist":889.7,"transit_buffer_score":0},"geometry":{"type":"Point","coordinates":[-113.3922,53.50432]}},{"type":"Feature","properties":{"name":"CITY OF EDMONTON NON-PROFIT HOUSING CORPORATION","size":"5-9","address":"12722A 118 AVENUE NW","sector":"Real estate and rental and leasing","naics_desc":"Lessors of residential buildings and dwellings (except social housing projects)","hybrid":"No","transit_score":0.228,"lead_score":0.114,"tier":3,"dauid":"48110989","ward":"pihêsiwin","bia":"","nearest_stop_dist":521.2,"transit_buffer_score":0.5},"geometry":{"type":"Point","coordinates":[-113.56163,53.483551]}},{"type":"Feature","properties":{"name":"ENDTIME MESSAGE TABERNACLE","size":"5-9","address":"9200 156 STREET NW","sector":"Other services (except public administration)","naics_desc":"Religious organizations","hybrid":"No","transit_score":0.228,"lead_score":0.114,"tier":3,"dauid":"48111189","ward":"","bia":"","nearest_stop_dist":480.6,"transit_buffer_score":0.5},"geometry":{"type":"Point","coordinates":[-113.590768,53.527083]}},{"type":"Feature","properties":{"name":"ENDTIME MESSAGE TABERNACLE","size":"5-9","address":"9200 156 STREET NW","sector":"Other services (except public administration)","naics_desc":"Religious organizations","hybrid":"No","transit_score":0.228,"lead_score":0.114,"tier":3,"dauid":"48111189","ward":"sipiwiyiniwak","bia":"","nearest_stop_dist":480.6,"transit_buffer_score":0.5},"geometry":{"type":"Point","coordinates":[-113.590768,53.527083]}},{"type":"Feature","properties":{"name":"RCCG THRONE OF GOD","size":"5-9","address":"16151 142 STREET NW","sector":"Other services (except public administration)","naics_desc":"Religious organizations","hybrid":"No","transit_score":0.225,"lead_score":0.113,"tier":3,"dauid":"48112753","ward":"Anirniq","bia":"","nearest_stop_dist":522.5,"transit_buffer_score":0.5},"geometry":{"type":"Point","coordinates":[-113.568839,53.622091]}},{"type":"Feature","properties":{"name":"ST. KATERI YMCA CHILD CARE (EDMONTON)","size":"5-9","address":"3807 41 AVENUE NW","sector":"Health care and social assistance","naics_desc":"Child day-care services","hybrid":"No","transit_score":0.226,"lead_score":0.113,"tier":3,"dauid":"48111516","ward":"Sspomitapi","bia":"","nearest_stop_dist":408.6,"transit_buffer_score":0.5},"geometry":{"type":"Point","coordinates":[-113.400773,53.476301]}},{"type":"Feature","properties":{"name":"KF WHEELS LTD.","size":"5-9","address":"14179 162 AVENUE NW","sector":"Retail trade","naics_desc":"Tire dealers","hybrid":"No","transit_score":0.225,"lead_score":0.113,"tier":3,"dauid":"48112753","ward":"Anirniq","bia":"","nearest_stop_dist":538.5,"transit_buffer_score":0.5},"geometry":{"type":"Point","coordinates":[-113.568833,53.622836]}},{"type":"Feature","properties":{"name":"PULSE RV","size":"5-9","address":"14444 MARK MESSIER TRAIL NW","sector":"Real estate and rental and leasing","naics_desc":"Truck, utility trailer and recreational vehicle (RV) rental and leasing","hybrid":"No","transit_score":0.225,"lead_score":0.113,"tier":3,"dauid":"48112754","ward":"Anirniq","bia":"","nearest_stop_dist":408.1,"transit_buffer_score":0.5},"geometry":{"type":"Point","coordinates":[-113.584049,53.606684]}},{"type":"Feature","properties":{"name":"UNIVERSAL CHURCH SUPPLIES INC.","size":"5-9","address":"16145 142 STREET NW","sector":"Wholesale trade","naics_desc":"All other merchant wholesalers","hybrid":"No","transit_score":0.225,"lead_score":0.113,"tier":3,"dauid":"48112753","ward":"Anirniq","bia":"","nearest_stop_dist":507.6,"transit_buffer_score":0.5},"geometry":{"type":"Point","coordinates":[-113.568579,53.622086]}},{"type":"Feature","properties":{"name":"MAGIC AUTO DETAILING LTD.","size":"5-9","address":"14181 162 AVENUE NW","sector":"Other services (except public administration)","naics_desc":"Car washes","hybrid":"No","transit_score":0.225,"lead_score":0.113,"tier":3,"dauid":"48112753","ward":"Anirniq","bia":"","nearest_stop_dist":552.3,"transit_buffer_score":0.5},"geometry":{"type":"Point","coordinates":[-113.569039,53.622857]}},{"type":"Feature","properties":{"name":"SHANNON HORRICKS CREATIVE","size":"5-9","address":"14165 162 AVENUE NW","sector":"Professional, scientific and technical services","naics_desc":"Photographic services","hybrid":"No","transit_score":0.225,"lead_score":0.113,"tier":3,"dauid":"48112753","ward":"Anirniq","bia":"","nearest_stop_dist":484.7,"transit_buffer_score":0.5},"geometry":{"type":"Point","coordinates":[-113.568009,53.622835]}},{"type":"Feature","properties":{"name":"MEZOS ROASTERY","size":"5-9","address":"14187 162 AVENUE NW","sector":"Accommodation and food services","naics_desc":"Limited-service eating places","hybrid":"No","transit_score":0.225,"lead_score":0.113,"tier":3,"dauid":"48112753","ward":"Anirniq","bia":"","nearest_stop_dist":569.2,"transit_buffer_score":0.5},"geometry":{"type":"Point","coordinates":[-113.569297,53.622859]}},{"type":"Feature","properties":{"name":"IMAGE WORKS","size":"5-9","address":"16147 142 STREET NW","sector":"Manufacturing","naics_desc":"Sign manufacturing","hybrid":"No","transit_score":0.225,"lead_score":0.113,"tier":3,"dauid":"48112753","ward":"Anirniq","bia":"","nearest_stop_dist":512.8,"transit_buffer_score":0.5},"geometry":{"type":"Point","coordinates":[-113.568673,53.622085]}},{"type":"Feature","properties":{"name":"UPPER CANADA FOREST PRODUCTS LTD.","size":"5-9","address":"15836 142 STREET NW","sector":"Wholesale trade","naics_desc":"Lumber, plywood and millwork merchant wholesalers","hybrid":"No","transit_score":0.225,"lead_score":0.113,"tier":3,"dauid":"48112753","ward":"Anirniq","bia":"","nearest_stop_dist":433.3,"transit_buffer_score":0.5},"geometry":{"type":"Point","coordinates":[-113.570563,53.620995]}},{"type":"Feature","properties":{"name":"TICHI AUTO REPAIR - NORTHWEST EDMONTON","size":"5-9","address":"16157 142 STREET NW","sector":"Other services (except public administration)","naics_desc":"General automotive repair","hybrid":"No","transit_score":0.225,"lead_score":0.113,"tier":3,"dauid":"48112753","ward":"Anirniq","bia":"","nearest_stop_dist":549.1,"transit_buffer_score":0.5},"geometry":{"type":"Point","coordinates":[-113.569296,53.622104]}},{"type":"Feature","properties":{"name":"EXCELLENT KITCHEN & CABINETS LTD","size":"5-9","address":"4184 93 STREET NW","sector":"Construction","naics_desc":"Finish carpentry contractors","hybrid":"No","transit_score":0.223,"lead_score":0.112,"tier":3,"dauid":"48112115","ward":"Karhiio","bia":"","nearest_stop_dist":432.7,"transit_buffer_score":0.5},"geometry":{"type":"Point","coordinates":[-113.47302,53.478515]}},{"type":"Feature","properties":{"name":"INNOVATION PLUS DEVELOPMENTS LIMITED","size":"5-9","address":"4180 93 STREET NW","sector":"Construction","naics_desc":"Residential building construction","hybrid":"No","transit_score":0.223,"lead_score":0.112,"tier":3,"dauid":"48112115","ward":"Karhiio","bia":"","nearest_stop_dist":434.1,"transit_buffer_score":0.5},"geometry":{"type":"Point","coordinates":[-113.473,53.47852]}},{"type":"Feature","properties":{"name":"EXCELLENT KITCHEN AND CABINETS LTD.","size":"5-9","address":"4184 93 STREET NW","sector":"Construction","naics_desc":"Finish carpentry contractors","hybrid":"No","transit_score":0.223,"lead_score":0.112,"tier":3,"dauid":"48112115","ward":"Karhiio","bia":"","nearest_stop_dist":434.1,"transit_buffer_score":0.5},"geometry":{"type":"Point","coordinates":[-113.473,53.47852]}},{"type":"Feature","properties":{"name":"TITAN LOGIX","size":"5-9","address":"4130 93 STREET NW","sector":"Wholesale trade","naics_desc":"All other machinery, equipment and supplies merchant wholesalers","hybrid":"No","transit_score":0.223,"lead_score":0.112,"tier":3,"dauid":"48112115","ward":"Karhiio","bia":"","nearest_stop_dist":437.8,"transit_buffer_score":0.5},"geometry":{"type":"Point","coordinates":[-113.472934,53.477987]}},{"type":"Feature","properties":{"name":"WESTERN FORM COILS LTD","size":"5-9","address":"4190 93 STREET NW","sector":"Manufacturing","naics_desc":"Motor and generator manufacturing","hybrid":"No","transit_score":0.223,"lead_score":0.112,"tier":3,"dauid":"48112115","ward":"Karhiio","bia":"","nearest_stop_dist":426.4,"transit_buffer_score":0.5},"geometry":{"type":"Point","coordinates":[-113.473114,53.478486]}},{"type":"Feature","properties":{"name":"LOCAL IBEW 424","size":"5-9","address":"4232 93 STREET NW","sector":"Other services (except public administration)","naics_desc":"Labour organizations","hybrid":"No","transit_score":0.223,"lead_score":0.112,"tier":3,"dauid":"48112115","ward":"Karhiio","bia":"","nearest_stop_dist":430,"transit_buffer_score":0.5},"geometry":{"type":"Point","coordinates":[-113.473152,53.479013]}},{"type":"Feature","properties":{"name":"MAJESTIC MONUMENTS","size":"5-9","address":"4196 93 STREET NW","sector":"Manufacturing","naics_desc":"All other non-metallic mineral product manufacturing","hybrid":"No","transit_score":0.223,"lead_score":0.112,"tier":3,"dauid":"48112115","ward":"Karhiio","bia":"","nearest_stop_dist":466.8,"transit_buffer_score":0.5},"geometry":{"type":"Point","coordinates":[-113.472503,53.478482]}},{"type":"Feature","properties":{"name":"AL SHAMAL SHRINERS HOLDING ASSOCIATION","size":"5-9","address":"14511 142 STREET NW","sector":"Other services (except public administration)","naics_desc":"Religious organizations","hybrid":"No","transit_score":0.224,"lead_score":0.112,"tier":3,"dauid":"48112755","ward":"Anirniq","bia":"","nearest_stop_dist":475.9,"transit_buffer_score":0.5},"geometry":{"type":"Point","coordinates":[-113.567029,53.607275]}},{"type":"Feature","properties":{"name":"NATIONAL STILTWALKERS OF CANADA","size":"5-9","address":"9357 45 AVENUE NW","sector":"Other services (except public administration)","naics_desc":"Civic and social organizations","hybrid":"No","transit_score":0.217,"lead_score":0.108,"tier":3,"dauid":"48110732","ward":"","bia":"","nearest_stop_dist":435.3,"transit_buffer_score":0.5},"geometry":{"type":"Point","coordinates":[-113.472677,53.483734]}},{"type":"Feature","properties":{"name":"ALBERTA SIGN RENTALS","size":"5-9","address":"9347 45 AVENUE NW","sector":"Manufacturing","naics_desc":"Sign manufacturing","hybrid":"No","transit_score":0.217,"lead_score":0.108,"tier":3,"dauid":"48110732","ward":"","bia":"","nearest_stop_dist":468.3,"transit_buffer_score":0.5},"geometry":{"type":"Point","coordinates":[-113.472152,53.483855]}},{"type":"Feature","properties":{"name":"BAKER BOYZ DESIGNS INC","size":"5-9","address":"9345 45 AVENUE NW","sector":"Other services (except public administration)","naics_desc":"General automotive repair","hybrid":"No","transit_score":0.217,"lead_score":0.108,"tier":3,"dauid":"48110732","ward":"Karhiio","bia":"","nearest_stop_dist":466.8,"transit_buffer_score":0.5},"geometry":{"type":"Point","coordinates":[-113.4722,53.48374]}},{"type":"Feature","properties":{"name":"TOP TIER DIESEL LTD.","size":"5-9","address":"9337 45 AVENUE NW","sector":"Other services (except public administration)","naics_desc":"All other automotive repair and maintenance","hybrid":"No","transit_score":0.217,"lead_score":0.108,"tier":3,"dauid":"48110732","ward":"","bia":"","nearest_stop_dist":474.5,"transit_buffer_score":0.5},"geometry":{"type":"Point","coordinates":[-113.47106,53.483843]}},{"type":"Feature","properties":{"name":"DURAVENT INC","size":"5-9","address":"4280 93 STREET NW","sector":"Manufacturing","naics_desc":"Other ornamental and architectural metal product manufacturing","hybrid":"No","transit_score":0.217,"lead_score":0.108,"tier":3,"dauid":"48110732","ward":"Karhiio","bia":"","nearest_stop_dist":412.1,"transit_buffer_score":0.5},"geometry":{"type":"Point","coordinates":[-113.4731,53.48052]}},{"type":"Feature","properties":{"name":"L.D. REFINISHING INCORPORATED","size":"5-9","address":"4284 93 STREET NW","sector":"Other services (except public administration)","naics_desc":"Reupholstery and furniture repair","hybrid":"No","transit_score":0.217,"lead_score":0.108,"tier":3,"dauid":"48110732","ward":"Karhiio","bia":"","nearest_stop_dist":412.1,"transit_buffer_score":0.5},"geometry":{"type":"Point","coordinates":[-113.4731,53.48052]}},{"type":"Feature","properties":{"name":"BAKER BOYZ DESIGN","size":"5-9","address":"9345 45 AVENUE NW","sector":"Other services (except public administration)","naics_desc":"General automotive repair","hybrid":"No","transit_score":0.217,"lead_score":0.108,"tier":3,"dauid":"48110732","ward":"","bia":"","nearest_stop_dist":466.8,"transit_buffer_score":0.5},"geometry":{"type":"Point","coordinates":[-113.4722,53.48374]}},{"type":"Feature","properties":{"name":"DMK AUTOMOTIVE","size":"5-9","address":"4288 93 STREET NW","sector":"Other services (except public administration)","naics_desc":"General automotive repair","hybrid":"No","transit_score":0.217,"lead_score":0.108,"tier":3,"dauid":"48110732","ward":"Karhiio","bia":"","nearest_stop_dist":403.6,"transit_buffer_score":0.5},"geometry":{"type":"Point","coordinates":[-113.473241,53.480607]}},{"type":"Feature","properties":{"name":"TOP TIER DIESEL TRUCK & TRAILER REPAIR","size":"5-9","address":"9337 45 AVENUE NW","sector":"Other services (except public administration)","naics_desc":"General automotive repair","hybrid":"No","transit_score":0.217,"lead_score":0.108,"tier":3,"dauid":"48110732","ward":"Karhiio","bia":"","nearest_stop_dist":488.4,"transit_buffer_score":0.5},"geometry":{"type":"Point","coordinates":[-113.471011,53.48371]}},{"type":"Feature","properties":{"name":"ADDISON GRACE DESIGN INC.","size":"5-9","address":"9333 45 AVENUE NW","sector":"Professional, scientific and technical services","naics_desc":"Interior design services","hybrid":"No","transit_score":0.217,"lead_score":0.108,"tier":3,"dauid":"48110732","ward":"Karhiio","bia":"","nearest_stop_dist":466.5,"transit_buffer_score":0.5},"geometry":{"type":"Point","coordinates":[-113.470202,53.483848]}},{"type":"Feature","properties":{"name":"RANE PHARMACEUTICAL INC.","size":"5-9","address":"4290 91A STREET NW","sector":"Professional, scientific and technical services","naics_desc":"Research and development in the physical, engineering and life sciences","hybrid":"No","transit_score":0.217,"lead_score":0.108,"tier":3,"dauid":"48110732","ward":"Karhiio","bia":"","nearest_stop_dist":599.5,"transit_buffer_score":0.5},"geometry":{"type":"Point","coordinates":[-113.469522,53.479535]}},{"type":"Feature","properties":{"name":"REVOLUTION PROPERTY MANAGEMENT","size":"5-9","address":"9349 45 AVENUE NW","sector":"Real estate and rental and leasing","naics_desc":"Real estate property managers","hybrid":"No","transit_score":0.217,"lead_score":0.108,"tier":3,"dauid":"48110732","ward":"","bia":"","nearest_stop_dist":476.6,"transit_buffer_score":0.5},"geometry":{"type":"Point","coordinates":[-113.472053,53.483751]}},{"type":"Feature","properties":{"name":"CAPITAL ACCOUNTING SERVICES LTD","size":"5-9","address":"4264 91A STREET NW","sector":"Professional, scientific and technical services","naics_desc":"Offices of accountants","hybrid":"No","transit_score":0.217,"lead_score":0.108,"tier":3,"dauid":"48110732","ward":"Karhiio","bia":"","nearest_stop_dist":548.3,"transit_buffer_score":0.5},"geometry":{"type":"Point","coordinates":[-113.469078,53.479027]}},{"type":"Feature","properties":{"name":"BASEMENT SYSTEMS EDMONTON","size":"5-9","address":"9353 45 AVENUE NW","sector":"Construction","naics_desc":"Other building finishing contractors","hybrid":"No","transit_score":0.217,"lead_score":0.108,"tier":3,"dauid":"48110732","ward":"Karhiio","bia":"","nearest_stop_dist":454.2,"transit_buffer_score":0.5},"geometry":{"type":"Point","coordinates":[-113.472399,53.483811]}},{"type":"Feature","properties":{"name":"BASEMENT SYSTEMS EDMONTON","size":"5-9","address":"9353 45 AVENUE NW","sector":"Construction","naics_desc":"Other building finishing contractors","hybrid":"No","transit_score":0.217,"lead_score":0.108,"tier":3,"dauid":"48110732","ward":"","bia":"","nearest_stop_dist":454.2,"transit_buffer_score":0.5},"geometry":{"type":"Point","coordinates":[-113.472399,53.483811]}},{"type":"Feature","properties":{"name":"COMPUTER ENVIRONMENT SOLUTIONS","size":"5-9","address":"9355 45 AVENUE NW","sector":"Information and cultural industries","naics_desc":"Computing infrastructure providers, data processing, web hosting, and related services","hybrid":"No","transit_score":0.217,"lead_score":0.108,"tier":3,"dauid":"48110732","ward":"Karhiio","bia":"","nearest_stop_dist":466.8,"transit_buffer_score":0.5},"geometry":{"type":"Point","coordinates":[-113.4722,53.48374]}},{"type":"Feature","properties":{"name":"WRENCH HEAD EQUIPMENT REPAIRS","size":"5-9","address":"4298 93 STREET NW","sector":"Other services (except public administration)","naics_desc":"General automotive repair","hybrid":"No","transit_score":0.217,"lead_score":0.108,"tier":3,"dauid":"48110732","ward":"Karhiio","bia":"","nearest_stop_dist":412.1,"transit_buffer_score":0.5},"geometry":{"type":"Point","coordinates":[-113.4731,53.48052]}},{"type":"Feature","properties":{"name":"GOBRIGHTWAY CONSULTING INC.","size":"5-9","address":"9333 45 AVENUE NW","sector":"Professional, scientific and technical services","naics_desc":"Other legal services","hybrid":"No","transit_score":0.215,"lead_score":0.107,"tier":3,"dauid":"48110733","ward":"Karhiio","bia":"","nearest_stop_dist":458.4,"transit_buffer_score":0.5},"geometry":{"type":"Point","coordinates":[-113.469779,53.483911]}},{"type":"Feature","properties":{"name":"EDMONTON TRUCK AND AUTO BODY SHOP","size":"5-9","address":"8525 18 STREET NW","sector":"Other services (except public administration)","naics_desc":"Automotive body, paint and interior repair and maintenance","hybrid":"No","transit_score":0.215,"lead_score":0.107,"tier":3,"dauid":"48112545","ward":"","bia":"","nearest_stop_dist":864.6,"transit_buffer_score":0},"geometry":{"type":"Point","coordinates":[-113.387668,53.5045]}},{"type":"Feature","properties":{"name":"CANADIAN ATLANTIC SEAFOOD IMPORTS INC","size":"5-9","address":"2815 50AVENUE NW","sector":"Wholesale trade","naics_desc":"Fish and seafood product merchant wholesalers","hybrid":"No","transit_score":0.215,"lead_score":0.107,"tier":3,"dauid":"48112545","ward":"Sspomitapi","bia":"","nearest_stop_dist":609.8,"transit_buffer_score":0.1},"geometry":{"type":"Point","coordinates":[-113.386385,53.486993]}},{"type":"Feature","properties":{"name":"TIRE CHALET","size":"5-9","address":"3006 51 AVENUE NW","sector":"Retail trade","naics_desc":"Tire dealers","hybrid":"No","transit_score":0.215,"lead_score":0.107,"tier":3,"dauid":"48112545","ward":"Sspomitapi","bia":"","nearest_stop_dist":731.2,"transit_buffer_score":0.1},"geometry":{"type":"Point","coordinates":[-113.386454,53.489473]}},{"type":"Feature","properties":{"name":"SENTAC","size":"5-9","address":"6278 27 STREET NW","sector":"Health care and social assistance","naics_desc":"Offices of physical, occupational, and speech therapists and audiologists","hybrid":"No","transit_score":0.215,"lead_score":0.107,"tier":3,"dauid":"48112545","ward":"Sspomitapi","bia":"","nearest_stop_dist":953.8,"transit_buffer_score":0},"geometry":{"type":"Point","coordinates":[-113.382969,53.499918]}},{"type":"Feature","properties":{"name":"ADDISON GRACE DESIGN INC.","size":"5-9","address":"9333 45 AVENUE NW","sector":"Professional, scientific and technical services","naics_desc":"Interior design services","hybrid":"No","transit_score":0.215,"lead_score":0.107,"tier":3,"dauid":"48110733","ward":"","bia":"","nearest_stop_dist":443.7,"transit_buffer_score":0.5},"geometry":{"type":"Point","coordinates":[-113.4701,53.48405]}},{"type":"Feature","properties":{"name":"WFF FITTINGS & FLANGES (CANADA) LTD","size":"5-9","address":"3110 51 AVENUE NW","sector":"Wholesale trade","naics_desc":"Industrial machinery, equipment and supplies merchant wholesalers","hybrid":"No","transit_score":0.215,"lead_score":0.107,"tier":3,"dauid":"48112545","ward":"","bia":"","nearest_stop_dist":598.7,"transit_buffer_score":0.5},"geometry":{"type":"Point","coordinates":[-113.388336,53.489971]}},{"type":"Feature","properties":{"name":"EDMONTON TRUCK AND AUTO BODY SHOP","size":"5-9","address":"8525 18 STREET NW","sector":"Other services (except public administration)","naics_desc":"Automotive body, paint and interior repair and maintenance","hybrid":"No","transit_score":0.215,"lead_score":0.107,"tier":3,"dauid":"48112545","ward":"Sspomitapi","bia":"","nearest_stop_dist":864.6,"transit_buffer_score":0},"geometry":{"type":"Point","coordinates":[-113.387668,53.5045]}},{"type":"Feature","properties":{"name":"GFL ENVIRONMENTAL SERVICES INC.","size":"5-9","address":"6110 27 STREET NW","sector":"Administrative and support, waste management and remediation services","naics_desc":"All other waste management services","hybrid":"No","transit_score":0.215,"lead_score":0.107,"tier":3,"dauid":"48112545","ward":"Sspomitapi","bia":"","nearest_stop_dist":994.6,"transit_buffer_score":0},"geometry":{"type":"Point","coordinates":[-113.3832,53.49889]}},{"type":"Feature","properties":{"name":"ENVIRONMENTAL PROCESSORS INC","size":"5-9","address":"6110 30 STREET NW","sector":"Administrative and support, waste management and remediation services","naics_desc":"Material recovery facilities","hybrid":"No","transit_score":0.215,"lead_score":0.107,"tier":3,"dauid":"48112545","ward":"","bia":"","nearest_stop_dist":780,"transit_buffer_score":0.1},"geometry":{"type":"Point","coordinates":[-113.38862,53.499794]}},{"type":"Feature","properties":{"name":"WFF FITTINGS & FLANGES (CANADA) LTD","size":"5-9","address":"3110 51 AVENUE NW","sector":"Wholesale trade","naics_desc":"Industrial machinery, equipment and supplies merchant wholesalers","hybrid":"No","transit_score":0.215,"lead_score":0.107,"tier":3,"dauid":"48112545","ward":"Sspomitapi","bia":"","nearest_stop_dist":598.7,"transit_buffer_score":0.5},"geometry":{"type":"Point","coordinates":[-113.388336,53.489971]}},{"type":"Feature","properties":{"name":"FORTAJ CANADA INC.","size":"5-9","address":"6503 30 STREET NW","sector":"Wholesale trade","naics_desc":"Other new motor vehicle parts and accessories merchant wholesalers","hybrid":"No","transit_score":0.215,"lead_score":0.107,"tier":3,"dauid":"48112545","ward":"","bia":"","nearest_stop_dist":1072.9,"transit_buffer_score":0},"geometry":{"type":"Point","coordinates":[-113.386967,53.502647]}},{"type":"Feature","properties":{"name":"HOOVER CS","size":"5-9","address":"6510 30 STREET NW","sector":"Manufacturing","naics_desc":"Other metal container manufacturing","hybrid":"No","transit_score":0.215,"lead_score":0.107,"tier":3,"dauid":"48112545","ward":"","bia":"","nearest_stop_dist":1012.5,"transit_buffer_score":0},"geometry":{"type":"Point","coordinates":[-113.38864,53.502757]}},{"type":"Feature","properties":{"name":"UNIROPE LTD","size":"5-9","address":"3006 51 AVENUE NW","sector":"Manufacturing","naics_desc":"Other fabricated wire product manufacturing","hybrid":"No","transit_score":0.215,"lead_score":0.107,"tier":3,"dauid":"48112545","ward":"Sspomitapi","bia":"","nearest_stop_dist":759.1,"transit_buffer_score":0.1},"geometry":{"type":"Point","coordinates":[-113.38647,53.488515]}},{"type":"Feature","properties":{"name":"LIFEAB NETWORK LTD.","size":"5-9","address":"9333 45 AVENUE NW","sector":"Professional, scientific and technical services","naics_desc":"Other scientific and technical consulting services","hybrid":"No","transit_score":0.215,"lead_score":0.107,"tier":3,"dauid":"48110733","ward":"","bia":"","nearest_stop_dist":443.7,"transit_buffer_score":0.5},"geometry":{"type":"Point","coordinates":[-113.4701,53.48405]}},{"type":"Feature","properties":{"name":"GOBRIGHTWAY CONSULTING INC.","size":"5-9","address":"9333 45 AVENUE NW","sector":"Professional, scientific and technical services","naics_desc":"Other legal services","hybrid":"No","transit_score":0.215,"lead_score":0.107,"tier":3,"dauid":"48110733","ward":"","bia":"","nearest_stop_dist":443.7,"transit_buffer_score":0.5},"geometry":{"type":"Point","coordinates":[-113.4701,53.48405]}},{"type":"Feature","properties":{"name":"SENTAC","size":"5-9","address":"6278 27 STREET NW","sector":"Health care and social assistance","naics_desc":"Offices of physical, occupational, and speech therapists and audiologists","hybrid":"No","transit_score":0.215,"lead_score":0.107,"tier":3,"dauid":"48112545","ward":"","bia":"","nearest_stop_dist":953.8,"transit_buffer_score":0},"geometry":{"type":"Point","coordinates":[-113.382969,53.499918]}},{"type":"Feature","properties":{"name":"ACCESS TOWING","size":"5-9","address":"6210 30 STREET NW","sector":"Transportation and warehousing","naics_desc":"Motor vehicle towing","hybrid":"No","transit_score":0.215,"lead_score":0.107,"tier":3,"dauid":"48112545","ward":"Sspomitapi","bia":"","nearest_stop_dist":754.5,"transit_buffer_score":0.1},"geometry":{"type":"Point","coordinates":[-113.388916,53.499646]}},{"type":"Feature","properties":{"name":"MAGMA CORPORATION","size":"5-9","address":"3006 51 AVENUE NW","sector":"Wholesale trade","naics_desc":"All other merchant wholesalers","hybrid":"No","transit_score":0.215,"lead_score":0.107,"tier":3,"dauid":"48112545","ward":"Sspomitapi","bia":"","nearest_stop_dist":831.7,"transit_buffer_score":0},"geometry":{"type":"Point","coordinates":[-113.38439,53.489145]}},{"type":"Feature","properties":{"name":"MAGMA WELDING SUPPLIES","size":"5-9","address":"3006 51 AVENUE NW","sector":"Wholesale trade","naics_desc":"Industrial machinery, equipment and supplies merchant wholesalers","hybrid":"No","transit_score":0.215,"lead_score":0.107,"tier":3,"dauid":"48112545","ward":"","bia":"","nearest_stop_dist":742.4,"transit_buffer_score":0.1},"geometry":{"type":"Point","coordinates":[-113.386467,53.489016]}},{"type":"Feature","properties":{"name":"UNIROPE LIMITED","size":"5-9","address":"3006 51 AVENUE NW","sector":"Manufacturing","naics_desc":"Other fabricated wire product manufacturing","hybrid":"No","transit_score":0.215,"lead_score":0.107,"tier":3,"dauid":"48112545","ward":"","bia":"","nearest_stop_dist":759.1,"transit_buffer_score":0.1},"geometry":{"type":"Point","coordinates":[-113.38647,53.488515]}},{"type":"Feature","properties":{"name":"WOODLANDS NORTH","size":"5-9","address":"11316 119 STREET NW","sector":"Professional, scientific and technical services","naics_desc":"Environmental consulting services","hybrid":"Yes","transit_score":0.303,"lead_score":0.106,"tier":3,"dauid":"48110228","ward":"","bia":"Kingsway","nearest_stop_dist":443.4,"transit_buffer_score":0.5},"geometry":{"type":"Point","coordinates":[-113.527521,53.562984]}},{"type":"Feature","properties":{"name":"ACERA INSURANCE BROKER NETWORK","size":"5-9","address":"8170 50 STREET NW","sector":"Finance and insurance","naics_desc":"Insurance agencies and brokerages","hybrid":"Yes","transit_score":0.304,"lead_score":0.106,"tier":3,"dauid":"48110785","ward":"Métis","bia":"","nearest_stop_dist":405.1,"transit_buffer_score":0.5},"geometry":{"type":"Point","coordinates":[-113.420083,53.516545]}},{"type":"Feature","properties":{"name":"TLC SOLUTIONS","size":"5-9","address":"11322 119 STREET NW","sector":"Professional, scientific and technical services","naics_desc":"Computer systems design and related services (except video game design and development)","hybrid":"Yes","transit_score":0.303,"lead_score":0.106,"tier":3,"dauid":"48110228","ward":"","bia":"Kingsway","nearest_stop_dist":482.2,"transit_buffer_score":0.5},"geometry":{"type":"Point","coordinates":[-113.527515,53.563333]}},{"type":"Feature","properties":{"name":"GENERATIONS TECHNOLOGY SOLUTIONS","size":"5-9","address":"11904 113 AVENUE NW","sector":"Professional, scientific and technical services","naics_desc":"Computer systems design and related services (except video game design and development)","hybrid":"Yes","transit_score":0.303,"lead_score":0.106,"tier":3,"dauid":"48110228","ward":"","bia":"Kingsway","nearest_stop_dist":405.8,"transit_buffer_score":0.5},"geometry":{"type":"Point","coordinates":[-113.527746,53.562642]}},{"type":"Feature","properties":{"name":"CERTIFIED FLOORING","size":"5-9","address":"11340 119 STREET NW","sector":"Retail trade","naics_desc":"Floor covering retailers","hybrid":"Yes","transit_score":0.303,"lead_score":0.106,"tier":3,"dauid":"48110228","ward":"","bia":"Kingsway","nearest_stop_dist":498.1,"transit_buffer_score":0.5},"geometry":{"type":"Point","coordinates":[-113.527496,53.563571]}},{"type":"Feature","properties":{"name":"GENERATIONS TECHNOLOGY SOLUTIONS","size":"5-9","address":"11904 113 AVENUE NW","sector":"Professional, scientific and technical services","naics_desc":"Computer systems design and related services (except video game design and development)","hybrid":"Yes","transit_score":0.303,"lead_score":0.106,"tier":3,"dauid":"48110228","ward":"O-day'min","bia":"Kingsway","nearest_stop_dist":405.8,"transit_buffer_score":0.5},"geometry":{"type":"Point","coordinates":[-113.527746,53.562642]}},{"type":"Feature","properties":{"name":"OBG IMMIGRATION CANADA INC.","size":"5-9","address":"8170 50 STREET NW","sector":"Professional, scientific and technical services","naics_desc":"Other legal services","hybrid":"Yes","transit_score":0.304,"lead_score":0.106,"tier":3,"dauid":"48110785","ward":"Métis","bia":"","nearest_stop_dist":417.3,"transit_buffer_score":0.5},"geometry":{"type":"Point","coordinates":[-113.419881,53.516696]}},{"type":"Feature","properties":{"name":"TLC SOLUTIONS","size":"5-9","address":"11322 119 STREET NW","sector":"Professional, scientific and technical services","naics_desc":"Computer systems design and related services (except video game design and development)","hybrid":"Yes","transit_score":0.303,"lead_score":0.106,"tier":3,"dauid":"48110228","ward":"O-day'min","bia":"Kingsway","nearest_stop_dist":482.2,"transit_buffer_score":0.5},"geometry":{"type":"Point","coordinates":[-113.527515,53.563333]}},{"type":"Feature","properties":{"name":"INITIA REAL ESTATE","size":"5-9","address":"11823 114 AVENUE NW","sector":"Real estate and rental and leasing","naics_desc":"Real estate agents","hybrid":"Yes","transit_score":0.303,"lead_score":0.106,"tier":3,"dauid":"48110228","ward":"","bia":"","nearest_stop_dist":433.5,"transit_buffer_score":0.5},"geometry":{"type":"Point","coordinates":[-113.526443,53.563895]}},{"type":"Feature","properties":{"name":"TLC SOLUTIONS","size":"5-9","address":"11322 119 STREET NW","sector":"Professional, scientific and technical services","naics_desc":"Other consulting services","hybrid":"Yes","transit_score":0.303,"lead_score":0.106,"tier":3,"dauid":"48110228","ward":"","bia":"Kingsway","nearest_stop_dist":482.2,"transit_buffer_score":0.5},"geometry":{"type":"Point","coordinates":[-113.527515,53.563333]}},{"type":"Feature","properties":{"name":"IA PRIVATE WEALTH","size":"5-9","address":"11904 113 AVENUE NW","sector":"Management of companies and enterprises","naics_desc":"Holding companies","hybrid":"Yes","transit_score":0.303,"lead_score":0.106,"tier":3,"dauid":"48110228","ward":"","bia":"Kingsway","nearest_stop_dist":415.9,"transit_buffer_score":0.5},"geometry":{"type":"Point","coordinates":[-113.527776,53.562732]}},{"type":"Feature","properties":{"name":"METRIC FINANCIAL","size":"5-9","address":"11904 113 AVENUE NW","sector":"Finance and insurance","naics_desc":"Investment advice","hybrid":"Yes","transit_score":0.303,"lead_score":0.106,"tier":3,"dauid":"48110228","ward":"O-day'min","bia":"Kingsway","nearest_stop_dist":408.7,"transit_buffer_score":0.5},"geometry":{"type":"Point","coordinates":[-113.527507,53.562672]}},{"type":"Feature","properties":{"name":"WEST EDMONTON NATUROPATHIC CLINIC","size":"5-9","address":"11356 119 STREET NW","sector":"Health care and social assistance","naics_desc":"Offices of all other health practitioners","hybrid":"Yes","transit_score":0.303,"lead_score":0.106,"tier":3,"dauid":"48110228","ward":"O-day'min","bia":"Kingsway","nearest_stop_dist":445.7,"transit_buffer_score":0.5},"geometry":{"type":"Point","coordinates":[-113.527504,53.564067]}},{"type":"Feature","properties":{"name":"ALBERTA WATER AND WASTEWATER OPERATORS ASSOCIATION","size":"5-9","address":"11318 199 STREET NW","sector":"Other services (except public administration)","naics_desc":"Professional organizations","hybrid":"Yes","transit_score":0.303,"lead_score":0.106,"tier":3,"dauid":"48110228","ward":"","bia":"Kingsway","nearest_stop_dist":453.7,"transit_buffer_score":0.5},"geometry":{"type":"Point","coordinates":[-113.52752,53.563077]}},{"type":"Feature","properties":{"name":"WOODLANDS NORTH","size":"5-9","address":"11316 119 STREET NW","sector":"Professional, scientific and technical services","naics_desc":"Environmental consulting services","hybrid":"Yes","transit_score":0.303,"lead_score":0.106,"tier":3,"dauid":"48110228","ward":"","bia":"Kingsway","nearest_stop_dist":443.4,"transit_buffer_score":0.5},"geometry":{"type":"Point","coordinates":[-113.527521,53.562984]}},{"type":"Feature","properties":{"name":"IA PRIVATE WEALTH","size":"5-9","address":"11904 113 AVENUE NW","sector":"Management of companies and enterprises","naics_desc":"Holding companies","hybrid":"Yes","transit_score":0.303,"lead_score":0.106,"tier":3,"dauid":"48110228","ward":"","bia":"Kingsway","nearest_stop_dist":415.9,"transit_buffer_score":0.5},"geometry":{"type":"Point","coordinates":[-113.527776,53.562732]}},{"type":"Feature","properties":{"name":"WOODLANDS NORTH","size":"5-9","address":"11316 119 STREET NW","sector":"Professional, scientific and technical services","naics_desc":"Environmental consulting services","hybrid":"Yes","transit_score":0.303,"lead_score":0.106,"tier":3,"dauid":"48110228","ward":"O-day'min","bia":"Kingsway","nearest_stop_dist":443.4,"transit_buffer_score":0.5},"geometry":{"type":"Point","coordinates":[-113.527521,53.562984]}},{"type":"Feature","properties":{"name":"CERTIFIED FLOORING","size":"5-9","address":"11340 119 STREET NW","sector":"Retail trade","naics_desc":"Floor covering retailers","hybrid":"Yes","transit_score":0.303,"lead_score":0.106,"tier":3,"dauid":"48110228","ward":"","bia":"Kingsway","nearest_stop_dist":498.1,"transit_buffer_score":0.5},"geometry":{"type":"Point","coordinates":[-113.527496,53.563571]}},{"type":"Feature","properties":{"name":"IA PRIVATE WEALTH","size":"5-9","address":"11904 113 AVENUE NW","sector":"Management of companies and enterprises","naics_desc":"Holding companies","hybrid":"Yes","transit_score":0.303,"lead_score":0.106,"tier":3,"dauid":"48110228","ward":"O-day'min","bia":"Kingsway","nearest_stop_dist":415.9,"transit_buffer_score":0.5},"geometry":{"type":"Point","coordinates":[-113.527776,53.562732]}},{"type":"Feature","properties":{"name":"ALBERTA WATER AND WASTEWATER OPERATORS ASSOCIATION","size":"5-9","address":"11318 199 STREET NW","sector":"Other services (except public administration)","naics_desc":"Professional organizations","hybrid":"Yes","transit_score":0.303,"lead_score":0.106,"tier":3,"dauid":"48110228","ward":"","bia":"Kingsway","nearest_stop_dist":453.7,"transit_buffer_score":0.5},"geometry":{"type":"Point","coordinates":[-113.52752,53.563077]}},{"type":"Feature","properties":{"name":"ALBERTA WATER AND WASTEWATER OPERATORS ASSOCIATION","size":"5-9","address":"11318 199 STREET NW","sector":"Other services (except public administration)","naics_desc":"Professional organizations","hybrid":"Yes","transit_score":0.303,"lead_score":0.106,"tier":3,"dauid":"48110228","ward":"O-day'min","bia":"Kingsway","nearest_stop_dist":453.7,"transit_buffer_score":0.5},"geometry":{"type":"Point","coordinates":[-113.52752,53.563077]}},{"type":"Feature","properties":{"name":"UPKEEP SALON AND SPA","size":"5-9","address":"621 CAMERON HEIGHTS DRIVE NW","sector":"Other services (except public administration)","naics_desc":"Beauty salons","hybrid":"No","transit_score":0.21,"lead_score":0.105,"tier":3,"dauid":"48112689","ward":"","bia":"","nearest_stop_dist":1825.4,"transit_buffer_score":0},"geometry":{"type":"Point","coordinates":[-113.631483,53.470267]}},{"type":"Feature","properties":{"name":"THE ACCA CENTRE","size":"5-9","address":"3530 91 STREET NW","sector":"Real estate and rental and leasing","naics_desc":"Lessors of non-residential buildings (except mini-warehouses)","hybrid":"No","transit_score":0.211,"lead_score":0.105,"tier":3,"dauid":"48110729","ward":"Karhiio","bia":"","nearest_stop_dist":407.7,"transit_buffer_score":0.5},"geometry":{"type":"Point","coordinates":[-113.46833,53.469099]}},{"type":"Feature","properties":{"name":"FRONTLINE PHARMACY","size":"5-9","address":"627 CAMERON HEIGHTS DRIVE NW","sector":"Retail trade","naics_desc":"Pharmacies and drug stores","hybrid":"No","transit_score":0.21,"lead_score":0.105,"tier":3,"dauid":"48112689","ward":"sipiwiyiniwak","bia":"","nearest_stop_dist":1825.8,"transit_buffer_score":0},"geometry":{"type":"Point","coordinates":[-113.631241,53.470345]}},{"type":"Feature","properties":{"name":"ON THE GO CONVIENCE","size":"5-9","address":"623 CAMERON HEIGHTS DRIVE NW","sector":"Retail trade","naics_desc":"Convenience retailers","hybrid":"No","transit_score":0.21,"lead_score":0.105,"tier":3,"dauid":"48112689","ward":"","bia":"","nearest_stop_dist":1825,"transit_buffer_score":0},"geometry":{"type":"Point","coordinates":[-113.631382,53.470305]}},{"type":"Feature","properties":{"name":"UPKEEP SALON AND SPA","size":"5-9","address":"621 CAMERON HEIGHTS DRIVE NW","sector":"Other services (except public administration)","naics_desc":"Beauty salons","hybrid":"No","transit_score":0.21,"lead_score":0.105,"tier":3,"dauid":"48112689","ward":"sipiwiyiniwak","bia":"","nearest_stop_dist":1827.8,"transit_buffer_score":0},"geometry":{"type":"Point","coordinates":[-113.631463,53.470249]}},{"type":"Feature","properties":{"name":"LIQUOR 4U","size":"5-9","address":"619 CAMERON HEIGHTS DRIVE NW","sector":"Retail trade","naics_desc":"Beer, wine and liquor retailers","hybrid":"No","transit_score":0.21,"lead_score":0.105,"tier":3,"dauid":"48112689","ward":"sipiwiyiniwak","bia":"","nearest_stop_dist":1832.8,"transit_buffer_score":0},"geometry":{"type":"Point","coordinates":[-113.63152,53.470178]}},{"type":"Feature","properties":{"name":"COLOR VIBES SALON & SPA","size":"5-9","address":"9125A 35 AVENUE NW","sector":"Other services (except public administration)","naics_desc":"Beauty salons","hybrid":"No","transit_score":0.211,"lead_score":0.105,"tier":3,"dauid":"48110729","ward":"Karhiio","bia":"","nearest_stop_dist":431.7,"transit_buffer_score":0.5},"geometry":{"type":"Point","coordinates":[-113.468371,53.469314]}},{"type":"Feature","properties":{"name":"HOUSE OF HANDSOME CAMERON HEIGHTS","size":"5-9","address":"625 CAMERON HEIGHTS DRIVE NW","sector":"Other services (except public administration)","naics_desc":"Barber shops","hybrid":"No","transit_score":0.21,"lead_score":0.105,"tier":3,"dauid":"48112689","ward":"sipiwiyiniwak","bia":"","nearest_stop_dist":1826.2,"transit_buffer_score":0},"geometry":{"type":"Point","coordinates":[-113.631317,53.470315]}},{"type":"Feature","properties":{"name":"CITY OF EDMONTON","size":"5-9","address":"3724 91 STREET NW","sector":"Public administration","naics_desc":"Other local, municipal and regional public administration","hybrid":"No","transit_score":0.211,"lead_score":0.105,"tier":3,"dauid":"48110729","ward":"Karhiio","bia":"","nearest_stop_dist":452.9,"transit_buffer_score":0.5},"geometry":{"type":"Point","coordinates":[-113.466867,53.469848]}},{"type":"Feature","properties":{"name":"ACCA BANQUET & CONFERENCE CENTRE","size":"5-9","address":"3530 91 STREET NW","sector":"Real estate and rental and leasing","naics_desc":"Lessors of non-residential buildings (except mini-warehouses)","hybrid":"No","transit_score":0.211,"lead_score":0.105,"tier":3,"dauid":"48110729","ward":"Karhiio","bia":"","nearest_stop_dist":426,"transit_buffer_score":0.5},"geometry":{"type":"Point","coordinates":[-113.468141,53.469266]}},{"type":"Feature","properties":{"name":"CITY OF EDMONTON- SOUTH HAVEN CEMETERY","size":"5-9","address":"5004 MERIDIAN STREET NW","sector":"Public administration","naics_desc":"Other local, municipal and regional public administration","hybrid":"No","transit_score":0.21,"lead_score":0.105,"tier":3,"dauid":"48112535","ward":"Sspomitapi","bia":"","nearest_stop_dist":845.3,"transit_buffer_score":0},"geometry":{"type":"Point","coordinates":[-113.349812,53.488728]}},{"type":"Feature","properties":{"name":"CAPITAL CITY CREMATION","size":"5-9","address":"4820 MERIDIAN STREET NW","sector":"Other services (except public administration)","naics_desc":"Cemeteries and crematoria","hybrid":"No","transit_score":0.21,"lead_score":0.105,"tier":3,"dauid":"48112535","ward":"Sspomitapi","bia":"","nearest_stop_dist":512.8,"transit_buffer_score":0.5},"geometry":{"type":"Point","coordinates":[-113.350189,53.485708]}},{"type":"Feature","properties":{"name":"CITY OF EDMONTON- SOUTH HAVEN CEMETERY","size":"5-9","address":"5004 MERIDIAN STREET NW","sector":"Public administration","naics_desc":"Other local, municipal and regional public administration","hybrid":"No","transit_score":0.21,"lead_score":0.105,"tier":3,"dauid":"48112535","ward":"","bia":"","nearest_stop_dist":845.3,"transit_buffer_score":0},"geometry":{"type":"Point","coordinates":[-113.349812,53.488728]}},{"type":"Feature","properties":{"name":"HOUSE OF HANDSOME BARBERSHOP","size":"5-9","address":"625 CAMERON HEIGHTS DRIVE NW","sector":"Other services (except public administration)","naics_desc":"Barber shops","hybrid":"No","transit_score":0.21,"lead_score":0.105,"tier":3,"dauid":"48112689","ward":"","bia":"","nearest_stop_dist":1830.8,"transit_buffer_score":0},"geometry":{"type":"Point","coordinates":[-113.63122,53.470301]}},{"type":"Feature","properties":{"name":"LIQUOR 4U","size":"5-9","address":"619 CAMERON HEIGHTS DRIVE NW","sector":"Retail trade","naics_desc":"Beer, wine and liquor retailers","hybrid":"No","transit_score":0.21,"lead_score":0.105,"tier":3,"dauid":"48112689","ward":"","bia":"","nearest_stop_dist":1839.5,"transit_buffer_score":0},"geometry":{"type":"Point","coordinates":[-113.631469,53.470126]}},{"type":"Feature","properties":{"name":"HEC TECHNOLOGIES","size":"5-9","address":"4604 82 AVENUE NW","sector":"Construction","naics_desc":"Plumbing, heating and air-conditioning contractors","hybrid":"Yes","transit_score":0.289,"lead_score":0.101,"tier":3,"dauid":"48112107","ward":"Métis","bia":"","nearest_stop_dist":568.8,"transit_buffer_score":0.5},"geometry":{"type":"Point","coordinates":[-113.412532,53.518334]}},{"type":"Feature","properties":{"name":"A.S AULAKH TRUCKING LTD.","size":"5-9","address":"3745 73 AVENUE NW","sector":"Transportation and warehousing","naics_desc":"General freight trucking, local","hybrid":"Yes","transit_score":0.289,"lead_score":0.101,"tier":3,"dauid":"48112107","ward":"Métis","bia":"","nearest_stop_dist":452.5,"transit_buffer_score":0.5},"geometry":{"type":"Point","coordinates":[-113.399574,53.508072]}},{"type":"Feature","properties":{"name":"YASHICA IMPEX INC.","size":"5-9","address":"4608 82 AVENUE NW","sector":"Wholesale trade","naics_desc":"Fresh fruit and vegetable merchant wholesalers","hybrid":"Yes","transit_score":0.289,"lead_score":0.101,"tier":3,"dauid":"48112107","ward":"Métis","bia":"","nearest_stop_dist":595.6,"transit_buffer_score":0.5},"geometry":{"type":"Point","coordinates":[-113.412145,53.518219]}},{"type":"Feature","properties":{"name":"SMART MOVES YEG","size":"5-9","address":"5560 WINDERMERE BOULEVARD SW","sector":"Real estate and rental and leasing","naics_desc":"Real estate agents","hybrid":"No","transit_score":0.202,"lead_score":0.101,"tier":3,"dauid":"48112583","ward":"Karhiio","bia":"","nearest_stop_dist":455.7,"transit_buffer_score":0.5},"geometry":{"type":"Point","coordinates":[-113.455586,53.432339]}},{"type":"Feature","properties":{"name":"COTTON CANDY","size":"5-9","address":"4320 82 AVENUE NW","sector":"Professional, scientific and technical services","naics_desc":"Other management consulting services","hybrid":"Yes","transit_score":0.289,"lead_score":0.101,"tier":3,"dauid":"48112107","ward":"Métis","bia":"","nearest_stop_dist":659.4,"transit_buffer_score":0.1},"geometry":{"type":"Point","coordinates":[-113.4085,53.51832]}},{"type":"Feature","properties":{"name":"ONE! BRAND PARTNER 2017 INC.","size":"5-9","address":"8140 46 STREET NW","sector":"Wholesale trade","naics_desc":"All other merchant wholesalers","hybrid":"Yes","transit_score":0.289,"lead_score":0.101,"tier":3,"dauid":"48112107","ward":"Métis","bia":"","nearest_stop_dist":490.1,"transit_buffer_score":0.5},"geometry":{"type":"Point","coordinates":[-113.412977,53.516664]}},{"type":"Feature","properties":{"name":"ALBERTA RAILWAY MUSEUM","size":"5-9","address":"24215 34 STREET NW","sector":"Arts, entertainment and recreation","naics_desc":"History and science museums","hybrid":"No","transit_score":0.2,"lead_score":0.1,"tier":3,"dauid":"48112470","ward":"Dene","bia":"","nearest_stop_dist":null,"transit_buffer_score":0},"geometry":{"type":"Point","coordinates":[-113.387878,53.70165]}},{"type":"Feature","properties":{"name":"TRUCK & TRAILER REPAIR","size":"5-9","address":"22961 112 AVENUE NW","sector":"Other services (except public administration)","naics_desc":"General automotive repair","hybrid":"No","transit_score":0.2,"lead_score":0.1,"tier":3,"dauid":"48112727","ward":"Nakota Isga","bia":"","nearest_stop_dist":1029.2,"transit_buffer_score":0},"geometry":{"type":"Point","coordinates":[-113.711513,53.559589]}},{"type":"Feature","properties":{"name":"PREMIUM TIRES","size":"5-9","address":"11252 220 STREET NW","sector":"Retail trade","naics_desc":"Tire dealers","hybrid":"No","transit_score":0.2,"lead_score":0.1,"tier":3,"dauid":"48112232","ward":"Nakota Isga","bia":"","nearest_stop_dist":729.6,"transit_buffer_score":0.1},"geometry":{"type":"Point","coordinates":[-113.69761,53.561275]}},{"type":"Feature","properties":{"name":"BRAULT ROOFING (AB) INC.","size":"5-9","address":"20907 107 AVENUE NW","sector":"Construction","naics_desc":"Roofing contractors","hybrid":"No","transit_score":0.2,"lead_score":0.1,"tier":3,"dauid":"48112726","ward":"Nakota Isga","bia":"","nearest_stop_dist":630.5,"transit_buffer_score":0.1},"geometry":{"type":"Point","coordinates":[-113.6795,53.55132]}},{"type":"Feature","properties":{"name":"STANDENS","size":"5-9","address":"18922 111 AVENUE NW","sector":"Retail trade","naics_desc":"Recreational vehicle dealers","hybrid":"No","transit_score":0.2,"lead_score":0.1,"tier":3,"dauid":"48111161","ward":"Nakota Isga","bia":"Northwest Industrial","nearest_stop_dist":411.6,"transit_buffer_score":0.5},"geometry":{"type":"Point","coordinates":[-113.64981,53.558381]}},{"type":"Feature","properties":{"name":"GO AUTO OUTLET WEST","size":"5-9","address":"18920 100 AVENUE NW","sector":"Retail trade","naics_desc":"Used car dealers","hybrid":"No","transit_score":0.2,"lead_score":0.1,"tier":3,"dauid":"48111162","ward":"Nakota Isga","bia":"","nearest_stop_dist":514.4,"transit_buffer_score":0.5},"geometry":{"type":"Point","coordinates":[-113.651139,53.53764]}},{"type":"Feature","properties":{"name":"ALBERTA LIQUID WASTE HAULING LTD","size":"5-9","address":"22132 113 AVENUE NW","sector":"Administrative and support, waste management and remediation services","naics_desc":"Waste collection","hybrid":"No","transit_score":0.2,"lead_score":0.1,"tier":3,"dauid":"48112232","ward":"Nakota Isga","bia":"","nearest_stop_dist":752.7,"transit_buffer_score":0.1},"geometry":{"type":"Point","coordinates":[-113.6993,53.56242]}},{"type":"Feature","properties":{"name":"PRIME TRUCK CENTRE LIMITED","size":"5-9","address":"20620 111 AVENUE NW","sector":"Other services (except public administration)","naics_desc":"Automotive body, paint and interior repair and maintenance","hybrid":"No","transit_score":0.2,"lead_score":0.1,"tier":3,"dauid":"48112726","ward":"Nakota Isga","bia":"","nearest_stop_dist":1165,"transit_buffer_score":0},"geometry":{"type":"Point","coordinates":[-113.6752,53.559067]}},{"type":"Feature","properties":{"name":"XRAY AUTO","size":"5-9","address":"3004 120 AVENUE NE","sector":"Other services (except public administration)","naics_desc":"General automotive repair","hybrid":"No","transit_score":0.2,"lead_score":0.1,"tier":3,"dauid":"48112783","ward":"Dene","bia":"","nearest_stop_dist":945.6,"transit_buffer_score":0},"geometry":{"type":"Point","coordinates":[-113.299334,53.573573]}},{"type":"Feature","properties":{"name":"SUPERIOR NORTH AMERICA INC.","size":"5-9","address":"16125 FORT ROAD NW","sector":"Other services (except public administration)","naics_desc":"General automotive repair","hybrid":"No","transit_score":0.2,"lead_score":0.1,"tier":3,"dauid":"48112497","ward":"Dene","bia":"","nearest_stop_dist":1026.8,"transit_buffer_score":0},"geometry":{"type":"Point","coordinates":[-113.381587,53.622918]}},{"type":"Feature","properties":{"name":"INSPAIRA ENTERPRISES LTD","size":"5-9","address":"22904 112 AVENUE NW","sector":"Transportation and warehousing","naics_desc":"General warehousing and storage","hybrid":"No","transit_score":0.2,"lead_score":0.1,"tier":3,"dauid":"48112727","ward":"Nakota Isga","bia":"","nearest_stop_dist":1106.9,"transit_buffer_score":0},"geometry":{"type":"Point","coordinates":[-113.7111,53.56061]}},{"type":"Feature","properties":{"name":"JH TINT & PAINT PROTECTION SPECIALIST","size":"5-9","address":"10820 181 STREET NW","sector":"Other services (except public administration)","naics_desc":"Automotive glass replacement shops","hybrid":"No","transit_score":0.2,"lead_score":0.1,"tier":3,"dauid":"48111161","ward":"Nakota Isga","bia":"","nearest_stop_dist":416.2,"transit_buffer_score":0.5},"geometry":{"type":"Point","coordinates":[-113.63373,53.5554]}},{"type":"Feature","properties":{"name":"FREEWAY AUTOMOTIVE ELECTRONICS LTD.","size":"5-9","address":"20404 107 AVENUE NW","sector":"Other services (except public administration)","naics_desc":"General automotive repair","hybrid":"No","transit_score":0.2,"lead_score":0.1,"tier":3,"dauid":"48112726","ward":"Nakota Isga","bia":"","nearest_stop_dist":1095,"transit_buffer_score":0},"geometry":{"type":"Point","coordinates":[-113.672405,53.551486]}},{"type":"Feature","properties":{"name":"ELLIE’S HAIR STUDIO","size":"5-9","address":"3426 EWING TRAIL SW","sector":"Other services (except public administration)","naics_desc":"Beauty salons","hybrid":"No","transit_score":0.2,"lead_score":0.1,"tier":3,"dauid":"48112587","ward":"Karhiio","bia":"","nearest_stop_dist":1232.8,"transit_buffer_score":0},"geometry":{"type":"Point","coordinates":[-113.49044,53.402273]}},{"type":"Feature","properties":{"name":"DEALER DIRECT CANADA LTD.","size":"5-9","address":"5908 51 AVENUE NW","sector":"Retail trade","naics_desc":"Used car dealers","hybrid":"No","transit_score":0.2,"lead_score":0.1,"tier":3,"dauid":"48110700","ward":"","bia":"","nearest_stop_dist":532,"transit_buffer_score":0.5},"geometry":{"type":"Point","coordinates":[-113.4264,53.48929]}},{"type":"Feature","properties":{"name":"ALL PRO SIDING & EXTERIORS LTD","size":"5-9","address":"10719 205 STREET NW","sector":"Construction","naics_desc":"Siding contractors","hybrid":"No","transit_score":0.2,"lead_score":0.1,"tier":3,"dauid":"48112726","ward":"Nakota Isga","bia":"","nearest_stop_dist":994.2,"transit_buffer_score":0},"geometry":{"type":"Point","coordinates":[-113.6739,53.55191]}},{"type":"Feature","properties":{"name":"RIVERWOOD FINISHING","size":"5-9","address":"20127 101 AVENUE NW","sector":"Other services (except public administration)","naics_desc":"Reupholstery and furniture repair","hybrid":"No","transit_score":0.2,"lead_score":0.1,"tier":3,"dauid":"48112728","ward":"Nakota Isga","bia":"","nearest_stop_dist":1232.8,"transit_buffer_score":0},"geometry":{"type":"Point","coordinates":[-113.670423,53.550778]}},{"type":"Feature","properties":{"name":"ST STEPHENS CEMETERY","size":"5-9","address":"20303 MERIDIAN STREET NE","sector":"Other services (except public administration)","naics_desc":"Cemeteries and crematoria","hybrid":"No","transit_score":0.2,"lead_score":0.1,"tier":3,"dauid":"48112459","ward":"Dene","bia":"","nearest_stop_dist":null,"transit_buffer_score":0},"geometry":{"type":"Point","coordinates":[-113.342102,53.665324]}},{"type":"Feature","properties":{"name":"BOYCHUK VENTURES INC.","size":"5-9","address":"10604 205 STREET NW","sector":"Transportation and warehousing","naics_desc":"General freight trucking, long distance, truck-load (single shipper)","hybrid":"No","transit_score":0.2,"lead_score":0.1,"tier":3,"dauid":"48112726","ward":"Nakota Isga","bia":"","nearest_stop_dist":931.6,"transit_buffer_score":0},"geometry":{"type":"Point","coordinates":[-113.675702,53.549254]}},{"type":"Feature","properties":{"name":"GS CARS","size":"5-9","address":"20150 118A AVENUE NW","sector":"Wholesale trade","naics_desc":"Recyclable metal merchant wholesalers","hybrid":"No","transit_score":0.2,"lead_score":0.1,"tier":3,"dauid":"48112721","ward":"Nakota Isga","bia":"","nearest_stop_dist":1396.6,"transit_buffer_score":0},"geometry":{"type":"Point","coordinates":[-113.665101,53.569576]}},{"type":"Feature","properties":{"name":"JB'S STORAGE","size":"5-9","address":"15930 FORT ROAD NW","sector":"Real estate and rental and leasing","naics_desc":"Self-storage mini-warehouses","hybrid":"No","transit_score":0.2,"lead_score":0.1,"tier":3,"dauid":"48112497","ward":"Dene","bia":"","nearest_stop_dist":744.7,"transit_buffer_score":0.1},"geometry":{"type":"Point","coordinates":[-113.385341,53.620148]}},{"type":"Feature","properties":{"name":"RE-EM TRANSPORTATION SERVICES LTD","size":"5-9","address":"13103 24 STREET NE","sector":"Other services (except public administration)","naics_desc":"General automotive repair","hybrid":"No","transit_score":0.2,"lead_score":0.1,"tier":3,"dauid":"48112502","ward":"Dene","bia":"","nearest_stop_dist":null,"transit_buffer_score":0},"geometry":{"type":"Point","coordinates":[-113.3144,53.5913]}},{"type":"Feature","properties":{"name":"RUNDLE PARK GOLF COURSE","size":"5-9","address":"2902 118 AVENUE NW","sector":"Public administration","naics_desc":"Other local, municipal and regional public administration","hybrid":"No","transit_score":0.2,"lead_score":0.1,"tier":3,"dauid":"48110083","ward":"Métis","bia":"","nearest_stop_dist":559.3,"transit_buffer_score":0.5},"geometry":{"type":"Point","coordinates":[-113.381631,53.568045]}},{"type":"Feature","properties":{"name":"ELLERSLIE VAPE & SMOKE","size":"5-9","address":"9080 25 AVENUE SW","sector":"Retail trade","naics_desc":"All other miscellaneous retailers (except beer and wine-making supplies retailers)","hybrid":"No","transit_score":0.2,"lead_score":0.1,"tier":3,"dauid":"48112585","ward":"Karhiio","bia":"","nearest_stop_dist":489.7,"transit_buffer_score":0.5},"geometry":{"type":"Point","coordinates":[-113.481584,53.410747]}},{"type":"Feature","properties":{"name":"NORTHSIDE ACCOUNTING & TAX SERVICE","size":"5-9","address":"15930 FORT ROAD NW","sector":"Professional, scientific and technical services","naics_desc":"Offices of accountants","hybrid":"No","transit_score":0.2,"lead_score":0.1,"tier":3,"dauid":"48112497","ward":"Dene","bia":"","nearest_stop_dist":753.4,"transit_buffer_score":0.1},"geometry":{"type":"Point","coordinates":[-113.3854,53.62022]}},{"type":"Feature","properties":{"name":"FIRE & FLOWER CANNABIS CO. | EDMONTON ORCHARDS GATE WEED STORE","size":"5-9","address":"9080 25 AVENUE SW","sector":"Retail trade","naics_desc":"Cannabis retailers","hybrid":"No","transit_score":0.2,"lead_score":0.1,"tier":3,"dauid":"48112585","ward":"Karhiio","bia":"","nearest_stop_dist":481.6,"transit_buffer_score":0.5},"geometry":{"type":"Point","coordinates":[-113.481475,53.410825]}},{"type":"Feature","properties":{"name":"CNC WASTE SOLUTIONS & BIN RENTALS INC.","size":"5-9","address":"11231 231 STREET NW","sector":"Administrative and support, waste management and remediation services","naics_desc":"Waste collection","hybrid":"No","transit_score":0.2,"lead_score":0.1,"tier":3,"dauid":"48112727","ward":"Nakota Isga","bia":"","nearest_stop_dist":1191.5,"transit_buffer_score":0},"geometry":{"type":"Point","coordinates":[-113.7128,53.56084]}},{"type":"Feature","properties":{"name":"PRO-DRIVING SCHOOL INC.","size":"5-9","address":"21228 113 AVENUE NW","sector":"Educational services","naics_desc":"All other schools and instruction","hybrid":"No","transit_score":0.2,"lead_score":0.1,"tier":3,"dauid":"48112726","ward":"Nakota Isga","bia":"","nearest_stop_dist":504,"transit_buffer_score":0.5},"geometry":{"type":"Point","coordinates":[-113.6836,53.56237]}},{"type":"Feature","properties":{"name":"SHAN TRUCK REPAIRS AND DIESEL SOLUTION LTD.","size":"5-9","address":"6750 51 AVENUE NW","sector":"Other services (except public administration)","naics_desc":"General automotive repair","hybrid":"No","transit_score":0.2,"lead_score":0.1,"tier":3,"dauid":"48110700","ward":"","bia":"","nearest_stop_dist":662.3,"transit_buffer_score":0.1},"geometry":{"type":"Point","coordinates":[-113.431308,53.488735]}},{"type":"Feature","properties":{"name":"CAPITAL TRUCK BODY & EQUIPMENT","size":"5-9","address":"2450 130 AVENUE NE","sector":"Manufacturing","naics_desc":"Other metal container manufacturing","hybrid":"No","transit_score":0.2,"lead_score":0.1,"tier":3,"dauid":"48112502","ward":"Dene","bia":"","nearest_stop_dist":2637.9,"transit_buffer_score":0},"geometry":{"type":"Point","coordinates":[-113.313846,53.589278]}},{"type":"Feature","properties":{"name":"BINWISE DISPOSAL","size":"5-9","address":"11035 199 STREET NW","sector":"Real estate and rental and leasing","naics_desc":"Other commercial and industrial machinery and equipment rental and leasing","hybrid":"No","transit_score":0.2,"lead_score":0.1,"tier":3,"dauid":"48112726","ward":"Nakota Isga","bia":"","nearest_stop_dist":1326.1,"transit_buffer_score":0},"geometry":{"type":"Point","coordinates":[-113.663871,53.558053]}},{"type":"Feature","properties":{"name":"REVLYN DEMOLITION & RECYCLING LTD","size":"5-9","address":"11104 201 STREET NW","sector":"Construction","naics_desc":"Site preparation contractors","hybrid":"No","transit_score":0.2,"lead_score":0.1,"tier":3,"dauid":"48112726","ward":"Nakota Isga","bia":"","nearest_stop_dist":1545.9,"transit_buffer_score":0},"geometry":{"type":"Point","coordinates":[-113.667349,53.558877]}},{"type":"Feature","properties":{"name":"LORETTA'S PURELY THERAPEUTIC MASSAGE","size":"5-9","address":"10510 180 STREET NW","sector":"Other services (except public administration)","naics_desc":"Other personal care services","hybrid":"No","transit_score":0.2,"lead_score":0.1,"tier":3,"dauid":"48111161","ward":"Nakota Isga","bia":"","nearest_stop_dist":405.6,"transit_buffer_score":0.5},"geometry":{"type":"Point","coordinates":[-113.633422,53.549267]}},{"type":"Feature","properties":{"name":"SOUTH EAST EDMONTON RV STORAGE","size":"5-9","address":"5215 17 STREET SW","sector":"Accommodation and food services","naics_desc":"Recreational vehicle (RV) parks and campgrounds","hybrid":"No","transit_score":0.2,"lead_score":0.1,"tier":3,"dauid":"48112576","ward":"Sspomitapi","bia":"","nearest_stop_dist":null,"transit_buffer_score":0},"geometry":{"type":"Point","coordinates":[-113.389232,53.389603]}},{"type":"Feature","properties":{"name":"GREEN CHILLI'S PIZZA","size":"5-9","address":"22939 97 AVENUE NW","sector":"Accommodation and food services","naics_desc":"Limited-service eating places","hybrid":"No","transit_score":0.2,"lead_score":0.1,"tier":3,"dauid":"48112731","ward":"Nakota Isga","bia":"","nearest_stop_dist":464.3,"transit_buffer_score":0.5},"geometry":{"type":"Point","coordinates":[-113.712896,53.536668]}},{"type":"Feature","properties":{"name":"RABBIT HILL BAPTIST CEMETERY","size":"5-9","address":"4910 170 STREET SW","sector":"Other services (except public administration)","naics_desc":"Cemeteries and crematoria","hybrid":"No","transit_score":0.2,"lead_score":0.1,"tier":3,"dauid":"48112649","ward":"pihêsiwin","bia":"","nearest_stop_dist":1602.6,"transit_buffer_score":0},"geometry":{"type":"Point","coordinates":[-113.616923,53.389827]}},{"type":"Feature","properties":{"name":"RMC GROUP OF COMPANIES","size":"5-9","address":"10403 172 STREET NW","sector":"Construction","naics_desc":"Poured concrete foundation and structure contractors","hybrid":"No","transit_score":0.2,"lead_score":0.1,"tier":3,"dauid":"48112232","ward":"Nakota Isga","bia":"","nearest_stop_dist":763.5,"transit_buffer_score":0.1},"geometry":{"type":"Point","coordinates":[-113.700649,53.564837]}},{"type":"Feature","properties":{"name":"CITY OF EDMONTON- RUNDLE PARK GOLF COURSE","size":"5-9","address":"2902 118 AVENUE NW","sector":"Public administration","naics_desc":"Other local, municipal and regional public administration","hybrid":"No","transit_score":0.2,"lead_score":0.1,"tier":3,"dauid":"48110083","ward":"","bia":"","nearest_stop_dist":559.3,"transit_buffer_score":0.5},"geometry":{"type":"Point","coordinates":[-113.381631,53.568045]}},{"type":"Feature","properties":{"name":"STING RAY BUILDING MAINTENANCE LTD.","size":"5-9","address":"20121 107 AVENUE NW","sector":"Administrative and support, waste management and remediation services","naics_desc":"Landscaping services","hybrid":"No","transit_score":0.2,"lead_score":0.1,"tier":3,"dauid":"48112728","ward":"Nakota Isga","bia":"","nearest_stop_dist":1243.5,"transit_buffer_score":0},"geometry":{"type":"Point","coordinates":[-113.670277,53.550702]}},{"type":"Feature","properties":{"name":"XRAY AUTOBODY","size":"5-9","address":"3004 120 AVENUE NE","sector":"Other services (except public administration)","naics_desc":"Automotive body, paint and interior repair and maintenance","hybrid":"No","transit_score":0.2,"lead_score":0.1,"tier":3,"dauid":"48112783","ward":"Dene","bia":"","nearest_stop_dist":944.4,"transit_buffer_score":0},"geometry":{"type":"Point","coordinates":[-113.299567,53.573409]}},{"type":"Feature","properties":{"name":"SAVE ON STORAGE","size":"5-9","address":"125 167 AVENUE NW","sector":"Real estate and rental and leasing","naics_desc":"Self-storage mini-warehouses","hybrid":"No","transit_score":0.2,"lead_score":0.1,"tier":3,"dauid":"48111586","ward":"Dene","bia":"","nearest_stop_dist":636.3,"transit_buffer_score":0.1},"geometry":{"type":"Point","coordinates":[-113.345,53.62702]}},{"type":"Feature","properties":{"name":"SHIELD STORAGE","size":"5-9","address":"21919 115 AVENUE NW","sector":"Real estate and rental and leasing","naics_desc":"Self-storage mini-warehouses","hybrid":"No","transit_score":0.2,"lead_score":0.1,"tier":3,"dauid":"48112232","ward":"Nakota Isga","bia":"","nearest_stop_dist":485.3,"transit_buffer_score":0.5},"geometry":{"type":"Point","coordinates":[-113.696202,53.564281]}},{"type":"Feature","properties":{"name":"ACE CUTS BARBERSHOP","size":"5-9","address":"9080 25 AVENUE SW","sector":"Other services (except public administration)","naics_desc":"Barber shops","hybrid":"No","transit_score":0.2,"lead_score":0.1,"tier":3,"dauid":"48112585","ward":"Karhiio","bia":"","nearest_stop_dist":486.7,"transit_buffer_score":0.5},"geometry":{"type":"Point","coordinates":[-113.481541,53.410759]}},{"type":"Feature","properties":{"name":"NUGLAM STUDIO","size":"5-9","address":"3526 EWING TRAIL SW","sector":"Other services (except public administration)","naics_desc":"Beauty salons","hybrid":"No","transit_score":0.2,"lead_score":0.1,"tier":3,"dauid":"48112587","ward":"Karhiio","bia":"","nearest_stop_dist":1055.3,"transit_buffer_score":0},"geometry":{"type":"Point","coordinates":[-113.491401,53.400783]}},{"type":"Feature","properties":{"name":"CODE BLUE MECHANICAL","size":"5-9","address":"7910 181 STREET SW","sector":"Construction","naics_desc":"Plumbing, heating and air-conditioning contractors","hybrid":"No","transit_score":0.2,"lead_score":0.1,"tier":3,"dauid":"48112451","ward":"pihêsiwin","bia":"","nearest_stop_dist":null,"transit_buffer_score":0},"geometry":{"type":"Point","coordinates":[-113.636219,53.361619]}},{"type":"Feature","properties":{"name":"YPM AUTO SERVICES","size":"5-9","address":"20125 107 AVENUE NW","sector":"Other services (except public administration)","naics_desc":"General automotive repair","hybrid":"No","transit_score":0.2,"lead_score":0.1,"tier":3,"dauid":"48112728","ward":"Nakota Isga","bia":"","nearest_stop_dist":1244.4,"transit_buffer_score":0},"geometry":{"type":"Point","coordinates":[-113.670249,53.550767]}},{"type":"Feature","properties":{"name":"T C STEEL LTD","size":"5-9","address":"11204 201 STREET NW","sector":"Manufacturing","naics_desc":"Iron and steel pipes and tubes manufacturing from purchased steel","hybrid":"No","transit_score":0.2,"lead_score":0.1,"tier":3,"dauid":"48112726","ward":"Nakota Isga","bia":"","nearest_stop_dist":1520.3,"transit_buffer_score":0},"geometry":{"type":"Point","coordinates":[-113.667804,53.560355]}},{"type":"Feature","properties":{"name":"VATIKA GRAND","size":"5-9","address":"9080 25 AVENUE SW","sector":"Accommodation and food services","naics_desc":"Full-service restaurants","hybrid":"No","transit_score":0.2,"lead_score":0.1,"tier":3,"dauid":"48112585","ward":"Karhiio","bia":"","nearest_stop_dist":484.1,"transit_buffer_score":0.5},"geometry":{"type":"Point","coordinates":[-113.481499,53.410747]}},{"type":"Feature","properties":{"name":"IGLOO DESIGN STUDIO","size":"5-9","address":"17049 118 AVENUE NW","sector":"Retail trade","naics_desc":"Other building material dealers","hybrid":"No","transit_score":0.2,"lead_score":0.1,"tier":3,"dauid":"48112721","ward":"Nakota Isga","bia":"","nearest_stop_dist":402.7,"transit_buffer_score":0.5},"geometry":{"type":"Point","coordinates":[-113.644012,53.586283]}},{"type":"Feature","properties":{"name":"BHULLAR ENTERPRISES PROTECH DIESEL REPAIR INC.","size":"5-9","address":"20104 106 AVENUE NW","sector":"Other services (except public administration)","naics_desc":"General automotive repair","hybrid":"No","transit_score":0.2,"lead_score":0.1,"tier":3,"dauid":"48112728","ward":"Nakota Isga","bia":"","nearest_stop_dist":1235.9,"transit_buffer_score":0},"geometry":{"type":"Point","coordinates":[-113.669632,53.549933]}},{"type":"Feature","properties":{"name":"WORLD GEAR & TRUCK REPAIR LTD","size":"5-9","address":"21033 107 AVENUE NW","sector":"Other services (except public administration)","naics_desc":"General automotive repair","hybrid":"No","transit_score":0.2,"lead_score":0.1,"tier":3,"dauid":"48112726","ward":"Nakota Isga","bia":"","nearest_stop_dist":474.5,"transit_buffer_score":0.5},"geometry":{"type":"Point","coordinates":[-113.6819,53.5513]}},{"type":"Feature","properties":{"name":"ELLERSLIE PHARMACY & TRAVEL CLINIC","size":"5-9","address":"9080 25 AVENUE SW","sector":"Retail trade","naics_desc":"Pharmacies and drug stores","hybrid":"No","transit_score":0.2,"lead_score":0.1,"tier":3,"dauid":"48112585","ward":"Karhiio","bia":"","nearest_stop_dist":508.4,"transit_buffer_score":0.5},"geometry":{"type":"Point","coordinates":[-113.482518,53.410896]}},{"type":"Feature","properties":{"name":"DYNAMIC BUS SALES & SERVICE","size":"5-9","address":"10721 214 STREET NW","sector":"Retail trade","naics_desc":"Motorcycle, boat and other motor vehicle dealers","hybrid":"No","transit_score":0.2,"lead_score":0.1,"tier":3,"dauid":"48112726","ward":"Nakota Isga","bia":"","nearest_stop_dist":806.8,"transit_buffer_score":0},"geometry":{"type":"Point","coordinates":[-113.67846,53.571034]}},{"type":"Feature","properties":{"name":"SITEONE LANDSCAPE SUPPLY, LTD.","size":"5-9","address":"11603 199 STREET NW","sector":"Retail trade","naics_desc":"Nursery retailers and garden centres","hybrid":"No","transit_score":0.2,"lead_score":0.1,"tier":3,"dauid":"48112721","ward":"","bia":"Northwest Industrial","nearest_stop_dist":1067.6,"transit_buffer_score":0},"geometry":{"type":"Point","coordinates":[-113.66,53.56784]}},{"type":"Feature","properties":{"name":"GERRY WRIGHT OMF","size":"5-9","address":"7315 51 AVENUE NW","sector":"Transportation and warehousing","naics_desc":"Support activities for rail transportation","hybrid":"No","transit_score":0.2,"lead_score":0.1,"tier":3,"dauid":"48110700","ward":"","bia":"","nearest_stop_dist":479.5,"transit_buffer_score":0.5},"geometry":{"type":"Point","coordinates":[-113.435643,53.48702]}},{"type":"Feature","properties":{"name":"FIRST CHOICE AUCTIONS LTD.","size":"5-9","address":"11220 228 STREET NW","sector":"Retail trade","naics_desc":"All other miscellaneous retailers (except beer and wine-making supplies retailers)","hybrid":"No","transit_score":0.2,"lead_score":0.1,"tier":3,"dauid":"48112727","ward":"Nakota Isga","bia":"","nearest_stop_dist":1073.6,"transit_buffer_score":0},"geometry":{"type":"Point","coordinates":[-113.7095,53.56081]}},{"type":"Feature","properties":{"name":"FARHAT FARMS INC","size":"5-9","address":"21850 FORT ROAD NE","sector":"Agriculture, forestry, fishing and hunting","naics_desc":"Other vegetable (except potato) and melon farming","hybrid":"No","transit_score":0.2,"lead_score":0.1,"tier":3,"dauid":"48112459","ward":"Dene","bia":"","nearest_stop_dist":null,"transit_buffer_score":0},"geometry":{"type":"Point","coordinates":[-113.326895,53.678667]}},{"type":"Feature","properties":{"name":"LIT DIESEL TRUCK REPAIR","size":"5-9","address":"11050 224 STREET NW","sector":"Other services (except public administration)","naics_desc":"General automotive repair","hybrid":"No","transit_score":0.2,"lead_score":0.1,"tier":3,"dauid":"48112727","ward":"Nakota Isga","bia":"","nearest_stop_dist":702.1,"transit_buffer_score":0.1},"geometry":{"type":"Point","coordinates":[-113.703876,53.55844]}},{"type":"Feature","properties":{"name":"FORT ROAD RV STORAGE LTD.","size":"5-9","address":"15820 FORT ROAD NW","sector":"Transportation and warehousing","naics_desc":"Other warehousing and storage","hybrid":"No","transit_score":0.2,"lead_score":0.1,"tier":3,"dauid":"48112497","ward":"Dene","bia":"","nearest_stop_dist":620.9,"transit_buffer_score":0.1},"geometry":{"type":"Point","coordinates":[-113.3861,53.61881]}},{"type":"Feature","properties":{"name":"EPCOR WINTERBURN TRAINING CENTRE","size":"5-9","address":"22004 115 AVENUE NW","sector":"Educational services","naics_desc":"Professional and management development training","hybrid":"No","transit_score":0.2,"lead_score":0.1,"tier":3,"dauid":"48112232","ward":"Nakota Isga","bia":"","nearest_stop_dist":621.9,"transit_buffer_score":0.1},"geometry":{"type":"Point","coordinates":[-113.698557,53.565528]}},{"type":"Feature","properties":{"name":"MEDIA RESOURCES INC.","size":"5-9","address":"21219 113 AVENUE NW","sector":"Professional, scientific and technical services","naics_desc":"Engineering services","hybrid":"No","transit_score":0.2,"lead_score":0.1,"tier":3,"dauid":"48112726","ward":"Nakota Isga","bia":"","nearest_stop_dist":613.7,"transit_buffer_score":0.1},"geometry":{"type":"Point","coordinates":[-113.683568,53.56107]}},{"type":"Feature","properties":{"name":"RUMILE CONTRACTING LTD","size":"5-9","address":"10625 199 STREET NW","sector":"Retail trade","naics_desc":"Nursery retailers and garden centres","hybrid":"No","transit_score":0.2,"lead_score":0.1,"tier":3,"dauid":"48112729","ward":"Nakota Isga","bia":"","nearest_stop_dist":1395.8,"transit_buffer_score":0},"geometry":{"type":"Point","coordinates":[-113.6628,53.54995]}},{"type":"Feature","properties":{"name":"CROWN PACKAGING","size":"5-9","address":"13158 93 AVENUE SW","sector":"Manufacturing","naics_desc":"Corrugated and solid fibre box manufacturing","hybrid":"No","transit_score":0.2,"lead_score":0.1,"tier":3,"dauid":"48112647","ward":"Ipiihkoohkanipiaohtsi","bia":"","nearest_stop_dist":1529.2,"transit_buffer_score":0},"geometry":{"type":"Point","coordinates":[-113.554299,53.349868]}},{"type":"Feature","properties":{"name":"GLOBAL RESOURCE AUTO RECYCLING LTD.","size":"5-9","address":"11221 228 STREET NW","sector":"Wholesale trade","naics_desc":"Other recyclable material merchant wholesalers","hybrid":"No","transit_score":0.2,"lead_score":0.1,"tier":3,"dauid":"48112727","ward":"Nakota Isga","bia":"","nearest_stop_dist":1013.3,"transit_buffer_score":0},"geometry":{"type":"Point","coordinates":[-113.7079,53.56065]}},{"type":"Feature","properties":{"name":"ACTIVE WAREHOUSING INC.","size":"5-9","address":"11208 189 STREET NW","sector":"Transportation and warehousing","naics_desc":"General warehousing and storage","hybrid":"No","transit_score":0.2,"lead_score":0.1,"tier":3,"dauid":"48111161","ward":"","bia":"Northwest Industrial","nearest_stop_dist":413.4,"transit_buffer_score":0.5},"geometry":{"type":"Point","coordinates":[-113.6502,53.56013]}},{"type":"Feature","properties":{"name":"BHP MECHANICAL LTD.","size":"5-9","address":"21111 108 AVENUE NW","sector":"Construction","naics_desc":"Plumbing, heating and air-conditioning contractors","hybrid":"No","transit_score":0.2,"lead_score":0.1,"tier":3,"dauid":"48112726","ward":"Nakota Isga","bia":"","nearest_stop_dist":412.5,"transit_buffer_score":0.5},"geometry":{"type":"Point","coordinates":[-113.682889,53.55304]}},{"type":"Feature","properties":{"name":"CANNABIS DISCOUNTER SOUTHPORT","size":"5-9","address":"3516 EWING TRAIL SW","sector":"Retail trade","naics_desc":"Cannabis retailers","hybrid":"No","transit_score":0.2,"lead_score":0.1,"tier":3,"dauid":"48112587","ward":"Karhiio","bia":"","nearest_stop_dist":1095.5,"transit_buffer_score":0},"geometry":{"type":"Point","coordinates":[-113.491413,53.401171]}},{"type":"Feature","properties":{"name":"SHAN TECHNOLOGIES LTD","size":"5-9","address":"6750 51 AVENUE NW","sector":"Transportation and warehousing","naics_desc":"General warehousing and storage","hybrid":"No","transit_score":0.2,"lead_score":0.1,"tier":3,"dauid":"48110700","ward":"","bia":"","nearest_stop_dist":662.3,"transit_buffer_score":0.1},"geometry":{"type":"Point","coordinates":[-113.431308,53.488735]}},{"type":"Feature","properties":{"name":"WICKET TRUCK & AUTO SALES","size":"5-9","address":"18961 118A AVENUE NW","sector":"Retail trade","naics_desc":"Used car dealers","hybrid":"No","transit_score":0.2,"lead_score":0.1,"tier":3,"dauid":"48111161","ward":"Nakota Isga","bia":"Northwest Industrial","nearest_stop_dist":455.8,"transit_buffer_score":0.5},"geometry":{"type":"Point","coordinates":[-113.650225,53.569068]}},{"type":"Feature","properties":{"name":"CLIPPER CRAFT","size":"5-9","address":"22917 97 AVENUE NW","sector":"Other services (except public administration)","naics_desc":"Barber shops","hybrid":"No","transit_score":0.2,"lead_score":0.1,"tier":3,"dauid":"48112731","ward":"Nakota Isga","bia":"","nearest_stop_dist":428.2,"transit_buffer_score":0.5},"geometry":{"type":"Point","coordinates":[-113.712081,53.536817]}},{"type":"Feature","properties":{"name":"MILANO DOORS & MOULDINGS INC.","size":"5-9","address":"18506 104 AVENUE NW","sector":"Manufacturing","naics_desc":"Plastic window and door manufacturing","hybrid":"No","transit_score":0.2,"lead_score":0.1,"tier":3,"dauid":"48111163","ward":"","bia":"","nearest_stop_dist":403.3,"transit_buffer_score":0.5},"geometry":{"type":"Point","coordinates":[-113.646047,53.54769]}},{"type":"Feature","properties":{"name":"WALTON’S TRUCK SERVICE","size":"5-9","address":"10835 209 STREET NW","sector":"Other services (except public administration)","naics_desc":"Commercial and industrial machinery and equipment (except automotive and electronic) repair and maintenance","hybrid":"No","transit_score":0.2,"lead_score":0.1,"tier":3,"dauid":"48112726","ward":"Nakota Isga","bia":"","nearest_stop_dist":815.1,"transit_buffer_score":0},"geometry":{"type":"Point","coordinates":[-113.6781,53.55563]}},{"type":"Feature","properties":{"name":"AMBLESIDE ECO STATION","size":"5-9","address":"14710 ELLERSLIE ROAD SW","sector":"Public administration","naics_desc":"Other local, municipal and regional public administration","hybrid":"No","transit_score":0.2,"lead_score":0.1,"tier":3,"dauid":"48112665","ward":"pihêsiwin","bia":"","nearest_stop_dist":700.9,"transit_buffer_score":0.1},"geometry":{"type":"Point","coordinates":[-113.573443,53.426853]}},{"type":"Feature","properties":{"name":"WINDMILL SUITES","size":"5-9","address":"22130 STONY PLAIN ROAD NW","sector":"Real estate and rental and leasing","naics_desc":"Lessors of residential buildings and dwellings (except social housing projects)","hybrid":"No","transit_score":0.2,"lead_score":0.1,"tier":3,"dauid":"48112731","ward":"Nakota Isga","bia":"","nearest_stop_dist":647.4,"transit_buffer_score":0.1},"geometry":{"type":"Point","coordinates":[-113.699309,53.542359]}},{"type":"Feature","properties":{"name":"HENDAY SELF STORAGE","size":"5-9","address":"20210 118A AVENUE NW","sector":"Real estate and rental and leasing","naics_desc":"Self-storage mini-warehouses","hybrid":"No","transit_score":0.2,"lead_score":0.1,"tier":3,"dauid":"48112721","ward":"Nakota Isga","bia":"","nearest_stop_dist":1268.5,"transit_buffer_score":0},"geometry":{"type":"Point","coordinates":[-113.671,53.57098]}},{"type":"Feature","properties":{"name":"SUBWAY","size":"5-9","address":"22955 97 AVENUE NW","sector":"Accommodation and food services","naics_desc":"Limited-service eating places","hybrid":"No","transit_score":0.2,"lead_score":0.1,"tier":3,"dauid":"48112731","ward":"Nakota Isga","bia":"","nearest_stop_dist":436.2,"transit_buffer_score":0.5},"geometry":{"type":"Point","coordinates":[-113.712243,53.536805]}},{"type":"Feature","properties":{"name":"NO PROB-LLAMA RV STORAGE","size":"5-9","address":"6115 141 STREET SW","sector":"Transportation and warehousing","naics_desc":"Other warehousing and storage","hybrid":"No","transit_score":0.2,"lead_score":0.1,"tier":3,"dauid":"48112647","ward":"Ipiihkoohkanipiaohtsi","bia":"","nearest_stop_dist":2027,"transit_buffer_score":0},"geometry":{"type":"Point","coordinates":[-113.559629,53.379423]}},{"type":"Feature","properties":{"name":"RENT UPTOWN INC.","size":"5-9","address":"1025 PAISLEY DRIVE SW","sector":"Real estate and rental and leasing","naics_desc":"Lessors of residential buildings and dwellings (except social housing projects)","hybrid":"No","transit_score":0.2,"lead_score":0.1,"tier":3,"dauid":"48112643","ward":"Ipiihkoohkanipiaohtsi","bia":"","nearest_stop_dist":446.4,"transit_buffer_score":0.5},"geometry":{"type":"Point","coordinates":[-113.558066,53.4144]}},{"type":"Feature","properties":{"name":"GREEN ACRES DRIVING RANGE","size":"5-9","address":"15821 34 STREET NW","sector":"Arts, entertainment and recreation","naics_desc":"Other sport facilities","hybrid":"No","transit_score":0.2,"lead_score":0.1,"tier":3,"dauid":"48112497","ward":"Dene","bia":"","nearest_stop_dist":570.4,"transit_buffer_score":0.5},"geometry":{"type":"Point","coordinates":[-113.390192,53.620351]}},{"type":"Feature","properties":{"name":"OLD MAN CREEK NURSERY","size":"5-9","address":"53351 RANGE ROAD 231 NW","sector":"Public administration","naics_desc":"Other local, municipal and regional public administration","hybrid":"No","transit_score":0.2,"lead_score":0.1,"tier":3,"dauid":"48112459","ward":"Dene","bia":"","nearest_stop_dist":null,"transit_buffer_score":0},"geometry":{"type":"Point","coordinates":[-113.297712,53.71593]}},{"type":"Feature","properties":{"name":"ALL REACH GLASS SERVICES INC.","size":"5-9","address":"18127 107 AVENUE NW","sector":"Manufacturing","naics_desc":"Glass product manufacturing from purchased glass","hybrid":"No","transit_score":0.2,"lead_score":0.1,"tier":3,"dauid":"48111161","ward":"","bia":"","nearest_stop_dist":400.1,"transit_buffer_score":0.5},"geometry":{"type":"Point","coordinates":[-113.633485,53.552516]}},{"type":"Feature","properties":{"name":"PORTSIDE","size":"5-9","address":"11560 186 STREET NW","sector":"Transportation and warehousing","naics_desc":"General warehousing and storage","hybrid":"No","transit_score":0.2,"lead_score":0.1,"tier":3,"dauid":"48111161","ward":"","bia":"Northwest Industrial","nearest_stop_dist":426.5,"transit_buffer_score":0.5},"geometry":{"type":"Point","coordinates":[-113.650771,53.565824]}},{"type":"Feature","properties":{"name":"CAPITAL CITY SIGNS","size":"5-9","address":"20103 107 AVENUE NW","sector":"Manufacturing","naics_desc":"Sign manufacturing","hybrid":"No","transit_score":0.2,"lead_score":0.1,"tier":3,"dauid":"48112728","ward":"Nakota Isga","bia":"","nearest_stop_dist":1306.9,"transit_buffer_score":0},"geometry":{"type":"Point","coordinates":[-113.669332,53.550595]}},{"type":"Feature","properties":{"name":"SOLO TOWING","size":"5-9","address":"556 EVERGREEN PARK NW","sector":"Transportation and warehousing","naics_desc":"Motor vehicle towing","hybrid":"No","transit_score":0.2,"lead_score":0.1,"tier":3,"dauid":"48111586","ward":"Dene","bia":"","nearest_stop_dist":459.1,"transit_buffer_score":0.5},"geometry":{"type":"Point","coordinates":[-113.3487,53.63223]}},{"type":"Feature","properties":{"name":"BIG MOOSE DRIVING RANGE","size":"5-9","address":"13415 41 AVENUE SW","sector":"Arts, entertainment and recreation","naics_desc":"Golf courses and country clubs","hybrid":"No","transit_score":0.2,"lead_score":0.1,"tier":3,"dauid":"48112644","ward":"Ipiihkoohkanipiaohtsi","bia":"","nearest_stop_dist":590.9,"transit_buffer_score":0.5},"geometry":{"type":"Point","coordinates":[-113.554648,53.392095]}},{"type":"Feature","properties":{"name":"GM PEARSON BIOMEDICAL WASTE SPECIALISTS LTD","size":"5-9","address":"2333 119 AVENUE NW NE","sector":"Transportation and warehousing","naics_desc":"Couriers","hybrid":"No","transit_score":0.2,"lead_score":0.1,"tier":3,"dauid":"48112785","ward":"Dene","bia":"","nearest_stop_dist":790.2,"transit_buffer_score":0.1},"geometry":{"type":"Point","coordinates":[-113.3111,53.572]}},{"type":"Feature","properties":{"name":"NANAKSAR TEMPLE","size":"5-9","address":"1410 HORSEHILL ROAD NW","sector":"Other services (except public administration)","naics_desc":"Religious organizations","hybrid":"No","transit_score":0.2,"lead_score":0.1,"tier":3,"dauid":"48112471","ward":"Dene","bia":"","nearest_stop_dist":null,"transit_buffer_score":0},"geometry":{"type":"Point","coordinates":[-113.363655,53.661058]}},{"type":"Feature","properties":{"name":"780 CARS","size":"5-9","address":"20804 STONY PLAIN ROAD NW","sector":"Retail trade","naics_desc":"Used car dealers","hybrid":"No","transit_score":0.2,"lead_score":0.1,"tier":3,"dauid":"48112728","ward":"Nakota Isga","bia":"","nearest_stop_dist":480.6,"transit_buffer_score":0.5},"geometry":{"type":"Point","coordinates":[-113.67886,53.541729]}},{"type":"Feature","properties":{"name":"YELLOWHEAD SELF STORAGE & BIRCH FUMIGATORS","size":"5-9","address":"20412 118A AVENUE NW","sector":"Real estate and rental and leasing","naics_desc":"Self-storage mini-warehouses","hybrid":"No","transit_score":0.2,"lead_score":0.1,"tier":3,"dauid":"48112721","ward":"Nakota Isga","bia":"","nearest_stop_dist":1102.1,"transit_buffer_score":0},"geometry":{"type":"Point","coordinates":[-113.673186,53.5719]}},{"type":"Feature","properties":{"name":"ALL CLEAN PROPERTY SERVICES LTD.","size":"5-9","address":"10715 205 STREET NW","sector":"Administrative and support, waste management and remediation services","naics_desc":"Window cleaning services","hybrid":"No","transit_score":0.2,"lead_score":0.1,"tier":3,"dauid":"48112726","ward":"Nakota Isga","bia":"","nearest_stop_dist":1004.8,"transit_buffer_score":0},"geometry":{"type":"Point","coordinates":[-113.673736,53.552018]}},{"type":"Feature","properties":{"name":"EWING CAR WASH","size":"5-9","address":"3454 EWING TRAIL SW","sector":"Other services (except public administration)","naics_desc":"Car washes","hybrid":"No","transit_score":0.2,"lead_score":0.1,"tier":3,"dauid":"48112587","ward":"Karhiio","bia":"","nearest_stop_dist":1170.8,"transit_buffer_score":0},"geometry":{"type":"Point","coordinates":[-113.491381,53.401881]}},{"type":"Feature","properties":{"name":"EDMONTON SCOTTISH UNITED SOCCER CLUB","size":"5-9","address":"3105 101 STREET SW","sector":"Arts, entertainment and recreation","naics_desc":"Sports clubs, teams and leagues performing before a non-paying audience","hybrid":"No","transit_score":0.2,"lead_score":0.1,"tier":3,"dauid":"48112587","ward":"Karhiio","bia":"","nearest_stop_dist":1076,"transit_buffer_score":0},"geometry":{"type":"Point","coordinates":[-113.4891,53.40431]}},{"type":"Feature","properties":{"name":"CM WORKS","size":"5-9","address":"3614 98 STREET NW","sector":"Other services (except public administration)","naics_desc":"Commercial and industrial machinery and equipment (except automotive and electronic) repair and maintenance","hybrid":"No","transit_score":0.2,"lead_score":0.1,"tier":3,"dauid":"48112727","ward":"Nakota Isga","bia":"","nearest_stop_dist":1027.4,"transit_buffer_score":0},"geometry":{"type":"Point","coordinates":[-113.70933,53.560394]}},{"type":"Feature","properties":{"name":"CAN ALTA TRACTOR SALES & RENTALS LTD","size":"5-9","address":"20525 107 AVENUE NW","sector":"Real estate and rental and leasing","naics_desc":"Other commercial and industrial machinery and equipment rental and leasing","hybrid":"No","transit_score":0.2,"lead_score":0.1,"tier":3,"dauid":"48112726","ward":"Nakota Isga","bia":"","nearest_stop_dist":830.5,"transit_buffer_score":0},"geometry":{"type":"Point","coordinates":[-113.676451,53.551308]}},{"type":"Feature","properties":{"name":"BREWERS DISTRIBUTOR LTD","size":"5-9","address":"11250 189 STREET NW","sector":"Wholesale trade","naics_desc":"Alcoholic beverage merchant wholesalers","hybrid":"No","transit_score":0.2,"lead_score":0.1,"tier":3,"dauid":"48111161","ward":"Nakota Isga","bia":"Northwest Industrial","nearest_stop_dist":598.5,"transit_buffer_score":0.5},"geometry":{"type":"Point","coordinates":[-113.652996,53.560254]}},{"type":"Feature","properties":{"name":"12VOLT WIZARD LTD.","size":"5-9","address":"20611 111 AVENUE NW","sector":"Other services (except public administration)","naics_desc":"All other automotive repair and maintenance","hybrid":"No","transit_score":0.2,"lead_score":0.1,"tier":3,"dauid":"48112726","ward":"Nakota Isga","bia":"","nearest_stop_dist":1096.4,"transit_buffer_score":0},"geometry":{"type":"Point","coordinates":[-113.676134,53.558404]}},{"type":"Feature","properties":{"name":"CONTAINERWEST","size":"5-9","address":"10831 231 STREET NW","sector":"Manufacturing","naics_desc":"Other metal container manufacturing","hybrid":"No","transit_score":0.2,"lead_score":0.1,"tier":3,"dauid":"48112727","ward":"Nakota Isga","bia":"","nearest_stop_dist":551.3,"transit_buffer_score":0.5},"geometry":{"type":"Point","coordinates":[-113.708855,53.555123]}},{"type":"Feature","properties":{"name":"K & M MECHANICAL INC","size":"5-9","address":"20508 118A AVENUE NW","sector":"Other services (except public administration)","naics_desc":"General automotive repair","hybrid":"No","transit_score":0.2,"lead_score":0.1,"tier":3,"dauid":"48112726","ward":"Nakota Isga","bia":"","nearest_stop_dist":1002.5,"transit_buffer_score":0},"geometry":{"type":"Point","coordinates":[-113.674817,53.571749]}},{"type":"Feature","properties":{"name":"TRIMAC ENERGY SERVICES LTD.","size":"5-9","address":"13245 24 STREET NE","sector":"Other services (except public administration)","naics_desc":"General automotive repair","hybrid":"No","transit_score":0.2,"lead_score":0.1,"tier":3,"dauid":"48112502","ward":"Dene","bia":"","nearest_stop_dist":null,"transit_buffer_score":0},"geometry":{"type":"Point","coordinates":[-113.3093,53.59534]}},{"type":"Feature","properties":{"name":"MKO BUSINESS PARK","size":"5-9","address":"2728 YELLOWHEAD TRAIL NE","sector":"Transportation and warehousing","naics_desc":"General warehousing and storage","hybrid":"No","transit_score":0.2,"lead_score":0.1,"tier":3,"dauid":"48112783","ward":"Dene","bia":"","nearest_stop_dist":1016.3,"transit_buffer_score":0},"geometry":{"type":"Point","coordinates":[-113.304364,53.571488]}},{"type":"Feature","properties":{"name":"BOSS LIQUOR","size":"5-9","address":"9080 25 AVENUE SW","sector":"Retail trade","naics_desc":"Beer, wine and liquor retailers","hybrid":"No","transit_score":0.2,"lead_score":0.1,"tier":3,"dauid":"48112585","ward":"Karhiio","bia":"","nearest_stop_dist":511.8,"transit_buffer_score":0.5},"geometry":{"type":"Point","coordinates":[-113.482335,53.410835]}},{"type":"Feature","properties":{"name":"AERCO INDUSTRIES LTD.","size":"5-9","address":"11320 182 STREET NW","sector":"Construction","naics_desc":"Plumbing, heating and air-conditioning contractors","hybrid":"No","transit_score":0.2,"lead_score":0.1,"tier":3,"dauid":"48111161","ward":"Nakota Isga","bia":"Northwest Industrial","nearest_stop_dist":401,"transit_buffer_score":0.5},"geometry":{"type":"Point","coordinates":[-113.636501,53.562575]}},{"type":"Feature","properties":{"name":"RKT CONTRACTING INC","size":"5-9","address":"10612 205 STREET NW","sector":"Retail trade","naics_desc":"Nursery retailers and garden centres","hybrid":"No","transit_score":0.2,"lead_score":0.1,"tier":3,"dauid":"48112726","ward":"Nakota Isga","bia":"","nearest_stop_dist":915.6,"transit_buffer_score":0},"geometry":{"type":"Point","coordinates":[-113.6757,53.54971]}},{"type":"Feature","properties":{"name":"CANPRO DECORATING PRODUCTS COOPERATIVE","size":"5-9","address":"10733 104 AVENUE NW","sector":"Wholesale trade","naics_desc":"Wholesale trade agents and brokers","hybrid":"No","transit_score":0.2,"lead_score":0.1,"tier":3,"dauid":"48110700","ward":"Karhiio","bia":"","nearest_stop_dist":401.5,"transit_buffer_score":0.5},"geometry":{"type":"Point","coordinates":[-113.432101,53.491185]}},{"type":"Feature","properties":{"name":"LIQUOR BLVD.","size":"5-9","address":"3420 EWING TRAIL SW","sector":"Retail trade","naics_desc":"Beer, wine and liquor retailers","hybrid":"No","transit_score":0.2,"lead_score":0.1,"tier":3,"dauid":"48112587","ward":"Karhiio","bia":"","nearest_stop_dist":1238.9,"transit_buffer_score":0},"geometry":{"type":"Point","coordinates":[-113.49018,53.402273]}},{"type":"Feature","properties":{"name":"BMB DIESEL REPAIR INC.","size":"5-9","address":"20603 111 AVENUE NW","sector":"Other services (except public administration)","naics_desc":"General automotive repair","hybrid":"No","transit_score":0.2,"lead_score":0.1,"tier":3,"dauid":"48112726","ward":"Nakota Isga","bia":"","nearest_stop_dist":1084.1,"transit_buffer_score":0},"geometry":{"type":"Point","coordinates":[-113.676085,53.558191]}},{"type":"Feature","properties":{"name":"CASTLEWOOD CARE HOMES INC/1914969 ALBERTA INC","size":"5-9","address":"18435 121 AVENUE NW","sector":"Real estate and rental and leasing","naics_desc":"Lessors of residential buildings and dwellings (except social housing projects)","hybrid":"No","transit_score":0.2,"lead_score":0.1,"tier":3,"dauid":"48111161","ward":"Nakota Isga","bia":"","nearest_stop_dist":455.7,"transit_buffer_score":0.5},"geometry":{"type":"Point","coordinates":[-113.640829,53.574546]}},{"type":"Feature","properties":{"name":"DINO'S MACHINE SHOP","size":"5-9","address":"22110 113 AVENUE NW","sector":"Manufacturing","naics_desc":"Machine shops","hybrid":"No","transit_score":0.2,"lead_score":0.1,"tier":3,"dauid":"48112232","ward":"Nakota Isga","bia":"","nearest_stop_dist":721.7,"transit_buffer_score":0.1},"geometry":{"type":"Point","coordinates":[-113.698767,53.562416]}},{"type":"Feature","properties":{"name":"EZSALE - SELL YOUR CAR THE EZ WAY","size":"5-9","address":"12545 124 STREET NW","sector":"Wholesale trade","naics_desc":"Wholesale trade agents and brokers","hybrid":"Yes","transit_score":0.287,"lead_score":0.1,"tier":3,"dauid":"48110242","ward":"Anirniq","bia":"","nearest_stop_dist":515.3,"transit_buffer_score":0.5},"geometry":{"type":"Point","coordinates":[-113.535571,53.58215]}},{"type":"Feature","properties":{"name":"DRESSAGE STUDIO INC","size":"5-9","address":"51062 HIGHWAY 2 SERVICE ROAD","sector":"Agriculture, forestry, fishing and hunting","naics_desc":"Support activities for animal production","hybrid":"No","transit_score":0.2,"lead_score":0.1,"tier":3,"dauid":"48112641","ward":"Ipiihkoohkanipiaohtsi","bia":"","nearest_stop_dist":751.9,"transit_buffer_score":0.1},"geometry":{"type":"Point","coordinates":[-113.526883,53.381575]}},{"type":"Feature","properties":{"name":"ACCURATE SCREEN & GRATING","size":"5-9","address":"1015 EBY ROAD SW","sector":"Manufacturing","naics_desc":"All other miscellaneous fabricated metal product manufacturing","hybrid":"No","transit_score":0.2,"lead_score":0.1,"tier":3,"dauid":"48112587","ward":"Karhiio","bia":"","nearest_stop_dist":1188.3,"transit_buffer_score":0},"geometry":{"type":"Point","coordinates":[-113.482685,53.398445]}},{"type":"Feature","properties":{"name":"BIZI TRANSPORT INC","size":"5-9","address":"20432 106 AVENUE NW","sector":"Transportation and warehousing","naics_desc":"General freight trucking, local","hybrid":"No","transit_score":0.2,"lead_score":0.1,"tier":3,"dauid":"48112728","ward":"Nakota Isga","bia":"","nearest_stop_dist":1119.2,"transit_buffer_score":0},"geometry":{"type":"Point","coordinates":[-113.672449,53.549842]}},{"type":"Feature","properties":{"name":"OUR LADY QUEEN OF PEACE RANCH","size":"5-9","address":"903 153 AVENUE NE","sector":"Accommodation and food services","naics_desc":"Recreational (except hunting and fishing) and vacation camps","hybrid":"No","transit_score":0.2,"lead_score":0.1,"tier":3,"dauid":"48112502","ward":"Dene","bia":"","nearest_stop_dist":1993.5,"transit_buffer_score":0},"geometry":{"type":"Point","coordinates":[-113.325837,53.609358]}},{"type":"Feature","properties":{"name":"RABBIT HILL RV STORAGE","size":"5-9","address":"7710 181 STREET SW","sector":"Transportation and warehousing","naics_desc":"Other warehousing and storage","hybrid":"No","transit_score":0.2,"lead_score":0.1,"tier":3,"dauid":"48112451","ward":"pihêsiwin","bia":"","nearest_stop_dist":null,"transit_buffer_score":0},"geometry":{"type":"Point","coordinates":[-113.636376,53.362721]}},{"type":"Feature","properties":{"name":"ACCELERATED AGRICULTURE INC.","size":"5-9","address":"12034 28 STREET NE","sector":"Wholesale trade","naics_desc":"Agricultural feed merchant wholesalers","hybrid":"No","transit_score":0.2,"lead_score":0.1,"tier":3,"dauid":"48112783","ward":"Dene","bia":"","nearest_stop_dist":1215,"transit_buffer_score":0},"geometry":{"type":"Point","coordinates":[-113.301876,53.575492]}},{"type":"Feature","properties":{"name":"ELVAAN EQUIPMENT SOLUTIONS","size":"5-9","address":"10807 209 STREET NW","sector":"Wholesale trade","naics_desc":"Construction and forestry machinery, equipment and supplies merchant wholesalers","hybrid":"No","transit_score":0.2,"lead_score":0.1,"tier":3,"dauid":"48112726","ward":"Nakota Isga","bia":"","nearest_stop_dist":662.3,"transit_buffer_score":0.1},"geometry":{"type":"Point","coordinates":[-113.67915,53.553407]}},{"type":"Feature","properties":{"name":"SHAN TRUCK REPAIRS AND DIESEL SOLUTION LTD.","size":"5-9","address":"6750 51 AVENUE NW","sector":"Other services (except public administration)","naics_desc":"General automotive repair","hybrid":"No","transit_score":0.2,"lead_score":0.1,"tier":3,"dauid":"48110700","ward":"Karhiio","bia":"","nearest_stop_dist":662.3,"transit_buffer_score":0.1},"geometry":{"type":"Point","coordinates":[-113.431308,53.488735]}},{"type":"Feature","properties":{"name":"MAXPRO COLLISION INC.","size":"5-9","address":"21024 109 AVENUE NW","sector":"Other services (except public administration)","naics_desc":"Automotive body, paint and interior repair and maintenance","hybrid":"No","transit_score":0.2,"lead_score":0.1,"tier":3,"dauid":"48112726","ward":"Nakota Isga","bia":"","nearest_stop_dist":782.3,"transit_buffer_score":0.1},"geometry":{"type":"Point","coordinates":[-113.6818,53.557745]}},{"type":"Feature","properties":{"name":"IMT STANDENS GP INC","size":"5-9","address":"18922 111 AVENUE NW","sector":"Retail trade","naics_desc":"Recreational vehicle dealers","hybrid":"No","transit_score":0.2,"lead_score":0.1,"tier":3,"dauid":"48111161","ward":"","bia":"Northwest Industrial","nearest_stop_dist":411.6,"transit_buffer_score":0.5},"geometry":{"type":"Point","coordinates":[-113.64981,53.558381]}},{"type":"Feature","properties":{"name":"ALBERTA STONECRAFT","size":"5-9","address":"20448 107 AVENUE NW","sector":"Construction","naics_desc":"Masonry contractors","hybrid":"No","transit_score":0.2,"lead_score":0.1,"tier":3,"dauid":"48112726","ward":"Nakota Isga","bia":"","nearest_stop_dist":1052.2,"transit_buffer_score":0},"geometry":{"type":"Point","coordinates":[-113.673019,53.552007]}},{"type":"Feature","properties":{"name":"CO2BLAST LTD","size":"5-9","address":"2716 YELLOWHEAD TRAIL NE","sector":"Construction","naics_desc":"All other specialty trade contractors","hybrid":"No","transit_score":0.2,"lead_score":0.1,"tier":3,"dauid":"48112785","ward":"Dene","bia":"","nearest_stop_dist":997.1,"transit_buffer_score":0},"geometry":{"type":"Point","coordinates":[-113.3047,53.57134]}},{"type":"Feature","properties":{"name":"TRUCK PARKING LTD","size":"5-9","address":"6604 51 AVENUE NW","sector":"Other services (except public administration)","naics_desc":"Parking lots and garages","hybrid":"No","transit_score":0.2,"lead_score":0.1,"tier":3,"dauid":"48110700","ward":"Karhiio","bia":"","nearest_stop_dist":708.2,"transit_buffer_score":0.1},"geometry":{"type":"Point","coordinates":[-113.430041,53.488329]}},{"type":"Feature","properties":{"name":"EDMONTON CROATIA SOCCER CLUB","size":"5-9","address":"21461 FORT ROAD NE","sector":"Arts, entertainment and recreation","naics_desc":"Sports clubs, teams and leagues performing before a non-paying audience","hybrid":"No","transit_score":0.2,"lead_score":0.1,"tier":3,"dauid":"48112459","ward":"Dene","bia":"","nearest_stop_dist":null,"transit_buffer_score":0},"geometry":{"type":"Point","coordinates":[-113.3227,53.67675]}},{"type":"Feature","properties":{"name":"WILKS MECHANICAL LTD","size":"5-9","address":"11260 228 STREET NW","sector":"Other services (except public administration)","naics_desc":"General automotive repair","hybrid":"No","transit_score":0.2,"lead_score":0.1,"tier":3,"dauid":"48112727","ward":"Nakota Isga","bia":"","nearest_stop_dist":1161.6,"transit_buffer_score":0},"geometry":{"type":"Point","coordinates":[-113.7095,53.56169]}},{"type":"Feature","properties":{"name":"ALL-PRO CONSTRUCTION","size":"5-9","address":"23012 110 AVENUE NW","sector":"Construction","naics_desc":"Commercial and institutional building construction","hybrid":"No","transit_score":0.2,"lead_score":0.1,"tier":3,"dauid":"48112727","ward":"Nakota Isga","bia":"","nearest_stop_dist":930.8,"transit_buffer_score":0},"geometry":{"type":"Point","coordinates":[-113.713035,53.557491]}},{"type":"Feature","properties":{"name":"OODLE NOODLE","size":"5-9","address":"9080 25 AVENUE SW","sector":"Accommodation and food services","naics_desc":"Limited-service eating places","hybrid":"No","transit_score":0.2,"lead_score":0.1,"tier":3,"dauid":"48112585","ward":"Karhiio","bia":"","nearest_stop_dist":489.7,"transit_buffer_score":0.5},"geometry":{"type":"Point","coordinates":[-113.481584,53.410747]}},{"type":"Feature","properties":{"name":"SJU DIST / SPECIALTY JETS","size":"5-9","address":"21103 108 AVENUE NW","sector":"Retail trade","naics_desc":"All other miscellaneous general merchandise retailers","hybrid":"No","transit_score":0.2,"lead_score":0.1,"tier":3,"dauid":"48112726","ward":"Nakota Isga","bia":"","nearest_stop_dist":409.5,"transit_buffer_score":0.5},"geometry":{"type":"Point","coordinates":[-113.682892,53.55293]}},{"type":"Feature","properties":{"name":"AMBERLEA MEADOWS","size":"5-9","address":"6645 156 STREET SW","sector":"Educational services","naics_desc":"Athletic instruction","hybrid":"No","transit_score":0.2,"lead_score":0.1,"tier":3,"dauid":"48112648","ward":"Ipiihkoohkanipiaohtsi","bia":"","nearest_stop_dist":2739.7,"transit_buffer_score":0},"geometry":{"type":"Point","coordinates":[-113.588955,53.373274]}},{"type":"Feature","properties":{"name":"WEST EDMONTON RADIATOR","size":"5-9","address":"21110 108 AVENUE NW","sector":"Retail trade","naics_desc":"Automotive parts and accessories retailers","hybrid":"No","transit_score":0.2,"lead_score":0.1,"tier":3,"dauid":"48112726","ward":"Nakota Isga","bia":"","nearest_stop_dist":456.6,"transit_buffer_score":0.5},"geometry":{"type":"Point","coordinates":[-113.682699,53.553893]}},{"type":"Feature","properties":{"name":"MCCAW TRUCK & EQUIPMENT LTD","size":"5-9","address":"2121 119 AVENUE NW NE","sector":"Other services (except public administration)","naics_desc":"Commercial and industrial machinery and equipment (except automotive and electronic) repair and maintenance","hybrid":"No","transit_score":0.2,"lead_score":0.1,"tier":3,"dauid":"48112785","ward":"Dene","bia":"","nearest_stop_dist":727.7,"transit_buffer_score":0.1},"geometry":{"type":"Point","coordinates":[-113.314,53.572]}},{"type":"Feature","properties":{"name":"TRENDWOOD LIMITED","size":"5-9","address":"2431 121 AVENUE NW NE","sector":"Manufacturing","naics_desc":"Sawmills (except shingle and shake mills)","hybrid":"No","transit_score":0.2,"lead_score":0.1,"tier":3,"dauid":"48112783","ward":"Dene","bia":"","nearest_stop_dist":1052.1,"transit_buffer_score":0},"geometry":{"type":"Point","coordinates":[-113.309024,53.574018]}},{"type":"Feature","properties":{"name":"THE PALLET RECYCLER LTD.","size":"5-9","address":"11320 224 STREET NW","sector":"Manufacturing","naics_desc":"Wood container and pallet manufacturing","hybrid":"No","transit_score":0.2,"lead_score":0.1,"tier":3,"dauid":"48112727","ward":"Nakota Isga","bia":"","nearest_stop_dist":1013,"transit_buffer_score":0},"geometry":{"type":"Point","coordinates":[-113.7037,53.56262]}},{"type":"Feature","properties":{"name":"PADDOCKHURST STABLES AND RV STORAGE","size":"5-9","address":"6715 127 STREET SW","sector":"Transportation and warehousing","naics_desc":"Other warehousing and storage","hybrid":"No","transit_score":0.2,"lead_score":0.1,"tier":3,"dauid":"48112641","ward":"Ipiihkoohkanipiaohtsi","bia":"","nearest_stop_dist":1126.7,"transit_buffer_score":0},"geometry":{"type":"Point","coordinates":[-113.540086,53.372208]}},{"type":"Feature","properties":{"name":"WINFIELD HEAVY TRUCK","size":"5-9","address":"20311 106 AVENUE NW","sector":"Other services (except public administration)","naics_desc":"General automotive repair","hybrid":"No","transit_score":0.2,"lead_score":0.1,"tier":3,"dauid":"48112728","ward":"Nakota Isga","bia":"","nearest_stop_dist":1106.7,"transit_buffer_score":0},"geometry":{"type":"Point","coordinates":[-113.671271,53.548908]}},{"type":"Feature","properties":{"name":"MEAT THE BUN","size":"5-9","address":"9080 25 AVENUE SW","sector":"Accommodation and food services","naics_desc":"Limited-service eating places","hybrid":"No","transit_score":0.2,"lead_score":0.1,"tier":3,"dauid":"48112585","ward":"Karhiio","bia":"","nearest_stop_dist":471.4,"transit_buffer_score":0.5},"geometry":{"type":"Point","coordinates":[-113.481301,53.410717]}},{"type":"Feature","properties":{"name":"PACIFIC WESTERN TRANSPORTATION","size":"5-9","address":"20403 111 AVENUE NW","sector":"Other services (except public administration)","naics_desc":"General automotive repair","hybrid":"No","transit_score":0.2,"lead_score":0.1,"tier":3,"dauid":"48112726","ward":"Nakota Isga","bia":"","nearest_stop_dist":1259.4,"transit_buffer_score":0},"geometry":{"type":"Point","coordinates":[-113.672822,53.558179]}},{"type":"Feature","properties":{"name":"ALLAN DALE TRAILERS & RVS","size":"5-9","address":"11755 231 STREET NW","sector":"Other services (except public administration)","naics_desc":"General automotive repair","hybrid":"No","transit_score":0.2,"lead_score":0.1,"tier":3,"dauid":"48112727","ward":"Nakota Isga","bia":"","nearest_stop_dist":1639.4,"transit_buffer_score":0},"geometry":{"type":"Point","coordinates":[-113.710825,53.566016]}},{"type":"Feature","properties":{"name":"EDMONTON OILFIELD TECHNICAL SOCIETY","size":"5-9","address":"2104 156 STREET SW","sector":"Real estate and rental and leasing","naics_desc":"Lessors of non-residential buildings (except mini-warehouses)","hybrid":"No","transit_score":0.2,"lead_score":0.1,"tier":3,"dauid":"48112664","ward":"Ipiihkoohkanipiaohtsi","bia":"","nearest_stop_dist":528.8,"transit_buffer_score":0.5},"geometry":{"type":"Point","coordinates":[-113.5919,53.41316]}},{"type":"Feature","properties":{"name":"A-Z TRUCK & TRAILER SERVICES LTD.","size":"5-9","address":"22941 112 AVENUE NW","sector":"Other services (except public administration)","naics_desc":"General automotive repair","hybrid":"No","transit_score":0.2,"lead_score":0.1,"tier":3,"dauid":"48112727","ward":"Nakota Isga","bia":"","nearest_stop_dist":1025.1,"transit_buffer_score":0},"geometry":{"type":"Point","coordinates":[-113.710905,53.559805]}},{"type":"Feature","properties":{"name":"KHOKHAR TRUCK REPAIR LTD.","size":"5-9","address":"20103 106 AVENUE NW","sector":"Other services (except public administration)","naics_desc":"General automotive repair","hybrid":"No","transit_score":0.2,"lead_score":0.1,"tier":3,"dauid":"48112728","ward":"Nakota Isga","bia":"","nearest_stop_dist":1145,"transit_buffer_score":0},"geometry":{"type":"Point","coordinates":[-113.6683,53.5489]}},{"type":"Feature","properties":{"name":"360 ENVIRONMENTAL EDMONTON INC.","size":"5-9","address":"13145 24 STREET NE","sector":"Administrative and support, waste management and remediation services","naics_desc":"Material recovery facilities","hybrid":"No","transit_score":0.2,"lead_score":0.1,"tier":3,"dauid":"48112502","ward":"Dene","bia":"","nearest_stop_dist":null,"transit_buffer_score":0},"geometry":{"type":"Point","coordinates":[-113.3128,53.5922]}},{"type":"Feature","properties":{"name":"ROYAL SCOT MOTEL","size":"5-9","address":"20904 STONY PLAIN ROAD NW","sector":"Accommodation and food services","naics_desc":"Motels","hybrid":"No","transit_score":0.2,"lead_score":0.1,"tier":3,"dauid":"48112728","ward":"Nakota Isga","bia":"","nearest_stop_dist":561.2,"transit_buffer_score":0.5},"geometry":{"type":"Point","coordinates":[-113.679701,53.542526]}},{"type":"Feature","properties":{"name":"PHARMASAVE#3042","size":"5-9","address":"22919 97 AVENUE NW","sector":"Retail trade","naics_desc":"Pharmacies and drug stores","hybrid":"No","transit_score":0.2,"lead_score":0.1,"tier":3,"dauid":"48112731","ward":"Nakota Isga","bia":"","nearest_stop_dist":418.2,"transit_buffer_score":0.5},"geometry":{"type":"Point","coordinates":[-113.71222,53.536531]}},{"type":"Feature","properties":{"name":"SIWIN FOODS","size":"5-9","address":"9510 135 STREET SW","sector":"Manufacturing","naics_desc":"Seasoning and dressing manufacturing","hybrid":"No","transit_score":0.2,"lead_score":0.1,"tier":3,"dauid":"48112647","ward":"Ipiihkoohkanipiaohtsi","bia":"","nearest_stop_dist":1816.3,"transit_buffer_score":0},"geometry":{"type":"Point","coordinates":[-113.558689,53.346129]}},{"type":"Feature","properties":{"name":"RABBIT HILL BAPTIST CHURCH","size":"5-9","address":"17415 73 AVENUE SW","sector":"Other services (except public administration)","naics_desc":"Religious organizations","hybrid":"No","transit_score":0.2,"lead_score":0.1,"tier":3,"dauid":"48112649","ward":"Ipiihkoohkanipiaohtsi","bia":"","nearest_stop_dist":2347.3,"transit_buffer_score":0},"geometry":{"type":"Point","coordinates":[-113.605051,53.377315]}},{"type":"Feature","properties":{"name":"GIVING 2 CHARITY","size":"5-9","address":"2060 28 AVENUE NW SW","sector":"Other services (except public administration)","naics_desc":"Grant-making and giving services","hybrid":"No","transit_score":0.2,"lead_score":0.1,"tier":3,"dauid":"48112576","ward":"Sspomitapi","bia":"","nearest_stop_dist":2707.7,"transit_buffer_score":0},"geometry":{"type":"Point","coordinates":[-113.3747,53.40943]}},{"type":"Feature","properties":{"name":"MOUNTAINVIEW SYSTEMS LTD","size":"5-9","address":"22010 113 AVENUE NW","sector":"Professional, scientific and technical services","naics_desc":"Geophysical surveying and mapping services","hybrid":"No","transit_score":0.2,"lead_score":0.1,"tier":3,"dauid":"48112232","ward":"Nakota Isga","bia":"","nearest_stop_dist":645.1,"transit_buffer_score":0.1},"geometry":{"type":"Point","coordinates":[-113.69745,53.562438]}},{"type":"Feature","properties":{"name":"JBR INC TRUCK REPAIR","size":"5-9","address":"22939 112 AVENUE WINTERBURN ROAD NW","sector":"Other services (except public administration)","naics_desc":"General automotive repair","hybrid":"No","transit_score":0.2,"lead_score":0.1,"tier":3,"dauid":"48112727","ward":"Nakota Isga","bia":"","nearest_stop_dist":1028.1,"transit_buffer_score":0},"geometry":{"type":"Point","coordinates":[-113.711161,53.55973]}},{"type":"Feature","properties":{"name":"PETRO-CANADA","size":"5-9","address":"9076 25 AVENUE SW","sector":"Retail trade","naics_desc":"Gasoline stations with convenience stores","hybrid":"No","transit_score":0.2,"lead_score":0.1,"tier":3,"dauid":"48112585","ward":"Karhiio","bia":"","nearest_stop_dist":429.7,"transit_buffer_score":0.5},"geometry":{"type":"Point","coordinates":[-113.480694,53.410861]}},{"type":"Feature","properties":{"name":"ION SMART SECURITY LTD.","size":"5-9","address":"22959 112 AVENUE NW","sector":"Administrative and support, waste management and remediation services","naics_desc":"Security systems services (except locksmiths)","hybrid":"No","transit_score":0.2,"lead_score":0.1,"tier":3,"dauid":"48112727","ward":"Nakota Isga","bia":"","nearest_stop_dist":981.2,"transit_buffer_score":0},"geometry":{"type":"Point","coordinates":[-113.710813,53.55936]}},{"type":"Feature","properties":{"name":"CDR RENTALS","size":"5-9","address":"20415 111 AVENUE NW","sector":"Real estate and rental and leasing","naics_desc":"Construction, transportation, mining, and forestry machinery and equipment rental and leasing","hybrid":"No","transit_score":0.2,"lead_score":0.1,"tier":3,"dauid":"48112726","ward":"Nakota Isga","bia":"","nearest_stop_dist":1236.6,"transit_buffer_score":0},"geometry":{"type":"Point","coordinates":[-113.673235,53.558183]}},{"type":"Feature","properties":{"name":"PIZZA TALKS & DONAIR","size":"5-9","address":"3518 EWING TRAIL SW","sector":"Accommodation and food services","naics_desc":"Limited-service eating places","hybrid":"No","transit_score":0.2,"lead_score":0.1,"tier":3,"dauid":"48112587","ward":"Karhiio","bia":"","nearest_stop_dist":1085.5,"transit_buffer_score":0},"geometry":{"type":"Point","coordinates":[-113.491415,53.401076]}},{"type":"Feature","properties":{"name":"PREMAY PIPELINE HAULING LP","size":"5-9","address":"22703 112 AVENUE NW","sector":"Transportation and warehousing","naics_desc":"All other pipeline transportation","hybrid":"No","transit_score":0.2,"lead_score":0.1,"tier":3,"dauid":"48112727","ward":"Nakota Isga","bia":"","nearest_stop_dist":856.6,"transit_buffer_score":0},"geometry":{"type":"Point","coordinates":[-113.7076,53.55919]}},{"type":"Feature","properties":{"name":"MARMIT PLASTICS INC.","size":"5-9","address":"20930 118A AVENUE NW","sector":"Manufacturing","naics_desc":"All other plastic product manufacturing","hybrid":"No","transit_score":0.2,"lead_score":0.1,"tier":3,"dauid":"48112726","ward":"Nakota Isga","bia":"","nearest_stop_dist":708.8,"transit_buffer_score":0.1},"geometry":{"type":"Point","coordinates":[-113.680336,53.570853]}},{"type":"Feature","properties":{"name":"INTERFAB INC","size":"5-9","address":"11240 199 STREET NW","sector":"Manufacturing","naics_desc":"Other plate work and fabricated structural product manufacturing","hybrid":"No","transit_score":0.2,"lead_score":0.1,"tier":3,"dauid":"48112726","ward":"Nakota Isga","bia":"","nearest_stop_dist":1392.4,"transit_buffer_score":0},"geometry":{"type":"Point","coordinates":[-113.665095,53.56095]}},{"type":"Feature","properties":{"name":"THE STAIR SHOP LTD","size":"5-9","address":"23023 112 AVENUE NW","sector":"Construction","naics_desc":"Finish carpentry contractors","hybrid":"No","transit_score":0.2,"lead_score":0.1,"tier":3,"dauid":"48112727","ward":"Nakota Isga","bia":"","nearest_stop_dist":1095.7,"transit_buffer_score":0},"geometry":{"type":"Point","coordinates":[-113.71292,53.559682]}},{"type":"Feature","properties":{"name":"VOLVO OFFSITE SERVICE CENTRE","size":"5-9","address":"1005 EBY ROAD SW","sector":"Other services (except public administration)","naics_desc":"General automotive repair","hybrid":"No","transit_score":0.2,"lead_score":0.1,"tier":3,"dauid":"48112587","ward":"Karhiio","bia":"","nearest_stop_dist":962.3,"transit_buffer_score":0},"geometry":{"type":"Point","coordinates":[-113.48833,53.398845]}},{"type":"Feature","properties":{"name":"SMC 2.0 LTD.","size":"5-9","address":"20203 107 AVENUE NW","sector":"Construction","naics_desc":"Plumbing, heating and air-conditioning contractors","hybrid":"No","transit_score":0.2,"lead_score":0.1,"tier":3,"dauid":"48112728","ward":"Nakota Isga","bia":"","nearest_stop_dist":1177.1,"transit_buffer_score":0},"geometry":{"type":"Point","coordinates":[-113.6713,53.55066]}},{"type":"Feature","properties":{"name":"SORAYA HAFEZ YMCA CHILD CARE","size":"5-9","address":"980 MCCONACHIE BOULEVARD NW","sector":"Health care and social assistance","naics_desc":"Child day-care services","hybrid":"No","transit_score":0.2,"lead_score":0.1,"tier":3,"dauid":"48112474","ward":"Dene","bia":"","nearest_stop_dist":467.9,"transit_buffer_score":0.5},"geometry":{"type":"Point","coordinates":[-113.435684,53.633154]}},{"type":"Feature","properties":{"name":"JEFF'S RELIABLE CARPET CARE INC","size":"5-9","address":"5924 51 AVENUE NW","sector":"Administrative and support, waste management and remediation services","naics_desc":"Carpet and upholstery cleaning services","hybrid":"No","transit_score":0.2,"lead_score":0.1,"tier":3,"dauid":"48110700","ward":"","bia":"","nearest_stop_dist":505.6,"transit_buffer_score":0.5},"geometry":{"type":"Point","coordinates":[-113.426279,53.488108]}},{"type":"Feature","properties":{"name":"MINI BATCH A DIVISION OF LUIGI'S CONCRETE LTD.","size":"5-9","address":"2712 YELLOWHEAD TRAIL NE","sector":"Wholesale trade","naics_desc":"Other specialty-line building supplies merchant wholesalers","hybrid":"No","transit_score":0.2,"lead_score":0.1,"tier":3,"dauid":"48112783","ward":"Dene","bia":"","nearest_stop_dist":969.5,"transit_buffer_score":0},"geometry":{"type":"Point","coordinates":[-113.303933,53.571128]}},{"type":"Feature","properties":{"name":"JH TINT & PAINT PROTECTION SPECIALIST","size":"5-9","address":"10820 181 STREET NW","sector":"Other services (except public administration)","naics_desc":"Automotive glass replacement shops","hybrid":"No","transit_score":0.2,"lead_score":0.1,"tier":3,"dauid":"48111161","ward":"","bia":"","nearest_stop_dist":416.2,"transit_buffer_score":0.5},"geometry":{"type":"Point","coordinates":[-113.63373,53.5554]}},{"type":"Feature","properties":{"name":"MID-WEST FORKLIFTS AND EQUIPMENT","size":"5-9","address":"11220 224 STREET NW","sector":"Wholesale trade","naics_desc":"Construction and forestry machinery, equipment and supplies merchant wholesalers","hybrid":"No","transit_score":0.2,"lead_score":0.1,"tier":3,"dauid":"48112727","ward":"Nakota Isga","bia":"","nearest_stop_dist":986.2,"transit_buffer_score":0},"geometry":{"type":"Point","coordinates":[-113.703614,53.561108]}},{"type":"Feature","properties":{"name":"LASKIWSKI'S GREENHOUSES","size":"5-9","address":"17351 18 STREET NW","sector":"Agriculture, forestry, fishing and hunting","naics_desc":"Floriculture production","hybrid":"No","transit_score":0.2,"lead_score":0.1,"tier":3,"dauid":"48112461","ward":"Dene","bia":"","nearest_stop_dist":502.3,"transit_buffer_score":0.5},"geometry":{"type":"Point","coordinates":[-113.363791,53.634974]}},{"type":"Feature","properties":{"name":"TOP TO BOTTOM GENERAL CONTRACTING LTD.","size":"5-9","address":"20406 08 107 AVENUE NW","sector":"Construction","naics_desc":"Commercial and institutional building construction","hybrid":"No","transit_score":0.2,"lead_score":0.1,"tier":3,"dauid":"48112726","ward":"Nakota Isga","bia":"","nearest_stop_dist":1089.3,"transit_buffer_score":0},"geometry":{"type":"Point","coordinates":[-113.672471,53.551715]}},{"type":"Feature","properties":{"name":"GUARDIAN PET CREMATION","size":"5-9","address":"11004 205 STREET NW","sector":"Other services (except public administration)","naics_desc":"Cemeteries and crematoria","hybrid":"No","transit_score":0.2,"lead_score":0.1,"tier":3,"dauid":"48112726","ward":"Nakota Isga","bia":"","nearest_stop_dist":1109.5,"transit_buffer_score":0},"geometry":{"type":"Point","coordinates":[-113.674161,53.556869]}},{"type":"Feature","properties":{"name":"MTE LOGISTIX","size":"5-9","address":"18150 109 AVENUE NW","sector":"Transportation and warehousing","naics_desc":"General warehousing and storage","hybrid":"No","transit_score":0.2,"lead_score":0.1,"tier":3,"dauid":"48111161","ward":"","bia":"Northwest Industrial","nearest_stop_dist":448.1,"transit_buffer_score":0.5},"geometry":{"type":"Point","coordinates":[-113.634594,53.556529]}},{"type":"Feature","properties":{"name":"JOBSITE INDUSTRIAL RENTAL SERVICES A DIVISION OF TOROMONT INDUSTRIES LTD.","size":"5-9","address":"2131 121 AVENUE NE","sector":"Wholesale trade","naics_desc":"Mining and oil and gas well machinery, equipment and supplies merchant wholesalers","hybrid":"No","transit_score":0.2,"lead_score":0.1,"tier":3,"dauid":"48112785","ward":"Dene","bia":"","nearest_stop_dist":943.6,"transit_buffer_score":0},"geometry":{"type":"Point","coordinates":[-113.31373,53.573948]}},{"type":"Feature","properties":{"name":"LIQUOR HUT EDMONTON","size":"5-9","address":"22943 97 AVENUE NW","sector":"Retail trade","naics_desc":"Beer, wine and liquor retailers","hybrid":"No","transit_score":0.2,"lead_score":0.1,"tier":3,"dauid":"48112731","ward":"Nakota Isga","bia":"","nearest_stop_dist":471.9,"transit_buffer_score":0.5},"geometry":{"type":"Point","coordinates":[-113.712913,53.536783]}},{"type":"Feature","properties":{"name":"SPRUCE VALLEY EVENTS","size":"5-9","address":"20750 57 AVENUE SW","sector":"Real estate and rental and leasing","naics_desc":"Lessors of non-residential buildings (except mini-warehouses)","hybrid":"No","transit_score":0.2,"lead_score":0.1,"tier":3,"dauid":"48111811","ward":"pihêsiwin","bia":"","nearest_stop_dist":null,"transit_buffer_score":0},"geometry":{"type":"Point","coordinates":[-113.680527,53.381693]}},{"type":"Feature","properties":{"name":"A 1 AUTO SALVAGE LTD","size":"5-9","address":"21740 STONY PLAIN ROAD NW","sector":"Wholesale trade","naics_desc":"Other recyclable material merchant wholesalers","hybrid":"No","transit_score":0.2,"lead_score":0.1,"tier":3,"dauid":"48112233","ward":"Nakota Isga","bia":"","nearest_stop_dist":425.6,"transit_buffer_score":0.5},"geometry":{"type":"Point","coordinates":[-113.693392,53.54217]}},{"type":"Feature","properties":{"name":"HEIMTAL MORAVIAN CHURCH","size":"5-9","address":"5315 127 STREET SW","sector":"Other services (except public administration)","naics_desc":"Religious organizations","hybrid":"No","transit_score":0.2,"lead_score":0.1,"tier":3,"dauid":"48112641","ward":"Ipiihkoohkanipiaohtsi","bia":"","nearest_stop_dist":1407.1,"transit_buffer_score":0},"geometry":{"type":"Point","coordinates":[-113.539458,53.38522]}},{"type":"Feature","properties":{"name":"ASPEN LAND GROUP INC","size":"5-9","address":"11213 WINTERBURN ROAD NW","sector":"Professional, scientific and technical services","naics_desc":"Environmental consulting services","hybrid":"No","transit_score":0.2,"lead_score":0.1,"tier":3,"dauid":"48112726","ward":"Nakota Isga","bia":"","nearest_stop_dist":502.9,"transit_buffer_score":0.5},"geometry":{"type":"Point","coordinates":[-113.688299,53.560992]}},{"type":"Feature","properties":{"name":"PALACE HEATING AND COOLING","size":"5-9","address":"10705 205 STREET NW","sector":"Construction","naics_desc":"Plumbing, heating and air-conditioning contractors","hybrid":"No","transit_score":0.2,"lead_score":0.1,"tier":3,"dauid":"48112726","ward":"Nakota Isga","bia":"","nearest_stop_dist":990.8,"transit_buffer_score":0},"geometry":{"type":"Point","coordinates":[-113.673959,53.55178]}},{"type":"Feature","properties":{"name":"AUTO MART GROUP LTD.","size":"5-9","address":"8712 160 A AVENUE NW","sector":"Retail trade","naics_desc":"Used car dealers","hybrid":"No","transit_score":0.2,"lead_score":0.1,"tier":3,"dauid":"48112727","ward":"Nakota Isga","bia":"","nearest_stop_dist":509.7,"transit_buffer_score":0.5},"geometry":{"type":"Point","coordinates":[-113.70806,53.555123]}},{"type":"Feature","properties":{"name":"DIOGO CONCRETE LTD.","size":"5-9","address":"3130 121 AVENUE NW NE","sector":"Construction","naics_desc":"Residential building construction","hybrid":"No","transit_score":0.2,"lead_score":0.1,"tier":3,"dauid":"48112783","ward":"Dene","bia":"","nearest_stop_dist":1209.2,"transit_buffer_score":0},"geometry":{"type":"Point","coordinates":[-113.2977,53.57726]}},{"type":"Feature","properties":{"name":"PROCONSUL CONSTRUCTION LTD.","size":"5-9","address":"20628 111 AVENUE NW","sector":"Wholesale trade","naics_desc":"Construction and forestry machinery, equipment and supplies merchant wholesalers","hybrid":"No","transit_score":0.2,"lead_score":0.1,"tier":3,"dauid":"48112726","ward":"Nakota Isga","bia":"","nearest_stop_dist":1121.3,"transit_buffer_score":0},"geometry":{"type":"Point","coordinates":[-113.676297,53.558892]}},{"type":"Feature","properties":{"name":"BUSTER'S PIZZA & DONAIR","size":"5-9","address":"9080 25 AVENUE SW","sector":"Accommodation and food services","naics_desc":"Limited-service eating places","hybrid":"No","transit_score":0.2,"lead_score":0.1,"tier":3,"dauid":"48112585","ward":"Karhiio","bia":"","nearest_stop_dist":493.4,"transit_buffer_score":0.5},"geometry":{"type":"Point","coordinates":[-113.481643,53.410757]}},{"type":"Feature","properties":{"name":"IMPACT CHASIS CLINIC LTD","size":"5-9","address":"20420 107 AVENUE NW","sector":"Other services (except public administration)","naics_desc":"Automotive body, paint and interior repair and maintenance","hybrid":"No","transit_score":0.2,"lead_score":0.1,"tier":3,"dauid":"48112726","ward":"Nakota Isga","bia":"","nearest_stop_dist":1093.4,"transit_buffer_score":0},"geometry":{"type":"Point","coordinates":[-113.6724,53.55185]}},{"type":"Feature","properties":{"name":"EDMONTON R/C PARK","size":"5-9","address":"11210 50 AVENUE SW","sector":"Arts, entertainment and recreation","naics_desc":"Other racing facilities and related activities","hybrid":"No","transit_score":0.2,"lead_score":0.1,"tier":3,"dauid":"48112640","ward":"Ipiihkoohkanipiaohtsi","bia":"","nearest_stop_dist":710.9,"transit_buffer_score":0.1},"geometry":{"type":"Point","coordinates":[-113.521476,53.387616]}},{"type":"Feature","properties":{"name":"BREWERS DISTRIBUTOR LTD","size":"5-9","address":"11250 189 STREET NW","sector":"Wholesale trade","naics_desc":"Alcoholic beverage merchant wholesalers","hybrid":"No","transit_score":0.2,"lead_score":0.1,"tier":3,"dauid":"48111161","ward":"","bia":"Northwest Industrial","nearest_stop_dist":598.5,"transit_buffer_score":0.5},"geometry":{"type":"Point","coordinates":[-113.652996,53.560255]}},{"type":"Feature","properties":{"name":"PERFORMANCE DIRTWORKS LTD.","size":"5-9","address":"22807 112 AVENUE NW","sector":"Wholesale trade","naics_desc":"Industrial machinery, equipment and supplies merchant wholesalers","hybrid":"No","transit_score":0.2,"lead_score":0.1,"tier":3,"dauid":"48112727","ward":"Nakota Isga","bia":"","nearest_stop_dist":959.5,"transit_buffer_score":0},"geometry":{"type":"Point","coordinates":[-113.709593,53.559606]}},{"type":"Feature","properties":{"name":"JONES TRUCK & GEAR SERVICE LTD.","size":"5-9","address":"2740 YELLOWHEAD TRAIL NE","sector":"Other services (except public administration)","naics_desc":"General automotive repair","hybrid":"No","transit_score":0.2,"lead_score":0.1,"tier":3,"dauid":"48112783","ward":"Dene","bia":"","nearest_stop_dist":994.1,"transit_buffer_score":0},"geometry":{"type":"Point","coordinates":[-113.303823,53.571573]}},{"type":"Feature","properties":{"name":"OIL COUNTRY BOOKKEEPING LTD","size":"5-9","address":"7425 77 AVENUE NW","sector":"Professional, scientific and technical services","naics_desc":"Offices of accountants","hybrid":"Yes","transit_score":0.271,"lead_score":0.095,"tier":3,"dauid":"48110789","ward":"","bia":"","nearest_stop_dist":435.7,"transit_buffer_score":0.5},"geometry":{"type":"Point","coordinates":[-113.441924,53.51296]}},{"type":"Feature","properties":{"name":"CAMBRIA LLP","size":"5-9","address":"5474 CALGARY TRAIL NW","sector":"Professional, scientific and technical services","naics_desc":"Offices of lawyers","hybrid":"Yes","transit_score":0.264,"lead_score":0.092,"tier":3,"dauid":"48110848","ward":"papastew","bia":"","nearest_stop_dist":410.1,"transit_buffer_score":0.5},"geometry":{"type":"Point","coordinates":[-113.497149,53.491859]}},{"type":"Feature","properties":{"name":"CAMBRIA LLP","size":"5-9","address":"5474 CALGARY TRAIL NW","sector":"Professional, scientific and technical services","naics_desc":"Offices of lawyers","hybrid":"Yes","transit_score":0.264,"lead_score":0.092,"tier":3,"dauid":"48110848","ward":"","bia":"","nearest_stop_dist":410.1,"transit_buffer_score":0.5},"geometry":{"type":"Point","coordinates":[-113.497149,53.491859]}},{"type":"Feature","properties":{"name":"ALBERTA TOY STORAGE","size":"5-9","address":"12521 123 STREET NW","sector":"Transportation and warehousing","naics_desc":"Other warehousing and storage","hybrid":"Yes","transit_score":0.258,"lead_score":0.09,"tier":3,"dauid":"48110240","ward":"Anirniq","bia":"","nearest_stop_dist":628.2,"transit_buffer_score":0.1},"geometry":{"type":"Point","coordinates":[-113.532776,53.581501]}},{"type":"Feature","properties":{"name":"AVAILABLE ELECTRIC MOTOR SYSTEMS LTD","size":"5-9","address":"12545 125 STREET NW","sector":"Other services (except public administration)","naics_desc":"Specialized automotive repair","hybrid":"Yes","transit_score":0.258,"lead_score":0.09,"tier":3,"dauid":"48110240","ward":"Anirniq","bia":"","nearest_stop_dist":433.4,"transit_buffer_score":0.5},"geometry":{"type":"Point","coordinates":[-113.537369,53.582129]}},{"type":"Feature","properties":{"name":"THE MAKEUP ART SPACE","size":"5-9","address":"6807 104 STREET NW","sector":"Other services (except public administration)","naics_desc":"Beauty salons","hybrid":"Yes","transit_score":0.254,"lead_score":0.089,"tier":3,"dauid":"48111310","ward":"papastew","bia":"","nearest_stop_dist":444.8,"transit_buffer_score":0.5},"geometry":{"type":"Point","coordinates":[-113.497186,53.504721]}},{"type":"Feature","properties":{"name":"OLIVE ME","size":"5-9","address":"9984 29 AVENUE NW","sector":"Manufacturing","naics_desc":"All other food manufacturing","hybrid":"Yes","transit_score":0.252,"lead_score":0.088,"tier":3,"dauid":"48110930","ward":"Karhiio","bia":"","nearest_stop_dist":464,"transit_buffer_score":0.5},"geometry":{"type":"Point","coordinates":[-113.487335,53.458271]}},{"type":"Feature","properties":{"name":"BOXING ALBERTA","size":"5-9","address":"11759 GROAT ROAD NW","sector":"Educational services","naics_desc":"Athletic instruction","hybrid":"Yes","transit_score":0.249,"lead_score":0.087,"tier":3,"dauid":"48111055","ward":"Nakota Isga","bia":"","nearest_stop_dist":861.9,"transit_buffer_score":0},"geometry":{"type":"Point","coordinates":[-113.552859,53.523171]}},{"type":"Feature","properties":{"name":"SOLID GENERAL CONTRACTORS","size":"5-9","address":"1211 78 AVENUE NW","sector":"Construction","naics_desc":"Residential building construction","hybrid":"Yes","transit_score":0.248,"lead_score":0.087,"tier":3,"dauid":"48110844","ward":"papastew","bia":"","nearest_stop_dist":459.9,"transit_buffer_score":0.5},"geometry":{"type":"Point","coordinates":[-113.473317,53.498654]}},{"type":"Feature","properties":{"name":"SUZLER","size":"5-9","address":"6627 59 STREET NW","sector":"Professional, scientific and technical services","naics_desc":"Engineering services","hybrid":"Yes","transit_score":0.246,"lead_score":0.086,"tier":3,"dauid":"48110790","ward":"Karhiio","bia":"","nearest_stop_dist":446.3,"transit_buffer_score":0.5},"geometry":{"type":"Point","coordinates":[-113.425018,53.505295]}},{"type":"Feature","properties":{"name":"SUZLER","size":"5-9","address":"6627 59 STREET NW","sector":"Professional, scientific and technical services","naics_desc":"Engineering services","hybrid":"Yes","transit_score":0.246,"lead_score":0.086,"tier":3,"dauid":"48110790","ward":"","bia":"","nearest_stop_dist":446.3,"transit_buffer_score":0.5},"geometry":{"type":"Point","coordinates":[-113.425018,53.505295]}},{"type":"Feature","properties":{"name":"IPC INVESTMENT CORPORATION - DON SAGRIFF","size":"5-9","address":"5555 CALGARY TRAIL NW","sector":"Finance and insurance","naics_desc":"Investment advice","hybrid":"Yes","transit_score":0.243,"lead_score":0.085,"tier":3,"dauid":"48110847","ward":"","bia":"","nearest_stop_dist":522.8,"transit_buffer_score":0.5},"geometry":{"type":"Point","coordinates":[-113.496443,53.493091]}},{"type":"Feature","properties":{"name":"ALLSPEC CUSTOM & REPAIR","size":"5-9","address":"5419 CALGARY TRAIL NW","sector":"Other services (except public administration)","naics_desc":"General automotive repair","hybrid":"Yes","transit_score":0.243,"lead_score":0.085,"tier":3,"dauid":"48110847","ward":"papastew","bia":"","nearest_stop_dist":435.4,"transit_buffer_score":0.5},"geometry":{"type":"Point","coordinates":[-113.493614,53.492125]}},{"type":"Feature","properties":{"name":"LONE PINE DISTILLING","size":"5-9","address":"10375 59 AVENUE NW","sector":"Retail trade","naics_desc":"Beer, wine and liquor retailers","hybrid":"Yes","transit_score":0.243,"lead_score":0.085,"tier":3,"dauid":"48110847","ward":"papastew","bia":"","nearest_stop_dist":422,"transit_buffer_score":0.5},"geometry":{"type":"Point","coordinates":[-113.496492,53.49595]}},{"type":"Feature","properties":{"name":"ABACUS WEALTH MANAGEMENT INC.","size":"5-9","address":"5555 CALAGARY TRAIL SOUTH","sector":"Finance and insurance","naics_desc":"Portfolio management","hybrid":"Yes","transit_score":0.243,"lead_score":0.085,"tier":3,"dauid":"48110847","ward":"papastew","bia":"","nearest_stop_dist":539.3,"transit_buffer_score":0.5},"geometry":{"type":"Point","coordinates":[-113.496146,53.493128]}},{"type":"Feature","properties":{"name":"IPC INVESTMENT CORPORATION - DON SAGRIFF","size":"5-9","address":"5555 CALGARY TRAIL NW","sector":"Finance and insurance","naics_desc":"Investment advice","hybrid":"Yes","transit_score":0.243,"lead_score":0.085,"tier":3,"dauid":"48110847","ward":"papastew","bia":"","nearest_stop_dist":522.8,"transit_buffer_score":0.5},"geometry":{"type":"Point","coordinates":[-113.496443,53.493091]}},{"type":"Feature","properties":{"name":"CHRISTOPHER J HARKE PROFESSIONAL CORPORATION","size":"5-9","address":"5555 CALGARY TRAIL NW","sector":"Professional, scientific and technical services","naics_desc":"Offices of lawyers","hybrid":"Yes","transit_score":0.243,"lead_score":0.085,"tier":3,"dauid":"48110847","ward":"","bia":"","nearest_stop_dist":513.1,"transit_buffer_score":0.5},"geometry":{"type":"Point","coordinates":[-113.49661,53.493002]}},{"type":"Feature","properties":{"name":"CRIUS FINANICAL SERVICES (ALBERTA) CORP.","size":"5-9","address":"5555 CALGARY TRAIL NW","sector":"Finance and insurance","naics_desc":"Insurance agencies and brokerages","hybrid":"Yes","transit_score":0.243,"lead_score":0.085,"tier":3,"dauid":"48110847","ward":"","bia":"","nearest_stop_dist":497.8,"transit_buffer_score":0.5},"geometry":{"type":"Point","coordinates":[-113.495971,53.49276]}},{"type":"Feature","properties":{"name":"ALBERTA INSTITUTE OF AGROLOGISTS","size":"5-9","address":"5555 CALGARY TRAIL NW","sector":"Other services (except public administration)","naics_desc":"Professional organizations","hybrid":"Yes","transit_score":0.243,"lead_score":0.085,"tier":3,"dauid":"48110847","ward":"","bia":"","nearest_stop_dist":518.4,"transit_buffer_score":0.5},"geometry":{"type":"Point","coordinates":[-113.496247,53.492935]}},{"type":"Feature","properties":{"name":"ACTION CAR AND TRUCK ACCESSORIES - EDMONTON SOUTH","size":"5-9","address":"5415 CALGARY TRAIL NW","sector":"Retail trade","naics_desc":"Automotive parts and accessories retailers","hybrid":"Yes","transit_score":0.243,"lead_score":0.085,"tier":3,"dauid":"48110847","ward":"papastew","bia":"","nearest_stop_dist":410.3,"transit_buffer_score":0.5},"geometry":{"type":"Point","coordinates":[-113.493937,53.49186]}},{"type":"Feature","properties":{"name":"FIRSTSERVICE RESIDENTIAL ALBERTA LTD","size":"5-9","address":"5555 CALGARY TRAIL NW","sector":"Real estate and rental and leasing","naics_desc":"Real estate property managers","hybrid":"Yes","transit_score":0.243,"lead_score":0.085,"tier":3,"dauid":"48110847","ward":"","bia":"","nearest_stop_dist":513.5,"transit_buffer_score":0.5},"geometry":{"type":"Point","coordinates":[-113.495968,53.492902]}},{"type":"Feature","properties":{"name":"JOSTAR INTERIORS LTD","size":"5-9","address":"5538 CALGARY TRAIL NW","sector":"Professional, scientific and technical services","naics_desc":"Interior design services","hybrid":"Yes","transit_score":0.243,"lead_score":0.085,"tier":3,"dauid":"48110847","ward":"","bia":"","nearest_stop_dist":414,"transit_buffer_score":0.5},"geometry":{"type":"Point","coordinates":[-113.4981,53.4931]}},{"type":"Feature","properties":{"name":"DEPT.9 STUDIOS","size":"5-9","address":"5625 103A STREET NW","sector":"Information and cultural industries","naics_desc":"Motion picture and video production","hybrid":"Yes","transit_score":0.243,"lead_score":0.085,"tier":3,"dauid":"48110847","ward":"papastew","bia":"","nearest_stop_dist":555.2,"transit_buffer_score":0.5},"geometry":{"type":"Point","coordinates":[-113.494327,53.49406]}},{"type":"Feature","properties":{"name":"EDM PROTEC AUTO","size":"5-9","address":"10367 59 AVENUE NW","sector":"Other services (except public administration)","naics_desc":"All other automotive repair and maintenance","hybrid":"Yes","transit_score":0.243,"lead_score":0.085,"tier":3,"dauid":"48110847","ward":"papastew","bia":"","nearest_stop_dist":448,"transit_buffer_score":0.5},"geometry":{"type":"Point","coordinates":[-113.496205,53.495732]}},{"type":"Feature","properties":{"name":"FEIGEL INVESTMENTS","size":"5-9","address":"5555 CALGARY TRAIL NW","sector":"Real estate and rental and leasing","naics_desc":"Real estate property managers","hybrid":"Yes","transit_score":0.243,"lead_score":0.085,"tier":3,"dauid":"48110847","ward":"","bia":"","nearest_stop_dist":513,"transit_buffer_score":0.5},"geometry":{"type":"Point","coordinates":[-113.496385,53.492878]}},{"type":"Feature","properties":{"name":"FEIGEL INVESTMENTS","size":"5-9","address":"5555 CALGARY TRAIL NW","sector":"Real estate and rental and leasing","naics_desc":"Real estate property managers","hybrid":"Yes","transit_score":0.243,"lead_score":0.085,"tier":3,"dauid":"48110847","ward":"papastew","bia":"","nearest_stop_dist":512.7,"transit_buffer_score":0.5},"geometry":{"type":"Point","coordinates":[-113.496385,53.492876]}},{"type":"Feature","properties":{"name":"KLM FINANCIAL","size":"5-9","address":"5555 CALGARY TRAIL NW","sector":"Finance and insurance","naics_desc":"Investment advice","hybrid":"Yes","transit_score":0.243,"lead_score":0.085,"tier":3,"dauid":"48110847","ward":"papastew","bia":"","nearest_stop_dist":527.5,"transit_buffer_score":0.5},"geometry":{"type":"Point","coordinates":[-113.496265,53.493016]}},{"type":"Feature","properties":{"name":"JOSTAR INTERIORS LTD","size":"5-9","address":"5538 CALGARY TRAIL NW","sector":"Professional, scientific and technical services","naics_desc":"Interior design services","hybrid":"Yes","transit_score":0.243,"lead_score":0.085,"tier":3,"dauid":"48110847","ward":"papastew","bia":"","nearest_stop_dist":414,"transit_buffer_score":0.5},"geometry":{"type":"Point","coordinates":[-113.4981,53.4931]}},{"type":"Feature","properties":{"name":"YEWTX","size":"5-9","address":"5555 CALGARY TRAIL NW","sector":"Professional, scientific and technical services","naics_desc":"Offices of accountants","hybrid":"Yes","transit_score":0.243,"lead_score":0.085,"tier":3,"dauid":"48110847","ward":"","bia":"","nearest_stop_dist":506.6,"transit_buffer_score":0.5},"geometry":{"type":"Point","coordinates":[-113.49634,53.492823]}},{"type":"Feature","properties":{"name":"FIRSTSERVICE RESIDENTIAL ALBERTA LTD","size":"5-9","address":"5555 CALGARY TRAIL NW","sector":"Real estate and rental and leasing","naics_desc":"Real estate property managers","hybrid":"Yes","transit_score":0.243,"lead_score":0.085,"tier":3,"dauid":"48110847","ward":"papastew","bia":"","nearest_stop_dist":513.5,"transit_buffer_score":0.5},"geometry":{"type":"Point","coordinates":[-113.495968,53.492902]}},{"type":"Feature","properties":{"name":"GOVERNMENT OF ALBERTA","size":"5-9","address":"9739 157 STREET NW","sector":"Public administration","naics_desc":"Other provincial and territorial public administration","hybrid":"Yes","transit_score":0.241,"lead_score":0.084,"tier":3,"dauid":"48111073","ward":"Nakota Isga","bia":"","nearest_stop_dist":463.2,"transit_buffer_score":0.5},"geometry":{"type":"Point","coordinates":[-113.591592,53.535753]}},{"type":"Feature","properties":{"name":"PCL CONSTRUCTION MANAGEMENT INC","size":"5-9","address":"2441 76 AVENUE NW","sector":"Transportation and warehousing","naics_desc":"General warehousing and storage","hybrid":"Yes","transit_score":0.236,"lead_score":0.083,"tier":3,"dauid":"48111334","ward":"","bia":"","nearest_stop_dist":419.6,"transit_buffer_score":0.5},"geometry":{"type":"Point","coordinates":[-113.380721,53.508452]}},{"type":"Feature","properties":{"name":"BURNCO ROCK PRODUCTS LTD.","size":"5-9","address":"15840 121A AVENUE NW","sector":"Wholesale trade","naics_desc":"Other specialty-line building supplies merchant wholesalers","hybrid":"Yes","transit_score":0.237,"lead_score":0.083,"tier":3,"dauid":"48111124","ward":"Nakota Isga","bia":"","nearest_stop_dist":417.4,"transit_buffer_score":0.5},"geometry":{"type":"Point","coordinates":[-113.594836,53.573968]}},{"type":"Feature","properties":{"name":"ABATEMENT TECHNOLOGIES","size":"5-9","address":"16403 117 AVENUE NW","sector":"Manufacturing","naics_desc":"Industrial and commercial fan and blower and air purification equipment manufacturing","hybrid":"Yes","transit_score":0.237,"lead_score":0.083,"tier":3,"dauid":"48111124","ward":"Nakota Isga","bia":"","nearest_stop_dist":425.4,"transit_buffer_score":0.5},"geometry":{"type":"Point","coordinates":[-113.605686,53.56684]}},{"type":"Feature","properties":{"name":"ALL SAFETY SERVICE & SUPPLY INC.","size":"5-9","address":"14821 YELLOWHEAD TRAIL NW","sector":"Wholesale trade","naics_desc":"Professional machinery, equipment and supplies merchant wholesalers","hybrid":"Yes","transit_score":0.234,"lead_score":0.082,"tier":3,"dauid":"48112142","ward":"Anirniq","bia":"","nearest_stop_dist":431.3,"transit_buffer_score":0.5},"geometry":{"type":"Point","coordinates":[-113.576284,53.580538]}},{"type":"Feature","properties":{"name":"PRO-LINE BUILDING MATERIALS","size":"5-9","address":"14457 YELLOWHEAD TRAIL NW","sector":"Retail trade","naics_desc":"Other building material dealers","hybrid":"Yes","transit_score":0.234,"lead_score":0.082,"tier":3,"dauid":"48112142","ward":"Anirniq","bia":"","nearest_stop_dist":425.2,"transit_buffer_score":0.5},"geometry":{"type":"Point","coordinates":[-113.571,53.58051]}},{"type":"Feature","properties":{"name":"KELLER VISUALS","size":"5-9","address":"10011 116 STREET NW","sector":"Information and cultural industries","naics_desc":"Other media content providers","hybrid":"Yes","transit_score":0.234,"lead_score":0.082,"tier":3,"dauid":"48112142","ward":"Anirniq","bia":"","nearest_stop_dist":404.4,"transit_buffer_score":0.5},"geometry":{"type":"Point","coordinates":[-113.566971,53.585338]}},{"type":"Feature","properties":{"name":"BRENEX BUILDING CORPORATION LTD","size":"5-9","address":"1235 70 AVENUE NW","sector":"Professional, scientific and technical services","naics_desc":"Engineering services","hybrid":"Yes","transit_score":0.232,"lead_score":0.081,"tier":3,"dauid":"48112541","ward":"Sspomitapi","bia":"","nearest_stop_dist":501.2,"transit_buffer_score":0.5},"geometry":{"type":"Point","coordinates":[-113.3613,53.50616]}},{"type":"Feature","properties":{"name":"HEAVENLY GROUNDS COFFEE","size":"5-9","address":"2002 80 AVENUE NW","sector":"Manufacturing","naics_desc":"Coffee and tea manufacturing","hybrid":"Yes","transit_score":0.232,"lead_score":0.081,"tier":3,"dauid":"48112541","ward":"Sspomitapi","bia":"","nearest_stop_dist":595.8,"transit_buffer_score":0.5},"geometry":{"type":"Point","coordinates":[-113.375625,53.516704]}},{"type":"Feature","properties":{"name":"FOXX CANADA","size":"5-9","address":"1099 77 AVENUE NW","sector":"Other services (except public administration)","naics_desc":"Commercial and industrial machinery and equipment (except automotive and electronic) repair and maintenance","hybrid":"Yes","transit_score":0.232,"lead_score":0.081,"tier":3,"dauid":"48112541","ward":"Sspomitapi","bia":"","nearest_stop_dist":494.9,"transit_buffer_score":0.5},"geometry":{"type":"Point","coordinates":[-113.362138,53.512841]}},{"type":"Feature","properties":{"name":"B & H METAL FINISHINGS LTD","size":"5-9","address":"1124 77 AVENUE NW","sector":"Wholesale trade","naics_desc":"Metal service centres","hybrid":"Yes","transit_score":0.232,"lead_score":0.081,"tier":3,"dauid":"48112541","ward":"Sspomitapi","bia":"","nearest_stop_dist":487.2,"transit_buffer_score":0.5},"geometry":{"type":"Point","coordinates":[-113.3627,53.51357]}},{"type":"Feature","properties":{"name":"SCONA PIPE AND SALVAGE CO LTD","size":"5-9","address":"3400 68 AVENUE NW","sector":"Wholesale trade","naics_desc":"Plumbing, heating and air-conditioning equipment and supplies merchant wholesalers","hybrid":"Yes","transit_score":0.23,"lead_score":0.081,"tier":3,"dauid":"48110692","ward":"Sspomitapi","bia":"","nearest_stop_dist":889.7,"transit_buffer_score":0},"geometry":{"type":"Point","coordinates":[-113.3922,53.50432]}},{"type":"Feature","properties":{"name":"JOE NITRO KEYS AND FOBS","size":"5-9","address":"908 77 AVENUE NW","sector":"Manufacturing","naics_desc":"Sign manufacturing","hybrid":"Yes","transit_score":0.232,"lead_score":0.081,"tier":3,"dauid":"48112541","ward":"Sspomitapi","bia":"","nearest_stop_dist":590.7,"transit_buffer_score":0.5},"geometry":{"type":"Point","coordinates":[-113.361,53.51356]}},{"type":"Feature","properties":{"name":"SKUXS OUTDOORS","size":"5-9","address":"1243 70 AVENUE NW","sector":"Retail trade","naics_desc":"All other sporting goods retailers","hybrid":"Yes","transit_score":0.232,"lead_score":0.081,"tier":3,"dauid":"48112541","ward":"Sspomitapi","bia":"","nearest_stop_dist":513.4,"transit_buffer_score":0.5},"geometry":{"type":"Point","coordinates":[-113.36126,53.506278]}},{"type":"Feature","properties":{"name":"FRONTLINE DEFENSE SYSTEMS INC.","size":"5-9","address":"2430 80 AVENUE NW","sector":"Manufacturing","naics_desc":"Hardware manufacturing","hybrid":"Yes","transit_score":0.232,"lead_score":0.081,"tier":3,"dauid":"48112541","ward":"Sspomitapi","bia":"","nearest_stop_dist":506.9,"transit_buffer_score":0.5},"geometry":{"type":"Point","coordinates":[-113.380409,53.516778]}},{"type":"Feature","properties":{"name":"EDMONTON TRUCK TRAINING LTD.","size":"5-9","address":"2450 80 AVENUE NW","sector":"Educational services","naics_desc":"All other schools and instruction","hybrid":"Yes","transit_score":0.232,"lead_score":0.081,"tier":3,"dauid":"48112541","ward":"Sspomitapi","bia":"","nearest_stop_dist":487.6,"transit_buffer_score":0.5},"geometry":{"type":"Point","coordinates":[-113.380583,53.516608]}},{"type":"Feature","properties":{"name":"AVENIR ENERGY","size":"5-9","address":"7212 8 STREET NW","sector":"Retail trade","naics_desc":"Liquefied petroleum gas (bottled gas) dealers","hybrid":"Yes","transit_score":0.232,"lead_score":0.081,"tier":3,"dauid":"48112541","ward":"Sspomitapi","bia":"","nearest_stop_dist":1001,"transit_buffer_score":0},"geometry":{"type":"Point","coordinates":[-113.353774,53.508038]}},{"type":"Feature","properties":{"name":"KELLY D PHOTOGRAPHY","size":"5-9","address":"14181A 162 AVENUE NW","sector":"Professional, scientific and technical services","naics_desc":"Photographic services","hybrid":"Yes","transit_score":0.225,"lead_score":0.079,"tier":3,"dauid":"48112753","ward":"Anirniq","bia":"","nearest_stop_dist":546.2,"transit_buffer_score":0.5},"geometry":{"type":"Point","coordinates":[-113.568955,53.622809]}},{"type":"Feature","properties":{"name":"EXCELLENCE CONSTRUCTION LTD.","size":"5-9","address":"16149 142 STREET NW","sector":"Construction","naics_desc":"Residential building construction","hybrid":"Yes","transit_score":0.225,"lead_score":0.079,"tier":3,"dauid":"48112753","ward":"Anirniq","bia":"","nearest_stop_dist":517.4,"transit_buffer_score":0.5},"geometry":{"type":"Point","coordinates":[-113.568726,53.622113]}},{"type":"Feature","properties":{"name":"CUBE INNOVATIONS INC","size":"5-9","address":"4254 93 STREET NW","sector":"Professional, scientific and technical services","naics_desc":"Industrial design services","hybrid":"Yes","transit_score":0.223,"lead_score":0.078,"tier":3,"dauid":"48112115","ward":"Karhiio","bia":"","nearest_stop_dist":415.8,"transit_buffer_score":0.5},"geometry":{"type":"Point","coordinates":[-113.473052,53.479918]}},{"type":"Feature","properties":{"name":"BULLS TRANSPORT CANADA LTD","size":"5-9","address":"4413 94 STREET NW","sector":"Transportation and warehousing","naics_desc":"General freight trucking, long distance, truck-load (single shipper)","hybrid":"Yes","transit_score":0.217,"lead_score":0.076,"tier":3,"dauid":"48110732","ward":"Karhiio","bia":"","nearest_stop_dist":466.4,"transit_buffer_score":0.5},"geometry":{"type":"Point","coordinates":[-113.472201,53.483338]}},{"type":"Feature","properties":{"name":"MANAGEN","size":"5-9","address":"4413 94 STREET NW","sector":"Construction","naics_desc":"Residential building construction","hybrid":"Yes","transit_score":0.217,"lead_score":0.076,"tier":3,"dauid":"48110732","ward":"","bia":"","nearest_stop_dist":493.4,"transit_buffer_score":0.5},"geometry":{"type":"Point","coordinates":[-113.4718,53.48324]}},{"type":"Feature","properties":{"name":"MANAGEN","size":"5-9","address":"4413 94 STREET NW","sector":"Construction","naics_desc":"Residential building construction","hybrid":"Yes","transit_score":0.217,"lead_score":0.076,"tier":3,"dauid":"48110732","ward":"Karhiio","bia":"","nearest_stop_dist":493.4,"transit_buffer_score":0.5},"geometry":{"type":"Point","coordinates":[-113.4718,53.48324]}},{"type":"Feature","properties":{"name":"REVOLUTION PROPERTY MANAGEMENT AND REAL ESTATE","size":"5-9","address":"9349 45 AVENUE NW","sector":"Real estate and rental and leasing","naics_desc":"Real estate property managers","hybrid":"Yes","transit_score":0.217,"lead_score":0.076,"tier":3,"dauid":"48110732","ward":"Karhiio","bia":"","nearest_stop_dist":468.4,"transit_buffer_score":0.5},"geometry":{"type":"Point","coordinates":[-113.472176,53.483742]}},{"type":"Feature","properties":{"name":"FABAL FABRICATION LTD","size":"5-9","address":"6030 30 STREET NW","sector":"Manufacturing","naics_desc":"Other plate work and fabricated structural product manufacturing","hybrid":"Yes","transit_score":0.215,"lead_score":0.075,"tier":3,"dauid":"48112545","ward":"Sspomitapi","bia":"","nearest_stop_dist":710.1,"transit_buffer_score":0.1},"geometry":{"type":"Point","coordinates":[-113.388331,53.498303]}},{"type":"Feature","properties":{"name":"CARBOLINE","size":"5-9","address":"3110 51 AVENUE NW","sector":"Manufacturing","naics_desc":"Paint and coating manufacturing","hybrid":"Yes","transit_score":0.215,"lead_score":0.075,"tier":3,"dauid":"48112545","ward":"Sspomitapi","bia":"","nearest_stop_dist":680.4,"transit_buffer_score":0.1},"geometry":{"type":"Point","coordinates":[-113.387365,53.489176]}},{"type":"Feature","properties":{"name":"CARBOLINE","size":"5-9","address":"3110 51 AVENUE NW","sector":"Manufacturing","naics_desc":"Paint and coating manufacturing","hybrid":"Yes","transit_score":0.215,"lead_score":0.075,"tier":3,"dauid":"48112545","ward":"","bia":"","nearest_stop_dist":680.4,"transit_buffer_score":0.1},"geometry":{"type":"Point","coordinates":[-113.387365,53.489176]}},{"type":"Feature","properties":{"name":"KM TORCH TECHNOLOGY INC.","size":"5-9","address":"3006 51 AVENUE NW","sector":"Wholesale trade","naics_desc":"Industrial machinery, equipment and supplies merchant wholesalers","hybrid":"Yes","transit_score":0.215,"lead_score":0.075,"tier":3,"dauid":"48112545","ward":"Sspomitapi","bia":"","nearest_stop_dist":831.7,"transit_buffer_score":0},"geometry":{"type":"Point","coordinates":[-113.38439,53.489145]}},{"type":"Feature","properties":{"name":"LIFEAB NETWORK LTD.","size":"5-9","address":"9333 45 AVENUE NW","sector":"Professional, scientific and technical services","naics_desc":"Other scientific and technical consulting services","hybrid":"Yes","transit_score":0.215,"lead_score":0.075,"tier":3,"dauid":"48110733","ward":"Karhiio","bia":"","nearest_stop_dist":443.7,"transit_buffer_score":0.5},"geometry":{"type":"Point","coordinates":[-113.4701,53.48405]}},{"type":"Feature","properties":{"name":"THE CORNERSTONE EVENT & RETREAT VENUE","size":"5-9","address":"5015 127 STREET SW","sector":"Real estate and rental and leasing","naics_desc":"Lessors of non-residential buildings (except mini-warehouses)","hybrid":"Yes","transit_score":0.2,"lead_score":0.07,"tier":3,"dauid":"48112641","ward":"Ipiihkoohkanipiaohtsi","bia":"","nearest_stop_dist":1242.4,"transit_buffer_score":0},"geometry":{"type":"Point","coordinates":[-113.539118,53.386704]}},{"type":"Feature","properties":{"name":"JEFF'S RELIABLE CARPET CARE INC","size":"5-9","address":"5924 51 AVENUE NW","sector":"Administrative and support, waste management and remediation services","naics_desc":"Carpet and upholstery cleaning services","hybrid":"Yes","transit_score":0.2,"lead_score":0.07,"tier":3,"dauid":"48110700","ward":"Karhiio","bia":"","nearest_stop_dist":505.6,"transit_buffer_score":0.5},"geometry":{"type":"Point","coordinates":[-113.426279,53.488108]}},{"type":"Feature","properties":{"name":"DIABLO UNDERGROUND LTD.","size":"5-9","address":"10831 231 STREET NW","sector":"Construction","naics_desc":"Other heavy and civil engineering construction","hybrid":"Yes","transit_score":0.2,"lead_score":0.07,"tier":3,"dauid":"48112233","ward":"Nakota Isga","bia":"","nearest_stop_dist":614.1,"transit_buffer_score":0.1},"geometry":{"type":"Point","coordinates":[-113.709998,53.555123]}},{"type":"Feature","properties":{"name":"TOWN & COUNTRY MOTORS LTD.","size":"5-9","address":"21811 STONY PLAIN ROAD NW","sector":"Wholesale trade","naics_desc":"New and used automobile and light-duty truck merchant wholesalers","hybrid":"Yes","transit_score":0.2,"lead_score":0.07,"tier":3,"dauid":"48112731","ward":"Nakota Isga","bia":"","nearest_stop_dist":522,"transit_buffer_score":0.5},"geometry":{"type":"Point","coordinates":[-113.694181,53.540653]}},{"type":"Feature","properties":{"name":"ATCO STRUCTURES & LOGISTICS LTD.","size":"5-9","address":"18809 106A AVENUE NW","sector":"Manufacturing","naics_desc":"Prefabricated wood building manufacturing","hybrid":"Yes","transit_score":0.2,"lead_score":0.07,"tier":3,"dauid":"48111161","ward":"Nakota Isga","bia":"","nearest_stop_dist":679.5,"transit_buffer_score":0.1},"geometry":{"type":"Point","coordinates":[-113.649827,53.55135]}},{"type":"Feature","properties":{"name":"SOUTH EDMONTON RV STORAGE","size":"5-9","address":"15115 41 AVENUE SW","sector":"Transportation and warehousing","naics_desc":"Other warehousing and storage","hybrid":"Yes","transit_score":0.2,"lead_score":0.07,"tier":3,"dauid":"48112648","ward":"Ipiihkoohkanipiaohtsi","bia":"","nearest_stop_dist":918.2,"transit_buffer_score":0},"geometry":{"type":"Point","coordinates":[-113.581061,53.391438]}},{"type":"Feature","properties":{"name":"CREEKSIDE PET BOARDING & DAYCARE","size":"5-9","address":"4115 170 STREET SW","sector":"Other services (except public administration)","naics_desc":"Pet care (except veterinary) services","hybrid":"Yes","transit_score":0.2,"lead_score":0.07,"tier":3,"dauid":"48112649","ward":"Ipiihkoohkanipiaohtsi","bia":"","nearest_stop_dist":1081.1,"transit_buffer_score":0},"geometry":{"type":"Point","coordinates":[-113.6136,53.39523]}},{"type":"Feature","properties":{"name":"B. BRIGGS TRUCKING LTD.","size":"5-9","address":"12030 28 STREET NE","sector":"Transportation and warehousing","naics_desc":"General freight trucking, long distance, truck-load (single shipper)","hybrid":"Yes","transit_score":0.2,"lead_score":0.07,"tier":3,"dauid":"48112783","ward":"Dene","bia":"","nearest_stop_dist":1207.1,"transit_buffer_score":0},"geometry":{"type":"Point","coordinates":[-113.301883,53.575388]}},{"type":"Feature","properties":{"name":"AUTHENTIC YOU","size":"5-9","address":"9080 25 AVENUE SW","sector":"Health care and social assistance","naics_desc":"Offices of mental health practitioners (except physicians)","hybrid":"Yes","transit_score":0.2,"lead_score":0.07,"tier":3,"dauid":"48112585","ward":"Karhiio","bia":"","nearest_stop_dist":519,"transit_buffer_score":0.5},"geometry":{"type":"Point","coordinates":[-113.482242,53.410755]}},{"type":"Feature","properties":{"name":"LOCK-BLOCK ALBERTA","size":"5-9","address":"11130 224 STREET NW","sector":"Manufacturing","naics_desc":"Concrete pipe, brick and block manufacturing","hybrid":"Yes","transit_score":0.2,"lead_score":0.07,"tier":3,"dauid":"48112727","ward":"Nakota Isga","bia":"","nearest_stop_dist":809.1,"transit_buffer_score":0},"geometry":{"type":"Point","coordinates":[-113.703229,53.559512]}},{"type":"Feature","properties":{"name":"GRANITE ELECTRIC LTD.","size":"5-9","address":"22003 115 AVENUE NW","sector":"Construction","naics_desc":"Electrical contractors and other wiring installation contractors","hybrid":"Yes","transit_score":0.2,"lead_score":0.07,"tier":3,"dauid":"48112232","ward":"Nakota Isga","bia":"","nearest_stop_dist":536.9,"transit_buffer_score":0.5},"geometry":{"type":"Point","coordinates":[-113.697148,53.564652]}},{"type":"Feature","properties":{"name":"CUTTING EDGE INDUSTRIES","size":"5-9","address":"22110 113 AVENUE NW","sector":"Manufacturing","naics_desc":"Machine shops","hybrid":"Yes","transit_score":0.2,"lead_score":0.07,"tier":3,"dauid":"48112232","ward":"Nakota Isga","bia":"","nearest_stop_dist":721.7,"transit_buffer_score":0.1},"geometry":{"type":"Point","coordinates":[-113.698767,53.562416]}}]}