{"type": "FeatureCollection", "features": [{"type": "Feature", "properties": {"DAUID": "48110084", "penalty_weekday": 0.0, "penalty_midday": 0.0, "penalty_weekend": 0.0, "penalty_avg": 0.0}, "geometry": {"type": "Polygon", "coordinates": [[[-113.39365, 53.57589], [-113.39372, 53.57508], [-113.39473, 53.57508], [-113.39473, 53.57591], [-113.39365, 53.57589]]]}}, {"type": "Feature", "properties": {"DAUID": "48110085", "penalty_weekday": 0.0, "penalty_midday": 0.0, "penalty_weekend": 0.0, "penalty_avg": 0.0}, "geometry": {"type": "Polygon", "coordinates": [[[-113.38723, 53.57093], [-113.38954, 53.57047], [-113.39361, 53.57044], [-113.39372, 53.57508], [-113.38992, 53.57507], [-113.38888, 53.57472], [-113.38862, 53.57437], [-113.38857, 53.57283], [-113.38723, 53.57093]]]}}, {"type": "Feature", "properties": {"DAUID": "48110086", "penalty_weekday": 0.0, "penalty_midday": 0.0, "penalty_weekend": 0.0, "penalty_avg": 0.0}, "geometry": {"type": "Polygon", "coordinates": [[[-113.39372, 53.57508], [-113.39361, 53.57044], [-113.39839, 53.57035], [-113.39837, 53.5751], [-113.39372, 53.57508]]]}}, {"type": "Feature", "properties": {"DAUID": "48110087", "penalty_weekday": 0.0833, "penalty_midday": 0.0833, "penalty_weekend": 0.0833, "penalty_avg": 0.0833}, "geometry": {"type": "Polygon", "coordinates": [[[-113.39829, 53.57826], [-113.39475, 53.57741], [-113.39473, 53.57508], [-113.3999, 53.5751], [-113.3999, 53.57671], [-113.39836, 53.57671], [-113.39829, 53.57826]]]}}, {"type": "Feature", "properties": {"DAUID": "48110088", "penalty_weekday": 0.1538, "penalty_midday": 0.1852, "penalty_weekend": 0.1852, "penalty_avg": 0.1747}, "geometry": {"type": "Polygon", "coordinates": [[[-113.39837, 53.5751], [-113.39837, 53.57353], [-113.40452, 53.57352], [-113.4045, 53.5767], [-113.3999, 53.57671], [-113.3999, 53.5751], [-113.39837, 53.5751]]]}}, {"type": "Feature", "properties": {"DAUID": "48110089", "penalty_weekday": 0.3333, "penalty_midday": 0.3529, "penalty_weekend": 0.3529, "penalty_avg": 0.3464}, "geometry": {"type": "Polygon", "coordinates": [[[-113.40449, 53.57859], [-113.40293, 53.57859], [-113.40268, 53.57896], [-113.40231, 53.57858], [-113.40023, 53.57832], [-113.39988, 53.57778], [-113.3999, 53.57671], [-113.4076, 53.5767], [-113.40761, 53.57875], [-113.40728, 53.58004], [-113.40435, 53.57934], [-113.40449, 53.57859]]]}}, {"type": "Feature", "properties": {"DAUID": "48110090", "penalty_weekday": 0.1538, "penalty_midday": 0.1852, "penalty_weekend": 0.2143, "penalty_avg": 0.1844}, "geometry": {"type": "Polygon", "coordinates": [[[-113.40298, 53.57353], [-113.40296, 53.5719], [-113.40914, 53.57189], [-113.40914, 53.57669], [-113.4045, 53.5767], [-113.40452, 53.57352], [-113.40298, 53.57353]]]}}, {"type": "Feature", "properties": {"DAUID": "48110091", "penalty_weekday": 0.3333, "penalty_midday": 0.3529, "penalty_weekend": 0.3529, "penalty_avg": 0.3464}, "geometry": {"type": "Polygon", "coordinates": [[[-113.40728, 53.58004], [-113.40761, 53.57875], [-113.4076, 53.5767], [-113.40914, 53.57669], [-113.40913, 53.57508], [-113.41529, 53.57509], [-113.41529, 53.57669], [-113.41375, 53.57669], [-113.41374, 53.57833], [-113.41066, 53.57869], [-113.41053, 53.5798], [-113.40976, 53.58047], [-113.40728, 53.58004]]]}}, {"type": "Feature", "properties": {"DAUID": "48110092", "penalty_weekday": 0.1852, "penalty_midday": 0.2143, "penalty_weekend": 0.2143, "penalty_avg": 0.2046}, "geometry": {"type": "Polygon", "coordinates": [[[-113.4076, 53.5719], [-113.40762, 53.57033], [-113.41221, 53.57033], [-113.41221, 53.57509], [-113.40913, 53.57508], [-113.40914, 53.57189], [-113.4076, 53.5719]]]}}, {"type": "Feature", "properties": {"DAUID": "48110093", "penalty_weekday": 0.1852, "penalty_midday": 0.2414, "penalty_weekend": 0.2143, "penalty_avg": 0.2136}, "geometry": {"type": "Polygon", "coordinates": [[[-113.41221, 53.57509], [-113.41221, 53.57033], [-113.41839, 53.57039], [-113.41838, 53.57189], [-113.41529, 53.57188], [-113.41529, 53.57509], [-113.41221, 53.57509]]]}}, {"type": "Feature", "properties": {"DAUID": "48110094", "penalty_weekday": 0.3333, "penalty_midday": 0.3529, "penalty_weekend": 0.3333, "penalty_avg": 0.3399}, "geometry": {"type": "Polygon", "coordinates": [[[-113.4138, 53.58151], [-113.41375, 53.57669], [-113.41529, 53.57669], [-113.41529, 53.57188], [-113.41838, 53.57189], [-113.41835, 53.57996], [-113.41681, 53.57996], [-113.41682, 53.58155], [-113.4138, 53.58151]]]}}, {"type": "Feature", "properties": {"DAUID": "48110095", "penalty_weekday": 0.3333, "penalty_midday": 0.3529, "penalty_weekend": 0.3529, "penalty_avg": 0.3464}, "geometry": {"type": "Polygon", "coordinates": [[[-113.41834, 53.57834], [-113.41837, 53.57351], [-113.4215, 53.57352], [-113.4215, 53.57509], [-113.42455, 53.57509], [-113.42454, 53.57671], [-113.42301, 53.5767], [-113.423, 53.57835], [-113.41834, 53.57834]]]}}, {"type": "Feature", "properties": {"DAUID": "48110096", "penalty_weekday": 0.2414, "penalty_midday": 0.2414, "penalty_weekend": 0.2667, "penalty_avg": 0.2498}, "geometry": {"type": "Polygon", "coordinates": [[[-113.41837, 53.57351], [-113.41839, 53.57039], [-113.42457, 53.57037], [-113.42456, 53.5719], [-113.42304, 53.5719], [-113.42302, 53.57353], [-113.41837, 53.57351]]]}}, {"type": "Feature", "properties": {"DAUID": "48110097", "penalty_weekday": 0.2414, "penalty_midday": 0.3125, "penalty_weekend": 0.2667, "penalty_avg": 0.2735}, "geometry": {"type": "Polygon", "coordinates": [[[-113.4215, 53.57509], [-113.4215, 53.57352], [-113.42302, 53.57353], [-113.42304, 53.5719], [-113.42456, 53.5719], [-113.42457, 53.57037], [-113.4276, 53.57037], [-113.4276, 53.57353], [-113.42608, 53.57353], [-113.42607, 53.57507], [-113.4215, 53.57509]]]}}, {"type": "Feature", "properties": {"DAUID": "48110098", "penalty_weekday": 0.2143, "penalty_midday": 0.2143, "penalty_weekend": 0.2143, "penalty_avg": 0.2143}, "geometry": {"type": "Polygon", "coordinates": [[[-113.42302, 53.57036], [-113.42303, 53.56725], [-113.42789, 53.56722], [-113.43047, 53.56662], [-113.43068, 53.56694], [-113.43067, 53.57037], [-113.42302, 53.57036]]]}}, {"type": "Feature", "properties": {"DAUID": "48110099", "penalty_weekday": 0.1852, "penalty_midday": 0.2143, "penalty_weekend": 0.2414, "penalty_avg": 0.2136}, "geometry": {"type": "Polygon", "coordinates": [[[-113.4368, 53.57193], [-113.4352, 53.57171], [-113.4329, 53.57192], [-113.43225, 53.57239], [-113.43066, 53.57236], [-113.43067, 53.57191], [-113.4276, 53.57191], [-113.4276, 53.57037], [-113.4368, 53.57039], [-113.4368, 53.57193]]]}}, {"type": "Feature", "properties": {"DAUID": "48110100", "penalty_weekday": 0.2903, "penalty_midday": 0.3125, "penalty_weekend": 0.3125, "penalty_avg": 0.3051}, "geometry": {"type": "Polygon", "coordinates": [[[-113.43047, 53.56662], [-113.43637, 53.5652], [-113.4399, 53.57039], [-113.43067, 53.57037], [-113.43047, 53.56662]]]}}, {"type": "Feature", "properties": {"DAUID": "48110101", "penalty_weekday": 0.3529, "penalty_midday": 0.3529, "penalty_weekend": 0.3529, "penalty_avg": 0.3529}, "geometry": {"type": "Polygon", "coordinates": [[[-113.43637, 53.5652], [-113.44069, 53.56416], [-113.44263, 53.56702], [-113.44126, 53.56736], [-113.44304, 53.5704], [-113.4399, 53.57039], [-113.43637, 53.5652]]]}}, {"type": "Feature", "properties": {"DAUID": "48110102", "penalty_weekday": 0.3125, "penalty_midday": 0.3333, "penalty_weekend": 0.3125, "penalty_avg": 0.3194}, "geometry": {"type": "Polygon", "coordinates": [[[-113.4383, 53.57354], [-113.43833, 53.57193], [-113.4368, 53.57193], [-113.4368, 53.57039], [-113.44606, 53.5704], [-113.44606, 53.57195], [-113.44302, 53.57195], [-113.44301, 53.57355], [-113.4383, 53.57354]]]}}, {"type": "Feature", "properties": {"DAUID": "48110103", "penalty_weekday": 0.3889, "penalty_midday": 0.3889, "penalty_weekend": 0.3889, "penalty_avg": 0.3889}, "geometry": {"type": "Polygon", "coordinates": [[[-113.44263, 53.56702], [-113.44166, 53.56559], [-113.44447, 53.5649], [-113.44545, 53.56635], [-113.44828, 53.56566], [-113.45122, 53.56995], [-113.45121, 53.57043], [-113.44304, 53.5704], [-113.44126, 53.56736], [-113.44263, 53.56702]]]}}, {"type": "Feature", "properties": {"DAUID": "48110104", "penalty_weekday": 0.3714, "penalty_midday": 0.3889, "penalty_weekend": 0.3714, "penalty_avg": 0.3772}, "geometry": {"type": "Polygon", "coordinates": [[[-113.44609, 53.57356], [-113.44606, 53.5704], [-113.45893, 53.57041], [-113.45298, 53.57561], [-113.45265, 53.57377], [-113.44609, 53.57356]]]}}, {"type": "Feature", "properties": {"DAUID": "48110105", "penalty_weekday": 0.4762, "penalty_midday": 0.4884, "penalty_weekend": 0.4884, "penalty_avg": 0.4843}, "geometry": {"type": "Polygon", "coordinates": [[[-113.44301, 53.58222], [-113.44302, 53.57195], [-113.44606, 53.57195], [-113.44609, 53.57356], [-113.45265, 53.57377], [-113.45298, 53.57561], [-113.4508, 53.57731], [-113.44301, 53.58222]]]}}, {"type": "Feature", "properties": {"DAUID": "48110106", "penalty_weekday": 0.5217, "penalty_midday": 0.5319, "penalty_weekend": 0.5319, "penalty_avg": 0.5285}, "geometry": {"type": "Polygon", "coordinates": [[[-113.45688, 53.57983], [-113.45693, 53.57866], [-113.45582, 53.57928], [-113.45457, 53.57927], [-113.453, 53.58065], [-113.45106, 53.57931], [-113.449, 53.57848], [-113.45278, 53.57579], [-113.45893, 53.57041], [-113.46104, 53.57039], [-113.46101, 53.57314], [-113.46055, 53.57356], [-113.46182, 53.57354], [-113.4618, 53.57983], [-113.45688, 53.57983]]]}}, {"type": "Feature", "properties": {"DAUID": "48110107", "penalty_weekday": 0.5926, "penalty_midday": 0.6071, "penalty_weekend": 0.6071, "penalty_avg": 0.6023}, "geometry": {"type": "Polygon", "coordinates": [[[-113.44083, 53.58354], [-113.449, 53.57848], [-113.45106, 53.57931], [-113.453, 53.58065], [-113.45457, 53.57927], [-113.45582, 53.57928], [-113.45693, 53.57866], [-113.45688, 53.57983], [-113.46732, 53.57982], [-113.46723, 53.58353], [-113.44083, 53.58354]]]}}, {"type": "Feature", "properties": {"DAUID": "48110108", "penalty_weekday": 0.5417, "penalty_midday": 0.56, "penalty_weekend": 0.5319, "penalty_avg": 0.5445}, "geometry": {"type": "Polygon", "coordinates": [[[-113.4618, 53.57983], [-113.4618, 53.57672], [-113.46732, 53.57672], [-113.46732, 53.57982], [-113.4618, 53.57983]]]}}, {"type": "Feature", "properties": {"DAUID": "48110109", "penalty_weekday": 0.5, "penalty_midday": 0.5217, "penalty_weekend": 0.5111, "penalty_avg": 0.511}, "geometry": {"type": "Polygon", "coordinates": [[[-113.4618, 53.57672], [-113.46182, 53.57354], [-113.46725, 53.57353], [-113.46732, 53.57672], [-113.4618, 53.57672]]]}}, {"type": "Feature", "properties": {"DAUID": "48110110", "penalty_weekday": 0.5217, "penalty_midday": 0.5319, "penalty_weekend": 0.5217, "penalty_avg": 0.5251}, "geometry": {"type": "Polygon", "coordinates": [[[-113.46732, 53.57672], [-113.4673, 53.57512], [-113.46907, 53.57512], [-113.46907, 53.57353], [-113.4744, 53.57353], [-113.47439, 53.57672], [-113.46732, 53.57672]]]}}, {"type": "Feature", "properties": {"DAUID": "48110111", "penalty_weekday": 0.45, "penalty_midday": 0.4634, "penalty_weekend": 0.4634, "penalty_avg": 0.4589}, "geometry": {"type": "Polygon", "coordinates": [[[-113.4673, 53.57512], [-113.46727, 53.57042], [-113.47083, 53.57038], [-113.47083, 53.57353], [-113.46907, 53.57353], [-113.46907, 53.57512], [-113.4673, 53.57512]]]}}, {"type": "Feature", "properties": {"DAUID": "48110112", "penalty_weekday": 0.4762, "penalty_midday": 0.5, "penalty_weekend": 0.5, "penalty_avg": 0.4921}, "geometry": {"type": "Polygon", "coordinates": [[[-113.47083, 53.57353], [-113.47083, 53.57038], [-113.47618, 53.57038], [-113.47618, 53.57512], [-113.4744, 53.57512], [-113.4744, 53.57353], [-113.47083, 53.57353]]]}}, {"type": "Feature", "properties": {"DAUID": "48110113", "penalty_weekday": 0.5, "penalty_midday": 0.5111, "penalty_weekend": 0.5111, "penalty_avg": 0.5074}, "geometry": {"type": "Polygon", "coordinates": [[[-113.47618, 53.57512], [-113.47618, 53.57038], [-113.47971, 53.57039], [-113.4796, 53.57512], [-113.47618, 53.57512]]]}}, {"type": "Feature", "properties": {"DAUID": "48110114", "penalty_weekday": 0.5217, "penalty_midday": 0.5217, "penalty_weekend": 0.5217, "penalty_avg": 0.5217}, "geometry": {"type": "Polygon", "coordinates": [[[-113.47961, 53.5748], [-113.47971, 53.57039], [-113.48579, 53.5704], [-113.48577, 53.57315], [-113.48423, 53.57314], [-113.48422, 53.57473], [-113.47961, 53.5748]]]}}, {"type": "Feature", "properties": {"DAUID": "48110115", "penalty_weekday": 0.5217, "penalty_midday": 0.5217, "penalty_weekend": 0.5217, "penalty_avg": 0.5217}, "geometry": {"type": "Polygon", "coordinates": [[[-113.47971, 53.57039], [-113.47969, 53.56734], [-113.48573, 53.56732], [-113.48579, 53.5704], [-113.47971, 53.57039]]]}}, {"type": "Feature", "properties": {"DAUID": "48110116", "penalty_weekday": 0.5111, "penalty_midday": 0.5217, "penalty_weekend": 0.5217, "penalty_avg": 0.5182}, "geometry": {"type": "Polygon", "coordinates": [[[-113.47478, 53.56734], [-113.47476, 53.5658], [-113.47966, 53.56581], [-113.47971, 53.57039], [-113.47671, 53.57038], [-113.47668, 53.56735], [-113.47478, 53.56734]]]}}, {"type": "Feature", "properties": {"DAUID": "48110117", "penalty_weekday": 0.5769, "penalty_midday": 0.5686, "penalty_weekend": 0.5686, "penalty_avg": 0.5714}, "geometry": {"type": "Polygon", "coordinates": [[[-113.47969, 53.56734], [-113.47963, 53.56275], [-113.48265, 53.56273], [-113.48269, 53.5658], [-113.48573, 53.56578], [-113.48573, 53.56732], [-113.47969, 53.56734]]]}}, {"type": "Feature", "properties": {"DAUID": "48110118", "penalty_weekday": 0.551, "penalty_midday": 0.56, "penalty_weekend": 0.551, "penalty_avg": 0.554}, "geometry": {"type": "Polygon", "coordinates": [[[-113.47337, 53.56581], [-113.4733, 53.56427], [-113.47476, 53.56427], [-113.47477, 53.56273], [-113.47963, 53.56275], [-113.47966, 53.56581], [-113.47337, 53.56581]]]}}, {"type": "Feature", "properties": {"DAUID": "48110119", "penalty_weekday": 0.5217, "penalty_midday": 0.551, "penalty_weekend": 0.5417, "penalty_avg": 0.5381}, "geometry": {"type": "Polygon", "coordinates": [[[-113.47177, 53.56427], [-113.47176, 53.56114], [-113.47964, 53.56107], [-113.47963, 53.56275], [-113.47477, 53.56273], [-113.47476, 53.56427], [-113.47177, 53.56427]]]}}, {"type": "Feature", "properties": {"DAUID": "48110120", "penalty_weekday": 0.5, "penalty_midday": 0.5217, "penalty_weekend": 0.5111, "penalty_avg": 0.511}, "geometry": {"type": "Polygon", "coordinates": [[[-113.46729, 53.56321], [-113.46962, 53.56119], [-113.47176, 53.56114], [-113.47177, 53.56427], [-113.4733, 53.56427], [-113.47337, 53.56581], [-113.46877, 53.5658], [-113.46877, 53.56426], [-113.4673, 53.56426], [-113.46729, 53.56321]]]}}, {"type": "Feature", "properties": {"DAUID": "48110121", "penalty_weekday": 0.4884, "penalty_midday": 0.4884, "penalty_weekend": 0.4884, "penalty_avg": 0.4884}, "geometry": {"type": "Polygon", "coordinates": [[[-113.46442, 53.56583], [-113.46729, 53.56321], [-113.4673, 53.56426], [-113.46877, 53.56426], [-113.46877, 53.5658], [-113.47476, 53.5658], [-113.47478, 53.56734], [-113.46401, 53.56734], [-113.46442, 53.56583]]]}}, {"type": "Feature", "properties": {"DAUID": "48110122", "penalty_weekday": 0.4634, "penalty_midday": 0.4884, "penalty_weekend": 0.4884, "penalty_avg": 0.4801}, "geometry": {"type": "Polygon", "coordinates": [[[-113.47029, 53.57038], [-113.47034, 53.56734], [-113.47668, 53.56735], [-113.47671, 53.57038], [-113.47029, 53.57038]]]}}, {"type": "Feature", "properties": {"DAUID": "48110123", "penalty_weekday": 0.4359, "penalty_midday": 0.4634, "penalty_weekend": 0.45, "penalty_avg": 0.4498}, "geometry": {"type": "Polygon", "coordinates": [[[-113.46346, 53.56653], [-113.46407, 53.56634], [-113.46401, 53.56734], [-113.47034, 53.56734], [-113.47029, 53.57038], [-113.45893, 53.57041], [-113.46346, 53.56653]]]}}, {"type": "Feature", "properties": {"DAUID": "48110124", "penalty_weekday": 0.4211, "penalty_midday": 0.45, "penalty_weekend": 0.4359, "penalty_avg": 0.4357}, "geometry": {"type": "Polygon", "coordinates": [[[-113.46101, 53.57314], [-113.46104, 53.57039], [-113.46727, 53.57042], [-113.46725, 53.57353], [-113.46055, 53.57356], [-113.46101, 53.57314]]]}}, {"type": "Feature", "properties": {"DAUID": "48110125", "penalty_weekday": 0.4884, "penalty_midday": 0.5, "penalty_weekend": 0.5, "penalty_avg": 0.4961}, "geometry": {"type": "Polygon", "coordinates": [[[-113.45122, 53.56995], [-113.44828, 53.56566], [-113.44545, 53.56635], [-113.44447, 53.5649], [-113.44166, 53.56559], [-113.44069, 53.56416], [-113.45545, 53.56122], [-113.46962, 53.56119], [-113.46407, 53.56634], [-113.46325, 53.56669], [-113.45893, 53.57041], [-113.45121, 53.57043], [-113.45122, 53.56995]]]}}, {"type": "Feature", "properties": {"DAUID": "48110126", "penalty_weekday": 0.5926, "penalty_midday": 0.5926, "penalty_weekend": 0.5926, "penalty_avg": 0.5926}, "geometry": {"type": "Polygon", "coordinates": [[[-113.4494, 53.55788], [-113.44261, 53.56017], [-113.43963, 53.55735], [-113.43824, 53.55497], [-113.44697, 53.55334], [-113.46076, 53.55495], [-113.4628, 53.55484], [-113.46561, 53.55402], [-113.46679, 53.55446], [-113.46732, 53.55524], [-113.46728, 53.56127], [-113.45446, 53.5614], [-113.45366, 53.55969], [-113.45159, 53.56001], [-113.4494, 53.55788]]]}}, {"type": "Feature", "properties": {"DAUID": "48110127", "penalty_weekday": 0.5111, "penalty_midday": 0.5111, "penalty_weekend": 0.5, "penalty_avg": 0.5074}, "geometry": {"type": "Polygon", "coordinates": [[[-113.46728, 53.55946], [-113.46729, 53.55808], [-113.47084, 53.55808], [-113.47063, 53.55961], [-113.46728, 53.55946]]]}}, {"type": "Feature", "properties": {"DAUID": "48110130", "penalty_weekday": 0.5417, "penalty_midday": 0.5417, "penalty_weekend": 0.5417, "penalty_avg": 0.5417}, "geometry": {"type": "Polygon", "coordinates": [[[-113.4717, 53.55458], [-113.47237, 53.55373], [-113.47426, 53.55426], [-113.47319, 53.55516], [-113.4717, 53.55458]]]}}, {"type": "Feature", "properties": {"DAUID": "48110131", "penalty_weekday": 0.5319, "penalty_midday": 0.5319, "penalty_weekend": 0.5319, "penalty_avg": 0.5319}, "geometry": {"type": "Polygon", "coordinates": [[[-113.47237, 53.55373], [-113.47312, 53.55166], [-113.47457, 53.55185], [-113.4752, 53.55284], [-113.47432, 53.55305], [-113.47339, 53.55388], [-113.47237, 53.55373]]]}}, {"type": "Feature", "properties": {"DAUID": "48110132", "penalty_weekday": 0.5417, "penalty_midday": 0.5417, "penalty_weekend": 0.5417, "penalty_avg": 0.5417}, "geometry": {"type": "Polygon", "coordinates": [[[-113.47084, 53.55599], [-113.47058, 53.55543], [-113.4717, 53.55458], [-113.47319, 53.55516], [-113.47426, 53.55426], [-113.47339, 53.55388], [-113.47432, 53.55305], [-113.4752, 53.55284], [-113.47457, 53.55185], [-113.47709, 53.55134], [-113.47817, 53.553], [-113.47701, 53.55328], [-113.47574, 53.55409], [-113.47273, 53.55664], [-113.47084, 53.55599]]]}}, {"type": "Feature", "properties": {"DAUID": "48110134", "penalty_weekday": 0.5769, "penalty_midday": 0.5769, "penalty_weekend": 0.5926, "penalty_avg": 0.5821}, "geometry": {"type": "Polygon", "coordinates": [[[-113.47654, 53.55049], [-113.47546, 53.54885], [-113.48022, 53.54787], [-113.48073, 53.54874], [-113.47749, 53.54938], [-113.47796, 53.55023], [-113.47654, 53.55049]]]}}, {"type": "Feature", "properties": {"DAUID": "48110135", "penalty_weekday": 0.5686, "penalty_midday": 0.5686, "penalty_weekend": 0.5926, "penalty_avg": 0.5766}, "geometry": {"type": "Polygon", "coordinates": [[[-113.48022, 53.54787], [-113.47546, 53.54885], [-113.47521, 53.5487], [-113.47735, 53.54656], [-113.47926, 53.54619], [-113.48022, 53.54787]]]}}, {"type": "Feature", "properties": {"DAUID": "48110136", "penalty_weekday": 0.5849, "penalty_midday": 0.6, "penalty_weekend": 0.5926, "penalty_avg": 0.5925}, "geometry": {"type": "Polygon", "coordinates": [[[-113.48462, 53.54901], [-113.47796, 53.55023], [-113.47749, 53.54938], [-113.48073, 53.54874], [-113.47974, 53.54704], [-113.48337, 53.5464], [-113.48462, 53.54901]]]}}, {"type": "Feature", "properties": {"DAUID": "48110142", "penalty_weekday": 0.5417, "penalty_midday": 0.5769, "penalty_weekend": 0.5849, "penalty_avg": 0.5678}, "geometry": {"type": "Polygon", "coordinates": [[[-113.49118, 53.54629], [-113.49089, 53.54447], [-113.49371, 53.54439], [-113.4937, 53.54624], [-113.49118, 53.54629]]]}}, {"type": "Feature", "properties": {"DAUID": "48110144", "penalty_weekday": 0.5686, "penalty_midday": 0.6, "penalty_weekend": 0.6071, "penalty_avg": 0.5919}, "geometry": {"type": "Polygon", "coordinates": [[[-113.49743, 53.53884], [-113.49738, 53.53721], [-113.49925, 53.53722], [-113.49924, 53.53883], [-113.49743, 53.53884]]]}}, {"type": "Feature", "properties": {"DAUID": "48110145", "penalty_weekday": 0.5926, "penalty_midday": 0.6207, "penalty_weekend": 0.6333, "penalty_avg": 0.6155}, "geometry": {"type": "Polygon", "coordinates": [[[-113.49924, 53.53883], [-113.49923, 53.53564], [-113.50109, 53.53563], [-113.50107, 53.53884], [-113.49924, 53.53883]]]}}, {"type": "Feature", "properties": {"DAUID": "48110146", "penalty_weekday": 0.6071, "penalty_midday": 0.6333, "penalty_weekend": 0.6452, "penalty_avg": 0.6285}, "geometry": {"type": "Polygon", "coordinates": [[[-113.49738, 53.53721], [-113.49736, 53.53405], [-113.49922, 53.53405], [-113.49925, 53.53722], [-113.49738, 53.53721]]]}}, {"type": "Feature", "properties": {"DAUID": "48110148", "penalty_weekday": 0.6508, "penalty_midday": 0.6667, "penalty_weekend": 0.6857, "penalty_avg": 0.6677}, "geometry": {"type": "Polygon", "coordinates": [[[-113.48871, 53.53861], [-113.48562, 53.53764], [-113.48656, 53.53682], [-113.48821, 53.53048], [-113.48904, 53.52912], [-113.48989, 53.52842], [-113.49363, 53.5264], [-113.49376, 53.53655], [-113.4941, 53.53664], [-113.49012, 53.53778], [-113.48871, 53.53861]]]}}, {"type": "Feature", "properties": {"DAUID": "48110149", "penalty_weekday": 0.6452, "penalty_midday": 0.6562, "penalty_weekend": 0.6812, "penalty_avg": 0.6609}, "geometry": {"type": "Polygon", "coordinates": [[[-113.50853, 53.53575], [-113.50293, 53.53566], [-113.50288, 53.53249], [-113.49921, 53.53246], [-113.4992, 53.53354], [-113.49875, 53.53405], [-113.49556, 53.53407], [-113.49371, 53.53443], [-113.49363, 53.5264], [-113.49604, 53.52605], [-113.49807, 53.52629], [-113.50376, 53.52833], [-113.50867, 53.52941], [-113.51136, 53.52969], [-113.50824, 53.5343], [-113.50861, 53.53491], [-113.50853, 53.53575]]]}}, {"type": "Feature", "properties": {"DAUID": "48110150", "penalty_weekday": 0.6271, "penalty_midday": 0.6508, "penalty_weekend": 0.6615, "penalty_avg": 0.6465}, "geometry": {"type": "Polygon", "coordinates": [[[-113.4992, 53.53354], [-113.49921, 53.53246], [-113.50288, 53.53249], [-113.50293, 53.53566], [-113.49923, 53.53564], [-113.49922, 53.53405], [-113.49875, 53.53405], [-113.4992, 53.53354]]]}}, {"type": "Feature", "properties": {"DAUID": "48110153", "penalty_weekday": 0.5849, "penalty_midday": 0.614, "penalty_weekend": 0.6271, "penalty_avg": 0.6087}, "geometry": {"type": "Polygon", "coordinates": [[[-113.50859, 53.54093], [-113.50852, 53.53884], [-113.51029, 53.53884], [-113.51032, 53.53723], [-113.51214, 53.53722], [-113.51212, 53.54092], [-113.50859, 53.54093]]]}}, {"type": "Feature", "properties": {"DAUID": "48110154", "penalty_weekday": 0.5769, "penalty_midday": 0.6071, "penalty_weekend": 0.6207, "penalty_avg": 0.6016}, "geometry": {"type": "Polygon", "coordinates": [[[-113.50824, 53.5343], [-113.51213, 53.53423], [-113.51215, 53.53567], [-113.51394, 53.53573], [-113.51394, 53.53885], [-113.51215, 53.53884], [-113.51214, 53.53722], [-113.51032, 53.53723], [-113.51025, 53.53569], [-113.50853, 53.53575], [-113.50861, 53.53491], [-113.50824, 53.5343]]]}}, {"type": "Feature", "properties": {"DAUID": "48110155", "penalty_weekday": 0.614, "penalty_midday": 0.6393, "penalty_weekend": 0.6508, "penalty_avg": 0.6347}, "geometry": {"type": "Polygon", "coordinates": [[[-113.51394, 53.53885], [-113.51395, 53.53725], [-113.51765, 53.53729], [-113.51763, 53.53885], [-113.51394, 53.53885]]]}}, {"type": "Feature", "properties": {"DAUID": "48110156", "penalty_weekday": 0.6, "penalty_midday": 0.6207, "penalty_weekend": 0.6508, "penalty_avg": 0.6238}, "geometry": {"type": "Polygon", "coordinates": [[[-113.51212, 53.54092], [-113.51215, 53.53884], [-113.51763, 53.53885], [-113.51763, 53.54093], [-113.51212, 53.54092]]]}}, {"type": "Feature", "properties": {"DAUID": "48110157", "penalty_weekday": 0.6, "penalty_midday": 0.6207, "penalty_weekend": 0.6508, "penalty_avg": 0.6238}, "geometry": {"type": "Polygon", "coordinates": [[[-113.51763, 53.54093], [-113.51763, 53.53885], [-113.5214, 53.53886], [-113.52133, 53.54091], [-113.51763, 53.54093]]]}}, {"type": "Feature", "properties": {"DAUID": "48110158", "penalty_weekday": 0.6207, "penalty_midday": 0.6393, "penalty_weekend": 0.6667, "penalty_avg": 0.6422}, "geometry": {"type": "Polygon", "coordinates": [[[-113.51765, 53.53729], [-113.51883, 53.53726], [-113.51947, 53.53768], [-113.52135, 53.53735], [-113.5214, 53.53886], [-113.51763, 53.53885], [-113.51765, 53.53729]]]}}, {"type": "Feature", "properties": {"DAUID": "48110159", "penalty_weekday": 0.614, "penalty_midday": 0.6333, "penalty_weekend": 0.6615, "penalty_avg": 0.6363}, "geometry": {"type": "Polygon", "coordinates": [[[-113.525, 53.54095], [-113.52498, 53.53938], [-113.53058, 53.54039], [-113.53084, 53.54093], [-113.525, 53.54095]]]}}, {"type": "Feature", "properties": {"DAUID": "48110160", "penalty_weekday": 0.6207, "penalty_midday": 0.6393, "penalty_weekend": 0.6667, "penalty_avg": 0.6422}, "geometry": {"type": "Polygon", "coordinates": [[[-113.52133, 53.54091], [-113.5214, 53.53886], [-113.52315, 53.53917], [-113.52314, 53.54096], [-113.52133, 53.54091]]]}}, {"type": "Feature", "properties": {"DAUID": "48110161", "penalty_weekday": 0.614, "penalty_midday": 0.6333, "penalty_weekend": 0.6615, "penalty_avg": 0.6363}, "geometry": {"type": "Polygon", "coordinates": [[[-113.52314, 53.54307], [-113.52315, 53.53917], [-113.52498, 53.53938], [-113.52499, 53.54307], [-113.52314, 53.54307]]]}}, {"type": "Feature", "properties": {"DAUID": "48110163", "penalty_weekday": 0.6207, "penalty_midday": 0.6393, "penalty_weekend": 0.6667, "penalty_avg": 0.6422}, "geometry": {"type": "Polygon", "coordinates": [[[-113.52133, 53.54099], [-113.52314, 53.54096], [-113.52314, 53.54307], [-113.52129, 53.54307], [-113.52133, 53.54099]]]}}, {"type": "Feature", "properties": {"DAUID": "48110164", "penalty_weekday": 0.6071, "penalty_midday": 0.6271, "penalty_weekend": 0.6562, "penalty_avg": 0.6302}, "geometry": {"type": "Polygon", "coordinates": [[[-113.51944, 53.54304], [-113.51947, 53.54095], [-113.52133, 53.54091], [-113.52129, 53.54307], [-113.51944, 53.54304]]]}}, {"type": "Feature", "properties": {"DAUID": "48110165", "penalty_weekday": 0.6071, "penalty_midday": 0.6271, "penalty_weekend": 0.6562, "penalty_avg": 0.6302}, "geometry": {"type": "Polygon", "coordinates": [[[-113.51762, 53.54303], [-113.51763, 53.54093], [-113.51947, 53.54095], [-113.51944, 53.54304], [-113.51762, 53.54303]]]}}, {"type": "Feature", "properties": {"DAUID": "48110166", "penalty_weekday": 0.6071, "penalty_midday": 0.6271, "penalty_weekend": 0.6562, "penalty_avg": 0.6302}, "geometry": {"type": "Polygon", "coordinates": [[[-113.51392, 53.54304], [-113.51393, 53.54093], [-113.51763, 53.54093], [-113.51762, 53.54303], [-113.51392, 53.54304]]]}}, {"type": "Feature", "properties": {"DAUID": "48110167", "penalty_weekday": 0.6333, "penalty_midday": 0.6508, "penalty_weekend": 0.6765, "penalty_avg": 0.6535}, "geometry": {"type": "Polygon", "coordinates": [[[-113.51392, 53.54461], [-113.51392, 53.54304], [-113.51944, 53.54304], [-113.51946, 53.54461], [-113.51392, 53.54461]]]}}, {"type": "Feature", "properties": {"DAUID": "48110169", "penalty_weekday": 0.6393, "penalty_midday": 0.6562, "penalty_weekend": 0.6857, "penalty_avg": 0.6604}, "geometry": {"type": "Polygon", "coordinates": [[[-113.51764, 53.54573], [-113.51765, 53.54461], [-113.51946, 53.54461], [-113.51944, 53.54304], [-113.52129, 53.54307], [-113.5213, 53.54574], [-113.51764, 53.54573]]]}}, {"type": "Feature", "properties": {"DAUID": "48110170", "penalty_weekday": 0.6508, "penalty_midday": 0.6667, "penalty_weekend": 0.6986, "penalty_avg": 0.672}, "geometry": {"type": "Polygon", "coordinates": [[[-113.52128, 53.54629], [-113.52129, 53.54307], [-113.52499, 53.54307], [-113.52499, 53.54462], [-113.52315, 53.54461], [-113.52324, 53.54629], [-113.52128, 53.54629]]]}}, {"type": "Feature", "properties": {"DAUID": "48110171", "penalty_weekday": 0.6452, "penalty_midday": 0.6615, "penalty_weekend": 0.6901, "penalty_avg": 0.6656}, "geometry": {"type": "Polygon", "coordinates": [[[-113.52499, 53.54462], [-113.52499, 53.54307], [-113.52867, 53.54307], [-113.52866, 53.54617], [-113.52682, 53.54618], [-113.52686, 53.54461], [-113.52499, 53.54462]]]}}, {"type": "Feature", "properties": {"DAUID": "48110172", "penalty_weekday": 0.6562, "penalty_midday": 0.6716, "penalty_weekend": 0.7027, "penalty_avg": 0.6769}, "geometry": {"type": "Polygon", "coordinates": [[[-113.52866, 53.54617], [-113.52867, 53.54307], [-113.53075, 53.54305], [-113.53083, 53.54625], [-113.52866, 53.54617]]]}}, {"type": "Feature", "properties": {"DAUID": "48110173", "penalty_weekday": 0.6333, "penalty_midday": 0.6508, "penalty_weekend": 0.6812, "penalty_avg": 0.6551}, "geometry": {"type": "Polygon", "coordinates": [[[-113.52867, 53.54307], [-113.52862, 53.54093], [-113.53084, 53.54093], [-113.53075, 53.54305], [-113.52867, 53.54307]]]}}, {"type": "Feature", "properties": {"DAUID": "48110174", "penalty_weekday": 0.6207, "penalty_midday": 0.6393, "penalty_weekend": 0.6667, "penalty_avg": 0.6422}, "geometry": {"type": "Polygon", "coordinates": [[[-113.52499, 53.54307], [-113.525, 53.54095], [-113.52862, 53.54093], [-113.52867, 53.54307], [-113.52499, 53.54307]]]}}, {"type": "Feature", "properties": {"DAUID": "48110176", "penalty_weekday": 0.6452, "penalty_midday": 0.6615, "penalty_weekend": 0.6901, "penalty_avg": 0.6656}, "geometry": {"type": "Polygon", "coordinates": [[[-113.53414, 53.54461], [-113.53237, 53.54461], [-113.53243, 53.54644], [-113.53083, 53.54625], [-113.53075, 53.54305], [-113.53591, 53.54304], [-113.53582, 53.54623], [-113.53416, 53.54621], [-113.53414, 53.54461]]]}}, {"type": "Feature", "properties": {"DAUID": "48110177", "penalty_weekday": 0.6562, "penalty_midday": 0.6716, "penalty_weekend": 0.7027, "penalty_avg": 0.6769}, "geometry": {"type": "Polygon", "coordinates": [[[-113.53243, 53.54644], [-113.53237, 53.54461], [-113.53414, 53.54461], [-113.53412, 53.54665], [-113.53243, 53.54644]]]}}, {"type": "Feature", "properties": {"DAUID": "48110178", "penalty_weekday": 0.6562, "penalty_midday": 0.6716, "penalty_weekend": 0.7027, "penalty_avg": 0.6769}, "geometry": {"type": "Polygon", "coordinates": [[[-113.54579, 53.54788], [-113.54115, 53.54756], [-113.54116, 53.54779], [-113.53415, 53.54781], [-113.53416, 53.54621], [-113.53582, 53.54623], [-113.53591, 53.54304], [-113.54031, 53.54304], [-113.54077, 53.54425], [-113.54215, 53.54487], [-113.54301, 53.54589], [-113.54431, 53.54634], [-113.54579, 53.54788]]]}}, {"type": "Feature", "properties": {"DAUID": "48110179", "penalty_weekday": 0.6508, "penalty_midday": 0.6615, "penalty_weekend": 0.6857, "penalty_avg": 0.666}, "geometry": {"type": "Polygon", "coordinates": [[[-113.53417, 53.55098], [-113.53415, 53.54781], [-113.53944, 53.5478], [-113.53945, 53.54937], [-113.54118, 53.54938], [-113.54116, 53.55103], [-113.53417, 53.55098]]]}}, {"type": "Feature", "properties": {"DAUID": "48110180", "penalty_weekday": 0.6716, "penalty_midday": 0.6812, "penalty_weekend": 0.7067, "penalty_avg": 0.6865}, "geometry": {"type": "Polygon", "coordinates": [[[-113.53945, 53.54937], [-113.53944, 53.5478], [-113.54116, 53.54779], [-113.54115, 53.54756], [-113.54579, 53.54788], [-113.54856, 53.54949], [-113.54978, 53.55105], [-113.54116, 53.55103], [-113.54118, 53.54938], [-113.53945, 53.54937]]]}}, {"type": "Feature", "properties": {"DAUID": "48110181", "penalty_weekday": 0.6716, "penalty_midday": 0.6812, "penalty_weekend": 0.7027, "penalty_avg": 0.6852}, "geometry": {"type": "Polygon", "coordinates": [[[-113.54449, 53.55393], [-113.53941, 53.55397], [-113.53941, 53.55254], [-113.53763, 53.55255], [-113.53764, 53.55104], [-113.5445, 53.55103], [-113.54449, 53.55393]]]}}, {"type": "Feature", "properties": {"DAUID": "48110182", "penalty_weekday": 0.6812, "penalty_midday": 0.6901, "penalty_weekend": 0.7067, "penalty_avg": 0.6927}, "geometry": {"type": "Polygon", "coordinates": [[[-113.5445, 53.5573], [-113.5445, 53.55103], [-113.54978, 53.55105], [-113.5506, 53.55286], [-113.55075, 53.55548], [-113.54617, 53.55548], [-113.54617, 53.55731], [-113.5445, 53.5573]]]}}, {"type": "Feature", "properties": {"DAUID": "48110183", "penalty_weekday": 0.6857, "penalty_midday": 0.6901, "penalty_weekend": 0.6812, "penalty_avg": 0.6857}, "geometry": {"type": "Polygon", "coordinates": [[[-113.53763, 53.55889], [-113.53764, 53.55573], [-113.53941, 53.55573], [-113.53941, 53.55397], [-113.54449, 53.55393], [-113.5445, 53.5573], [-113.54282, 53.5573], [-113.54281, 53.55888], [-113.53763, 53.55889]]]}}, {"type": "Feature", "properties": {"DAUID": "48110184", "penalty_weekday": 0.6944, "penalty_midday": 0.6944, "penalty_weekend": 0.6857, "penalty_avg": 0.6915}, "geometry": {"type": "Polygon", "coordinates": [[[-113.54281, 53.55888], [-113.54282, 53.5573], [-113.54617, 53.55731], [-113.54617, 53.55548], [-113.55075, 53.55548], [-113.55077, 53.55722], [-113.55125, 53.55859], [-113.55104, 53.55879], [-113.54281, 53.55888]]]}}, {"type": "Feature", "properties": {"DAUID": "48110185", "penalty_weekday": 0.6812, "penalty_midday": 0.6812, "penalty_weekend": 0.6716, "penalty_avg": 0.678}, "geometry": {"type": "Polygon", "coordinates": [[[-113.53765, 53.56049], [-113.53763, 53.55889], [-113.54402, 53.55888], [-113.54404, 53.56048], [-113.53765, 53.56049]]]}}, {"type": "Feature", "properties": {"DAUID": "48110186", "penalty_weekday": 0.6901, "penalty_midday": 0.6944, "penalty_weekend": 0.6901, "penalty_avg": 0.6916}, "geometry": {"type": "Polygon", "coordinates": [[[-113.53409, 53.56208], [-113.5341, 53.55893], [-113.53763, 53.55889], [-113.53765, 53.56049], [-113.54368, 53.56048], [-113.54439, 53.56207], [-113.53409, 53.56208]]]}}, {"type": "Feature", "properties": {"DAUID": "48110187", "penalty_weekday": 0.6667, "penalty_midday": 0.6765, "penalty_weekend": 0.6716, "penalty_avg": 0.6716}, "geometry": {"type": "Polygon", "coordinates": [[[-113.5341, 53.55893], [-113.53409, 53.55573], [-113.53764, 53.55573], [-113.53763, 53.55889], [-113.5341, 53.55893]]]}}, {"type": "Feature", "properties": {"DAUID": "48110188", "penalty_weekday": 0.6812, "penalty_midday": 0.6944, "penalty_weekend": 0.6857, "penalty_avg": 0.6871}, "geometry": {"type": "Polygon", "coordinates": [[[-113.53091, 53.55894], [-113.53094, 53.55099], [-113.53417, 53.55098], [-113.5341, 53.55893], [-113.53091, 53.55894]]]}}, {"type": "Feature", "properties": {"DAUID": "48110189", "penalty_weekday": 0.6716, "penalty_midday": 0.6857, "penalty_weekend": 0.6986, "penalty_avg": 0.6853}, "geometry": {"type": "Polygon", "coordinates": [[[-113.53409, 53.55573], [-113.53417, 53.55098], [-113.53764, 53.55104], [-113.53763, 53.55255], [-113.53941, 53.55254], [-113.53941, 53.55573], [-113.53409, 53.55573]]]}}, {"type": "Feature", "properties": {"DAUID": "48110190", "penalty_weekday": 0.6812, "penalty_midday": 0.6944, "penalty_weekend": 0.6857, "penalty_avg": 0.6871}, "geometry": {"type": "Polygon", "coordinates": [[[-113.52126, 53.55459], [-113.52129, 53.55144], [-113.53094, 53.55099], [-113.53091, 53.55894], [-113.52312, 53.55892], [-113.52311, 53.55459], [-113.52126, 53.55459]]]}}, {"type": "Feature", "properties": {"DAUID": "48110191", "penalty_weekday": 0.6716, "penalty_midday": 0.6765, "penalty_weekend": 0.6765, "penalty_avg": 0.6749}, "geometry": {"type": "Polygon", "coordinates": [[[-113.51759, 53.5546], [-113.51761, 53.55301], [-113.52126, 53.553], [-113.52126, 53.55459], [-113.52311, 53.55459], [-113.52312, 53.55892], [-113.52126, 53.55892], [-113.52127, 53.55769], [-113.51942, 53.5577], [-113.51942, 53.5546], [-113.51759, 53.5546]]]}}, {"type": "Feature", "properties": {"DAUID": "48110192", "penalty_weekday": 0.6562, "penalty_midday": 0.6562, "penalty_weekend": 0.6667, "penalty_avg": 0.6597}, "geometry": {"type": "Polygon", "coordinates": [[[-113.51577, 53.55893], [-113.51576, 53.55301], [-113.51761, 53.55301], [-113.51759, 53.5546], [-113.51942, 53.5546], [-113.51942, 53.5577], [-113.52127, 53.55769], [-113.52126, 53.55892], [-113.51577, 53.55893]]]}}, {"type": "Feature", "properties": {"DAUID": "48110193", "penalty_weekday": 0.6562, "penalty_midday": 0.6562, "penalty_weekend": 0.6615, "penalty_avg": 0.658}, "geometry": {"type": "Polygon", "coordinates": [[[-113.51208, 53.5546], [-113.51208, 53.55301], [-113.51576, 53.55301], [-113.51575, 53.55459], [-113.51208, 53.5546]]]}}, {"type": "Feature", "properties": {"DAUID": "48110194", "penalty_weekday": 0.6452, "penalty_midday": 0.6452, "penalty_weekend": 0.6508, "penalty_avg": 0.647}, "geometry": {"type": "Polygon", "coordinates": [[[-113.50839, 53.55897], [-113.50838, 53.55301], [-113.51208, 53.55301], [-113.51208, 53.5546], [-113.51575, 53.55459], [-113.51577, 53.55893], [-113.50839, 53.55897]]]}}, {"type": "Feature", "properties": {"DAUID": "48110195", "penalty_weekday": 0.6393, "penalty_midday": 0.6393, "penalty_weekend": 0.6393, "penalty_avg": 0.6393}, "geometry": {"type": "Polygon", "coordinates": [[[-113.50838, 53.55301], [-113.50838, 53.55144], [-113.51214, 53.55145], [-113.51208, 53.55301], [-113.50838, 53.55301]]]}}, {"type": "Feature", "properties": {"DAUID": "48110196", "penalty_weekday": 0.6508, "penalty_midday": 0.6508, "penalty_weekend": 0.6562, "penalty_avg": 0.6526}, "geometry": {"type": "Polygon", "coordinates": [[[-113.51208, 53.55301], [-113.51214, 53.55145], [-113.51397, 53.55145], [-113.51394, 53.54983], [-113.5158, 53.54983], [-113.51576, 53.55301], [-113.51208, 53.55301]]]}}, {"type": "Feature", "properties": {"DAUID": "48110198", "penalty_weekday": 0.6667, "penalty_midday": 0.6716, "penalty_weekend": 0.6716, "penalty_avg": 0.67}, "geometry": {"type": "Polygon", "coordinates": [[[-113.51581, 53.55145], [-113.5158, 53.54983], [-113.51948, 53.54981], [-113.51951, 53.55145], [-113.51581, 53.55145]]]}}, {"type": "Feature", "properties": {"DAUID": "48110199", "penalty_weekday": 0.6562, "penalty_midday": 0.6667, "penalty_weekend": 0.6716, "penalty_avg": 0.6649}, "geometry": {"type": "Polygon", "coordinates": [[[-113.51576, 53.55301], [-113.51581, 53.55145], [-113.51951, 53.55145], [-113.51948, 53.54981], [-113.52251, 53.54986], [-113.52311, 53.55017], [-113.52317, 53.55144], [-113.52129, 53.55144], [-113.52126, 53.553], [-113.51576, 53.55301]]]}}, {"type": "Feature", "properties": {"DAUID": "48110200", "penalty_weekday": 0.6716, "penalty_midday": 0.6944, "penalty_weekend": 0.6986, "penalty_avg": 0.6882}, "geometry": {"type": "Polygon", "coordinates": [[[-113.5213, 53.54979], [-113.52121, 53.54775], [-113.5268, 53.54778], [-113.52872, 53.54809], [-113.53012, 53.54881], [-113.53094, 53.55099], [-113.52317, 53.55144], [-113.52311, 53.55017], [-113.5213, 53.54979]]]}}, {"type": "Feature", "properties": {"DAUID": "48110201", "penalty_weekday": 0.6716, "penalty_midday": 0.6944, "penalty_weekend": 0.7105, "penalty_avg": 0.6922}, "geometry": {"type": "Polygon", "coordinates": [[[-113.52121, 53.54775], [-113.52128, 53.54629], [-113.52324, 53.54629], [-113.52315, 53.54461], [-113.52686, 53.54461], [-113.52682, 53.54618], [-113.53052, 53.54621], [-113.53412, 53.54665], [-113.53417, 53.55098], [-113.53094, 53.55099], [-113.53012, 53.54881], [-113.52872, 53.54809], [-113.5268, 53.54778], [-113.52121, 53.54775]]]}}, {"type": "Feature", "properties": {"DAUID": "48110202", "penalty_weekday": 0.6271, "penalty_midday": 0.6271, "penalty_weekend": 0.6271, "penalty_avg": 0.6271}, "geometry": {"type": "Polygon", "coordinates": [[[-113.50479, 53.55301], [-113.50475, 53.54981], [-113.50836, 53.54983], [-113.50838, 53.55301], [-113.50479, 53.55301]]]}}, {"type": "Feature", "properties": {"DAUID": "48110203", "penalty_weekday": 0.6071, "penalty_midday": 0.6562, "penalty_weekend": 0.6562, "penalty_avg": 0.6399}, "geometry": {"type": "Polygon", "coordinates": [[[-113.49926, 53.55142], [-113.49922, 53.54814], [-113.50099, 53.54779], [-113.50102, 53.54621], [-113.50854, 53.54622], [-113.50836, 53.54983], [-113.50475, 53.54981], [-113.50475, 53.55143], [-113.49926, 53.55142]]]}}, {"type": "Feature", "properties": {"DAUID": "48110206", "penalty_weekday": 0.6207, "penalty_midday": 0.614, "penalty_weekend": 0.6452, "penalty_avg": 0.6266}, "geometry": {"type": "Polygon", "coordinates": [[[-113.49375, 53.55304], [-113.49375, 53.55144], [-113.49742, 53.55142], [-113.4974, 53.55301], [-113.49375, 53.55304]]]}}, {"type": "Feature", "properties": {"DAUID": "48110207", "penalty_weekday": 0.614, "penalty_midday": 0.6207, "penalty_weekend": 0.6333, "penalty_avg": 0.6227}, "geometry": {"type": "Polygon", "coordinates": [[[-113.48758, 53.55512], [-113.48589, 53.55163], [-113.48915, 53.55108], [-113.48945, 53.55179], [-113.49145, 53.55142], [-113.49131, 53.55106], [-113.49374, 53.55093], [-113.49372, 53.55603], [-113.4913, 53.55632], [-113.49067, 53.55478], [-113.49023, 53.5547], [-113.48758, 53.55512]]]}}, {"type": "Feature", "properties": {"DAUID": "48110208", "penalty_weekday": 0.6071, "penalty_midday": 0.6271, "penalty_weekend": 0.6271, "penalty_avg": 0.6205}, "geometry": {"type": "Polygon", "coordinates": [[[-113.49369, 53.55888], [-113.49375, 53.55304], [-113.4974, 53.55301], [-113.49742, 53.55142], [-113.49926, 53.55142], [-113.49925, 53.553], [-113.50295, 53.55301], [-113.50295, 53.55793], [-113.50255, 53.55839], [-113.503, 53.55896], [-113.49369, 53.55888]]]}}, {"type": "Feature", "properties": {"DAUID": "48110209", "penalty_weekday": 0.614, "penalty_midday": 0.6071, "penalty_weekend": 0.6207, "penalty_avg": 0.614}, "geometry": {"type": "Polygon", "coordinates": [[[-113.48959, 53.55922], [-113.48758, 53.55512], [-113.49023, 53.5547], [-113.49067, 53.55478], [-113.4913, 53.55632], [-113.49372, 53.55603], [-113.49369, 53.55888], [-113.48959, 53.55922]]]}}, {"type": "Feature", "properties": {"DAUID": "48110210", "penalty_weekday": 0.6071, "penalty_midday": 0.6071, "penalty_weekend": 0.6071, "penalty_avg": 0.6071}, "geometry": {"type": "Polygon", "coordinates": [[[-113.48701, 53.56006], [-113.48456, 53.55562], [-113.48758, 53.55512], [-113.48959, 53.55922], [-113.48701, 53.56006]]]}}, {"type": "Feature", "properties": {"DAUID": "48110211", "penalty_weekday": 0.6, "penalty_midday": 0.6, "penalty_weekend": 0.6, "penalty_avg": 0.6}, "geometry": {"type": "Polygon", "coordinates": [[[-113.48246, 53.55971], [-113.48038, 53.55642], [-113.48456, 53.55562], [-113.48645, 53.55907], [-113.48246, 53.55971]]]}}, {"type": "Feature", "properties": {"DAUID": "48110212", "penalty_weekday": 0.6, "penalty_midday": 0.6071, "penalty_weekend": 0.6, "penalty_avg": 0.6024}, "geometry": {"type": "Polygon", "coordinates": [[[-113.48758, 53.55512], [-113.48127, 53.55624], [-113.47991, 53.55365], [-113.48311, 53.55304], [-113.48404, 53.55475], [-113.48718, 53.55422], [-113.48758, 53.55512]]]}}, {"type": "Feature", "properties": {"DAUID": "48110213", "penalty_weekday": 0.6, "penalty_midday": 0.6, "penalty_weekend": 0.6, "penalty_avg": 0.6}, "geometry": {"type": "Polygon", "coordinates": [[[-113.47873, 53.55387], [-113.47654, 53.55049], [-113.48462, 53.54901], [-113.48718, 53.55422], [-113.48404, 53.55475], [-113.48311, 53.55304], [-113.47873, 53.55387]]]}}, {"type": "Feature", "properties": {"DAUID": "48110215", "penalty_weekday": 0.551, "penalty_midday": 0.5686, "penalty_weekend": 0.56, "penalty_avg": 0.5599}, "geometry": {"type": "Polygon", "coordinates": [[[-113.46728, 53.56127], [-113.46728, 53.55946], [-113.46904, 53.55964], [-113.47078, 53.55941], [-113.47084, 53.55599], [-113.47284, 53.5566], [-113.47574, 53.55409], [-113.47701, 53.55328], [-113.47817, 53.553], [-113.47873, 53.55387], [-113.47991, 53.55365], [-113.48127, 53.55624], [-113.48038, 53.55642], [-113.48246, 53.55971], [-113.48645, 53.55907], [-113.48701, 53.56006], [-113.47977, 53.56107], [-113.46728, 53.56127]]]}}, {"type": "Feature", "properties": {"DAUID": "48110216", "penalty_weekday": 0.5926, "penalty_midday": 0.5926, "penalty_weekend": 0.5849, "penalty_avg": 0.59}, "geometry": {"type": "Polygon", "coordinates": [[[-113.47963, 53.56275], [-113.47964, 53.56107], [-113.48701, 53.56006], [-113.4871, 53.56029], [-113.48712, 53.56272], [-113.47963, 53.56275]]]}}, {"type": "Feature", "properties": {"DAUID": "48110217", "penalty_weekday": 0.5769, "penalty_midday": 0.5769, "penalty_weekend": 0.5769, "penalty_avg": 0.5769}, "geometry": {"type": "Polygon", "coordinates": [[[-113.48269, 53.5658], [-113.48265, 53.56273], [-113.48863, 53.56271], [-113.48866, 53.56579], [-113.48269, 53.5658]]]}}, {"type": "Feature", "properties": {"DAUID": "48110218", "penalty_weekday": 0.6, "penalty_midday": 0.6, "penalty_weekend": 0.6071, "penalty_avg": 0.6024}, "geometry": {"type": "Polygon", "coordinates": [[[-113.48701, 53.56006], [-113.48959, 53.55922], [-113.49172, 53.55907], [-113.49168, 53.56423], [-113.48864, 53.56425], [-113.48863, 53.56271], [-113.48712, 53.56272], [-113.48701, 53.56006]]]}}, {"type": "Feature", "properties": {"DAUID": "48110219", "penalty_weekday": 0.5686, "penalty_midday": 0.5769, "penalty_weekend": 0.5686, "penalty_avg": 0.5714}, "geometry": {"type": "Polygon", "coordinates": [[[-113.48573, 53.56732], [-113.48573, 53.56578], [-113.48866, 53.56579], [-113.48864, 53.56425], [-113.49168, 53.56423], [-113.49172, 53.5673], [-113.48573, 53.56732]]]}}, {"type": "Feature", "properties": {"DAUID": "48110220", "penalty_weekday": 0.5849, "penalty_midday": 0.5686, "penalty_weekend": 0.5926, "penalty_avg": 0.582}, "geometry": {"type": "Polygon", "coordinates": [[[-113.49172, 53.5673], [-113.49165, 53.5627], [-113.49553, 53.5627], [-113.49554, 53.56731], [-113.49172, 53.5673]]]}}, {"type": "Feature", "properties": {"DAUID": "48110221", "penalty_weekday": 0.5686, "penalty_midday": 0.5686, "penalty_weekend": 0.5686, "penalty_avg": 0.5686}, "geometry": {"type": "Polygon", "coordinates": [[[-113.4918, 53.56966], [-113.49172, 53.5673], [-113.49554, 53.56731], [-113.49553, 53.56578], [-113.49799, 53.56583], [-113.49803, 53.56625], [-113.49983, 53.5678], [-113.50292, 53.56642], [-113.50291, 53.57036], [-113.49221, 53.57041], [-113.4918, 53.56966]]]}}, {"type": "Feature", "properties": {"DAUID": "48110222", "penalty_weekday": 0.614, "penalty_midday": 0.6207, "penalty_weekend": 0.614, "penalty_avg": 0.6163}, "geometry": {"type": "Polygon", "coordinates": [[[-113.49553, 53.56578], [-113.49553, 53.5627], [-113.50107, 53.56269], [-113.50108, 53.56104], [-113.50261, 53.56106], [-113.50282, 53.56133], [-113.50292, 53.56642], [-113.49983, 53.5678], [-113.49803, 53.56625], [-113.49799, 53.56583], [-113.49553, 53.56578]]]}}, {"type": "Feature", "properties": {"DAUID": "48110223", "penalty_weekday": 0.6207, "penalty_midday": 0.6, "penalty_weekend": 0.6333, "penalty_avg": 0.618}, "geometry": {"type": "Polygon", "coordinates": [[[-113.50107, 53.56269], [-113.49165, 53.5627], [-113.49172, 53.55907], [-113.503, 53.55896], [-113.50311, 53.56109], [-113.50108, 53.56104], [-113.50107, 53.56269]]]}}, {"type": "Feature", "properties": {"DAUID": "48110225", "penalty_weekday": 0.614, "penalty_midday": 0.614, "penalty_weekend": 0.6071, "penalty_avg": 0.6117}, "geometry": {"type": "Polygon", "coordinates": [[[-113.50295, 53.55793], [-113.50291, 53.55672], [-113.50838, 53.55677], [-113.50839, 53.55897], [-113.503, 53.55896], [-113.50255, 53.55839], [-113.50295, 53.55793]]]}}, {"type": "Feature", "properties": {"DAUID": "48110226", "penalty_weekday": 0.6271, "penalty_midday": 0.6271, "penalty_weekend": 0.6271, "penalty_avg": 0.6271}, "geometry": {"type": "Polygon", "coordinates": [[[-113.50291, 53.55672], [-113.50293, 53.55143], [-113.50475, 53.55143], [-113.50479, 53.55301], [-113.50838, 53.55301], [-113.50838, 53.55677], [-113.50291, 53.55672]]]}}, {"type": "Feature", "properties": {"DAUID": "48110227", "penalty_weekday": 0.6271, "penalty_midday": 0.6508, "penalty_weekend": 0.6508, "penalty_avg": 0.6429}, "geometry": {"type": "Polygon", "coordinates": [[[-113.49925, 53.553], [-113.49926, 53.55142], [-113.50293, 53.55143], [-113.50295, 53.55301], [-113.49925, 53.553]]]}}, {"type": "Feature", "properties": {"DAUID": "48110228", "penalty_weekday": 0.6944, "penalty_midday": 0.6944, "penalty_weekend": 0.7027, "penalty_avg": 0.6972}, "geometry": {"type": "Polygon", "coordinates": [[[-113.53092, 53.57035], [-113.51738, 53.5647], [-113.51774, 53.5647], [-113.51806, 53.56407], [-113.52068, 53.56294], [-113.52139, 53.56329], [-113.52355, 53.56329], [-113.52354, 53.56087], [-113.52133, 53.56082], [-113.52126, 53.55892], [-113.53091, 53.55894], [-113.53092, 53.57035]]]}}, {"type": "Feature", "properties": {"DAUID": "48110229", "penalty_weekday": 0.6944, "penalty_midday": 0.7067, "penalty_weekend": 0.7067, "penalty_avg": 0.7026}, "geometry": {"type": "Polygon", "coordinates": [[[-113.53092, 53.57035], [-113.53091, 53.55894], [-113.5341, 53.55893], [-113.5341, 53.57029], [-113.53092, 53.57035]]]}}, {"type": "Feature", "properties": {"DAUID": "48110230", "penalty_weekday": 0.6765, "penalty_midday": 0.6901, "penalty_weekend": 0.7027, "penalty_avg": 0.6898}, "geometry": {"type": "Polygon", "coordinates": [[[-113.5341, 53.56525], [-113.53409, 53.56208], [-113.53942, 53.56208], [-113.53942, 53.56524], [-113.5341, 53.56525]]]}}, {"type": "Feature", "properties": {"DAUID": "48110231", "penalty_weekday": 0.6857, "penalty_midday": 0.7067, "penalty_weekend": 0.7143, "penalty_avg": 0.7022}, "geometry": {"type": "Polygon", "coordinates": [[[-113.53409, 53.56842], [-113.5341, 53.56525], [-113.53765, 53.56524], [-113.53766, 53.56842], [-113.53409, 53.56842]]]}}, {"type": "Feature", "properties": {"DAUID": "48110232", "penalty_weekday": 0.6986, "penalty_midday": 0.7105, "penalty_weekend": 0.7105, "penalty_avg": 0.7066}, "geometry": {"type": "Polygon", "coordinates": [[[-113.53766, 53.56842], [-113.53765, 53.56524], [-113.53942, 53.56524], [-113.53942, 53.56208], [-113.54439, 53.56207], [-113.54658, 53.56685], [-113.54116, 53.56685], [-113.54115, 53.56844], [-113.53766, 53.56842]]]}}, {"type": "Feature", "properties": {"DAUID": "48110233", "penalty_weekday": 0.6857, "penalty_midday": 0.7067, "penalty_weekend": 0.7179, "penalty_avg": 0.7034}, "geometry": {"type": "Polygon", "coordinates": [[[-113.5341, 53.57029], [-113.53409, 53.56842], [-113.54115, 53.56844], [-113.54117, 53.57028], [-113.5341, 53.57029]]]}}, {"type": "Feature", "properties": {"DAUID": "48110234", "penalty_weekday": 0.6986, "penalty_midday": 0.7105, "penalty_weekend": 0.7215, "penalty_avg": 0.7102}, "geometry": {"type": "Polygon", "coordinates": [[[-113.54117, 53.57028], [-113.54116, 53.56685], [-113.54658, 53.56685], [-113.54696, 53.56737], [-113.54936, 53.56738], [-113.54936, 53.56929], [-113.54975, 53.57048], [-113.54787, 53.57023], [-113.54117, 53.57028]]]}}, {"type": "Feature", "properties": {"DAUID": "48110235", "penalty_weekday": 0.7027, "penalty_midday": 0.7105, "penalty_weekend": 0.7179, "penalty_avg": 0.7104}, "geometry": {"type": "Polygon", "coordinates": [[[-113.53765, 53.57511], [-113.53765, 53.57029], [-113.54448, 53.57028], [-113.54449, 53.57349], [-113.53944, 53.57352], [-113.53943, 53.5751], [-113.53765, 53.57511]]]}}, {"type": "Feature", "properties": {"DAUID": "48110236", "penalty_weekday": 0.7143, "penalty_midday": 0.7284, "penalty_weekend": 0.7317, "penalty_avg": 0.7248}, "geometry": {"type": "Polygon", "coordinates": [[[-113.54449, 53.57349], [-113.54448, 53.57028], [-113.54787, 53.57023], [-113.54975, 53.57048], [-113.5495, 53.57112], [-113.54975, 53.57158], [-113.55145, 53.5735], [-113.54786, 53.5746], [-113.5473, 53.57508], [-113.54601, 53.5736], [-113.54449, 53.57349]]]}}, {"type": "Feature", "properties": {"DAUID": "48110237", "penalty_weekday": 0.7143, "penalty_midday": 0.725, "penalty_weekend": 0.7349, "penalty_avg": 0.7247}, "geometry": {"type": "Polygon", "coordinates": [[[-113.53944, 53.57776], [-113.53944, 53.57352], [-113.54565, 53.5735], [-113.5473, 53.57508], [-113.54539, 53.57644], [-113.54116, 53.57668], [-113.54116, 53.57775], [-113.53944, 53.57776]]]}}, {"type": "Feature", "properties": {"DAUID": "48110238", "penalty_weekday": 0.7317, "penalty_midday": 0.7412, "penalty_weekend": 0.7528, "penalty_avg": 0.7419}, "geometry": {"type": "Polygon", "coordinates": [[[-113.54458, 53.57711], [-113.54448, 53.57664], [-113.54592, 53.57623], [-113.54786, 53.5746], [-113.55145, 53.5735], [-113.55431, 53.577], [-113.54802, 53.57865], [-113.546, 53.5783], [-113.54458, 53.57711]]]}}, {"type": "Feature", "properties": {"DAUID": "48110239", "penalty_weekday": 0.7381, "penalty_midday": 0.7442, "penalty_weekend": 0.7582, "penalty_avg": 0.7468}, "geometry": {"type": "Polygon", "coordinates": [[[-113.54127, 53.58356], [-113.54116, 53.57668], [-113.54448, 53.57664], [-113.54525, 53.57789], [-113.54649, 53.57846], [-113.54802, 53.57865], [-113.55431, 53.577], [-113.55613, 53.58012], [-113.55881, 53.58357], [-113.54127, 53.58356]]]}}, {"type": "Feature", "properties": {"DAUID": "48110240", "penalty_weekday": 0.7349, "penalty_midday": 0.7412, "penalty_weekend": 0.75, "penalty_avg": 0.742}, "geometry": {"type": "Polygon", "coordinates": [[[-113.53095, 53.58076], [-113.53092, 53.57035], [-113.53171, 53.57034], [-113.53177, 53.5751], [-113.53943, 53.5751], [-113.53944, 53.57776], [-113.54116, 53.57775], [-113.54127, 53.58356], [-113.53504, 53.58335], [-113.53278, 53.58279], [-113.53139, 53.58181], [-113.53095, 53.58076]]]}}, {"type": "Feature", "properties": {"DAUID": "48110241", "penalty_weekday": 0.6857, "penalty_midday": 0.7067, "penalty_weekend": 0.7179, "penalty_avg": 0.7034}, "geometry": {"type": "Polygon", "coordinates": [[[-113.53177, 53.5751], [-113.53171, 53.57034], [-113.53765, 53.57029], [-113.53765, 53.57511], [-113.53177, 53.5751]]]}}, {"type": "Feature", "properties": {"DAUID": "48110242", "penalty_weekday": 0.7105, "penalty_midday": 0.7105, "penalty_weekend": 0.7179, "penalty_avg": 0.713}, "geometry": {"type": "Polygon", "coordinates": [[[-113.5319, 53.58496], [-113.52676, 53.58494], [-113.52657, 53.58358], [-113.54127, 53.58356], [-113.54121, 53.58915], [-113.5381, 53.58914], [-113.5381, 53.58604], [-113.5319, 53.58604], [-113.5319, 53.58496]]]}}, {"type": "Feature", "properties": {"DAUID": "48110243", "penalty_weekday": 0.6812, "penalty_midday": 0.6901, "penalty_weekend": 0.7027, "penalty_avg": 0.6913}, "geometry": {"type": "Polygon", "coordinates": [[[-113.53192, 53.58914], [-113.5319, 53.58604], [-113.5381, 53.58604], [-113.5381, 53.58914], [-113.53192, 53.58914]]]}}, {"type": "Feature", "properties": {"DAUID": "48110244", "penalty_weekday": 0.6944, "penalty_midday": 0.7143, "penalty_weekend": 0.7143, "penalty_avg": 0.7077}, "geometry": {"type": "Polygon", "coordinates": [[[-113.535, 53.59217], [-113.535, 53.59069], [-113.53656, 53.59069], [-113.53657, 53.58915], [-113.54121, 53.58915], [-113.54123, 53.59218], [-113.535, 53.59217]]]}}, {"type": "Feature", "properties": {"DAUID": "48110245", "penalty_weekday": 0.6944, "penalty_midday": 0.7179, "penalty_weekend": 0.7143, "penalty_avg": 0.7089}, "geometry": {"type": "Polygon", "coordinates": [[[-113.535, 53.59217], [-113.52506, 53.59217], [-113.52505, 53.59126], [-113.52675, 53.59121], [-113.52681, 53.58991], [-113.52882, 53.58988], [-113.52884, 53.58914], [-113.53657, 53.58915], [-113.53656, 53.59069], [-113.535, 53.59069], [-113.535, 53.59217]]]}}, {"type": "Feature", "properties": {"DAUID": "48110246", "penalty_weekday": 0.6944, "penalty_midday": 0.7179, "penalty_weekend": 0.7143, "penalty_avg": 0.7089}, "geometry": {"type": "Polygon", "coordinates": [[[-113.53349, 53.59487], [-113.53195, 53.59488], [-113.53153, 53.59545], [-113.53015, 53.59491], [-113.52679, 53.59487], [-113.52672, 53.59218], [-113.53656, 53.59218], [-113.53657, 53.59316], [-113.53504, 53.59322], [-113.53496, 53.59551], [-113.53363, 53.59519], [-113.53349, 53.59487]]]}}, {"type": "Feature", "properties": {"DAUID": "48110247", "penalty_weekday": 0.6812, "penalty_midday": 0.7105, "penalty_weekend": 0.7027, "penalty_avg": 0.6981}, "geometry": {"type": "Polygon", "coordinates": [[[-113.51653, 53.59491], [-113.51649, 53.59215], [-113.52672, 53.59218], [-113.52679, 53.59487], [-113.51653, 53.59491]]]}}, {"type": "Feature", "properties": {"DAUID": "48110248", "penalty_weekday": 0.6901, "penalty_midday": 0.7027, "penalty_weekend": 0.7067, "penalty_avg": 0.6998}, "geometry": {"type": "Polygon", "coordinates": [[[-113.52506, 53.59217], [-113.51993, 53.59216], [-113.51992, 53.58987], [-113.52164, 53.58987], [-113.52164, 53.58757], [-113.52675, 53.58758], [-113.52675, 53.59121], [-113.52505, 53.59126], [-113.52506, 53.59217]]]}}, {"type": "Feature", "properties": {"DAUID": "48110249", "penalty_weekday": 0.6812, "penalty_midday": 0.6901, "penalty_weekend": 0.7067, "penalty_avg": 0.6927}, "geometry": {"type": "Polygon", "coordinates": [[[-113.51993, 53.58758], [-113.51993, 53.58492], [-113.52676, 53.58494], [-113.52675, 53.58758], [-113.51993, 53.58758]]]}}, {"type": "Feature", "properties": {"DAUID": "48110250", "penalty_weekday": 0.6812, "penalty_midday": 0.6944, "penalty_weekend": 0.7067, "penalty_avg": 0.6941}, "geometry": {"type": "Polygon", "coordinates": [[[-113.52683, 53.58991], [-113.52676, 53.58494], [-113.5319, 53.58496], [-113.53192, 53.58914], [-113.52884, 53.58914], [-113.52882, 53.58988], [-113.52683, 53.58991]]]}}, {"type": "Feature", "properties": {"DAUID": "48110251", "penalty_weekday": 0.6716, "penalty_midday": 0.6857, "penalty_weekend": 0.7027, "penalty_avg": 0.6867}, "geometry": {"type": "Polygon", "coordinates": [[[-113.51649, 53.59215], [-113.51644, 53.58348], [-113.52657, 53.58358], [-113.52676, 53.58494], [-113.51993, 53.58492], [-113.51993, 53.58758], [-113.52164, 53.58757], [-113.52164, 53.58987], [-113.51992, 53.58987], [-113.51993, 53.59216], [-113.51649, 53.59215]]]}}, {"type": "Feature", "properties": {"DAUID": "48110252", "penalty_weekday": 0.6716, "penalty_midday": 0.6812, "penalty_weekend": 0.6986, "penalty_avg": 0.6838}, "geometry": {"type": "Polygon", "coordinates": [[[-113.49207, 53.58477], [-113.49203, 53.58353], [-113.51644, 53.58348], [-113.51649, 53.59215], [-113.5084, 53.59212], [-113.50841, 53.58488], [-113.49207, 53.58477]]]}}, {"type": "Feature", "properties": {"DAUID": "48110253", "penalty_weekday": 0.6765, "penalty_midday": 0.6812, "penalty_weekend": 0.6812, "penalty_avg": 0.6796}, "geometry": {"type": "Polygon", "coordinates": [[[-113.50076, 53.58887], [-113.50073, 53.58738], [-113.50841, 53.58745], [-113.5084, 53.59212], [-113.50072, 53.59209], [-113.50065, 53.59133], [-113.49949, 53.59069], [-113.50142, 53.58933], [-113.50076, 53.58887]]]}}, {"type": "Feature", "properties": {"DAUID": "48110254", "penalty_weekday": 0.6615, "penalty_midday": 0.6667, "penalty_weekend": 0.6812, "penalty_avg": 0.6698}, "geometry": {"type": "Polygon", "coordinates": [[[-113.49898, 53.58737], [-113.49898, 53.58483], [-113.50841, 53.58488], [-113.50841, 53.58745], [-113.49898, 53.58737]]]}}, {"type": "Feature", "properties": {"DAUID": "48110255", "penalty_weekday": 0.6562, "penalty_midday": 0.6667, "penalty_weekend": 0.6615, "penalty_avg": 0.6615}, "geometry": {"type": "Polygon", "coordinates": [[[-113.49663, 53.59207], [-113.49654, 53.5896], [-113.49722, 53.58938], [-113.49721, 53.58737], [-113.50073, 53.58738], [-113.50076, 53.58887], [-113.50142, 53.58933], [-113.49949, 53.59069], [-113.50065, 53.59133], [-113.50072, 53.59209], [-113.49663, 53.59207]]]}}, {"type": "Feature", "properties": {"DAUID": "48110256", "penalty_weekday": 0.6207, "penalty_midday": 0.6508, "penalty_weekend": 0.6271, "penalty_avg": 0.6329}, "geometry": {"type": "Polygon", "coordinates": [[[-113.49205, 53.59211], [-113.49208, 53.58959], [-113.49368, 53.5896], [-113.49369, 53.58735], [-113.49721, 53.58737], [-113.49722, 53.58938], [-113.49654, 53.5896], [-113.49663, 53.59207], [-113.49205, 53.59211]]]}}, {"type": "Feature", "properties": {"DAUID": "48110257", "penalty_weekday": 0.6333, "penalty_midday": 0.6508, "penalty_weekend": 0.6333, "penalty_avg": 0.6392}, "geometry": {"type": "Polygon", "coordinates": [[[-113.49856, 53.59407], [-113.4968, 53.59462], [-113.49204, 53.59459], [-113.49205, 53.59211], [-113.50072, 53.59209], [-113.50072, 53.59461], [-113.49933, 53.59461], [-113.49856, 53.59407]]]}}, {"type": "Feature", "properties": {"DAUID": "48110258", "penalty_weekday": 0.6667, "penalty_midday": 0.6901, "penalty_weekend": 0.6765, "penalty_avg": 0.6778}, "geometry": {"type": "Polygon", "coordinates": [[[-113.4972, 53.59676], [-113.49722, 53.5949], [-113.4968, 53.59462], [-113.49816, 53.59404], [-113.49933, 53.59461], [-113.50072, 53.59461], [-113.50072, 53.59209], [-113.50654, 53.59212], [-113.50659, 53.59496], [-113.50412, 53.59504], [-113.5, 53.59652], [-113.4972, 53.59676]]]}}, {"type": "Feature", "properties": {"DAUID": "48110259", "penalty_weekday": 0.6333, "penalty_midday": 0.6508, "penalty_weekend": 0.6333, "penalty_avg": 0.6392}, "geometry": {"type": "Polygon", "coordinates": [[[-113.49186, 53.59961], [-113.49204, 53.59459], [-113.4968, 53.59462], [-113.49722, 53.5949], [-113.4972, 53.59676], [-113.49952, 53.59664], [-113.50074, 53.59756], [-113.50072, 53.59845], [-113.49545, 53.59846], [-113.49542, 53.5996], [-113.49186, 53.59961]]]}}, {"type": "Feature", "properties": {"DAUID": "48110260", "penalty_weekday": 0.6765, "penalty_midday": 0.6901, "penalty_weekend": 0.6716, "penalty_avg": 0.6794}, "geometry": {"type": "Polygon", "coordinates": [[[-113.49542, 53.5996], [-113.49545, 53.59846], [-113.50072, 53.59845], [-113.50074, 53.59756], [-113.49952, 53.59664], [-113.50412, 53.59504], [-113.50659, 53.59496], [-113.50664, 53.59957], [-113.49542, 53.5996]]]}}, {"type": "Feature", "properties": {"DAUID": "48110261", "penalty_weekday": 0.6944, "penalty_midday": 0.7143, "penalty_weekend": 0.6901, "penalty_avg": 0.6996}, "geometry": {"type": "Polygon", "coordinates": [[[-113.50664, 53.59957], [-113.5066, 53.59843], [-113.51065, 53.59841], [-113.51064, 53.59752], [-113.50829, 53.59748], [-113.5083, 53.59495], [-113.51653, 53.59491], [-113.51662, 53.59964], [-113.50664, 53.59957]]]}}, {"type": "Feature", "properties": {"DAUID": "48110262", "penalty_weekday": 0.6812, "penalty_midday": 0.7105, "penalty_weekend": 0.6986, "penalty_avg": 0.6968}, "geometry": {"type": "Polygon", "coordinates": [[[-113.5066, 53.59843], [-113.50654, 53.59212], [-113.51649, 53.59215], [-113.51653, 53.59491], [-113.5083, 53.59495], [-113.50829, 53.59748], [-113.51064, 53.59752], [-113.51065, 53.59841], [-113.5066, 53.59843]]]}}, {"type": "Feature", "properties": {"DAUID": "48110263", "penalty_weekday": 0.7027, "penalty_midday": 0.725, "penalty_weekend": 0.7105, "penalty_avg": 0.7127}, "geometry": {"type": "Polygon", "coordinates": [[[-113.51662, 53.59964], [-113.51653, 53.59491], [-113.52165, 53.5949], [-113.52172, 53.59963], [-113.51662, 53.59964]]]}}, {"type": "Feature", "properties": {"DAUID": "48110264", "penalty_weekday": 0.7067, "penalty_midday": 0.725, "penalty_weekend": 0.7067, "penalty_avg": 0.7128}, "geometry": {"type": "Polygon", "coordinates": [[[-113.52172, 53.59963], [-113.52165, 53.5949], [-113.52679, 53.59487], [-113.52683, 53.59961], [-113.52172, 53.59963]]]}}, {"type": "Feature", "properties": {"DAUID": "48110265", "penalty_weekday": 0.7143, "penalty_midday": 0.7284, "penalty_weekend": 0.7143, "penalty_avg": 0.719}, "geometry": {"type": "Polygon", "coordinates": [[[-113.52683, 53.59961], [-113.52679, 53.59487], [-113.53015, 53.59491], [-113.53349, 53.59621], [-113.53504, 53.59642], [-113.53492, 53.59959], [-113.52683, 53.59961]]]}}, {"type": "Feature", "properties": {"DAUID": "48110266", "penalty_weekday": 0.7105, "penalty_midday": 0.7179, "penalty_weekend": 0.7143, "penalty_avg": 0.7143}, "geometry": {"type": "Polygon", "coordinates": [[[-113.53261, 53.60218], [-113.53047, 53.60199], [-113.52961, 53.60233], [-113.52769, 53.60129], [-113.52797, 53.60025], [-113.52509, 53.60033], [-113.52526, 53.60115], [-113.52381, 53.60135], [-113.52344, 53.60026], [-113.5194, 53.60028], [-113.51858, 53.60067], [-113.51849, 53.60199], [-113.51663, 53.60199], [-113.51662, 53.59964], [-113.54113, 53.59957], [-113.54141, 53.60417], [-113.53441, 53.60419], [-113.53437, 53.60259], [-113.5326, 53.60257], [-113.53261, 53.60218]]]}}, {"type": "Feature", "properties": {"DAUID": "48110267", "penalty_weekday": 0.6901, "penalty_midday": 0.7179, "penalty_weekend": 0.6986, "penalty_avg": 0.7022}, "geometry": {"type": "Polygon", "coordinates": [[[-113.52411, 53.60333], [-113.52413, 53.60222], [-113.52555, 53.60197], [-113.52497, 53.60039], [-113.52797, 53.60025], [-113.52769, 53.60129], [-113.52839, 53.6016], [-113.52708, 53.60246], [-113.52686, 53.60334], [-113.52411, 53.60333]]]}}, {"type": "Feature", "properties": {"DAUID": "48110268", "penalty_weekday": 0.6944, "penalty_midday": 0.7215, "penalty_weekend": 0.7027, "penalty_avg": 0.7062}, "geometry": {"type": "Polygon", "coordinates": [[[-113.52313, 53.6049], [-113.52175, 53.60164], [-113.52526, 53.60115], [-113.52555, 53.60197], [-113.52413, 53.60222], [-113.52419, 53.6034], [-113.52671, 53.60341], [-113.52708, 53.60246], [-113.52839, 53.6016], [-113.52961, 53.60233], [-113.52862, 53.60276], [-113.52843, 53.60431], [-113.52966, 53.60471], [-113.52918, 53.60576], [-113.52968, 53.60681], [-113.52543, 53.60761], [-113.52302, 53.60742], [-113.52327, 53.60628], [-113.52313, 53.6049]]]}}, {"type": "Feature", "properties": {"DAUID": "48110269", "penalty_weekday": 0.7105, "penalty_midday": 0.7179, "penalty_weekend": 0.7143, "penalty_avg": 0.7143}, "geometry": {"type": "Polygon", "coordinates": [[[-113.53441, 53.60419], [-113.53023, 53.6039], [-113.52966, 53.60471], [-113.52846, 53.60438], [-113.52862, 53.60276], [-113.53047, 53.60199], [-113.53245, 53.60211], [-113.5326, 53.60257], [-113.53437, 53.60259], [-113.53441, 53.60419]]]}}, {"type": "Feature", "properties": {"DAUID": "48110270", "penalty_weekday": 0.7179, "penalty_midday": 0.7215, "penalty_weekend": 0.7143, "penalty_avg": 0.7179}, "geometry": {"type": "Polygon", "coordinates": [[[-113.52923, 53.60539], [-113.53023, 53.6039], [-113.53259, 53.60418], [-113.54141, 53.60417], [-113.54139, 53.6067], [-113.52968, 53.60681], [-113.52923, 53.60539]]]}}, {"type": "Feature", "properties": {"DAUID": "48110271", "penalty_weekday": 0.7215, "penalty_midday": 0.7317, "penalty_weekend": 0.725, "penalty_avg": 0.7261}, "geometry": {"type": "Polygon", "coordinates": [[[-113.54136, 53.61047], [-113.54141, 53.60417], [-113.54439, 53.60463], [-113.54568, 53.60594], [-113.54396, 53.60701], [-113.54507, 53.60758], [-113.54509, 53.60831], [-113.54386, 53.60856], [-113.54381, 53.61045], [-113.54136, 53.61047]]]}}, {"type": "Feature", "properties": {"DAUID": "48110273", "penalty_weekday": 0.7284, "penalty_midday": 0.7412, "penalty_weekend": 0.7349, "penalty_avg": 0.7348}, "geometry": {"type": "Polygon", "coordinates": [[[-113.53187, 53.61037], [-113.53083, 53.6083], [-113.53221, 53.60807], [-113.53235, 53.60727], [-113.53467, 53.60728], [-113.53482, 53.60798], [-113.53357, 53.60806], [-113.53357, 53.60885], [-113.53484, 53.60889], [-113.53504, 53.61021], [-113.53187, 53.61037]]]}}, {"type": "Feature", "properties": {"DAUID": "48110274", "penalty_weekday": 0.7143, "penalty_midday": 0.7349, "penalty_weekend": 0.7349, "penalty_avg": 0.7281}, "geometry": {"type": "Polygon", "coordinates": [[[-113.53252, 53.61386], [-113.52882, 53.61391], [-113.52538, 53.61274], [-113.52623, 53.61149], [-113.52548, 53.60935], [-113.52543, 53.60761], [-113.52968, 53.60681], [-113.53184, 53.61003], [-113.53174, 53.61107], [-113.53087, 53.61259], [-113.53258, 53.61299], [-113.53252, 53.61386]]]}}, {"type": "Feature", "properties": {"DAUID": "48110277", "penalty_weekday": 0.7105, "penalty_midday": 0.7349, "penalty_weekend": 0.7349, "penalty_avg": 0.7268}, "geometry": {"type": "Polygon", "coordinates": [[[-113.52275, 53.6193], [-113.52127, 53.61941], [-113.52156, 53.62078], [-113.5203, 53.62069], [-113.52002, 53.61957], [-113.51896, 53.61973], [-113.51705, 53.61685], [-113.51662, 53.61424], [-113.52266, 53.61455], [-113.52807, 53.61657], [-113.5305, 53.61699], [-113.53073, 53.61832], [-113.52758, 53.61909], [-113.5277, 53.61995], [-113.5229, 53.62011], [-113.52275, 53.6193]]]}}, {"type": "Feature", "properties": {"DAUID": "48110280", "penalty_weekday": 0.7471, "penalty_midday": 0.7582, "penalty_weekend": 0.7556, "penalty_avg": 0.7536}, "geometry": {"type": "Polygon", "coordinates": [[[-113.53188, 53.62529], [-113.52582, 53.62537], [-113.52614, 53.62567], [-113.52485, 53.6267], [-113.52246, 53.62616], [-113.52341, 53.62452], [-113.52343, 53.62316], [-113.52675, 53.62276], [-113.53136, 53.62282], [-113.53281, 53.62238], [-113.53362, 53.62162], [-113.53813, 53.62361], [-113.53721, 53.6244], [-113.53418, 53.62546], [-113.53336, 53.62606], [-113.53188, 53.62529]]]}}, {"type": "Feature", "properties": {"DAUID": "48110281", "penalty_weekday": 0.7105, "penalty_midday": 0.7349, "penalty_weekend": 0.7349, "penalty_avg": 0.7268}, "geometry": {"type": "Polygon", "coordinates": [[[-113.52705, 53.62775], [-113.52603, 53.6274], [-113.5247, 53.62817], [-113.52305, 53.62811], [-113.52379, 53.62641], [-113.52485, 53.6267], [-113.52614, 53.62567], [-113.52582, 53.62537], [-113.5315, 53.62525], [-113.53336, 53.62606], [-113.53203, 53.62718], [-113.53079, 53.62771], [-113.52705, 53.62775]]]}}, {"type": "Feature", "properties": {"DAUID": "48110284", "penalty_weekday": 0.7471, "penalty_midday": 0.7582, "penalty_weekend": 0.7556, "penalty_avg": 0.7536}, "geometry": {"type": "Polygon", "coordinates": [[[-113.53418, 53.62546], [-113.53692, 53.62455], [-113.53814, 53.62552], [-113.5384, 53.62677], [-113.54012, 53.6268], [-113.53997, 53.62812], [-113.5361, 53.62809], [-113.53632, 53.62733], [-113.53336, 53.62606], [-113.53418, 53.62546]]]}}, {"type": "Feature", "properties": {"DAUID": "48110286", "penalty_weekday": 0.7105, "penalty_midday": 0.7349, "penalty_weekend": 0.7349, "penalty_avg": 0.7268}, "geometry": {"type": "Polygon", "coordinates": [[[-113.51632, 53.6273], [-113.51436, 53.62586], [-113.51676, 53.62464], [-113.51864, 53.62277], [-113.52343, 53.62316], [-113.52341, 53.62452], [-113.52218, 53.62659], [-113.52036, 53.62621], [-113.52022, 53.62537], [-113.51739, 53.62538], [-113.5159, 53.62602], [-113.5172, 53.62719], [-113.51765, 53.62813], [-113.52164, 53.62813], [-113.52162, 53.62874], [-113.5166, 53.62877], [-113.51632, 53.6273]]]}}, {"type": "Feature", "properties": {"DAUID": "48110287", "penalty_weekday": 0.7105, "penalty_midday": 0.7349, "penalty_weekend": 0.7349, "penalty_avg": 0.7268}, "geometry": {"type": "Polygon", "coordinates": [[[-113.51681, 53.62551], [-113.52022, 53.62537], [-113.52036, 53.62621], [-113.52218, 53.62659], [-113.52164, 53.62813], [-113.51765, 53.62813], [-113.5172, 53.62719], [-113.5159, 53.62602], [-113.51681, 53.62551]]]}}, {"type": "Feature", "properties": {"DAUID": "48110288", "penalty_weekday": 0.7105, "penalty_midday": 0.7349, "penalty_weekend": 0.7349, "penalty_avg": 0.7268}, "geometry": {"type": "Polygon", "coordinates": [[[-113.50771, 53.62539], [-113.50814, 53.62419], [-113.51264, 53.6243], [-113.51416, 53.62309], [-113.50944, 53.62261], [-113.50974, 53.62165], [-113.51864, 53.62277], [-113.51676, 53.62464], [-113.50971, 53.628], [-113.5079, 53.62601], [-113.50771, 53.62539]]]}}, {"type": "Feature", "properties": {"DAUID": "48110289", "penalty_weekday": 0.7105, "penalty_midday": 0.7349, "penalty_weekend": 0.7349, "penalty_avg": 0.7268}, "geometry": {"type": "Polygon", "coordinates": [[[-113.5109, 53.61973], [-113.51199, 53.61948], [-113.51481, 53.61963], [-113.51548, 53.62021], [-113.51605, 53.62238], [-113.50974, 53.62165], [-113.50991, 53.62085], [-113.5109, 53.61973]]]}}, {"type": "Feature", "properties": {"DAUID": "48110291", "penalty_weekday": 0.7105, "penalty_midday": 0.7349, "penalty_weekend": 0.7349, "penalty_avg": 0.7268}, "geometry": {"type": "Polygon", "coordinates": [[[-113.50771, 53.62539], [-113.50115, 53.62548], [-113.50089, 53.62332], [-113.50043, 53.62275], [-113.49909, 53.62226], [-113.49629, 53.62222], [-113.49618, 53.61936], [-113.50032, 53.61935], [-113.50028, 53.62087], [-113.5022, 53.62095], [-113.50315, 53.6214], [-113.50423, 53.62002], [-113.50711, 53.62133], [-113.50974, 53.62165], [-113.50944, 53.62261], [-113.51416, 53.623], [-113.51264, 53.6243], [-113.50814, 53.62419], [-113.50771, 53.62539]]]}}, {"type": "Feature", "properties": {"DAUID": "48110292", "penalty_weekday": 0.7105, "penalty_midday": 0.7349, "penalty_weekend": 0.7349, "penalty_avg": 0.7268}, "geometry": {"type": "Polygon", "coordinates": [[[-113.50032, 53.61935], [-113.50283, 53.61879], [-113.50423, 53.62002], [-113.50315, 53.6214], [-113.5022, 53.62095], [-113.50028, 53.62087], [-113.50032, 53.61935]]]}}, {"type": "Feature", "properties": {"DAUID": "48110293", "penalty_weekday": 0.7105, "penalty_midday": 0.7349, "penalty_weekend": 0.7349, "penalty_avg": 0.7268}, "geometry": {"type": "Polygon", "coordinates": [[[-113.49341, 53.61828], [-113.4935, 53.6167], [-113.49558, 53.61689], [-113.49683, 53.6161], [-113.50225, 53.61608], [-113.50218, 53.61794], [-113.50283, 53.61879], [-113.49999, 53.61938], [-113.49618, 53.61936], [-113.49596, 53.61819], [-113.49341, 53.61828]]]}}, {"type": "Feature", "properties": {"DAUID": "48110294", "penalty_weekday": 0.7105, "penalty_midday": 0.7349, "penalty_weekend": 0.7349, "penalty_avg": 0.7268}, "geometry": {"type": "Polygon", "coordinates": [[[-113.49171, 53.62135], [-113.49165, 53.61414], [-113.5023, 53.61417], [-113.50225, 53.61608], [-113.49683, 53.6161], [-113.49558, 53.61689], [-113.49337, 53.61677], [-113.49341, 53.61828], [-113.49596, 53.61819], [-113.4963, 53.62132], [-113.49171, 53.62135]]]}}, {"type": "Feature", "properties": {"DAUID": "48110295", "penalty_weekday": 0.6901, "penalty_midday": 0.7143, "penalty_weekend": 0.7179, "penalty_avg": 0.7075}, "geometry": {"type": "Polygon", "coordinates": [[[-113.5077, 53.6142], [-113.49165, 53.61414], [-113.4917, 53.6081], [-113.49981, 53.6081], [-113.49976, 53.61008], [-113.49806, 53.61026], [-113.49745, 53.61083], [-113.49743, 53.61283], [-113.49871, 53.61281], [-113.4992, 53.61361], [-113.5, 53.6136], [-113.50111, 53.61295], [-113.50775, 53.61291], [-113.5077, 53.6142]]]}}, {"type": "Feature", "properties": {"DAUID": "48110298", "penalty_weekday": 0.7105, "penalty_midday": 0.7349, "penalty_weekend": 0.7349, "penalty_avg": 0.7268}, "geometry": {"type": "Polygon", "coordinates": [[[-113.50213, 53.61755], [-113.50225, 53.61608], [-113.50366, 53.61611], [-113.5037, 53.61468], [-113.50615, 53.61472], [-113.50549, 53.61597], [-113.50436, 53.6165], [-113.50443, 53.61794], [-113.50395, 53.61838], [-113.50283, 53.61879], [-113.50213, 53.61755]]]}}, {"type": "Feature", "properties": {"DAUID": "48110300", "penalty_weekday": 0.6562, "penalty_midday": 0.6765, "penalty_weekend": 0.6562, "penalty_avg": 0.663}, "geometry": {"type": "Polygon", "coordinates": [[[-113.48601, 53.6145], [-113.48588, 53.614], [-113.48821, 53.61394], [-113.48801, 53.61198], [-113.4904, 53.61177], [-113.49037, 53.60779], [-113.48659, 53.60753], [-113.48633, 53.60823], [-113.48682, 53.60971], [-113.48532, 53.60992], [-113.48478, 53.60839], [-113.485, 53.60636], [-113.48862, 53.60686], [-113.49171, 53.60689], [-113.49165, 53.61414], [-113.48601, 53.6145]]]}}, {"type": "Feature", "properties": {"DAUID": "48110301", "penalty_weekday": 0.6562, "penalty_midday": 0.6765, "penalty_weekend": 0.6562, "penalty_avg": 0.663}, "geometry": {"type": "Polygon", "coordinates": [[[-113.49044, 53.61169], [-113.48801, 53.61198], [-113.48732, 53.6112], [-113.48633, 53.60823], [-113.48659, 53.60753], [-113.49037, 53.60779], [-113.49044, 53.61169]]]}}, {"type": "Feature", "properties": {"DAUID": "48110302", "penalty_weekday": 0.6562, "penalty_midday": 0.6765, "penalty_weekend": 0.6562, "penalty_avg": 0.663}, "geometry": {"type": "Polygon", "coordinates": [[[-113.48379, 53.61416], [-113.48351, 53.61103], [-113.4853, 53.61066], [-113.48532, 53.60992], [-113.48682, 53.60971], [-113.48732, 53.6112], [-113.48824, 53.61234], [-113.48821, 53.61394], [-113.48379, 53.61416]]]}}, {"type": "Feature", "properties": {"DAUID": "48110303", "penalty_weekday": 0.6508, "penalty_midday": 0.6667, "penalty_weekend": 0.6508, "penalty_avg": 0.6561}, "geometry": {"type": "Polygon", "coordinates": [[[-113.4844, 53.61103], [-113.47829, 53.61097], [-113.47794, 53.60947], [-113.47634, 53.60905], [-113.47697, 53.60814], [-113.48075, 53.60858], [-113.48171, 53.60735], [-113.48243, 53.60754], [-113.48247, 53.60837], [-113.48478, 53.60839], [-113.48542, 53.61052], [-113.4844, 53.61103]]]}}, {"type": "Feature", "properties": {"DAUID": "48110304", "penalty_weekday": 0.6812, "penalty_midday": 0.7067, "penalty_weekend": 0.6857, "penalty_avg": 0.6912}, "geometry": {"type": "Polygon", "coordinates": [[[-113.47627, 53.61204], [-113.47609, 53.61113], [-113.48203, 53.61089], [-113.48186, 53.6118], [-113.48225, 53.61351], [-113.47824, 53.61362], [-113.47776, 53.61194], [-113.47627, 53.61204]]]}}, {"type": "Feature", "properties": {"DAUID": "48110305", "penalty_weekday": 0.6812, "penalty_midday": 0.7067, "penalty_weekend": 0.6857, "penalty_avg": 0.6912}, "geometry": {"type": "Polygon", "coordinates": [[[-113.47588, 53.61002], [-113.47634, 53.60905], [-113.47794, 53.60947], [-113.47829, 53.61097], [-113.47609, 53.61113], [-113.47588, 53.61002]]]}}, {"type": "Feature", "properties": {"DAUID": "48110306", "penalty_weekday": 0.6765, "penalty_midday": 0.7067, "penalty_weekend": 0.6765, "penalty_avg": 0.6865}, "geometry": {"type": "Polygon", "coordinates": [[[-113.46729, 53.61052], [-113.46731, 53.60698], [-113.47087, 53.60692], [-113.47676, 53.60593], [-113.47718, 53.60756], [-113.47595, 53.6097], [-113.47609, 53.61113], [-113.47333, 53.61128], [-113.47264, 53.61096], [-113.47244, 53.61053], [-113.46729, 53.61052]]]}}, {"type": "Feature", "properties": {"DAUID": "48110307", "penalty_weekday": 0.6765, "penalty_midday": 0.7067, "penalty_weekend": 0.6765, "penalty_avg": 0.6865}, "geometry": {"type": "Polygon", "coordinates": [[[-113.4686, 53.61359], [-113.4686, 53.61052], [-113.47244, 53.61053], [-113.47307, 53.61121], [-113.47456, 53.61125], [-113.47505, 53.61357], [-113.4686, 53.61359]]]}}, {"type": "Feature", "properties": {"DAUID": "48110308", "penalty_weekday": 0.6765, "penalty_midday": 0.7067, "penalty_weekend": 0.6765, "penalty_avg": 0.6865}, "geometry": {"type": "Polygon", "coordinates": [[[-113.47257, 53.61597], [-113.46733, 53.61599], [-113.46729, 53.61052], [-113.4686, 53.61052], [-113.4686, 53.61359], [-113.47505, 53.61357], [-113.47456, 53.61125], [-113.47609, 53.61113], [-113.47627, 53.61204], [-113.47776, 53.61194], [-113.47812, 53.61359], [-113.48219, 53.61356], [-113.48186, 53.6118], [-113.48203, 53.61089], [-113.48351, 53.61103], [-113.48372, 53.61409], [-113.48588, 53.614], [-113.48601, 53.6145], [-113.47257, 53.61597]]]}}, {"type": "Feature", "properties": {"DAUID": "48110309", "penalty_weekday": 0.6667, "penalty_midday": 0.6857, "penalty_weekend": 0.6615, "penalty_avg": 0.6713}, "geometry": {"type": "Polygon", "coordinates": [[[-113.46733, 53.61599], [-113.45489, 53.61584], [-113.4539, 53.61526], [-113.45577, 53.61522], [-113.45565, 53.61228], [-113.45717, 53.61226], [-113.45735, 53.61365], [-113.45878, 53.61361], [-113.45862, 53.61206], [-113.46007, 53.61184], [-113.46028, 53.61367], [-113.46612, 53.61366], [-113.46625, 53.61051], [-113.46729, 53.61052], [-113.46733, 53.61599]]]}}, {"type": "Feature", "properties": {"DAUID": "48110310", "penalty_weekday": 0.6667, "penalty_midday": 0.6857, "penalty_weekend": 0.6615, "penalty_avg": 0.6713}, "geometry": {"type": "Polygon", "coordinates": [[[-113.46732, 53.62076], [-113.46505, 53.62083], [-113.46356, 53.62136], [-113.46262, 53.6208], [-113.46465, 53.62007], [-113.46627, 53.61998], [-113.46653, 53.61858], [-113.46334, 53.61856], [-113.46214, 53.61825], [-113.46266, 53.61723], [-113.46155, 53.61653], [-113.45787, 53.61646], [-113.45496, 53.61701], [-113.45489, 53.61584], [-113.46733, 53.61599], [-113.46732, 53.62076]]]}}, {"type": "Feature", "properties": {"DAUID": "48110311", "penalty_weekday": 0.6667, "penalty_midday": 0.6857, "penalty_weekend": 0.6615, "penalty_avg": 0.6713}, "geometry": {"type": "Polygon", "coordinates": [[[-113.46262, 53.6208], [-113.46187, 53.62022], [-113.46179, 53.61952], [-113.4603, 53.61928], [-113.46099, 53.61792], [-113.46334, 53.61856], [-113.46653, 53.61858], [-113.46627, 53.61998], [-113.46465, 53.62007], [-113.46262, 53.6208]]]}}, {"type": "Feature", "properties": {"DAUID": "48110314", "penalty_weekday": 0.6667, "penalty_midday": 0.6857, "penalty_weekend": 0.6615, "penalty_avg": 0.6713}, "geometry": {"type": "Polygon", "coordinates": [[[-113.45444, 53.62092], [-113.45113, 53.62096], [-113.44806, 53.61935], [-113.44279, 53.61946], [-113.44275, 53.61767], [-113.44372, 53.61773], [-113.44452, 53.61719], [-113.44891, 53.61728], [-113.44898, 53.61859], [-113.44995, 53.61913], [-113.45087, 53.61851], [-113.45177, 53.61899], [-113.4528, 53.61868], [-113.45456, 53.61869], [-113.45457, 53.61944], [-113.45264, 53.61963], [-113.45312, 53.62021], [-113.45444, 53.62029], [-113.45444, 53.62092]]]}}, {"type": "Feature", "properties": {"DAUID": "48110315", "penalty_weekday": 0.6667, "penalty_midday": 0.6857, "penalty_weekend": 0.6615, "penalty_avg": 0.6713}, "geometry": {"type": "Polygon", "coordinates": [[[-113.44898, 53.61859], [-113.44891, 53.61728], [-113.44452, 53.61719], [-113.44372, 53.61773], [-113.44275, 53.61767], [-113.44272, 53.61591], [-113.45489, 53.61584], [-113.45496, 53.61701], [-113.45226, 53.61759], [-113.44995, 53.61913], [-113.44898, 53.61859]]]}}, {"type": "Feature", "properties": {"DAUID": "48110316", "penalty_weekday": 0.6765, "penalty_midday": 0.6944, "penalty_weekend": 0.6667, "penalty_avg": 0.6792}, "geometry": {"type": "Polygon", "coordinates": [[[-113.44272, 53.61591], [-113.44274, 53.61016], [-113.44544, 53.61016], [-113.44543, 53.61105], [-113.44393, 53.61112], [-113.44392, 53.6136], [-113.44903, 53.61365], [-113.44912, 53.61524], [-113.4539, 53.61526], [-113.45489, 53.61584], [-113.44272, 53.61591]]]}}, {"type": "Feature", "properties": {"DAUID": "48110317", "penalty_weekday": 0.6667, "penalty_midday": 0.6857, "penalty_weekend": 0.6615, "penalty_avg": 0.6713}, "geometry": {"type": "Polygon", "coordinates": [[[-113.44542, 53.61366], [-113.44541, 53.61277], [-113.44694, 53.61277], [-113.44695, 53.61226], [-113.44903, 53.61225], [-113.44907, 53.61138], [-113.45058, 53.61137], [-113.45063, 53.61365], [-113.45579, 53.61367], [-113.45577, 53.61522], [-113.44912, 53.61524], [-113.44903, 53.61365], [-113.44542, 53.61366]]]}}, {"type": "Feature", "properties": {"DAUID": "48110318", "penalty_weekday": 0.6765, "penalty_midday": 0.6944, "penalty_weekend": 0.6667, "penalty_avg": 0.6792}, "geometry": {"type": "Polygon", "coordinates": [[[-113.44392, 53.6136], [-113.44393, 53.61112], [-113.44543, 53.61105], [-113.44544, 53.61016], [-113.44912, 53.61016], [-113.44903, 53.61225], [-113.44695, 53.61226], [-113.44694, 53.61277], [-113.44541, 53.61277], [-113.44542, 53.61366], [-113.44392, 53.6136]]]}}, {"type": "Feature", "properties": {"DAUID": "48110319", "penalty_weekday": 0.6765, "penalty_midday": 0.6944, "penalty_weekend": 0.6667, "penalty_avg": 0.6792}, "geometry": {"type": "Polygon", "coordinates": [[[-113.44274, 53.61016], [-113.44275, 53.6049], [-113.44669, 53.60503], [-113.45102, 53.60593], [-113.44955, 53.60824], [-113.45276, 53.60864], [-113.45277, 53.61038], [-113.45427, 53.61043], [-113.45428, 53.61137], [-113.44907, 53.61138], [-113.44912, 53.61016], [-113.44274, 53.61016]]]}}, {"type": "Feature", "properties": {"DAUID": "48110320", "penalty_weekday": 0.6667, "penalty_midday": 0.6857, "penalty_weekend": 0.6615, "penalty_avg": 0.6713}, "geometry": {"type": "Polygon", "coordinates": [[[-113.45063, 53.61365], [-113.45058, 53.61137], [-113.45546, 53.61137], [-113.45579, 53.61367], [-113.45063, 53.61365]]]}}, {"type": "Feature", "properties": {"DAUID": "48110321", "penalty_weekday": 0.6667, "penalty_midday": 0.6857, "penalty_weekend": 0.6615, "penalty_avg": 0.6713}, "geometry": {"type": "Polygon", "coordinates": [[[-113.45735, 53.61365], [-113.45717, 53.61226], [-113.45565, 53.61228], [-113.45546, 53.61137], [-113.45428, 53.61137], [-113.45427, 53.61043], [-113.45277, 53.61038], [-113.45276, 53.60864], [-113.45741, 53.6087], [-113.45831, 53.6112], [-113.45972, 53.61099], [-113.46007, 53.61184], [-113.45862, 53.61206], [-113.45868, 53.61366], [-113.45735, 53.61365]]]}}, {"type": "Feature", "properties": {"DAUID": "48110322", "penalty_weekday": 0.6667, "penalty_midday": 0.6857, "penalty_weekend": 0.6615, "penalty_avg": 0.6713}, "geometry": {"type": "Polygon", "coordinates": [[[-113.44955, 53.60824], [-113.45102, 53.60593], [-113.45587, 53.60693], [-113.46027, 53.60698], [-113.4603, 53.60924], [-113.46096, 53.6108], [-113.45831, 53.6112], [-113.4573, 53.60864], [-113.45198, 53.60865], [-113.44955, 53.60824]]]}}, {"type": "Feature", "properties": {"DAUID": "48110323", "penalty_weekday": 0.6765, "penalty_midday": 0.7067, "penalty_weekend": 0.6765, "penalty_avg": 0.6865}, "geometry": {"type": "Polygon", "coordinates": [[[-113.46458, 53.60961], [-113.46198, 53.60961], [-113.46243, 53.61059], [-113.46096, 53.6108], [-113.4603, 53.60924], [-113.46027, 53.60698], [-113.46731, 53.60698], [-113.46729, 53.61052], [-113.46459, 53.61054], [-113.46458, 53.60961]]]}}, {"type": "Feature", "properties": {"DAUID": "48110324", "penalty_weekday": 0.6667, "penalty_midday": 0.6857, "penalty_weekend": 0.6615, "penalty_avg": 0.6713}, "geometry": {"type": "Polygon", "coordinates": [[[-113.46027, 53.61244], [-113.45972, 53.61099], [-113.46243, 53.61059], [-113.46198, 53.60961], [-113.46458, 53.60961], [-113.46459, 53.61054], [-113.46625, 53.61051], [-113.46628, 53.61358], [-113.46028, 53.61367], [-113.46027, 53.61244]]]}}, {"type": "Feature", "properties": {"DAUID": "48110325", "penalty_weekday": 0.6765, "penalty_midday": 0.7067, "penalty_weekend": 0.6765, "penalty_avg": 0.6865}, "geometry": {"type": "Polygon", "coordinates": [[[-113.4642, 53.60381], [-113.46731, 53.60375], [-113.46731, 53.60698], [-113.46479, 53.60697], [-113.46472, 53.60504], [-113.4642, 53.60381]]]}}, {"type": "Feature", "properties": {"DAUID": "48110326", "penalty_weekday": 0.6765, "penalty_midday": 0.6944, "penalty_weekend": 0.6716, "penalty_avg": 0.6809}, "geometry": {"type": "Polygon", "coordinates": [[[-113.45545, 53.60434], [-113.45549, 53.60376], [-113.4627, 53.60375], [-113.463, 53.60474], [-113.46445, 53.60449], [-113.46477, 53.60529], [-113.46479, 53.60697], [-113.45666, 53.60699], [-113.45406, 53.60659], [-113.45545, 53.60434]]]}}, {"type": "Feature", "properties": {"DAUID": "48110327", "penalty_weekday": 0.6944, "penalty_midday": 0.7215, "penalty_weekend": 0.6812, "penalty_avg": 0.699}, "geometry": {"type": "Polygon", "coordinates": [[[-113.463, 53.60474], [-113.4627, 53.60375], [-113.45549, 53.60376], [-113.45544, 53.59977], [-113.46727, 53.59975], [-113.46731, 53.60375], [-113.46428, 53.60373], [-113.46445, 53.60449], [-113.463, 53.60474]]]}}, {"type": "Feature", "properties": {"DAUID": "48110328", "penalty_weekday": 0.6901, "penalty_midday": 0.7067, "penalty_weekend": 0.6857, "penalty_avg": 0.6942}, "geometry": {"type": "Polygon", "coordinates": [[[-113.45544, 53.59977], [-113.45545, 53.59681], [-113.45943, 53.59669], [-113.46245, 53.59566], [-113.4642, 53.59667], [-113.46422, 53.59772], [-113.46093, 53.59773], [-113.46095, 53.59857], [-113.46237, 53.59857], [-113.46237, 53.59975], [-113.45544, 53.59977]]]}}, {"type": "Feature", "properties": {"DAUID": "48110329", "penalty_weekday": 0.6716, "penalty_midday": 0.6901, "penalty_weekend": 0.6857, "penalty_avg": 0.6825}, "geometry": {"type": "Polygon", "coordinates": [[[-113.46095, 53.59857], [-113.46093, 53.59773], [-113.46422, 53.59772], [-113.4642, 53.59667], [-113.46245, 53.59566], [-113.46357, 53.59473], [-113.46378, 53.59385], [-113.46552, 53.59384], [-113.46551, 53.59317], [-113.46716, 53.59317], [-113.46727, 53.59975], [-113.46237, 53.59975], [-113.46237, 53.59857], [-113.46095, 53.59857]]]}}, {"type": "Feature", "properties": {"DAUID": "48110330", "penalty_weekday": 0.6562, "penalty_midday": 0.6765, "penalty_weekend": 0.6716, "penalty_avg": 0.6681}, "geometry": {"type": "Polygon", "coordinates": [[[-113.46088, 53.59479], [-113.45935, 53.59477], [-113.45932, 53.59323], [-113.45784, 53.59323], [-113.45783, 53.59224], [-113.46727, 53.59227], [-113.46716, 53.59317], [-113.46551, 53.59317], [-113.46552, 53.59384], [-113.46378, 53.59385], [-113.46357, 53.59473], [-113.46245, 53.59566], [-113.46088, 53.59479]]]}}, {"type": "Feature", "properties": {"DAUID": "48110331", "penalty_weekday": 0.6508, "penalty_midday": 0.6716, "penalty_weekend": 0.6667, "penalty_avg": 0.663}, "geometry": {"type": "Polygon", "coordinates": [[[-113.46726, 53.59773], [-113.46716, 53.59238], [-113.46991, 53.59225], [-113.46995, 53.59438], [-113.47086, 53.59443], [-113.47088, 53.59527], [-113.46896, 53.59528], [-113.46901, 53.59772], [-113.46726, 53.59773]]]}}, {"type": "Feature", "properties": {"DAUID": "48110332", "penalty_weekday": 0.6, "penalty_midday": 0.6333, "penalty_weekend": 0.6271, "penalty_avg": 0.6202}, "geometry": {"type": "Polygon", "coordinates": [[[-113.46727, 53.59227], [-113.46695, 53.58913], [-113.47084, 53.58912], [-113.47075, 53.59224], [-113.46727, 53.59227]]]}}, {"type": "Feature", "properties": {"DAUID": "48110333", "penalty_weekday": 0.6271, "penalty_midday": 0.6508, "penalty_weekend": 0.6452, "penalty_avg": 0.641}, "geometry": {"type": "Polygon", "coordinates": [[[-113.45761, 53.59224], [-113.45762, 53.59123], [-113.46017, 53.59119], [-113.46017, 53.58914], [-113.46695, 53.58913], [-113.46727, 53.59227], [-113.45761, 53.59224]]]}}, {"type": "Feature", "properties": {"DAUID": "48110334", "penalty_weekday": 0.6271, "penalty_midday": 0.6508, "penalty_weekend": 0.6452, "penalty_avg": 0.641}, "geometry": {"type": "Polygon", "coordinates": [[[-113.46017, 53.58914], [-113.46019, 53.58604], [-113.4655, 53.58603], [-113.46551, 53.58695], [-113.46702, 53.58696], [-113.46695, 53.58913], [-113.46017, 53.58914]]]}}, {"type": "Feature", "properties": {"DAUID": "48110335", "penalty_weekday": 0.6271, "penalty_midday": 0.6508, "penalty_weekend": 0.6452, "penalty_avg": 0.641}, "geometry": {"type": "Polygon", "coordinates": [[[-113.46551, 53.58695], [-113.4655, 53.58603], [-113.46019, 53.58604], [-113.4602, 53.58759], [-113.45869, 53.58761], [-113.45862, 53.58697], [-113.45711, 53.58696], [-113.4571, 53.58604], [-113.45555, 53.58604], [-113.45556, 53.58493], [-113.45209, 53.585], [-113.45189, 53.58352], [-113.46723, 53.58353], [-113.46702, 53.58696], [-113.46551, 53.58695]]]}}, {"type": "Feature", "properties": {"DAUID": "48110336", "penalty_weekday": 0.5926, "penalty_midday": 0.6207, "penalty_weekend": 0.614, "penalty_avg": 0.6091}, "geometry": {"type": "Polygon", "coordinates": [[[-113.467, 53.58609], [-113.47084, 53.58604], [-113.47084, 53.58912], [-113.46695, 53.58913], [-113.467, 53.58609]]]}}, {"type": "Feature", "properties": {"DAUID": "48110337", "penalty_weekday": 0.6071, "penalty_midday": 0.6393, "penalty_weekend": 0.6333, "penalty_avg": 0.6266}, "geometry": {"type": "Polygon", "coordinates": [[[-113.47616, 53.58913], [-113.47084, 53.58912], [-113.47084, 53.58604], [-113.47792, 53.58602], [-113.47793, 53.58823], [-113.47617, 53.58824], [-113.47616, 53.58913]]]}}, {"type": "Feature", "properties": {"DAUID": "48110338", "penalty_weekday": 0.6452, "penalty_midday": 0.6667, "penalty_weekend": 0.6562, "penalty_avg": 0.656}, "geometry": {"type": "Polygon", "coordinates": [[[-113.47792, 53.58602], [-113.46725, 53.58609], [-113.46723, 53.58353], [-113.47877, 53.58347], [-113.48266, 53.58317], [-113.49203, 53.58353], [-113.49207, 53.58477], [-113.4796, 53.58478], [-113.47964, 53.58823], [-113.47793, 53.58823], [-113.47792, 53.58602]]]}}, {"type": "Feature", "properties": {"DAUID": "48110339", "penalty_weekday": 0.6, "penalty_midday": 0.6333, "penalty_weekend": 0.6271, "penalty_avg": 0.6202}, "geometry": {"type": "Polygon", "coordinates": [[[-113.47075, 53.59224], [-113.47084, 53.58912], [-113.47616, 53.58913], [-113.47617, 53.58824], [-113.47964, 53.58823], [-113.47967, 53.59072], [-113.48119, 53.5907], [-113.48121, 53.59212], [-113.47075, 53.59224]]]}}, {"type": "Feature", "properties": {"DAUID": "48110340", "penalty_weekday": 0.6452, "penalty_midday": 0.6667, "penalty_weekend": 0.6615, "penalty_avg": 0.6578}, "geometry": {"type": "Polygon", "coordinates": [[[-113.47507, 53.59668], [-113.47197, 53.5954], [-113.47088, 53.59527], [-113.47086, 53.59443], [-113.46995, 53.59438], [-113.46991, 53.59225], [-113.48191, 53.59212], [-113.48196, 53.59472], [-113.47987, 53.59502], [-113.4804, 53.59574], [-113.47711, 53.59677], [-113.47507, 53.59668]]]}}, {"type": "Feature", "properties": {"DAUID": "48110341", "penalty_weekday": 0.6452, "penalty_midday": 0.6716, "penalty_weekend": 0.6562, "penalty_avg": 0.6577}, "geometry": {"type": "Polygon", "coordinates": [[[-113.48237, 53.59664], [-113.48095, 53.59611], [-113.47987, 53.59502], [-113.48196, 53.59472], [-113.48191, 53.59212], [-113.48779, 53.59209], [-113.48783, 53.59581], [-113.4863, 53.59581], [-113.48631, 53.59677], [-113.48237, 53.59664]]]}}, {"type": "Feature", "properties": {"DAUID": "48110342", "penalty_weekday": 0.6716, "penalty_midday": 0.6901, "penalty_weekend": 0.6765, "penalty_avg": 0.6794}, "geometry": {"type": "Polygon", "coordinates": [[[-113.47467, 53.59966], [-113.47458, 53.59658], [-113.4776, 53.5967], [-113.4804, 53.59574], [-113.48237, 53.59664], [-113.48483, 53.59678], [-113.48484, 53.5976], [-113.48519, 53.5976], [-113.48521, 53.5996], [-113.47467, 53.59966]]]}}, {"type": "Feature", "properties": {"DAUID": "48110343", "penalty_weekday": 0.6333, "penalty_midday": 0.6508, "penalty_weekend": 0.6333, "penalty_avg": 0.6392}, "geometry": {"type": "Polygon", "coordinates": [[[-113.48484, 53.5976], [-113.48483, 53.59678], [-113.48631, 53.59677], [-113.4863, 53.59581], [-113.48783, 53.59581], [-113.48779, 53.59209], [-113.49205, 53.59211], [-113.49186, 53.59961], [-113.48521, 53.5996], [-113.48519, 53.5976], [-113.48484, 53.5976]]]}}, {"type": "Feature", "properties": {"DAUID": "48110344", "penalty_weekday": 0.6207, "penalty_midday": 0.6333, "penalty_weekend": 0.614, "penalty_avg": 0.6227}, "geometry": {"type": "Polygon", "coordinates": [[[-113.485, 53.60636], [-113.48545, 53.60531], [-113.48703, 53.60554], [-113.48738, 53.60469], [-113.48887, 53.60487], [-113.48893, 53.60335], [-113.49043, 53.60333], [-113.49043, 53.60161], [-113.48491, 53.60126], [-113.48415, 53.60308], [-113.48258, 53.60285], [-113.48341, 53.60067], [-113.48094, 53.60062], [-113.4809, 53.5996], [-113.49186, 53.59961], [-113.49171, 53.60689], [-113.48862, 53.60686], [-113.485, 53.60636]]]}}, {"type": "Feature", "properties": {"DAUID": "48110345", "penalty_weekday": 0.6508, "penalty_midday": 0.6615, "penalty_weekend": 0.6452, "penalty_avg": 0.6525}, "geometry": {"type": "Polygon", "coordinates": [[[-113.48545, 53.60531], [-113.48581, 53.60432], [-113.4857, 53.60352], [-113.48415, 53.60308], [-113.48491, 53.60126], [-113.49043, 53.60161], [-113.49043, 53.60333], [-113.48893, 53.60335], [-113.48887, 53.60487], [-113.48738, 53.60469], [-113.48703, 53.60554], [-113.48545, 53.60531]]]}}, {"type": "Feature", "properties": {"DAUID": "48110346", "penalty_weekday": 0.6667, "penalty_midday": 0.6812, "penalty_weekend": 0.6667, "penalty_avg": 0.6715}, "geometry": {"type": "Polygon", "coordinates": [[[-113.47602, 53.60362], [-113.47612, 53.60298], [-113.47959, 53.60287], [-113.47945, 53.60065], [-113.48327, 53.60061], [-113.48258, 53.60285], [-113.48539, 53.60331], [-113.48582, 53.60372], [-113.48581, 53.60432], [-113.485, 53.60636], [-113.48094, 53.60582], [-113.47676, 53.60593], [-113.47602, 53.60362]]]}}, {"type": "Feature", "properties": {"DAUID": "48110347", "penalty_weekday": 0.6508, "penalty_midday": 0.6667, "penalty_weekend": 0.6508, "penalty_avg": 0.6561}, "geometry": {"type": "Polygon", "coordinates": [[[-113.48171, 53.60735], [-113.48237, 53.60598], [-113.485, 53.60636], [-113.48478, 53.60839], [-113.48247, 53.60837], [-113.48243, 53.60754], [-113.48171, 53.60735]]]}}, {"type": "Feature", "properties": {"DAUID": "48110348", "penalty_weekday": 0.6857, "penalty_midday": 0.7105, "penalty_weekend": 0.6857, "penalty_avg": 0.694}, "geometry": {"type": "Polygon", "coordinates": [[[-113.47718, 53.60756], [-113.47676, 53.60593], [-113.48237, 53.60598], [-113.48075, 53.60858], [-113.47697, 53.60814], [-113.47718, 53.60756]]]}}, {"type": "Feature", "properties": {"DAUID": "48110349", "penalty_weekday": 0.6812, "penalty_midday": 0.7067, "penalty_weekend": 0.6857, "penalty_avg": 0.6912}, "geometry": {"type": "Polygon", "coordinates": [[[-113.47313, 53.60484], [-113.47379, 53.60261], [-113.47612, 53.60298], [-113.47612, 53.60419], [-113.47676, 53.60593], [-113.47378, 53.60644], [-113.47313, 53.60484]]]}}, {"type": "Feature", "properties": {"DAUID": "48110350", "penalty_weekday": 0.6765, "penalty_midday": 0.7067, "penalty_weekend": 0.6765, "penalty_avg": 0.6865}, "geometry": {"type": "Polygon", "coordinates": [[[-113.46731, 53.60698], [-113.46727, 53.59975], [-113.47131, 53.5997], [-113.46796, 53.60017], [-113.4679, 53.60094], [-113.46858, 53.60095], [-113.46857, 53.60316], [-113.47339, 53.60338], [-113.47313, 53.60484], [-113.47378, 53.60644], [-113.47087, 53.60692], [-113.46731, 53.60698]]]}}, {"type": "Feature", "properties": {"DAUID": "48110351", "penalty_weekday": 0.6944, "penalty_midday": 0.7105, "penalty_weekend": 0.6857, "penalty_avg": 0.6969}, "geometry": {"type": "Polygon", "coordinates": [[[-113.4679, 53.60094], [-113.46808, 53.60011], [-113.47467, 53.59966], [-113.4746, 53.60077], [-113.47339, 53.60338], [-113.46868, 53.60321], [-113.46858, 53.60095], [-113.4679, 53.60094]]]}}, {"type": "Feature", "properties": {"DAUID": "48110352", "penalty_weekday": 0.6812, "penalty_midday": 0.7027, "penalty_weekend": 0.6765, "penalty_avg": 0.6868}, "geometry": {"type": "Polygon", "coordinates": [[[-113.47379, 53.60261], [-113.4746, 53.60077], [-113.47467, 53.59966], [-113.4809, 53.5996], [-113.48094, 53.60062], [-113.47945, 53.60065], [-113.47959, 53.60287], [-113.47612, 53.60298], [-113.47379, 53.60261]]]}}, {"type": "Feature", "properties": {"DAUID": "48110353", "penalty_weekday": 0.6857, "penalty_midday": 0.7067, "penalty_weekend": 0.6986, "penalty_avg": 0.697}, "geometry": {"type": "Polygon", "coordinates": [[[-113.46727, 53.59975], [-113.46726, 53.59773], [-113.46901, 53.59772], [-113.46896, 53.59528], [-113.47161, 53.59531], [-113.47458, 53.59658], [-113.47467, 53.59966], [-113.46727, 53.59975]]]}}, {"type": "Feature", "properties": {"DAUID": "48110354", "penalty_weekday": 0.6393, "penalty_midday": 0.6615, "penalty_weekend": 0.6333, "penalty_avg": 0.6447}, "geometry": {"type": "Polygon", "coordinates": [[[-113.47967, 53.59072], [-113.47964, 53.58823], [-113.48226, 53.58829], [-113.48471, 53.58907], [-113.4921, 53.58906], [-113.49205, 53.59211], [-113.48121, 53.59212], [-113.48119, 53.5907], [-113.47967, 53.59072]]]}}, {"type": "Feature", "properties": {"DAUID": "48110355", "penalty_weekday": 0.6393, "penalty_midday": 0.6615, "penalty_weekend": 0.6393, "penalty_avg": 0.6467}, "geometry": {"type": "Polygon", "coordinates": [[[-113.48416, 53.58896], [-113.48226, 53.58829], [-113.47964, 53.58823], [-113.4796, 53.58478], [-113.48601, 53.58479], [-113.48602, 53.58599], [-113.48682, 53.58598], [-113.48683, 53.5869], [-113.48732, 53.58698], [-113.4873, 53.58818], [-113.48676, 53.58819], [-113.48676, 53.5891], [-113.48416, 53.58896]]]}}, {"type": "Feature", "properties": {"DAUID": "48110356", "penalty_weekday": 0.6071, "penalty_midday": 0.6271, "penalty_weekend": 0.6207, "penalty_avg": 0.6183}, "geometry": {"type": "Polygon", "coordinates": [[[-113.48676, 53.5891], [-113.48676, 53.58819], [-113.4873, 53.58818], [-113.48732, 53.58698], [-113.48683, 53.5869], [-113.48682, 53.58598], [-113.48602, 53.58599], [-113.48601, 53.58479], [-113.49207, 53.58477], [-113.4921, 53.58906], [-113.48676, 53.5891]]]}}, {"type": "Feature", "properties": {"DAUID": "48110357", "penalty_weekday": 0.6207, "penalty_midday": 0.6333, "penalty_weekend": 0.6393, "penalty_avg": 0.6311}, "geometry": {"type": "Polygon", "coordinates": [[[-113.49208, 53.58959], [-113.49207, 53.58477], [-113.49898, 53.58483], [-113.49898, 53.58737], [-113.49369, 53.58735], [-113.49368, 53.5896], [-113.49208, 53.58959]]]}}, {"type": "Feature", "properties": {"DAUID": "48110358", "penalty_weekday": 0.6271, "penalty_midday": 0.6333, "penalty_weekend": 0.6271, "penalty_avg": 0.6292}, "geometry": {"type": "Polygon", "coordinates": [[[-113.47926, 53.58344], [-113.47962, 53.57828], [-113.48577, 53.57829], [-113.48577, 53.57985], [-113.49224, 53.57942], [-113.49203, 53.58353], [-113.48791, 53.58349], [-113.48781, 53.58317], [-113.47926, 53.58344]]]}}, {"type": "Feature", "properties": {"DAUID": "48110359", "penalty_weekday": 0.5769, "penalty_midday": 0.5926, "penalty_weekend": 0.5849, "penalty_avg": 0.5848}, "geometry": {"type": "Polygon", "coordinates": [[[-113.49224, 53.57942], [-113.48577, 53.57985], [-113.48576, 53.57664], [-113.48884, 53.57663], [-113.48884, 53.57531], [-113.49223, 53.5753], [-113.49224, 53.57942]]]}}, {"type": "Feature", "properties": {"DAUID": "48110360", "penalty_weekday": 0.56, "penalty_midday": 0.5686, "penalty_weekend": 0.551, "penalty_avg": 0.5599}, "geometry": {"type": "Polygon", "coordinates": [[[-113.48422, 53.57663], [-113.48423, 53.57314], [-113.48883, 53.57315], [-113.48884, 53.57663], [-113.48422, 53.57663]]]}}, {"type": "Feature", "properties": {"DAUID": "48110361", "penalty_weekday": 0.56, "penalty_midday": 0.5686, "penalty_weekend": 0.56, "penalty_avg": 0.5629}, "geometry": {"type": "Polygon", "coordinates": [[[-113.47962, 53.57828], [-113.47961, 53.5748], [-113.48422, 53.57473], [-113.48422, 53.57663], [-113.48576, 53.57664], [-113.48577, 53.57829], [-113.47962, 53.57828]]]}}, {"type": "Feature", "properties": {"DAUID": "48110362", "penalty_weekday": 0.551, "penalty_midday": 0.56, "penalty_weekend": 0.56, "penalty_avg": 0.557}, "geometry": {"type": "Polygon", "coordinates": [[[-113.47262, 53.57983], [-113.47261, 53.57672], [-113.47439, 53.57672], [-113.4744, 53.57512], [-113.4796, 53.57512], [-113.47962, 53.57828], [-113.47617, 53.57827], [-113.47617, 53.57983], [-113.47262, 53.57983]]]}}, {"type": "Feature", "properties": {"DAUID": "48110363", "penalty_weekday": 0.6207, "penalty_midday": 0.6452, "penalty_weekend": 0.6393, "penalty_avg": 0.6351}, "geometry": {"type": "Polygon", "coordinates": [[[-113.46723, 53.58353], [-113.46732, 53.57982], [-113.47617, 53.57983], [-113.47617, 53.57827], [-113.47962, 53.57828], [-113.47926, 53.58344], [-113.46723, 53.58353]]]}}, {"type": "Feature", "properties": {"DAUID": "48110364", "penalty_weekday": 0.5417, "penalty_midday": 0.56, "penalty_weekend": 0.5319, "penalty_avg": 0.5445}, "geometry": {"type": "Polygon", "coordinates": [[[-113.46732, 53.57982], [-113.46732, 53.57672], [-113.47261, 53.57672], [-113.47262, 53.57983], [-113.46732, 53.57982]]]}}, {"type": "Feature", "properties": {"DAUID": "48110365", "penalty_weekday": 0.5417, "penalty_midday": 0.551, "penalty_weekend": 0.551, "penalty_avg": 0.5479}, "geometry": {"type": "Polygon", "coordinates": [[[-113.48577, 53.57315], [-113.48579, 53.5704], [-113.49198, 53.57035], [-113.49223, 53.5753], [-113.48884, 53.57531], [-113.48883, 53.57315], [-113.48577, 53.57315]]]}}, {"type": "Feature", "properties": {"DAUID": "48110366", "penalty_weekday": 0.5319, "penalty_midday": 0.5319, "penalty_weekend": 0.5319, "penalty_avg": 0.5319}, "geometry": {"type": "Polygon", "coordinates": [[[-113.48579, 53.5704], [-113.48573, 53.56732], [-113.49172, 53.5673], [-113.49198, 53.57035], [-113.48579, 53.5704]]]}}, {"type": "Feature", "properties": {"DAUID": "48110367", "penalty_weekday": 0.56, "penalty_midday": 0.5686, "penalty_weekend": 0.56, "penalty_avg": 0.5629}, "geometry": {"type": "Polygon", "coordinates": [[[-113.49223, 53.57513], [-113.49198, 53.57035], [-113.49559, 53.57037], [-113.49552, 53.57513], [-113.49223, 53.57513]]]}}, {"type": "Feature", "properties": {"DAUID": "48110368", "penalty_weekday": 0.56, "penalty_midday": 0.56, "penalty_weekend": 0.56, "penalty_avg": 0.56}, "geometry": {"type": "Polygon", "coordinates": [[[-113.49552, 53.57513], [-113.49559, 53.57037], [-113.4992, 53.57034], [-113.49921, 53.57512], [-113.49552, 53.57513]]]}}, {"type": "Feature", "properties": {"DAUID": "48110369", "penalty_weekday": 0.5849, "penalty_midday": 0.5926, "penalty_weekend": 0.5849, "penalty_avg": 0.5875}, "geometry": {"type": "Polygon", "coordinates": [[[-113.4992, 53.5783], [-113.4992, 53.57196], [-113.50289, 53.57195], [-113.50288, 53.5783], [-113.4992, 53.5783]]]}}, {"type": "Feature", "properties": {"DAUID": "48110370", "penalty_weekday": 0.5686, "penalty_midday": 0.5926, "penalty_weekend": 0.5849, "penalty_avg": 0.582}, "geometry": {"type": "Polygon", "coordinates": [[[-113.49224, 53.57942], [-113.49223, 53.57513], [-113.49921, 53.57512], [-113.4992, 53.57944], [-113.49224, 53.57942]]]}}, {"type": "Feature", "properties": {"DAUID": "48110372", "penalty_weekday": 0.6562, "penalty_midday": 0.6716, "penalty_weekend": 0.6716, "penalty_avg": 0.6665}, "geometry": {"type": "Polygon", "coordinates": [[[-113.45639, 53.58914], [-113.45076, 53.58915], [-113.45076, 53.58761], [-113.45236, 53.5876], [-113.45236, 53.58499], [-113.45556, 53.58493], [-113.45555, 53.58604], [-113.4571, 53.58604], [-113.45711, 53.58696], [-113.45862, 53.58697], [-113.45868, 53.58818], [-113.45639, 53.58824], [-113.45639, 53.58914]]]}}, {"type": "Feature", "properties": {"DAUID": "48110373", "penalty_weekday": 0.6716, "penalty_midday": 0.6812, "penalty_weekend": 0.6765, "penalty_avg": 0.6764}, "geometry": {"type": "Polygon", "coordinates": [[[-113.45761, 53.59224], [-113.44755, 53.59228], [-113.44757, 53.58917], [-113.45639, 53.58914], [-113.45639, 53.58824], [-113.45859, 53.58823], [-113.45869, 53.58761], [-113.4602, 53.58759], [-113.46017, 53.59119], [-113.45762, 53.59123], [-113.45761, 53.59224]]]}}, {"type": "Feature", "properties": {"DAUID": "48110374", "penalty_weekday": 0.614, "penalty_midday": 0.6333, "penalty_weekend": 0.6508, "penalty_avg": 0.6327}, "geometry": {"type": "Polygon", "coordinates": [[[-113.44917, 53.58917], [-113.44917, 53.58761], [-113.44296, 53.58762], [-113.44296, 53.58607], [-113.45234, 53.58605], [-113.45236, 53.5876], [-113.45076, 53.58761], [-113.45076, 53.58915], [-113.44917, 53.58917]]]}}, {"type": "Feature", "properties": {"DAUID": "48110375", "penalty_weekday": 0.6071, "penalty_midday": 0.6452, "penalty_weekend": 0.6667, "penalty_avg": 0.6397}, "geometry": {"type": "Polygon", "coordinates": [[[-113.4429, 53.59225], [-113.44296, 53.58762], [-113.44917, 53.58761], [-113.44917, 53.58917], [-113.44757, 53.58917], [-113.44755, 53.59228], [-113.4429, 53.59225]]]}}, {"type": "Feature", "properties": {"DAUID": "48110376", "penalty_weekday": 0.5686, "penalty_midday": 0.6, "penalty_weekend": 0.6271, "penalty_avg": 0.5986}, "geometry": {"type": "Polygon", "coordinates": [[[-113.43968, 53.59053], [-113.43968, 53.58762], [-113.44296, 53.58762], [-113.44295, 53.59054], [-113.43968, 53.59053]]]}}, {"type": "Feature", "properties": {"DAUID": "48110377", "penalty_weekday": 0.5769, "penalty_midday": 0.5926, "penalty_weekend": 0.6207, "penalty_avg": 0.5967}, "geometry": {"type": "Polygon", "coordinates": [[[-113.43368, 53.59223], [-113.43381, 53.59148], [-113.43517, 53.59137], [-113.43518, 53.59053], [-113.43669, 53.59053], [-113.43669, 53.58916], [-113.43968, 53.58917], [-113.43968, 53.59053], [-113.44295, 53.59054], [-113.4429, 53.59225], [-113.43368, 53.59223]]]}}, {"type": "Feature", "properties": {"DAUID": "48110378", "penalty_weekday": 0.5417, "penalty_midday": 0.5686, "penalty_weekend": 0.6071, "penalty_avg": 0.5725}, "geometry": {"type": "Polygon", "coordinates": [[[-113.43669, 53.58916], [-113.43669, 53.58761], [-113.43442, 53.58758], [-113.44083, 53.58354], [-113.443, 53.58353], [-113.44296, 53.58762], [-113.43968, 53.58762], [-113.43968, 53.58917], [-113.43669, 53.58916]]]}}, {"type": "Feature", "properties": {"DAUID": "48110379", "penalty_weekday": 0.5926, "penalty_midday": 0.6207, "penalty_weekend": 0.6393, "penalty_avg": 0.6175}, "geometry": {"type": "Polygon", "coordinates": [[[-113.44296, 53.58607], [-113.443, 53.58353], [-113.45189, 53.58352], [-113.45209, 53.585], [-113.45236, 53.58499], [-113.45234, 53.58605], [-113.44296, 53.58607]]]}}, {"type": "Feature", "properties": {"DAUID": "48110380", "penalty_weekday": 0.5111, "penalty_midday": 0.5217, "penalty_weekend": 0.5319, "penalty_avg": 0.5216}, "geometry": {"type": "Polygon", "coordinates": [[[-113.41819, 53.58881], [-113.4182, 53.58357], [-113.44083, 53.58354], [-113.41787, 53.5979], [-113.4133, 53.59715], [-113.41419, 53.59452], [-113.41736, 53.59072], [-113.41819, 53.58881]]]}}, {"type": "Feature", "properties": {"DAUID": "48110381", "penalty_weekday": 0.6071, "penalty_midday": 0.614, "penalty_weekend": 0.6207, "penalty_avg": 0.614}, "geometry": {"type": "Polygon", "coordinates": [[[-113.44083, 53.58354], [-113.4182, 53.58357], [-113.41819, 53.58249], [-113.42296, 53.58236], [-113.42739, 53.58181], [-113.42759, 53.58047], [-113.42909, 53.58001], [-113.4291, 53.57804], [-113.43064, 53.57779], [-113.43065, 53.57564], [-113.43208, 53.57553], [-113.4322, 53.57671], [-113.44301, 53.57673], [-113.44301, 53.58222], [-113.44083, 53.58354]]]}}, {"type": "Feature", "properties": {"DAUID": "48110382", "penalty_weekday": 0.4359, "penalty_midday": 0.4634, "penalty_weekend": 0.4634, "penalty_avg": 0.4542}, "geometry": {"type": "Polygon", "coordinates": [[[-113.41819, 53.58249], [-113.41834, 53.57834], [-113.41995, 53.57834], [-113.41994, 53.57924], [-113.42453, 53.57924], [-113.42454, 53.57996], [-113.42608, 53.57996], [-113.42606, 53.57835], [-113.42757, 53.57831], [-113.42739, 53.58181], [-113.42296, 53.58236], [-113.41819, 53.58249]]]}}, {"type": "Feature", "properties": {"DAUID": "48110383", "penalty_weekday": 0.3714, "penalty_midday": 0.4054, "penalty_weekend": 0.4054, "penalty_avg": 0.3941}, "geometry": {"type": "Polygon", "coordinates": [[[-113.42757, 53.57831], [-113.42606, 53.57835], [-113.42608, 53.57996], [-113.42454, 53.57996], [-113.42453, 53.57924], [-113.41994, 53.57924], [-113.41995, 53.57834], [-113.423, 53.57835], [-113.42301, 53.5767], [-113.42913, 53.57671], [-113.42902, 53.58009], [-113.42759, 53.58047], [-113.42757, 53.57831]]]}}, {"type": "Feature", "properties": {"DAUID": "48110384", "penalty_weekday": 0.3333, "penalty_midday": 0.3714, "penalty_weekend": 0.3333, "penalty_avg": 0.346}, "geometry": {"type": "Polygon", "coordinates": [[[-113.42913, 53.57671], [-113.42454, 53.57671], [-113.42455, 53.57509], [-113.42607, 53.57507], [-113.42608, 53.57353], [-113.4276, 53.57353], [-113.4276, 53.57191], [-113.43067, 53.57191], [-113.43066, 53.57236], [-113.43225, 53.57239], [-113.43223, 53.57451], [-113.43249, 53.57502], [-113.43208, 53.57553], [-113.43065, 53.57564], [-113.43064, 53.57779], [-113.42917, 53.57802], [-113.42913, 53.57671]]]}}, {"type": "Feature", "properties": {"DAUID": "48110385", "penalty_weekday": 0.3889, "penalty_midday": 0.4054, "penalty_weekend": 0.4054, "penalty_avg": 0.3999}, "geometry": {"type": "Polygon", "coordinates": [[[-113.43223, 53.57451], [-113.43225, 53.57232], [-113.43261, 53.57205], [-113.4352, 53.57171], [-113.43833, 53.57193], [-113.4383, 53.57354], [-113.43679, 53.57355], [-113.43679, 53.57672], [-113.4322, 53.57671], [-113.43208, 53.57553], [-113.43249, 53.57502], [-113.43223, 53.57451]]]}}, {"type": "Feature", "properties": {"DAUID": "48110386", "penalty_weekday": 0.4054, "penalty_midday": 0.4211, "penalty_weekend": 0.4054, "penalty_avg": 0.4106}, "geometry": {"type": "Polygon", "coordinates": [[[-113.43679, 53.57672], [-113.43679, 53.57355], [-113.44301, 53.57355], [-113.44301, 53.57673], [-113.43679, 53.57672]]]}}, {"type": "Feature", "properties": {"DAUID": "48110388", "penalty_weekday": 0.56, "penalty_midday": 0.5769, "penalty_weekend": 0.5849, "penalty_avg": 0.5739}, "geometry": {"type": "Polygon", "coordinates": [[[-113.40905, 53.58472], [-113.40793, 53.58491], [-113.40611, 53.58582], [-113.40502, 53.58521], [-113.40327, 53.58631], [-113.39902, 53.58599], [-113.39994, 53.58381], [-113.39369, 53.58281], [-113.39365, 53.57863], [-113.41258, 53.5832], [-113.4182, 53.58357], [-113.41823, 53.58553], [-113.41578, 53.58552], [-113.40905, 53.58472]]]}}, {"type": "Feature", "properties": {"DAUID": "48110389", "penalty_weekday": 0.5111, "penalty_midday": 0.5417, "penalty_weekend": 0.551, "penalty_avg": 0.5346}, "geometry": {"type": "Polygon", "coordinates": [[[-113.40875, 53.59029], [-113.40539, 53.59037], [-113.40444, 53.58975], [-113.40519, 53.58903], [-113.40609, 53.5895], [-113.40732, 53.5891], [-113.40584, 53.58803], [-113.4043, 53.58887], [-113.4028, 53.59067], [-113.40136, 53.59034], [-113.40088, 53.58897], [-113.39823, 53.58806], [-113.39778, 53.5884], [-113.39483, 53.58846], [-113.39675, 53.58733], [-113.3985, 53.58725], [-113.39855, 53.58651], [-113.39902, 53.58599], [-113.40327, 53.58631], [-113.40502, 53.58521], [-113.40644, 53.58601], [-113.40906, 53.58831], [-113.41057, 53.58904], [-113.40875, 53.59029]]]}}, {"type": "Feature", "properties": {"DAUID": "48110390", "penalty_weekday": 0.4762, "penalty_midday": 0.5, "penalty_weekend": 0.5111, "penalty_avg": 0.4958}, "geometry": {"type": "Polygon", "coordinates": [[[-113.3964, 53.58358], [-113.39662, 53.5831], [-113.39994, 53.58381], [-113.39927, 53.58573], [-113.39855, 53.58651], [-113.3985, 53.58725], [-113.39675, 53.58733], [-113.39557, 53.58624], [-113.39456, 53.5846], [-113.3964, 53.58358]]]}}, {"type": "Feature", "properties": {"DAUID": "48110391", "penalty_weekday": 0.4634, "penalty_midday": 0.4634, "penalty_weekend": 0.4634, "penalty_avg": 0.4634}, "geometry": {"type": "Polygon", "coordinates": [[[-113.39441, 53.58761], [-113.38778, 53.58794], [-113.38448, 53.58616], [-113.38359, 53.58388], [-113.38708, 53.58415], [-113.38694, 53.58505], [-113.38817, 53.58632], [-113.39077, 53.58665], [-113.39217, 53.58603], [-113.39154, 53.58541], [-113.39147, 53.58451], [-113.39456, 53.5846], [-113.39557, 53.58624], [-113.39675, 53.58733], [-113.39483, 53.58846], [-113.39441, 53.58761]]]}}, {"type": "Feature", "properties": {"DAUID": "48110392", "penalty_weekday": 0.4359, "penalty_midday": 0.45, "penalty_weekend": 0.45, "penalty_avg": 0.4453}, "geometry": {"type": "Polygon", "coordinates": [[[-113.38694, 53.58505], [-113.38708, 53.58415], [-113.39147, 53.58451], [-113.39154, 53.58541], [-113.39217, 53.58603], [-113.39077, 53.58665], [-113.38847, 53.58646], [-113.38694, 53.58505]]]}}, {"type": "Feature", "properties": {"DAUID": "48110393", "penalty_weekday": 0.3529, "penalty_midday": 0.3529, "penalty_weekend": 0.3529, "penalty_avg": 0.3529}, "geometry": {"type": "Polygon", "coordinates": [[[-113.38359, 53.58388], [-113.3823, 53.5795], [-113.38666, 53.57966], [-113.38859, 53.58033], [-113.39043, 53.58171], [-113.392, 53.58241], [-113.39662, 53.5831], [-113.39559, 53.58423], [-113.39372, 53.58468], [-113.38359, 53.58388]]]}}, {"type": "Feature", "properties": {"DAUID": "48110394", "penalty_weekday": 0.3125, "penalty_midday": 0.3125, "penalty_weekend": 0.3125, "penalty_avg": 0.3125}, "geometry": {"type": "Polygon", "coordinates": [[[-113.38293, 53.57599], [-113.39365, 53.57863], [-113.39374, 53.58274], [-113.39118, 53.58209], [-113.38859, 53.58033], [-113.38705, 53.57975], [-113.3823, 53.5795], [-113.38293, 53.57599]]]}}, {"type": "Feature", "properties": {"DAUID": "48110395", "penalty_weekday": 0.2667, "penalty_midday": 0.3529, "penalty_weekend": 0.3714, "penalty_avg": 0.3303}, "geometry": {"type": "Polygon", "coordinates": [[[-113.38001, 53.5852], [-113.37761, 53.58553], [-113.37609, 53.58632], [-113.3746, 53.58608], [-113.36833, 53.58639], [-113.36655, 53.58347], [-113.36646, 53.58034], [-113.3672, 53.57844], [-113.36905, 53.57528], [-113.37089, 53.57296], [-113.38295, 53.57595], [-113.38245, 53.57754], [-113.38234, 53.57986], [-113.38448, 53.58616], [-113.38218, 53.5859], [-113.38001, 53.5852]], [[-113.37758, 53.57664], [-113.37571, 53.57725], [-113.37541, 53.5781], [-113.37696, 53.57885], [-113.37764, 53.57966], [-113.37935, 53.57939], [-113.38019, 53.57731], [-113.37758, 53.57664]]]}}, {"type": "Feature", "properties": {"DAUID": "48110396", "penalty_weekday": 0.1852, "penalty_midday": 0.2143, "penalty_weekend": 0.2143, "penalty_avg": 0.2046}, "geometry": {"type": "Polygon", "coordinates": [[[-113.37935, 53.57939], [-113.37764, 53.57966], [-113.37696, 53.57885], [-113.37569, 53.57841], [-113.3754, 53.57756], [-113.37758, 53.57664], [-113.37998, 53.57712], [-113.38022, 53.5776], [-113.37952, 53.57858], [-113.37935, 53.57939]]]}}, {"type": "Feature", "properties": {"DAUID": "48110397", "penalty_weekday": 0.3889, "penalty_midday": 0.4211, "penalty_weekend": 0.4634, "penalty_avg": 0.4245}, "geometry": {"type": "Polygon", "coordinates": [[[-113.37073, 53.59198], [-113.36833, 53.58639], [-113.3746, 53.58608], [-113.37609, 53.58632], [-113.37761, 53.58553], [-113.38001, 53.5852], [-113.38218, 53.5859], [-113.38448, 53.58616], [-113.38561, 53.58933], [-113.3846, 53.58942], [-113.38398, 53.5878], [-113.38263, 53.58799], [-113.38228, 53.58709], [-113.38154, 53.58662], [-113.38007, 53.58677], [-113.37832, 53.58772], [-113.3783, 53.58813], [-113.3796, 53.58807], [-113.37989, 53.58981], [-113.38213, 53.5895], [-113.38423, 53.59022], [-113.38355, 53.59141], [-113.38409, 53.59184], [-113.3844, 53.59331], [-113.38023, 53.59297], [-113.3775, 53.59239], [-113.37073, 53.59198]]]}}, {"type": "Feature", "properties": {"DAUID": "48110398", "penalty_weekday": 0.2903, "penalty_midday": 0.3714, "penalty_weekend": 0.4211, "penalty_avg": 0.3609}, "geometry": {"type": "Polygon", "coordinates": [[[-113.38007, 53.58677], [-113.3819, 53.58675], [-113.38263, 53.58799], [-113.38398, 53.5878], [-113.3846, 53.58942], [-113.38561, 53.58933], [-113.38607, 53.59329], [-113.3844, 53.59331], [-113.38409, 53.59184], [-113.38355, 53.59141], [-113.38423, 53.59022], [-113.38213, 53.5895], [-113.37989, 53.58981], [-113.3796, 53.58807], [-113.3783, 53.58813], [-113.3785, 53.58745], [-113.38007, 53.58677]]]}}, {"type": "Feature", "properties": {"DAUID": "48110399", "penalty_weekday": 0.3889, "penalty_midday": 0.4359, "penalty_weekend": 0.4762, "penalty_avg": 0.4337}, "geometry": {"type": "Polygon", "coordinates": [[[-113.38607, 53.59329], [-113.38561, 53.58933], [-113.38811, 53.58917], [-113.3883, 53.58983], [-113.38878, 53.59015], [-113.3937, 53.59041], [-113.39369, 53.59274], [-113.39055, 53.5933], [-113.38607, 53.59329]]]}}, {"type": "Feature", "properties": {"DAUID": "48110400", "penalty_weekday": 0.4762, "penalty_midday": 0.5, "penalty_weekend": 0.5319, "penalty_avg": 0.5027}, "geometry": {"type": "Polygon", "coordinates": [[[-113.40268, 53.59256], [-113.39369, 53.59274], [-113.3937, 53.59041], [-113.38878, 53.59015], [-113.3883, 53.58983], [-113.38811, 53.58917], [-113.38561, 53.58933], [-113.38448, 53.58616], [-113.38802, 53.58799], [-113.39441, 53.58761], [-113.39509, 53.58858], [-113.39709, 53.58823], [-113.39778, 53.5884], [-113.39823, 53.58806], [-113.40088, 53.58897], [-113.40136, 53.59034], [-113.40301, 53.59063], [-113.40268, 53.59256]]]}}, {"type": "Feature", "properties": {"DAUID": "48110401", "penalty_weekday": 0.5, "penalty_midday": 0.5217, "penalty_weekend": 0.5417, "penalty_avg": 0.5211}, "geometry": {"type": "Polygon", "coordinates": [[[-113.38603, 53.59973], [-113.38607, 53.59329], [-113.39055, 53.5933], [-113.39369, 53.59274], [-113.39752, 53.59271], [-113.39795, 53.59441], [-113.39372, 53.59635], [-113.3937, 53.59956], [-113.38603, 53.59973]]]}}, {"type": "Feature", "properties": {"DAUID": "48110402", "penalty_weekday": 0.4762, "penalty_midday": 0.5, "penalty_weekend": 0.5217, "penalty_avg": 0.4993}, "geometry": {"type": "Polygon", "coordinates": [[[-113.39752, 53.59271], [-113.40268, 53.59256], [-113.40248, 53.59477], [-113.39805, 53.59521], [-113.39752, 53.59271]]]}}, {"type": "Feature", "properties": {"DAUID": "48110403", "penalty_weekday": 0.4634, "penalty_midday": 0.4884, "penalty_weekend": 0.4884, "penalty_avg": 0.4801}, "geometry": {"type": "Polygon", "coordinates": [[[-113.39372, 53.59635], [-113.39795, 53.59441], [-113.39805, 53.59521], [-113.40248, 53.59477], [-113.40235, 53.59659], [-113.40293, 53.59823], [-113.40025, 53.59867], [-113.39963, 53.59742], [-113.39762, 53.59608], [-113.39372, 53.59635]]]}}, {"type": "Feature", "properties": {"DAUID": "48110404", "penalty_weekday": 0.4762, "penalty_midday": 0.5, "penalty_weekend": 0.5, "penalty_avg": 0.4921}, "geometry": {"type": "Polygon", "coordinates": [[[-113.40244, 53.5971], [-113.40268, 53.59256], [-113.40361, 53.5926], [-113.40388, 53.59178], [-113.40654, 53.59216], [-113.40652, 53.59325], [-113.4051, 53.59327], [-113.40535, 53.59452], [-113.40791, 53.59476], [-113.40791, 53.59608], [-113.40334, 53.59667], [-113.40359, 53.59732], [-113.40606, 53.59693], [-113.40635, 53.59769], [-113.40293, 53.59823], [-113.40244, 53.5971]]]}}, {"type": "Feature", "properties": {"DAUID": "48110405", "penalty_weekday": 0.4762, "penalty_midday": 0.5111, "penalty_weekend": 0.4762, "penalty_avg": 0.4878}, "geometry": {"type": "Polygon", "coordinates": [[[-113.40346, 53.59726], [-113.4034, 53.59659], [-113.40785, 53.59612], [-113.40791, 53.59476], [-113.40995, 53.5952], [-113.4133, 53.59715], [-113.40635, 53.59769], [-113.40606, 53.59693], [-113.40346, 53.59726]]]}}, {"type": "Feature", "properties": {"DAUID": "48110406", "penalty_weekday": 0.5, "penalty_midday": 0.5319, "penalty_weekend": 0.5, "penalty_avg": 0.5106}, "geometry": {"type": "Polygon", "coordinates": [[[-113.40535, 53.59452], [-113.4051, 53.59327], [-113.40652, 53.59325], [-113.40654, 53.59216], [-113.40388, 53.59178], [-113.40361, 53.5926], [-113.40268, 53.59256], [-113.40301, 53.59063], [-113.40579, 53.59127], [-113.40846, 53.59126], [-113.4112, 53.59309], [-113.41491, 53.59355], [-113.41372, 53.59539], [-113.4133, 53.59715], [-113.40995, 53.5952], [-113.40535, 53.59452]]]}}, {"type": "Feature", "properties": {"DAUID": "48110408", "penalty_weekday": 0.5111, "penalty_midday": 0.5217, "penalty_weekend": 0.5319, "penalty_avg": 0.5216}, "geometry": {"type": "Polygon", "coordinates": [[[-113.41295, 53.58945], [-113.41057, 53.58904], [-113.40939, 53.58853], [-113.41128, 53.58777], [-113.41572, 53.58796], [-113.41569, 53.58879], [-113.41434, 53.58881], [-113.41432, 53.58945], [-113.41538, 53.58945], [-113.41515, 53.59063], [-113.41328, 53.59067], [-113.41298, 53.59041], [-113.41295, 53.58945]]]}}, {"type": "Feature", "properties": {"DAUID": "48110410", "penalty_weekday": 0.5111, "penalty_midday": 0.5217, "penalty_weekend": 0.5217, "penalty_avg": 0.5182}, "geometry": {"type": "Polygon", "coordinates": [[[-113.41432, 53.58945], [-113.41434, 53.58881], [-113.41569, 53.58879], [-113.41572, 53.58796], [-113.41128, 53.58777], [-113.40939, 53.58853], [-113.40611, 53.58582], [-113.40793, 53.58491], [-113.40905, 53.58472], [-113.41578, 53.58552], [-113.41823, 53.58553], [-113.41796, 53.58958], [-113.41432, 53.58945]]]}}, {"type": "Feature", "properties": {"DAUID": "48110412", "penalty_weekday": 0.5, "penalty_midday": 0.5217, "penalty_weekend": 0.5217, "penalty_avg": 0.5145}, "geometry": {"type": "Polygon", "coordinates": [[[-113.3937, 53.59956], [-113.39372, 53.59635], [-113.398, 53.59621], [-113.39963, 53.59742], [-113.40025, 53.59867], [-113.3937, 53.59956]]]}}, {"type": "Feature", "properties": {"DAUID": "48110415", "penalty_weekday": 0.5, "penalty_midday": 0.5417, "penalty_weekend": 0.5686, "penalty_avg": 0.5368}, "geometry": {"type": "Polygon", "coordinates": [[[-113.37955, 53.60225], [-113.37931, 53.5997], [-113.38603, 53.59973], [-113.38588, 53.60271], [-113.37955, 53.60225]]]}}, {"type": "Feature", "properties": {"DAUID": "48110416", "penalty_weekday": 0.4762, "penalty_midday": 0.5111, "penalty_weekend": 0.5319, "penalty_avg": 0.5064}, "geometry": {"type": "Polygon", "coordinates": [[[-113.37989, 53.59629], [-113.38193, 53.5962], [-113.38193, 53.59697], [-113.38313, 53.59716], [-113.38313, 53.59962], [-113.37931, 53.5997], [-113.37938, 53.59664], [-113.37989, 53.59629]]]}}, {"type": "Feature", "properties": {"DAUID": "48110417", "penalty_weekday": 0.4634, "penalty_midday": 0.4762, "penalty_weekend": 0.4884, "penalty_avg": 0.476}, "geometry": {"type": "Polygon", "coordinates": [[[-113.38193, 53.59697], [-113.38193, 53.5962], [-113.38354, 53.59641], [-113.38405, 53.59568], [-113.3845, 53.59431], [-113.3844, 53.59331], [-113.38607, 53.59329], [-113.38603, 53.59973], [-113.38313, 53.59962], [-113.38313, 53.59716], [-113.38193, 53.59697]]]}}, {"type": "Feature", "properties": {"DAUID": "48110418", "penalty_weekday": 0.6, "penalty_midday": 0.6071, "penalty_weekend": 0.614, "penalty_avg": 0.6071}, "geometry": {"type": "Polygon", "coordinates": [[[-113.36948, 53.60017], [-113.37096, 53.59743], [-113.37148, 53.59552], [-113.37073, 53.59198], [-113.3775, 53.59239], [-113.38023, 53.59297], [-113.3844, 53.59331], [-113.38439, 53.59488], [-113.38354, 53.59641], [-113.37989, 53.59629], [-113.37949, 53.5956], [-113.37949, 53.59482], [-113.37661, 53.59482], [-113.37657, 53.59786], [-113.37584, 53.59843], [-113.37646, 53.59918], [-113.3771, 53.59935], [-113.3773, 53.59982], [-113.36948, 53.60017]]]}}, {"type": "Feature", "properties": {"DAUID": "48110419", "penalty_weekday": 0.4884, "penalty_midday": 0.5217, "penalty_weekend": 0.5417, "penalty_avg": 0.5173}, "geometry": {"type": "Polygon", "coordinates": [[[-113.37584, 53.59843], [-113.37657, 53.59786], [-113.37661, 53.59482], [-113.37949, 53.59482], [-113.37949, 53.5956], [-113.37989, 53.59629], [-113.37938, 53.59664], [-113.37931, 53.5997], [-113.3773, 53.59982], [-113.3771, 53.59935], [-113.37646, 53.59918], [-113.37584, 53.59843]]]}}, {"type": "Feature", "properties": {"DAUID": "48110420", "penalty_weekday": 0.4634, "penalty_midday": 0.5217, "penalty_weekend": 0.5686, "penalty_avg": 0.5179}, "geometry": {"type": "Polygon", "coordinates": [[[-113.37519, 53.60353], [-113.37404, 53.60315], [-113.37304, 53.60426], [-113.37185, 53.60384], [-113.37527, 53.60042], [-113.37681, 53.59986], [-113.37931, 53.5997], [-113.37955, 53.60225], [-113.37787, 53.60324], [-113.37761, 53.60389], [-113.37778, 53.60467], [-113.37424, 53.60459], [-113.37519, 53.60353]]]}}, {"type": "Feature", "properties": {"DAUID": "48110421", "penalty_weekday": 0.4634, "penalty_midday": 0.5217, "penalty_weekend": 0.5769, "penalty_avg": 0.5207}, "geometry": {"type": "Polygon", "coordinates": [[[-113.37826, 53.60282], [-113.38036, 53.60215], [-113.38224, 53.60234], [-113.38205, 53.60319], [-113.38231, 53.60485], [-113.38203, 53.60526], [-113.38028, 53.60583], [-113.37778, 53.60549], [-113.37763, 53.60365], [-113.37826, 53.60282]]]}}, {"type": "Feature", "properties": {"DAUID": "48110422", "penalty_weekday": 0.6667, "penalty_midday": 0.6716, "penalty_weekend": 0.6765, "penalty_avg": 0.6716}, "geometry": {"type": "Polygon", "coordinates": [[[-113.37036, 53.60532], [-113.37185, 53.60384], [-113.37304, 53.60426], [-113.37404, 53.60315], [-113.37519, 53.60344], [-113.37424, 53.60459], [-113.37778, 53.60467], [-113.37765, 53.60593], [-113.37663, 53.60764], [-113.37197, 53.60614], [-113.37039, 53.60608], [-113.37036, 53.60532]]]}}, {"type": "Feature", "properties": {"DAUID": "48110423", "penalty_weekday": 0.5217, "penalty_midday": 0.56, "penalty_weekend": 0.614, "penalty_avg": 0.5653}, "geometry": {"type": "Polygon", "coordinates": [[[-113.37663, 53.60764], [-113.37778, 53.60549], [-113.38028, 53.60583], [-113.38203, 53.60526], [-113.38231, 53.60485], [-113.38205, 53.60319], [-113.38224, 53.60234], [-113.38588, 53.60271], [-113.3851, 53.60452], [-113.38275, 53.60832], [-113.37663, 53.60764]]]}}, {"type": "Feature", "properties": {"DAUID": "48110424", "penalty_weekday": 0.5417, "penalty_midday": 0.5769, "penalty_weekend": 0.6207, "penalty_avg": 0.5798}, "geometry": {"type": "Polygon", "coordinates": [[[-113.37548, 53.60951], [-113.37663, 53.60764], [-113.38275, 53.60832], [-113.37966, 53.61336], [-113.37811, 53.61317], [-113.37901, 53.61104], [-113.37875, 53.61039], [-113.37548, 53.60951]]]}}, {"type": "Feature", "properties": {"DAUID": "48110425", "penalty_weekday": 0.5417, "penalty_midday": 0.5769, "penalty_weekend": 0.6207, "penalty_avg": 0.5798}, "geometry": {"type": "Polygon", "coordinates": [[[-113.37325, 53.60956], [-113.37548, 53.60951], [-113.37875, 53.61039], [-113.37901, 53.61104], [-113.37811, 53.61317], [-113.37378, 53.61308], [-113.37237, 53.61248], [-113.37188, 53.61168], [-113.37196, 53.61053], [-113.37325, 53.60956]]]}}, {"type": "Feature", "properties": {"DAUID": "48110426", "penalty_weekday": 0.5417, "penalty_midday": 0.5769, "penalty_weekend": 0.6207, "penalty_avg": 0.5798}, "geometry": {"type": "Polygon", "coordinates": [[[-113.36792, 53.61439], [-113.36864, 53.61356], [-113.37142, 53.61338], [-113.37271, 53.61272], [-113.37378, 53.61308], [-113.37966, 53.61336], [-113.37811, 53.61598], [-113.369, 53.61612], [-113.3689, 53.61507], [-113.36792, 53.61439]]]}}, {"type": "Feature", "properties": {"DAUID": "48110633", "penalty_weekday": 0.7755, "penalty_midday": 0.7843, "penalty_weekend": 0.8036, "penalty_avg": 0.7878}, "geometry": {"type": "Polygon", "coordinates": [[[-113.4315, 53.44061], [-113.42857, 53.44046], [-113.42752, 53.4383], [-113.43217, 53.43825], [-113.43229, 53.4392], [-113.43367, 53.43944], [-113.43371, 53.43822], [-113.43537, 53.43858], [-113.43609, 53.43902], [-113.43613, 53.43947], [-113.43704, 53.4395], [-113.43784, 53.44009], [-113.43767, 53.44128], [-113.43283, 53.44145], [-113.4315, 53.44061]]]}}, {"type": "Feature", "properties": {"DAUID": "48110634", "penalty_weekday": 0.7755, "penalty_midday": 0.7843, "penalty_weekend": 0.8036, "penalty_avg": 0.7878}, "geometry": {"type": "Polygon", "coordinates": [[[-113.43274, 53.44278], [-113.43283, 53.44145], [-113.43767, 53.44128], [-113.43761, 53.44227], [-113.43697, 53.44329], [-113.43274, 53.44278]]]}}, {"type": "Feature", "properties": {"DAUID": "48110635", "penalty_weekday": 0.7755, "penalty_midday": 0.7755, "penalty_weekend": 0.78, "penalty_avg": 0.777}, "geometry": {"type": "Polygon", "coordinates": [[[-113.43146, 53.44569], [-113.43274, 53.44278], [-113.43697, 53.44329], [-113.43761, 53.44227], [-113.43767, 53.44128], [-113.43941, 53.44159], [-113.43664, 53.4462], [-113.43146, 53.44569]]]}}, {"type": "Feature", "properties": {"DAUID": "48110636", "penalty_weekday": 0.7843, "penalty_midday": 0.7905, "penalty_weekend": 0.7944, "penalty_avg": 0.7897}, "geometry": {"type": "Polygon", "coordinates": [[[-113.43664, 53.4462], [-113.43941, 53.44159], [-113.44279, 53.44218], [-113.44405, 53.44288], [-113.44292, 53.44397], [-113.44281, 53.44556], [-113.43966, 53.44619], [-113.43664, 53.4462]]]}}, {"type": "Feature", "properties": {"DAUID": "48110637", "penalty_weekday": 0.7864, "penalty_midday": 0.7885, "penalty_weekend": 0.7944, "penalty_avg": 0.7898}, "geometry": {"type": "Polygon", "coordinates": [[[-113.43548, 53.44965], [-113.43664, 53.4462], [-113.43966, 53.44619], [-113.44281, 53.44556], [-113.44293, 53.44642], [-113.44265, 53.44686], [-113.44103, 53.44782], [-113.44023, 53.44922], [-113.43548, 53.44965]]]}}, {"type": "Feature", "properties": {"DAUID": "48110638", "penalty_weekday": 0.7778, "penalty_midday": 0.7905, "penalty_weekend": 0.7963, "penalty_avg": 0.7882}, "geometry": {"type": "Polygon", "coordinates": [[[-113.44133, 53.45043], [-113.44035, 53.44953], [-113.44025, 53.44886], [-113.44103, 53.44782], [-113.44277, 53.44676], [-113.44281, 53.44556], [-113.44591, 53.44518], [-113.4484, 53.44532], [-113.4508, 53.44597], [-113.45158, 53.44694], [-113.45122, 53.44792], [-113.44967, 53.44903], [-113.44701, 53.44918], [-113.44312, 53.45054], [-113.44133, 53.45043]]]}}, {"type": "Feature", "properties": {"DAUID": "48110639", "penalty_weekday": 0.7684, "penalty_midday": 0.7778, "penalty_weekend": 0.7778, "penalty_avg": 0.7747}, "geometry": {"type": "Polygon", "coordinates": [[[-113.43868, 53.45154], [-113.43791, 53.45069], [-113.4377, 53.44957], [-113.44023, 53.44922], [-113.44133, 53.45043], [-113.44267, 53.4506], [-113.44701, 53.44918], [-113.44967, 53.44903], [-113.44837, 53.45091], [-113.44812, 53.45334], [-113.44396, 53.45363], [-113.44322, 53.45196], [-113.44036, 53.45216], [-113.43868, 53.45154]]]}}, {"type": "Feature", "properties": {"DAUID": "48110640", "penalty_weekday": 0.7755, "penalty_midday": 0.78, "penalty_weekend": 0.7843, "penalty_avg": 0.7799}, "geometry": {"type": "Polygon", "coordinates": [[[-113.43454, 53.45368], [-113.43548, 53.44965], [-113.4377, 53.44957], [-113.43791, 53.45069], [-113.43868, 53.45154], [-113.44036, 53.45216], [-113.44322, 53.45196], [-113.44396, 53.45363], [-113.43454, 53.45368]]]}}, {"type": "Feature", "properties": {"DAUID": "48110641", "penalty_weekday": 0.7778, "penalty_midday": 0.7778, "penalty_weekend": 0.7864, "penalty_avg": 0.7807}, "geometry": {"type": "Polygon", "coordinates": [[[-113.42813, 53.45171], [-113.42816, 53.45071], [-113.43079, 53.45029], [-113.43186, 53.44936], [-113.43548, 53.44965], [-113.43454, 53.45368], [-113.42774, 53.45387], [-113.42758, 53.45276], [-113.42813, 53.45171]]]}}, {"type": "Feature", "properties": {"DAUID": "48110642", "penalty_weekday": 0.7864, "penalty_midday": 0.7864, "penalty_weekend": 0.7885, "penalty_avg": 0.7871}, "geometry": {"type": "Polygon", "coordinates": [[[-113.43186, 53.44936], [-113.43146, 53.44569], [-113.43664, 53.4462], [-113.43548, 53.44965], [-113.43186, 53.44936]]]}}, {"type": "Feature", "properties": {"DAUID": "48110643", "penalty_weekday": 0.7843, "penalty_midday": 0.7864, "penalty_weekend": 0.7925, "penalty_avg": 0.7877}, "geometry": {"type": "Polygon", "coordinates": [[[-113.42404, 53.44813], [-113.42451, 53.44551], [-113.43146, 53.44569], [-113.43186, 53.44936], [-113.43116, 53.45009], [-113.43014, 53.45051], [-113.42692, 53.45077], [-113.42675, 53.44992], [-113.42585, 53.44982], [-113.4253, 53.44942], [-113.42548, 53.44831], [-113.42404, 53.44813]]]}}, {"type": "Feature", "properties": {"DAUID": "48110644", "penalty_weekday": 0.7822, "penalty_midday": 0.7822, "penalty_weekend": 0.7905, "penalty_avg": 0.7849}, "geometry": {"type": "Polygon", "coordinates": [[[-113.42139, 53.45099], [-113.42139, 53.45004], [-113.42392, 53.44983], [-113.42376, 53.4492], [-113.42404, 53.44813], [-113.42548, 53.44831], [-113.42544, 53.44961], [-113.42675, 53.44992], [-113.42692, 53.45077], [-113.42816, 53.45071], [-113.42823, 53.45127], [-113.42758, 53.45276], [-113.42656, 53.45278], [-113.42619, 53.45168], [-113.42477, 53.4517], [-113.42468, 53.45115], [-113.42139, 53.45099]]]}}, {"type": "Feature", "properties": {"DAUID": "48110645", "penalty_weekday": 0.7732, "penalty_midday": 0.7778, "penalty_weekend": 0.7755, "penalty_avg": 0.7755}, "geometry": {"type": "Polygon", "coordinates": [[[-113.41916, 53.45007], [-113.41926, 53.4459], [-113.42451, 53.44551], [-113.42376, 53.4492], [-113.42392, 53.44983], [-113.41916, 53.45007]]]}}, {"type": "Feature", "properties": {"DAUID": "48110646", "penalty_weekday": 0.7778, "penalty_midday": 0.78, "penalty_weekend": 0.7843, "penalty_avg": 0.7807}, "geometry": {"type": "Polygon", "coordinates": [[[-113.41997, 53.4549], [-113.41916, 53.45007], [-113.42139, 53.45004], [-113.42139, 53.45099], [-113.42386, 53.45098], [-113.42468, 53.45115], [-113.42477, 53.4517], [-113.42619, 53.45168], [-113.42656, 53.45278], [-113.42758, 53.45276], [-113.42774, 53.45387], [-113.41997, 53.4549]]]}}, {"type": "Feature", "properties": {"DAUID": "48110647", "penalty_weekday": 0.7708, "penalty_midday": 0.7732, "penalty_weekend": 0.78, "penalty_avg": 0.7747}, "geometry": {"type": "Polygon", "coordinates": [[[-113.41495, 53.45545], [-113.41447, 53.4539], [-113.41596, 53.45375], [-113.41537, 53.45187], [-113.41676, 53.45169], [-113.41682, 53.45008], [-113.41916, 53.45007], [-113.41997, 53.4549], [-113.41495, 53.45545]]]}}, {"type": "Feature", "properties": {"DAUID": "48110648", "penalty_weekday": 0.7684, "penalty_midday": 0.7732, "penalty_weekend": 0.78, "penalty_avg": 0.7739}, "geometry": {"type": "Polygon", "coordinates": [[[-113.41295, 53.45393], [-113.41233, 53.45196], [-113.41413, 53.45111], [-113.41462, 53.45008], [-113.41682, 53.45008], [-113.41676, 53.45169], [-113.41537, 53.45187], [-113.41596, 53.45375], [-113.41295, 53.45393]]]}}, {"type": "Feature", "properties": {"DAUID": "48110649", "penalty_weekday": 0.7843, "penalty_midday": 0.7925, "penalty_weekend": 0.8, "penalty_avg": 0.7923}, "geometry": {"type": "Polygon", "coordinates": [[[-113.40909, 53.45548], [-113.40938, 53.45194], [-113.41233, 53.45196], [-113.41295, 53.45393], [-113.41447, 53.4539], [-113.41495, 53.45545], [-113.40909, 53.45548]]]}}, {"type": "Feature", "properties": {"DAUID": "48110650", "penalty_weekday": 0.7822, "penalty_midday": 0.7944, "penalty_weekend": 0.8, "penalty_avg": 0.7922}, "geometry": {"type": "Polygon", "coordinates": [[[-113.40771, 53.44961], [-113.40926, 53.44888], [-113.41048, 53.44992], [-113.41424, 53.44922], [-113.41462, 53.45008], [-113.41413, 53.45111], [-113.41313, 53.45173], [-113.412, 53.45202], [-113.40938, 53.45194], [-113.40916, 53.45083], [-113.40771, 53.44961]]]}}, {"type": "Feature", "properties": {"DAUID": "48110651", "penalty_weekday": 0.7778, "penalty_midday": 0.7885, "penalty_weekend": 0.8018, "penalty_avg": 0.7893}, "geometry": {"type": "Polygon", "coordinates": [[[-113.40939, 53.44893], [-113.40771, 53.44961], [-113.40314, 53.4474], [-113.4024, 53.4468], [-113.40202, 53.44587], [-113.4045, 53.44564], [-113.40605, 53.4442], [-113.40604, 53.44276], [-113.40716, 53.44279], [-113.40954, 53.44357], [-113.40879, 53.4462], [-113.41311, 53.44627], [-113.41343, 53.44791], [-113.41424, 53.44922], [-113.41048, 53.44992], [-113.40939, 53.44893]]]}}, {"type": "Feature", "properties": {"DAUID": "48110652", "penalty_weekday": 0.7732, "penalty_midday": 0.7822, "penalty_weekend": 0.7843, "penalty_avg": 0.7799}, "geometry": {"type": "Polygon", "coordinates": [[[-113.41682, 53.45008], [-113.4169, 53.44917], [-113.41818, 53.44914], [-113.41831, 53.44658], [-113.41576, 53.44635], [-113.41543, 53.44716], [-113.41323, 53.44732], [-113.41311, 53.44627], [-113.40879, 53.4462], [-113.40954, 53.44357], [-113.41544, 53.44571], [-113.41926, 53.4459], [-113.41916, 53.45007], [-113.41682, 53.45008]]]}}, {"type": "Feature", "properties": {"DAUID": "48110653", "penalty_weekday": 0.766, "penalty_midday": 0.7778, "penalty_weekend": 0.8087, "penalty_avg": 0.7841}, "geometry": {"type": "Polygon", "coordinates": [[[-113.40202, 53.44587], [-113.40254, 53.44456], [-113.40385, 53.44351], [-113.40604, 53.44276], [-113.40605, 53.4442], [-113.4045, 53.44564], [-113.40202, 53.44587]]]}}, {"type": "Feature", "properties": {"DAUID": "48110654", "penalty_weekday": 0.766, "penalty_midday": 0.7778, "penalty_weekend": 0.8087, "penalty_avg": 0.7841}, "geometry": {"type": "Polygon", "coordinates": [[[-113.41337, 53.44499], [-113.40664, 53.44275], [-113.40419, 53.44328], [-113.40232, 53.44486], [-113.39916, 53.44403], [-113.39934, 53.44278], [-113.40112, 53.44309], [-113.40278, 53.44176], [-113.40266, 53.43975], [-113.40174, 53.43827], [-113.40459, 53.43819], [-113.40476, 53.44032], [-113.40909, 53.44045], [-113.4081, 53.44167], [-113.40813, 53.44243], [-113.41096, 53.44346], [-113.41321, 53.44255], [-113.41367, 53.44342], [-113.41337, 53.44499]]]}}, {"type": "Feature", "properties": {"DAUID": "48110655", "penalty_weekday": 0.7684, "penalty_midday": 0.7778, "penalty_weekend": 0.78, "penalty_avg": 0.7754}, "geometry": {"type": "Polygon", "coordinates": [[[-113.4081, 53.44167], [-113.40909, 53.44045], [-113.41128, 53.44108], [-113.41321, 53.44255], [-113.41096, 53.44346], [-113.40813, 53.44243], [-113.4081, 53.44167]]]}}, {"type": "Feature", "properties": {"DAUID": "48110657", "penalty_weekday": 0.766, "penalty_midday": 0.7708, "penalty_weekend": 0.7684, "penalty_avg": 0.7684}, "geometry": {"type": "Polygon", "coordinates": [[[-113.41326, 53.4426], [-113.41128, 53.44108], [-113.40909, 53.44045], [-113.40945, 53.43825], [-113.41307, 53.43822], [-113.41526, 53.43859], [-113.41541, 53.43988], [-113.41734, 53.43998], [-113.41733, 53.44153], [-113.41497, 53.44148], [-113.41486, 53.44247], [-113.41326, 53.4426]]]}}, {"type": "Feature", "properties": {"DAUID": "48110658", "penalty_weekday": 0.7708, "penalty_midday": 0.7822, "penalty_weekend": 0.8103, "penalty_avg": 0.7878}, "geometry": {"type": "Polygon", "coordinates": [[[-113.41486, 53.44247], [-113.41497, 53.44148], [-113.41733, 53.44153], [-113.41734, 53.43998], [-113.41541, 53.43988], [-113.41526, 53.43859], [-113.41307, 53.43822], [-113.40945, 53.43825], [-113.40909, 53.44045], [-113.40476, 53.44032], [-113.40473, 53.43823], [-113.40187, 53.43818], [-113.40277, 53.44032], [-113.40156, 53.44039], [-113.40033, 53.43819], [-113.39947, 53.43814], [-113.39678, 53.43882], [-113.39583, 53.4395], [-113.39521, 53.4405], [-113.39831, 53.44107], [-113.39793, 53.44188], [-113.39497, 53.44144], [-113.39503, 53.44274], [-113.39934, 53.44278], [-113.39916, 53.44403], [-113.39396, 53.44372], [-113.3936, 53.43939], [-113.3942, 53.43743], [-113.3943, 53.43569], [-113.41794, 53.43575], [-113.41848, 53.44244], [-113.41486, 53.44247]]]}}, {"type": "Feature", "properties": {"DAUID": "48110659", "penalty_weekday": 0.7708, "penalty_midday": 0.7822, "penalty_weekend": null, "penalty_avg": 0.7765}, "geometry": {"type": "Polygon", "coordinates": [[[-113.39761, 53.43848], [-113.40021, 53.43813], [-113.40156, 53.44039], [-113.39973, 53.44142], [-113.39521, 53.4405], [-113.39612, 53.43925], [-113.39761, 53.43848]]]}}, {"type": "Feature", "properties": {"DAUID": "48110660", "penalty_weekday": 0.7708, "penalty_midday": 0.7822, "penalty_weekend": 0.8136, "penalty_avg": 0.7889}, "geometry": {"type": "Polygon", "coordinates": [[[-113.39497, 53.44267], [-113.39503, 53.44138], [-113.39793, 53.44188], [-113.39831, 53.44107], [-113.39973, 53.44142], [-113.40085, 53.44063], [-113.40277, 53.44032], [-113.40278, 53.44176], [-113.40112, 53.44309], [-113.39982, 53.4428], [-113.39497, 53.44267]]]}}, {"type": "Feature", "properties": {"DAUID": "48110661", "penalty_weekday": 0.7778, "penalty_midday": 0.7885, "penalty_weekend": null, "penalty_avg": 0.7831}, "geometry": {"type": "Polygon", "coordinates": [[[-113.39396, 53.44771], [-113.39396, 53.44372], [-113.39916, 53.44403], [-113.39821, 53.44779], [-113.39396, 53.44771]]]}}, {"type": "Feature", "properties": {"DAUID": "48110663", "penalty_weekday": 0.7822, "penalty_midday": 0.7843, "penalty_weekend": 0.7925, "penalty_avg": 0.7863}, "geometry": {"type": "Polygon", "coordinates": [[[-113.39376, 53.45388], [-113.39396, 53.44771], [-113.39821, 53.44779], [-113.39837, 53.44916], [-113.4, 53.45084], [-113.39955, 53.45149], [-113.39913, 53.45394], [-113.39376, 53.45388]]]}}, {"type": "Feature", "properties": {"DAUID": "48110664", "penalty_weekday": 0.7755, "penalty_midday": 0.7843, "penalty_weekend": 0.7925, "penalty_avg": 0.7841}, "geometry": {"type": "Polygon", "coordinates": [[[-113.39932, 53.45253], [-113.4, 53.45084], [-113.40177, 53.45145], [-113.40425, 53.45162], [-113.40392, 53.45408], [-113.40076, 53.45357], [-113.40075, 53.45279], [-113.39932, 53.45253]]]}}, {"type": "Feature", "properties": {"DAUID": "48110666", "penalty_weekday": 0.7755, "penalty_midday": 0.7864, "penalty_weekend": 0.7982, "penalty_avg": 0.7867}, "geometry": {"type": "Polygon", "coordinates": [[[-113.40909, 53.45548], [-113.39913, 53.45394], [-113.39932, 53.45253], [-113.40075, 53.45279], [-113.40076, 53.45357], [-113.40392, 53.45408], [-113.40425, 53.45162], [-113.40938, 53.45194], [-113.40909, 53.45548]]]}}, {"type": "Feature", "properties": {"DAUID": "48110667", "penalty_weekday": 0.766, "penalty_midday": 0.78, "penalty_weekend": 0.78, "penalty_avg": 0.7753}, "geometry": {"type": "Polygon", "coordinates": [[[-113.40235, 53.4561], [-113.39935, 53.45616], [-113.39899, 53.45525], [-113.39913, 53.45394], [-113.40909, 53.45548], [-113.40845, 53.45772], [-113.4059, 53.4573], [-113.40235, 53.4561]]]}}, {"type": "Feature", "properties": {"DAUID": "48110668", "penalty_weekday": 0.7684, "penalty_midday": 0.7822, "penalty_weekend": 0.78, "penalty_avg": 0.7769}, "geometry": {"type": "Polygon", "coordinates": [[[-113.40109, 53.45885], [-113.40464, 53.45695], [-113.40713, 53.45755], [-113.40624, 53.45907], [-113.40109, 53.45885]]]}}, {"type": "Feature", "properties": {"DAUID": "48110669", "penalty_weekday": 0.7684, "penalty_midday": 0.78, "penalty_weekend": 0.78, "penalty_avg": 0.7761}, "geometry": {"type": "Polygon", "coordinates": [[[-113.39935, 53.45616], [-113.40161, 53.45598], [-113.40464, 53.45695], [-113.40109, 53.45885], [-113.39774, 53.45799], [-113.39819, 53.45686], [-113.39935, 53.45616]]]}}, {"type": "Feature", "properties": {"DAUID": "48110674", "penalty_weekday": 0.7684, "penalty_midday": 0.78, "penalty_weekend": 0.7864, "penalty_avg": 0.7783}, "geometry": {"type": "Polygon", "coordinates": [[[-113.39898, 53.46371], [-113.39779, 53.45958], [-113.39774, 53.45799], [-113.40186, 53.45906], [-113.40624, 53.45907], [-113.40713, 53.45755], [-113.40845, 53.45772], [-113.40709, 53.45941], [-113.40634, 53.46112], [-113.40672, 53.46405], [-113.39898, 53.46371]]]}}, {"type": "Feature", "properties": {"DAUID": "48110675", "penalty_weekday": 0.7634, "penalty_midday": 0.7732, "penalty_weekend": 0.7864, "penalty_avg": 0.7743}, "geometry": {"type": "Polygon", "coordinates": [[[-113.40591, 53.46464], [-113.40336, 53.46456], [-113.40328, 53.46642], [-113.40246, 53.46744], [-113.40111, 53.46673], [-113.40203, 53.46592], [-113.40203, 53.46448], [-113.39917, 53.46481], [-113.39898, 53.46371], [-113.40672, 53.46405], [-113.40719, 53.46534], [-113.40876, 53.467], [-113.40629, 53.46747], [-113.40591, 53.46464]]]}}, {"type": "Feature", "properties": {"DAUID": "48110676", "penalty_weekday": 0.7634, "penalty_midday": 0.7732, "penalty_weekend": 0.7864, "penalty_avg": 0.7743}, "geometry": {"type": "Polygon", "coordinates": [[[-113.40336, 53.46456], [-113.40591, 53.46464], [-113.40629, 53.46747], [-113.4045, 53.46773], [-113.40246, 53.46744], [-113.40328, 53.46642], [-113.40336, 53.46456]]]}}, {"type": "Feature", "properties": {"DAUID": "48110677", "penalty_weekday": 0.7708, "penalty_midday": 0.7822, "penalty_weekend": 0.7843, "penalty_avg": 0.7791}, "geometry": {"type": "Polygon", "coordinates": [[[-113.40111, 53.46673], [-113.39974, 53.46565], [-113.39691, 53.46611], [-113.39632, 53.46479], [-113.3951, 53.46482], [-113.39506, 53.46417], [-113.39751, 53.46426], [-113.39783, 53.46489], [-113.40203, 53.46448], [-113.40209, 53.46559], [-113.40174, 53.46634], [-113.40111, 53.46673]]]}}, {"type": "Feature", "properties": {"DAUID": "48110679", "penalty_weekday": 0.7609, "penalty_midday": 0.7582, "penalty_weekend": 0.7609, "penalty_avg": 0.76}, "geometry": {"type": "Polygon", "coordinates": [[[-113.4068, 53.47372], [-113.40606, 53.47293], [-113.4037, 53.4739], [-113.40261, 53.47396], [-113.40182, 53.47363], [-113.40076, 53.47246], [-113.40653, 53.47017], [-113.40683, 53.47017], [-113.4075, 53.47116], [-113.40908, 53.4705], [-113.40952, 53.47149], [-113.41095, 53.4718], [-113.41013, 53.47259], [-113.41205, 53.47318], [-113.4124, 53.47388], [-113.41184, 53.47477], [-113.41034, 53.47573], [-113.41423, 53.47663], [-113.40951, 53.47881], [-113.40903, 53.4778], [-113.40685, 53.47595], [-113.4068, 53.47372]]]}}, {"type": "Feature", "properties": {"DAUID": "48110681", "penalty_weekday": 0.766, "penalty_midday": 0.7755, "penalty_weekend": 0.7609, "penalty_avg": 0.7674}, "geometry": {"type": "Polygon", "coordinates": [[[-113.39928, 53.4802], [-113.39889, 53.47879], [-113.40204, 53.4786], [-113.40323, 53.47879], [-113.4049, 53.48007], [-113.40135, 53.48235], [-113.39928, 53.4802]]]}}, {"type": "Feature", "properties": {"DAUID": "48110682", "penalty_weekday": 0.7634, "penalty_midday": 0.7732, "penalty_weekend": 0.7582, "penalty_avg": 0.765}, "geometry": {"type": "Polygon", "coordinates": [[[-113.39612, 53.48353], [-113.3961, 53.48042], [-113.39928, 53.4802], [-113.40135, 53.48235], [-113.39713, 53.4845], [-113.39612, 53.48353]]]}}, {"type": "Feature", "properties": {"DAUID": "48110683", "penalty_weekday": 0.7634, "penalty_midday": 0.78, "penalty_weekend": 0.7609, "penalty_avg": 0.7681}, "geometry": {"type": "Polygon", "coordinates": [[[-113.39357, 53.48474], [-113.39355, 53.48044], [-113.3947, 53.48041], [-113.39474, 53.47963], [-113.39765, 53.47966], [-113.39792, 53.4804], [-113.3961, 53.48042], [-113.39612, 53.48353], [-113.39713, 53.4845], [-113.39357, 53.48474]]]}}, {"type": "Feature", "properties": {"DAUID": "48110687", "penalty_weekday": 0.7778, "penalty_midday": 0.7822, "penalty_weekend": 0.7755, "penalty_avg": 0.7785}, "geometry": {"type": "Polygon", "coordinates": [[[-113.39755, 53.4796], [-113.39474, 53.47963], [-113.3947, 53.48041], [-113.39355, 53.48044], [-113.39356, 53.47298], [-113.39786, 53.47283], [-113.39827, 53.47406], [-113.39737, 53.47461], [-113.39734, 53.4763], [-113.39627, 53.47647], [-113.39471, 53.47617], [-113.39471, 53.47711], [-113.39573, 53.47715], [-113.39586, 53.4785], [-113.3965, 53.47878], [-113.39889, 53.47879], [-113.39928, 53.4802], [-113.39792, 53.4804], [-113.39755, 53.4796]]]}}, {"type": "Feature", "properties": {"DAUID": "48110688", "penalty_weekday": 0.7755, "penalty_midday": 0.78, "penalty_weekend": 0.7732, "penalty_avg": 0.7762}, "geometry": {"type": "Polygon", "coordinates": [[[-113.39471, 53.47711], [-113.39471, 53.47617], [-113.39627, 53.47647], [-113.39734, 53.4763], [-113.39737, 53.47461], [-113.39827, 53.47406], [-113.39964, 53.47558], [-113.39889, 53.47879], [-113.39606, 53.47864], [-113.39576, 53.47834], [-113.39573, 53.47715], [-113.39471, 53.47711]]]}}, {"type": "Feature", "properties": {"DAUID": "48110689", "penalty_weekday": 0.7885, "penalty_midday": 0.8018, "penalty_weekend": 0.7905, "penalty_avg": 0.7936}, "geometry": {"type": "Polygon", "coordinates": [[[-113.38899, 53.4707], [-113.3892, 53.46762], [-113.39374, 53.46768], [-113.39356, 53.47298], [-113.39086, 53.47297], [-113.38758, 53.47341], [-113.38703, 53.47224], [-113.38819, 53.4717], [-113.38899, 53.4707]]]}}, {"type": "Feature", "properties": {"DAUID": "48110692", "penalty_weekday": 0.7684, "penalty_midday": 0.7778, "penalty_weekend": 0.7634, "penalty_avg": 0.7699}, "geometry": {"type": "Polygon", "coordinates": [[[-113.39365, 53.48664], [-113.39357, 53.48474], [-113.39713, 53.4845], [-113.40135, 53.48235], [-113.40185, 53.4828], [-113.39616, 53.48618], [-113.39365, 53.48664]]]}}, {"type": "Feature", "properties": {"DAUID": "48110693", "penalty_weekday": 0.7684, "penalty_midday": 0.7732, "penalty_weekend": 0.766, "penalty_avg": 0.7692}, "geometry": {"type": "Polygon", "coordinates": [[[-113.40574, 53.48778], [-113.39367, 53.48729], [-113.39365, 53.48664], [-113.39616, 53.48618], [-113.40185, 53.4828], [-113.40244, 53.48335], [-113.39998, 53.48479], [-113.39973, 53.48517], [-113.3999, 53.48554], [-113.40128, 53.48594], [-113.40449, 53.48599], [-113.40523, 53.4855], [-113.40554, 53.48455], [-113.40574, 53.48778]]]}}, {"type": "Feature", "properties": {"DAUID": "48110694", "penalty_weekday": 0.7609, "penalty_midday": 0.766, "penalty_weekend": 0.7556, "penalty_avg": 0.7608}, "geometry": {"type": "Polygon", "coordinates": [[[-113.40021, 53.48572], [-113.39974, 53.48529], [-113.39981, 53.48496], [-113.40244, 53.48335], [-113.40185, 53.4828], [-113.40951, 53.47881], [-113.40954, 53.47948], [-113.40793, 53.48019], [-113.40777, 53.48191], [-113.41073, 53.48278], [-113.41015, 53.48339], [-113.40796, 53.48441], [-113.40554, 53.48455], [-113.40523, 53.4855], [-113.40449, 53.48599], [-113.40021, 53.48572]]]}}, {"type": "Feature", "properties": {"DAUID": "48110695", "penalty_weekday": 0.7381, "penalty_midday": 0.7442, "penalty_weekend": 0.7442, "penalty_avg": 0.7422}, "geometry": {"type": "Polygon", "coordinates": [[[-113.41803, 53.48738], [-113.40574, 53.48778], [-113.40554, 53.48455], [-113.40796, 53.48441], [-113.41015, 53.48339], [-113.41208, 53.48445], [-113.41096, 53.48545], [-113.41111, 53.48683], [-113.41299, 53.48664], [-113.41305, 53.48484], [-113.41436, 53.485], [-113.41447, 53.48647], [-113.41571, 53.4863], [-113.41574, 53.4849], [-113.41804, 53.48483], [-113.41803, 53.48738]]]}}, {"type": "Feature", "properties": {"DAUID": "48110698", "penalty_weekday": 0.7381, "penalty_midday": 0.7381, "penalty_weekend": 0.7412, "penalty_avg": 0.7391}, "geometry": {"type": "Polygon", "coordinates": [[[-113.41546, 53.48195], [-113.41153, 53.48192], [-113.41073, 53.48278], [-113.40777, 53.48191], [-113.40781, 53.48044], [-113.40865, 53.47972], [-113.40954, 53.47948], [-113.41457, 53.47929], [-113.41571, 53.47994], [-113.41546, 53.48195]]]}}, {"type": "Feature", "properties": {"DAUID": "48110699", "penalty_weekday": 0.7349, "penalty_midday": 0.7381, "penalty_weekend": 0.7381, "penalty_avg": 0.737}, "geometry": {"type": "Polygon", "coordinates": [[[-113.40951, 53.47881], [-113.41423, 53.47663], [-113.41475, 53.47703], [-113.41629, 53.47729], [-113.41768, 53.47793], [-113.41804, 53.48191], [-113.41546, 53.48195], [-113.41575, 53.48016], [-113.415, 53.47938], [-113.40954, 53.47948], [-113.40951, 53.47881]]]}}, {"type": "Feature", "properties": {"DAUID": "48110701", "penalty_weekday": 0.7317, "penalty_midday": 0.7381, "penalty_weekend": 0.7412, "penalty_avg": 0.737}, "geometry": {"type": "Polygon", "coordinates": [[[-113.41957, 53.47704], [-113.41919, 53.476], [-113.42058, 53.47594], [-113.42159, 53.47351], [-113.42458, 53.47422], [-113.42488, 53.47497], [-113.42369, 53.47627], [-113.42599, 53.47698], [-113.42453, 53.47846], [-113.4244, 53.47922], [-113.42338, 53.47956], [-113.42285, 53.47939], [-113.42201, 53.47834], [-113.41957, 53.47704]]]}}, {"type": "Feature", "properties": {"DAUID": "48110702", "penalty_weekday": 0.7381, "penalty_midday": 0.7442, "penalty_weekend": 0.7528, "penalty_avg": 0.745}, "geometry": {"type": "Polygon", "coordinates": [[[-113.42159, 53.47351], [-113.42194, 53.47124], [-113.42422, 53.47188], [-113.43107, 53.47412], [-113.43067, 53.47505], [-113.43099, 53.47611], [-113.43319, 53.47698], [-113.43154, 53.47767], [-113.42765, 53.47752], [-113.42369, 53.47627], [-113.42488, 53.47497], [-113.42467, 53.4743], [-113.42159, 53.47351]]]}}, {"type": "Feature", "properties": {"DAUID": "48110703", "penalty_weekday": 0.75, "penalty_midday": 0.7528, "penalty_weekend": 0.7528, "penalty_avg": 0.7519}, "geometry": {"type": "Polygon", "coordinates": [[[-113.41524, 53.47213], [-113.4158, 53.47012], [-113.42194, 53.47124], [-113.42159, 53.47351], [-113.42058, 53.47594], [-113.41667, 53.47614], [-113.41568, 53.47435], [-113.41524, 53.47213]]]}}, {"type": "Feature", "properties": {"DAUID": "48110705", "penalty_weekday": 0.7471, "penalty_midday": 0.75, "penalty_weekend": 0.7528, "penalty_avg": 0.75}, "geometry": {"type": "Polygon", "coordinates": [[[-113.41012, 53.47241], [-113.41095, 53.4718], [-113.40952, 53.47149], [-113.40908, 53.4705], [-113.4075, 53.47116], [-113.40683, 53.47017], [-113.40572, 53.46963], [-113.40457, 53.47011], [-113.40388, 53.47005], [-113.40272, 53.46829], [-113.40135, 53.46807], [-113.39981, 53.46678], [-113.39634, 53.46639], [-113.3938, 53.46572], [-113.39382, 53.46354], [-113.39898, 53.46371], [-113.39917, 53.46481], [-113.39783, 53.46489], [-113.39751, 53.46426], [-113.39506, 53.46417], [-113.3951, 53.46482], [-113.39632, 53.46479], [-113.39691, 53.46611], [-113.39974, 53.46565], [-113.40168, 53.46713], [-113.40347, 53.46767], [-113.40544, 53.46763], [-113.40876, 53.467], [-113.4102, 53.46963], [-113.4158, 53.47012], [-113.41535, 53.4712], [-113.41538, 53.47339], [-113.41767, 53.47791], [-113.41475, 53.47703], [-113.41408, 53.47652], [-113.41046, 53.47585], [-113.41042, 53.4755], [-113.41184, 53.47477], [-113.41243, 53.47411], [-113.41205, 53.47318], [-113.41041, 53.47283], [-113.41012, 53.47241]]]}}, {"type": "Feature", "properties": {"DAUID": "48110706", "penalty_weekday": 0.7556, "penalty_midday": 0.75, "penalty_weekend": 0.75, "penalty_avg": 0.7519}, "geometry": {"type": "Polygon", "coordinates": [[[-113.4158, 53.47012], [-113.4102, 53.46963], [-113.40876, 53.467], [-113.4115, 53.46674], [-113.41151, 53.46758], [-113.41021, 53.4679], [-113.41083, 53.46914], [-113.41507, 53.46944], [-113.41596, 53.4684], [-113.41483, 53.46739], [-113.41612, 53.46676], [-113.41664, 53.46607], [-113.41533, 53.4658], [-113.41553, 53.46474], [-113.42022, 53.46513], [-113.41914, 53.46676], [-113.41688, 53.4687], [-113.4158, 53.47012]]]}}, {"type": "Feature", "properties": {"DAUID": "48110707", "penalty_weekday": 0.7582, "penalty_midday": 0.7556, "penalty_weekend": 0.7582, "penalty_avg": 0.7573}, "geometry": {"type": "Polygon", "coordinates": [[[-113.41021, 53.4679], [-113.41151, 53.46758], [-113.4115, 53.46674], [-113.41388, 53.4667], [-113.41481, 53.46637], [-113.41533, 53.4658], [-113.41664, 53.46607], [-113.41612, 53.46676], [-113.41483, 53.46739], [-113.41596, 53.4684], [-113.41507, 53.46944], [-113.41083, 53.46914], [-113.41021, 53.4679]]]}}, {"type": "Feature", "properties": {"DAUID": "48110708", "penalty_weekday": 0.7634, "penalty_midday": 0.7634, "penalty_weekend": 0.766, "penalty_avg": 0.7643}, "geometry": {"type": "Polygon", "coordinates": [[[-113.40719, 53.46534], [-113.40672, 53.46405], [-113.41553, 53.46474], [-113.41517, 53.46606], [-113.41357, 53.46674], [-113.40876, 53.467], [-113.40719, 53.46534]]]}}, {"type": "Feature", "properties": {"DAUID": "48110709", "penalty_weekday": 0.7684, "penalty_midday": 0.7684, "penalty_weekend": 0.7708, "penalty_avg": 0.7692}, "geometry": {"type": "Polygon", "coordinates": [[[-113.41553, 53.46474], [-113.40672, 53.46405], [-113.40628, 53.46168], [-113.4099, 53.46177], [-113.40984, 53.46301], [-113.41125, 53.46311], [-113.41248, 53.46261], [-113.41396, 53.46313], [-113.41582, 53.46321], [-113.41553, 53.46474]]]}}, {"type": "Feature", "properties": {"DAUID": "48110711", "penalty_weekday": 0.7732, "penalty_midday": 0.7822, "penalty_weekend": 0.7885, "penalty_avg": 0.7813}, "geometry": {"type": "Polygon", "coordinates": [[[-113.41335, 53.463], [-113.41248, 53.46261], [-113.41125, 53.46311], [-113.40984, 53.46301], [-113.4099, 53.46177], [-113.40628, 53.46168], [-113.4067, 53.46005], [-113.40845, 53.45772], [-113.40987, 53.4578], [-113.41001, 53.45905], [-113.41419, 53.45897], [-113.41691, 53.45854], [-113.4168, 53.46084], [-113.41582, 53.46321], [-113.41335, 53.463]]]}}, {"type": "Feature", "properties": {"DAUID": "48110712", "penalty_weekday": 0.7634, "penalty_midday": 0.7634, "penalty_weekend": 0.7634, "penalty_avg": 0.7634}, "geometry": {"type": "Polygon", "coordinates": [[[-113.41419, 53.45897], [-113.41001, 53.45905], [-113.40987, 53.4578], [-113.41509, 53.45744], [-113.41629, 53.45781], [-113.41691, 53.45854], [-113.41419, 53.45897]]]}}, {"type": "Feature", "properties": {"DAUID": "48110713", "penalty_weekday": 0.7634, "penalty_midday": 0.7684, "penalty_weekend": 0.7732, "penalty_avg": 0.7684}, "geometry": {"type": "Polygon", "coordinates": [[[-113.40845, 53.45772], [-113.40909, 53.45548], [-113.41495, 53.45545], [-113.41523, 53.45707], [-113.41509, 53.45744], [-113.41375, 53.45758], [-113.40845, 53.45772]]]}}, {"type": "Feature", "properties": {"DAUID": "48110714", "penalty_weekday": 0.7528, "penalty_midday": 0.7528, "penalty_weekend": 0.75, "penalty_avg": 0.7519}, "geometry": {"type": "Polygon", "coordinates": [[[-113.41524, 53.45654], [-113.41495, 53.45545], [-113.41997, 53.4549], [-113.42075, 53.4594], [-113.41692, 53.45934], [-113.41665, 53.45808], [-113.41509, 53.45744], [-113.41524, 53.45654]]]}}, {"type": "Feature", "properties": {"DAUID": "48110715", "penalty_weekday": 0.7634, "penalty_midday": 0.766, "penalty_weekend": 0.766, "penalty_avg": 0.7651}, "geometry": {"type": "Polygon", "coordinates": [[[-113.41553, 53.46474], [-113.41692, 53.45934], [-113.42075, 53.4594], [-113.42065, 53.46349], [-113.42022, 53.46513], [-113.41553, 53.46474]]]}}, {"type": "Feature", "properties": {"DAUID": "48110716", "penalty_weekday": 0.7471, "penalty_midday": 0.75, "penalty_weekend": 0.75, "penalty_avg": 0.749}, "geometry": {"type": "Polygon", "coordinates": [[[-113.42022, 53.46513], [-113.42072, 53.46203], [-113.42332, 53.46217], [-113.42313, 53.46276], [-113.4238, 53.46345], [-113.42779, 53.46398], [-113.4277, 53.4655], [-113.42022, 53.46513]]]}}, {"type": "Feature", "properties": {"DAUID": "48110717", "penalty_weekday": 0.7528, "penalty_midday": 0.7556, "penalty_weekend": 0.7609, "penalty_avg": 0.7564}, "geometry": {"type": "Polygon", "coordinates": [[[-113.41914, 53.46676], [-113.42022, 53.46513], [-113.4277, 53.4655], [-113.42806, 53.46738], [-113.42619, 53.46762], [-113.42336, 53.46613], [-113.42154, 53.46585], [-113.42112, 53.46605], [-113.42069, 53.46703], [-113.42082, 53.46991], [-113.41985, 53.47077], [-113.4158, 53.47012], [-113.41688, 53.4687], [-113.41914, 53.46676]]]}}, {"type": "Feature", "properties": {"DAUID": "48110718", "penalty_weekday": 0.75, "penalty_midday": 0.7609, "penalty_weekend": 0.766, "penalty_avg": 0.7589}, "geometry": {"type": "Polygon", "coordinates": [[[-113.42132, 53.46592], [-113.42336, 53.46613], [-113.42619, 53.46762], [-113.42322, 53.46961], [-113.42194, 53.47124], [-113.41985, 53.47077], [-113.42082, 53.46991], [-113.42069, 53.46703], [-113.42132, 53.46592]]]}}, {"type": "Feature", "properties": {"DAUID": "48110719", "penalty_weekday": 0.7471, "penalty_midday": 0.7609, "penalty_weekend": 0.7778, "penalty_avg": 0.7619}, "geometry": {"type": "Polygon", "coordinates": [[[-113.4296, 53.47381], [-113.42194, 53.47124], [-113.42322, 53.46961], [-113.42662, 53.46749], [-113.43148, 53.46755], [-113.4327, 53.46807], [-113.43383, 53.46964], [-113.42961, 53.46974], [-113.42943, 53.47111], [-113.42852, 53.47179], [-113.43058, 53.4724], [-113.43362, 53.47266], [-113.43363, 53.47441], [-113.4296, 53.47381]]]}}, {"type": "Feature", "properties": {"DAUID": "48110720", "penalty_weekday": 0.7317, "penalty_midday": 0.7471, "penalty_weekend": 0.7708, "penalty_avg": 0.7499}, "geometry": {"type": "Polygon", "coordinates": [[[-113.4312, 53.47633], [-113.43065, 53.47554], [-113.43107, 53.47412], [-113.43363, 53.47441], [-113.43355, 53.47536], [-113.43708, 53.47515], [-113.43773, 53.47563], [-113.43764, 53.47674], [-113.43666, 53.47719], [-113.43456, 53.47723], [-113.4312, 53.47633]]]}}, {"type": "Feature", "properties": {"DAUID": "48110721", "penalty_weekday": 0.7442, "penalty_midday": 0.7582, "penalty_weekend": 0.7755, "penalty_avg": 0.7593}, "geometry": {"type": "Polygon", "coordinates": [[[-113.42943, 53.46995], [-113.43383, 53.46964], [-113.43389, 53.47025], [-113.43347, 53.47107], [-113.43362, 53.47266], [-113.43058, 53.4724], [-113.4286, 53.47186], [-113.42943, 53.47111], [-113.42943, 53.46995]]]}}, {"type": "Feature", "properties": {"DAUID": "48110722", "penalty_weekday": 0.725, "penalty_midday": 0.7412, "penalty_weekend": 0.7634, "penalty_avg": 0.7432}, "geometry": {"type": "Polygon", "coordinates": [[[-113.43363, 53.47441], [-113.43346, 53.47138], [-113.43821, 53.47068], [-113.4389, 53.47289], [-113.439, 53.47443], [-113.43363, 53.47441]]]}}, {"type": "Feature", "properties": {"DAUID": "48110726", "penalty_weekday": 0.7684, "penalty_midday": 0.7708, "penalty_weekend": 0.7864, "penalty_avg": 0.7752}, "geometry": {"type": "Polygon", "coordinates": [[[-113.45048, 53.46833], [-113.45056, 53.46499], [-113.45657, 53.46527], [-113.45666, 53.46627], [-113.45824, 53.46734], [-113.45728, 53.46796], [-113.45683, 53.46878], [-113.45048, 53.46833]]]}}, {"type": "Feature", "properties": {"DAUID": "48110727", "penalty_weekday": 0.7609, "penalty_midday": 0.766, "penalty_weekend": 0.7864, "penalty_avg": 0.7711}, "geometry": {"type": "Polygon", "coordinates": [[[-113.45061, 53.46915], [-113.45048, 53.46833], [-113.4574, 53.4689], [-113.45974, 53.47007], [-113.46018, 53.47064], [-113.46027, 53.47146], [-113.45911, 53.47324], [-113.45893, 53.47406], [-113.45805, 53.47395], [-113.45561, 53.47314], [-113.45259, 53.4713], [-113.45171, 53.47067], [-113.45061, 53.46915]]]}}, {"type": "Feature", "properties": {"DAUID": "48110728", "penalty_weekday": 0.7732, "penalty_midday": 0.7708, "penalty_weekend": 0.7822, "penalty_avg": 0.7754}, "geometry": {"type": "Polygon", "coordinates": [[[-113.46091, 53.46913], [-113.45911, 53.46809], [-113.458, 53.4691], [-113.45683, 53.46878], [-113.45728, 53.46796], [-113.45824, 53.46734], [-113.45686, 53.46647], [-113.45647, 53.46584], [-113.45792, 53.46594], [-113.45907, 53.46689], [-113.46024, 53.46678], [-113.46029, 53.46603], [-113.46436, 53.46603], [-113.46418, 53.4672], [-113.46091, 53.46913]]]}}, {"type": "Feature", "properties": {"DAUID": "48110729", "penalty_weekday": 0.78, "penalty_midday": 0.7885, "penalty_weekend": 0.7982, "penalty_avg": 0.7889}, "geometry": {"type": "Polygon", "coordinates": [[[-113.45911, 53.47324], [-113.46027, 53.47146], [-113.46436, 53.47161], [-113.4644, 53.46909], [-113.46292, 53.46797], [-113.46434, 53.46701], [-113.46436, 53.46603], [-113.46029, 53.46603], [-113.46024, 53.46678], [-113.45907, 53.46689], [-113.45792, 53.46594], [-113.45647, 53.46584], [-113.45657, 53.46527], [-113.46637, 53.46544], [-113.46637, 53.47421], [-113.45893, 53.47406], [-113.45911, 53.47324]]]}}, {"type": "Feature", "properties": {"DAUID": "48110730", "penalty_weekday": 0.7708, "penalty_midday": 0.7732, "penalty_weekend": 0.7843, "penalty_avg": 0.7761}, "geometry": {"type": "Polygon", "coordinates": [[[-113.4592, 53.46967], [-113.458, 53.4691], [-113.45911, 53.46809], [-113.46091, 53.46913], [-113.46292, 53.46797], [-113.4644, 53.46909], [-113.46436, 53.47161], [-113.46027, 53.47146], [-113.46018, 53.47064], [-113.4592, 53.46967]]]}}, {"type": "Feature", "properties": {"DAUID": "48110731", "penalty_weekday": 0.7708, "penalty_midday": 0.78, "penalty_weekend": 0.8, "penalty_avg": 0.7836}, "geometry": {"type": "Polygon", "coordinates": [[[-113.45322, 53.48498], [-113.45237, 53.48128], [-113.4548, 53.48102], [-113.45493, 53.48279], [-113.45633, 53.48326], [-113.46317, 53.48199], [-113.46425, 53.48126], [-113.46437, 53.47999], [-113.46373, 53.47936], [-113.46434, 53.47869], [-113.46424, 53.47692], [-113.4631, 53.4764], [-113.45836, 53.47652], [-113.45893, 53.47406], [-113.46637, 53.47421], [-113.46663, 53.48301], [-113.45322, 53.48498]]]}}, {"type": "Feature", "properties": {"DAUID": "48110732", "penalty_weekday": 0.7684, "penalty_midday": 0.78, "penalty_weekend": 0.8, "penalty_avg": 0.7828}, "geometry": {"type": "Polygon", "coordinates": [[[-113.45875, 53.47922], [-113.45824, 53.47751], [-113.45836, 53.47652], [-113.4631, 53.4764], [-113.46401, 53.47667], [-113.46438, 53.47729], [-113.46434, 53.47869], [-113.46373, 53.47936], [-113.45875, 53.47922]]]}}, {"type": "Feature", "properties": {"DAUID": "48110733", "penalty_weekday": 0.7708, "penalty_midday": 0.78, "penalty_weekend": 0.8036, "penalty_avg": 0.7848}, "geometry": {"type": "Polygon", "coordinates": [[[-113.46161, 53.48235], [-113.45586, 53.48323], [-113.45478, 53.48252], [-113.4548, 53.48102], [-113.45808, 53.48052], [-113.4587, 53.48004], [-113.45875, 53.47922], [-113.46321, 53.47923], [-113.46409, 53.47957], [-113.46438, 53.48044], [-113.46406, 53.48147], [-113.46161, 53.48235]]]}}, {"type": "Feature", "properties": {"DAUID": "48110735", "penalty_weekday": 0.7528, "penalty_midday": 0.7684, "penalty_weekend": 0.7982, "penalty_avg": 0.7731}, "geometry": {"type": "Polygon", "coordinates": [[[-113.45106, 53.47601], [-113.45361, 53.47473], [-113.4538, 53.47667], [-113.45847, 53.47842], [-113.4587, 53.48004], [-113.45739, 53.48073], [-113.45237, 53.48128], [-113.45188, 53.47775], [-113.45106, 53.47601]]]}}, {"type": "Feature", "properties": {"DAUID": "48110736", "penalty_weekday": 0.7582, "penalty_midday": 0.7684, "penalty_weekend": 0.7944, "penalty_avg": 0.7737}, "geometry": {"type": "Polygon", "coordinates": [[[-113.4538, 53.47667], [-113.45361, 53.47473], [-113.45106, 53.47601], [-113.44954, 53.47376], [-113.45362, 53.47193], [-113.45616, 53.4734], [-113.45893, 53.47406], [-113.45824, 53.47751], [-113.45847, 53.47842], [-113.4538, 53.47667]]]}}, {"type": "Feature", "properties": {"DAUID": "48110737", "penalty_weekday": 0.75, "penalty_midday": 0.7634, "penalty_weekend": 0.7885, "penalty_avg": 0.7673}, "geometry": {"type": "Polygon", "coordinates": [[[-113.44645, 53.47504], [-113.44649, 53.47422], [-113.44954, 53.47376], [-113.45188, 53.47775], [-113.45237, 53.48128], [-113.44783, 53.48174], [-113.44648, 53.48116], [-113.44588, 53.47961], [-113.44439, 53.47769], [-113.44645, 53.47504]]]}}, {"type": "Feature", "properties": {"DAUID": "48110738", "penalty_weekday": 0.7528, "penalty_midday": 0.7634, "penalty_weekend": 0.7843, "penalty_avg": 0.7669}, "geometry": {"type": "Polygon", "coordinates": [[[-113.44168, 53.47859], [-113.43949, 53.47649], [-113.439, 53.47443], [-113.44649, 53.47422], [-113.44622, 53.47549], [-113.4445, 53.47725], [-113.44443, 53.47793], [-113.44168, 53.47859]]]}}, {"type": "Feature", "properties": {"DAUID": "48110742", "penalty_weekday": 0.7284, "penalty_midday": 0.7528, "penalty_weekend": 0.7755, "penalty_avg": 0.7522}, "geometry": {"type": "Polygon", "coordinates": [[[-113.46061, 53.50456], [-113.46051, 53.50207], [-113.45846, 53.50048], [-113.46003, 53.49998], [-113.46709, 53.49996], [-113.4667, 53.50051], [-113.46683, 53.5029], [-113.46603, 53.50288], [-113.46255, 53.50528], [-113.46061, 53.50456]]]}}, {"type": "Feature", "properties": {"DAUID": "48110743", "penalty_weekday": 0.725, "penalty_midday": 0.7471, "penalty_weekend": 0.7634, "penalty_avg": 0.7452}, "geometry": {"type": "Polygon", "coordinates": [[[-113.45509, 53.50938], [-113.45493, 53.50505], [-113.45427, 53.50423], [-113.45285, 53.5033], [-113.45846, 53.50048], [-113.46051, 53.50207], [-113.46061, 53.50456], [-113.46203, 53.50528], [-113.46274, 53.50521], [-113.46603, 53.50288], [-113.46683, 53.5029], [-113.46729, 53.50696], [-113.46529, 53.50792], [-113.4643, 53.5092], [-113.46416, 53.51002], [-113.46423, 53.51083], [-113.46497, 53.51173], [-113.46741, 53.51229], [-113.46316, 53.51229], [-113.46247, 53.51067], [-113.46037, 53.50936], [-113.45509, 53.50938]]]}}, {"type": "Feature", "properties": {"DAUID": "48110744", "penalty_weekday": 0.7067, "penalty_midday": 0.7284, "penalty_weekend": 0.7471, "penalty_avg": 0.7274}, "geometry": {"type": "Polygon", "coordinates": [[[-113.44661, 53.50631], [-113.45285, 53.5033], [-113.45486, 53.5049], [-113.45509, 53.50938], [-113.44903, 53.50948], [-113.44898, 53.50805], [-113.44661, 53.50631]]]}}, {"type": "Feature", "properties": {"DAUID": "48110745", "penalty_weekday": 0.6901, "penalty_midday": 0.7143, "penalty_weekend": 0.7349, "penalty_avg": 0.7131}, "geometry": {"type": "Polygon", "coordinates": [[[-113.45208, 53.51228], [-113.45206, 53.50948], [-113.46037, 53.50936], [-113.46247, 53.51067], [-113.46316, 53.51229], [-113.45208, 53.51228]]]}}, {"type": "Feature", "properties": {"DAUID": "48110746", "penalty_weekday": 0.7105, "penalty_midday": 0.7317, "penalty_weekend": 0.75, "penalty_avg": 0.7307}, "geometry": {"type": "Polygon", "coordinates": [[[-113.44271, 53.50847], [-113.44661, 53.50631], [-113.44898, 53.50805], [-113.44903, 53.50948], [-113.45206, 53.50948], [-113.45208, 53.51228], [-113.44281, 53.51226], [-113.44271, 53.50847]]]}}, {"type": "Feature", "properties": {"DAUID": "48110747", "penalty_weekday": 0.6986, "penalty_midday": 0.7143, "penalty_weekend": 0.7442, "penalty_avg": 0.719}, "geometry": {"type": "Polygon", "coordinates": [[[-113.44905, 53.5161], [-113.44907, 53.51227], [-113.45208, 53.51228], [-113.45209, 53.5142], [-113.45512, 53.5142], [-113.45511, 53.51609], [-113.44905, 53.5161]]]}}, {"type": "Feature", "properties": {"DAUID": "48110748", "penalty_weekday": 0.7215, "penalty_midday": 0.7317, "penalty_weekend": 0.7528, "penalty_avg": 0.7353}, "geometry": {"type": "Polygon", "coordinates": [[[-113.44281, 53.5161], [-113.44281, 53.51226], [-113.44907, 53.51227], [-113.44905, 53.5161], [-113.44281, 53.5161]]]}}, {"type": "Feature", "properties": {"DAUID": "48110749", "penalty_weekday": 0.6857, "penalty_midday": 0.7027, "penalty_weekend": 0.7317, "penalty_avg": 0.7067}, "geometry": {"type": "Polygon", "coordinates": [[[-113.4428, 53.5181], [-113.44281, 53.5161], [-113.45511, 53.51609], [-113.45504, 53.5181], [-113.4428, 53.5181]]]}}, {"type": "Feature", "properties": {"DAUID": "48110750", "penalty_weekday": 0.6508, "penalty_midday": 0.6857, "penalty_weekend": 0.7215, "penalty_avg": 0.686}, "geometry": {"type": "Polygon", "coordinates": [[[-113.44907, 53.52183], [-113.44904, 53.51804], [-113.45207, 53.51804], [-113.45207, 53.51904], [-113.45381, 53.51908], [-113.45378, 53.52004], [-113.45506, 53.52003], [-113.45506, 53.52216], [-113.44907, 53.52183]]]}}, {"type": "Feature", "properties": {"DAUID": "48110751", "penalty_weekday": 0.6508, "penalty_midday": 0.6857, "penalty_weekend": 0.7215, "penalty_avg": 0.686}, "geometry": {"type": "Polygon", "coordinates": [[[-113.45688, 53.52529], [-113.44908, 53.52521], [-113.44907, 53.52183], [-113.45506, 53.52216], [-113.45506, 53.52003], [-113.45378, 53.52004], [-113.45381, 53.51908], [-113.45207, 53.51904], [-113.45207, 53.51804], [-113.46137, 53.51803], [-113.46081, 53.52347], [-113.45916, 53.52349], [-113.4582, 53.52475], [-113.45688, 53.52529]]]}}, {"type": "Feature", "properties": {"DAUID": "48110752", "penalty_weekday": 0.6986, "penalty_midday": 0.7105, "penalty_weekend": 0.7381, "penalty_avg": 0.7158}, "geometry": {"type": "Polygon", "coordinates": [[[-113.44282, 53.52528], [-113.4428, 53.5181], [-113.44904, 53.51804], [-113.44908, 53.52521], [-113.44282, 53.52528]]]}}, {"type": "Feature", "properties": {"DAUID": "48110753", "penalty_weekday": 0.6986, "penalty_midday": 0.7105, "penalty_weekend": 0.7349, "penalty_avg": 0.7147}, "geometry": {"type": "Polygon", "coordinates": [[[-113.4368, 53.52117], [-113.43678, 53.51904], [-113.44281, 53.51905], [-113.44282, 53.52528], [-113.43987, 53.52528], [-113.43985, 53.52117], [-113.4368, 53.52117]]]}}, {"type": "Feature", "properties": {"DAUID": "48110754", "penalty_weekday": 0.7067, "penalty_midday": 0.7179, "penalty_weekend": 0.7412, "penalty_avg": 0.7219}, "geometry": {"type": "Polygon", "coordinates": [[[-113.42723, 53.52334], [-113.42719, 53.52115], [-113.43985, 53.52117], [-113.43986, 53.52426], [-113.43001, 53.5242], [-113.42723, 53.52334]]]}}, {"type": "Feature", "properties": {"DAUID": "48110755", "penalty_weekday": 0.6986, "penalty_midday": 0.7105, "penalty_weekend": 0.725, "penalty_avg": 0.7114}, "geometry": {"type": "Polygon", "coordinates": [[[-113.42284, 53.52312], [-113.42362, 53.52222], [-113.43001, 53.5242], [-113.43986, 53.52426], [-113.43987, 53.52528], [-113.42992, 53.52523], [-113.42284, 53.52312]]]}}, {"type": "Feature", "properties": {"DAUID": "48110756", "penalty_weekday": 0.7067, "penalty_midday": 0.7179, "penalty_weekend": 0.7381, "penalty_avg": 0.7209}, "geometry": {"type": "Polygon", "coordinates": [[[-113.44288, 53.52777], [-113.43572, 53.52775], [-113.43299, 53.52838], [-113.43258, 53.52747], [-113.43254, 53.52527], [-113.44282, 53.52528], [-113.44288, 53.52777]]]}}, {"type": "Feature", "properties": {"DAUID": "48110757", "penalty_weekday": 0.7067, "penalty_midday": 0.7143, "penalty_weekend": 0.7215, "penalty_avg": 0.7142}, "geometry": {"type": "Polygon", "coordinates": [[[-113.42385, 53.52514], [-113.4249, 53.52377], [-113.42937, 53.52514], [-113.43254, 53.52527], [-113.43256, 53.5268], [-113.4238, 53.52677], [-113.42385, 53.52514]]]}}, {"type": "Feature", "properties": {"DAUID": "48110758", "penalty_weekday": 0.7179, "penalty_midday": 0.7215, "penalty_weekend": 0.7284, "penalty_avg": 0.7226}, "geometry": {"type": "Polygon", "coordinates": [[[-113.42373, 53.53042], [-113.4238, 53.52677], [-113.43256, 53.5268], [-113.43265, 53.52775], [-113.43394, 53.52982], [-113.43113, 53.53044], [-113.42373, 53.53042]]]}}, {"type": "Feature", "properties": {"DAUID": "48110759", "penalty_weekday": 0.6944, "penalty_midday": 0.6986, "penalty_weekend": 0.7105, "penalty_avg": 0.7012}, "geometry": {"type": "Polygon", "coordinates": [[[-113.41845, 53.53393], [-113.41854, 53.52675], [-113.4238, 53.52677], [-113.42364, 53.53392], [-113.41845, 53.53393]]]}}, {"type": "Feature", "properties": {"DAUID": "48110760", "penalty_weekday": 0.7067, "penalty_midday": 0.7179, "penalty_weekend": 0.7284, "penalty_avg": 0.7177}, "geometry": {"type": "Polygon", "coordinates": [[[-113.42364, 53.53392], [-113.42373, 53.53042], [-113.43113, 53.53044], [-113.43394, 53.52982], [-113.43586, 53.5327], [-113.43078, 53.53388], [-113.42364, 53.53392]]]}}, {"type": "Feature", "properties": {"DAUID": "48110765", "penalty_weekday": 0.6333, "penalty_midday": 0.6508, "penalty_weekend": 0.6667, "penalty_avg": 0.6503}, "geometry": {"type": "Polygon", "coordinates": [[[-113.41842, 53.54471], [-113.4184, 53.54123], [-113.42935, 53.54119], [-113.42934, 53.5436], [-113.42763, 53.54523], [-113.42617, 53.5447], [-113.41842, 53.54471]]]}}, {"type": "Feature", "properties": {"DAUID": "48110767", "penalty_weekday": 0.614, "penalty_midday": 0.6333, "penalty_weekend": 0.6508, "penalty_avg": 0.6327}, "geometry": {"type": "Polygon", "coordinates": [[[-113.4292, 53.54394], [-113.42935, 53.54119], [-113.43055, 53.54119], [-113.43079, 53.54187], [-113.43014, 53.54265], [-113.4335, 53.54385], [-113.43608, 53.54539], [-113.43785, 53.54581], [-113.43794, 53.54767], [-113.43601, 53.54937], [-113.43125, 53.54933], [-113.43098, 53.54695], [-113.42763, 53.54523], [-113.4292, 53.54394]]]}}, {"type": "Feature", "properties": {"DAUID": "48110768", "penalty_weekday": 0.5849, "penalty_midday": 0.6071, "penalty_weekend": 0.6271, "penalty_avg": 0.6064}, "geometry": {"type": "Polygon", "coordinates": [[[-113.42547, 53.54679], [-113.42763, 53.54523], [-113.43026, 53.54641], [-113.43109, 53.54712], [-113.43124, 53.55034], [-113.43278, 53.55034], [-113.43278, 53.55207], [-113.4322, 53.55316], [-113.43112, 53.55398], [-113.42991, 53.55343], [-113.43041, 53.55301], [-113.42923, 53.55248], [-113.42974, 53.55155], [-113.42957, 53.54933], [-113.42713, 53.54953], [-113.42651, 53.54765], [-113.42547, 53.54679]]]}}, {"type": "Feature", "properties": {"DAUID": "48110769", "penalty_weekday": 0.6271, "penalty_midday": 0.6452, "penalty_weekend": 0.6615, "penalty_avg": 0.6446}, "geometry": {"type": "Polygon", "coordinates": [[[-113.43296, 53.5555], [-113.43181, 53.55497], [-113.43081, 53.55568], [-113.42965, 53.55515], [-113.4322, 53.55316], [-113.43274, 53.55231], [-113.43278, 53.55034], [-113.43124, 53.55034], [-113.43125, 53.54933], [-113.43508, 53.54936], [-113.43579, 53.5505], [-113.43568, 53.55274], [-113.43495, 53.5539], [-113.43296, 53.5555]]]}}, {"type": "Feature", "properties": {"DAUID": "48110770", "penalty_weekday": 0.6716, "penalty_midday": 0.6765, "penalty_weekend": 0.7105, "penalty_avg": 0.6862}, "geometry": {"type": "Polygon", "coordinates": [[[-113.42243, 53.56201], [-113.41818, 53.56264], [-113.41794, 53.5622], [-113.41837, 53.56123], [-113.41836, 53.5585], [-113.42312, 53.55851], [-113.42286, 53.55742], [-113.4264, 53.5559], [-113.42532, 53.55518], [-113.42923, 53.55248], [-113.43041, 53.55301], [-113.42991, 53.55343], [-113.43112, 53.55398], [-113.42965, 53.55515], [-113.43081, 53.55568], [-113.43181, 53.55497], [-113.43296, 53.5555], [-113.4355, 53.55316], [-113.43579, 53.5505], [-113.43494, 53.54944], [-113.43601, 53.54937], [-113.43678, 53.55195], [-113.43485, 53.55575], [-113.43514, 53.55611], [-113.42771, 53.55999], [-113.42243, 53.56201]]]}}, {"type": "Feature", "properties": {"DAUID": "48110771", "penalty_weekday": 0.6452, "penalty_midday": 0.6562, "penalty_weekend": 0.6716, "penalty_avg": 0.6577}, "geometry": {"type": "Polygon", "coordinates": [[[-113.42656, 53.55454], [-113.42443, 53.553], [-113.42322, 53.55355], [-113.42048, 53.55118], [-113.42448, 53.54998], [-113.42957, 53.54933], [-113.42974, 53.55155], [-113.42923, 53.55248], [-113.42656, 53.55454]]]}}, {"type": "Feature", "properties": {"DAUID": "48110772", "penalty_weekday": 0.6615, "penalty_midday": 0.6667, "penalty_weekend": 0.6986, "penalty_avg": 0.6756}, "geometry": {"type": "Polygon", "coordinates": [[[-113.41836, 53.5585], [-113.41841, 53.55142], [-113.42048, 53.55118], [-113.42322, 53.55355], [-113.42443, 53.553], [-113.42656, 53.55454], [-113.42532, 53.55518], [-113.4264, 53.5559], [-113.42286, 53.55742], [-113.42312, 53.55851], [-113.41836, 53.5585]]]}}, {"type": "Feature", "properties": {"DAUID": "48110773", "penalty_weekday": 0.6333, "penalty_midday": 0.6393, "penalty_weekend": 0.6508, "penalty_avg": 0.6412}, "geometry": {"type": "Polygon", "coordinates": [[[-113.41294, 53.5546], [-113.41297, 53.5541], [-113.41484, 53.55411], [-113.41518, 53.55277], [-113.41466, 53.55214], [-113.4128, 53.55199], [-113.41278, 53.55103], [-113.41841, 53.55142], [-113.41839, 53.55759], [-113.41379, 53.55758], [-113.4138, 53.55584], [-113.41294, 53.5546]]]}}, {"type": "Feature", "properties": {"DAUID": "48110774", "penalty_weekday": 0.6333, "penalty_midday": 0.6333, "penalty_weekend": 0.6393, "penalty_avg": 0.6353}, "geometry": {"type": "Polygon", "coordinates": [[[-113.40993, 53.55398], [-113.41297, 53.5541], [-113.41301, 53.55477], [-113.4138, 53.55584], [-113.41379, 53.55758], [-113.41839, 53.55759], [-113.41836, 53.5585], [-113.41315, 53.55846], [-113.41063, 53.55746], [-113.40872, 53.55514], [-113.4089, 53.55465], [-113.40993, 53.55398]]]}}, {"type": "Feature", "properties": {"DAUID": "48110775", "penalty_weekday": 0.614, "penalty_midday": 0.614, "penalty_weekend": 0.614, "penalty_avg": 0.614}, "geometry": {"type": "Polygon", "coordinates": [[[-113.40534, 53.5522], [-113.40568, 53.54956], [-113.40663, 53.54843], [-113.40987, 53.54826], [-113.4099, 53.55103], [-113.40856, 53.55104], [-113.40869, 53.55239], [-113.40845, 53.55272], [-113.40611, 53.55282], [-113.40534, 53.5522]]]}}, {"type": "Feature", "properties": {"DAUID": "48110776", "penalty_weekday": 0.6452, "penalty_midday": 0.6452, "penalty_weekend": 0.6615, "penalty_avg": 0.6506}, "geometry": {"type": "Polygon", "coordinates": [[[-113.4099, 53.55103], [-113.40987, 53.54826], [-113.41127, 53.54827], [-113.4113, 53.54745], [-113.41841, 53.54745], [-113.41841, 53.55142], [-113.4099, 53.55103]]]}}, {"type": "Feature", "properties": {"DAUID": "48110777", "penalty_weekday": 0.6452, "penalty_midday": 0.6393, "penalty_weekend": 0.6615, "penalty_avg": 0.6487}, "geometry": {"type": "Polygon", "coordinates": [[[-113.40794, 53.54741], [-113.40819, 53.54383], [-113.41131, 53.54384], [-113.4113, 53.54469], [-113.41842, 53.54471], [-113.41841, 53.54745], [-113.40794, 53.54741]]]}}, {"type": "Feature", "properties": {"DAUID": "48110778", "penalty_weekday": 0.6207, "penalty_midday": 0.6393, "penalty_weekend": 0.6562, "penalty_avg": 0.6388}, "geometry": {"type": "Polygon", "coordinates": [[[-113.41841, 53.55142], [-113.41842, 53.54471], [-113.42617, 53.5447], [-113.42763, 53.54523], [-113.42547, 53.54679], [-113.42651, 53.54765], [-113.42713, 53.54953], [-113.42448, 53.54998], [-113.41969, 53.55138], [-113.41841, 53.55142]]]}}, {"type": "Feature", "properties": {"DAUID": "48110779", "penalty_weekday": 0.6452, "penalty_midday": 0.6508, "penalty_weekend": 0.6716, "penalty_avg": 0.6559}, "geometry": {"type": "Polygon", "coordinates": [[[-113.4113, 53.54469], [-113.41131, 53.54384], [-113.41047, 53.54384], [-113.41219, 53.54267], [-113.41409, 53.54269], [-113.41502, 53.54234], [-113.41635, 53.54235], [-113.41656, 53.54286], [-113.41843, 53.5426], [-113.41842, 53.54471], [-113.4113, 53.54469]]]}}, {"type": "Feature", "properties": {"DAUID": "48110780", "penalty_weekday": 0.6207, "penalty_midday": 0.6207, "penalty_weekend": 0.6207, "penalty_avg": 0.6207}, "geometry": {"type": "Polygon", "coordinates": [[[-113.40226, 53.55657], [-113.40083, 53.54125], [-113.4184, 53.54123], [-113.41843, 53.5426], [-113.41656, 53.54286], [-113.41635, 53.54235], [-113.41502, 53.54234], [-113.41409, 53.54269], [-113.41219, 53.54267], [-113.41047, 53.54384], [-113.40819, 53.54383], [-113.40789, 53.54735], [-113.4113, 53.54745], [-113.41127, 53.54827], [-113.40663, 53.54843], [-113.40568, 53.54956], [-113.40534, 53.5522], [-113.40583, 53.55276], [-113.40806, 53.55286], [-113.40867, 53.5525], [-113.40856, 53.55104], [-113.41278, 53.55103], [-113.41286, 53.55203], [-113.41509, 53.55238], [-113.41484, 53.55411], [-113.41009, 53.55395], [-113.4089, 53.55465], [-113.40872, 53.55514], [-113.4102, 53.55719], [-113.41268, 53.55836], [-113.41836, 53.5585], [-113.41837, 53.56123], [-113.41794, 53.5622], [-113.41818, 53.56264], [-113.41323, 53.56251], [-113.41012, 53.56169], [-113.40531, 53.55945], [-113.40226, 53.55657]]]}}, {"type": "Feature", "properties": {"DAUID": "48110785", "penalty_weekday": 0.6901, "penalty_midday": 0.6944, "penalty_weekend": 0.7027, "penalty_avg": 0.6958}, "geometry": {"type": "Polygon", "coordinates": [[[-113.42723, 53.52334], [-113.42362, 53.52222], [-113.42284, 53.52312], [-113.41845, 53.52176], [-113.41839, 53.51812], [-113.42282, 53.51804], [-113.42286, 53.52019], [-113.42585, 53.52021], [-113.4259, 53.52092], [-113.42719, 53.52115], [-113.42723, 53.52334]]]}}, {"type": "Feature", "properties": {"DAUID": "48110786", "penalty_weekday": 0.7067, "penalty_midday": 0.7105, "penalty_weekend": 0.7179, "penalty_avg": 0.7117}, "geometry": {"type": "Polygon", "coordinates": [[[-113.41854, 53.52675], [-113.41845, 53.52176], [-113.4249, 53.52377], [-113.42385, 53.52514], [-113.4238, 53.52677], [-113.41854, 53.52675]]]}}, {"type": "Feature", "properties": {"DAUID": "48110787", "penalty_weekday": 0.7027, "penalty_midday": 0.7215, "penalty_weekend": 0.7471, "penalty_avg": 0.7238}, "geometry": {"type": "Polygon", "coordinates": [[[-113.42286, 53.52019], [-113.42282, 53.51804], [-113.43679, 53.51805], [-113.4368, 53.52117], [-113.42666, 53.52114], [-113.42586, 53.52089], [-113.42585, 53.52021], [-113.42286, 53.52019]]]}}, {"type": "Feature", "properties": {"DAUID": "48110788", "penalty_weekday": 0.6765, "penalty_midday": 0.7067, "penalty_weekend": 0.7412, "penalty_avg": 0.7081}, "geometry": {"type": "Polygon", "coordinates": [[[-113.43681, 53.51688], [-113.43682, 53.51611], [-113.44281, 53.5161], [-113.44281, 53.51905], [-113.43678, 53.51904], [-113.43679, 53.51805], [-113.43618, 53.51803], [-113.43681, 53.51688]]]}}, {"type": "Feature", "properties": {"DAUID": "48110789", "penalty_weekday": 0.6986, "penalty_midday": 0.7284, "penalty_weekend": 0.7609, "penalty_avg": 0.7293}, "geometry": {"type": "Polygon", "coordinates": [[[-113.43635, 53.51283], [-113.4368, 53.51232], [-113.44281, 53.51226], [-113.44281, 53.5161], [-113.43682, 53.51611], [-113.43676, 53.51342], [-113.43635, 53.51283]]]}}, {"type": "Feature", "properties": {"DAUID": "48110790", "penalty_weekday": 0.7284, "penalty_midday": 0.7471, "penalty_weekend": 0.7864, "penalty_avg": 0.754}, "geometry": {"type": "Polygon", "coordinates": [[[-113.4186, 53.5181], [-113.43502, 53.5097], [-113.44263, 53.50586], [-113.44281, 53.51226], [-113.4368, 53.51232], [-113.43635, 53.51283], [-113.43676, 53.51342], [-113.43681, 53.51688], [-113.43618, 53.51803], [-113.4186, 53.5181]]]}}, {"type": "Feature", "properties": {"DAUID": "48110791", "penalty_weekday": 0.0, "penalty_midday": 0.0, "penalty_weekend": 0.0, "penalty_avg": 0.0}, "geometry": {"type": "Polygon", "coordinates": [[[-113.37899, 53.57293], [-113.37189, 53.57049], [-113.37601, 53.56615], [-113.37704, 53.56452], [-113.37784, 53.56245], [-113.37805, 53.55862], [-113.37958, 53.55473], [-113.38106, 53.55305], [-113.38504, 53.5512], [-113.39158, 53.5505], [-113.39557, 53.55177], [-113.40226, 53.55657], [-113.40191, 53.55781], [-113.39632, 53.55787], [-113.39633, 53.55876], [-113.3905, 53.55876], [-113.38971, 53.55839], [-113.38866, 53.5591], [-113.38641, 53.5609], [-113.38591, 53.56259], [-113.38654, 53.56411], [-113.38832, 53.56619], [-113.38623, 53.56602], [-113.38507, 53.5645], [-113.38344, 53.56503], [-113.3815, 53.56637], [-113.38099, 53.56708], [-113.38112, 53.56794], [-113.38176, 53.56857], [-113.38585, 53.56951], [-113.3865, 53.56987], [-113.38723, 53.57093], [-113.38647, 53.57122], [-113.38602, 53.57086], [-113.3818, 53.57294], [-113.37899, 53.57293]]]}}, {"type": "Feature", "properties": {"DAUID": "48110792", "penalty_weekday": 0.0, "penalty_midday": 0.0, "penalty_weekend": 0.0, "penalty_avg": 0.0}, "geometry": {"type": "Polygon", "coordinates": [[[-113.38866, 53.5591], [-113.38971, 53.55839], [-113.3905, 53.55876], [-113.39633, 53.55876], [-113.39633, 53.56412], [-113.39369, 53.56413], [-113.39371, 53.55966], [-113.39038, 53.55966], [-113.38866, 53.5591]]]}}, {"type": "Feature", "properties": {"DAUID": "48110793", "penalty_weekday": 0.0, "penalty_midday": 0.0, "penalty_weekend": 0.0, "penalty_avg": 0.0}, "geometry": {"type": "Polygon", "coordinates": [[[-113.38724, 53.56488], [-113.38967, 53.56411], [-113.38889, 53.56242], [-113.3896, 53.56128], [-113.38839, 53.56074], [-113.38988, 53.5596], [-113.39371, 53.55966], [-113.39369, 53.56598], [-113.38832, 53.56619], [-113.38724, 53.56488]]]}}, {"type": "Feature", "properties": {"DAUID": "48110794", "penalty_weekday": 0.0, "penalty_midday": 0.0, "penalty_weekend": 0.0, "penalty_avg": 0.0}, "geometry": {"type": "Polygon", "coordinates": [[[-113.38724, 53.56488], [-113.38604, 53.56304], [-113.38598, 53.56213], [-113.38641, 53.5609], [-113.38866, 53.5591], [-113.38988, 53.5596], [-113.38839, 53.56074], [-113.3896, 53.56128], [-113.38889, 53.56242], [-113.38967, 53.56411], [-113.38724, 53.56488]]]}}, {"type": "Feature", "properties": {"DAUID": "48110795", "penalty_weekday": 0.0, "penalty_midday": 0.0, "penalty_weekend": 0.0, "penalty_avg": 0.0}, "geometry": {"type": "Polygon", "coordinates": [[[-113.39058, 53.56884], [-113.38755, 53.56851], [-113.38707, 53.56622], [-113.39059, 53.56605], [-113.39058, 53.56884]]]}}, {"type": "Feature", "properties": {"DAUID": "48110796", "penalty_weekday": 0.0, "penalty_midday": 0.0, "penalty_weekend": 0.0, "penalty_avg": 0.0}, "geometry": {"type": "Polygon", "coordinates": [[[-113.39058, 53.56884], [-113.39059, 53.56605], [-113.39369, 53.56598], [-113.39368, 53.56883], [-113.39058, 53.56884]]]}}, {"type": "Feature", "properties": {"DAUID": "48110797", "penalty_weekday": 0.0, "penalty_midday": 0.0, "penalty_weekend": 0.0, "penalty_avg": 0.0}, "geometry": {"type": "Polygon", "coordinates": [[[-113.39361, 53.57044], [-113.39369, 53.56413], [-113.39633, 53.56412], [-113.39633, 53.56679], [-113.39994, 53.5668], [-113.39993, 53.57034], [-113.39361, 53.57044]]]}}, {"type": "Feature", "properties": {"DAUID": "48110798", "penalty_weekday": 0.0, "penalty_midday": 0.0, "penalty_weekend": 0.0, "penalty_avg": 0.0}, "geometry": {"type": "Polygon", "coordinates": [[[-113.39633, 53.56679], [-113.39632, 53.56323], [-113.40295, 53.56323], [-113.40296, 53.56412], [-113.40604, 53.56411], [-113.40604, 53.56679], [-113.39633, 53.56679]]]}}, {"type": "Feature", "properties": {"DAUID": "48110799", "penalty_weekday": 0.0833, "penalty_midday": 0.0833, "penalty_weekend": 0.0833, "penalty_avg": 0.0833}, "geometry": {"type": "Polygon", "coordinates": [[[-113.39993, 53.57034], [-113.39994, 53.5668], [-113.40912, 53.5668], [-113.40914, 53.57033], [-113.39993, 53.57034]]]}}, {"type": "Feature", "properties": {"DAUID": "48110800", "penalty_weekday": 0.0, "penalty_midday": 0.0, "penalty_weekend": 0.0, "penalty_avg": 0.0}, "geometry": {"type": "Polygon", "coordinates": [[[-113.39837, 53.57353], [-113.39839, 53.57035], [-113.40762, 53.57033], [-113.4076, 53.5719], [-113.40296, 53.5719], [-113.40298, 53.57353], [-113.39837, 53.57353]]]}}, {"type": "Feature", "properties": {"DAUID": "48110801", "penalty_weekday": 0.1852, "penalty_midday": 0.1852, "penalty_weekend": 0.2414, "penalty_avg": 0.2039}, "geometry": {"type": "Polygon", "coordinates": [[[-113.40914, 53.57033], [-113.40913, 53.56769], [-113.41838, 53.56766], [-113.41839, 53.57039], [-113.40914, 53.57033]]]}}, {"type": "Feature", "properties": {"DAUID": "48110802", "penalty_weekday": 0.2143, "penalty_midday": 0.2414, "penalty_weekend": 0.2667, "penalty_avg": 0.2408}, "geometry": {"type": "Polygon", "coordinates": [[[-113.40604, 53.56679], [-113.40604, 53.56411], [-113.40886, 53.56411], [-113.41135, 53.56511], [-113.41504, 53.56537], [-113.41528, 53.56589], [-113.41839, 53.56589], [-113.41838, 53.56766], [-113.40913, 53.56769], [-113.40912, 53.5668], [-113.40604, 53.56679]]]}}, {"type": "Feature", "properties": {"DAUID": "48110803", "penalty_weekday": 0.3125, "penalty_midday": 0.3125, "penalty_weekend": 0.3125, "penalty_avg": 0.3125}, "geometry": {"type": "Polygon", "coordinates": [[[-113.39632, 53.56323], [-113.39632, 53.55787], [-113.40191, 53.55781], [-113.40226, 53.55657], [-113.40531, 53.55945], [-113.41012, 53.56169], [-113.41323, 53.56251], [-113.41818, 53.56264], [-113.41809, 53.56408], [-113.41852, 53.56561], [-113.41839, 53.56589], [-113.41528, 53.56589], [-113.41504, 53.56537], [-113.41135, 53.56511], [-113.40886, 53.56411], [-113.40296, 53.56412], [-113.40295, 53.56323], [-113.39632, 53.56323]]]}}, {"type": "Feature", "properties": {"DAUID": "48110804", "penalty_weekday": 0.2667, "penalty_midday": 0.2667, "penalty_weekend": 0.2903, "penalty_avg": 0.2746}, "geometry": {"type": "Polygon", "coordinates": [[[-113.41852, 53.56561], [-113.42152, 53.56523], [-113.42152, 53.56725], [-113.42303, 53.56725], [-113.42302, 53.57036], [-113.41839, 53.57039], [-113.41852, 53.56561]]]}}, {"type": "Feature", "properties": {"DAUID": "48110805", "penalty_weekday": 0.3333, "penalty_midday": 0.3529, "penalty_weekend": 0.3333, "penalty_avg": 0.3399}, "geometry": {"type": "Polygon", "coordinates": [[[-113.42152, 53.56725], [-113.42152, 53.56523], [-113.42939, 53.56439], [-113.43155, 53.56361], [-113.43342, 53.56592], [-113.42789, 53.56722], [-113.42152, 53.56725]]]}}, {"type": "Feature", "properties": {"DAUID": "48110806", "penalty_weekday": 0.56, "penalty_midday": 0.56, "penalty_weekend": 0.551, "penalty_avg": 0.557}, "geometry": {"type": "Polygon", "coordinates": [[[-113.43342, 53.56592], [-113.43155, 53.56361], [-113.42898, 53.56445], [-113.41852, 53.56561], [-113.41809, 53.56408], [-113.41818, 53.56264], [-113.42243, 53.56201], [-113.42429, 53.56144], [-113.43587, 53.55576], [-113.43824, 53.55497], [-113.43963, 53.55735], [-113.44261, 53.56017], [-113.44146, 53.56047], [-113.44212, 53.56143], [-113.44086, 53.56193], [-113.44213, 53.56381], [-113.43342, 53.56592]]]}}, {"type": "Feature", "properties": {"DAUID": "48110807", "penalty_weekday": 0.4884, "penalty_midday": 0.4884, "penalty_weekend": 0.4634, "penalty_avg": 0.4801}, "geometry": {"type": "Polygon", "coordinates": [[[-113.45446, 53.5614], [-113.44213, 53.56381], [-113.44086, 53.56193], [-113.44212, 53.56143], [-113.44146, 53.56047], [-113.44432, 53.55978], [-113.4494, 53.55788], [-113.45159, 53.56001], [-113.45366, 53.55969], [-113.45446, 53.5614]]]}}, {"type": "Feature", "properties": {"DAUID": "48110808", "penalty_weekday": 0.6393, "penalty_midday": 0.6508, "penalty_weekend": 0.6615, "penalty_avg": 0.6506}, "geometry": {"type": "Polygon", "coordinates": [[[-113.44697, 53.55334], [-113.43921, 53.5547], [-113.43514, 53.55611], [-113.43485, 53.55575], [-113.43678, 53.55195], [-113.43601, 53.54937], [-113.44928, 53.54935], [-113.44908, 53.55341], [-113.44697, 53.55334]]]}}, {"type": "Feature", "properties": {"DAUID": "48110809", "penalty_weekday": 0.6716, "penalty_midday": 0.6812, "penalty_weekend": 0.6901, "penalty_avg": 0.681}, "geometry": {"type": "Polygon", "coordinates": [[[-113.44908, 53.55341], [-113.44928, 53.54935], [-113.4461, 53.54933], [-113.44616, 53.54795], [-113.4525, 53.54794], [-113.4525, 53.54936], [-113.45713, 53.54935], [-113.45948, 53.55007], [-113.466, 53.54901], [-113.46733, 53.55079], [-113.46755, 53.55191], [-113.46697, 53.55321], [-113.4657, 53.55399], [-113.46202, 53.55497], [-113.45761, 53.55466], [-113.44908, 53.55341]]]}}, {"type": "Feature", "properties": {"DAUID": "48110810", "penalty_weekday": 0.6562, "penalty_midday": 0.6667, "penalty_weekend": 0.6857, "penalty_avg": 0.6695}, "geometry": {"type": "Polygon", "coordinates": [[[-113.45094, 53.54794], [-113.45094, 53.54633], [-113.45716, 53.54634], [-113.45713, 53.54935], [-113.4525, 53.54936], [-113.4525, 53.54794], [-113.45094, 53.54794]]]}}, {"type": "Feature", "properties": {"DAUID": "48110811", "penalty_weekday": 0.6562, "penalty_midday": 0.6667, "penalty_weekend": 0.7027, "penalty_avg": 0.6752}, "geometry": {"type": "Polygon", "coordinates": [[[-113.44616, 53.54384], [-113.44719, 53.54332], [-113.45095, 53.54311], [-113.45094, 53.54794], [-113.44616, 53.54795], [-113.44616, 53.54384]]]}}, {"type": "Feature", "properties": {"DAUID": "48110812", "penalty_weekday": 0.6857, "penalty_midday": 0.6857, "penalty_weekend": 0.7143, "penalty_avg": 0.6952}, "geometry": {"type": "Polygon", "coordinates": [[[-113.44931, 53.54313], [-113.4493, 53.54122], [-113.4556, 53.54122], [-113.45559, 53.54635], [-113.45094, 53.54633], [-113.45095, 53.54311], [-113.44931, 53.54313]]]}}, {"type": "Feature", "properties": {"DAUID": "48110813", "penalty_weekday": 0.6986, "penalty_midday": 0.7067, "penalty_weekend": 0.7143, "penalty_avg": 0.7065}, "geometry": {"type": "Polygon", "coordinates": [[[-113.466, 53.54901], [-113.45948, 53.55007], [-113.45713, 53.54935], [-113.45716, 53.54634], [-113.45559, 53.54635], [-113.4556, 53.54122], [-113.45094, 53.54121], [-113.45095, 53.54012], [-113.45181, 53.53995], [-113.45179, 53.53872], [-113.45344, 53.53868], [-113.45339, 53.53754], [-113.45619, 53.53731], [-113.45679, 53.53747], [-113.4567, 53.53785], [-113.46089, 53.5383], [-113.46696, 53.53825], [-113.46301, 53.53894], [-113.45895, 53.54123], [-113.46141, 53.54129], [-113.46099, 53.54328], [-113.46154, 53.54467], [-113.46368, 53.54709], [-113.466, 53.54901]]]}}, {"type": "Feature", "properties": {"DAUID": "48110814", "penalty_weekday": 0.6857, "penalty_midday": 0.6944, "penalty_weekend": 0.7349, "penalty_avg": 0.705}, "geometry": {"type": "Polygon", "coordinates": [[[-113.45094, 53.54121], [-113.44331, 53.54121], [-113.44287, 53.53759], [-113.45339, 53.53754], [-113.45344, 53.53868], [-113.45179, 53.53872], [-113.45181, 53.53995], [-113.45095, 53.54012], [-113.45094, 53.54121]]]}}, {"type": "Feature", "properties": {"DAUID": "48110815", "penalty_weekday": 0.6944, "penalty_midday": 0.7105, "penalty_weekend": 0.7381, "penalty_avg": 0.7144}, "geometry": {"type": "Polygon", "coordinates": [[[-113.44287, 53.53759], [-113.44292, 53.53399], [-113.44522, 53.53393], [-113.44863, 53.53325], [-113.44925, 53.5342], [-113.44928, 53.53753], [-113.44287, 53.53759]]]}}, {"type": "Feature", "properties": {"DAUID": "48110818", "penalty_weekday": 0.6857, "penalty_midday": 0.6901, "penalty_weekend": 0.7027, "penalty_avg": 0.6929}, "geometry": {"type": "Polygon", "coordinates": [[[-113.43794, 53.54767], [-113.43785, 53.54581], [-113.43608, 53.54539], [-113.4335, 53.54385], [-113.43014, 53.54265], [-113.43079, 53.54187], [-113.43055, 53.54119], [-113.43843, 53.54119], [-113.43841, 53.54472], [-113.43994, 53.54472], [-113.43996, 53.54577], [-113.44055, 53.54622], [-113.44133, 53.54626], [-113.44294, 53.54515], [-113.44298, 53.5412], [-113.44331, 53.54121], [-113.44331, 53.5445], [-113.44284, 53.54571], [-113.43943, 53.54818], [-113.43834, 53.54939], [-113.43601, 53.54937], [-113.43794, 53.54767]]]}}, {"type": "Feature", "properties": {"DAUID": "48110819", "penalty_weekday": 0.6901, "penalty_midday": 0.6944, "penalty_weekend": 0.7143, "penalty_avg": 0.6996}, "geometry": {"type": "Polygon", "coordinates": [[[-113.43841, 53.54472], [-113.43843, 53.54119], [-113.44298, 53.5412], [-113.44294, 53.54515], [-113.44162, 53.54619], [-113.44055, 53.54622], [-113.43993, 53.54571], [-113.43994, 53.54472], [-113.43841, 53.54472]]]}}, {"type": "Feature", "properties": {"DAUID": "48110820", "penalty_weekday": 0.6765, "penalty_midday": 0.6765, "penalty_weekend": 0.7067, "penalty_avg": 0.6865}, "geometry": {"type": "Polygon", "coordinates": [[[-113.4461, 53.54933], [-113.43834, 53.54939], [-113.43943, 53.54818], [-113.44215, 53.54636], [-113.44301, 53.54545], [-113.44331, 53.5445], [-113.44331, 53.54121], [-113.4493, 53.54122], [-113.44931, 53.54313], [-113.44692, 53.54338], [-113.44616, 53.54384], [-113.4461, 53.54933]]]}}, {"type": "Feature", "properties": {"DAUID": "48110821", "penalty_weekday": 0.7067, "penalty_midday": 0.7381, "penalty_weekend": 0.75, "penalty_avg": 0.7316}, "geometry": {"type": "Polygon", "coordinates": [[[-113.43745, 53.53234], [-113.43586, 53.5327], [-113.43299, 53.52838], [-113.43572, 53.52775], [-113.44288, 53.52777], [-113.44292, 53.5323], [-113.43745, 53.53234]]]}}, {"type": "Feature", "properties": {"DAUID": "48110822", "penalty_weekday": 0.6812, "penalty_midday": 0.7179, "penalty_weekend": 0.7317, "penalty_avg": 0.7103}, "geometry": {"type": "Polygon", "coordinates": [[[-113.45577, 53.53179], [-113.45327, 53.53179], [-113.44863, 53.53325], [-113.44522, 53.53393], [-113.44292, 53.53399], [-113.44289, 53.5305], [-113.45069, 53.53046], [-113.45206, 53.52925], [-113.45516, 53.53046], [-113.45577, 53.53179]]]}}, {"type": "Feature", "properties": {"DAUID": "48110823", "penalty_weekday": 0.7027, "penalty_midday": 0.725, "penalty_weekend": 0.7442, "penalty_avg": 0.724}, "geometry": {"type": "Polygon", "coordinates": [[[-113.44289, 53.5305], [-113.44282, 53.52528], [-113.44908, 53.52521], [-113.44911, 53.52683], [-113.44725, 53.52684], [-113.4463, 53.52906], [-113.44631, 53.53049], [-113.44289, 53.5305]]]}}, {"type": "Feature", "properties": {"DAUID": "48110824", "penalty_weekday": 0.6901, "penalty_midday": 0.7067, "penalty_weekend": 0.7349, "penalty_avg": 0.7106}, "geometry": {"type": "Polygon", "coordinates": [[[-113.4463, 53.52906], [-113.44725, 53.52684], [-113.45324, 53.52681], [-113.45338, 53.52785], [-113.45088, 53.53042], [-113.44631, 53.53049], [-113.4463, 53.52906]]]}}, {"type": "Feature", "properties": {"DAUID": "48110825", "penalty_weekday": 0.6812, "penalty_midday": 0.6944, "penalty_weekend": 0.725, "penalty_avg": 0.7002}, "geometry": {"type": "Polygon", "coordinates": [[[-113.45331, 53.52684], [-113.44911, 53.52683], [-113.44908, 53.52521], [-113.45748, 53.52508], [-113.45745, 53.52541], [-113.45786, 53.52535], [-113.4575, 53.52559], [-113.45747, 53.52774], [-113.45338, 53.52785], [-113.45331, 53.52684]]]}}, {"type": "Feature", "properties": {"DAUID": "48110826", "penalty_weekday": 0.6765, "penalty_midday": 0.6944, "penalty_weekend": 0.725, "penalty_avg": 0.6986}, "geometry": {"type": "Polygon", "coordinates": [[[-113.45328, 53.52792], [-113.45747, 53.52774], [-113.45751, 53.53177], [-113.45577, 53.53179], [-113.45516, 53.53046], [-113.45206, 53.52925], [-113.45328, 53.52792]]]}}, {"type": "Feature", "properties": {"DAUID": "48110827", "penalty_weekday": 0.6508, "penalty_midday": 0.6857, "penalty_weekend": 0.7143, "penalty_avg": 0.6836}, "geometry": {"type": "Polygon", "coordinates": [[[-113.45745, 53.52541], [-113.45748, 53.52508], [-113.45896, 53.52528], [-113.46538, 53.52872], [-113.46539, 53.53081], [-113.46693, 53.53081], [-113.46694, 53.53174], [-113.45751, 53.53177], [-113.45745, 53.5259], [-113.45786, 53.52535], [-113.45745, 53.52541]]]}}, {"type": "Feature", "properties": {"DAUID": "48110828", "penalty_weekday": 0.6562, "penalty_midday": 0.7027, "penalty_weekend": 0.7381, "penalty_avg": 0.699}, "geometry": {"type": "Polygon", "coordinates": [[[-113.46385, 53.52803], [-113.45896, 53.52528], [-113.45748, 53.52508], [-113.4582, 53.52475], [-113.45916, 53.52349], [-113.46065, 53.52348], [-113.46065, 53.52437], [-113.46383, 53.52436], [-113.46384, 53.52523], [-113.46688, 53.52533], [-113.46689, 53.52717], [-113.46386, 53.52719], [-113.46385, 53.52803]]]}}, {"type": "Feature", "properties": {"DAUID": "48110829", "penalty_weekday": 0.6716, "penalty_midday": 0.7105, "penalty_weekend": 0.75, "penalty_avg": 0.7107}, "geometry": {"type": "Polygon", "coordinates": [[[-113.46689, 53.52717], [-113.46689, 53.52348], [-113.47309, 53.5235], [-113.47312, 53.52714], [-113.46689, 53.52717]]]}}, {"type": "Feature", "properties": {"DAUID": "48110830", "penalty_weekday": 0.6857, "penalty_midday": 0.7143, "penalty_weekend": 0.75, "penalty_avg": 0.7167}, "geometry": {"type": "Polygon", "coordinates": [[[-113.46383, 53.52436], [-113.46065, 53.52437], [-113.46107, 53.521], [-113.46744, 53.52099], [-113.46744, 53.52194], [-113.47308, 53.52193], [-113.47309, 53.5235], [-113.46689, 53.52348], [-113.46688, 53.52533], [-113.46384, 53.52523], [-113.46383, 53.52436]]]}}, {"type": "Feature", "properties": {"DAUID": "48110831", "penalty_weekday": 0.6944, "penalty_midday": 0.7105, "penalty_weekend": 0.7442, "penalty_avg": 0.7164}, "geometry": {"type": "Polygon", "coordinates": [[[-113.46744, 53.52099], [-113.46107, 53.521], [-113.46137, 53.51803], [-113.47015, 53.51803], [-113.47017, 53.52004], [-113.46743, 53.52004], [-113.46744, 53.52099]]]}}, {"type": "Feature", "properties": {"DAUID": "48110832", "penalty_weekday": 0.6944, "penalty_midday": 0.7067, "penalty_weekend": 0.7381, "penalty_avg": 0.7131}, "geometry": {"type": "Polygon", "coordinates": [[[-113.45832, 53.51804], [-113.45831, 53.51514], [-113.46437, 53.51513], [-113.46439, 53.51803], [-113.45832, 53.51804]]]}}, {"type": "Feature", "properties": {"DAUID": "48110833", "penalty_weekday": 0.7215, "penalty_midday": 0.7284, "penalty_weekend": 0.7556, "penalty_avg": 0.7352}, "geometry": {"type": "Polygon", "coordinates": [[[-113.46134, 53.51514], [-113.46133, 53.51229], [-113.46741, 53.51229], [-113.46741, 53.51513], [-113.46134, 53.51514]]]}}, {"type": "Feature", "properties": {"DAUID": "48110834", "penalty_weekday": 0.6901, "penalty_midday": 0.7143, "penalty_weekend": 0.7442, "penalty_avg": 0.7162}, "geometry": {"type": "Polygon", "coordinates": [[[-113.45504, 53.5181], [-113.45512, 53.5142], [-113.45209, 53.5142], [-113.45208, 53.51228], [-113.46133, 53.51229], [-113.46134, 53.51514], [-113.45831, 53.51514], [-113.45832, 53.51804], [-113.45504, 53.5181]]]}}, {"type": "Feature", "properties": {"DAUID": "48110835", "penalty_weekday": 0.7067, "penalty_midday": 0.7143, "penalty_weekend": 0.7442, "penalty_avg": 0.7217}, "geometry": {"type": "Polygon", "coordinates": [[[-113.46439, 53.51803], [-113.46437, 53.51513], [-113.46741, 53.51513], [-113.46741, 53.51229], [-113.47221, 53.51286], [-113.47495, 53.51534], [-113.47445, 53.51812], [-113.46439, 53.51803]]]}}, {"type": "Feature", "properties": {"DAUID": "48110836", "penalty_weekday": 0.7349, "penalty_midday": 0.7471, "penalty_weekend": 0.7684, "penalty_avg": 0.7502}, "geometry": {"type": "Polygon", "coordinates": [[[-113.47672, 53.51228], [-113.46962, 53.51224], [-113.46971, 53.51253], [-113.46852, 53.51261], [-113.4655, 53.51203], [-113.46423, 53.51083], [-113.4643, 53.5092], [-113.46478, 53.50847], [-113.47344, 53.50849], [-113.47346, 53.51133], [-113.47649, 53.51134], [-113.47672, 53.51228]]]}}, {"type": "Feature", "properties": {"DAUID": "48110837", "penalty_weekday": 0.6986, "penalty_midday": 0.7143, "penalty_weekend": 0.7349, "penalty_avg": 0.716}, "geometry": {"type": "Polygon", "coordinates": [[[-113.47971, 53.5181], [-113.47445, 53.51812], [-113.47495, 53.51534], [-113.47463, 53.51481], [-113.47221, 53.51286], [-113.46971, 53.51253], [-113.46962, 53.51224], [-113.47672, 53.51228], [-113.47669, 53.51325], [-113.47977, 53.51326], [-113.47971, 53.5181]]]}}, {"type": "Feature", "properties": {"DAUID": "48110838", "penalty_weekday": 0.7179, "penalty_midday": 0.7284, "penalty_weekend": 0.75, "penalty_avg": 0.7321}, "geometry": {"type": "Polygon", "coordinates": [[[-113.47346, 53.51133], [-113.47344, 53.50849], [-113.47978, 53.50848], [-113.47977, 53.51326], [-113.47669, 53.51325], [-113.47649, 53.51134], [-113.47346, 53.51133]]]}}, {"type": "Feature", "properties": {"DAUID": "48110839", "penalty_weekday": 0.7067, "penalty_midday": 0.7105, "penalty_weekend": 0.7284, "penalty_avg": 0.7152}, "geometry": {"type": "Polygon", "coordinates": [[[-113.47977, 53.51228], [-113.47978, 53.50855], [-113.48608, 53.50854], [-113.48605, 53.51231], [-113.47977, 53.51228]]]}}, {"type": "Feature", "properties": {"DAUID": "48110840", "penalty_weekday": 0.725, "penalty_midday": 0.725, "penalty_weekend": 0.7412, "penalty_avg": 0.7304}, "geometry": {"type": "Polygon", "coordinates": [[[-113.47646, 53.50848], [-113.47644, 53.5057], [-113.48284, 53.50569], [-113.48285, 53.50854], [-113.47646, 53.50848]]]}}, {"type": "Feature", "properties": {"DAUID": "48110841", "penalty_weekday": 0.7067, "penalty_midday": 0.7067, "penalty_weekend": 0.7215, "penalty_avg": 0.7116}, "geometry": {"type": "Polygon", "coordinates": [[[-113.47644, 53.5057], [-113.47645, 53.5029], [-113.48613, 53.50288], [-113.48612, 53.49994], [-113.49143, 53.49994], [-113.49289, 53.50856], [-113.48285, 53.50854], [-113.48284, 53.50569], [-113.47644, 53.5057]]]}}, {"type": "Feature", "properties": {"DAUID": "48110842", "penalty_weekday": 0.725, "penalty_midday": 0.7284, "penalty_weekend": 0.7381, "penalty_avg": 0.7305}, "geometry": {"type": "Polygon", "coordinates": [[[-113.47645, 53.5029], [-113.47647, 53.49987], [-113.48612, 53.49994], [-113.48613, 53.50288], [-113.47645, 53.5029]]]}}, {"type": "Feature", "properties": {"DAUID": "48110843", "penalty_weekday": 0.7317, "penalty_midday": 0.7528, "penalty_weekend": 0.7684, "penalty_avg": 0.751}, "geometry": {"type": "Polygon", "coordinates": [[[-113.47039, 53.50569], [-113.47039, 53.50291], [-113.47189, 53.50291], [-113.47195, 53.5019], [-113.47646, 53.50188], [-113.47644, 53.5057], [-113.47039, 53.50569]]]}}, {"type": "Feature", "properties": {"DAUID": "48110844", "penalty_weekday": 0.7349, "penalty_midday": 0.7528, "penalty_weekend": 0.7684, "penalty_avg": 0.7521}, "geometry": {"type": "Polygon", "coordinates": [[[-113.47189, 53.50291], [-113.46683, 53.5029], [-113.4667, 53.50051], [-113.46709, 53.49996], [-113.47647, 53.49987], [-113.47646, 53.50188], [-113.47195, 53.5019], [-113.47189, 53.50291]]]}}, {"type": "Feature", "properties": {"DAUID": "48110845", "penalty_weekday": 0.7349, "penalty_midday": 0.7471, "penalty_weekend": 0.766, "penalty_avg": 0.7493}, "geometry": {"type": "Polygon", "coordinates": [[[-113.46729, 53.50696], [-113.46683, 53.5029], [-113.47039, 53.50291], [-113.47039, 53.50569], [-113.47644, 53.5057], [-113.47646, 53.50848], [-113.46478, 53.50847], [-113.4656, 53.50764], [-113.46729, 53.50696]]]}}, {"type": "Feature", "properties": {"DAUID": "48110846", "penalty_weekday": 0.7349, "penalty_midday": 0.7442, "penalty_weekend": 0.7582, "penalty_avg": 0.7458}, "geometry": {"type": "Polygon", "coordinates": [[[-113.46709, 53.49996], [-113.46703, 53.4882], [-113.49036, 53.48821], [-113.49065, 53.49504], [-113.49143, 53.49994], [-113.46709, 53.49996]]]}}, {"type": "Feature", "properties": {"DAUID": "48110847", "penalty_weekday": 0.7412, "penalty_midday": 0.7556, "penalty_weekend": 0.7732, "penalty_avg": 0.7566}, "geometry": {"type": "Polygon", "coordinates": [[[-113.49143, 53.49994], [-113.49065, 53.49504], [-113.49036, 53.48821], [-113.49759, 53.48828], [-113.4976, 53.49228], [-113.50431, 53.49229], [-113.50441, 53.49632], [-113.49929, 53.49631], [-113.49936, 53.49802], [-113.49773, 53.49797], [-113.49768, 53.49993], [-113.49143, 53.49994]]]}}, {"type": "Feature", "properties": {"DAUID": "48110848", "penalty_weekday": 0.7215, "penalty_midday": 0.7317, "penalty_weekend": 0.7556, "penalty_avg": 0.7363}, "geometry": {"type": "Polygon", "coordinates": [[[-113.4976, 53.49228], [-113.49759, 53.48828], [-113.50438, 53.48834], [-113.50431, 53.49229], [-113.4976, 53.49228]]]}}, {"type": "Feature", "properties": {"DAUID": "48110849", "penalty_weekday": 0.7284, "penalty_midday": 0.7381, "penalty_weekend": 0.75, "penalty_avg": 0.7388}, "geometry": {"type": "Polygon", "coordinates": [[[-113.5044, 53.49579], [-113.50438, 53.48834], [-113.51395, 53.48833], [-113.51396, 53.48964], [-113.51203, 53.48951], [-113.51184, 53.49155], [-113.50943, 53.49163], [-113.5044, 53.49579]]]}}, {"type": "Feature", "properties": {"DAUID": "48110850", "penalty_weekday": 0.6986, "penalty_midday": 0.7143, "penalty_weekend": 0.7284, "penalty_avg": 0.7138}, "geometry": {"type": "Polygon", "coordinates": [[[-113.51184, 53.49155], [-113.51203, 53.48951], [-113.51396, 53.48964], [-113.51395, 53.48833], [-113.51648, 53.48834], [-113.51642, 53.49411], [-113.51502, 53.49411], [-113.515, 53.49227], [-113.51456, 53.49177], [-113.51184, 53.49155]]]}}, {"type": "Feature", "properties": {"DAUID": "48110851", "penalty_weekday": 0.6986, "penalty_midday": 0.7179, "penalty_weekend": 0.7412, "penalty_avg": 0.7193}, "geometry": {"type": "Polygon", "coordinates": [[[-113.50943, 53.49163], [-113.51407, 53.49159], [-113.5149, 53.49204], [-113.51502, 53.49411], [-113.51642, 53.49411], [-113.51669, 53.49831], [-113.5119, 53.49826], [-113.51192, 53.49532], [-113.50733, 53.49339], [-113.50943, 53.49163]]]}}, {"type": "Feature", "properties": {"DAUID": "48110852", "penalty_weekday": 0.7105, "penalty_midday": 0.725, "penalty_weekend": 0.7471, "penalty_avg": 0.7276}, "geometry": {"type": "Polygon", "coordinates": [[[-113.5044, 53.49579], [-113.50733, 53.49339], [-113.51192, 53.49532], [-113.5119, 53.49826], [-113.50441, 53.49821], [-113.5044, 53.49579]]]}}, {"type": "Feature", "properties": {"DAUID": "48110853", "penalty_weekday": 0.7027, "penalty_midday": 0.7179, "penalty_weekend": 0.7381, "penalty_avg": 0.7196}, "geometry": {"type": "Polygon", "coordinates": [[[-113.50441, 53.49829], [-113.5119, 53.49826], [-113.51206, 53.50011], [-113.50442, 53.50011], [-113.50441, 53.49829]]]}}, {"type": "Feature", "properties": {"DAUID": "48110854", "penalty_weekday": 0.6986, "penalty_midday": 0.7105, "penalty_weekend": 0.7317, "penalty_avg": 0.7136}, "geometry": {"type": "Polygon", "coordinates": [[[-113.50443, 53.50296], [-113.50442, 53.50011], [-113.51206, 53.50011], [-113.51201, 53.50295], [-113.50443, 53.50296]]]}}, {"type": "Feature", "properties": {"DAUID": "48110855", "penalty_weekday": 0.6901, "penalty_midday": 0.7027, "penalty_weekend": 0.7317, "penalty_avg": 0.7082}, "geometry": {"type": "Polygon", "coordinates": [[[-113.50437, 53.50563], [-113.50443, 53.50296], [-113.51201, 53.50295], [-113.51202, 53.50563], [-113.50437, 53.50563]]]}}, {"type": "Feature", "properties": {"DAUID": "48110856", "penalty_weekday": 0.6901, "penalty_midday": 0.7067, "penalty_weekend": 0.7284, "penalty_avg": 0.7084}, "geometry": {"type": "Polygon", "coordinates": [[[-113.50439, 53.50847], [-113.50437, 53.50563], [-113.51202, 53.50563], [-113.51204, 53.50848], [-113.50439, 53.50847]]]}}, {"type": "Feature", "properties": {"DAUID": "48110857", "penalty_weekday": 0.7143, "penalty_midday": 0.7179, "penalty_weekend": 0.7381, "penalty_avg": 0.7234}, "geometry": {"type": "Polygon", "coordinates": [[[-113.50053, 53.50792], [-113.50036, 53.50351], [-113.50442, 53.50348], [-113.50439, 53.50837], [-113.49932, 53.50848], [-113.50053, 53.50792]]]}}, {"type": "Feature", "properties": {"DAUID": "48110858", "penalty_weekday": 0.7067, "penalty_midday": 0.7105, "penalty_weekend": 0.7317, "penalty_avg": 0.7163}, "geometry": {"type": "Polygon", "coordinates": [[[-113.49767, 53.51166], [-113.49768, 53.50836], [-113.50628, 53.50848], [-113.50633, 53.51312], [-113.50415, 53.51275], [-113.50446, 53.51227], [-113.50048, 53.51234], [-113.49767, 53.51166]]]}}, {"type": "Feature", "properties": {"DAUID": "48110859", "penalty_weekday": 0.6765, "penalty_midday": 0.6901, "penalty_weekend": 0.7215, "penalty_avg": 0.696}, "geometry": {"type": "Polygon", "coordinates": [[[-113.50634, 53.51228], [-113.50628, 53.50848], [-113.51204, 53.50848], [-113.51204, 53.51226], [-113.50634, 53.51228]]]}}, {"type": "Feature", "properties": {"DAUID": "48110860", "penalty_weekday": 0.6716, "penalty_midday": 0.6901, "penalty_weekend": 0.7215, "penalty_avg": 0.6944}, "geometry": {"type": "Polygon", "coordinates": [[[-113.50633, 53.51426], [-113.50634, 53.51228], [-113.51204, 53.51226], [-113.51203, 53.51426], [-113.50633, 53.51426]]]}}, {"type": "Feature", "properties": {"DAUID": "48110861", "penalty_weekday": 0.6765, "penalty_midday": 0.6901, "penalty_weekend": 0.725, "penalty_avg": 0.6972}, "geometry": {"type": "Polygon", "coordinates": [[[-113.50632, 53.51615], [-113.50633, 53.51426], [-113.51203, 53.51426], [-113.51204, 53.51616], [-113.50632, 53.51615]]]}}, {"type": "Feature", "properties": {"DAUID": "48110862", "penalty_weekday": 0.6716, "penalty_midday": 0.6812, "penalty_weekend": 0.7215, "penalty_avg": 0.6914}, "geometry": {"type": "Polygon", "coordinates": [[[-113.50349, 53.5181], [-113.50349, 53.51615], [-113.51204, 53.51616], [-113.51207, 53.51816], [-113.50349, 53.5181]]]}}, {"type": "Feature", "properties": {"DAUID": "48110866", "penalty_weekday": 0.6615, "penalty_midday": 0.6765, "penalty_weekend": 0.7067, "penalty_avg": 0.6816}, "geometry": {"type": "Polygon", "coordinates": [[[-113.51197, 53.52196], [-113.51207, 53.51816], [-113.51785, 53.51815], [-113.51783, 53.51911], [-113.51501, 53.5191], [-113.51499, 53.52194], [-113.51197, 53.52196]]]}}, {"type": "Feature", "properties": {"DAUID": "48110867", "penalty_weekday": 0.6508, "penalty_midday": 0.6765, "penalty_weekend": 0.6901, "penalty_avg": 0.6725}, "geometry": {"type": "Polygon", "coordinates": [[[-113.51499, 53.52194], [-113.51501, 53.5191], [-113.52077, 53.51912], [-113.52083, 53.521], [-113.51782, 53.52101], [-113.5178, 53.52195], [-113.51499, 53.52194]]]}}, {"type": "Feature", "properties": {"DAUID": "48110868", "penalty_weekday": 0.6452, "penalty_midday": 0.6765, "penalty_weekend": 0.6944, "penalty_avg": 0.672}, "geometry": {"type": "Polygon", "coordinates": [[[-113.51783, 53.51911], [-113.51785, 53.51815], [-113.52077, 53.51816], [-113.52077, 53.51912], [-113.51783, 53.51911]]]}}, {"type": "Feature", "properties": {"DAUID": "48110869", "penalty_weekday": 0.6615, "penalty_midday": 0.6901, "penalty_weekend": 0.7067, "penalty_avg": 0.6861}, "geometry": {"type": "Polygon", "coordinates": [[[-113.515, 53.51818], [-113.51501, 53.51616], [-113.52075, 53.51618], [-113.52075, 53.51554], [-113.52301, 53.51592], [-113.52318, 53.51632], [-113.52202, 53.51672], [-113.52077, 53.51816], [-113.515, 53.51818]]]}}, {"type": "Feature", "properties": {"DAUID": "48110870", "penalty_weekday": 0.6508, "penalty_midday": 0.6716, "penalty_weekend": 0.6857, "penalty_avg": 0.6694}, "geometry": {"type": "Polygon", "coordinates": [[[-113.52531, 53.5163], [-113.52075, 53.51554], [-113.52075, 53.51618], [-113.51783, 53.51617], [-113.51784, 53.51505], [-113.51662, 53.51484], [-113.51661, 53.51417], [-113.51995, 53.51417], [-113.51993, 53.51225], [-113.52573, 53.51226], [-113.52563, 53.51622], [-113.52501, 53.51653], [-113.52531, 53.5163]]]}}, {"type": "Feature", "properties": {"DAUID": "48110871", "penalty_weekday": 0.6667, "penalty_midday": 0.6812, "penalty_weekend": 0.7179, "penalty_avg": 0.6886}, "geometry": {"type": "Polygon", "coordinates": [[[-113.51207, 53.51816], [-113.51203, 53.51426], [-113.51784, 53.51505], [-113.51783, 53.51617], [-113.51501, 53.51616], [-113.515, 53.51818], [-113.51207, 53.51816]]]}}, {"type": "Feature", "properties": {"DAUID": "48110872", "penalty_weekday": 0.6857, "penalty_midday": 0.7027, "penalty_weekend": 0.7179, "penalty_avg": 0.7021}, "geometry": {"type": "Polygon", "coordinates": [[[-113.51995, 53.51417], [-113.51661, 53.51417], [-113.51662, 53.51484], [-113.51203, 53.51426], [-113.51206, 53.51133], [-113.51658, 53.51133], [-113.51662, 53.51227], [-113.51993, 53.51225], [-113.51995, 53.51417]]]}}, {"type": "Feature", "properties": {"DAUID": "48110873", "penalty_weekday": 0.6812, "penalty_midday": 0.6944, "penalty_weekend": 0.725, "penalty_avg": 0.7002}, "geometry": {"type": "Polygon", "coordinates": [[[-113.51206, 53.51133], [-113.51203, 53.50659], [-113.51659, 53.50658], [-113.51658, 53.51133], [-113.51206, 53.51133]]]}}, {"type": "Feature", "properties": {"DAUID": "48110874", "penalty_weekday": 0.6765, "penalty_midday": 0.6986, "penalty_weekend": 0.7105, "penalty_avg": 0.6952}, "geometry": {"type": "Polygon", "coordinates": [[[-113.51662, 53.51227], [-113.51656, 53.50849], [-113.52311, 53.50851], [-113.52451, 53.50821], [-113.52564, 53.50981], [-113.52573, 53.51226], [-113.51662, 53.51227]]]}}, {"type": "Feature", "properties": {"DAUID": "48110875", "penalty_weekday": 0.6986, "penalty_midday": 0.7179, "penalty_weekend": 0.725, "penalty_avg": 0.7139}, "geometry": {"type": "Polygon", "coordinates": [[[-113.52288, 53.50849], [-113.51656, 53.50849], [-113.51659, 53.50658], [-113.52004, 53.50657], [-113.52003, 53.50391], [-113.52273, 53.50391], [-113.52296, 53.50641], [-113.52451, 53.50821], [-113.52288, 53.50849]]]}}, {"type": "Feature", "properties": {"DAUID": "48110876", "penalty_weekday": 0.7067, "penalty_midday": 0.7215, "penalty_weekend": 0.7317, "penalty_avg": 0.72}, "geometry": {"type": "Polygon", "coordinates": [[[-113.51338, 53.50012], [-113.51915, 53.50003], [-113.51986, 53.50029], [-113.52004, 53.50657], [-113.51659, 53.50658], [-113.51657, 53.50198], [-113.51327, 53.50198], [-113.51338, 53.50012]]]}}, {"type": "Feature", "properties": {"DAUID": "48110877", "penalty_weekday": 0.6857, "penalty_midday": 0.6986, "penalty_weekend": 0.7317, "penalty_avg": 0.7054}, "geometry": {"type": "Polygon", "coordinates": [[[-113.51203, 53.50659], [-113.512, 53.50202], [-113.51657, 53.50198], [-113.51659, 53.50658], [-113.51203, 53.50659]]]}}, {"type": "Feature", "properties": {"DAUID": "48110878", "penalty_weekday": 0.7027, "penalty_midday": 0.7179, "penalty_weekend": 0.725, "penalty_avg": 0.7152}, "geometry": {"type": "Polygon", "coordinates": [[[-113.51954, 53.50012], [-113.51362, 53.50003], [-113.51327, 53.50025], [-113.51327, 53.50198], [-113.512, 53.50202], [-113.5119, 53.49826], [-113.52168, 53.49842], [-113.52257, 53.49932], [-113.52273, 53.50002], [-113.52273, 53.50391], [-113.52003, 53.50391], [-113.52005, 53.50058], [-113.51954, 53.50012]]]}}, {"type": "Feature", "properties": {"DAUID": "48110879", "penalty_weekday": 0.7179, "penalty_midday": 0.7317, "penalty_weekend": 0.75, "penalty_avg": 0.7332}, "geometry": {"type": "Polygon", "coordinates": [[[-113.51669, 53.49831], [-113.51642, 53.49411], [-113.51849, 53.4941], [-113.52191, 53.49514], [-113.52369, 53.49478], [-113.52533, 53.49718], [-113.52322, 53.4977], [-113.52197, 53.49859], [-113.5213, 53.49833], [-113.51669, 53.49831]]]}}, {"type": "Feature", "properties": {"DAUID": "48110880", "penalty_weekday": 0.725, "penalty_midday": 0.7381, "penalty_weekend": 0.7471, "penalty_avg": 0.7367}, "geometry": {"type": "Polygon", "coordinates": [[[-113.52533, 53.49718], [-113.52369, 53.49478], [-113.52191, 53.49514], [-113.51849, 53.4941], [-113.51964, 53.49297], [-113.52208, 53.49236], [-113.52176, 53.49063], [-113.52411, 53.49063], [-113.52569, 53.49305], [-113.52876, 53.49258], [-113.52879, 53.49687], [-113.52533, 53.49718]]]}}, {"type": "Feature", "properties": {"DAUID": "48110881", "penalty_weekday": 0.7067, "penalty_midday": 0.7215, "penalty_weekend": 0.7349, "penalty_avg": 0.721}, "geometry": {"type": "Polygon", "coordinates": [[[-113.51642, 53.49411], [-113.51648, 53.48834], [-113.5273, 53.48833], [-113.52731, 53.48971], [-113.52402, 53.48969], [-113.52411, 53.49063], [-113.52176, 53.49063], [-113.52208, 53.49236], [-113.51964, 53.49297], [-113.51849, 53.4941], [-113.51642, 53.49411]]]}}, {"type": "Feature", "properties": {"DAUID": "48110882", "penalty_weekday": 0.7381, "penalty_midday": 0.75, "penalty_weekend": 0.7582, "penalty_avg": 0.7488}, "geometry": {"type": "Polygon", "coordinates": [[[-113.52876, 53.49258], [-113.52569, 53.49305], [-113.52411, 53.49063], [-113.52402, 53.48969], [-113.52731, 53.48971], [-113.5273, 53.48833], [-113.54105, 53.4884], [-113.54105, 53.49774], [-113.53496, 53.49685], [-113.52879, 53.49687], [-113.52876, 53.49258]]]}}, {"type": "Feature", "properties": {"DAUID": "48110883", "penalty_weekday": 0.7143, "penalty_midday": 0.7317, "penalty_weekend": 0.7412, "penalty_avg": 0.7291}, "geometry": {"type": "Polygon", "coordinates": [[[-113.52435, 53.48388], [-113.5287, 53.48386], [-113.52883, 53.4857], [-113.53173, 53.48572], [-113.53171, 53.48833], [-113.52273, 53.48831], [-113.52274, 53.48582], [-113.52431, 53.48503], [-113.52337, 53.48435], [-113.52435, 53.48388]]]}}, {"type": "Feature", "properties": {"DAUID": "48110884", "penalty_weekday": 0.6944, "penalty_midday": 0.7105, "penalty_weekend": 0.7215, "penalty_avg": 0.7088}, "geometry": {"type": "Polygon", "coordinates": [[[-113.52883, 53.4857], [-113.5287, 53.48386], [-113.5245, 53.48384], [-113.52337, 53.48435], [-113.52431, 53.48503], [-113.52274, 53.48582], [-113.52273, 53.48831], [-113.51648, 53.48834], [-113.51652, 53.48424], [-113.5161, 53.48285], [-113.52091, 53.48316], [-113.536, 53.48318], [-113.53642, 53.48382], [-113.5357, 53.48381], [-113.5357, 53.48572], [-113.52883, 53.4857]]]}}, {"type": "Feature", "properties": {"DAUID": "48110885", "penalty_weekday": 0.7143, "penalty_midday": 0.7317, "penalty_weekend": 0.7412, "penalty_avg": 0.7291}, "geometry": {"type": "Polygon", "coordinates": [[[-113.5161, 53.48285], [-113.51618, 53.47807], [-113.52458, 53.47935], [-113.52502, 53.47819], [-113.52958, 53.47888], [-113.52903, 53.48005], [-113.52899, 53.48319], [-113.5161, 53.48285]]]}}, {"type": "Feature", "properties": {"DAUID": "48110886", "penalty_weekday": 0.7179, "penalty_midday": 0.725, "penalty_weekend": 0.7442, "penalty_avg": 0.729}, "geometry": {"type": "Polygon", "coordinates": [[[-113.51618, 53.47807], [-113.51618, 53.47588], [-113.52602, 53.47603], [-113.52458, 53.47935], [-113.51618, 53.47807]]]}}, {"type": "Feature", "properties": {"DAUID": "48110887", "penalty_weekday": 0.7317, "penalty_midday": 0.7381, "penalty_weekend": 0.7582, "penalty_avg": 0.7427}, "geometry": {"type": "Polygon", "coordinates": [[[-113.52502, 53.47819], [-113.52602, 53.47603], [-113.53023, 53.47637], [-113.52958, 53.47888], [-113.52502, 53.47819]]]}}, {"type": "Feature", "properties": {"DAUID": "48110889", "penalty_weekday": 0.7215, "penalty_midday": 0.7349, "penalty_weekend": 0.75, "penalty_avg": 0.7355}, "geometry": {"type": "Polygon", "coordinates": [[[-113.52918, 53.47972], [-113.52998, 53.47799], [-113.53023, 53.47637], [-113.53511, 53.47639], [-113.53519, 53.4787], [-113.53371, 53.4786], [-113.53286, 53.48032], [-113.52918, 53.47972]]]}}, {"type": "Feature", "properties": {"DAUID": "48110890", "penalty_weekday": 0.725, "penalty_midday": 0.7412, "penalty_weekend": 0.75, "penalty_avg": 0.7387}, "geometry": {"type": "Polygon", "coordinates": [[[-113.53849, 53.48203], [-113.53641, 53.48088], [-113.53636, 53.48042], [-113.53704, 53.47996], [-113.53653, 53.47949], [-113.53683, 53.47911], [-113.53511, 53.47882], [-113.53511, 53.47639], [-113.53858, 53.47637], [-113.5387, 53.47836], [-113.54068, 53.48029], [-113.54104, 53.48138], [-113.53941, 53.48145], [-113.53849, 53.48203]]]}}, {"type": "Feature", "properties": {"DAUID": "48110891", "penalty_weekday": 0.7317, "penalty_midday": 0.7442, "penalty_weekend": 0.7528, "penalty_avg": 0.7429}, "geometry": {"type": "Polygon", "coordinates": [[[-113.54104, 53.48317], [-113.52899, 53.48319], [-113.52903, 53.48005], [-113.52918, 53.47972], [-113.53286, 53.48032], [-113.53371, 53.4786], [-113.53683, 53.47911], [-113.53653, 53.47949], [-113.53704, 53.47996], [-113.53636, 53.48042], [-113.53641, 53.48088], [-113.53849, 53.48203], [-113.53941, 53.48145], [-113.54104, 53.48138], [-113.54104, 53.48317]]]}}, {"type": "Feature", "properties": {"DAUID": "48110892", "penalty_weekday": 0.725, "penalty_midday": 0.75, "penalty_weekend": 0.7556, "penalty_avg": 0.7435}, "geometry": {"type": "Polygon", "coordinates": [[[-113.5357, 53.48572], [-113.5357, 53.48381], [-113.53642, 53.48382], [-113.536, 53.48318], [-113.54104, 53.48317], [-113.54105, 53.48564], [-113.5357, 53.48572]]]}}, {"type": "Feature", "properties": {"DAUID": "48110893", "penalty_weekday": 0.7179, "penalty_midday": 0.7412, "penalty_weekend": 0.7556, "penalty_avg": 0.7382}, "geometry": {"type": "Polygon", "coordinates": [[[-113.53171, 53.48833], [-113.53173, 53.48572], [-113.54105, 53.48564], [-113.54105, 53.4884], [-113.53171, 53.48833]]]}}, {"type": "Feature", "properties": {"DAUID": "48110894", "penalty_weekday": 0.7317, "penalty_midday": 0.7528, "penalty_weekend": 0.7634, "penalty_avg": 0.7493}, "geometry": {"type": "Polygon", "coordinates": [[[-113.54394, 53.48425], [-113.54786, 53.48402], [-113.54992, 53.48523], [-113.54853, 53.48572], [-113.54613, 53.4874], [-113.54608, 53.48816], [-113.54766, 53.48826], [-113.54935, 53.48913], [-113.54715, 53.48992], [-113.54368, 53.48986], [-113.54366, 53.48822], [-113.54218, 53.48838], [-113.5422, 53.48565], [-113.54258, 53.48508], [-113.54394, 53.48425]]]}}, {"type": "Feature", "properties": {"DAUID": "48110895", "penalty_weekday": 0.7822, "penalty_midday": 0.7925, "penalty_weekend": 0.7963, "penalty_avg": 0.7903}, "geometry": {"type": "Polygon", "coordinates": [[[-113.55931, 53.49706], [-113.55867, 53.49721], [-113.55841, 53.49768], [-113.55651, 53.49783], [-113.54105, 53.49774], [-113.54104, 53.48317], [-113.55449, 53.48262], [-113.55421, 53.48314], [-113.55468, 53.48372], [-113.55459, 53.48408], [-113.55272, 53.48487], [-113.55276, 53.48536], [-113.55413, 53.48603], [-113.55925, 53.48651], [-113.5594, 53.48678], [-113.55891, 53.48774], [-113.55825, 53.48846], [-113.55842, 53.48892], [-113.55955, 53.49011], [-113.5598, 53.49084], [-113.56157, 53.49178], [-113.56027, 53.49339], [-113.56162, 53.49451], [-113.56058, 53.49555], [-113.55964, 53.49537], [-113.55933, 53.49564], [-113.56022, 53.49662], [-113.56136, 53.49623], [-113.56162, 53.49651], [-113.56051, 53.49803], [-113.55977, 53.49792], [-113.55931, 53.49706]], [[-113.55123, 53.48694], [-113.54916, 53.48463], [-113.54786, 53.48402], [-113.5442, 53.48415], [-113.54258, 53.48508], [-113.5422, 53.48565], [-113.54218, 53.48838], [-113.54366, 53.48822], [-113.54381, 53.48993], [-113.54772, 53.48984], [-113.54935, 53.48913], [-113.55107, 53.48992], [-113.55255, 53.4894], [-113.55348, 53.48986], [-113.55564, 53.48985], [-113.55571, 53.48922], [-113.55462, 53.48794], [-113.55123, 53.48694]]]}}, {"type": "Feature", "properties": {"DAUID": "48110896", "penalty_weekday": 0.75, "penalty_midday": 0.7708, "penalty_weekend": 0.7864, "penalty_avg": 0.7691}, "geometry": {"type": "Polygon", "coordinates": [[[-113.55348, 53.48986], [-113.55255, 53.4894], [-113.55187, 53.48984], [-113.55083, 53.48988], [-113.54766, 53.48826], [-113.54608, 53.48816], [-113.54613, 53.4874], [-113.54853, 53.48572], [-113.54992, 53.48523], [-113.55093, 53.48675], [-113.55434, 53.48775], [-113.55571, 53.48922], [-113.55554, 53.48991], [-113.55348, 53.48986]]]}}, {"type": "Feature", "properties": {"DAUID": "48110897", "penalty_weekday": 0.7556, "penalty_midday": 0.7732, "penalty_weekend": 0.7843, "penalty_avg": 0.771}, "geometry": {"type": "Polygon", "coordinates": [[[-113.54683, 53.47582], [-113.54871, 53.47507], [-113.55078, 53.47495], [-113.55175, 53.47707], [-113.55162, 53.47762], [-113.55036, 53.47899], [-113.54753, 53.48054], [-113.5452, 53.47914], [-113.5473, 53.47726], [-113.54683, 53.47582]]]}}, {"type": "Feature", "properties": {"DAUID": "48110898", "penalty_weekday": 0.7317, "penalty_midday": 0.7442, "penalty_weekend": 0.7556, "penalty_avg": 0.7438}, "geometry": {"type": "Polygon", "coordinates": [[[-113.53979, 53.47789], [-113.53984, 53.47636], [-113.53858, 53.47637], [-113.5386, 53.47269], [-113.55008, 53.47302], [-113.55078, 53.47495], [-113.54823, 53.47515], [-113.54683, 53.47582], [-113.5473, 53.47726], [-113.5452, 53.47914], [-113.54753, 53.48054], [-113.5458, 53.48114], [-113.54476, 53.48094], [-113.54164, 53.47961], [-113.54011, 53.4785], [-113.53979, 53.47789]]]}}, {"type": "Feature", "properties": {"DAUID": "48110899", "penalty_weekday": 0.7528, "penalty_midday": 0.766, "penalty_weekend": 0.7843, "penalty_avg": 0.7677}, "geometry": {"type": "Polygon", "coordinates": [[[-113.5386, 53.47269], [-113.53872, 53.46209], [-113.54353, 53.46309], [-113.5466, 53.46475], [-113.54928, 53.4653], [-113.54963, 53.46636], [-113.55053, 53.46725], [-113.54827, 53.46833], [-113.54821, 53.4688], [-113.5495, 53.46976], [-113.5534, 53.47163], [-113.5506, 53.47302], [-113.5386, 53.47269]]]}}, {"type": "Feature", "properties": {"DAUID": "48110900", "penalty_weekday": 0.7412, "penalty_midday": 0.7528, "penalty_weekend": 0.7684, "penalty_avg": 0.7541}, "geometry": {"type": "Polygon", "coordinates": [[[-113.53496, 53.47464], [-113.53441, 53.47401], [-113.53764, 53.47373], [-113.53762, 53.47211], [-113.53624, 53.47205], [-113.53624, 53.47123], [-113.53765, 53.47115], [-113.53766, 53.4691], [-113.53491, 53.469], [-113.53485, 53.46812], [-113.52858, 53.46812], [-113.52857, 53.46701], [-113.53307, 53.46742], [-113.53865, 53.46742], [-113.53858, 53.47637], [-113.53511, 53.47639], [-113.53496, 53.47464]]]}}, {"type": "Feature", "properties": {"DAUID": "48110901", "penalty_weekday": 0.7412, "penalty_midday": 0.7528, "penalty_weekend": 0.766, "penalty_avg": 0.7533}, "geometry": {"type": "Polygon", "coordinates": [[[-113.53758, 53.4738], [-113.53441, 53.47401], [-113.53286, 53.47232], [-113.53142, 53.47185], [-113.53476, 53.4712], [-113.53491, 53.469], [-113.53755, 53.469], [-113.53765, 53.47115], [-113.53624, 53.47123], [-113.53624, 53.47205], [-113.53762, 53.47211], [-113.53758, 53.4738]]]}}, {"type": "Feature", "properties": {"DAUID": "48110902", "penalty_weekday": 0.7381, "penalty_midday": 0.75, "penalty_weekend": 0.7634, "penalty_avg": 0.7505}, "geometry": {"type": "Polygon", "coordinates": [[[-113.52602, 53.47603], [-113.52824, 53.47132], [-113.53286, 53.47232], [-113.53496, 53.47464], [-113.53511, 53.47639], [-113.52602, 53.47603]]]}}, {"type": "Feature", "properties": {"DAUID": "48110903", "penalty_weekday": 0.7471, "penalty_midday": 0.7609, "penalty_weekend": 0.7778, "penalty_avg": 0.7619}, "geometry": {"type": "Polygon", "coordinates": [[[-113.52855, 53.47058], [-113.52858, 53.46812], [-113.53485, 53.46812], [-113.53476, 53.4712], [-113.53175, 53.47184], [-113.52824, 53.47132], [-113.52855, 53.47058]]]}}, {"type": "Feature", "properties": {"DAUID": "48110904", "penalty_weekday": 0.7349, "penalty_midday": 0.7528, "penalty_weekend": 0.7684, "penalty_avg": 0.7521}, "geometry": {"type": "Polygon", "coordinates": [[[-113.52215, 53.46698], [-113.52456, 53.46722], [-113.52474, 53.46789], [-113.52858, 53.46812], [-113.52855, 53.47058], [-113.52824, 53.47132], [-113.52615, 53.47108], [-113.52228, 53.47158], [-113.52215, 53.46698]]]}}, {"type": "Feature", "properties": {"DAUID": "48110905", "penalty_weekday": 0.7412, "penalty_midday": 0.7556, "penalty_weekend": 0.7755, "penalty_avg": 0.7574}, "geometry": {"type": "Polygon", "coordinates": [[[-113.51617, 53.4721], [-113.51609, 53.46602], [-113.52097, 53.46604], [-113.52857, 53.46701], [-113.52858, 53.46812], [-113.5276, 53.46812], [-113.52474, 53.46789], [-113.52456, 53.46722], [-113.52215, 53.46698], [-113.52228, 53.47158], [-113.51617, 53.4721]]]}}, {"type": "Feature", "properties": {"DAUID": "48110906", "penalty_weekday": 0.7284, "penalty_midday": 0.7412, "penalty_weekend": 0.7582, "penalty_avg": 0.7426}, "geometry": {"type": "Polygon", "coordinates": [[[-113.51618, 53.47588], [-113.51617, 53.4721], [-113.51855, 53.47207], [-113.52615, 53.47108], [-113.52824, 53.47132], [-113.52602, 53.47603], [-113.51618, 53.47588]]]}}, {"type": "Feature", "properties": {"DAUID": "48110907", "penalty_weekday": 0.7412, "penalty_midday": 0.7556, "penalty_weekend": 0.7708, "penalty_avg": 0.7559}, "geometry": {"type": "Polygon", "coordinates": [[[-113.51123, 53.47216], [-113.51066, 53.47134], [-113.51494, 53.47113], [-113.51494, 53.46916], [-113.50876, 53.46904], [-113.50888, 53.47107], [-113.50405, 53.47123], [-113.50405, 53.46782], [-113.50738, 53.46741], [-113.51202, 53.46635], [-113.51609, 53.46602], [-113.51617, 53.4721], [-113.51123, 53.47216]]]}}, {"type": "Feature", "properties": {"DAUID": "48110908", "penalty_weekday": 0.7349, "penalty_midday": 0.75, "penalty_weekend": 0.7684, "penalty_avg": 0.7511}, "geometry": {"type": "Polygon", "coordinates": [[[-113.50984, 53.47248], [-113.50888, 53.47107], [-113.50876, 53.46904], [-113.51494, 53.46916], [-113.51481, 53.47123], [-113.5111, 53.47122], [-113.51066, 53.47134], [-113.51123, 53.47216], [-113.50984, 53.47248]]]}}, {"type": "Feature", "properties": {"DAUID": "48110909", "penalty_weekday": 0.7284, "penalty_midday": 0.7442, "penalty_weekend": 0.7582, "penalty_avg": 0.7436}, "geometry": {"type": "Polygon", "coordinates": [[[-113.50413, 53.47354], [-113.50405, 53.47123], [-113.50888, 53.47107], [-113.50984, 53.47248], [-113.50853, 53.4729], [-113.50961, 53.47451], [-113.5097, 53.47588], [-113.50755, 53.47569], [-113.50503, 53.47452], [-113.50413, 53.47354]]]}}, {"type": "Feature", "properties": {"DAUID": "48110910", "penalty_weekday": 0.7143, "penalty_midday": 0.7349, "penalty_weekend": 0.7528, "penalty_avg": 0.734}, "geometry": {"type": "Polygon", "coordinates": [[[-113.50853, 53.4729], [-113.51186, 53.47212], [-113.51617, 53.4721], [-113.51618, 53.47588], [-113.5097, 53.47588], [-113.50961, 53.47451], [-113.50853, 53.4729]]]}}, {"type": "Feature", "properties": {"DAUID": "48110911", "penalty_weekday": 0.7143, "penalty_midday": 0.7284, "penalty_weekend": 0.75, "penalty_avg": 0.7309}, "geometry": {"type": "Polygon", "coordinates": [[[-113.50994, 53.47929], [-113.50415, 53.47882], [-113.50417, 53.47676], [-113.50602, 53.47502], [-113.50798, 53.47579], [-113.51266, 53.47589], [-113.51273, 53.47675], [-113.51464, 53.47682], [-113.51473, 53.47808], [-113.51116, 53.47784], [-113.5111, 53.47865], [-113.50994, 53.47929]]]}}, {"type": "Feature", "properties": {"DAUID": "48110912", "penalty_weekday": 0.7215, "penalty_midday": 0.7349, "penalty_weekend": 0.7528, "penalty_avg": 0.7364}, "geometry": {"type": "Polygon", "coordinates": [[[-113.50768, 53.48057], [-113.50789, 53.47906], [-113.50945, 53.4793], [-113.51066, 53.47906], [-113.5111, 53.47865], [-113.51116, 53.47784], [-113.51473, 53.47808], [-113.51482, 53.47924], [-113.51454, 53.47997], [-113.51337, 53.48087], [-113.50965, 53.4809], [-113.50768, 53.48057]]]}}, {"type": "Feature", "properties": {"DAUID": "48110913", "penalty_weekday": 0.725, "penalty_midday": 0.7349, "penalty_weekend": 0.7528, "penalty_avg": 0.7376}, "geometry": {"type": "Polygon", "coordinates": [[[-113.5161, 53.48285], [-113.5042, 53.48127], [-113.50415, 53.47882], [-113.50789, 53.47906], [-113.50768, 53.48057], [-113.50965, 53.4809], [-113.51337, 53.48087], [-113.51434, 53.48033], [-113.51482, 53.47924], [-113.51464, 53.47682], [-113.51273, 53.47675], [-113.51266, 53.47589], [-113.51618, 53.47588], [-113.5161, 53.48285]]]}}, {"type": "Feature", "properties": {"DAUID": "48110921", "penalty_weekday": 0.75, "penalty_midday": 0.766, "penalty_weekend": 0.7778, "penalty_avg": 0.7646}, "geometry": {"type": "Polygon", "coordinates": [[[-113.49199, 53.47992], [-113.49205, 53.46783], [-113.50405, 53.46782], [-113.50404, 53.46847], [-113.49928, 53.46854], [-113.49697, 53.46924], [-113.49692, 53.47072], [-113.49785, 53.47222], [-113.49695, 53.47279], [-113.49693, 53.47618], [-113.50112, 53.47619], [-113.5011, 53.47365], [-113.50413, 53.47354], [-113.50457, 53.4742], [-113.50602, 53.47502], [-113.50417, 53.47676], [-113.5042, 53.48127], [-113.4975, 53.47973], [-113.49199, 53.47992]]]}}, {"type": "Feature", "properties": {"DAUID": "48110923", "penalty_weekday": 0.7471, "penalty_midday": 0.7634, "penalty_weekend": 0.7755, "penalty_avg": 0.762}, "geometry": {"type": "Polygon", "coordinates": [[[-113.49693, 53.47618], [-113.49695, 53.47279], [-113.49732, 53.47239], [-113.50156, 53.47134], [-113.50405, 53.47123], [-113.50413, 53.47354], [-113.5011, 53.47365], [-113.50112, 53.47619], [-113.49693, 53.47618]]]}}, {"type": "Feature", "properties": {"DAUID": "48110924", "penalty_weekday": 0.7317, "penalty_midday": 0.7528, "penalty_weekend": 0.7634, "penalty_avg": 0.7493}, "geometry": {"type": "Polygon", "coordinates": [[[-113.50405, 53.47123], [-113.50156, 53.47134], [-113.49785, 53.47222], [-113.49692, 53.47072], [-113.4969, 53.46937], [-113.49928, 53.46854], [-113.50404, 53.46847], [-113.50405, 53.47123]]]}}, {"type": "Feature", "properties": {"DAUID": "48110929", "penalty_weekday": 0.7284, "penalty_midday": 0.7528, "penalty_weekend": 0.7556, "penalty_avg": 0.7456}, "geometry": {"type": "Polygon", "coordinates": [[[-113.49553, 53.45925], [-113.49922, 53.45901], [-113.50085, 53.46017], [-113.49992, 53.46098], [-113.49585, 53.46099], [-113.49549, 53.46019], [-113.49553, 53.45925]]]}}, {"type": "Feature", "properties": {"DAUID": "48110930", "penalty_weekday": 0.7317, "penalty_midday": 0.75, "penalty_weekend": 0.7609, "penalty_avg": 0.7475}, "geometry": {"type": "Polygon", "coordinates": [[[-113.49208, 53.46029], [-113.49226, 53.45431], [-113.5015, 53.45404], [-113.5015, 53.45476], [-113.4977, 53.45476], [-113.49614, 53.45526], [-113.4957, 53.4557], [-113.49574, 53.4565], [-113.49867, 53.45659], [-113.49968, 53.45713], [-113.49907, 53.45805], [-113.49922, 53.45901], [-113.49564, 53.45917], [-113.49549, 53.46019], [-113.49575, 53.46095], [-113.49317, 53.46021], [-113.49208, 53.46029]]]}}, {"type": "Feature", "properties": {"DAUID": "48110931", "penalty_weekday": 0.7317, "penalty_midday": 0.7412, "penalty_weekend": 0.7609, "penalty_avg": 0.7446}, "geometry": {"type": "Polygon", "coordinates": [[[-113.49579, 53.45551], [-113.4977, 53.45476], [-113.5015, 53.45476], [-113.50146, 53.45561], [-113.50107, 53.45619], [-113.49968, 53.45713], [-113.49867, 53.45659], [-113.49574, 53.4565], [-113.49579, 53.45551]]]}}, {"type": "Feature", "properties": {"DAUID": "48110932", "penalty_weekday": 0.725, "penalty_midday": 0.7349, "penalty_weekend": 0.7528, "penalty_avg": 0.7376}, "geometry": {"type": "Polygon", "coordinates": [[[-113.50511, 53.45651], [-113.50127, 53.45592], [-113.5015, 53.45404], [-113.50885, 53.45404], [-113.50911, 53.45563], [-113.50511, 53.45651]]]}}, {"type": "Feature", "properties": {"DAUID": "48110933", "penalty_weekday": 0.7317, "penalty_midday": 0.7471, "penalty_weekend": 0.7556, "penalty_avg": 0.7448}, "geometry": {"type": "Polygon", "coordinates": [[[-113.49907, 53.45805], [-113.49968, 53.45713], [-113.50127, 53.45592], [-113.50511, 53.45651], [-113.50911, 53.45563], [-113.50955, 53.45673], [-113.50953, 53.45884], [-113.5104, 53.45987], [-113.50651, 53.46077], [-113.50225, 53.46057], [-113.49962, 53.45951], [-113.49922, 53.45901], [-113.49907, 53.45805]]]}}, {"type": "Feature", "properties": {"DAUID": "48110934", "penalty_weekday": 0.7349, "penalty_midday": 0.7528, "penalty_weekend": 0.7609, "penalty_avg": 0.7495}, "geometry": {"type": "Polygon", "coordinates": [[[-113.50833, 53.46259], [-113.50253, 53.46337], [-113.50173, 53.46249], [-113.50153, 53.46189], [-113.50225, 53.46057], [-113.5049, 53.46083], [-113.50855, 53.46044], [-113.50877, 53.46208], [-113.50833, 53.46259]]]}}, {"type": "Feature", "properties": {"DAUID": "48110935", "penalty_weekday": 0.7381, "penalty_midday": 0.75, "penalty_weekend": 0.7609, "penalty_avg": 0.7497}, "geometry": {"type": "Polygon", "coordinates": [[[-113.50387, 53.46543], [-113.50253, 53.46337], [-113.50833, 53.46259], [-113.50877, 53.46208], [-113.50855, 53.46044], [-113.5104, 53.45987], [-113.51236, 53.46084], [-113.51173, 53.46166], [-113.51161, 53.46327], [-113.51097, 53.46386], [-113.50387, 53.46543]]]}}, {"type": "Feature", "properties": {"DAUID": "48110936", "penalty_weekday": 0.7412, "penalty_midday": 0.75, "penalty_weekend": 0.7609, "penalty_avg": 0.7507}, "geometry": {"type": "Polygon", "coordinates": [[[-113.51609, 53.46602], [-113.51202, 53.46635], [-113.50738, 53.46741], [-113.50405, 53.46782], [-113.50387, 53.46543], [-113.51097, 53.46386], [-113.51161, 53.46327], [-113.51173, 53.46166], [-113.51236, 53.46084], [-113.51619, 53.46125], [-113.51609, 53.46602]]]}}, {"type": "Feature", "properties": {"DAUID": "48110937", "penalty_weekday": 0.7381, "penalty_midday": 0.7471, "penalty_weekend": 0.7582, "penalty_avg": 0.7478}, "geometry": {"type": "Polygon", "coordinates": [[[-113.51609, 53.46602], [-113.51619, 53.46125], [-113.52089, 53.4612], [-113.52091, 53.4628], [-113.52181, 53.46368], [-113.52551, 53.4639], [-113.52508, 53.46657], [-113.52097, 53.46604], [-113.51609, 53.46602]]]}}, {"type": "Feature", "properties": {"DAUID": "48110943", "penalty_weekday": 0.7381, "penalty_midday": 0.7528, "penalty_weekend": 0.7609, "penalty_avg": 0.7506}, "geometry": {"type": "Polygon", "coordinates": [[[-113.52091, 53.4628], [-113.52089, 53.4612], [-113.52785, 53.46116], [-113.52931, 53.46061], [-113.52998, 53.4596], [-113.53124, 53.45983], [-113.53199, 53.46037], [-113.5319, 53.46297], [-113.53019, 53.46384], [-113.52283, 53.4639], [-113.52181, 53.46368], [-113.52091, 53.4628]]]}}, {"type": "Feature", "properties": {"DAUID": "48110944", "penalty_weekday": 0.7528, "penalty_midday": 0.7634, "penalty_weekend": 0.7755, "penalty_avg": 0.7639}, "geometry": {"type": "Polygon", "coordinates": [[[-113.52508, 53.46657], [-113.52551, 53.4639], [-113.53061, 53.4637], [-113.53133, 53.46449], [-113.52885, 53.46479], [-113.52895, 53.46655], [-113.52857, 53.46701], [-113.52508, 53.46657]]]}}, {"type": "Feature", "properties": {"DAUID": "48110945", "penalty_weekday": 0.7556, "penalty_midday": 0.7708, "penalty_weekend": 0.7822, "penalty_avg": 0.7695}, "geometry": {"type": "Polygon", "coordinates": [[[-113.52895, 53.46655], [-113.52885, 53.46479], [-113.53133, 53.46449], [-113.53233, 53.46524], [-113.53868, 53.46509], [-113.53865, 53.46742], [-113.53307, 53.46742], [-113.52857, 53.46701], [-113.52895, 53.46655]]]}}, {"type": "Feature", "properties": {"DAUID": "48110946", "penalty_weekday": 0.7634, "penalty_midday": 0.7732, "penalty_weekend": 0.7963, "penalty_avg": 0.7776}, "geometry": {"type": "Polygon", "coordinates": [[[-113.53868, 53.46509], [-113.53233, 53.46524], [-113.53061, 53.4637], [-113.5318, 53.46315], [-113.53194, 53.46185], [-113.53868, 53.46164], [-113.53868, 53.46509]]]}}, {"type": "Feature", "properties": {"DAUID": "48110947", "penalty_weekday": 0.7442, "penalty_midday": 0.7582, "penalty_weekend": 0.7732, "penalty_avg": 0.7585}, "geometry": {"type": "Polygon", "coordinates": [[[-113.53194, 53.46185], [-113.53199, 53.46037], [-113.53523, 53.45988], [-113.53733, 53.4592], [-113.53842, 53.46056], [-113.53868, 53.46164], [-113.53194, 53.46185]]]}}, {"type": "Feature", "properties": {"DAUID": "48110948", "penalty_weekday": 0.7412, "penalty_midday": 0.7528, "penalty_weekend": 0.7609, "penalty_avg": 0.7516}, "geometry": {"type": "Polygon", "coordinates": [[[-113.52955, 53.45827], [-113.52707, 53.45671], [-113.52818, 53.45631], [-113.53071, 53.45631], [-113.53267, 53.45667], [-113.53464, 53.45626], [-113.53733, 53.4592], [-113.53523, 53.45988], [-113.53199, 53.46037], [-113.53124, 53.45983], [-113.52998, 53.4596], [-113.53, 53.45889], [-113.52955, 53.45827]]]}}, {"type": "Feature", "properties": {"DAUID": "48110949", "penalty_weekday": 0.7471, "penalty_midday": 0.7556, "penalty_weekend": 0.7778, "penalty_avg": 0.7602}, "geometry": {"type": "Polygon", "coordinates": [[[-113.54867, 53.46009], [-113.54544, 53.4601], [-113.54421, 53.46089], [-113.54194, 53.46069], [-113.54053, 53.46089], [-113.53965, 53.46052], [-113.53939, 53.46008], [-113.53986, 53.45938], [-113.54098, 53.45898], [-113.54054, 53.45821], [-113.53733, 53.4592], [-113.53464, 53.45626], [-113.53686, 53.45582], [-113.53865, 53.45616], [-113.54087, 53.45696], [-113.54125, 53.45816], [-113.54445, 53.45811], [-113.54536, 53.45868], [-113.54548, 53.45927], [-113.54899, 53.45919], [-113.5491, 53.45958], [-113.54867, 53.46009]]]}}, {"type": "Feature", "properties": {"DAUID": "48110950", "penalty_weekday": 0.7582, "penalty_midday": 0.7634, "penalty_weekend": 0.7843, "penalty_avg": 0.7687}, "geometry": {"type": "Polygon", "coordinates": [[[-113.55047, 53.46148], [-113.54901, 53.46134], [-113.54833, 53.46165], [-113.53872, 53.46209], [-113.53842, 53.46056], [-113.53733, 53.4592], [-113.53984, 53.45835], [-113.54054, 53.45821], [-113.54098, 53.45898], [-113.53986, 53.45938], [-113.53939, 53.46008], [-113.53965, 53.46052], [-113.54053, 53.46089], [-113.54194, 53.46069], [-113.54421, 53.46089], [-113.54544, 53.4601], [-113.54867, 53.46009], [-113.54913, 53.45926], [-113.54548, 53.45927], [-113.54506, 53.45839], [-113.54411, 53.45803], [-113.54125, 53.45816], [-113.54087, 53.45696], [-113.53767, 53.45589], [-113.53464, 53.45626], [-113.53415, 53.45541], [-113.53393, 53.45404], [-113.53676, 53.45421], [-113.54349, 53.45636], [-113.54547, 53.45629], [-113.54847, 53.45539], [-113.54861, 53.45664], [-113.54687, 53.45743], [-113.54664, 53.45772], [-113.54691, 53.45799], [-113.54853, 53.45804], [-113.55133, 53.45688], [-113.55204, 53.45751], [-113.55181, 53.45855], [-113.5522, 53.45912], [-113.55224, 53.45999], [-113.55174, 53.46089], [-113.55047, 53.46148]]]}}, {"type": "Feature", "properties": {"DAUID": "48110951", "penalty_weekday": 0.7471, "penalty_midday": 0.7556, "penalty_weekend": 0.7634, "penalty_avg": 0.7554}, "geometry": {"type": "Polygon", "coordinates": [[[-113.52794, 53.45635], [-113.52707, 53.45671], [-113.52599, 53.45597], [-113.52552, 53.45525], [-113.52547, 53.45404], [-113.53393, 53.45404], [-113.53415, 53.45541], [-113.53464, 53.45626], [-113.53267, 53.45667], [-113.53071, 53.45631], [-113.52794, 53.45635]]]}}, {"type": "Feature", "properties": {"DAUID": "48110952", "penalty_weekday": 0.7317, "penalty_midday": 0.7471, "penalty_weekend": 0.7582, "penalty_avg": 0.7457}, "geometry": {"type": "Polygon", "coordinates": [[[-113.54349, 53.45636], [-113.53616, 53.45409], [-113.52547, 53.45404], [-113.52545, 53.45124], [-113.52452, 53.45023], [-113.52497, 53.44966], [-113.52496, 53.4488], [-113.52036, 53.4479], [-113.51962, 53.4481], [-113.51879, 53.44905], [-113.51608, 53.44881], [-113.51611, 53.44692], [-113.51668, 53.44534], [-113.51775, 53.44578], [-113.51832, 53.44646], [-113.51928, 53.44631], [-113.5201, 53.44569], [-113.52095, 53.44688], [-113.52147, 53.44658], [-113.52126, 53.44578], [-113.52175, 53.44579], [-113.5223, 53.44603], [-113.52276, 53.44768], [-113.5234, 53.448], [-113.52433, 53.44774], [-113.52398, 53.44636], [-113.52563, 53.44613], [-113.52609, 53.44628], [-113.52594, 53.44722], [-113.52634, 53.44757], [-113.52644, 53.44856], [-113.52721, 53.44847], [-113.52761, 53.44715], [-113.52937, 53.44751], [-113.52925, 53.44872], [-113.53076, 53.44976], [-113.53132, 53.45114], [-113.53317, 53.45168], [-113.534, 53.45046], [-113.53527, 53.45135], [-113.53652, 53.45163], [-113.53671, 53.45205], [-113.53611, 53.45242], [-113.53622, 53.45268], [-113.53727, 53.45269], [-113.53786, 53.45157], [-113.53865, 53.45144], [-113.54031, 53.45249], [-113.5392, 53.45338], [-113.53924, 53.45366], [-113.54176, 53.45321], [-113.54413, 53.45532], [-113.5459, 53.45528], [-113.54719, 53.45486], [-113.54847, 53.45539], [-113.54497, 53.45637], [-113.54349, 53.45636]]]}}, {"type": "Feature", "properties": {"DAUID": "48110953", "penalty_weekday": 0.7349, "penalty_midday": 0.7442, "penalty_weekend": 0.7582, "penalty_avg": 0.7458}, "geometry": {"type": "Polygon", "coordinates": [[[-113.51925, 53.45176], [-113.5199, 53.44933], [-113.52467, 53.45029], [-113.52545, 53.45124], [-113.52546, 53.45263], [-113.51977, 53.45238], [-113.51925, 53.45176]]]}}, {"type": "Feature", "properties": {"DAUID": "48110954", "penalty_weekday": 0.7317, "penalty_midday": 0.7442, "penalty_weekend": 0.7528, "penalty_avg": 0.7429}, "geometry": {"type": "Polygon", "coordinates": [[[-113.51614, 53.45403], [-113.51608, 53.44881], [-113.51805, 53.44887], [-113.5199, 53.44933], [-113.51925, 53.45176], [-113.51977, 53.45238], [-113.52546, 53.45263], [-113.52547, 53.45404], [-113.51614, 53.45403]]]}}, {"type": "Feature", "properties": {"DAUID": "48110955", "penalty_weekday": 0.7442, "penalty_midday": 0.7556, "penalty_weekend": 0.766, "penalty_avg": 0.7552}, "geometry": {"type": "Polygon", "coordinates": [[[-113.52452, 53.45023], [-113.51879, 53.44905], [-113.51962, 53.4481], [-113.52036, 53.4479], [-113.52496, 53.4488], [-113.52497, 53.44966], [-113.52452, 53.45023]]]}}, {"type": "Feature", "properties": {"DAUID": "48110956", "penalty_weekday": 0.725, "penalty_midday": 0.7284, "penalty_weekend": 0.75, "penalty_avg": 0.7345}, "geometry": {"type": "Polygon", "coordinates": [[[-113.50709, 53.45249], [-113.50709, 53.45181], [-113.50806, 53.45163], [-113.50789, 53.45094], [-113.50685, 53.45089], [-113.50324, 53.45234], [-113.5015, 53.45238], [-113.50121, 53.45134], [-113.5003, 53.4502], [-113.50023, 53.44955], [-113.50162, 53.44841], [-113.50333, 53.44774], [-113.50999, 53.44801], [-113.51363, 53.44878], [-113.51608, 53.44881], [-113.51614, 53.45403], [-113.50885, 53.45404], [-113.50899, 53.45256], [-113.50709, 53.45249]]]}}, {"type": "Feature", "properties": {"DAUID": "48110957", "penalty_weekday": 0.7027, "penalty_midday": 0.7179, "penalty_weekend": 0.7284, "penalty_avg": 0.7163}, "geometry": {"type": "Polygon", "coordinates": [[[-113.50886, 53.45485], [-113.50885, 53.45404], [-113.51614, 53.45403], [-113.51619, 53.46125], [-113.51287, 53.46102], [-113.5104, 53.45987], [-113.50953, 53.45884], [-113.50955, 53.45673], [-113.50886, 53.45485]]]}}, {"type": "Feature", "properties": {"DAUID": "48110958", "penalty_weekday": 0.7284, "penalty_midday": 0.7381, "penalty_weekend": 0.7582, "penalty_avg": 0.7416}, "geometry": {"type": "Polygon", "coordinates": [[[-113.5015, 53.45404], [-113.5015, 53.45238], [-113.50324, 53.45234], [-113.50685, 53.45089], [-113.50789, 53.45094], [-113.50806, 53.45153], [-113.50709, 53.45181], [-113.50709, 53.45249], [-113.50899, 53.45256], [-113.50885, 53.45404], [-113.5015, 53.45404]]]}}, {"type": "Feature", "properties": {"DAUID": "48110960", "penalty_weekday": 0.7528, "penalty_midday": 0.7582, "penalty_weekend": 0.7755, "penalty_avg": 0.7622}, "geometry": {"type": "Polygon", "coordinates": [[[-113.49507, 53.45172], [-113.49423, 53.45058], [-113.49432, 53.44769], [-113.49492, 53.44718], [-113.5002, 53.44708], [-113.50162, 53.44841], [-113.50039, 53.44926], [-113.5003, 53.4502], [-113.4974, 53.45045], [-113.49507, 53.45172]]]}}, {"type": "Feature", "properties": {"DAUID": "48110962", "penalty_weekday": 0.7609, "penalty_midday": 0.7708, "penalty_weekend": 0.7732, "penalty_avg": 0.7683}, "geometry": {"type": "Polygon", "coordinates": [[[-113.50162, 53.44841], [-113.50057, 53.44761], [-113.49926, 53.44561], [-113.49758, 53.44627], [-113.49433, 53.44624], [-113.49446, 53.44473], [-113.49666, 53.44472], [-113.49779, 53.44436], [-113.49731, 53.44378], [-113.49457, 53.44396], [-113.49453, 53.44276], [-113.49602, 53.44231], [-113.49753, 53.44252], [-113.49899, 53.44154], [-113.49848, 53.4406], [-113.4985, 53.43986], [-113.50199, 53.43984], [-113.5021, 53.44109], [-113.50185, 53.44156], [-113.50575, 53.44247], [-113.50717, 53.44337], [-113.5078, 53.44428], [-113.50793, 53.4448], [-113.50694, 53.44488], [-113.50452, 53.44622], [-113.50427, 53.44648], [-113.50423, 53.4477], [-113.5026, 53.44791], [-113.50162, 53.44841]]]}}, {"type": "Feature", "properties": {"DAUID": "48110966", "penalty_weekday": 0.75, "penalty_midday": 0.7609, "penalty_weekend": 0.766, "penalty_avg": 0.7589}, "geometry": {"type": "Polygon", "coordinates": [[[-113.51393, 53.44549], [-113.51228, 53.44466], [-113.51262, 53.44395], [-113.51207, 53.44304], [-113.51094, 53.44346], [-113.51088, 53.44224], [-113.51009, 53.44267], [-113.50989, 53.44247], [-113.51045, 53.44096], [-113.50886, 53.44074], [-113.50848, 53.44039], [-113.50958, 53.43946], [-113.50992, 53.43827], [-113.50837, 53.43694], [-113.50837, 53.4367], [-113.50899, 53.43653], [-113.50774, 53.43535], [-113.51944, 53.43488], [-113.51814, 53.4394], [-113.51652, 53.43951], [-113.51361, 53.44119], [-113.51513, 53.44257], [-113.51765, 53.44285], [-113.51668, 53.44534], [-113.51537, 53.44515], [-113.51544, 53.44577], [-113.51477, 53.44619], [-113.51415, 53.4461], [-113.51393, 53.44549]]]}}, {"type": "Feature", "properties": {"DAUID": "48110967", "penalty_weekday": 0.75, "penalty_midday": 0.7609, "penalty_weekend": 0.766, "penalty_avg": 0.7589}, "geometry": {"type": "Polygon", "coordinates": [[[-113.5155, 53.44267], [-113.51361, 53.44119], [-113.51652, 53.43951], [-113.52467, 53.43936], [-113.52466, 53.4401], [-113.52088, 53.44036], [-113.52061, 53.44074], [-113.52063, 53.44206], [-113.52116, 53.44306], [-113.5155, 53.44267]]]}}, {"type": "Feature", "properties": {"DAUID": "48110968", "penalty_weekday": 0.7412, "penalty_midday": 0.7556, "penalty_weekend": 0.7634, "penalty_avg": 0.7534}, "geometry": {"type": "Polygon", "coordinates": [[[-113.52101, 53.44029], [-113.52466, 53.4401], [-113.52456, 53.44302], [-113.52116, 53.44306], [-113.5206, 53.44152], [-113.52065, 53.44061], [-113.52101, 53.44029]]]}}, {"type": "Feature", "properties": {"DAUID": "48110971", "penalty_weekday": 0.7442, "penalty_midday": 0.7582, "penalty_weekend": 0.7684, "penalty_avg": 0.7569}, "geometry": {"type": "Polygon", "coordinates": [[[-113.53946, 53.45372], [-113.5392, 53.45338], [-113.54031, 53.45249], [-113.53865, 53.45144], [-113.53786, 53.45157], [-113.53727, 53.45269], [-113.53622, 53.45268], [-113.53611, 53.45242], [-113.53671, 53.45205], [-113.53652, 53.45163], [-113.53527, 53.45135], [-113.534, 53.45046], [-113.53317, 53.45168], [-113.53132, 53.45114], [-113.53076, 53.44976], [-113.52925, 53.44872], [-113.52914, 53.44841], [-113.52952, 53.44787], [-113.5288, 53.44723], [-113.52761, 53.44715], [-113.52721, 53.44847], [-113.52644, 53.44856], [-113.52634, 53.44757], [-113.52594, 53.44722], [-113.52609, 53.44628], [-113.52499, 53.44609], [-113.52398, 53.44636], [-113.52433, 53.44774], [-113.5234, 53.448], [-113.52276, 53.44768], [-113.5223, 53.44603], [-113.52175, 53.44579], [-113.52126, 53.44578], [-113.52147, 53.44658], [-113.52095, 53.44688], [-113.5201, 53.44569], [-113.51928, 53.44631], [-113.51832, 53.44646], [-113.51775, 53.44578], [-113.51668, 53.44534], [-113.51765, 53.44285], [-113.525, 53.44307], [-113.52816, 53.44463], [-113.53293, 53.44472], [-113.53345, 53.4467], [-113.53387, 53.44713], [-113.53528, 53.44754], [-113.53701, 53.44721], [-113.53867, 53.44835], [-113.54139, 53.45323], [-113.53946, 53.45372]]]}}, {"type": "Feature", "properties": {"DAUID": "48110974", "penalty_weekday": 0.7556, "penalty_midday": 0.766, "penalty_weekend": 0.7755, "penalty_avg": 0.7657}, "geometry": {"type": "Polygon", "coordinates": [[[-113.57488, 53.46382], [-113.5781, 53.46291], [-113.5814, 53.46288], [-113.58236, 53.46322], [-113.5827, 53.46407], [-113.58193, 53.46495], [-113.57899, 53.46615], [-113.57796, 53.46757], [-113.57264, 53.46579], [-113.57488, 53.46382]]]}}, {"type": "Feature", "properties": {"DAUID": "48110975", "penalty_weekday": 0.766, "penalty_midday": 0.7708, "penalty_weekend": 0.7778, "penalty_avg": 0.7715}, "geometry": {"type": "Polygon", "coordinates": [[[-113.57191, 53.46673], [-113.57087, 53.46603], [-113.5695, 53.46649], [-113.56622, 53.46657], [-113.5634, 53.46494], [-113.5629, 53.46403], [-113.56544, 53.46395], [-113.56922, 53.46295], [-113.57148, 53.46512], [-113.57505, 53.46679], [-113.57283, 53.46849], [-113.5719, 53.46766], [-113.57191, 53.46673]]]}}, {"type": "Feature", "properties": {"DAUID": "48110977", "penalty_weekday": 0.7528, "penalty_midday": 0.7609, "penalty_weekend": 0.7684, "penalty_avg": 0.7607}, "geometry": {"type": "Polygon", "coordinates": [[[-113.57321, 53.47137], [-113.56779, 53.4721], [-113.5669, 53.47183], [-113.56654, 53.47137], [-113.56704, 53.46965], [-113.56832, 53.46899], [-113.57213, 53.46919], [-113.57283, 53.46849], [-113.57377, 53.46878], [-113.57647, 53.46885], [-113.57733, 53.46935], [-113.57713, 53.47012], [-113.57562, 53.47172], [-113.57321, 53.47137]]]}}, {"type": "Feature", "properties": {"DAUID": "48110978", "penalty_weekday": 0.7528, "penalty_midday": 0.7609, "penalty_weekend": 0.7732, "penalty_avg": 0.7623}, "geometry": {"type": "Polygon", "coordinates": [[[-113.57193, 53.47274], [-113.57173, 53.47145], [-113.57562, 53.47172], [-113.57738, 53.46971], [-113.57715, 53.46915], [-113.57647, 53.46885], [-113.57377, 53.46878], [-113.57283, 53.46849], [-113.57505, 53.46679], [-113.5807, 53.46836], [-113.5771, 53.47361], [-113.57419, 53.47635], [-113.57209, 53.47544], [-113.57129, 53.47466], [-113.5712, 53.47369], [-113.57193, 53.47274]]]}}, {"type": "Feature", "properties": {"DAUID": "48110979", "penalty_weekday": 0.7556, "penalty_midday": 0.7634, "penalty_weekend": 0.7778, "penalty_avg": 0.7656}, "geometry": {"type": "Polygon", "coordinates": [[[-113.58028, 53.47427], [-113.57872, 53.4747], [-113.57722, 53.477], [-113.57488, 53.47671], [-113.57419, 53.47635], [-113.5771, 53.47361], [-113.5807, 53.46836], [-113.58914, 53.47036], [-113.5888, 53.47087], [-113.58623, 53.47024], [-113.5855, 53.47114], [-113.58657, 53.47168], [-113.5883, 53.47167], [-113.59035, 53.47338], [-113.58975, 53.47413], [-113.59038, 53.47455], [-113.58507, 53.47644], [-113.58282, 53.47451], [-113.58028, 53.47427]]]}}, {"type": "Feature", "properties": {"DAUID": "48110980", "penalty_weekday": 0.7412, "penalty_midday": 0.75, "penalty_weekend": 0.766, "penalty_avg": 0.7524}, "geometry": {"type": "Polygon", "coordinates": [[[-113.57914, 53.47446], [-113.58028, 53.47427], [-113.58282, 53.47451], [-113.58507, 53.47644], [-113.58206, 53.47808], [-113.57722, 53.477], [-113.57845, 53.475], [-113.57914, 53.47446]]]}}, {"type": "Feature", "properties": {"DAUID": "48110981", "penalty_weekday": 0.7442, "penalty_midday": 0.7556, "penalty_weekend": 0.7684, "penalty_avg": 0.7561}, "geometry": {"type": "Polygon", "coordinates": [[[-113.57434, 53.48329], [-113.57016, 53.48257], [-113.57028, 53.48218], [-113.57419, 53.47635], [-113.57488, 53.47671], [-113.57633, 53.47678], [-113.58206, 53.47808], [-113.58049, 53.47996], [-113.57722, 53.47953], [-113.57722, 53.48033], [-113.57555, 53.48061], [-113.57526, 53.48259], [-113.57389, 53.48258], [-113.57434, 53.48329]]]}}, {"type": "Feature", "properties": {"DAUID": "48110982", "penalty_weekday": 0.7381, "penalty_midday": 0.7609, "penalty_weekend": 0.766, "penalty_avg": 0.755}, "geometry": {"type": "Polygon", "coordinates": [[[-113.57397, 53.48303], [-113.57389, 53.48258], [-113.57526, 53.48259], [-113.57555, 53.48061], [-113.57722, 53.48033], [-113.57722, 53.47953], [-113.58049, 53.47996], [-113.57874, 53.48364], [-113.57485, 53.48341], [-113.57397, 53.48303]]]}}, {"type": "Feature", "properties": {"DAUID": "48110983", "penalty_weekday": 0.7442, "penalty_midday": 0.7634, "penalty_weekend": 0.7708, "penalty_avg": 0.7595}, "geometry": {"type": "Polygon", "coordinates": [[[-113.58359, 53.48445], [-113.57874, 53.48364], [-113.58049, 53.47996], [-113.58148, 53.48015], [-113.58277, 53.4786], [-113.58377, 53.47835], [-113.58469, 53.4785], [-113.58794, 53.48034], [-113.58784, 53.48086], [-113.58544, 53.48302], [-113.58455, 53.48307], [-113.58359, 53.48445]]]}}, {"type": "Feature", "properties": {"DAUID": "48110984", "penalty_weekday": 0.7471, "penalty_midday": 0.7634, "penalty_weekend": 0.7708, "penalty_avg": 0.7605}, "geometry": {"type": "Polygon", "coordinates": [[[-113.58507, 53.47644], [-113.59038, 53.47455], [-113.59149, 53.47558], [-113.58971, 53.47691], [-113.59019, 53.47797], [-113.59003, 53.47921], [-113.58846, 53.47938], [-113.58604, 53.47814], [-113.58646, 53.47739], [-113.58507, 53.47644]]]}}, {"type": "Feature", "properties": {"DAUID": "48110985", "penalty_weekday": 0.7442, "penalty_midday": 0.766, "penalty_weekend": 0.7684, "penalty_avg": 0.7595}, "geometry": {"type": "Polygon", "coordinates": [[[-113.58033, 53.48576], [-113.58111, 53.48404], [-113.58359, 53.48445], [-113.58404, 53.48381], [-113.58502, 53.48417], [-113.5842, 53.48608], [-113.58399, 53.4903], [-113.58249, 53.49036], [-113.58279, 53.48668], [-113.58098, 53.48665], [-113.58033, 53.48576]]]}}, {"type": "Feature", "properties": {"DAUID": "48110986", "penalty_weekday": 0.7317, "penalty_midday": 0.7556, "penalty_weekend": 0.7582, "penalty_avg": 0.7485}, "geometry": {"type": "Polygon", "coordinates": [[[-113.57807, 53.48505], [-113.57874, 53.48364], [-113.58111, 53.48404], [-113.58033, 53.48576], [-113.58043, 53.48621], [-113.58098, 53.48665], [-113.58279, 53.48668], [-113.58254, 53.48918], [-113.57769, 53.48873], [-113.57807, 53.48505]]]}}, {"type": "Feature", "properties": {"DAUID": "48110987", "penalty_weekday": 0.7317, "penalty_midday": 0.7609, "penalty_weekend": 0.7582, "penalty_avg": 0.7503}, "geometry": {"type": "Polygon", "coordinates": [[[-113.57181, 53.49049], [-113.57187, 53.48919], [-113.57223, 53.4894], [-113.57261, 53.48453], [-113.57227, 53.48348], [-113.57177, 53.48304], [-113.57874, 53.48364], [-113.57784, 53.48571], [-113.5779, 53.49019], [-113.57181, 53.49049]]]}}, {"type": "Feature", "properties": {"DAUID": "48110989", "penalty_weekday": 0.7528, "penalty_midday": 0.7822, "penalty_weekend": 0.78, "penalty_avg": 0.7717}, "geometry": {"type": "Polygon", "coordinates": [[[-113.57181, 53.49049], [-113.55957, 53.49052], [-113.55825, 53.48846], [-113.55891, 53.48774], [-113.5594, 53.48678], [-113.55925, 53.48651], [-113.55413, 53.48603], [-113.55263, 53.4851], [-113.55459, 53.48408], [-113.55468, 53.48372], [-113.55421, 53.48314], [-113.55449, 53.48262], [-113.57044, 53.48252], [-113.57227, 53.48348], [-113.57261, 53.48453], [-113.57223, 53.4894], [-113.57187, 53.48919], [-113.57181, 53.49049]]]}}, {"type": "Feature", "properties": {"DAUID": "48110991", "penalty_weekday": 0.75, "penalty_midday": 0.7708, "penalty_weekend": 0.7708, "penalty_avg": 0.7639}, "geometry": {"type": "Polygon", "coordinates": [[[-113.56354, 53.49745], [-113.56332, 53.49368], [-113.56418, 53.49201], [-113.56418, 53.49051], [-113.56724, 53.49051], [-113.56721, 53.49242], [-113.56659, 53.49348], [-113.5698, 53.49418], [-113.56989, 53.49661], [-113.56656, 53.49671], [-113.56651, 53.49762], [-113.56528, 53.49791], [-113.56408, 53.4978], [-113.56354, 53.49745]]]}}, {"type": "Feature", "properties": {"DAUID": "48110992", "penalty_weekday": 0.7381, "penalty_midday": 0.7556, "penalty_weekend": 0.7609, "penalty_avg": 0.7515}, "geometry": {"type": "Polygon", "coordinates": [[[-113.56081, 53.49945], [-113.55879, 53.49897], [-113.55845, 53.49872], [-113.55834, 53.49797], [-113.55867, 53.49721], [-113.55931, 53.49706], [-113.55977, 53.49792], [-113.56051, 53.49803], [-113.56162, 53.49651], [-113.56136, 53.49623], [-113.56022, 53.49662], [-113.55933, 53.49564], [-113.55964, 53.49537], [-113.56058, 53.49555], [-113.56162, 53.49451], [-113.56027, 53.49339], [-113.56157, 53.49178], [-113.55957, 53.49052], [-113.56418, 53.49051], [-113.56418, 53.49201], [-113.56332, 53.49368], [-113.56339, 53.49696], [-113.56383, 53.49768], [-113.56481, 53.49794], [-113.56651, 53.49762], [-113.56656, 53.49671], [-113.56989, 53.49661], [-113.5698, 53.49418], [-113.56659, 53.49348], [-113.56721, 53.49242], [-113.56724, 53.49051], [-113.57181, 53.49049], [-113.57174, 53.49705], [-113.57147, 53.4984], [-113.57067, 53.49957], [-113.57096, 53.49971], [-113.56846, 53.50142], [-113.56722, 53.50267], [-113.56666, 53.50362], [-113.56656, 53.50561], [-113.56146, 53.50564], [-113.5617, 53.50443], [-113.56087, 53.50347], [-113.56109, 53.50219], [-113.55959, 53.50088], [-113.56071, 53.49977], [-113.56081, 53.49945]]]}}, {"type": "Feature", "properties": {"DAUID": "48110993", "penalty_weekday": 0.7471, "penalty_midday": 0.7843, "penalty_weekend": 0.7843, "penalty_avg": 0.7719}, "geometry": {"type": "Polygon", "coordinates": [[[-113.57895, 53.49882], [-113.5782, 53.49799], [-113.57693, 53.49839], [-113.57528, 53.49645], [-113.57518, 53.49416], [-113.57823, 53.49373], [-113.5784, 53.49523], [-113.57781, 53.49619], [-113.58264, 53.49762], [-113.58247, 53.49791], [-113.57895, 53.49882]]]}}, {"type": "Feature", "properties": {"DAUID": "48110994", "penalty_weekday": 0.7556, "penalty_midday": 0.7885, "penalty_weekend": 0.7885, "penalty_avg": 0.7775}, "geometry": {"type": "Polygon", "coordinates": [[[-113.57823, 53.49373], [-113.57511, 53.49425], [-113.57528, 53.49645], [-113.57693, 53.49839], [-113.5782, 53.49799], [-113.57913, 53.49886], [-113.58261, 53.49782], [-113.58256, 53.49753], [-113.58145, 53.49713], [-113.57781, 53.49619], [-113.5784, 53.49523], [-113.57823, 53.49373], [-113.5825, 53.49343], [-113.58249, 53.49036], [-113.58399, 53.4903], [-113.5842, 53.48608], [-113.58505, 53.48434], [-113.58404, 53.48381], [-113.58455, 53.48307], [-113.58492, 53.48331], [-113.58781, 53.48307], [-113.58693, 53.48437], [-113.58631, 53.4869], [-113.58622, 53.48882], [-113.58633, 53.49005], [-113.58729, 53.49293], [-113.59011, 53.49786], [-113.58893, 53.49976], [-113.5877, 53.5009], [-113.58592, 53.50182], [-113.57839, 53.5043], [-113.57337, 53.50518], [-113.56656, 53.50561], [-113.56666, 53.50362], [-113.56722, 53.50267], [-113.56846, 53.50142], [-113.57096, 53.49971], [-113.57067, 53.49957], [-113.57147, 53.4984], [-113.57174, 53.49705], [-113.57181, 53.49049], [-113.5779, 53.49019], [-113.57823, 53.49373]]]}}, {"type": "Feature", "properties": {"DAUID": "48110995", "penalty_weekday": 0.7349, "penalty_midday": 0.766, "penalty_weekend": 0.7684, "penalty_avg": 0.7564}, "geometry": {"type": "Polygon", "coordinates": [[[-113.57823, 53.49373], [-113.57769, 53.48873], [-113.58254, 53.48918], [-113.5825, 53.49343], [-113.57823, 53.49373]]]}}, {"type": "Feature", "properties": {"DAUID": "48110997", "penalty_weekday": 0.8018, "penalty_midday": null, "penalty_weekend": null, "penalty_avg": 0.8018}, "geometry": {"type": "Polygon", "coordinates": [[[-113.60679, 53.5062], [-113.59406, 53.49906], [-113.5955, 53.49875], [-113.59468, 53.49711], [-113.59576, 53.49642], [-113.59838, 53.49754], [-113.60412, 53.49768], [-113.60397, 53.49984], [-113.60473, 53.50082], [-113.60343, 53.5017], [-113.60352, 53.5022], [-113.60649, 53.50282], [-113.60897, 53.50279], [-113.61025, 53.50218], [-113.6107, 53.50257], [-113.61104, 53.50319], [-113.61111, 53.5047], [-113.60871, 53.50487], [-113.60679, 53.5062]]]}}, {"type": "Feature", "properties": {"DAUID": "48110998", "penalty_weekday": 0.8018, "penalty_midday": null, "penalty_weekend": null, "penalty_avg": 0.8018}, "geometry": {"type": "Polygon", "coordinates": [[[-113.60649, 53.50282], [-113.60374, 53.50235], [-113.60343, 53.5017], [-113.60473, 53.50082], [-113.6073, 53.50135], [-113.60756, 53.49964], [-113.60844, 53.49906], [-113.61032, 53.49898], [-113.61088, 53.49938], [-113.61224, 53.49949], [-113.61268, 53.4997], [-113.61347, 53.50103], [-113.61326, 53.50157], [-113.6112, 53.50177], [-113.60897, 53.50279], [-113.60649, 53.50282]]]}}, {"type": "Feature", "properties": {"DAUID": "48110999", "penalty_weekday": 0.7864, "penalty_midday": 0.8136, "penalty_weekend": null, "penalty_avg": 0.8}, "geometry": {"type": "Polygon", "coordinates": [[[-113.60406, 53.50007], [-113.6039, 53.4985], [-113.60412, 53.49768], [-113.60551, 53.49654], [-113.6068, 53.4963], [-113.60859, 53.49652], [-113.61003, 53.49545], [-113.61234, 53.49448], [-113.61387, 53.49554], [-113.61532, 53.49556], [-113.6154, 53.49762], [-113.6122, 53.49768], [-113.61069, 53.49889], [-113.60797, 53.49922], [-113.60756, 53.49964], [-113.6073, 53.50135], [-113.60505, 53.50098], [-113.60406, 53.50007]]]}}, {"type": "Feature", "properties": {"DAUID": "48111000", "penalty_weekday": 0.7864, "penalty_midday": 0.8136, "penalty_weekend": null, "penalty_avg": 0.8}, "geometry": {"type": "Polygon", "coordinates": [[[-113.6068, 53.4963], [-113.60507, 53.49673], [-113.60474, 53.49617], [-113.60602, 53.49438], [-113.60587, 53.49208], [-113.60741, 53.49052], [-113.60858, 53.49025], [-113.6089, 53.49099], [-113.60906, 53.4937], [-113.61102, 53.49382], [-113.61234, 53.49448], [-113.61003, 53.49545], [-113.60859, 53.49652], [-113.6068, 53.4963]]]}}, {"type": "Feature", "properties": {"DAUID": "48111001", "penalty_weekday": 0.7684, "penalty_midday": null, "penalty_weekend": null, "penalty_avg": 0.7684}, "geometry": {"type": "Polygon", "coordinates": [[[-113.61104, 53.50319], [-113.61025, 53.50218], [-113.6112, 53.50177], [-113.6128, 53.50173], [-113.6135, 53.50126], [-113.61268, 53.4997], [-113.61088, 53.49938], [-113.61032, 53.49898], [-113.61112, 53.4987], [-113.6122, 53.49768], [-113.6154, 53.49762], [-113.61535, 53.50473], [-113.61111, 53.5047], [-113.61104, 53.50319]]]}}, {"type": "Feature", "properties": {"DAUID": "48111002", "penalty_weekday": 0.7684, "penalty_midday": null, "penalty_weekend": null, "penalty_avg": 0.7684}, "geometry": {"type": "Polygon", "coordinates": [[[-113.61533, 53.50048], [-113.6154, 53.49762], [-113.621, 53.49744], [-113.62091, 53.49967], [-113.62043, 53.50046], [-113.61533, 53.50048]]]}}, {"type": "Feature", "properties": {"DAUID": "48111003", "penalty_weekday": 0.7684, "penalty_midday": null, "penalty_weekend": null, "penalty_avg": 0.7684}, "geometry": {"type": "Polygon", "coordinates": [[[-113.61535, 53.50473], [-113.61533, 53.50048], [-113.62043, 53.50046], [-113.61966, 53.50165], [-113.61954, 53.50465], [-113.61535, 53.50473]]]}}, {"type": "Feature", "properties": {"DAUID": "48111007", "penalty_weekday": 0.7684, "penalty_midday": null, "penalty_weekend": null, "penalty_avg": 0.7684}, "geometry": {"type": "Polygon", "coordinates": [[[-113.62091, 53.49967], [-113.621, 53.49744], [-113.6293, 53.49643], [-113.6302, 53.49943], [-113.62043, 53.50046], [-113.62091, 53.49967]]]}}, {"type": "Feature", "properties": {"DAUID": "48111008", "penalty_weekday": 0.7864, "penalty_midday": 0.8136, "penalty_weekend": null, "penalty_avg": 0.8}, "geometry": {"type": "Polygon", "coordinates": [[[-113.62103, 53.4931], [-113.62329, 53.4929], [-113.62556, 53.49323], [-113.62542, 53.49461], [-113.62903, 53.49475], [-113.6293, 53.49643], [-113.621, 53.49744], [-113.62002, 53.49415], [-113.6203, 53.49354], [-113.62103, 53.4931]]]}}, {"type": "Feature", "properties": {"DAUID": "48111013", "penalty_weekday": 0.7864, "penalty_midday": 0.8136, "penalty_weekend": null, "penalty_avg": 0.8}, "geometry": {"type": "Polygon", "coordinates": [[[-113.6154, 53.49762], [-113.61527, 53.49266], [-113.61778, 53.49256], [-113.6203, 53.49354], [-113.62005, 53.49451], [-113.62079, 53.4961], [-113.621, 53.49744], [-113.6154, 53.49762]]]}}, {"type": "Feature", "properties": {"DAUID": "48111029", "penalty_weekday": 0.7778, "penalty_midday": 0.7905, "penalty_weekend": 0.8053, "penalty_avg": 0.7912}, "geometry": {"type": "Polygon", "coordinates": [[[-113.63368, 53.51223], [-113.62987, 53.51224], [-113.6302, 53.50942], [-113.63904, 53.50917], [-113.64107, 53.50884], [-113.64198, 53.51026], [-113.64046, 53.51071], [-113.64044, 53.51133], [-113.63368, 53.51223]]]}}, {"type": "Feature", "properties": {"DAUID": "48111030", "penalty_weekday": 0.78, "penalty_midday": 0.7925, "penalty_weekend": 0.807, "penalty_avg": 0.7932}, "geometry": {"type": "Polygon", "coordinates": [[[-113.6302, 53.50942], [-113.63104, 53.50532], [-113.63104, 53.50308], [-113.63382, 53.50294], [-113.63396, 53.50524], [-113.63317, 53.50724], [-113.6348, 53.50724], [-113.63467, 53.50853], [-113.63318, 53.50865], [-113.63327, 53.50941], [-113.6302, 53.50942]]]}}, {"type": "Feature", "properties": {"DAUID": "48111035", "penalty_weekday": 0.7609, "penalty_midday": 0.766, "penalty_weekend": 0.7822, "penalty_avg": 0.7697}, "geometry": {"type": "Polygon", "coordinates": [[[-113.59828, 53.51303], [-113.60237, 53.51283], [-113.60261, 53.51295], [-113.60263, 53.51372], [-113.61067, 53.51401], [-113.61224, 53.51499], [-113.61256, 53.5165], [-113.59825, 53.51683], [-113.59828, 53.51303]]]}}, {"type": "Feature", "properties": {"DAUID": "48111036", "penalty_weekday": 0.7684, "penalty_midday": 0.7732, "penalty_weekend": 0.7885, "penalty_avg": 0.7767}, "geometry": {"type": "Polygon", "coordinates": [[[-113.60545, 53.51951], [-113.60546, 53.51679], [-113.60727, 53.51649], [-113.61256, 53.5165], [-113.61236, 53.51735], [-113.61107, 53.51851], [-113.61079, 53.51952], [-113.60545, 53.51951]]]}}, {"type": "Feature", "properties": {"DAUID": "48111037", "penalty_weekday": 0.7471, "penalty_midday": 0.7528, "penalty_weekend": 0.7732, "penalty_avg": 0.7577}, "geometry": {"type": "Polygon", "coordinates": [[[-113.59961, 53.51948], [-113.59961, 53.51683], [-113.60546, 53.51679], [-113.60545, 53.51951], [-113.59961, 53.51948]]]}}, {"type": "Feature", "properties": {"DAUID": "48111038", "penalty_weekday": 0.7381, "penalty_midday": 0.7471, "penalty_weekend": 0.7684, "penalty_avg": 0.7512}, "geometry": {"type": "Polygon", "coordinates": [[[-113.59648, 53.52437], [-113.59349, 53.52258], [-113.59193, 53.5235], [-113.59038, 53.52309], [-113.59037, 53.51951], [-113.60296, 53.51949], [-113.60291, 53.52248], [-113.59953, 53.52263], [-113.59648, 53.52437]]]}}, {"type": "Feature", "properties": {"DAUID": "48111039", "penalty_weekday": 0.7349, "penalty_midday": 0.7442, "penalty_weekend": 0.766, "penalty_avg": 0.7484}, "geometry": {"type": "Polygon", "coordinates": [[[-113.59168, 53.51944], [-113.59172, 53.51726], [-113.59195, 53.51713], [-113.59516, 53.51766], [-113.59517, 53.51683], [-113.59961, 53.51683], [-113.59961, 53.51948], [-113.59168, 53.51944]]]}}, {"type": "Feature", "properties": {"DAUID": "48111041", "penalty_weekday": 0.7556, "penalty_midday": 0.7634, "penalty_weekend": 0.78, "penalty_avg": 0.7663}, "geometry": {"type": "Polygon", "coordinates": [[[-113.59037, 53.51951], [-113.59041, 53.51202], [-113.59662, 53.51206], [-113.59674, 53.51683], [-113.59517, 53.51683], [-113.59516, 53.51766], [-113.59195, 53.51713], [-113.59172, 53.51726], [-113.59168, 53.51944], [-113.59037, 53.51951]]]}}, {"type": "Feature", "properties": {"DAUID": "48111042", "penalty_weekday": 0.7609, "penalty_midday": 0.766, "penalty_weekend": 0.7843, "penalty_avg": 0.7704}, "geometry": {"type": "Polygon", "coordinates": [[[-113.58093, 53.5136], [-113.57876, 53.51436], [-113.57792, 53.51576], [-113.57795, 53.51509], [-113.57941, 53.51305], [-113.57941, 53.51238], [-113.58134, 53.51259], [-113.59041, 53.51202], [-113.5904, 53.51714], [-113.58635, 53.51711], [-113.58624, 53.51555], [-113.5841, 53.51506], [-113.58239, 53.51505], [-113.58239, 53.51447], [-113.58093, 53.5136]]]}}, {"type": "Feature", "properties": {"DAUID": "48111043", "penalty_weekday": 0.7822, "penalty_midday": 0.7905, "penalty_weekend": 0.807, "penalty_avg": 0.7932}, "geometry": {"type": "Polygon", "coordinates": [[[-113.57793, 53.51205], [-113.57802, 53.50888], [-113.58171, 53.50882], [-113.58725, 53.50789], [-113.59042, 53.50787], [-113.59041, 53.51202], [-113.58134, 53.51259], [-113.57793, 53.51205]]]}}, {"type": "Feature", "properties": {"DAUID": "48111045", "penalty_weekday": 0.7864, "penalty_midday": 0.7944, "penalty_weekend": 0.812, "penalty_avg": 0.7976}, "geometry": {"type": "Polygon", "coordinates": [[[-113.58107, 53.50343], [-113.58712, 53.5012], [-113.59, 53.50123], [-113.5904, 53.50355], [-113.59042, 53.50787], [-113.58725, 53.50789], [-113.58171, 53.50882], [-113.57802, 53.50888], [-113.57803, 53.50754], [-113.57913, 53.50572], [-113.58107, 53.50343]]]}}, {"type": "Feature", "properties": {"DAUID": "48111046", "penalty_weekday": 0.7778, "penalty_midday": 0.7843, "penalty_weekend": 0.8018, "penalty_avg": 0.788}, "geometry": {"type": "Polygon", "coordinates": [[[-113.59649, 53.51023], [-113.59499, 53.50896], [-113.59342, 53.50965], [-113.59042, 53.50984], [-113.5904, 53.50355], [-113.59, 53.50123], [-113.59097, 53.50156], [-113.59175, 53.50237], [-113.59202, 53.50404], [-113.596, 53.50578], [-113.59832, 53.50751], [-113.60212, 53.50844], [-113.6095, 53.50958], [-113.61061, 53.51007], [-113.61088, 53.51079], [-113.61452, 53.51155], [-113.61445, 53.51219], [-113.59662, 53.51206], [-113.59649, 53.51023]]]}}, {"type": "Feature", "properties": {"DAUID": "48111047", "penalty_weekday": 0.7708, "penalty_midday": 0.78, "penalty_weekend": 0.8, "penalty_avg": 0.7836}, "geometry": {"type": "Polygon", "coordinates": [[[-113.59041, 53.51202], [-113.59042, 53.50984], [-113.59342, 53.50965], [-113.59499, 53.50896], [-113.59623, 53.50987], [-113.5966, 53.51059], [-113.59662, 53.51206], [-113.59041, 53.51202]]]}}, {"type": "Feature", "properties": {"DAUID": "48111048", "penalty_weekday": 0.7905, "penalty_midday": null, "penalty_weekend": null, "penalty_avg": 0.7905}, "geometry": {"type": "Polygon", "coordinates": [[[-113.60679, 53.5062], [-113.60442, 53.50709], [-113.60464, 53.50761], [-113.60553, 53.50805], [-113.60996, 53.50873], [-113.6125, 53.5109], [-113.61314, 53.511], [-113.61355, 53.51079], [-113.61388, 53.51003], [-113.6141, 53.50724], [-113.60932, 53.50713], [-113.60679, 53.5062], [-113.60823, 53.50508], [-113.60925, 53.50474], [-113.61535, 53.50473], [-113.6153, 53.51219], [-113.61445, 53.51219], [-113.61452, 53.51155], [-113.61088, 53.51079], [-113.61061, 53.51007], [-113.6095, 53.50958], [-113.60212, 53.50844], [-113.59832, 53.50751], [-113.596, 53.50578], [-113.59202, 53.50404], [-113.59175, 53.50237], [-113.59045, 53.50123], [-113.59181, 53.49937], [-113.59406, 53.49906], [-113.60679, 53.5062]]]}}, {"type": "Feature", "properties": {"DAUID": "48111049", "penalty_weekday": 0.7778, "penalty_midday": null, "penalty_weekend": null, "penalty_avg": 0.7778}, "geometry": {"type": "Polygon", "coordinates": [[[-113.60464, 53.50761], [-113.60442, 53.50709], [-113.60679, 53.5062], [-113.60932, 53.50713], [-113.61398, 53.50719], [-113.61417, 53.50781], [-113.6138, 53.51035], [-113.61355, 53.51079], [-113.61274, 53.51099], [-113.60996, 53.50873], [-113.60553, 53.50805], [-113.60464, 53.50761]]]}}, {"type": "Feature", "properties": {"DAUID": "48111050", "penalty_weekday": 0.7755, "penalty_midday": 0.7843, "penalty_weekend": 0.7944, "penalty_avg": 0.7847}, "geometry": {"type": "Polygon", "coordinates": [[[-113.56668, 53.50738], [-113.56656, 53.50561], [-113.57547, 53.50491], [-113.58107, 53.50343], [-113.57913, 53.50572], [-113.57803, 53.50754], [-113.57793, 53.51205], [-113.57595, 53.51162], [-113.57172, 53.51152], [-113.56956, 53.51103], [-113.56762, 53.50967], [-113.56668, 53.50738]]]}}, {"type": "Feature", "properties": {"DAUID": "48111051", "penalty_weekday": 0.7634, "penalty_midday": 0.7755, "penalty_weekend": 0.7843, "penalty_avg": 0.7744}, "geometry": {"type": "Polygon", "coordinates": [[[-113.55067, 53.52565], [-113.54606, 53.52386], [-113.54404, 53.52239], [-113.54087, 53.51904], [-113.54037, 53.51698], [-113.54063, 53.5146], [-113.54124, 53.5127], [-113.54226, 53.51085], [-113.54424, 53.5093], [-113.54749, 53.50753], [-113.5531, 53.50624], [-113.56249, 53.50556], [-113.56656, 53.50561], [-113.56668, 53.50738], [-113.56739, 53.50929], [-113.56901, 53.51079], [-113.57172, 53.51152], [-113.57595, 53.51162], [-113.57941, 53.51238], [-113.57941, 53.51305], [-113.57795, 53.51509], [-113.57795, 53.51691], [-113.57631, 53.51691], [-113.57624, 53.51427], [-113.57529, 53.51311], [-113.5718, 53.51306], [-113.57181, 53.51223], [-113.5701, 53.51219], [-113.56872, 53.51169], [-113.56724, 53.51077], [-113.56643, 53.5093], [-113.56595, 53.50911], [-113.56326, 53.5099], [-113.56228, 53.51069], [-113.56316, 53.51137], [-113.56111, 53.51262], [-113.56098, 53.51433], [-113.5595, 53.51434], [-113.5595, 53.51523], [-113.55282, 53.51523], [-113.55294, 53.51797], [-113.5544, 53.51804], [-113.5562, 53.51765], [-113.55637, 53.51866], [-113.55431, 53.51928], [-113.55477, 53.52047], [-113.55811, 53.52124], [-113.56104, 53.52138], [-113.56105, 53.52222], [-113.5581, 53.52228], [-113.55653, 53.5229], [-113.55883, 53.52478], [-113.55954, 53.52587], [-113.55301, 53.52714], [-113.55067, 53.52565]]]}}, {"type": "Feature", "properties": {"DAUID": "48111052", "penalty_weekday": 0.7528, "penalty_midday": 0.7582, "penalty_weekend": 0.78, "penalty_avg": 0.7637}, "geometry": {"type": "Polygon", "coordinates": [[[-113.56326, 53.5099], [-113.56595, 53.50911], [-113.56643, 53.5093], [-113.56724, 53.51077], [-113.56943, 53.51203], [-113.56735, 53.51323], [-113.56724, 53.51474], [-113.56099, 53.51474], [-113.56104, 53.51271], [-113.56316, 53.51137], [-113.56228, 53.51069], [-113.56326, 53.5099]]]}}, {"type": "Feature", "properties": {"DAUID": "48111053", "penalty_weekday": 0.7442, "penalty_midday": 0.7471, "penalty_weekend": 0.766, "penalty_avg": 0.7524}, "geometry": {"type": "Polygon", "coordinates": [[[-113.56104, 53.51829], [-113.56099, 53.51474], [-113.56572, 53.51474], [-113.5657, 53.51861], [-113.5652, 53.51953], [-113.5626, 53.5194], [-113.56259, 53.51832], [-113.56104, 53.51829]]]}}, {"type": "Feature", "properties": {"DAUID": "48111054", "penalty_weekday": 0.7582, "penalty_midday": 0.7582, "penalty_weekend": 0.7755, "penalty_avg": 0.764}, "geometry": {"type": "Polygon", "coordinates": [[[-113.55792, 53.51808], [-113.55589, 53.51765], [-113.5544, 53.51804], [-113.55294, 53.51797], [-113.55282, 53.51523], [-113.5595, 53.51523], [-113.5595, 53.51434], [-113.56098, 53.51433], [-113.56099, 53.51733], [-113.55903, 53.51736], [-113.55939, 53.51797], [-113.55947, 53.51937], [-113.55796, 53.51938], [-113.55792, 53.51808]]]}}, {"type": "Feature", "properties": {"DAUID": "48111055", "penalty_weekday": 0.7442, "penalty_midday": 0.7442, "penalty_weekend": 0.7634, "penalty_avg": 0.7506}, "geometry": {"type": "Polygon", "coordinates": [[[-113.55477, 53.52047], [-113.55431, 53.51928], [-113.55637, 53.51866], [-113.5562, 53.51765], [-113.5578, 53.51797], [-113.55796, 53.51938], [-113.55947, 53.51937], [-113.55939, 53.51797], [-113.55903, 53.51736], [-113.56099, 53.51733], [-113.56104, 53.51829], [-113.56259, 53.51832], [-113.56261, 53.52223], [-113.56105, 53.52222], [-113.56089, 53.52126], [-113.55811, 53.52124], [-113.55477, 53.52047]]]}}, {"type": "Feature", "properties": {"DAUID": "48111056", "penalty_weekday": 0.7317, "penalty_midday": 0.7284, "penalty_weekend": 0.7528, "penalty_avg": 0.7376}, "geometry": {"type": "Polygon", "coordinates": [[[-113.56873, 53.52487], [-113.56056, 53.52488], [-113.55924, 53.52524], [-113.55653, 53.5229], [-113.55842, 53.52223], [-113.56261, 53.52223], [-113.5626, 53.5194], [-113.56471, 53.51939], [-113.56562, 53.51987], [-113.56576, 53.52121], [-113.56724, 53.52121], [-113.56726, 53.52393], [-113.56874, 53.52401], [-113.56873, 53.52487]]]}}, {"type": "Feature", "properties": {"DAUID": "48111057", "penalty_weekday": 0.7412, "penalty_midday": 0.7381, "penalty_weekend": 0.7609, "penalty_avg": 0.7467}, "geometry": {"type": "Polygon", "coordinates": [[[-113.56576, 53.52121], [-113.56545, 53.51966], [-113.56688, 53.51936], [-113.57028, 53.51936], [-113.57028, 53.52035], [-113.57179, 53.52036], [-113.5718, 53.52218], [-113.57323, 53.5222], [-113.57332, 53.52394], [-113.57482, 53.524], [-113.57483, 53.52486], [-113.56873, 53.52487], [-113.56874, 53.52401], [-113.56726, 53.52393], [-113.56724, 53.52121], [-113.56576, 53.52121]]]}}, {"type": "Feature", "properties": {"DAUID": "48111058", "penalty_weekday": 0.75, "penalty_midday": 0.75, "penalty_weekend": 0.7684, "penalty_avg": 0.7561}, "geometry": {"type": "Polygon", "coordinates": [[[-113.57028, 53.52035], [-113.57028, 53.51849], [-113.57486, 53.51848], [-113.57487, 53.52035], [-113.57621, 53.52035], [-113.57631, 53.52124], [-113.57797, 53.52125], [-113.57796, 53.52484], [-113.57483, 53.52486], [-113.57482, 53.524], [-113.57332, 53.52394], [-113.57331, 53.52231], [-113.5718, 53.52218], [-113.57179, 53.52036], [-113.57028, 53.52035]]]}}, {"type": "Feature", "properties": {"DAUID": "48111059", "penalty_weekday": 0.7349, "penalty_midday": 0.7349, "penalty_weekend": 0.7556, "penalty_avg": 0.7418}, "geometry": {"type": "Polygon", "coordinates": [[[-113.57149, 53.51607], [-113.57182, 53.51474], [-113.57629, 53.51473], [-113.57631, 53.51691], [-113.57795, 53.51691], [-113.57797, 53.52125], [-113.57631, 53.52124], [-113.57621, 53.52035], [-113.57487, 53.52035], [-113.57486, 53.51848], [-113.57028, 53.51849], [-113.57034, 53.51729], [-113.57149, 53.51607]]]}}, {"type": "Feature", "properties": {"DAUID": "48111060", "penalty_weekday": 0.7471, "penalty_midday": 0.7471, "penalty_weekend": 0.7732, "penalty_avg": 0.7558}, "geometry": {"type": "Polygon", "coordinates": [[[-113.56688, 53.51936], [-113.56581, 53.51968], [-113.56516, 53.51943], [-113.5657, 53.51861], [-113.56572, 53.51474], [-113.56724, 53.51474], [-113.56735, 53.51323], [-113.56943, 53.51203], [-113.57181, 53.51223], [-113.5718, 53.51306], [-113.57529, 53.51311], [-113.57624, 53.51427], [-113.57629, 53.51473], [-113.57182, 53.51474], [-113.57165, 53.51583], [-113.57027, 53.51746], [-113.57028, 53.51936], [-113.56688, 53.51936]]]}}, {"type": "Feature", "properties": {"DAUID": "48111061", "penalty_weekday": 0.725, "penalty_midday": 0.7381, "penalty_weekend": 0.7556, "penalty_avg": 0.7396}, "geometry": {"type": "Polygon", "coordinates": [[[-113.57791, 53.51594], [-113.57876, 53.51436], [-113.57934, 53.51399], [-113.58093, 53.5136], [-113.58205, 53.51419], [-113.58239, 53.51447], [-113.58239, 53.51505], [-113.58114, 53.51527], [-113.58095, 53.51691], [-113.58239, 53.51692], [-113.58241, 53.51949], [-113.57809, 53.51945], [-113.57791, 53.51594]]]}}, {"type": "Feature", "properties": {"DAUID": "48111062", "penalty_weekday": 0.7349, "penalty_midday": 0.7442, "penalty_weekend": 0.7684, "penalty_avg": 0.7492}, "geometry": {"type": "Polygon", "coordinates": [[[-113.58114, 53.51527], [-113.5841, 53.51506], [-113.58624, 53.51555], [-113.58679, 53.51943], [-113.58241, 53.51949], [-113.58239, 53.51692], [-113.58095, 53.51691], [-113.58114, 53.51527]]]}}, {"type": "Feature", "properties": {"DAUID": "48111063", "penalty_weekday": 0.7284, "penalty_midday": 0.7349, "penalty_weekend": 0.7609, "penalty_avg": 0.7414}, "geometry": {"type": "Polygon", "coordinates": [[[-113.58679, 53.51943], [-113.58635, 53.51711], [-113.5904, 53.51714], [-113.59037, 53.51951], [-113.58679, 53.51943]]]}}, {"type": "Feature", "properties": {"DAUID": "48111064", "penalty_weekday": 0.7412, "penalty_midday": 0.75, "penalty_weekend": 0.7708, "penalty_avg": 0.754}, "geometry": {"type": "Polygon", "coordinates": [[[-113.58329, 53.51956], [-113.59037, 53.51951], [-113.59044, 53.52403], [-113.59073, 53.52428], [-113.59036, 53.52495], [-113.58329, 53.52491], [-113.58329, 53.51956]]]}}, {"type": "Feature", "properties": {"DAUID": "48111065", "penalty_weekday": 0.7284, "penalty_midday": 0.7381, "penalty_weekend": 0.7609, "penalty_avg": 0.7425}, "geometry": {"type": "Polygon", "coordinates": [[[-113.57795, 53.52309], [-113.57809, 53.51945], [-113.5833, 53.51949], [-113.58329, 53.52309], [-113.57795, 53.52309]]]}}, {"type": "Feature", "properties": {"DAUID": "48111066", "penalty_weekday": 0.75, "penalty_midday": 0.7582, "penalty_weekend": 0.7732, "penalty_avg": 0.7605}, "geometry": {"type": "Polygon", "coordinates": [[[-113.57797, 53.52669], [-113.57795, 53.52309], [-113.58329, 53.52309], [-113.5833, 53.52669], [-113.57797, 53.52669]]]}}, {"type": "Feature", "properties": {"DAUID": "48111067", "penalty_weekday": 0.7528, "penalty_midday": 0.7471, "penalty_weekend": 0.7684, "penalty_avg": 0.7561}, "geometry": {"type": "Polygon", "coordinates": [[[-113.5725, 53.5278], [-113.57027, 53.52487], [-113.57796, 53.52484], [-113.57798, 53.53152], [-113.57626, 53.53152], [-113.5743, 53.53053], [-113.57271, 53.53038], [-113.5725, 53.5278]]]}}, {"type": "Feature", "properties": {"DAUID": "48111068", "penalty_weekday": 0.7412, "penalty_midday": 0.7528, "penalty_weekend": 0.7556, "penalty_avg": 0.7498}, "geometry": {"type": "Polygon", "coordinates": [[[-113.57798, 53.53152], [-113.57797, 53.52669], [-113.5833, 53.52669], [-113.58328, 53.52842], [-113.58153, 53.52841], [-113.58152, 53.53152], [-113.57798, 53.53152]]]}}, {"type": "Feature", "properties": {"DAUID": "48111069", "penalty_weekday": 0.7317, "penalty_midday": 0.7442, "penalty_weekend": 0.7528, "penalty_avg": 0.7429}, "geometry": {"type": "Polygon", "coordinates": [[[-113.57278, 53.5346], [-113.57271, 53.53038], [-113.5743, 53.53053], [-113.57626, 53.53152], [-113.57798, 53.53152], [-113.57798, 53.53461], [-113.57278, 53.5346]]]}}, {"type": "Feature", "properties": {"DAUID": "48111070", "penalty_weekday": 0.7317, "penalty_midday": 0.7442, "penalty_weekend": 0.7471, "penalty_avg": 0.741}, "geometry": {"type": "Polygon", "coordinates": [[[-113.57798, 53.53461], [-113.57798, 53.53152], [-113.58504, 53.53153], [-113.58502, 53.53462], [-113.57798, 53.53461]]]}}, {"type": "Feature", "properties": {"DAUID": "48111071", "penalty_weekday": 0.7349, "penalty_midday": 0.7471, "penalty_weekend": 0.7528, "penalty_avg": 0.745}, "geometry": {"type": "Polygon", "coordinates": [[[-113.58152, 53.53152], [-113.58153, 53.52841], [-113.58855, 53.52842], [-113.58855, 53.52915], [-113.59036, 53.52916], [-113.59037, 53.53152], [-113.58152, 53.53152]]]}}, {"type": "Feature", "properties": {"DAUID": "48111072", "penalty_weekday": 0.7412, "penalty_midday": 0.7528, "penalty_weekend": 0.7556, "penalty_avg": 0.7498}, "geometry": {"type": "Polygon", "coordinates": [[[-113.58502, 53.53462], [-113.58504, 53.53153], [-113.59037, 53.53152], [-113.59035, 53.53461], [-113.58502, 53.53462]]]}}, {"type": "Feature", "properties": {"DAUID": "48111073", "penalty_weekday": 0.75, "penalty_midday": 0.7634, "penalty_weekend": 0.7634, "penalty_avg": 0.759}, "geometry": {"type": "Polygon", "coordinates": [[[-113.59035, 53.53747], [-113.59037, 53.53152], [-113.59381, 53.53152], [-113.59381, 53.53748], [-113.59035, 53.53747]]]}}, {"type": "Feature", "properties": {"DAUID": "48111074", "penalty_weekday": 0.7471, "penalty_midday": 0.7634, "penalty_weekend": 0.7634, "penalty_avg": 0.758}, "geometry": {"type": "Polygon", "coordinates": [[[-113.59037, 53.53924], [-113.58676, 53.53924], [-113.58678, 53.53462], [-113.59035, 53.53461], [-113.59037, 53.53924]]]}}, {"type": "Feature", "properties": {"DAUID": "48111075", "penalty_weekday": 0.7381, "penalty_midday": 0.7528, "penalty_weekend": 0.7582, "penalty_avg": 0.7497}, "geometry": {"type": "Polygon", "coordinates": [[[-113.58151, 53.5393], [-113.58152, 53.53461], [-113.58678, 53.53462], [-113.58676, 53.53924], [-113.58151, 53.5393]]]}}, {"type": "Feature", "properties": {"DAUID": "48111076", "penalty_weekday": 0.7215, "penalty_midday": 0.7381, "penalty_weekend": 0.7442, "penalty_avg": 0.7346}, "geometry": {"type": "Polygon", "coordinates": [[[-113.57795, 53.53927], [-113.57798, 53.53461], [-113.58152, 53.53461], [-113.58151, 53.5393], [-113.57795, 53.53927]]]}}, {"type": "Feature", "properties": {"DAUID": "48111077", "penalty_weekday": 0.7179, "penalty_midday": 0.7349, "penalty_weekend": 0.7412, "penalty_avg": 0.7314}, "geometry": {"type": "Polygon", "coordinates": [[[-113.5745, 53.53587], [-113.57454, 53.5346], [-113.57798, 53.53461], [-113.57795, 53.54118], [-113.57552, 53.54119], [-113.57275, 53.53993], [-113.57275, 53.53764], [-113.5745, 53.53587]]]}}, {"type": "Feature", "properties": {"DAUID": "48111078", "penalty_weekday": 0.7215, "penalty_midday": 0.7381, "penalty_weekend": 0.7442, "penalty_avg": 0.7346}, "geometry": {"type": "Polygon", "coordinates": [[[-113.57804, 53.54328], [-113.57795, 53.53927], [-113.58328, 53.53923], [-113.58327, 53.54332], [-113.57804, 53.54328]]]}}, {"type": "Feature", "properties": {"DAUID": "48111079", "penalty_weekday": 0.7284, "penalty_midday": 0.7284, "penalty_weekend": 0.75, "penalty_avg": 0.7356}, "geometry": {"type": "Polygon", "coordinates": [[[-113.57091, 53.54076], [-113.56754, 53.54075], [-113.56756, 53.54125], [-113.56561, 53.54124], [-113.56556, 53.53881], [-113.57033, 53.53972], [-113.574, 53.54132], [-113.57795, 53.54118], [-113.57805, 53.54631], [-113.57257, 53.54631], [-113.57257, 53.54132], [-113.57085, 53.54126], [-113.57091, 53.54076]]]}}, {"type": "Feature", "properties": {"DAUID": "48111080", "penalty_weekday": 0.7105, "penalty_midday": 0.7105, "penalty_weekend": 0.7349, "penalty_avg": 0.7187}, "geometry": {"type": "Polygon", "coordinates": [[[-113.56574, 53.5463], [-113.56561, 53.54124], [-113.56756, 53.54125], [-113.56754, 53.54075], [-113.57091, 53.54076], [-113.57085, 53.54126], [-113.57253, 53.54129], [-113.57257, 53.54631], [-113.56574, 53.5463]]]}}, {"type": "Feature", "properties": {"DAUID": "48111081", "penalty_weekday": 0.7027, "penalty_midday": 0.7027, "penalty_weekend": 0.7284, "penalty_avg": 0.7113}, "geometry": {"type": "Polygon", "coordinates": [[[-113.56134, 53.54361], [-113.56309, 53.54298], [-113.56564, 53.54285], [-113.56571, 53.54459], [-113.56134, 53.5446], [-113.56134, 53.54361]]]}}, {"type": "Feature", "properties": {"DAUID": "48111082", "penalty_weekday": 0.7105, "penalty_midday": 0.7143, "penalty_weekend": 0.7317, "penalty_avg": 0.7188}, "geometry": {"type": "Polygon", "coordinates": [[[-113.55461, 53.54777], [-113.5546, 53.54514], [-113.55517, 53.54498], [-113.55774, 53.54459], [-113.56571, 53.54459], [-113.56573, 53.54566], [-113.56302, 53.54568], [-113.56302, 53.54777], [-113.55461, 53.54777]]]}}, {"type": "Feature", "properties": {"DAUID": "48111083", "penalty_weekday": 0.725, "penalty_midday": 0.725, "penalty_weekend": 0.7471, "penalty_avg": 0.7324}, "geometry": {"type": "Polygon", "coordinates": [[[-113.55132, 53.54619], [-113.55123, 53.54494], [-113.55071, 53.54449], [-113.55124, 53.5443], [-113.55124, 53.54303], [-113.55535, 53.54301], [-113.5551, 53.54226], [-113.55463, 53.54198], [-113.55465, 53.54129], [-113.55968, 53.54127], [-113.56052, 53.54179], [-113.5614, 53.54123], [-113.56561, 53.54124], [-113.56564, 53.54285], [-113.56246, 53.54311], [-113.56134, 53.54361], [-113.56134, 53.5446], [-113.55629, 53.54473], [-113.5546, 53.54514], [-113.55459, 53.54618], [-113.55132, 53.54619]]]}}, {"type": "Feature", "properties": {"DAUID": "48111084", "penalty_weekday": 0.7556, "penalty_midday": 0.7556, "penalty_weekend": 0.7732, "penalty_avg": 0.7614}, "geometry": {"type": "Polygon", "coordinates": [[[-113.56561, 53.54124], [-113.5614, 53.54123], [-113.56052, 53.54179], [-113.55968, 53.54127], [-113.55465, 53.54129], [-113.55463, 53.54198], [-113.5551, 53.54226], [-113.55535, 53.54301], [-113.54031, 53.54304], [-113.5412, 53.54192], [-113.54116, 53.54119], [-113.54055, 53.54068], [-113.53807, 53.53996], [-113.53748, 53.53945], [-113.5374, 53.53889], [-113.53962, 53.5359], [-113.54337, 53.53696], [-113.54683, 53.53722], [-113.54946, 53.53702], [-113.5523, 53.53631], [-113.55539, 53.53768], [-113.56556, 53.53881], [-113.56561, 53.54124]]]}}, {"type": "Feature", "properties": {"DAUID": "48111086", "penalty_weekday": 0.6901, "penalty_midday": 0.7067, "penalty_weekend": 0.7317, "penalty_avg": 0.7095}, "geometry": {"type": "Polygon", "coordinates": [[[-113.55132, 53.54619], [-113.54579, 53.54788], [-113.54431, 53.54634], [-113.54301, 53.54589], [-113.54215, 53.54487], [-113.54077, 53.54425], [-113.54031, 53.54304], [-113.55124, 53.54303], [-113.55124, 53.5443], [-113.55071, 53.54449], [-113.55123, 53.54494], [-113.55132, 53.54619]]]}}, {"type": "Feature", "properties": {"DAUID": "48111087", "penalty_weekday": 0.6901, "penalty_midday": 0.6986, "penalty_weekend": 0.7179, "penalty_avg": 0.7022}, "geometry": {"type": "Polygon", "coordinates": [[[-113.54856, 53.54949], [-113.54579, 53.54788], [-113.55132, 53.54619], [-113.55459, 53.54618], [-113.55461, 53.54777], [-113.55629, 53.54777], [-113.55635, 53.55102], [-113.54978, 53.55105], [-113.54856, 53.54949]]]}}, {"type": "Feature", "properties": {"DAUID": "48111088", "penalty_weekday": 0.6901, "penalty_midday": 0.6986, "penalty_weekend": 0.7179, "penalty_avg": 0.7022}, "geometry": {"type": "Polygon", "coordinates": [[[-113.56563, 53.55147], [-113.56448, 53.55096], [-113.55635, 53.55102], [-113.55629, 53.54777], [-113.56577, 53.54776], [-113.56572, 53.54862], [-113.56922, 53.54862], [-113.56923, 53.55108], [-113.56642, 53.55119], [-113.56586, 53.55194], [-113.56563, 53.55147]]]}}, {"type": "Feature", "properties": {"DAUID": "48111089", "penalty_weekday": 0.7027, "penalty_midday": 0.7105, "penalty_weekend": 0.725, "penalty_avg": 0.7127}, "geometry": {"type": "Polygon", "coordinates": [[[-113.55385, 53.55439], [-113.55385, 53.5527], [-113.55551, 53.55263], [-113.5555, 53.55104], [-113.56134, 53.55095], [-113.56132, 53.55576], [-113.55546, 53.55577], [-113.55552, 53.55439], [-113.55385, 53.55439]]]}}, {"type": "Feature", "properties": {"DAUID": "48111090", "penalty_weekday": 0.6986, "penalty_midday": 0.7105, "penalty_weekend": 0.7143, "penalty_avg": 0.7078}, "geometry": {"type": "Polygon", "coordinates": [[[-113.55545, 53.55893], [-113.55125, 53.55859], [-113.55077, 53.55722], [-113.5506, 53.55286], [-113.54978, 53.55105], [-113.5555, 53.55104], [-113.55551, 53.55263], [-113.55385, 53.5527], [-113.55385, 53.55439], [-113.55552, 53.55439], [-113.55545, 53.55893]]]}}, {"type": "Feature", "properties": {"DAUID": "48111091", "penalty_weekday": 0.7105, "penalty_midday": 0.7215, "penalty_weekend": 0.725, "penalty_avg": 0.719}, "geometry": {"type": "Polygon", "coordinates": [[[-113.55545, 53.55893], [-113.55546, 53.55577], [-113.56132, 53.55576], [-113.56133, 53.55621], [-113.56583, 53.55622], [-113.56569, 53.55892], [-113.55545, 53.55893]]]}}, {"type": "Feature", "properties": {"DAUID": "48111092", "penalty_weekday": 0.6944, "penalty_midday": 0.7067, "penalty_weekend": 0.7027, "penalty_avg": 0.7013}, "geometry": {"type": "Polygon", "coordinates": [[[-113.54696, 53.56737], [-113.54509, 53.56364], [-113.54955, 53.56323], [-113.54955, 53.55897], [-113.55049, 53.55899], [-113.55125, 53.55859], [-113.55133, 53.56322], [-113.55011, 53.56322], [-113.54744, 53.56472], [-113.54696, 53.56737]]]}}, {"type": "Feature", "properties": {"DAUID": "48111093", "penalty_weekday": 0.6944, "penalty_midday": 0.6944, "penalty_weekend": 0.6857, "penalty_avg": 0.6915}, "geometry": {"type": "Polygon", "coordinates": [[[-113.54955, 53.56323], [-113.54509, 53.56364], [-113.54368, 53.56048], [-113.54404, 53.56048], [-113.54402, 53.55888], [-113.54955, 53.55897], [-113.54955, 53.56323]]]}}, {"type": "Feature", "properties": {"DAUID": "48111094", "penalty_weekday": 0.7067, "penalty_midday": 0.7179, "penalty_weekend": 0.725, "penalty_avg": 0.7165}, "geometry": {"type": "Polygon", "coordinates": [[[-113.54696, 53.56737], [-113.54744, 53.56472], [-113.55011, 53.56322], [-113.54995, 53.56386], [-113.54821, 53.56605], [-113.54811, 53.56738], [-113.54696, 53.56737]]]}}, {"type": "Feature", "properties": {"DAUID": "48111095", "penalty_weekday": 0.7027, "penalty_midday": 0.7179, "penalty_weekend": 0.725, "penalty_avg": 0.7152}, "geometry": {"type": "Polygon", "coordinates": [[[-113.54995, 53.56386], [-113.55011, 53.56322], [-113.55133, 53.56322], [-113.55106, 53.56421], [-113.54963, 53.56583], [-113.54936, 53.56738], [-113.54811, 53.56738], [-113.54821, 53.56605], [-113.54995, 53.56386]]]}}, {"type": "Feature", "properties": {"DAUID": "48111096", "penalty_weekday": 0.6986, "penalty_midday": 0.7067, "penalty_weekend": 0.6986, "penalty_avg": 0.7013}, "geometry": {"type": "Polygon", "coordinates": [[[-113.56039, 53.56383], [-113.55545, 53.56383], [-113.55459, 53.5652], [-113.5503, 53.56506], [-113.55134, 53.56354], [-113.55125, 53.55859], [-113.55242, 53.55893], [-113.56569, 53.55892], [-113.56578, 53.56521], [-113.56134, 53.56521], [-113.56125, 53.5642], [-113.56039, 53.56383]]]}}, {"type": "Feature", "properties": {"DAUID": "48111097", "penalty_weekday": 0.7067, "penalty_midday": 0.7284, "penalty_weekend": 0.7215, "penalty_avg": 0.7189}, "geometry": {"type": "Polygon", "coordinates": [[[-113.56134, 53.56521], [-113.55459, 53.5652], [-113.55545, 53.56383], [-113.56039, 53.56383], [-113.56134, 53.56439], [-113.56134, 53.56521]]]}}, {"type": "Feature", "properties": {"DAUID": "48111098", "penalty_weekday": 0.7179, "penalty_midday": 0.7284, "penalty_weekend": 0.7284, "penalty_avg": 0.7249}, "geometry": {"type": "Polygon", "coordinates": [[[-113.55629, 53.56674], [-113.55628, 53.5652], [-113.56134, 53.56521], [-113.56133, 53.57028], [-113.5546, 53.57028], [-113.55472, 53.56855], [-113.55714, 53.56742], [-113.55629, 53.56674]]]}}, {"type": "Feature", "properties": {"DAUID": "48111099", "penalty_weekday": 0.725, "penalty_midday": 0.7381, "penalty_weekend": 0.7381, "penalty_avg": 0.7337}, "geometry": {"type": "Polygon", "coordinates": [[[-113.56133, 53.57028], [-113.56134, 53.56521], [-113.56578, 53.56521], [-113.5657, 53.57033], [-113.56133, 53.57028]]]}}, {"type": "Feature", "properties": {"DAUID": "48111100", "penalty_weekday": 0.725, "penalty_midday": 0.7381, "penalty_weekend": 0.75, "penalty_avg": 0.7377}, "geometry": {"type": "Polygon", "coordinates": [[[-113.55982, 53.57673], [-113.55836, 53.5771], [-113.55745, 53.57605], [-113.55917, 53.57547], [-113.5601, 53.5748], [-113.56133, 53.57272], [-113.56133, 53.57028], [-113.5657, 53.57033], [-113.56581, 53.57832], [-113.56295, 53.57831], [-113.56296, 53.57736], [-113.56182, 53.57737], [-113.55982, 53.57673]]]}}, {"type": "Feature", "properties": {"DAUID": "48111101", "penalty_weekday": 0.7215, "penalty_midday": 0.7284, "penalty_weekend": 0.7317, "penalty_avg": 0.7272}, "geometry": {"type": "Polygon", "coordinates": [[[-113.5565, 53.57496], [-113.55475, 53.57258], [-113.55145, 53.5735], [-113.54975, 53.57158], [-113.5495, 53.57112], [-113.54975, 53.57048], [-113.56133, 53.57028], [-113.56133, 53.57272], [-113.56106, 53.57325], [-113.55899, 53.57281], [-113.55802, 53.57442], [-113.5565, 53.57496]]]}}, {"type": "Feature", "properties": {"DAUID": "48111102", "penalty_weekday": 0.7143, "penalty_midday": 0.7215, "penalty_weekend": 0.725, "penalty_avg": 0.7203}, "geometry": {"type": "Polygon", "coordinates": [[[-113.54963, 53.56583], [-113.5503, 53.56506], [-113.55628, 53.5652], [-113.55629, 53.56674], [-113.55714, 53.56742], [-113.55472, 53.56855], [-113.5546, 53.57028], [-113.54975, 53.57048], [-113.54936, 53.56929], [-113.54963, 53.56583]]]}}, {"type": "Feature", "properties": {"DAUID": "48111103", "penalty_weekday": 0.7179, "penalty_midday": 0.7284, "penalty_weekend": 0.7412, "penalty_avg": 0.7292}, "geometry": {"type": "Polygon", "coordinates": [[[-113.55431, 53.577], [-113.55145, 53.5735], [-113.55475, 53.57258], [-113.5565, 53.57496], [-113.55802, 53.57442], [-113.55899, 53.57281], [-113.56106, 53.57325], [-113.5601, 53.5748], [-113.55917, 53.57547], [-113.55431, 53.577]]]}}, {"type": "Feature", "properties": {"DAUID": "48111104", "penalty_weekday": 0.7215, "penalty_midday": 0.7412, "penalty_weekend": 0.7528, "penalty_avg": 0.7385}, "geometry": {"type": "Polygon", "coordinates": [[[-113.55654, 53.58072], [-113.55431, 53.577], [-113.55745, 53.57605], [-113.55836, 53.5771], [-113.55982, 53.57673], [-113.56182, 53.57737], [-113.56296, 53.57736], [-113.56295, 53.57831], [-113.56581, 53.57832], [-113.56579, 53.58128], [-113.56753, 53.5813], [-113.56725, 53.58361], [-113.55881, 53.58357], [-113.55654, 53.58072]]]}}, {"type": "Feature", "properties": {"DAUID": "48111106", "penalty_weekday": 0.7349, "penalty_midday": 0.7471, "penalty_weekend": 0.7556, "penalty_avg": 0.7459}, "geometry": {"type": "Polygon", "coordinates": [[[-113.57966, 53.5995], [-113.56543, 53.59955], [-113.56542, 53.59291], [-113.56514, 53.59186], [-113.55746, 53.5841], [-113.55625, 53.58375], [-113.5523, 53.58358], [-113.57788, 53.58348], [-113.57802, 53.58507], [-113.57787, 53.5856], [-113.57731, 53.58561], [-113.57758, 53.58633], [-113.57774, 53.59166], [-113.57868, 53.59324], [-113.58195, 53.59561], [-113.58278, 53.5966], [-113.57953, 53.59683], [-113.57966, 53.5995]]]}}, {"type": "Feature", "properties": {"DAUID": "48111107", "penalty_weekday": 0.7317, "penalty_midday": 0.7412, "penalty_weekend": 0.7471, "penalty_avg": 0.74}, "geometry": {"type": "Polygon", "coordinates": [[[-113.54883, 53.58911], [-113.54884, 53.58756], [-113.55035, 53.58757], [-113.55036, 53.58601], [-113.54575, 53.58601], [-113.54574, 53.58422], [-113.54621, 53.58356], [-113.55625, 53.58375], [-113.55798, 53.58446], [-113.5646, 53.59119], [-113.5653, 53.59226], [-113.56041, 53.59221], [-113.55955, 53.59179], [-113.55953, 53.58997], [-113.55895, 53.58879], [-113.55608, 53.58911], [-113.54883, 53.58911]]]}}, {"type": "Feature", "properties": {"DAUID": "48111108", "penalty_weekday": 0.7105, "penalty_midday": 0.7349, "penalty_weekend": 0.7412, "penalty_avg": 0.7289}, "geometry": {"type": "Polygon", "coordinates": [[[-113.54885, 53.59221], [-113.54883, 53.58911], [-113.55608, 53.58911], [-113.55895, 53.58879], [-113.55953, 53.58997], [-113.55955, 53.59179], [-113.55661, 53.59179], [-113.55346, 53.5923], [-113.54885, 53.59221]]]}}, {"type": "Feature", "properties": {"DAUID": "48111109", "penalty_weekday": 0.7215, "penalty_midday": 0.7381, "penalty_weekend": 0.7442, "penalty_avg": 0.7346}, "geometry": {"type": "Polygon", "coordinates": [[[-113.56191, 53.59548], [-113.55984, 53.5955], [-113.55736, 53.59628], [-113.55348, 53.59628], [-113.55347, 53.59463], [-113.54883, 53.59464], [-113.54885, 53.59221], [-113.55346, 53.5923], [-113.55661, 53.59179], [-113.55955, 53.59179], [-113.55958, 53.59269], [-113.56085, 53.59279], [-113.56184, 53.59343], [-113.56191, 53.59548]]]}}, {"type": "Feature", "properties": {"DAUID": "48111110", "penalty_weekday": 0.7105, "penalty_midday": 0.725, "penalty_weekend": 0.725, "penalty_avg": 0.7202}, "geometry": {"type": "Polygon", "coordinates": [[[-113.54731, 53.59957], [-113.5473, 53.59644], [-113.54883, 53.59618], [-113.54883, 53.59464], [-113.55347, 53.59463], [-113.55348, 53.59628], [-113.55792, 53.59621], [-113.5589, 53.59719], [-113.55889, 53.59956], [-113.54731, 53.59957]]]}}, {"type": "Feature", "properties": {"DAUID": "48111111", "penalty_weekday": 0.7143, "penalty_midday": 0.7349, "penalty_weekend": 0.7381, "penalty_avg": 0.7291}, "geometry": {"type": "Polygon", "coordinates": [[[-113.5589, 53.59719], [-113.55792, 53.59621], [-113.55984, 53.5955], [-113.56191, 53.59548], [-113.56184, 53.59343], [-113.5607, 53.59274], [-113.55958, 53.59269], [-113.55955, 53.59179], [-113.56041, 53.59221], [-113.5653, 53.59226], [-113.56543, 53.59955], [-113.55889, 53.59956], [-113.5589, 53.59719]]]}}, {"type": "Feature", "properties": {"DAUID": "48111113", "penalty_weekday": 0.7179, "penalty_midday": 0.7179, "penalty_weekend": 0.7143, "penalty_avg": 0.7167}, "geometry": {"type": "Polygon", "coordinates": [[[-113.54113, 53.59957], [-113.54123, 53.59463], [-113.54576, 53.59463], [-113.54576, 53.59644], [-113.5473, 53.59644], [-113.54731, 53.59957], [-113.54113, 53.59957]]]}}, {"type": "Feature", "properties": {"DAUID": "48111114", "penalty_weekday": 0.7067, "penalty_midday": 0.725, "penalty_weekend": 0.7215, "penalty_avg": 0.7177}, "geometry": {"type": "Polygon", "coordinates": [[[-113.54123, 53.59463], [-113.54123, 53.59218], [-113.54885, 53.59221], [-113.54883, 53.59618], [-113.5485, 53.59643], [-113.54576, 53.59644], [-113.54576, 53.59463], [-113.54123, 53.59463]]]}}, {"type": "Feature", "properties": {"DAUID": "48111115", "penalty_weekday": 0.7143, "penalty_midday": 0.7179, "penalty_weekend": 0.7105, "penalty_avg": 0.7143}, "geometry": {"type": "Polygon", "coordinates": [[[-113.53349, 53.59621], [-113.53153, 53.59545], [-113.53195, 53.59488], [-113.53349, 53.59487], [-113.53363, 53.59519], [-113.53496, 53.59551], [-113.53504, 53.59322], [-113.53657, 53.59316], [-113.53656, 53.59218], [-113.54123, 53.59218], [-113.54113, 53.59957], [-113.53492, 53.59959], [-113.53504, 53.59642], [-113.53349, 53.59621]]]}}, {"type": "Feature", "properties": {"DAUID": "48111116", "penalty_weekday": 0.7105, "penalty_midday": 0.7143, "penalty_weekend": 0.7143, "penalty_avg": 0.713}, "geometry": {"type": "Polygon", "coordinates": [[[-113.54123, 53.59218], [-113.5411, 53.58758], [-113.54884, 53.58756], [-113.54885, 53.59221], [-113.54123, 53.59218]]]}}, {"type": "Feature", "properties": {"DAUID": "48111117", "penalty_weekday": 0.7215, "penalty_midday": 0.725, "penalty_weekend": 0.7284, "penalty_avg": 0.725}, "geometry": {"type": "Polygon", "coordinates": [[[-113.5411, 53.58758], [-113.54127, 53.58356], [-113.54621, 53.58356], [-113.54574, 53.58422], [-113.54575, 53.58601], [-113.55036, 53.58601], [-113.55035, 53.58757], [-113.5411, 53.58758]]]}}, {"type": "Feature", "properties": {"DAUID": "48111119", "penalty_weekday": 0.7471, "penalty_midday": 0.7582, "penalty_weekend": 0.7556, "penalty_avg": 0.7536}, "geometry": {"type": "Polygon", "coordinates": [[[-113.53093, 53.61858], [-113.5305, 53.61699], [-113.54115, 53.61704], [-113.54117, 53.62373], [-113.53813, 53.62361], [-113.53362, 53.62162], [-113.53357, 53.62033], [-113.53093, 53.61858]]]}}, {"type": "Feature", "properties": {"DAUID": "48111124", "penalty_weekday": 0.7556, "penalty_midday": 0.7684, "penalty_weekend": 0.766, "penalty_avg": 0.7633}, "geometry": {"type": "Polygon", "coordinates": [[[-113.57788, 53.58348], [-113.57797, 53.55895], [-113.60152, 53.5589], [-113.60367, 53.55797], [-113.6085, 53.55203], [-113.61272, 53.55314], [-113.61523, 53.55334], [-113.61519, 53.57532], [-113.58257, 53.58282], [-113.57788, 53.58348]]]}}, {"type": "Feature", "properties": {"DAUID": "48111125", "penalty_weekday": 0.7528, "penalty_midday": 0.7634, "penalty_weekend": 0.7528, "penalty_avg": 0.7564}, "geometry": {"type": "Polygon", "coordinates": [[[-113.60152, 53.5589], [-113.59045, 53.559], [-113.59044, 53.55597], [-113.59875, 53.55603], [-113.59877, 53.55826], [-113.6005, 53.55824], [-113.60271, 53.55733], [-113.60494, 53.55459], [-113.60567, 53.55482], [-113.60577, 53.5554], [-113.60367, 53.55797], [-113.60152, 53.5589]]]}}, {"type": "Feature", "properties": {"DAUID": "48111126", "penalty_weekday": 0.7609, "penalty_midday": 0.7684, "penalty_weekend": 0.7609, "penalty_avg": 0.7634}, "geometry": {"type": "Polygon", "coordinates": [[[-113.59877, 53.55826], [-113.59874, 53.55363], [-113.60117, 53.55363], [-113.60494, 53.55459], [-113.60205, 53.55781], [-113.6005, 53.55824], [-113.59877, 53.55826]]]}}, {"type": "Feature", "properties": {"DAUID": "48111127", "penalty_weekday": 0.7412, "penalty_midday": 0.75, "penalty_weekend": 0.7412, "penalty_avg": 0.7441}, "geometry": {"type": "Polygon", "coordinates": [[[-113.59044, 53.55597], [-113.59037, 53.55115], [-113.59567, 53.55135], [-113.59569, 53.55363], [-113.59874, 53.55363], [-113.59875, 53.55603], [-113.59044, 53.55597]]]}}, {"type": "Feature", "properties": {"DAUID": "48111128", "penalty_weekday": 0.7471, "penalty_midday": 0.7582, "penalty_weekend": 0.75, "penalty_avg": 0.7518}, "geometry": {"type": "Polygon", "coordinates": [[[-113.60277, 53.55135], [-113.59037, 53.55115], [-113.59038, 53.5487], [-113.59388, 53.5487], [-113.594, 53.54965], [-113.59918, 53.54965], [-113.5992, 53.54738], [-113.60088, 53.54742], [-113.6009, 53.54871], [-113.60268, 53.54871], [-113.60277, 53.55135]]]}}, {"type": "Feature", "properties": {"DAUID": "48111129", "penalty_weekday": 0.7412, "penalty_midday": 0.7556, "penalty_weekend": 0.7471, "penalty_avg": 0.748}, "geometry": {"type": "Polygon", "coordinates": [[[-113.59038, 53.5487], [-113.59037, 53.54639], [-113.5992, 53.54639], [-113.59918, 53.54965], [-113.594, 53.54965], [-113.59388, 53.5487], [-113.59038, 53.5487]]]}}, {"type": "Feature", "properties": {"DAUID": "48111130", "penalty_weekday": 0.725, "penalty_midday": 0.7442, "penalty_weekend": 0.7349, "penalty_avg": 0.7347}, "geometry": {"type": "Polygon", "coordinates": [[[-113.58331, 53.54949], [-113.58329, 53.54795], [-113.59038, 53.54795], [-113.59037, 53.55115], [-113.58507, 53.55109], [-113.58506, 53.5495], [-113.58331, 53.54949]]]}}, {"type": "Feature", "properties": {"DAUID": "48111131", "penalty_weekday": 0.7215, "penalty_midday": 0.7412, "penalty_weekend": 0.7381, "penalty_avg": 0.7336}, "geometry": {"type": "Polygon", "coordinates": [[[-113.58329, 53.54795], [-113.58327, 53.54483], [-113.58679, 53.54485], [-113.58679, 53.54639], [-113.59037, 53.54639], [-113.59038, 53.54795], [-113.58329, 53.54795]]]}}, {"type": "Feature", "properties": {"DAUID": "48111132", "penalty_weekday": 0.7317, "penalty_midday": 0.7471, "penalty_weekend": 0.7412, "penalty_avg": 0.74}, "geometry": {"type": "Polygon", "coordinates": [[[-113.58327, 53.54483], [-113.58327, 53.54332], [-113.59033, 53.5433], [-113.59037, 53.54639], [-113.58679, 53.54639], [-113.58679, 53.54485], [-113.58327, 53.54483]]]}}, {"type": "Feature", "properties": {"DAUID": "48111133", "penalty_weekday": 0.7317, "penalty_midday": 0.7471, "penalty_weekend": 0.7381, "penalty_avg": 0.739}, "geometry": {"type": "Polygon", "coordinates": [[[-113.59037, 53.54639], [-113.59033, 53.54127], [-113.59205, 53.54127], [-113.59207, 53.5433], [-113.59385, 53.54331], [-113.59386, 53.54639], [-113.59037, 53.54639]]]}}, {"type": "Feature", "properties": {"DAUID": "48111134", "penalty_weekday": 0.7349, "penalty_midday": 0.75, "penalty_weekend": 0.7442, "penalty_avg": 0.743}, "geometry": {"type": "Polygon", "coordinates": [[[-113.58678, 53.54326], [-113.58676, 53.53924], [-113.5938, 53.53924], [-113.59381, 53.54025], [-113.59202, 53.54024], [-113.59181, 53.54127], [-113.59033, 53.54127], [-113.59033, 53.5433], [-113.58678, 53.54326]]]}}, {"type": "Feature", "properties": {"DAUID": "48111135", "penalty_weekday": 0.7349, "penalty_midday": 0.75, "penalty_weekend": 0.75, "penalty_avg": 0.745}, "geometry": {"type": "Polygon", "coordinates": [[[-113.58327, 53.54332], [-113.58328, 53.53923], [-113.58676, 53.53924], [-113.58679, 53.54331], [-113.58327, 53.54332]]]}}, {"type": "Feature", "properties": {"DAUID": "48111136", "penalty_weekday": 0.7349, "penalty_midday": 0.75, "penalty_weekend": 0.7412, "penalty_avg": 0.742}, "geometry": {"type": "Polygon", "coordinates": [[[-113.59207, 53.5433], [-113.59205, 53.54127], [-113.59181, 53.54127], [-113.59202, 53.54024], [-113.59381, 53.54025], [-113.5938, 53.53924], [-113.59731, 53.53924], [-113.59732, 53.54128], [-113.59561, 53.54128], [-113.59562, 53.54331], [-113.59207, 53.5433]]]}}, {"type": "Feature", "properties": {"DAUID": "48111137", "penalty_weekday": 0.7471, "penalty_midday": 0.7582, "penalty_weekend": 0.75, "penalty_avg": 0.7518}, "geometry": {"type": "Polygon", "coordinates": [[[-113.59386, 53.54639], [-113.59385, 53.54331], [-113.59562, 53.54331], [-113.59561, 53.54128], [-113.59915, 53.54128], [-113.59916, 53.54331], [-113.5974, 53.54331], [-113.59742, 53.54639], [-113.59386, 53.54639]]]}}, {"type": "Feature", "properties": {"DAUID": "48111138", "penalty_weekday": 0.7609, "penalty_midday": 0.7708, "penalty_weekend": 0.766, "penalty_avg": 0.7659}, "geometry": {"type": "Polygon", "coordinates": [[[-113.59742, 53.54639], [-113.5974, 53.54331], [-113.60094, 53.5433], [-113.60093, 53.54129], [-113.60271, 53.54128], [-113.60269, 53.54639], [-113.59742, 53.54639]]]}}, {"type": "Feature", "properties": {"DAUID": "48111139", "penalty_weekday": 0.7528, "penalty_midday": 0.7634, "penalty_weekend": 0.7528, "penalty_avg": 0.7564}, "geometry": {"type": "Polygon", "coordinates": [[[-113.59916, 53.54331], [-113.59915, 53.54128], [-113.59732, 53.54128], [-113.59731, 53.53924], [-113.60455, 53.53925], [-113.6045, 53.54129], [-113.60093, 53.54129], [-113.60094, 53.5433], [-113.59916, 53.54331]]]}}, {"type": "Feature", "properties": {"DAUID": "48111140", "penalty_weekday": 0.7556, "penalty_midday": 0.766, "penalty_weekend": 0.7582, "penalty_avg": 0.7599}, "geometry": {"type": "Polygon", "coordinates": [[[-113.59037, 53.53924], [-113.59035, 53.53747], [-113.60278, 53.53749], [-113.60275, 53.53921], [-113.59037, 53.53924]]]}}, {"type": "Feature", "properties": {"DAUID": "48111141", "penalty_weekday": 0.75, "penalty_midday": 0.7634, "penalty_weekend": 0.7609, "penalty_avg": 0.7581}, "geometry": {"type": "Polygon", "coordinates": [[[-113.59381, 53.53748], [-113.59381, 53.53152], [-113.59733, 53.53156], [-113.59733, 53.53309], [-113.59908, 53.5331], [-113.59906, 53.53749], [-113.59381, 53.53748]]]}}, {"type": "Feature", "properties": {"DAUID": "48111142", "penalty_weekday": 0.7556, "penalty_midday": 0.7732, "penalty_weekend": 0.7684, "penalty_avg": 0.7657}, "geometry": {"type": "Polygon", "coordinates": [[[-113.59733, 53.53165], [-113.60276, 53.53157], [-113.6028, 53.5339], [-113.60597, 53.53393], [-113.60593, 53.53752], [-113.59906, 53.53749], [-113.59908, 53.5331], [-113.59733, 53.53309], [-113.59733, 53.53165]]]}}, {"type": "Feature", "properties": {"DAUID": "48111143", "penalty_weekday": 0.7528, "penalty_midday": 0.7684, "penalty_weekend": 0.7634, "penalty_avg": 0.7616}, "geometry": {"type": "Polygon", "coordinates": [[[-113.6028, 53.5339], [-113.60276, 53.53157], [-113.60724, 53.5316], [-113.60714, 53.53236], [-113.60608, 53.53325], [-113.60597, 53.53393], [-113.6028, 53.5339]]]}}, {"type": "Feature", "properties": {"DAUID": "48111144", "penalty_weekday": 0.7556, "penalty_midday": 0.7755, "penalty_weekend": 0.7684, "penalty_avg": 0.7665}, "geometry": {"type": "Polygon", "coordinates": [[[-113.60275, 53.53921], [-113.60278, 53.53749], [-113.60593, 53.53752], [-113.60596, 53.53355], [-113.60714, 53.53236], [-113.60724, 53.5316], [-113.61059, 53.5317], [-113.61059, 53.53445], [-113.61005, 53.53574], [-113.60995, 53.5381], [-113.60916, 53.53914], [-113.60275, 53.53921]]]}}, {"type": "Feature", "properties": {"DAUID": "48111145", "penalty_weekday": 0.7556, "penalty_midday": 0.7755, "penalty_weekend": 0.7684, "penalty_avg": 0.7665}, "geometry": {"type": "Polygon", "coordinates": [[[-113.61059, 53.53179], [-113.61518, 53.53173], [-113.61499, 53.53928], [-113.60879, 53.53928], [-113.60995, 53.5381], [-113.61005, 53.53574], [-113.61059, 53.53445], [-113.61059, 53.53179]]]}}, {"type": "Feature", "properties": {"DAUID": "48111147", "penalty_weekday": 0.7556, "penalty_midday": 0.7684, "penalty_weekend": 0.7708, "penalty_avg": 0.7649}, "geometry": {"type": "Polygon", "coordinates": [[[-113.61782, 53.52901], [-113.61777, 53.52729], [-113.62224, 53.52734], [-113.62237, 53.52879], [-113.62349, 53.53023], [-113.62094, 53.53122], [-113.61884, 53.53164], [-113.61854, 53.53053], [-113.61881, 53.53004], [-113.61782, 53.52901]]]}}, {"type": "Feature", "properties": {"DAUID": "48111148", "penalty_weekday": 0.7708, "penalty_midday": 0.7822, "penalty_weekend": 0.7982, "penalty_avg": 0.7837}, "geometry": {"type": "Polygon", "coordinates": [[[-113.62349, 53.53023], [-113.62237, 53.52879], [-113.6222, 53.52811], [-113.62713, 53.52741], [-113.62805, 53.52638], [-113.62787, 53.52471], [-113.62988, 53.52468], [-113.63032, 53.52865], [-113.62662, 53.52906], [-113.62349, 53.53023]]]}}, {"type": "Feature", "properties": {"DAUID": "48111157", "penalty_weekday": 0.7634, "penalty_midday": 0.7732, "penalty_weekend": 0.766, "penalty_avg": 0.7675}, "geometry": {"type": "Polygon", "coordinates": [[[-113.61266, 53.5489], [-113.61075, 53.5483], [-113.60988, 53.54938], [-113.60773, 53.54876], [-113.60882, 53.54735], [-113.60886, 53.54637], [-113.60269, 53.54639], [-113.60271, 53.54128], [-113.6045, 53.54129], [-113.60455, 53.53925], [-113.61499, 53.53928], [-113.61494, 53.54187], [-113.61587, 53.54495], [-113.61533, 53.54701], [-113.61523, 53.54918], [-113.61497, 53.54892], [-113.61266, 53.5489]]]}}, {"type": "Feature", "properties": {"DAUID": "48111158", "penalty_weekday": 0.7556, "penalty_midday": 0.7634, "penalty_weekend": 0.7582, "penalty_avg": 0.7591}, "geometry": {"type": "Polygon", "coordinates": [[[-113.60268, 53.54871], [-113.6009, 53.54871], [-113.60088, 53.54742], [-113.5992, 53.54738], [-113.5992, 53.54639], [-113.60886, 53.54637], [-113.60882, 53.54735], [-113.60773, 53.54876], [-113.60533, 53.5481], [-113.60403, 53.54808], [-113.60405, 53.54981], [-113.60267, 53.54982], [-113.60268, 53.54871]]]}}, {"type": "Feature", "properties": {"DAUID": "48111159", "penalty_weekday": 0.766, "penalty_midday": 0.7732, "penalty_weekend": 0.766, "penalty_avg": 0.7684}, "geometry": {"type": "Polygon", "coordinates": [[[-113.60277, 53.55135], [-113.60267, 53.54982], [-113.60405, 53.54981], [-113.60403, 53.54808], [-113.60533, 53.5481], [-113.60988, 53.54938], [-113.61075, 53.5483], [-113.61266, 53.5489], [-113.61497, 53.54892], [-113.61523, 53.54918], [-113.61523, 53.55334], [-113.61272, 53.55314], [-113.60611, 53.55141], [-113.60277, 53.55135]]]}}, {"type": "Feature", "properties": {"DAUID": "48111160", "penalty_weekday": 0.7582, "penalty_midday": 0.7684, "penalty_weekend": 0.7609, "penalty_avg": 0.7625}, "geometry": {"type": "Polygon", "coordinates": [[[-113.59569, 53.55363], [-113.59567, 53.55135], [-113.60611, 53.55141], [-113.6085, 53.55203], [-113.60577, 53.5554], [-113.60547, 53.55471], [-113.60163, 53.55367], [-113.59569, 53.55363]]]}}, {"type": "Feature", "properties": {"DAUID": "48111172", "penalty_weekday": 0.7708, "penalty_midday": 0.7822, "penalty_weekend": 0.7982, "penalty_avg": 0.7837}, "geometry": {"type": "Polygon", "coordinates": [[[-113.62992, 53.52632], [-113.63039, 53.52135], [-113.63714, 53.52167], [-113.63728, 53.52308], [-113.63917, 53.52614], [-113.63904, 53.52809], [-113.63755, 53.52779], [-113.63562, 53.52677], [-113.62992, 53.52632]]]}}, {"type": "Feature", "properties": {"DAUID": "48111174", "penalty_weekday": 0.7708, "penalty_midday": 0.7822, "penalty_weekend": 0.7982, "penalty_avg": 0.7837}, "geometry": {"type": "Polygon", "coordinates": [[[-113.63705, 53.51945], [-113.63686, 53.5183], [-113.63755, 53.51685], [-113.63972, 53.5173], [-113.63933, 53.51829], [-113.63978, 53.51943], [-113.63705, 53.51945]]]}}, {"type": "Feature", "properties": {"DAUID": "48111180", "penalty_weekday": 0.7708, "penalty_midday": 0.7822, "penalty_weekend": 0.7982, "penalty_avg": 0.7837}, "geometry": {"type": "Polygon", "coordinates": [[[-113.61518, 53.53173], [-113.61526, 53.51961], [-113.62037, 53.51983], [-113.63039, 53.52135], [-113.62988, 53.52468], [-113.62787, 53.52471], [-113.62805, 53.52638], [-113.62713, 53.52741], [-113.6222, 53.52811], [-113.62224, 53.52734], [-113.61777, 53.52729], [-113.61782, 53.52901], [-113.61881, 53.53004], [-113.61854, 53.53053], [-113.61884, 53.53164], [-113.61518, 53.53173]]]}}, {"type": "Feature", "properties": {"DAUID": "48111181", "penalty_weekday": 0.7284, "penalty_midday": 0.7381, "penalty_weekend": 0.7609, "penalty_avg": 0.7425}, "geometry": {"type": "Polygon", "coordinates": [[[-113.61059, 53.5317], [-113.6106, 53.53066], [-113.61252, 53.53068], [-113.61251, 53.52957], [-113.61195, 53.52911], [-113.61366, 53.52798], [-113.61401, 53.52678], [-113.6125, 53.52677], [-113.61253, 53.52373], [-113.61017, 53.5237], [-113.60803, 53.52306], [-113.60878, 53.5222], [-113.60884, 53.51952], [-113.61526, 53.51961], [-113.61518, 53.53173], [-113.61059, 53.5317]]]}}, {"type": "Feature", "properties": {"DAUID": "48111182", "penalty_weekday": 0.7634, "penalty_midday": 0.78, "penalty_weekend": 0.7843, "penalty_avg": 0.7759}, "geometry": {"type": "Polygon", "coordinates": [[[-113.60741, 53.52374], [-113.60803, 53.52306], [-113.61017, 53.5237], [-113.61253, 53.52373], [-113.61251, 53.52613], [-113.60731, 53.5261], [-113.60741, 53.52374]]]}}, {"type": "Feature", "properties": {"DAUID": "48111183", "penalty_weekday": 0.7556, "penalty_midday": 0.7684, "penalty_weekend": 0.7708, "penalty_avg": 0.7649}, "geometry": {"type": "Polygon", "coordinates": [[[-113.60724, 53.5316], [-113.60731, 53.5261], [-113.61251, 53.52613], [-113.6125, 53.52677], [-113.61401, 53.52678], [-113.61366, 53.52798], [-113.61195, 53.52911], [-113.61251, 53.52957], [-113.61252, 53.53068], [-113.6106, 53.53066], [-113.61059, 53.5317], [-113.60724, 53.5316]]]}}, {"type": "Feature", "properties": {"DAUID": "48111184", "penalty_weekday": 0.7634, "penalty_midday": 0.7732, "penalty_weekend": 0.7755, "penalty_avg": 0.7707}, "geometry": {"type": "Polygon", "coordinates": [[[-113.59733, 53.53156], [-113.5973, 53.53067], [-113.60113, 53.53064], [-113.60128, 53.52833], [-113.59447, 53.52831], [-113.59458, 53.52582], [-113.59501, 53.52526], [-113.59953, 53.52263], [-113.60291, 53.52248], [-113.60276, 53.53157], [-113.59733, 53.53156]]]}}, {"type": "Feature", "properties": {"DAUID": "48111185", "penalty_weekday": 0.7349, "penalty_midday": 0.7442, "penalty_weekend": 0.766, "penalty_avg": 0.7484}, "geometry": {"type": "Polygon", "coordinates": [[[-113.60291, 53.52248], [-113.60296, 53.51949], [-113.60884, 53.51952], [-113.60878, 53.5222], [-113.60803, 53.52306], [-113.60616, 53.52249], [-113.60291, 53.52248]]]}}, {"type": "Feature", "properties": {"DAUID": "48111187", "penalty_weekday": 0.7582, "penalty_midday": 0.7732, "penalty_weekend": 0.7755, "penalty_avg": 0.769}, "geometry": {"type": "Polygon", "coordinates": [[[-113.60276, 53.53157], [-113.60291, 53.52248], [-113.60616, 53.52249], [-113.60803, 53.52306], [-113.60734, 53.52405], [-113.60724, 53.5316], [-113.60276, 53.53157]]]}}, {"type": "Feature", "properties": {"DAUID": "48111188", "penalty_weekday": 0.7471, "penalty_midday": 0.7609, "penalty_weekend": 0.7609, "penalty_avg": 0.7563}, "geometry": {"type": "Polygon", "coordinates": [[[-113.59733, 53.53156], [-113.59037, 53.53152], [-113.59034, 53.52665], [-113.59451, 53.52667], [-113.59447, 53.52831], [-113.60128, 53.52833], [-113.60113, 53.53064], [-113.5973, 53.53067], [-113.59733, 53.53156]]]}}, {"type": "Feature", "properties": {"DAUID": "48111189", "penalty_weekday": 0.7634, "penalty_midday": 0.7708, "penalty_weekend": 0.7822, "penalty_avg": 0.7722}, "geometry": {"type": "Polygon", "coordinates": [[[-113.59044, 53.52403], [-113.59038, 53.52309], [-113.59193, 53.5235], [-113.59349, 53.52258], [-113.59648, 53.52437], [-113.59501, 53.52526], [-113.59458, 53.52582], [-113.59451, 53.52667], [-113.59034, 53.52665], [-113.59039, 53.52465], [-113.59073, 53.52428], [-113.59044, 53.52403]]]}}, {"type": "Feature", "properties": {"DAUID": "48111190", "penalty_weekday": 0.7528, "penalty_midday": 0.7634, "penalty_weekend": 0.7708, "penalty_avg": 0.7624}, "geometry": {"type": "Polygon", "coordinates": [[[-113.58328, 53.52842], [-113.58329, 53.52491], [-113.59036, 53.52495], [-113.59036, 53.52916], [-113.58855, 53.52915], [-113.58855, 53.52842], [-113.58328, 53.52842]]]}}, {"type": "Feature", "properties": {"DAUID": "48111205", "penalty_weekday": 0.7944, "penalty_midday": 0.8018, "penalty_weekend": 0.8087, "penalty_avg": 0.8016}, "geometry": {"type": "Polygon", "coordinates": [[[-113.59605, 53.48019], [-113.59224, 53.48064], [-113.59018, 53.48131], [-113.58781, 53.48307], [-113.58492, 53.48331], [-113.58455, 53.48307], [-113.58544, 53.48302], [-113.58784, 53.48086], [-113.58794, 53.48034], [-113.5842, 53.47836], [-113.58277, 53.4786], [-113.58148, 53.48015], [-113.58049, 53.47996], [-113.58255, 53.47769], [-113.58507, 53.47644], [-113.58646, 53.47739], [-113.58604, 53.47814], [-113.58871, 53.47944], [-113.59003, 53.47921], [-113.59019, 53.47797], [-113.58971, 53.47691], [-113.59086, 53.47626], [-113.59154, 53.47652], [-113.59136, 53.47738], [-113.59301, 53.47876], [-113.59941, 53.47863], [-113.59936, 53.47703], [-113.59785, 53.47702], [-113.59788, 53.47623], [-113.59908, 53.47621], [-113.5991, 53.47595], [-113.59792, 53.47492], [-113.59951, 53.47358], [-113.60203, 53.4726], [-113.60252, 53.47184], [-113.60254, 53.47114], [-113.60192, 53.46987], [-113.60114, 53.46679], [-113.60221, 53.465], [-113.60164, 53.46458], [-113.59967, 53.46414], [-113.60053, 53.46159], [-113.61013, 53.46156], [-113.60764, 53.46305], [-113.60479, 53.46599], [-113.6042, 53.46901], [-113.60526, 53.47136], [-113.6063, 53.47245], [-113.60911, 53.47415], [-113.61882, 53.47718], [-113.62296, 53.47884], [-113.62539, 53.48101], [-113.62639, 53.48299], [-113.62639, 53.48486], [-113.62473, 53.48657], [-113.62252, 53.48773], [-113.61901, 53.48825], [-113.61665, 53.48807], [-113.61378, 53.48731], [-113.60988, 53.48577], [-113.6045, 53.48222], [-113.60244, 53.48136], [-113.5984, 53.48026], [-113.59605, 53.48019]]]}}, {"type": "Feature", "properties": {"DAUID": "48111206", "penalty_weekday": 0.7556, "penalty_midday": 0.7684, "penalty_weekend": 0.7778, "penalty_avg": 0.7673}, "geometry": {"type": "Polygon", "coordinates": [[[-113.59261, 53.4786], [-113.59124, 53.47713], [-113.59154, 53.47652], [-113.59086, 53.47626], [-113.59145, 53.47528], [-113.59038, 53.47455], [-113.5939, 53.47211], [-113.59848, 53.47448], [-113.59792, 53.47492], [-113.59901, 53.47576], [-113.59908, 53.47621], [-113.59788, 53.47623], [-113.59785, 53.47702], [-113.59936, 53.47703], [-113.59941, 53.47863], [-113.59261, 53.4786]]]}}, {"type": "Feature", "properties": {"DAUID": "48111207", "penalty_weekday": 0.75, "penalty_midday": 0.7634, "penalty_weekend": 0.7755, "penalty_avg": 0.763}, "geometry": {"type": "Polygon", "coordinates": [[[-113.58657, 53.47168], [-113.5855, 53.47114], [-113.58608, 53.47028], [-113.5888, 53.47087], [-113.58914, 53.47036], [-113.5939, 53.47211], [-113.59038, 53.47455], [-113.58975, 53.47413], [-113.59035, 53.47357], [-113.59016, 53.47305], [-113.58879, 53.47233], [-113.5883, 53.47167], [-113.58657, 53.47168]]]}}, {"type": "Feature", "properties": {"DAUID": "48111208", "penalty_weekday": 0.7609, "penalty_midday": 0.7732, "penalty_weekend": 0.7843, "penalty_avg": 0.7728}, "geometry": {"type": "Polygon", "coordinates": [[[-113.59848, 53.47448], [-113.5939, 53.47211], [-113.59547, 53.47086], [-113.59561, 53.4702], [-113.59713, 53.47011], [-113.59832, 53.46963], [-113.59883, 53.46881], [-113.59865, 53.46816], [-113.60147, 53.46818], [-113.60254, 53.47114], [-113.60233, 53.47231], [-113.60088, 53.47326], [-113.59951, 53.47358], [-113.59848, 53.47448]]]}}, {"type": "Feature", "properties": {"DAUID": "48111209", "penalty_weekday": 0.7634, "penalty_midday": 0.7778, "penalty_weekend": 0.7864, "penalty_avg": 0.7759}, "geometry": {"type": "Polygon", "coordinates": [[[-113.59561, 53.4702], [-113.59389, 53.46637], [-113.59357, 53.46483], [-113.59467, 53.46483], [-113.59691, 53.4655], [-113.59816, 53.46545], [-113.5992, 53.46499], [-113.59967, 53.46414], [-113.60164, 53.46458], [-113.60221, 53.465], [-113.60209, 53.46549], [-113.60127, 53.46619], [-113.60147, 53.46818], [-113.59865, 53.46816], [-113.59883, 53.46881], [-113.5985, 53.46945], [-113.59713, 53.47011], [-113.59561, 53.4702]]]}}, {"type": "Feature", "properties": {"DAUID": "48111210", "penalty_weekday": 0.7684, "penalty_midday": 0.7822, "penalty_weekend": 0.7905, "penalty_avg": 0.7804}, "geometry": {"type": "Polygon", "coordinates": [[[-113.59357, 53.46483], [-113.59424, 53.46185], [-113.60053, 53.46159], [-113.5995, 53.46461], [-113.5987, 53.46528], [-113.59736, 53.46554], [-113.59357, 53.46483]]]}}, {"type": "Feature", "properties": {"DAUID": "48111244", "penalty_weekday": 0.7556, "penalty_midday": 0.7634, "penalty_weekend": 0.78, "penalty_avg": 0.7663}, "geometry": {"type": "Polygon", "coordinates": [[[-113.46636, 53.45194], [-113.46665, 53.43758], [-113.48027, 53.43781], [-113.48933, 53.43754], [-113.49188, 53.44243], [-113.49172, 53.45429], [-113.48289, 53.45384], [-113.47299, 53.45207], [-113.46636, 53.45194]]]}}, {"type": "Feature", "properties": {"DAUID": "48111247", "penalty_weekday": 0.7684, "penalty_midday": 0.7755, "penalty_weekend": 0.78, "penalty_avg": 0.7746}, "geometry": {"type": "Polygon", "coordinates": [[[-113.4568, 53.45396], [-113.45077, 53.45574], [-113.44812, 53.45591], [-113.44812, 53.45334], [-113.45995, 53.45198], [-113.45996, 53.45402], [-113.4568, 53.45396]]]}}, {"type": "Feature", "properties": {"DAUID": "48111248", "penalty_weekday": 0.7708, "penalty_midday": 0.7755, "penalty_weekend": 0.7843, "penalty_avg": 0.7769}, "geometry": {"type": "Polygon", "coordinates": [[[-113.4616, 53.45515], [-113.46102, 53.45449], [-113.45996, 53.45402], [-113.45995, 53.45289], [-113.46136, 53.45252], [-113.46439, 53.45258], [-113.46441, 53.45513], [-113.4616, 53.45515]]]}}, {"type": "Feature", "properties": {"DAUID": "48111249", "penalty_weekday": 0.7708, "penalty_midday": 0.7778, "penalty_weekend": 0.7843, "penalty_avg": 0.7776}, "geometry": {"type": "Polygon", "coordinates": [[[-113.45583, 53.45411], [-113.45941, 53.45396], [-113.46134, 53.45474], [-113.46161, 53.45581], [-113.46001, 53.45753], [-113.45991, 53.45887], [-113.45369, 53.45873], [-113.45342, 53.45619], [-113.45276, 53.45512], [-113.45583, 53.45411]]]}}, {"type": "Feature", "properties": {"DAUID": "48111250", "penalty_weekday": 0.7708, "penalty_midday": 0.7755, "penalty_weekend": 0.7843, "penalty_avg": 0.7769}, "geometry": {"type": "Polygon", "coordinates": [[[-113.46161, 53.45581], [-113.4616, 53.45515], [-113.46441, 53.45513], [-113.46439, 53.45258], [-113.46136, 53.45252], [-113.45995, 53.45289], [-113.45995, 53.45198], [-113.46636, 53.45194], [-113.46636, 53.45875], [-113.45991, 53.45887], [-113.46001, 53.45753], [-113.46161, 53.45581]]]}}, {"type": "Feature", "properties": {"DAUID": "48111251", "penalty_weekday": 0.7755, "penalty_midday": 0.78, "penalty_weekend": 0.7843, "penalty_avg": 0.7799}, "geometry": {"type": "Polygon", "coordinates": [[[-113.4481, 53.45845], [-113.44812, 53.45591], [-113.45048, 53.45579], [-113.45276, 53.45512], [-113.45342, 53.45619], [-113.45369, 53.45873], [-113.4481, 53.45845]]]}}, {"type": "Feature", "properties": {"DAUID": "48111260", "penalty_weekday": 0.7381, "penalty_midday": 0.7556, "penalty_weekend": 0.7708, "penalty_avg": 0.7548}, "geometry": {"type": "Polygon", "coordinates": [[[-113.43002, 53.46742], [-113.43012, 53.4664], [-113.43045, 53.46615], [-113.43485, 53.46625], [-113.43559, 53.46721], [-113.43283, 53.46821], [-113.43148, 53.46755], [-113.43002, 53.46742]]]}}, {"type": "Feature", "properties": {"DAUID": "48111261", "penalty_weekday": 0.7732, "penalty_midday": 0.7885, "penalty_weekend": 0.8053, "penalty_avg": 0.789}, "geometry": {"type": "Polygon", "coordinates": [[[-113.44498, 53.44247], [-113.44789, 53.44218], [-113.45224, 53.4428], [-113.45572, 53.44285], [-113.45524, 53.44419], [-113.45438, 53.44506], [-113.45126, 53.44635], [-113.45042, 53.44578], [-113.44777, 53.44524], [-113.44281, 53.44556], [-113.44302, 53.44378], [-113.44498, 53.44247]]]}}, {"type": "Feature", "properties": {"DAUID": "48111262", "penalty_weekday": 0.8, "penalty_midday": 0.8036, "penalty_weekend": 0.807, "penalty_avg": 0.8035}, "geometry": {"type": "Polygon", "coordinates": [[[-113.44967, 53.43893], [-113.45415, 53.43979], [-113.45419, 53.44042], [-113.45575, 53.44043], [-113.45572, 53.44285], [-113.45224, 53.4428], [-113.44886, 53.4423], [-113.4496, 53.44095], [-113.44967, 53.43893]]]}}, {"type": "Feature", "properties": {"DAUID": "48111263", "penalty_weekday": 0.7732, "penalty_midday": 0.7885, "penalty_weekend": 0.8053, "penalty_avg": 0.789}, "geometry": {"type": "Polygon", "coordinates": [[[-113.44679, 53.44217], [-113.44683, 53.43992], [-113.44821, 53.43987], [-113.4481, 53.43842], [-113.44479, 53.43827], [-113.44278, 53.4388], [-113.44128, 53.43988], [-113.44051, 53.44176], [-113.43941, 53.44159], [-113.44139, 53.43578], [-113.44665, 53.43593], [-113.45546, 53.43685], [-113.45575, 53.44043], [-113.45419, 53.44042], [-113.45415, 53.43979], [-113.44977, 53.43884], [-113.4496, 53.44095], [-113.44886, 53.4423], [-113.44679, 53.44217]]]}}, {"type": "Feature", "properties": {"DAUID": "48111265", "penalty_weekday": 0.7732, "penalty_midday": 0.7885, "penalty_weekend": 0.8036, "penalty_avg": 0.7884}, "geometry": {"type": "Polygon", "coordinates": [[[-113.44405, 53.44288], [-113.44279, 53.44218], [-113.44051, 53.44176], [-113.44139, 53.43975], [-113.44278, 53.4388], [-113.44418, 53.43835], [-113.44821, 53.4385], [-113.44818, 53.43991], [-113.44683, 53.43992], [-113.44679, 53.44217], [-113.44405, 53.44288]]]}}, {"type": "Feature", "properties": {"DAUID": "48111266", "penalty_weekday": 0.7105, "penalty_midday": 0.7317, "penalty_weekend": 0.7349, "penalty_avg": 0.7257}, "geometry": {"type": "Polygon", "coordinates": [[[-113.57798, 53.54949], [-113.57804, 53.54328], [-113.58327, 53.54332], [-113.58329, 53.54795], [-113.58154, 53.54794], [-113.58155, 53.54949], [-113.57798, 53.54949]]]}}, {"type": "Feature", "properties": {"DAUID": "48111268", "penalty_weekday": 0.7143, "penalty_midday": 0.725, "penalty_weekend": 0.7381, "penalty_avg": 0.7258}, "geometry": {"type": "Polygon", "coordinates": [[[-113.56923, 53.55108], [-113.56922, 53.54862], [-113.57257, 53.5486], [-113.57257, 53.54631], [-113.57805, 53.54631], [-113.57798, 53.5511], [-113.56923, 53.55108]]]}}, {"type": "Feature", "properties": {"DAUID": "48111269", "penalty_weekday": 0.6986, "penalty_midday": 0.7027, "penalty_weekend": 0.7284, "penalty_avg": 0.7099}, "geometry": {"type": "Polygon", "coordinates": [[[-113.56302, 53.54777], [-113.56302, 53.54568], [-113.56573, 53.54566], [-113.56574, 53.5463], [-113.57257, 53.54631], [-113.57257, 53.5486], [-113.56572, 53.54862], [-113.56577, 53.54776], [-113.56302, 53.54777]]]}}, {"type": "Feature", "properties": {"DAUID": "48111270", "penalty_weekday": 0.7067, "penalty_midday": 0.7215, "penalty_weekend": 0.7317, "penalty_avg": 0.72}, "geometry": {"type": "Polygon", "coordinates": [[[-113.56938, 53.55229], [-113.56923, 53.55108], [-113.57798, 53.5511], [-113.57794, 53.55355], [-113.57119, 53.55354], [-113.56938, 53.55229]]]}}, {"type": "Feature", "properties": {"DAUID": "48111271", "penalty_weekday": 0.7027, "penalty_midday": 0.7105, "penalty_weekend": 0.7284, "penalty_avg": 0.7139}, "geometry": {"type": "Polygon", "coordinates": [[[-113.56133, 53.55621], [-113.56134, 53.55095], [-113.56479, 53.55102], [-113.56563, 53.55147], [-113.56586, 53.55194], [-113.56642, 53.55119], [-113.56923, 53.55108], [-113.56938, 53.55229], [-113.57168, 53.5539], [-113.57214, 53.5549], [-113.57141, 53.55579], [-113.57016, 53.55619], [-113.56133, 53.55621]]]}}, {"type": "Feature", "properties": {"DAUID": "48111272", "penalty_weekday": 0.7215, "penalty_midday": 0.7284, "penalty_weekend": 0.7442, "penalty_avg": 0.7314}, "geometry": {"type": "Polygon", "coordinates": [[[-113.57796, 53.55585], [-113.57358, 53.55586], [-113.57246, 53.55645], [-113.57141, 53.55579], [-113.57214, 53.5549], [-113.57204, 53.55429], [-113.57119, 53.55354], [-113.57794, 53.55355], [-113.57796, 53.55585]]]}}, {"type": "Feature", "properties": {"DAUID": "48111273", "penalty_weekday": 0.7349, "penalty_midday": 0.7381, "penalty_weekend": 0.7442, "penalty_avg": 0.7391}, "geometry": {"type": "Polygon", "coordinates": [[[-113.56569, 53.55892], [-113.56583, 53.55622], [-113.57016, 53.55619], [-113.57141, 53.55579], [-113.57246, 53.55645], [-113.57358, 53.55586], [-113.57796, 53.55585], [-113.57797, 53.55895], [-113.56569, 53.55892]]]}}, {"type": "Feature", "properties": {"DAUID": "48111275", "penalty_weekday": 0.7442, "penalty_midday": 0.75, "penalty_weekend": 0.7471, "penalty_avg": 0.7471}, "geometry": {"type": "Polygon", "coordinates": [[[-113.57797, 53.55895], [-113.57796, 53.55585], [-113.58556, 53.55595], [-113.58556, 53.5579], [-113.58719, 53.5579], [-113.5872, 53.55899], [-113.57797, 53.55895]]]}}, {"type": "Feature", "properties": {"DAUID": "48111276", "penalty_weekday": 0.725, "penalty_midday": 0.7412, "penalty_weekend": 0.7349, "penalty_avg": 0.7337}, "geometry": {"type": "Polygon", "coordinates": [[[-113.57796, 53.55585], [-113.57795, 53.55259], [-113.58684, 53.55261], [-113.58686, 53.55414], [-113.58509, 53.55416], [-113.58511, 53.55595], [-113.57796, 53.55585]]]}}, {"type": "Feature", "properties": {"DAUID": "48111277", "penalty_weekday": 0.7381, "penalty_midday": 0.7471, "penalty_weekend": 0.7381, "penalty_avg": 0.7411}, "geometry": {"type": "Polygon", "coordinates": [[[-113.58511, 53.55595], [-113.58509, 53.55416], [-113.58686, 53.55414], [-113.58682, 53.5511], [-113.59037, 53.55115], [-113.59045, 53.559], [-113.5872, 53.55899], [-113.58719, 53.5579], [-113.58556, 53.5579], [-113.58556, 53.55595], [-113.58511, 53.55595]]]}}, {"type": "Feature", "properties": {"DAUID": "48111278", "penalty_weekday": 0.7105, "penalty_midday": 0.7284, "penalty_weekend": 0.7179, "penalty_avg": 0.719}, "geometry": {"type": "Polygon", "coordinates": [[[-113.57795, 53.55259], [-113.57798, 53.54949], [-113.58155, 53.54949], [-113.58154, 53.54794], [-113.58329, 53.54795], [-113.58331, 53.54949], [-113.58506, 53.5495], [-113.58507, 53.55109], [-113.58682, 53.5511], [-113.58684, 53.55261], [-113.57795, 53.55259]]]}}, {"type": "Feature", "properties": {"DAUID": "48111279", "penalty_weekday": 0.7317, "penalty_midday": 0.7284, "penalty_weekend": 0.7528, "penalty_avg": 0.7376}, "geometry": {"type": "Polygon", "coordinates": [[[-113.5561, 53.53285], [-113.55622, 53.53098], [-113.5556, 53.52925], [-113.55912, 53.52881], [-113.5632, 53.52989], [-113.5656, 53.5293], [-113.56556, 53.53881], [-113.55539, 53.53768], [-113.5523, 53.53631], [-113.55471, 53.53469], [-113.5561, 53.53285]]]}}, {"type": "Feature", "properties": {"DAUID": "48111280", "penalty_weekday": 0.7143, "penalty_midday": 0.7143, "penalty_weekend": 0.7381, "penalty_avg": 0.7222}, "geometry": {"type": "Polygon", "coordinates": [[[-113.56556, 53.53881], [-113.56556, 53.53149], [-113.5693, 53.5315], [-113.56929, 53.53216], [-113.57119, 53.5336], [-113.57102, 53.53531], [-113.56964, 53.53655], [-113.57275, 53.53764], [-113.57275, 53.53993], [-113.57553, 53.54119], [-113.574, 53.54132], [-113.57033, 53.53972], [-113.56556, 53.53881]]]}}, {"type": "Feature", "properties": {"DAUID": "48111281", "penalty_weekday": 0.7317, "penalty_midday": 0.7284, "penalty_weekend": 0.7528, "penalty_avg": 0.7376}, "geometry": {"type": "Polygon", "coordinates": [[[-113.56556, 53.53149], [-113.5656, 53.5293], [-113.5669, 53.52899], [-113.5685, 53.52895], [-113.57271, 53.53038], [-113.57278, 53.5346], [-113.57454, 53.5346], [-113.5745, 53.53587], [-113.57275, 53.53764], [-113.56964, 53.53655], [-113.57102, 53.53531], [-113.57117, 53.53349], [-113.56929, 53.53216], [-113.5693, 53.5315], [-113.56556, 53.53149]]]}}, {"type": "Feature", "properties": {"DAUID": "48111282", "penalty_weekday": 0.7215, "penalty_midday": 0.7179, "penalty_weekend": 0.7442, "penalty_avg": 0.7279}, "geometry": {"type": "Polygon", "coordinates": [[[-113.5678, 53.52893], [-113.5632, 53.52989], [-113.55912, 53.52881], [-113.5556, 53.52925], [-113.55301, 53.52714], [-113.55954, 53.52587], [-113.55924, 53.52524], [-113.56056, 53.52488], [-113.57027, 53.52487], [-113.57263, 53.52809], [-113.57271, 53.53038], [-113.5678, 53.52893]]]}}, {"type": "Feature", "properties": {"DAUID": "48111283", "penalty_weekday": 0.6562, "penalty_midday": 0.6986, "penalty_weekend": 0.6944, "penalty_avg": 0.6831}, "geometry": {"type": "Polygon", "coordinates": [[[-113.53082, 53.53222], [-113.52434, 53.53059], [-113.51754, 53.52988], [-113.51136, 53.52969], [-113.51302, 53.52678], [-113.51294, 53.5253], [-113.51175, 53.52393], [-113.51256, 53.52387], [-113.5133, 53.5248], [-113.515, 53.5248], [-113.51508, 53.5258], [-113.51805, 53.52671], [-113.52081, 53.52833], [-113.52411, 53.52955], [-113.53411, 53.53137], [-113.53644, 53.53029], [-113.53738, 53.52837], [-113.53884, 53.52771], [-113.53936, 53.52685], [-113.5409, 53.52563], [-113.54115, 53.52501], [-113.54059, 53.52302], [-113.53249, 53.52295], [-113.53244, 53.5187], [-113.53291, 53.51768], [-113.54078, 53.51878], [-113.54232, 53.52084], [-113.54606, 53.52386], [-113.55067, 53.52565], [-113.55457, 53.52823], [-113.55561, 53.52926], [-113.55622, 53.53098], [-113.55599, 53.53314], [-113.55402, 53.53531], [-113.55187, 53.53648], [-113.54827, 53.53717], [-113.54438, 53.5371], [-113.54188, 53.53668], [-113.53082, 53.53222]]]}}, {"type": "Feature", "properties": {"DAUID": "48111284", "penalty_weekday": 0.6562, "penalty_midday": 0.6857, "penalty_weekend": 0.6901, "penalty_avg": 0.6774}, "geometry": {"type": "Polygon", "coordinates": [[[-113.53923, 53.52706], [-113.53777, 53.52657], [-113.53671, 53.52743], [-113.53333, 53.52602], [-113.53252, 53.52519], [-113.53249, 53.52637], [-113.53063, 53.52638], [-113.53066, 53.52295], [-113.54059, 53.52302], [-113.54112, 53.52479], [-113.54104, 53.52544], [-113.53923, 53.52706]]]}}, {"type": "Feature", "properties": {"DAUID": "48111285", "penalty_weekday": 0.6765, "penalty_midday": 0.6986, "penalty_weekend": 0.7105, "penalty_avg": 0.6952}, "geometry": {"type": "Polygon", "coordinates": [[[-113.5307, 53.53084], [-113.53063, 53.52638], [-113.53249, 53.52637], [-113.53252, 53.52519], [-113.53333, 53.52602], [-113.53671, 53.52743], [-113.53777, 53.52657], [-113.53923, 53.52706], [-113.5387, 53.52783], [-113.53722, 53.52856], [-113.53644, 53.53029], [-113.53457, 53.53128], [-113.5307, 53.53084]]]}}, {"type": "Feature", "properties": {"DAUID": "48111286", "penalty_weekday": 0.5926, "penalty_midday": 0.6207, "penalty_weekend": 0.6333, "penalty_avg": 0.6155}, "geometry": {"type": "Polygon", "coordinates": [[[-113.5133, 53.5248], [-113.51256, 53.52387], [-113.5178, 53.52383], [-113.51781, 53.5229], [-113.53066, 53.52295], [-113.5307, 53.53084], [-113.52411, 53.52955], [-113.52081, 53.52833], [-113.51805, 53.52671], [-113.51508, 53.5258], [-113.515, 53.5248], [-113.5133, 53.5248]]]}}, {"type": "Feature", "properties": {"DAUID": "48111287", "penalty_weekday": 0.6508, "penalty_midday": 0.6716, "penalty_weekend": 0.6857, "penalty_avg": 0.6694}, "geometry": {"type": "Polygon", "coordinates": [[[-113.51197, 53.53411], [-113.50824, 53.5343], [-113.51136, 53.52969], [-113.5216, 53.5303], [-113.52124, 53.5326], [-113.52135, 53.53735], [-113.51947, 53.53768], [-113.51883, 53.53726], [-113.51395, 53.53725], [-113.51394, 53.53573], [-113.51215, 53.53567], [-113.51197, 53.53411]]]}}, {"type": "Feature", "properties": {"DAUID": "48111288", "penalty_weekday": 0.6393, "penalty_midday": 0.6615, "penalty_weekend": 0.6716, "penalty_avg": 0.6575}, "geometry": {"type": "Polygon", "coordinates": [[[-113.5178, 53.52383], [-113.51175, 53.52393], [-113.51197, 53.52196], [-113.52085, 53.52196], [-113.52084, 53.52293], [-113.51781, 53.5229], [-113.5178, 53.52383]]]}}, {"type": "Feature", "properties": {"DAUID": "48111294", "penalty_weekday": 0.6812, "penalty_midday": 0.7067, "penalty_weekend": 0.7143, "penalty_avg": 0.7007}, "geometry": {"type": "Polygon", "coordinates": [[[-113.49126, 53.52484], [-113.49128, 53.51906], [-113.49459, 53.51906], [-113.49471, 53.51981], [-113.49525, 53.52009], [-113.49581, 53.52346], [-113.49552, 53.52379], [-113.49126, 53.52484]]]}}, {"type": "Feature", "properties": {"DAUID": "48111295", "penalty_weekday": 0.6667, "penalty_midday": 0.6857, "penalty_weekend": 0.7067, "penalty_avg": 0.6863}, "geometry": {"type": "Polygon", "coordinates": [[[-113.48613, 53.51904], [-113.48614, 53.51806], [-113.49442, 53.51813], [-113.49459, 53.51906], [-113.48613, 53.51904]]]}}, {"type": "Feature", "properties": {"DAUID": "48111296", "penalty_weekday": 0.6765, "penalty_midday": 0.6901, "penalty_weekend": 0.7143, "penalty_avg": 0.6936}, "geometry": {"type": "Polygon", "coordinates": [[[-113.48613, 53.51999], [-113.48613, 53.51904], [-113.49128, 53.51906], [-113.49128, 53.52095], [-113.48869, 53.52095], [-113.4887, 53.52], [-113.48613, 53.51999]]]}}, {"type": "Feature", "properties": {"DAUID": "48111297", "penalty_weekday": 0.6615, "penalty_midday": 0.6765, "penalty_weekend": 0.7027, "penalty_avg": 0.6802}, "geometry": {"type": "Polygon", "coordinates": [[[-113.4861, 53.52267], [-113.48613, 53.51999], [-113.4887, 53.52], [-113.48869, 53.52095], [-113.49128, 53.52095], [-113.49126, 53.52268], [-113.4861, 53.52267]]]}}, {"type": "Feature", "properties": {"DAUID": "48111298", "penalty_weekday": 0.6615, "penalty_midday": 0.6765, "penalty_weekend": 0.7067, "penalty_avg": 0.6816}, "geometry": {"type": "Polygon", "coordinates": [[[-113.4861, 53.52542], [-113.4861, 53.52267], [-113.49126, 53.52268], [-113.49124, 53.52448], [-113.48868, 53.52448], [-113.48865, 53.52542], [-113.4861, 53.52542]]]}}, {"type": "Feature", "properties": {"DAUID": "48111299", "penalty_weekday": 0.6615, "penalty_midday": 0.6812, "penalty_weekend": 0.7067, "penalty_avg": 0.6831}, "geometry": {"type": "Polygon", "coordinates": [[[-113.48606, 53.52723], [-113.4861, 53.52542], [-113.48865, 53.52542], [-113.48868, 53.52448], [-113.49124, 53.52448], [-113.49126, 53.52484], [-113.49297, 53.52435], [-113.49454, 53.52451], [-113.49518, 53.52543], [-113.48994, 53.52837], [-113.48539, 53.52827], [-113.48606, 53.52723]]]}}, {"type": "Feature", "properties": {"DAUID": "48111300", "penalty_weekday": 0.6562, "penalty_midday": 0.6667, "penalty_weekend": 0.6944, "penalty_avg": 0.6725}, "geometry": {"type": "Polygon", "coordinates": [[[-113.48275, 53.52637], [-113.48275, 53.52352], [-113.4861, 53.52353], [-113.48609, 53.52636], [-113.48275, 53.52637]]]}}, {"type": "Feature", "properties": {"DAUID": "48111301", "penalty_weekday": 0.6667, "penalty_midday": 0.6812, "penalty_weekend": 0.7067, "penalty_avg": 0.6848}, "geometry": {"type": "Polygon", "coordinates": [[[-113.47942, 53.52446], [-113.47969, 53.52179], [-113.48612, 53.5218], [-113.4861, 53.52353], [-113.48275, 53.52352], [-113.48277, 53.52446], [-113.47942, 53.52446]]]}}, {"type": "Feature", "properties": {"DAUID": "48111303", "penalty_weekday": 0.6667, "penalty_midday": 0.6857, "penalty_weekend": 0.7105, "penalty_avg": 0.6876}, "geometry": {"type": "Polygon", "coordinates": [[[-113.47969, 53.52179], [-113.4797, 53.52094], [-113.48277, 53.52094], [-113.4828, 53.51905], [-113.48613, 53.51904], [-113.48612, 53.5218], [-113.47969, 53.52179]]]}}, {"type": "Feature", "properties": {"DAUID": "48111304", "penalty_weekday": 0.6812, "penalty_midday": 0.6944, "penalty_weekend": 0.7179, "penalty_avg": 0.6979}, "geometry": {"type": "Polygon", "coordinates": [[[-113.47971, 53.51998], [-113.47668, 53.51995], [-113.47669, 53.51803], [-113.48614, 53.51806], [-113.48613, 53.51904], [-113.4828, 53.51905], [-113.48277, 53.52094], [-113.4797, 53.52094], [-113.47971, 53.51998]]]}}, {"type": "Feature", "properties": {"DAUID": "48111305", "penalty_weekday": 0.6901, "penalty_midday": 0.7027, "penalty_weekend": 0.725, "penalty_avg": 0.7059}, "geometry": {"type": "Polygon", "coordinates": [[[-113.48614, 53.51806], [-113.47971, 53.5181], [-113.47978, 53.5142], [-113.48282, 53.5142], [-113.48281, 53.51705], [-113.48605, 53.51705], [-113.48614, 53.51806]]]}}, {"type": "Feature", "properties": {"DAUID": "48111306", "penalty_weekday": 0.6716, "penalty_midday": 0.6812, "penalty_weekend": 0.7067, "penalty_avg": 0.6865}, "geometry": {"type": "Polygon", "coordinates": [[[-113.48281, 53.51705], [-113.48282, 53.51515], [-113.48873, 53.51516], [-113.4887, 53.5181], [-113.48614, 53.51806], [-113.48605, 53.51705], [-113.48281, 53.51705]]]}}, {"type": "Feature", "properties": {"DAUID": "48111307", "penalty_weekday": 0.6986, "penalty_midday": 0.7027, "penalty_weekend": 0.725, "penalty_avg": 0.7088}, "geometry": {"type": "Polygon", "coordinates": [[[-113.47978, 53.5142], [-113.47977, 53.51228], [-113.48605, 53.51231], [-113.48608, 53.50854], [-113.49289, 53.50856], [-113.49442, 53.51813], [-113.4887, 53.5181], [-113.48873, 53.51516], [-113.48282, 53.51515], [-113.48282, 53.5142], [-113.47978, 53.5142]]]}}, {"type": "Feature", "properties": {"DAUID": "48111308", "penalty_weekday": 0.6901, "penalty_midday": 0.7179, "penalty_weekend": 0.725, "penalty_avg": 0.711}, "geometry": {"type": "Polygon", "coordinates": [[[-113.50349, 53.5181], [-113.49442, 53.51813], [-113.49289, 53.50856], [-113.49768, 53.50836], [-113.49767, 53.51166], [-113.50047, 53.51223], [-113.50048, 53.51614], [-113.50349, 53.51615], [-113.50349, 53.5181]]]}}, {"type": "Feature", "properties": {"DAUID": "48111309", "penalty_weekday": 0.6944, "penalty_midday": 0.7067, "penalty_weekend": 0.7284, "penalty_avg": 0.7098}, "geometry": {"type": "Polygon", "coordinates": [[[-113.50048, 53.51614], [-113.50048, 53.51234], [-113.50446, 53.51227], [-113.50415, 53.51275], [-113.50633, 53.51312], [-113.50632, 53.51615], [-113.50048, 53.51614]]]}}, {"type": "Feature", "properties": {"DAUID": "48111310", "penalty_weekday": 0.7317, "penalty_midday": 0.7442, "penalty_weekend": 0.7609, "penalty_avg": 0.7456}, "geometry": {"type": "Polygon", "coordinates": [[[-113.49143, 53.49995], [-113.49768, 53.49993], [-113.49769, 53.50074], [-113.50035, 53.50078], [-113.50053, 53.50792], [-113.49932, 53.50848], [-113.49289, 53.50856], [-113.49143, 53.49995]]]}}, {"type": "Feature", "properties": {"DAUID": "48111311", "penalty_weekday": 0.7143, "penalty_midday": 0.7284, "penalty_weekend": 0.7471, "penalty_avg": 0.7299}, "geometry": {"type": "Polygon", "coordinates": [[[-113.49769, 53.50074], [-113.49773, 53.49797], [-113.49936, 53.49802], [-113.49929, 53.49631], [-113.50441, 53.49632], [-113.50442, 53.50348], [-113.50036, 53.50351], [-113.50035, 53.50078], [-113.49769, 53.50074]]]}}, {"type": "Feature", "properties": {"DAUID": "48111313", "penalty_weekday": 0.6333, "penalty_midday": 0.6901, "penalty_weekend": 0.7317, "penalty_avg": 0.6851}, "geometry": {"type": "Polygon", "coordinates": [[[-113.46385, 53.52803], [-113.46386, 53.52719], [-113.47312, 53.52714], [-113.47314, 53.53204], [-113.4727, 53.53226], [-113.47117, 53.53166], [-113.46385, 53.52803]]]}}, {"type": "Feature", "properties": {"DAUID": "48111314", "penalty_weekday": 0.6333, "penalty_midday": 0.6765, "penalty_weekend": 0.7067, "penalty_avg": 0.6722}, "geometry": {"type": "Polygon", "coordinates": [[[-113.46539, 53.53081], [-113.46538, 53.52872], [-113.47155, 53.53181], [-113.47154, 53.53272], [-113.46647, 53.53493], [-113.46696, 53.5342], [-113.46693, 53.53081], [-113.46539, 53.53081]]]}}, {"type": "Feature", "properties": {"DAUID": "48111315", "penalty_weekday": 0.6508, "penalty_midday": 0.6857, "penalty_weekend": 0.7105, "penalty_avg": 0.6823}, "geometry": {"type": "Polygon", "coordinates": [[[-113.45897, 53.53607], [-113.46047, 53.53402], [-113.46191, 53.53418], [-113.46329, 53.53311], [-113.46541, 53.53302], [-113.4654, 53.53175], [-113.46694, 53.53174], [-113.46696, 53.5342], [-113.46647, 53.53493], [-113.46359, 53.53609], [-113.4619, 53.53639], [-113.45897, 53.53607]]]}}, {"type": "Feature", "properties": {"DAUID": "48111316", "penalty_weekday": 0.6508, "penalty_midday": 0.6857, "penalty_weekend": 0.7105, "penalty_avg": 0.6823}, "geometry": {"type": "Polygon", "coordinates": [[[-113.4564, 53.53505], [-113.456, 53.5351], [-113.45746, 53.53307], [-113.45751, 53.53177], [-113.4654, 53.53175], [-113.46541, 53.53302], [-113.46329, 53.53311], [-113.46191, 53.53418], [-113.46047, 53.53402], [-113.45897, 53.53607], [-113.4571, 53.53567], [-113.4564, 53.53505]]]}}, {"type": "Feature", "properties": {"DAUID": "48111317", "penalty_weekday": 0.6944, "penalty_midday": 0.7027, "penalty_weekend": 0.7412, "penalty_avg": 0.7128}, "geometry": {"type": "Polygon", "coordinates": [[[-113.45665, 53.53739], [-113.44928, 53.53753], [-113.44925, 53.5342], [-113.44863, 53.53325], [-113.45327, 53.53179], [-113.45751, 53.53177], [-113.45746, 53.53307], [-113.45594, 53.53537], [-113.45609, 53.53686], [-113.45665, 53.53739]]]}}, {"type": "Feature", "properties": {"DAUID": "48111318", "penalty_weekday": 0.6452, "penalty_midday": 0.6667, "penalty_weekend": 0.6986, "penalty_avg": 0.6702}, "geometry": {"type": "Polygon", "coordinates": [[[-113.47011, 53.53871], [-113.46489, 53.53858], [-113.46315, 53.53944], [-113.46141, 53.54129], [-113.45895, 53.54123], [-113.46301, 53.53894], [-113.46511, 53.53851], [-113.46672, 53.53845], [-113.46696, 53.53825], [-113.46138, 53.53833], [-113.4567, 53.53785], [-113.45685, 53.53755], [-113.45609, 53.53686], [-113.456, 53.5351], [-113.4564, 53.53505], [-113.4571, 53.53567], [-113.46017, 53.53631], [-113.46287, 53.53626], [-113.47124, 53.53297], [-113.47157, 53.53262], [-113.47155, 53.53181], [-113.47537, 53.53296], [-113.48021, 53.53298], [-113.48147, 53.53328], [-113.48331, 53.53502], [-113.48437, 53.537], [-113.48562, 53.53764], [-113.48378, 53.53889], [-113.48035, 53.5397], [-113.47406, 53.53933], [-113.47011, 53.53871]]]}}, {"type": "Feature", "properties": {"DAUID": "48111319", "penalty_weekday": 0.6071, "penalty_midday": 0.6333, "penalty_weekend": 0.6452, "penalty_avg": 0.6285}, "geometry": {"type": "Polygon", "coordinates": [[[-113.5178, 53.52195], [-113.51782, 53.52101], [-113.52083, 53.521], [-113.52077, 53.51816], [-113.52202, 53.51672], [-113.52318, 53.51632], [-113.52301, 53.51592], [-113.52531, 53.5163], [-113.52501, 53.51653], [-113.52554, 53.51713], [-113.52635, 53.51674], [-113.53291, 53.51768], [-113.53244, 53.5187], [-113.53249, 53.52295], [-113.52084, 53.52293], [-113.52085, 53.52196], [-113.5178, 53.52195]]]}}, {"type": "Feature", "properties": {"DAUID": "48111320", "penalty_weekday": 0.6615, "penalty_midday": 0.6857, "penalty_weekend": 0.6986, "penalty_avg": 0.682}, "geometry": {"type": "Polygon", "coordinates": [[[-113.53442, 53.51794], [-113.52594, 53.51678], [-113.5258, 53.51712], [-113.52525, 53.51707], [-113.52524, 53.51641], [-113.52572, 53.51601], [-113.52569, 53.51414], [-113.53205, 53.51415], [-113.53206, 53.51499], [-113.53246, 53.51542], [-113.53506, 53.51581], [-113.53442, 53.51794]]]}}, {"type": "Feature", "properties": {"DAUID": "48111321", "penalty_weekday": 0.6393, "penalty_midday": 0.6615, "penalty_weekend": 0.6765, "penalty_avg": 0.6591}, "geometry": {"type": "Polygon", "coordinates": [[[-113.52569, 53.51414], [-113.52572, 53.51039], [-113.53123, 53.51036], [-113.53128, 53.51285], [-113.53202, 53.51353], [-113.53205, 53.51415], [-113.52569, 53.51414]]]}}, {"type": "Feature", "properties": {"DAUID": "48111322", "penalty_weekday": 0.6812, "penalty_midday": 0.6986, "penalty_weekend": 0.7105, "penalty_avg": 0.6968}, "geometry": {"type": "Polygon", "coordinates": [[[-113.53128, 53.51285], [-113.53127, 53.51224], [-113.53697, 53.51225], [-113.53855, 53.51268], [-113.53727, 53.51476], [-113.53684, 53.5177], [-113.53649, 53.51829], [-113.53442, 53.51794], [-113.53506, 53.51581], [-113.5323, 53.51533], [-113.53202, 53.51353], [-113.53128, 53.51285]]]}}, {"type": "Feature", "properties": {"DAUID": "48111323", "penalty_weekday": 0.6765, "penalty_midday": 0.6986, "penalty_weekend": 0.7105, "penalty_avg": 0.6952}, "geometry": {"type": "Polygon", "coordinates": [[[-113.53123, 53.51036], [-113.52572, 53.51039], [-113.52512, 53.5083], [-113.52571, 53.50775], [-113.5312, 53.50713], [-113.53125, 53.5092], [-113.53389, 53.50862], [-113.53502, 53.50939], [-113.53523, 53.51035], [-113.53835, 53.51034], [-113.53838, 53.51069], [-113.5372, 53.5123], [-113.53127, 53.51224], [-113.53123, 53.51036]]]}}, {"type": "Feature", "properties": {"DAUID": "48111324", "penalty_weekday": 0.6986, "penalty_midday": 0.7215, "penalty_weekend": 0.7317, "penalty_avg": 0.7173}, "geometry": {"type": "Polygon", "coordinates": [[[-113.53502, 53.50939], [-113.53389, 53.50862], [-113.53125, 53.5092], [-113.5312, 53.50713], [-113.53207, 53.50721], [-113.53569, 53.50586], [-113.53825, 53.50531], [-113.53909, 53.50538], [-113.54093, 53.50632], [-113.53992, 53.50841], [-113.53992, 53.51033], [-113.53523, 53.51035], [-113.53502, 53.50939]]]}}, {"type": "Feature", "properties": {"DAUID": "48111325", "penalty_weekday": 0.6716, "penalty_midday": 0.7067, "penalty_weekend": 0.7143, "penalty_avg": 0.6975}, "geometry": {"type": "Polygon", "coordinates": [[[-113.53827, 53.51103], [-113.53835, 53.51034], [-113.53992, 53.51033], [-113.53992, 53.50841], [-113.54096, 53.50656], [-113.5405, 53.50594], [-113.5388, 53.50531], [-113.53569, 53.50586], [-113.53207, 53.50721], [-113.52571, 53.50775], [-113.52512, 53.5083], [-113.52516, 53.509], [-113.52282, 53.50606], [-113.52273, 53.50002], [-113.52197, 53.49859], [-113.52352, 53.4976], [-113.52738, 53.49688], [-113.53496, 53.49685], [-113.54105, 53.49774], [-113.54369, 53.49774], [-113.54374, 53.50038], [-113.54481, 53.50038], [-113.54652, 53.50251], [-113.55032, 53.50177], [-113.55389, 53.50177], [-113.55386, 53.50086], [-113.55478, 53.50078], [-113.55536, 53.50028], [-113.55495, 53.49776], [-113.55841, 53.49768], [-113.55838, 53.49848], [-113.55879, 53.49897], [-113.56081, 53.49945], [-113.55959, 53.50088], [-113.56109, 53.50219], [-113.56087, 53.50347], [-113.5617, 53.50443], [-113.56146, 53.50564], [-113.55214, 53.50636], [-113.54749, 53.50753], [-113.54424, 53.5093], [-113.54264, 53.51041], [-113.54124, 53.5127], [-113.54035, 53.51644], [-113.54078, 53.51878], [-113.53649, 53.51829], [-113.53684, 53.5177], [-113.53727, 53.51476], [-113.53855, 53.51268], [-113.5372, 53.5123], [-113.53827, 53.51103]]]}}, {"type": "Feature", "properties": {"DAUID": "48111326", "penalty_weekday": 0.7317, "penalty_midday": 0.75, "penalty_weekend": 0.7556, "penalty_avg": 0.7458}, "geometry": {"type": "Polygon", "coordinates": [[[-113.54948, 53.50187], [-113.54652, 53.50251], [-113.54481, 53.50038], [-113.54374, 53.50038], [-113.54369, 53.49774], [-113.55495, 53.49776], [-113.55536, 53.50028], [-113.55478, 53.50078], [-113.55386, 53.50086], [-113.55389, 53.50177], [-113.54948, 53.50187]]]}}, {"type": "Feature", "properties": {"DAUID": "48111327", "penalty_weekday": 0.7708, "penalty_midday": 0.7755, "penalty_weekend": 0.7925, "penalty_avg": 0.7796}, "geometry": {"type": "Polygon", "coordinates": [[[-113.57016, 53.48257], [-113.55449, 53.48262], [-113.55594, 53.48121], [-113.5559, 53.48094], [-113.55446, 53.48056], [-113.55242, 53.4806], [-113.55185, 53.47975], [-113.55324, 53.47888], [-113.55363, 53.47902], [-113.55411, 53.48012], [-113.55444, 53.48017], [-113.55548, 53.47954], [-113.55627, 53.47857], [-113.5565, 53.47778], [-113.555, 53.47751], [-113.55381, 53.47602], [-113.55442, 53.47583], [-113.55643, 53.47653], [-113.5574, 53.47634], [-113.55715, 53.47556], [-113.55506, 53.47546], [-113.55534, 53.47402], [-113.55587, 53.47352], [-113.55891, 53.47436], [-113.55987, 53.47347], [-113.56343, 53.47249], [-113.56505, 53.47317], [-113.57195, 53.47233], [-113.5712, 53.47369], [-113.57129, 53.47466], [-113.56884, 53.47522], [-113.56802, 53.47463], [-113.56904, 53.47419], [-113.56909, 53.47339], [-113.56632, 53.47322], [-113.56628, 53.47413], [-113.56322, 53.47433], [-113.56203, 53.47558], [-113.56197, 53.47616], [-113.56232, 53.47668], [-113.56356, 53.47639], [-113.56524, 53.47689], [-113.56433, 53.47765], [-113.5644, 53.47865], [-113.56511, 53.47921], [-113.56658, 53.47954], [-113.5663, 53.48019], [-113.56647, 53.48146], [-113.56842, 53.48131], [-113.57029, 53.48011], [-113.56926, 53.47932], [-113.57013, 53.47888], [-113.5719, 53.47715], [-113.57209, 53.47544], [-113.57419, 53.47635], [-113.57016, 53.48257]]]}}, {"type": "Feature", "properties": {"DAUID": "48111328", "penalty_weekday": 0.766, "penalty_midday": 0.7778, "penalty_weekend": 0.7905, "penalty_avg": 0.7781}, "geometry": {"type": "Polygon", "coordinates": [[[-113.54104, 53.48317], [-113.54092, 53.4807], [-113.5387, 53.47836], [-113.53858, 53.47637], [-113.53984, 53.47636], [-113.53979, 53.47789], [-113.54011, 53.4785], [-113.54164, 53.47961], [-113.54476, 53.48094], [-113.54631, 53.48105], [-113.55003, 53.47923], [-113.55162, 53.47762], [-113.55161, 53.47655], [-113.55008, 53.47302], [-113.55098, 53.47297], [-113.5534, 53.47163], [-113.5495, 53.46976], [-113.54821, 53.4688], [-113.54827, 53.46833], [-113.55053, 53.46725], [-113.54963, 53.46636], [-113.54928, 53.4653], [-113.5466, 53.46475], [-113.54353, 53.46309], [-113.53872, 53.46209], [-113.54833, 53.46165], [-113.54812, 53.46211], [-113.54836, 53.46269], [-113.54757, 53.46339], [-113.54789, 53.46362], [-113.54891, 53.46385], [-113.551, 53.46368], [-113.55368, 53.46439], [-113.55348, 53.46516], [-113.55191, 53.4662], [-113.55222, 53.46667], [-113.55385, 53.46682], [-113.55591, 53.46581], [-113.5578, 53.4664], [-113.55618, 53.46847], [-113.55732, 53.4685], [-113.5589, 53.46752], [-113.55964, 53.46776], [-113.56035, 53.46865], [-113.55963, 53.46933], [-113.56004, 53.46956], [-113.5611, 53.46952], [-113.56361, 53.4684], [-113.56487, 53.4688], [-113.564, 53.47027], [-113.56326, 53.47092], [-113.56242, 53.47113], [-113.56391, 53.47196], [-113.56375, 53.47236], [-113.55987, 53.47347], [-113.55891, 53.47436], [-113.55587, 53.47352], [-113.55534, 53.47402], [-113.55506, 53.47546], [-113.55715, 53.47556], [-113.5574, 53.47634], [-113.55643, 53.47653], [-113.55442, 53.47583], [-113.55381, 53.47602], [-113.555, 53.47751], [-113.5565, 53.47778], [-113.55627, 53.47857], [-113.55498, 53.47997], [-113.55411, 53.48012], [-113.55363, 53.47902], [-113.55324, 53.47888], [-113.55185, 53.47975], [-113.55242, 53.4806], [-113.55446, 53.48056], [-113.5559, 53.48094], [-113.55594, 53.48121], [-113.55449, 53.48262], [-113.54104, 53.48317]]]}}, {"type": "Feature", "properties": {"DAUID": "48111329", "penalty_weekday": 0.7556, "penalty_midday": 0.7609, "penalty_weekend": 0.78, "penalty_avg": 0.7655}, "geometry": {"type": "Polygon", "coordinates": [[[-113.5633, 53.47639], [-113.56232, 53.47668], [-113.56193, 53.47586], [-113.56322, 53.47433], [-113.56628, 53.47413], [-113.56632, 53.47322], [-113.56909, 53.47339], [-113.56904, 53.47419], [-113.56802, 53.47463], [-113.56884, 53.47522], [-113.56787, 53.47573], [-113.56524, 53.47689], [-113.5633, 53.47639]]]}}, {"type": "Feature", "properties": {"DAUID": "48111330", "penalty_weekday": 0.7471, "penalty_midday": 0.7556, "penalty_weekend": 0.7755, "penalty_avg": 0.7594}, "geometry": {"type": "Polygon", "coordinates": [[[-113.5644, 53.47865], [-113.56433, 53.47765], [-113.56469, 53.47717], [-113.56884, 53.47522], [-113.57129, 53.47466], [-113.57209, 53.47544], [-113.57201, 53.47693], [-113.57082, 53.47813], [-113.56882, 53.47747], [-113.56798, 53.47804], [-113.56625, 53.47825], [-113.56595, 53.47942], [-113.5644, 53.47865]]]}}, {"type": "Feature", "properties": {"DAUID": "48111331", "penalty_weekday": 0.7582, "penalty_midday": 0.766, "penalty_weekend": 0.7843, "penalty_avg": 0.7695}, "geometry": {"type": "Polygon", "coordinates": [[[-113.56595, 53.47942], [-113.56625, 53.47825], [-113.56798, 53.47804], [-113.56882, 53.47747], [-113.57082, 53.47813], [-113.56926, 53.47932], [-113.57029, 53.48011], [-113.56842, 53.48131], [-113.56641, 53.48142], [-113.5663, 53.48019], [-113.56658, 53.47954], [-113.56595, 53.47942]]]}}, {"type": "Feature", "properties": {"DAUID": "48111332", "penalty_weekday": 0.7381, "penalty_midday": 0.7609, "penalty_weekend": 0.7684, "penalty_avg": 0.7558}, "geometry": {"type": "Polygon", "coordinates": [[[-113.50405, 53.46782], [-113.49205, 53.46783], [-113.49208, 53.46029], [-113.49317, 53.46021], [-113.49585, 53.46099], [-113.49992, 53.46098], [-113.50085, 53.46017], [-113.50225, 53.46057], [-113.50153, 53.46189], [-113.50253, 53.46337], [-113.50125, 53.46361], [-113.50056, 53.46227], [-113.49793, 53.46227], [-113.49786, 53.46363], [-113.49669, 53.46373], [-113.49744, 53.46668], [-113.49772, 53.46684], [-113.50035, 53.46716], [-113.5003, 53.46595], [-113.50387, 53.46543], [-113.50405, 53.46782]]]}}, {"type": "Feature", "properties": {"DAUID": "48111333", "penalty_weekday": 0.7284, "penalty_midday": 0.7528, "penalty_weekend": 0.7609, "penalty_avg": 0.7474}, "geometry": {"type": "Polygon", "coordinates": [[[-113.49744, 53.46668], [-113.49669, 53.46373], [-113.49786, 53.46363], [-113.49793, 53.46227], [-113.50056, 53.46227], [-113.50125, 53.46361], [-113.50253, 53.46337], [-113.50387, 53.46543], [-113.5003, 53.46595], [-113.50035, 53.46716], [-113.49744, 53.46668]]]}}, {"type": "Feature", "properties": {"DAUID": "48111334", "penalty_weekday": 0.7412, "penalty_midday": 0.7634, "penalty_weekend": 0.7885, "penalty_avg": 0.7644}, "geometry": {"type": "Polygon", "coordinates": [[[-113.3646, 53.50099], [-113.36173, 53.50091], [-113.36177, 53.50192], [-113.35786, 53.5019], [-113.35772, 53.49995], [-113.35967, 53.49996], [-113.35983, 53.49959], [-113.36135, 53.49912], [-113.36478, 53.4991], [-113.36456, 53.49795], [-113.36595, 53.49793], [-113.36617, 53.49885], [-113.36589, 53.49928], [-113.36722, 53.49963], [-113.3692, 53.49962], [-113.36925, 53.50305], [-113.3656, 53.50282], [-113.36559, 53.50137], [-113.3646, 53.50099]]]}}, {"type": "Feature", "properties": {"DAUID": "48111335", "penalty_weekday": 0.7442, "penalty_midday": 0.7684, "penalty_weekend": 0.8, "penalty_avg": 0.7709}, "geometry": {"type": "Polygon", "coordinates": [[[-113.35766, 53.5053], [-113.35772, 53.50261], [-113.3596, 53.50258], [-113.35961, 53.50192], [-113.36177, 53.50192], [-113.36173, 53.50091], [-113.3642, 53.50093], [-113.36563, 53.50144], [-113.3656, 53.50282], [-113.36104, 53.50322], [-113.36092, 53.50377], [-113.35892, 53.50548], [-113.35766, 53.5053]]]}}, {"type": "Feature", "properties": {"DAUID": "48111371", "penalty_weekday": 0.7708, "penalty_midday": 0.7778, "penalty_weekend": 0.7755, "penalty_avg": 0.7747}, "geometry": {"type": "Polygon", "coordinates": [[[-113.41367, 53.44399], [-113.41326, 53.4426], [-113.41848, 53.44244], [-113.41926, 53.4459], [-113.41635, 53.44587], [-113.41337, 53.44499], [-113.41367, 53.44399]]]}}, {"type": "Feature", "properties": {"DAUID": "48111372", "penalty_weekday": 0.7684, "penalty_midday": 0.7732, "penalty_weekend": 0.7708, "penalty_avg": 0.7708}, "geometry": {"type": "Polygon", "coordinates": [[[-113.41462, 53.45008], [-113.41323, 53.44732], [-113.41543, 53.44716], [-113.41576, 53.44635], [-113.41831, 53.44658], [-113.41818, 53.44914], [-113.4169, 53.44917], [-113.41682, 53.45008], [-113.41462, 53.45008]]]}}, {"type": "Feature", "properties": {"DAUID": "48111373", "penalty_weekday": 0.7708, "penalty_midday": 0.7755, "penalty_weekend": 0.7732, "penalty_avg": 0.7732}, "geometry": {"type": "Polygon", "coordinates": [[[-113.41926, 53.4459], [-113.41848, 53.44244], [-113.42309, 53.44231], [-113.42451, 53.44551], [-113.41926, 53.4459]]]}}, {"type": "Feature", "properties": {"DAUID": "48111434", "penalty_weekday": 0.7105, "penalty_midday": 0.7349, "penalty_weekend": 0.7349, "penalty_avg": 0.7268}, "geometry": {"type": "Polygon", "coordinates": [[[-113.50517, 53.62816], [-113.5051, 53.6254], [-113.50771, 53.62539], [-113.50847, 53.6267], [-113.5063, 53.62701], [-113.50641, 53.62813], [-113.50517, 53.62816]]]}}, {"type": "Feature", "properties": {"DAUID": "48111442", "penalty_weekday": 0.6333, "penalty_midday": 0.6615, "penalty_weekend": 0.6508, "penalty_avg": 0.6486}, "geometry": {"type": "Polygon", "coordinates": [[[-113.4328, 53.6159], [-113.42463, 53.61588], [-113.42464, 53.61413], [-113.42359, 53.61279], [-113.42472, 53.61231], [-113.42599, 53.61367], [-113.42913, 53.61354], [-113.43043, 53.61316], [-113.43042, 53.61135], [-113.43192, 53.61135], [-113.432, 53.61363], [-113.43449, 53.61365], [-113.43465, 53.61287], [-113.43606, 53.61287], [-113.43606, 53.61425], [-113.43575, 53.61493], [-113.43273, 53.61515], [-113.4328, 53.6159]]]}}, {"type": "Feature", "properties": {"DAUID": "48111443", "penalty_weekday": 0.6333, "penalty_midday": 0.6615, "penalty_weekend": 0.6508, "penalty_avg": 0.6486}, "geometry": {"type": "Polygon", "coordinates": [[[-113.42472, 53.61231], [-113.42763, 53.61138], [-113.43042, 53.61135], [-113.43043, 53.61316], [-113.42871, 53.61361], [-113.42599, 53.61367], [-113.42472, 53.61231]]]}}, {"type": "Feature", "properties": {"DAUID": "48111444", "penalty_weekday": 0.6393, "penalty_midday": 0.6667, "penalty_weekend": 0.6562, "penalty_avg": 0.6541}, "geometry": {"type": "Polygon", "coordinates": [[[-113.41812, 53.61369], [-113.41797, 53.612], [-113.41703, 53.60878], [-113.41991, 53.60879], [-113.41991, 53.60981], [-113.42038, 53.61], [-113.42154, 53.60992], [-113.42219, 53.60895], [-113.42284, 53.60917], [-113.42372, 53.60971], [-113.42472, 53.61128], [-113.42553, 53.61196], [-113.42283, 53.61313], [-113.4222, 53.61223], [-113.42063, 53.61224], [-113.42039, 53.61248], [-113.42038, 53.61368], [-113.41812, 53.61369]]]}}, {"type": "Feature", "properties": {"DAUID": "48111445", "penalty_weekday": 0.6452, "penalty_midday": 0.6716, "penalty_weekend": 0.6615, "penalty_avg": 0.6594}, "geometry": {"type": "Polygon", "coordinates": [[[-113.42019, 53.60781], [-113.4219, 53.60774], [-113.42254, 53.60806], [-113.42154, 53.60992], [-113.41991, 53.60981], [-113.41991, 53.60815], [-113.42019, 53.60781]]]}}, {"type": "Feature", "properties": {"DAUID": "48111446", "penalty_weekday": 0.614, "penalty_midday": 0.6333, "penalty_weekend": 0.6271, "penalty_avg": 0.6248}, "geometry": {"type": "Polygon", "coordinates": [[[-113.42057, 53.60773], [-113.41993, 53.60804], [-113.41991, 53.60879], [-113.41703, 53.60878], [-113.41747, 53.60688], [-113.42365, 53.60694], [-113.42385, 53.60754], [-113.42564, 53.60784], [-113.42564, 53.60815], [-113.42535, 53.60879], [-113.42372, 53.60971], [-113.42219, 53.60895], [-113.42259, 53.6083], [-113.42238, 53.60789], [-113.42057, 53.60773]]]}}, {"type": "Feature", "properties": {"DAUID": "48111447", "penalty_weekday": 0.6333, "penalty_midday": 0.6615, "penalty_weekend": 0.6508, "penalty_avg": 0.6486}, "geometry": {"type": "Polygon", "coordinates": [[[-113.42763, 53.61138], [-113.42553, 53.61196], [-113.42472, 53.61128], [-113.42372, 53.60971], [-113.42535, 53.60879], [-113.42564, 53.60784], [-113.42385, 53.60754], [-113.42365, 53.60694], [-113.4303, 53.60692], [-113.43473, 53.60504], [-113.43729, 53.6049], [-113.43729, 53.60726], [-113.43453, 53.60738], [-113.43207, 53.60878], [-113.43192, 53.61135], [-113.42763, 53.61138]]]}}, {"type": "Feature", "properties": {"DAUID": "48111448", "penalty_weekday": 0.6452, "penalty_midday": 0.6716, "penalty_weekend": 0.6615, "penalty_avg": 0.6594}, "geometry": {"type": "Polygon", "coordinates": [[[-113.4303, 53.60692], [-113.42279, 53.60694], [-113.42283, 53.60607], [-113.42351, 53.60545], [-113.42471, 53.60593], [-113.42928, 53.60593], [-113.43051, 53.60578], [-113.43145, 53.60528], [-113.43261, 53.60603], [-113.4303, 53.60692]]]}}, {"type": "Feature", "properties": {"DAUID": "48111449", "penalty_weekday": 0.6667, "penalty_midday": 0.6812, "penalty_weekend": 0.6667, "penalty_avg": 0.6715}, "geometry": {"type": "Polygon", "coordinates": [[[-113.4235, 53.60299], [-113.4263, 53.60174], [-113.43055, 53.60171], [-113.4306, 53.6045], [-113.43145, 53.60528], [-113.43003, 53.6059], [-113.42404, 53.60577], [-113.42351, 53.60545], [-113.42558, 53.60423], [-113.4235, 53.60299]]]}}, {"type": "Feature", "properties": {"DAUID": "48111451", "penalty_weekday": 0.6207, "penalty_midday": 0.6333, "penalty_weekend": 0.6333, "penalty_avg": 0.6291}, "geometry": {"type": "Polygon", "coordinates": [[[-113.43056, 53.5996], [-113.42423, 53.59956], [-113.42189, 53.59908], [-113.42322, 53.59789], [-113.42157, 53.59742], [-113.42048, 53.59661], [-113.42586, 53.59346], [-113.42896, 53.5951], [-113.42802, 53.59583], [-113.42902, 53.59638], [-113.42929, 53.59855], [-113.43055, 53.59836], [-113.43056, 53.5996]]]}}, {"type": "Feature", "properties": {"DAUID": "48111452", "penalty_weekday": 0.5769, "penalty_midday": 0.6071, "penalty_weekend": 0.6271, "penalty_avg": 0.6037}, "geometry": {"type": "Polygon", "coordinates": [[[-113.43055, 53.59836], [-113.42929, 53.59855], [-113.42902, 53.59638], [-113.42802, 53.59583], [-113.42896, 53.5951], [-113.42572, 53.59342], [-113.42048, 53.59661], [-113.42157, 53.59742], [-113.42322, 53.59789], [-113.42189, 53.59908], [-113.41787, 53.5979], [-113.43442, 53.58758], [-113.43669, 53.58761], [-113.43669, 53.59053], [-113.43518, 53.59053], [-113.43517, 53.59137], [-113.43381, 53.59148], [-113.43368, 53.59223], [-113.43082, 53.59225], [-113.42925, 53.5934], [-113.43058, 53.59415], [-113.43055, 53.59836]]]}}, {"type": "Feature", "properties": {"DAUID": "48111453", "penalty_weekday": 0.6, "penalty_midday": 0.6207, "penalty_weekend": 0.6452, "penalty_avg": 0.622}, "geometry": {"type": "Polygon", "coordinates": [[[-113.42925, 53.5934], [-113.43082, 53.59225], [-113.43668, 53.59224], [-113.43667, 53.59545], [-113.43058, 53.59545], [-113.43053, 53.59396], [-113.42925, 53.5934]]]}}, {"type": "Feature", "properties": {"DAUID": "48111454", "penalty_weekday": 0.6562, "penalty_midday": 0.6667, "penalty_weekend": 0.6615, "penalty_avg": 0.6615}, "geometry": {"type": "Polygon", "coordinates": [[[-113.43961, 53.59971], [-113.43056, 53.5996], [-113.43058, 53.59545], [-113.43667, 53.59545], [-113.43666, 53.59839], [-113.43798, 53.59842], [-113.43824, 53.59792], [-113.43963, 53.59792], [-113.43961, 53.59971]]]}}, {"type": "Feature", "properties": {"DAUID": "48111455", "penalty_weekday": 0.6393, "penalty_midday": 0.6716, "penalty_weekend": 0.6667, "penalty_avg": 0.6592}, "geometry": {"type": "Polygon", "coordinates": [[[-113.43963, 53.59792], [-113.43824, 53.59792], [-113.43798, 53.59842], [-113.43666, 53.59839], [-113.43667, 53.59545], [-113.44287, 53.59545], [-113.44283, 53.59977], [-113.43961, 53.59971], [-113.43963, 53.59792]]]}}, {"type": "Feature", "properties": {"DAUID": "48111456", "penalty_weekday": 0.6667, "penalty_midday": 0.6812, "penalty_weekend": 0.6716, "penalty_avg": 0.6732}, "geometry": {"type": "Polygon", "coordinates": [[[-113.43054, 53.60257], [-113.43056, 53.5996], [-113.44283, 53.59977], [-113.44281, 53.6022], [-113.43555, 53.60219], [-113.43054, 53.60257]]]}}, {"type": "Feature", "properties": {"DAUID": "48111457", "penalty_weekday": 0.6452, "penalty_midday": 0.6812, "penalty_weekend": 0.6615, "penalty_avg": 0.6626}, "geometry": {"type": "Polygon", "coordinates": [[[-113.4388, 53.6049], [-113.4388, 53.60218], [-113.44281, 53.6022], [-113.44275, 53.6049], [-113.4388, 53.6049]]]}}, {"type": "Feature", "properties": {"DAUID": "48111458", "penalty_weekday": 0.6393, "penalty_midday": 0.6667, "penalty_weekend": 0.6562, "penalty_avg": 0.6541}, "geometry": {"type": "Polygon", "coordinates": [[[-113.43527, 53.60494], [-113.43261, 53.60603], [-113.4306, 53.6045], [-113.43054, 53.60257], [-113.4388, 53.60218], [-113.4388, 53.6049], [-113.43527, 53.60494]]]}}, {"type": "Feature", "properties": {"DAUID": "48111459", "penalty_weekday": 0.6452, "penalty_midday": 0.6716, "penalty_weekend": 0.6562, "penalty_avg": 0.6577}, "geometry": {"type": "Polygon", "coordinates": [[[-113.44274, 53.61016], [-113.43877, 53.61055], [-113.43736, 53.60838], [-113.43729, 53.6049], [-113.44275, 53.6049], [-113.44274, 53.61016]]]}}, {"type": "Feature", "properties": {"DAUID": "48111460", "penalty_weekday": 0.6333, "penalty_midday": 0.6615, "penalty_weekend": 0.6508, "penalty_avg": 0.6486}, "geometry": {"type": "Polygon", "coordinates": [[[-113.43747, 53.61084], [-113.43691, 53.61002], [-113.43503, 53.61043], [-113.43193, 53.61048], [-113.43194, 53.60907], [-113.43235, 53.60853], [-113.43453, 53.60738], [-113.43729, 53.60726], [-113.43736, 53.60838], [-113.43877, 53.61055], [-113.43747, 53.61084]]]}}, {"type": "Feature", "properties": {"DAUID": "48111461", "penalty_weekday": 0.6333, "penalty_midday": 0.6615, "penalty_weekend": 0.6508, "penalty_avg": 0.6486}, "geometry": {"type": "Polygon", "coordinates": [[[-113.43192, 53.61354], [-113.43193, 53.61048], [-113.43503, 53.61043], [-113.43691, 53.61002], [-113.43747, 53.61084], [-113.44166, 53.61016], [-113.44167, 53.611], [-113.43607, 53.61197], [-113.43606, 53.61287], [-113.43465, 53.61287], [-113.43463, 53.61361], [-113.43192, 53.61354]]]}}, {"type": "Feature", "properties": {"DAUID": "48111462", "penalty_weekday": 0.6333, "penalty_midday": 0.6615, "penalty_weekend": 0.6508, "penalty_avg": 0.6486}, "geometry": {"type": "Polygon", "coordinates": [[[-113.4328, 53.6159], [-113.43273, 53.61515], [-113.43575, 53.61493], [-113.43606, 53.61425], [-113.43607, 53.61197], [-113.44167, 53.611], [-113.44166, 53.61016], [-113.44274, 53.61016], [-113.44272, 53.61591], [-113.4328, 53.6159]]]}}, {"type": "Feature", "properties": {"DAUID": "48111463", "penalty_weekday": 0.6452, "penalty_midday": 0.6857, "penalty_weekend": 0.6667, "penalty_avg": 0.6658}, "geometry": {"type": "Polygon", "coordinates": [[[-113.44275, 53.6049], [-113.44283, 53.59977], [-113.45544, 53.59977], [-113.45547, 53.60078], [-113.45388, 53.60076], [-113.45382, 53.60164], [-113.44938, 53.60173], [-113.44939, 53.60255], [-113.45088, 53.60256], [-113.45077, 53.60408], [-113.44979, 53.60566], [-113.44576, 53.60492], [-113.44275, 53.6049]]]}}, {"type": "Feature", "properties": {"DAUID": "48111464", "penalty_weekday": 0.6944, "penalty_midday": 0.7105, "penalty_weekend": 0.6857, "penalty_avg": 0.6969}, "geometry": {"type": "Polygon", "coordinates": [[[-113.45088, 53.60256], [-113.44939, 53.60255], [-113.44938, 53.60173], [-113.45382, 53.60164], [-113.45388, 53.60076], [-113.45547, 53.60078], [-113.45545, 53.60434], [-113.45406, 53.60659], [-113.44979, 53.60566], [-113.45077, 53.60408], [-113.45088, 53.60256]]]}}, {"type": "Feature", "properties": {"DAUID": "48111465", "penalty_weekday": 0.6812, "penalty_midday": 0.7105, "penalty_weekend": 0.6812, "penalty_avg": 0.6909}, "geometry": {"type": "Polygon", "coordinates": [[[-113.44617, 53.59978], [-113.44618, 53.59854], [-113.44902, 53.59854], [-113.4493, 53.59666], [-113.45545, 53.59681], [-113.45544, 53.59977], [-113.44617, 53.59978]]]}}, {"type": "Feature", "properties": {"DAUID": "48111466", "penalty_weekday": 0.6333, "penalty_midday": 0.6765, "penalty_weekend": 0.6667, "penalty_avg": 0.6588}, "geometry": {"type": "Polygon", "coordinates": [[[-113.44283, 53.59977], [-113.44287, 53.59545], [-113.44632, 53.59534], [-113.44713, 53.59599], [-113.4493, 53.59666], [-113.44902, 53.59854], [-113.44618, 53.59854], [-113.44617, 53.59978], [-113.44283, 53.59977]]]}}, {"type": "Feature", "properties": {"DAUID": "48111467", "penalty_weekday": 0.6393, "penalty_midday": 0.6667, "penalty_weekend": 0.6901, "penalty_avg": 0.6654}, "geometry": {"type": "Polygon", "coordinates": [[[-113.44632, 53.59534], [-113.44287, 53.59545], [-113.4429, 53.59225], [-113.45236, 53.59226], [-113.45233, 53.59387], [-113.45079, 53.59387], [-113.45075, 53.5968], [-113.44792, 53.59631], [-113.44632, 53.59534]]]}}, {"type": "Feature", "properties": {"DAUID": "48111468", "penalty_weekday": 0.6901, "penalty_midday": 0.6944, "penalty_weekend": 0.6986, "penalty_avg": 0.6944}, "geometry": {"type": "Polygon", "coordinates": [[[-113.45075, 53.5968], [-113.45079, 53.59387], [-113.45233, 53.59387], [-113.45236, 53.59226], [-113.45783, 53.59224], [-113.45784, 53.59323], [-113.45932, 53.59323], [-113.45935, 53.59477], [-113.46088, 53.59479], [-113.46245, 53.59566], [-113.45885, 53.59677], [-113.45075, 53.5968]]]}}, {"type": "Feature", "properties": {"DAUID": "48111469", "penalty_weekday": 0.6207, "penalty_midday": 0.6333, "penalty_weekend": 0.6562, "penalty_avg": 0.6368}, "geometry": {"type": "Polygon", "coordinates": [[[-113.43667, 53.59545], [-113.43668, 53.59224], [-113.4429, 53.59225], [-113.44287, 53.59545], [-113.43667, 53.59545]]]}}, {"type": "Feature", "properties": {"DAUID": "48111471", "penalty_weekday": 0.6333, "penalty_midday": 0.6615, "penalty_weekend": 0.6508, "penalty_avg": 0.6486}, "geometry": {"type": "Polygon", "coordinates": [[[-113.41814, 53.61587], [-113.41812, 53.61369], [-113.42038, 53.61368], [-113.42047, 53.61233], [-113.42088, 53.6122], [-113.4222, 53.61223], [-113.42283, 53.61313], [-113.42359, 53.61279], [-113.42468, 53.61433], [-113.42463, 53.61588], [-113.41814, 53.61587]]]}}, {"type": "Feature", "properties": {"DAUID": "48111476", "penalty_weekday": 0.5417, "penalty_midday": 0.5769, "penalty_weekend": 0.6207, "penalty_avg": 0.5798}, "geometry": {"type": "Polygon", "coordinates": [[[-113.37029, 53.6067], [-113.37158, 53.60659], [-113.37392, 53.60751], [-113.3733, 53.60858], [-113.37372, 53.60944], [-113.37215, 53.61022], [-113.36977, 53.60989], [-113.3698, 53.60716], [-113.37029, 53.6067]]]}}, {"type": "Feature", "properties": {"DAUID": "48111477", "penalty_weekday": 0.6944, "penalty_midday": 0.7215, "penalty_weekend": 0.7179, "penalty_avg": 0.7113}, "geometry": {"type": "Polygon", "coordinates": [[[-113.52302, 53.60742], [-113.51663, 53.60705], [-113.51663, 53.60199], [-113.52175, 53.60164], [-113.52207, 53.60241], [-113.52086, 53.60258], [-113.52106, 53.60348], [-113.5178, 53.60373], [-113.51775, 53.60608], [-113.52183, 53.60645], [-113.52188, 53.60574], [-113.52325, 53.60571], [-113.52302, 53.60742]]]}}, {"type": "Feature", "properties": {"DAUID": "48111478", "penalty_weekday": 0.7215, "penalty_midday": 0.7381, "penalty_weekend": 0.7381, "penalty_avg": 0.7326}, "geometry": {"type": "Polygon", "coordinates": [[[-113.51662, 53.6119], [-113.51663, 53.60705], [-113.52543, 53.60761], [-113.52548, 53.60935], [-113.52623, 53.61149], [-113.52538, 53.61274], [-113.5228, 53.61209], [-113.51662, 53.6119]]]}}, {"type": "Feature", "properties": {"DAUID": "48111479", "penalty_weekday": 0.6944, "penalty_midday": 0.7215, "penalty_weekend": 0.7179, "penalty_avg": 0.7113}, "geometry": {"type": "Polygon", "coordinates": [[[-113.52183, 53.60645], [-113.51785, 53.60618], [-113.5178, 53.60373], [-113.52106, 53.60348], [-113.52086, 53.60258], [-113.52207, 53.60241], [-113.52325, 53.60571], [-113.52188, 53.60574], [-113.52183, 53.60645]]]}}, {"type": "Feature", "properties": {"DAUID": "48111480", "penalty_weekday": 0.6944, "penalty_midday": 0.7179, "penalty_weekend": 0.7067, "penalty_avg": 0.7064}, "geometry": {"type": "Polygon", "coordinates": [[[-113.52381, 53.60135], [-113.51849, 53.60199], [-113.51849, 53.60088], [-113.5194, 53.60028], [-113.52352, 53.60029], [-113.52381, 53.60135]]]}}, {"type": "Feature", "properties": {"DAUID": "48111495", "penalty_weekday": 0.7471, "penalty_midday": 0.7582, "penalty_weekend": 0.7556, "penalty_avg": 0.7536}, "geometry": {"type": "Polygon", "coordinates": [[[-113.54122, 53.62877], [-113.53493, 53.62888], [-113.52162, 53.62874], [-113.5218, 53.62729], [-113.52246, 53.62616], [-113.52379, 53.62641], [-113.52308, 53.62818], [-113.5247, 53.62817], [-113.52603, 53.6274], [-113.52705, 53.62775], [-113.53079, 53.62771], [-113.53203, 53.62718], [-113.53336, 53.62606], [-113.53632, 53.62733], [-113.53624, 53.62814], [-113.53987, 53.62815], [-113.54012, 53.6268], [-113.5384, 53.62677], [-113.53814, 53.62552], [-113.53692, 53.62455], [-113.53813, 53.62361], [-113.54117, 53.62373], [-113.54122, 53.62877]]]}}, {"type": "Feature", "properties": {"DAUID": "48111496", "penalty_weekday": 0.7105, "penalty_midday": 0.7349, "penalty_weekend": 0.7349, "penalty_avg": 0.7268}, "geometry": {"type": "Polygon", "coordinates": [[[-113.51905, 53.62193], [-113.51896, 53.61973], [-113.52002, 53.61957], [-113.5203, 53.62069], [-113.52156, 53.62078], [-113.52127, 53.61941], [-113.52275, 53.6193], [-113.5229, 53.62011], [-113.5277, 53.61995], [-113.52758, 53.61909], [-113.53073, 53.61832], [-113.53343, 53.62017], [-113.53376, 53.62073], [-113.53324, 53.6221], [-113.53136, 53.62282], [-113.52675, 53.62276], [-113.52128, 53.62318], [-113.51864, 53.62277], [-113.51905, 53.62193]]]}}, {"type": "Feature", "properties": {"DAUID": "48111497", "penalty_weekday": 0.5111, "penalty_midday": 0.5319, "penalty_weekend": 0.5417, "penalty_avg": 0.5282}, "geometry": {"type": "Polygon", "coordinates": [[[-113.4112, 53.59309], [-113.40846, 53.59126], [-113.40579, 53.59127], [-113.40305, 53.59046], [-113.4043, 53.58887], [-113.40584, 53.58803], [-113.40732, 53.5891], [-113.40609, 53.5895], [-113.40519, 53.58903], [-113.40442, 53.58966], [-113.40539, 53.59037], [-113.40888, 53.59027], [-113.41057, 53.58904], [-113.41295, 53.58945], [-113.41302, 53.5905], [-113.41357, 53.59071], [-113.4153, 53.59054], [-113.41538, 53.58945], [-113.41796, 53.58958], [-113.41736, 53.59072], [-113.41491, 53.59355], [-113.4112, 53.59309]]]}}, {"type": "Feature", "properties": {"DAUID": "48111499", "penalty_weekday": 0.7885, "penalty_midday": 0.7982, "penalty_weekend": 0.8103, "penalty_avg": 0.799}, "geometry": {"type": "Polygon", "coordinates": [[[-113.60261, 53.51295], [-113.59828, 53.51303], [-113.59825, 53.51683], [-113.59674, 53.51683], [-113.59662, 53.51206], [-113.6153, 53.51219], [-113.61526, 53.51961], [-113.61079, 53.51952], [-113.61107, 53.51851], [-113.61253, 53.51699], [-113.61224, 53.51499], [-113.6112, 53.51418], [-113.6079, 53.51373], [-113.60263, 53.51372], [-113.60261, 53.51295]]]}}, {"type": "Feature", "properties": {"DAUID": "48111503", "penalty_weekday": 0.7179, "penalty_midday": 0.7317, "penalty_weekend": 0.7412, "penalty_avg": 0.7303}, "geometry": {"type": "Polygon", "coordinates": [[[-113.51619, 53.46125], [-113.51614, 53.45403], [-113.52547, 53.45404], [-113.52565, 53.45556], [-113.52707, 53.45671], [-113.52476, 53.45758], [-113.52434, 53.45682], [-113.52538, 53.45641], [-113.52469, 53.45544], [-113.52326, 53.45544], [-113.52317, 53.4547], [-113.5215, 53.45469], [-113.52141, 53.45621], [-113.52017, 53.45621], [-113.52031, 53.45701], [-113.52144, 53.45792], [-113.52089, 53.45883], [-113.5194, 53.45884], [-113.51942, 53.45796], [-113.51804, 53.458], [-113.51802, 53.45884], [-113.51863, 53.45889], [-113.51866, 53.45989], [-113.52089, 53.45991], [-113.52089, 53.4612], [-113.51619, 53.46125]]]}}, {"type": "Feature", "properties": {"DAUID": "48111505", "penalty_weekday": 0.5111, "penalty_midday": 0.5111, "penalty_weekend": 0.5111, "penalty_avg": 0.5111}, "geometry": {"type": "Polygon", "coordinates": [[[-113.46743, 53.55247], [-113.47312, 53.55166], [-113.47214, 53.55416], [-113.47058, 53.55543], [-113.47084, 53.55599], [-113.47084, 53.55808], [-113.46729, 53.55808], [-113.46732, 53.55524], [-113.46679, 53.55446], [-113.46561, 53.55402], [-113.46697, 53.55321], [-113.46743, 53.55247]]]}}, {"type": "Feature", "properties": {"DAUID": "48111506", "penalty_weekday": 0.766, "penalty_midday": 0.7708, "penalty_weekend": 0.7684, "penalty_avg": 0.7684}, "geometry": {"type": "Polygon", "coordinates": [[[-113.42105, 53.44241], [-113.42033, 53.43977], [-113.42078, 53.43912], [-113.42321, 53.43835], [-113.42594, 53.43834], [-113.42589, 53.44046], [-113.42456, 53.44049], [-113.42339, 53.44091], [-113.42289, 53.44163], [-113.42309, 53.44231], [-113.42105, 53.44241]]]}}, {"type": "Feature", "properties": {"DAUID": "48111508", "penalty_weekday": 0.7634, "penalty_midday": 0.7778, "penalty_weekend": 0.807, "penalty_avg": 0.7827}, "geometry": {"type": "Polygon", "coordinates": [[[-113.40608, 53.44954], [-113.40435, 53.44874], [-113.40339, 53.44961], [-113.40319, 53.45067], [-113.40096, 53.45018], [-113.4, 53.45084], [-113.39943, 53.45047], [-113.39837, 53.44916], [-113.39817, 53.44821], [-113.39916, 53.44403], [-113.40232, 53.44486], [-113.40202, 53.44587], [-113.4024, 53.4468], [-113.40824, 53.44989], [-113.40916, 53.45083], [-113.40938, 53.45194], [-113.40607, 53.45174], [-113.40608, 53.44954]]]}}, {"type": "Feature", "properties": {"DAUID": "48111509", "penalty_weekday": 0.7755, "penalty_midday": 0.7864, "penalty_weekend": 0.7982, "penalty_avg": 0.7867}, "geometry": {"type": "Polygon", "coordinates": [[[-113.40111, 53.45127], [-113.4, 53.45084], [-113.40096, 53.45018], [-113.40319, 53.45067], [-113.40339, 53.44961], [-113.40435, 53.44874], [-113.40608, 53.44954], [-113.40607, 53.45174], [-113.40111, 53.45127]]]}}, {"type": "Feature", "properties": {"DAUID": "48111510", "penalty_weekday": 0.7778, "penalty_midday": 0.7905, "penalty_weekend": 0.7905, "penalty_avg": 0.7862}, "geometry": {"type": "Polygon", "coordinates": [[[-113.3951, 53.46162], [-113.39793, 53.46022], [-113.39888, 53.4629], [-113.39505, 53.46286], [-113.3951, 53.46162]]]}}, {"type": "Feature", "properties": {"DAUID": "48111511", "penalty_weekday": 0.7755, "penalty_midday": 0.7885, "penalty_weekend": 0.7885, "penalty_avg": 0.7841}, "geometry": {"type": "Polygon", "coordinates": [[[-113.39382, 53.46354], [-113.39376, 53.45388], [-113.39913, 53.45394], [-113.39899, 53.45525], [-113.39709, 53.45526], [-113.39697, 53.45448], [-113.39495, 53.45463], [-113.395, 53.45682], [-113.39622, 53.45685], [-113.39622, 53.45763], [-113.39498, 53.45769], [-113.39498, 53.45894], [-113.39774, 53.45899], [-113.39793, 53.46022], [-113.3951, 53.46162], [-113.39505, 53.46286], [-113.39888, 53.4629], [-113.39898, 53.46371], [-113.39382, 53.46354]]]}}, {"type": "Feature", "properties": {"DAUID": "48111512", "penalty_weekday": 0.7708, "penalty_midday": 0.78, "penalty_weekend": 0.7822, "penalty_avg": 0.7777}, "geometry": {"type": "Polygon", "coordinates": [[[-113.39498, 53.45894], [-113.39498, 53.45769], [-113.39622, 53.45763], [-113.39622, 53.45685], [-113.395, 53.45682], [-113.39502, 53.45456], [-113.39697, 53.45448], [-113.39709, 53.45526], [-113.39899, 53.45525], [-113.39935, 53.45616], [-113.39802, 53.45706], [-113.39774, 53.45899], [-113.39498, 53.45894]]]}}, {"type": "Feature", "properties": {"DAUID": "48111513", "penalty_weekday": 0.78, "penalty_midday": 0.7822, "penalty_weekend": 0.7822, "penalty_avg": 0.7815}, "geometry": {"type": "Polygon", "coordinates": [[[-113.39356, 53.47298], [-113.39374, 53.46768], [-113.39758, 53.46784], [-113.39741, 53.46994], [-113.39786, 53.47283], [-113.39356, 53.47298]]]}}, {"type": "Feature", "properties": {"DAUID": "48111514", "penalty_weekday": 0.7755, "penalty_midday": 0.7778, "penalty_weekend": 0.78, "penalty_avg": 0.7778}, "geometry": {"type": "Polygon", "coordinates": [[[-113.40076, 53.47246], [-113.39884, 53.4691], [-113.39742, 53.46915], [-113.39758, 53.46784], [-113.39374, 53.46768], [-113.3938, 53.46572], [-113.39634, 53.46639], [-113.39981, 53.46678], [-113.40135, 53.46807], [-113.40272, 53.46829], [-113.40388, 53.47005], [-113.40457, 53.47011], [-113.40572, 53.46963], [-113.40677, 53.47013], [-113.40076, 53.47246]]]}}, {"type": "Feature", "properties": {"DAUID": "48111515", "penalty_weekday": 0.7708, "penalty_midday": 0.7708, "penalty_weekend": 0.7684, "penalty_avg": 0.77}, "geometry": {"type": "Polygon", "coordinates": [[[-113.39889, 53.47879], [-113.39953, 53.47666], [-113.40473, 53.47706], [-113.40758, 53.47666], [-113.40903, 53.4778], [-113.40951, 53.47881], [-113.40185, 53.4828], [-113.40135, 53.48235], [-113.4046, 53.48046], [-113.40479, 53.47978], [-113.40251, 53.4786], [-113.39889, 53.47879]]]}}, {"type": "Feature", "properties": {"DAUID": "48111516", "penalty_weekday": 0.7755, "penalty_midday": 0.7732, "penalty_weekend": 0.7732, "penalty_avg": 0.774}, "geometry": {"type": "Polygon", "coordinates": [[[-113.39964, 53.47558], [-113.39803, 53.47369], [-113.39786, 53.47283], [-113.40076, 53.47246], [-113.40182, 53.47363], [-113.40303, 53.474], [-113.40606, 53.47293], [-113.4068, 53.47372], [-113.40685, 53.47595], [-113.40758, 53.47666], [-113.40473, 53.47706], [-113.40083, 53.47688], [-113.39953, 53.47666], [-113.39964, 53.47558]]]}}, {"type": "Feature", "properties": {"DAUID": "48111517", "penalty_weekday": 0.7732, "penalty_midday": 0.7732, "penalty_weekend": 0.7732, "penalty_avg": 0.7732}, "geometry": {"type": "Polygon", "coordinates": [[[-113.39786, 53.47283], [-113.39742, 53.46915], [-113.39884, 53.4691], [-113.40076, 53.47246], [-113.39786, 53.47283]]]}}, {"type": "Feature", "properties": {"DAUID": "48111518", "penalty_weekday": 0.7381, "penalty_midday": 0.7528, "penalty_weekend": 0.7582, "penalty_avg": 0.7497}, "geometry": {"type": "Polygon", "coordinates": [[[-113.52089, 53.4612], [-113.52089, 53.45857], [-113.52115, 53.45811], [-113.52207, 53.45773], [-113.52507, 53.45754], [-113.52707, 53.45671], [-113.52955, 53.45827], [-113.53, 53.45889], [-113.52963, 53.46026], [-113.52868, 53.46096], [-113.5273, 53.46121], [-113.52089, 53.4612]]]}}, {"type": "Feature", "properties": {"DAUID": "48111519", "penalty_weekday": 0.7027, "penalty_midday": 0.7179, "penalty_weekend": 0.7284, "penalty_avg": 0.7163}, "geometry": {"type": "Polygon", "coordinates": [[[-113.51802, 53.45884], [-113.51804, 53.458], [-113.51942, 53.45796], [-113.5194, 53.45884], [-113.52089, 53.45883], [-113.52089, 53.45991], [-113.51866, 53.45989], [-113.51863, 53.45889], [-113.51802, 53.45884]]]}}, {"type": "Feature", "properties": {"DAUID": "48111520", "penalty_weekday": 0.7284, "penalty_midday": 0.7412, "penalty_weekend": 0.75, "penalty_avg": 0.7399}, "geometry": {"type": "Polygon", "coordinates": [[[-113.52476, 53.45758], [-113.52144, 53.45792], [-113.52031, 53.45701], [-113.52017, 53.45621], [-113.52141, 53.45621], [-113.5215, 53.45469], [-113.52317, 53.4547], [-113.52326, 53.45544], [-113.52469, 53.45544], [-113.52538, 53.45641], [-113.52434, 53.45682], [-113.52476, 53.45758]]]}}, {"type": "Feature", "properties": {"DAUID": "48111521", "penalty_weekday": 0.7442, "penalty_midday": 0.7582, "penalty_weekend": 0.7684, "penalty_avg": 0.7569}, "geometry": {"type": "Polygon", "coordinates": [[[-113.52456, 53.44302], [-113.52466, 53.4401], [-113.52837, 53.44018], [-113.52942, 53.44073], [-113.53377, 53.44009], [-113.53527, 53.44278], [-113.53481, 53.44381], [-113.53303, 53.4447], [-113.52927, 53.44478], [-113.52749, 53.44439], [-113.52598, 53.44338], [-113.52456, 53.44302]]]}}, {"type": "Feature", "properties": {"DAUID": "48111522", "penalty_weekday": 0.7442, "penalty_midday": 0.7582, "penalty_weekend": 0.766, "penalty_avg": 0.7561}, "geometry": {"type": "Polygon", "coordinates": [[[-113.53141, 53.44059], [-113.53034, 53.44044], [-113.52942, 53.44073], [-113.52837, 53.44018], [-113.52466, 53.4401], [-113.5246, 53.43949], [-113.52929, 53.4378], [-113.53196, 53.43779], [-113.53335, 53.43835], [-113.53374, 53.43893], [-113.53377, 53.44009], [-113.53211, 53.44022], [-113.53141, 53.44059]]]}}, {"type": "Feature", "properties": {"DAUID": "48111527", "penalty_weekday": 0.7708, "penalty_midday": 0.7822, "penalty_weekend": 0.7982, "penalty_avg": 0.7837}, "geometry": {"type": "Polygon", "coordinates": [[[-113.63052, 53.51834], [-113.63159, 53.51772], [-113.63172, 53.51868], [-113.63705, 53.51945], [-113.63714, 53.52167], [-113.63039, 53.52135], [-113.63052, 53.51834]]]}}, {"type": "Feature", "properties": {"DAUID": "48111528", "penalty_weekday": 0.7708, "penalty_midday": 0.7822, "penalty_weekend": 0.7982, "penalty_avg": 0.7837}, "geometry": {"type": "Polygon", "coordinates": [[[-113.63163, 53.51865], [-113.63159, 53.51772], [-113.63052, 53.51834], [-113.63001, 53.51492], [-113.63598, 53.51508], [-113.63701, 53.5155], [-113.63762, 53.51632], [-113.63686, 53.5183], [-113.63705, 53.51945], [-113.63163, 53.51865]]]}}, {"type": "Feature", "properties": {"DAUID": "48111529", "penalty_weekday": 0.7381, "penalty_midday": 0.7582, "penalty_weekend": 0.7708, "penalty_avg": 0.7557}, "geometry": {"type": "Polygon", "coordinates": [[[-113.43485, 53.46625], [-113.43019, 53.46621], [-113.43002, 53.46742], [-113.42806, 53.46738], [-113.4277, 53.4655], [-113.43591, 53.46555], [-113.43821, 53.47068], [-113.43346, 53.47138], [-113.43389, 53.46977], [-113.43283, 53.46821], [-113.43552, 53.4673], [-113.43485, 53.46625]]]}}, {"type": "Feature", "properties": {"DAUID": "48111530", "penalty_weekday": 0.7317, "penalty_midday": 0.7471, "penalty_weekend": 0.766, "penalty_avg": 0.7483}, "geometry": {"type": "Polygon", "coordinates": [[[-113.42564, 53.46007], [-113.4255, 53.45951], [-113.43106, 53.45842], [-113.43419, 53.45835], [-113.43447, 53.46217], [-113.43591, 53.46555], [-113.4277, 53.4655], [-113.42779, 53.46398], [-113.42346, 53.46327], [-113.42313, 53.46276], [-113.42368, 53.46141], [-113.42514, 53.46075], [-113.42564, 53.46007]]]}}, {"type": "Feature", "properties": {"DAUID": "48111531", "penalty_weekday": 0.78, "penalty_midday": 0.7885, "penalty_weekend": 0.8018, "penalty_avg": 0.7901}, "geometry": {"type": "Polygon", "coordinates": [[[-113.42451, 53.44551], [-113.42399, 53.44411], [-113.42689, 53.44398], [-113.42671, 53.4431], [-113.42517, 53.44311], [-113.4259, 53.4414], [-113.42589, 53.44046], [-113.4315, 53.44061], [-113.43253, 53.44114], [-113.43295, 53.44177], [-113.43146, 53.44569], [-113.42451, 53.44551]]]}}, {"type": "Feature", "properties": {"DAUID": "48111532", "penalty_weekday": 0.7732, "penalty_midday": 0.7778, "penalty_weekend": 0.7944, "penalty_avg": 0.7818}, "geometry": {"type": "Polygon", "coordinates": [[[-113.42369, 53.44072], [-113.42589, 53.44046], [-113.4259, 53.4414], [-113.42517, 53.44311], [-113.42671, 53.4431], [-113.42686, 53.44403], [-113.42399, 53.44411], [-113.4229, 53.44177], [-113.42369, 53.44072]]]}}, {"type": "Feature", "properties": {"DAUID": "48111533", "penalty_weekday": 0.614, "penalty_midday": 0.6333, "penalty_weekend": 0.6271, "penalty_avg": 0.6248}, "geometry": {"type": "Polygon", "coordinates": [[[-113.42035, 53.60501], [-113.4235, 53.60299], [-113.42558, 53.60423], [-113.42307, 53.60574], [-113.42279, 53.60694], [-113.4199, 53.60689], [-113.41986, 53.60588], [-113.42035, 53.60501]]]}}, {"type": "Feature", "properties": {"DAUID": "48111534", "penalty_weekday": 0.614, "penalty_midday": 0.6333, "penalty_weekend": 0.6333, "penalty_avg": 0.6269}, "geometry": {"type": "Polygon", "coordinates": [[[-113.41829, 53.60363], [-113.41629, 53.60201], [-113.42026, 53.5986], [-113.42423, 53.59956], [-113.43056, 53.5996], [-113.43055, 53.60171], [-113.4263, 53.60174], [-113.42498, 53.60212], [-113.42035, 53.60501], [-113.41986, 53.60588], [-113.4199, 53.60689], [-113.41747, 53.60688], [-113.41847, 53.60459], [-113.41829, 53.60363]]]}}, {"type": "Feature", "properties": {"DAUID": "48111536", "penalty_weekday": 0.6667, "penalty_midday": 0.6812, "penalty_weekend": 0.7105, "penalty_avg": 0.6861}, "geometry": {"type": "Polygon", "coordinates": [[[-113.52131, 53.53217], [-113.5216, 53.5303], [-113.52434, 53.53059], [-113.53138, 53.53239], [-113.5387, 53.53544], [-113.53962, 53.5359], [-113.53745, 53.53855], [-113.53748, 53.53945], [-113.53828, 53.54007], [-113.54079, 53.54082], [-113.54124, 53.54139], [-113.5412, 53.54192], [-113.54031, 53.54304], [-113.53075, 53.54305], [-113.53084, 53.54093], [-113.53058, 53.54039], [-113.5214, 53.53886], [-113.52131, 53.53217]]]}}, {"type": "Feature", "properties": {"DAUID": "48111537", "penalty_weekday": 0.7105, "penalty_midday": 0.7349, "penalty_weekend": 0.7349, "penalty_avg": 0.7268}, "geometry": {"type": "Polygon", "coordinates": [[[-113.53422, 53.61628], [-113.53369, 53.61597], [-113.53253, 53.61632], [-113.53052, 53.61629], [-113.5305, 53.61699], [-113.52807, 53.61657], [-113.52266, 53.61455], [-113.51662, 53.61424], [-113.51662, 53.6119], [-113.52326, 53.61215], [-113.52882, 53.61391], [-113.53055, 53.61403], [-113.53054, 53.61483], [-113.53472, 53.6149], [-113.53453, 53.61527], [-113.53651, 53.6156], [-113.53645, 53.61635], [-113.53422, 53.61628]]]}}, {"type": "Feature", "properties": {"DAUID": "48111538", "penalty_weekday": 0.7284, "penalty_midday": 0.7317, "penalty_weekend": 0.7317, "penalty_avg": 0.7306}, "geometry": {"type": "Polygon", "coordinates": [[[-113.41438, 53.48641], [-113.41436, 53.485], [-113.41305, 53.48484], [-113.41299, 53.48664], [-113.41096, 53.48677], [-113.41107, 53.48522], [-113.41208, 53.48445], [-113.41015, 53.48339], [-113.41153, 53.48192], [-113.41804, 53.48191], [-113.41804, 53.48483], [-113.41574, 53.4849], [-113.41571, 53.4863], [-113.41438, 53.48641]]]}}, {"type": "Feature", "properties": {"DAUID": "48111539", "penalty_weekday": 0.7609, "penalty_midday": 0.7755, "penalty_weekend": 0.7925, "penalty_avg": 0.7763}, "geometry": {"type": "Polygon", "coordinates": [[[-113.44168, 53.47859], [-113.44443, 53.47793], [-113.44588, 53.47961], [-113.44648, 53.48116], [-113.44728, 53.48167], [-113.45237, 53.48128], [-113.45322, 53.48498], [-113.44248, 53.48528], [-113.44243, 53.47989], [-113.44168, 53.47859]]]}}, {"type": "Feature", "properties": {"DAUID": "48111540", "penalty_weekday": 0.7442, "penalty_midday": 0.7582, "penalty_weekend": 0.7684, "penalty_avg": 0.7569}, "geometry": {"type": "Polygon", "coordinates": [[[-113.53348, 53.44677], [-113.53293, 53.44472], [-113.53481, 53.44381], [-113.53527, 53.44278], [-113.53504, 53.44196], [-113.534, 53.44074], [-113.53367, 53.43941], [-113.53766, 53.43943], [-113.5377, 53.44085], [-113.5383, 53.44241], [-113.53809, 53.44639], [-113.53701, 53.44721], [-113.53592, 53.44749], [-113.53467, 53.44746], [-113.53348, 53.44677]]]}}, {"type": "Feature", "properties": {"DAUID": "48111541", "penalty_weekday": 0.7412, "penalty_midday": 0.7556, "penalty_weekend": 0.7634, "penalty_avg": 0.7534}, "geometry": {"type": "Polygon", "coordinates": [[[-113.52929, 53.4378], [-113.52467, 53.43936], [-113.51814, 53.4394], [-113.51944, 53.43488], [-113.5327, 53.43488], [-113.54067, 53.43396], [-113.54104, 53.43519], [-113.5409, 53.43624], [-113.53942, 53.43801], [-113.53937, 53.43939], [-113.53367, 53.43941], [-113.53374, 53.43893], [-113.53335, 53.43835], [-113.53248, 53.43789], [-113.52929, 53.4378]]]}}, {"type": "Feature", "properties": {"DAUID": "48111546", "penalty_weekday": 0.6765, "penalty_midday": 0.7067, "penalty_weekend": 0.6765, "penalty_avg": 0.6865}, "geometry": {"type": "Polygon", "coordinates": [[[-113.46732, 53.62076], [-113.46733, 53.61599], [-113.4762, 53.61569], [-113.47639, 53.61662], [-113.47277, 53.61649], [-113.47148, 53.61693], [-113.47036, 53.61866], [-113.4702, 53.62074], [-113.46732, 53.62076]]]}}, {"type": "Feature", "properties": {"DAUID": "48111588", "penalty_weekday": 0.5417, "penalty_midday": 0.5769, "penalty_weekend": 0.6207, "penalty_avg": 0.5798}, "geometry": {"type": "Polygon", "coordinates": [[[-113.37811, 53.61598], [-113.38275, 53.60832], [-113.38643, 53.60838], [-113.38773, 53.61034], [-113.38469, 53.61143], [-113.38279, 53.61383], [-113.38488, 53.61404], [-113.38492, 53.61599], [-113.37811, 53.61598]]]}}, {"type": "Feature", "properties": {"DAUID": "48111589", "penalty_weekday": 0.5217, "penalty_midday": 0.56, "penalty_weekend": 0.614, "penalty_avg": 0.5653}, "geometry": {"type": "Polygon", "coordinates": [[[-113.38275, 53.60832], [-113.3851, 53.60452], [-113.38588, 53.60271], [-113.38815, 53.60278], [-113.38753, 53.60415], [-113.3859, 53.60528], [-113.38581, 53.60576], [-113.38616, 53.60628], [-113.38753, 53.60669], [-113.39013, 53.60635], [-113.3908, 53.60667], [-113.39125, 53.60737], [-113.38593, 53.60848], [-113.38275, 53.60832]]]}}, {"type": "Feature", "properties": {"DAUID": "48111590", "penalty_weekday": 0.5217, "penalty_midday": 0.56, "penalty_weekend": 0.614, "penalty_avg": 0.5653}, "geometry": {"type": "Polygon", "coordinates": [[[-113.39237, 53.60769], [-113.38801, 53.60858], [-113.38888, 53.60994], [-113.38773, 53.61034], [-113.38643, 53.60838], [-113.3928, 53.60707], [-113.39591, 53.60689], [-113.39578, 53.60841], [-113.39449, 53.6093], [-113.39358, 53.60938], [-113.39345, 53.60803], [-113.39237, 53.60769]]]}}, {"type": "Feature", "properties": {"DAUID": "48111591", "penalty_weekday": 0.5217, "penalty_midday": 0.56, "penalty_weekend": 0.614, "penalty_avg": 0.5653}, "geometry": {"type": "Polygon", "coordinates": [[[-113.39018, 53.61163], [-113.39001, 53.60959], [-113.38888, 53.60994], [-113.38796, 53.60862], [-113.39237, 53.60769], [-113.39315, 53.60782], [-113.39355, 53.60821], [-113.39358, 53.60938], [-113.39146, 53.60941], [-113.39143, 53.61163], [-113.39018, 53.61163]]]}}, {"type": "Feature", "properties": {"DAUID": "48111592", "penalty_weekday": 0.5417, "penalty_midday": 0.5769, "penalty_weekend": 0.614, "penalty_avg": 0.5775}, "geometry": {"type": "Polygon", "coordinates": [[[-113.38492, 53.61599], [-113.38488, 53.61404], [-113.38279, 53.61383], [-113.38435, 53.6117], [-113.38514, 53.61119], [-113.39001, 53.60959], [-113.39018, 53.61163], [-113.39143, 53.61163], [-113.39146, 53.60941], [-113.3942, 53.60934], [-113.39518, 53.60903], [-113.39578, 53.60841], [-113.39591, 53.60689], [-113.40642, 53.60692], [-113.39786, 53.61125], [-113.39457, 53.61405], [-113.3936, 53.61404], [-113.39363, 53.61553], [-113.39085, 53.61596], [-113.38492, 53.61599]]]}}, {"type": "Feature", "properties": {"DAUID": "48111594", "penalty_weekday": 0.6207, "penalty_midday": 0.6333, "penalty_weekend": 0.6452, "penalty_avg": 0.6331}, "geometry": {"type": "Polygon", "coordinates": [[[-113.41814, 53.61587], [-113.4089, 53.61574], [-113.4107, 53.61573], [-113.41091, 53.61462], [-113.40713, 53.61475], [-113.40688, 53.61463], [-113.40685, 53.61283], [-113.40733, 53.61233], [-113.40852, 53.6129], [-113.41105, 53.61292], [-113.41115, 53.61173], [-113.41213, 53.61035], [-113.41535, 53.61204], [-113.41799, 53.61208], [-113.41814, 53.61587]]]}}, {"type": "Feature", "properties": {"DAUID": "48111595", "penalty_weekday": 0.6207, "penalty_midday": 0.6333, "penalty_weekend": 0.6452, "penalty_avg": 0.6331}, "geometry": {"type": "Polygon", "coordinates": [[[-113.41314, 53.60652], [-113.41743, 53.60283], [-113.41829, 53.60363], [-113.4185, 53.60432], [-113.41703, 53.60878], [-113.41799, 53.61208], [-113.41535, 53.61204], [-113.41213, 53.61035], [-113.41491, 53.60803], [-113.41474, 53.60743], [-113.41314, 53.60652]]]}}, {"type": "Feature", "properties": {"DAUID": "48111597", "penalty_weekday": 0.5686, "penalty_midday": 0.5769, "penalty_weekend": 0.5849, "penalty_avg": 0.5768}, "geometry": {"type": "Polygon", "coordinates": [[[-113.39227, 53.6003], [-113.38872, 53.60142], [-113.38815, 53.60278], [-113.38588, 53.60271], [-113.38603, 53.59973], [-113.39202, 53.59969], [-113.3962, 53.59928], [-113.39648, 53.60046], [-113.39626, 53.60286], [-113.39364, 53.60277], [-113.39357, 53.60089], [-113.39227, 53.6003]]]}}, {"type": "Feature", "properties": {"DAUID": "48111598", "penalty_weekday": 0.56, "penalty_midday": 0.5849, "penalty_weekend": 0.5769, "penalty_avg": 0.5739}, "geometry": {"type": "Polygon", "coordinates": [[[-113.38815, 53.60278], [-113.38872, 53.60142], [-113.39131, 53.60047], [-113.39268, 53.60036], [-113.39364, 53.60106], [-113.39364, 53.60277], [-113.39075, 53.60303], [-113.38815, 53.60278]]]}}, {"type": "Feature", "properties": {"DAUID": "48111599", "penalty_weekday": 0.5111, "penalty_midday": 0.5417, "penalty_weekend": 0.56, "penalty_avg": 0.5376}, "geometry": {"type": "Polygon", "coordinates": [[[-113.38977, 53.60632], [-113.38717, 53.60667], [-113.38616, 53.60628], [-113.38579, 53.60557], [-113.38773, 53.60392], [-113.38815, 53.60278], [-113.39075, 53.60303], [-113.39626, 53.60286], [-113.39591, 53.60689], [-113.39125, 53.60737], [-113.39066, 53.60656], [-113.38977, 53.60632]]]}}, {"type": "Feature", "properties": {"DAUID": "48111647", "penalty_weekday": 0.7843, "penalty_midday": 0.7905, "penalty_weekend": null, "penalty_avg": 0.7874}, "geometry": {"type": "Polygon", "coordinates": [[[-113.32261, 53.51613], [-113.32199, 53.51581], [-113.32274, 53.51537], [-113.32246, 53.51492], [-113.32281, 53.5144], [-113.32437, 53.51436], [-113.32458, 53.51493], [-113.32812, 53.51481], [-113.33003, 53.51437], [-113.33121, 53.51501], [-113.33168, 53.51564], [-113.33055, 53.51668], [-113.33035, 53.51861], [-113.32915, 53.51899], [-113.32372, 53.51876], [-113.32248, 53.51788], [-113.32278, 53.51671], [-113.32261, 53.51613]]]}}, {"type": "Feature", "properties": {"DAUID": "48111949", "penalty_weekday": 0.7755, "penalty_midday": 0.7905, "penalty_weekend": 0.7822, "penalty_avg": 0.7827}, "geometry": {"type": "Polygon", "coordinates": [[[-113.56584, 53.65046], [-113.5659, 53.63612], [-113.58375, 53.6361], [-113.58373, 53.63747], [-113.581, 53.63759], [-113.58037, 53.63812], [-113.58048, 53.63872], [-113.58175, 53.63922], [-113.58401, 53.63847], [-113.58464, 53.63916], [-113.58664, 53.63883], [-113.58847, 53.63909], [-113.5853, 53.6413], [-113.57766, 53.64462], [-113.57504, 53.65056], [-113.56584, 53.65046]]]}}, {"type": "Feature", "properties": {"DAUID": "48111950", "penalty_weekday": 0.7755, "penalty_midday": 0.7905, "penalty_weekend": 0.7822, "penalty_avg": 0.7827}, "geometry": {"type": "Polygon", "coordinates": [[[-113.5855, 53.63894], [-113.58464, 53.63916], [-113.58401, 53.63847], [-113.5824, 53.63915], [-113.58147, 53.63919], [-113.58062, 53.63886], [-113.58033, 53.63829], [-113.58125, 53.63752], [-113.58373, 53.63747], [-113.58372, 53.63393], [-113.58751, 53.63392], [-113.58751, 53.6347], [-113.58962, 53.63469], [-113.5896, 53.63542], [-113.58757, 53.63545], [-113.58758, 53.63609], [-113.58958, 53.63651], [-113.58847, 53.63909], [-113.5855, 53.63894]]]}}, {"type": "Feature", "properties": {"DAUID": "48111951", "penalty_weekday": 0.7755, "penalty_midday": 0.7905, "penalty_weekend": 0.7822, "penalty_avg": 0.7827}, "geometry": {"type": "Polygon", "coordinates": [[[-113.5659, 53.63612], [-113.56586, 53.63502], [-113.57407, 53.63233], [-113.57941, 53.63227], [-113.57935, 53.63161], [-113.58074, 53.63047], [-113.58359, 53.629], [-113.58599, 53.6283], [-113.58873, 53.62845], [-113.58687, 53.62887], [-113.58828, 53.63023], [-113.58717, 53.63066], [-113.58494, 53.62873], [-113.58188, 53.6299], [-113.58062, 53.63072], [-113.58426, 53.6322], [-113.58374, 53.63339], [-113.58375, 53.6361], [-113.5659, 53.63612]]]}}, {"type": "Feature", "properties": {"DAUID": "48111952", "penalty_weekday": 0.7822, "penalty_midday": 0.7944, "penalty_weekend": 0.7822, "penalty_avg": 0.7862}, "geometry": {"type": "Polygon", "coordinates": [[[-113.58687, 53.63085], [-113.58531, 53.63141], [-113.58426, 53.6322], [-113.58061, 53.63076], [-113.58188, 53.6299], [-113.58494, 53.62873], [-113.58717, 53.63066], [-113.58828, 53.63023], [-113.58692, 53.62883], [-113.58815, 53.62846], [-113.59185, 53.62845], [-113.59183, 53.63004], [-113.58925, 53.63004], [-113.58922, 53.63101], [-113.58792, 53.63148], [-113.58687, 53.63085]]]}}, {"type": "Feature", "properties": {"DAUID": "48111953", "penalty_weekday": 0.7822, "penalty_midday": 0.7925, "penalty_weekend": 0.7822, "penalty_avg": 0.7856}, "geometry": {"type": "Polygon", "coordinates": [[[-113.59056, 53.63341], [-113.58886, 53.63391], [-113.58372, 53.63393], [-113.58383, 53.63298], [-113.58437, 53.63209], [-113.58682, 53.63079], [-113.58789, 53.63149], [-113.58922, 53.63101], [-113.58925, 53.63004], [-113.59318, 53.63004], [-113.59433, 53.6303], [-113.59056, 53.63341]]]}}, {"type": "Feature", "properties": {"DAUID": "48111956", "penalty_weekday": 0.78, "penalty_midday": 0.7905, "penalty_weekend": 0.78, "penalty_avg": 0.7835}, "geometry": {"type": "Polygon", "coordinates": [[[-113.59655, 53.62844], [-113.58599, 53.6283], [-113.59274, 53.62502], [-113.59374, 53.6257], [-113.59272, 53.6262], [-113.59367, 53.62684], [-113.59595, 53.62564], [-113.59753, 53.62673], [-113.59655, 53.62844]]]}}, {"type": "Feature", "properties": {"DAUID": "48111960", "penalty_weekday": 0.7582, "penalty_midday": 0.7778, "penalty_weekend": 0.75, "penalty_avg": 0.762}, "geometry": {"type": "Polygon", "coordinates": [[[-113.63202, 53.60766], [-113.63028, 53.6084], [-113.62832, 53.60766], [-113.62527, 53.60793], [-113.62323, 53.60883], [-113.62418, 53.60994], [-113.62298, 53.61066], [-113.61974, 53.6106], [-113.61936, 53.6115], [-113.61998, 53.61218], [-113.61937, 53.61282], [-113.61924, 53.61422], [-113.61524, 53.61416], [-113.61509, 53.61154], [-113.62538, 53.60648], [-113.63035, 53.60476], [-113.63314, 53.60527], [-113.63578, 53.60735], [-113.63893, 53.60741], [-113.63891, 53.61078], [-113.63652, 53.61079], [-113.63649, 53.60946], [-113.63506, 53.60944], [-113.6349, 53.60852], [-113.63373, 53.60839], [-113.63366, 53.60759], [-113.63202, 53.60766]]]}}, {"type": "Feature", "properties": {"DAUID": "48111961", "penalty_weekday": 0.7582, "penalty_midday": 0.7778, "penalty_weekend": 0.75, "penalty_avg": 0.762}, "geometry": {"type": "Polygon", "coordinates": [[[-113.62656, 53.61135], [-113.62367, 53.61235], [-113.62108, 53.61243], [-113.61987, 53.61213], [-113.61935, 53.61137], [-113.61984, 53.61049], [-113.62095, 53.61081], [-113.62302, 53.61065], [-113.62418, 53.60994], [-113.62323, 53.60883], [-113.62644, 53.60767], [-113.62902, 53.60782], [-113.63127, 53.60889], [-113.63191, 53.60968], [-113.6318, 53.6106], [-113.6309, 53.61122], [-113.62656, 53.61135]]]}}, {"type": "Feature", "properties": {"DAUID": "48112107", "penalty_weekday": 0.7067, "penalty_midday": 0.7105, "penalty_weekend": 0.7143, "penalty_avg": 0.7105}, "geometry": {"type": "Polygon", "coordinates": [[[-113.39381, 53.54125], [-113.39367, 53.48729], [-113.40151, 53.48778], [-113.41271, 53.48767], [-113.44248, 53.48528], [-113.44263, 53.50586], [-113.41839, 53.51812], [-113.4184, 53.54123], [-113.39381, 53.54125]]]}}, {"type": "Feature", "properties": {"DAUID": "48112108", "penalty_weekday": 0.6716, "penalty_midday": 0.6765, "penalty_weekend": 0.6901, "penalty_avg": 0.6794}, "geometry": {"type": "Polygon", "coordinates": [[[-113.41847, 53.53588], [-113.41845, 53.53393], [-113.42629, 53.53392], [-113.42628, 53.53475], [-113.42275, 53.53476], [-113.42274, 53.53544], [-113.42371, 53.53624], [-113.42375, 53.53844], [-113.4216, 53.53835], [-113.41995, 53.53787], [-113.41847, 53.53588]]]}}, {"type": "Feature", "properties": {"DAUID": "48112109", "penalty_weekday": 0.6857, "penalty_midday": 0.6901, "penalty_weekend": 0.7027, "penalty_avg": 0.6929}, "geometry": {"type": "Polygon", "coordinates": [[[-113.4315, 53.5376], [-113.42659, 53.53844], [-113.42375, 53.53844], [-113.42371, 53.53624], [-113.42274, 53.53544], [-113.42275, 53.53476], [-113.42628, 53.53475], [-113.42629, 53.53392], [-113.43046, 53.53391], [-113.43308, 53.53337], [-113.43362, 53.53419], [-113.43224, 53.53453], [-113.43318, 53.53595], [-113.43322, 53.53764], [-113.4315, 53.5376]]]}}, {"type": "Feature", "properties": {"DAUID": "48112110", "penalty_weekday": 0.6452, "penalty_midday": 0.6562, "penalty_weekend": 0.6716, "penalty_avg": 0.6577}, "geometry": {"type": "Polygon", "coordinates": [[[-113.4184, 53.54123], [-113.41847, 53.53588], [-113.41995, 53.53787], [-113.4219, 53.53839], [-113.42659, 53.53844], [-113.4315, 53.5376], [-113.43327, 53.53777], [-113.43224, 53.53799], [-113.43177, 53.53847], [-113.43263, 53.54119], [-113.4184, 53.54123]]]}}, {"type": "Feature", "properties": {"DAUID": "48112111", "penalty_weekday": 0.6986, "penalty_midday": 0.7027, "penalty_weekend": 0.7179, "penalty_avg": 0.7064}, "geometry": {"type": "Polygon", "coordinates": [[[-113.43263, 53.54119], [-113.43177, 53.53847], [-113.43224, 53.53799], [-113.43327, 53.53777], [-113.43318, 53.53595], [-113.43224, 53.53453], [-113.43499, 53.53389], [-113.43625, 53.53569], [-113.43633, 53.53646], [-113.43781, 53.53645], [-113.43781, 53.53752], [-113.43687, 53.53752], [-113.43689, 53.54119], [-113.43263, 53.54119]]]}}, {"type": "Feature", "properties": {"DAUID": "48112112", "penalty_weekday": 0.7067, "penalty_midday": 0.7105, "penalty_weekend": 0.7317, "penalty_avg": 0.7163}, "geometry": {"type": "Polygon", "coordinates": [[[-113.43689, 53.54119], [-113.43687, 53.53752], [-113.43781, 53.53752], [-113.4378, 53.53594], [-113.44139, 53.53594], [-113.4414, 53.53523], [-113.44293, 53.5353], [-113.44287, 53.53759], [-113.44331, 53.54121], [-113.43689, 53.54119]]]}}, {"type": "Feature", "properties": {"DAUID": "48112113", "penalty_weekday": 0.7027, "penalty_midday": 0.7317, "penalty_weekend": 0.7471, "penalty_avg": 0.7272}, "geometry": {"type": "Polygon", "coordinates": [[[-113.44139, 53.53594], [-113.4378, 53.53594], [-113.43781, 53.53645], [-113.43633, 53.53646], [-113.43625, 53.53569], [-113.43505, 53.53392], [-113.43362, 53.53419], [-113.43308, 53.53337], [-113.43774, 53.5323], [-113.44292, 53.5323], [-113.44293, 53.5353], [-113.4414, 53.53523], [-113.44139, 53.53594]]]}}, {"type": "Feature", "properties": {"DAUID": "48112114", "penalty_weekday": 0.725, "penalty_midday": 0.7412, "penalty_weekend": 0.7684, "penalty_avg": 0.7449}, "geometry": {"type": "Polygon", "coordinates": [[[-113.44271, 53.50847], [-113.44248, 53.48528], [-113.45346, 53.48497], [-113.46663, 53.48301], [-113.46703, 53.4882], [-113.46709, 53.49996], [-113.45922, 53.50015], [-113.44271, 53.50847]]]}}, {"type": "Feature", "properties": {"DAUID": "48112115", "penalty_weekday": 0.7708, "penalty_midday": 0.7755, "penalty_weekend": 0.7843, "penalty_avg": 0.7769}, "geometry": {"type": "Polygon", "coordinates": [[[-113.46639, 53.48011], [-113.46636, 53.45194], [-113.47299, 53.45207], [-113.48289, 53.45384], [-113.49226, 53.45431], [-113.49198, 53.48822], [-113.46703, 53.4882], [-113.46639, 53.48011]]]}}, {"type": "Feature", "properties": {"DAUID": "48112116", "penalty_weekday": 0.7284, "penalty_midday": 0.7442, "penalty_weekend": 0.7684, "penalty_avg": 0.747}, "geometry": {"type": "Polygon", "coordinates": [[[-113.49198, 53.48822], [-113.49199, 53.47992], [-113.4975, 53.47973], [-113.50347, 53.48115], [-113.49998, 53.48089], [-113.49541, 53.48113], [-113.4949, 53.48554], [-113.49894, 53.4855], [-113.4989, 53.48335], [-113.49994, 53.48286], [-113.50092, 53.48326], [-113.50421, 53.48312], [-113.50438, 53.48834], [-113.49198, 53.48822]]]}}, {"type": "Feature", "properties": {"DAUID": "48112117", "penalty_weekday": 0.725, "penalty_midday": 0.7349, "penalty_weekend": 0.7634, "penalty_avg": 0.7411}, "geometry": {"type": "Polygon", "coordinates": [[[-113.4949, 53.48554], [-113.49541, 53.48113], [-113.49998, 53.48089], [-113.5042, 53.48127], [-113.50421, 53.48312], [-113.50092, 53.48326], [-113.49994, 53.48286], [-113.4989, 53.48335], [-113.49894, 53.4855], [-113.4949, 53.48554]]]}}, {"type": "Feature", "properties": {"DAUID": "48112119", "penalty_weekday": 0.725, "penalty_midday": 0.7349, "penalty_weekend": 0.75, "penalty_avg": 0.7366}, "geometry": {"type": "Polygon", "coordinates": [[[-113.50438, 53.48834], [-113.50431, 53.48481], [-113.50778, 53.48482], [-113.50797, 53.48835], [-113.50438, 53.48834]]]}}, {"type": "Feature", "properties": {"DAUID": "48112120", "penalty_weekday": 0.7885, "penalty_midday": 0.7925, "penalty_weekend": 0.8018, "penalty_avg": 0.7942}, "geometry": {"type": "Polygon", "coordinates": [[[-113.45657, 53.46527], [-113.45726, 53.46339], [-113.45993, 53.46324], [-113.46129, 53.46243], [-113.46146, 53.46145], [-113.46005, 53.45989], [-113.45991, 53.45887], [-113.46636, 53.45875], [-113.46637, 53.46544], [-113.45657, 53.46527]]]}}, {"type": "Feature", "properties": {"DAUID": "48112121", "penalty_weekday": 0.7822, "penalty_midday": 0.7864, "penalty_weekend": 0.7944, "penalty_avg": 0.7877}, "geometry": {"type": "Polygon", "coordinates": [[[-113.4531, 53.462], [-113.45371, 53.46117], [-113.45383, 53.46009], [-113.45914, 53.46046], [-113.46033, 53.46026], [-113.4615, 53.46176], [-113.46129, 53.46243], [-113.46043, 53.46305], [-113.45818, 53.46344], [-113.45621, 53.46316], [-113.4531, 53.462]]]}}, {"type": "Feature", "properties": {"DAUID": "48112122", "penalty_weekday": 0.7843, "penalty_midday": 0.7864, "penalty_weekend": 0.7944, "penalty_avg": 0.7884}, "geometry": {"type": "Polygon", "coordinates": [[[-113.46033, 53.46026], [-113.45383, 53.46009], [-113.45369, 53.45873], [-113.45991, 53.45887], [-113.46033, 53.46026]]]}}, {"type": "Feature", "properties": {"DAUID": "48112123", "penalty_weekday": 0.7708, "penalty_midday": 0.7755, "penalty_weekend": 0.78, "penalty_avg": 0.7754}, "geometry": {"type": "Polygon", "coordinates": [[[-113.44809, 53.45955], [-113.4481, 53.45845], [-113.45369, 53.45873], [-113.45388, 53.46071], [-113.4531, 53.462], [-113.45173, 53.46184], [-113.44979, 53.46216], [-113.4485, 53.46065], [-113.44809, 53.45955]]]}}, {"type": "Feature", "properties": {"DAUID": "48112124", "penalty_weekday": 0.7778, "penalty_midday": 0.7822, "penalty_weekend": 0.7864, "penalty_avg": 0.7821}, "geometry": {"type": "Polygon", "coordinates": [[[-113.45057, 53.4636], [-113.44979, 53.46216], [-113.45229, 53.46185], [-113.45726, 53.46339], [-113.45657, 53.46527], [-113.45056, 53.46499], [-113.45057, 53.4636]]]}}, {"type": "Feature", "properties": {"DAUID": "48112125", "penalty_weekday": 0.7609, "penalty_midday": 0.7708, "penalty_weekend": 0.7822, "penalty_avg": 0.7713}, "geometry": {"type": "Polygon", "coordinates": [[[-113.44231, 53.46367], [-113.44258, 53.46278], [-113.44676, 53.46272], [-113.44979, 53.46216], [-113.45057, 53.4636], [-113.45056, 53.46499], [-113.44242, 53.46522], [-113.44231, 53.46367]]]}}, {"type": "Feature", "properties": {"DAUID": "48112126", "penalty_weekday": 0.7609, "penalty_midday": 0.7684, "penalty_weekend": 0.78, "penalty_avg": 0.7698}, "geometry": {"type": "Polygon", "coordinates": [[[-113.4414, 53.45956], [-113.4415, 53.45843], [-113.4481, 53.45845], [-113.44809, 53.45955], [-113.4485, 53.46065], [-113.44979, 53.46216], [-113.44527, 53.46285], [-113.44192, 53.46261], [-113.44063, 53.46148], [-113.4414, 53.45956]]]}}, {"type": "Feature", "properties": {"DAUID": "48112127", "penalty_weekday": 0.7349, "penalty_midday": 0.7528, "penalty_weekend": 0.7708, "penalty_avg": 0.7529}, "geometry": {"type": "Polygon", "coordinates": [[[-113.43591, 53.46555], [-113.43447, 53.46217], [-113.44063, 53.46148], [-113.44137, 53.46231], [-113.44258, 53.46278], [-113.44226, 53.46404], [-113.44242, 53.46522], [-113.43591, 53.46555]]]}}, {"type": "Feature", "properties": {"DAUID": "48112128", "penalty_weekday": 0.7317, "penalty_midday": 0.7471, "penalty_weekend": 0.7634, "penalty_avg": 0.7474}, "geometry": {"type": "Polygon", "coordinates": [[[-113.43447, 53.46217], [-113.43419, 53.45835], [-113.4415, 53.45843], [-113.4414, 53.45956], [-113.44063, 53.46148], [-113.43447, 53.46217]]]}}, {"type": "Feature", "properties": {"DAUID": "48112129", "penalty_weekday": 0.7556, "penalty_midday": 0.7684, "penalty_weekend": 0.7843, "penalty_avg": 0.7694}, "geometry": {"type": "Polygon", "coordinates": [[[-113.43821, 53.47068], [-113.43591, 53.46555], [-113.44242, 53.46522], [-113.44265, 53.46617], [-113.44439, 53.46771], [-113.44493, 53.46875], [-113.4436, 53.46932], [-113.44334, 53.47011], [-113.43821, 53.47068]]]}}, {"type": "Feature", "properties": {"DAUID": "48112130", "penalty_weekday": 0.7609, "penalty_midday": 0.7684, "penalty_weekend": 0.7822, "penalty_avg": 0.7705}, "geometry": {"type": "Polygon", "coordinates": [[[-113.44265, 53.46617], [-113.44242, 53.46522], [-113.45056, 53.46499], [-113.45048, 53.46833], [-113.451, 53.46989], [-113.4495, 53.47022], [-113.44826, 53.46903], [-113.44799, 53.46833], [-113.44493, 53.46875], [-113.44439, 53.46771], [-113.44265, 53.46617]]]}}, {"type": "Feature", "properties": {"DAUID": "48112131", "penalty_weekday": 0.7471, "penalty_midday": 0.7582, "penalty_weekend": 0.7822, "penalty_avg": 0.7625}, "geometry": {"type": "Polygon", "coordinates": [[[-113.44631, 53.47319], [-113.44365, 53.47094], [-113.44336, 53.46967], [-113.44412, 53.46899], [-113.44493, 53.46875], [-113.44799, 53.46833], [-113.44826, 53.46903], [-113.4495, 53.47022], [-113.451, 53.46989], [-113.45362, 53.47193], [-113.45019, 53.47358], [-113.44649, 53.47422], [-113.44631, 53.47319]]]}}, {"type": "Feature", "properties": {"DAUID": "48112132", "penalty_weekday": 0.7349, "penalty_midday": 0.75, "penalty_weekend": 0.7708, "penalty_avg": 0.7519}, "geometry": {"type": "Polygon", "coordinates": [[[-113.4389, 53.47289], [-113.43821, 53.47068], [-113.44334, 53.47011], [-113.44365, 53.47094], [-113.44588, 53.47258], [-113.44649, 53.47422], [-113.439, 53.47443], [-113.4389, 53.47289]]]}}, {"type": "Feature", "properties": {"DAUID": "48112136", "penalty_weekday": 0.6333, "penalty_midday": 0.6615, "penalty_weekend": 0.6508, "penalty_avg": 0.6486}, "geometry": {"type": "Polygon", "coordinates": [[[-113.43077, 53.61927], [-113.43211, 53.61789], [-113.43399, 53.61818], [-113.43721, 53.61692], [-113.43978, 53.61732], [-113.44038, 53.61838], [-113.44009, 53.6193], [-113.43863, 53.62083], [-113.43711, 53.62017], [-113.43368, 53.62008], [-113.43077, 53.61927]]]}}, {"type": "Feature", "properties": {"DAUID": "48112142", "penalty_weekday": 0.7528, "penalty_midday": 0.7684, "penalty_weekend": 0.7755, "penalty_avg": 0.7656}, "geometry": {"type": "Polygon", "coordinates": [[[-113.56579, 53.58128], [-113.5657, 53.57033], [-113.57791, 53.57038], [-113.57788, 53.58348], [-113.56725, 53.58361], [-113.56753, 53.5813], [-113.56579, 53.58128]]]}}, {"type": "Feature", "properties": {"DAUID": "48112143", "penalty_weekday": 0.7471, "penalty_midday": 0.7634, "penalty_weekend": 0.766, "penalty_avg": 0.7588}, "geometry": {"type": "Polygon", "coordinates": [[[-113.5657, 53.57033], [-113.56569, 53.55892], [-113.57797, 53.55895], [-113.57791, 53.57038], [-113.5657, 53.57033]]]}}, {"type": "Feature", "properties": {"DAUID": "48112144", "penalty_weekday": 0.7708, "penalty_midday": 0.7822, "penalty_weekend": 0.7982, "penalty_avg": 0.7837}, "geometry": {"type": "Polygon", "coordinates": [[[-113.62414, 53.51839], [-113.62517, 53.51708], [-113.62994, 53.51705], [-113.63006, 53.51802], [-113.63052, 53.51834], [-113.63039, 53.52135], [-113.62368, 53.52032], [-113.62423, 53.51911], [-113.62414, 53.51839]]]}}, {"type": "Feature", "properties": {"DAUID": "48112145", "penalty_weekday": 0.7708, "penalty_midday": 0.7822, "penalty_weekend": 0.7982, "penalty_avg": 0.7837}, "geometry": {"type": "Polygon", "coordinates": [[[-113.62712, 53.51701], [-113.62686, 53.51621], [-113.62486, 53.51622], [-113.62499, 53.51407], [-113.62753, 53.51479], [-113.63001, 53.51492], [-113.63052, 53.51834], [-113.63006, 53.51802], [-113.62994, 53.51705], [-113.62712, 53.51701]]]}}, {"type": "Feature", "properties": {"DAUID": "48112146", "penalty_weekday": 0.7708, "penalty_midday": 0.7822, "penalty_weekend": 0.7982, "penalty_avg": 0.7837}, "geometry": {"type": "Polygon", "coordinates": [[[-113.62414, 53.51839], [-113.6232, 53.51485], [-113.62387, 53.51431], [-113.62499, 53.51407], [-113.62486, 53.51622], [-113.62686, 53.51621], [-113.62712, 53.51701], [-113.62517, 53.51708], [-113.62414, 53.51839]]]}}, {"type": "Feature", "properties": {"DAUID": "48112147", "penalty_weekday": 0.7708, "penalty_midday": 0.7822, "penalty_weekend": 0.7982, "penalty_avg": 0.7837}, "geometry": {"type": "Polygon", "coordinates": [[[-113.62368, 53.52032], [-113.61736, 53.51963], [-113.61879, 53.51957], [-113.61873, 53.51869], [-113.61675, 53.51854], [-113.6167, 53.51639], [-113.61793, 53.51628], [-113.61799, 53.5155], [-113.62324, 53.51547], [-113.62423, 53.51911], [-113.62368, 53.52032]]]}}, {"type": "Feature", "properties": {"DAUID": "48112148", "penalty_weekday": 0.7755, "penalty_midday": 0.7864, "penalty_weekend": 0.8018, "penalty_avg": 0.7879}, "geometry": {"type": "Polygon", "coordinates": [[[-113.61526, 53.51961], [-113.6153, 53.51219], [-113.62506, 53.51222], [-113.62499, 53.51407], [-113.62344, 53.51453], [-113.62324, 53.51547], [-113.61799, 53.5155], [-113.61793, 53.51628], [-113.6167, 53.51639], [-113.61675, 53.51854], [-113.61873, 53.51869], [-113.61879, 53.51957], [-113.61526, 53.51961]]]}}, {"type": "Feature", "properties": {"DAUID": "48112149", "penalty_weekday": 0.7905, "penalty_midday": 0.807, "penalty_weekend": null, "penalty_avg": 0.7987}, "geometry": {"type": "Polygon", "coordinates": [[[-113.6153, 53.51219], [-113.61535, 53.50473], [-113.61954, 53.50465], [-113.61954, 53.50543], [-113.61724, 53.50548], [-113.61715, 53.50671], [-113.61956, 53.50716], [-113.6199, 53.5083], [-113.62249, 53.51004], [-113.62192, 53.51107], [-113.62246, 53.51221], [-113.6153, 53.51219]]]}}, {"type": "Feature", "properties": {"DAUID": "48112150", "penalty_weekday": 0.78, "penalty_midday": 0.7944, "penalty_weekend": 0.8087, "penalty_avg": 0.7944}, "geometry": {"type": "Polygon", "coordinates": [[[-113.62249, 53.51004], [-113.6199, 53.5083], [-113.61956, 53.50716], [-113.61721, 53.50681], [-113.61724, 53.50548], [-113.61954, 53.50543], [-113.61954, 53.50465], [-113.63104, 53.50308], [-113.63104, 53.50532], [-113.6302, 53.50942], [-113.62638, 53.50892], [-113.62524, 53.51103], [-113.62506, 53.51222], [-113.62246, 53.51221], [-113.62192, 53.51107], [-113.62249, 53.51004]]]}}, {"type": "Feature", "properties": {"DAUID": "48112151", "penalty_weekday": 0.7778, "penalty_midday": 0.7905, "penalty_weekend": 0.8053, "penalty_avg": 0.7912}, "geometry": {"type": "Polygon", "coordinates": [[[-113.62524, 53.51103], [-113.62638, 53.50892], [-113.6302, 53.50942], [-113.62987, 53.51224], [-113.62506, 53.51222], [-113.62524, 53.51103]]]}}, {"type": "Feature", "properties": {"DAUID": "48112152", "penalty_weekday": 0.7755, "penalty_midday": 0.7864, "penalty_weekend": 0.8018, "penalty_avg": 0.7879}, "geometry": {"type": "Polygon", "coordinates": [[[-113.62499, 53.51407], [-113.62506, 53.51222], [-113.62987, 53.51224], [-113.63001, 53.51492], [-113.62753, 53.51479], [-113.62499, 53.51407]]]}}, {"type": "Feature", "properties": {"DAUID": "48112153", "penalty_weekday": 0.6562, "penalty_midday": 0.6667, "penalty_weekend": 0.6901, "penalty_avg": 0.671}, "geometry": {"type": "Polygon", "coordinates": [[[-113.49482, 53.52611], [-113.49363, 53.5264], [-113.49518, 53.52543], [-113.49454, 53.52451], [-113.49297, 53.52435], [-113.49753, 53.52338], [-113.50046, 53.52325], [-113.50045, 53.52255], [-113.50347, 53.52256], [-113.50347, 53.52314], [-113.50472, 53.5232], [-113.50506, 53.52257], [-113.50506, 53.52099], [-113.50933, 53.52099], [-113.50937, 53.52193], [-113.50631, 53.52194], [-113.50632, 53.52338], [-113.51175, 53.52393], [-113.51306, 53.5257], [-113.51302, 53.52678], [-113.51136, 53.52969], [-113.50867, 53.52941], [-113.50376, 53.52833], [-113.49807, 53.52629], [-113.49482, 53.52611]]]}}, {"type": "Feature", "properties": {"DAUID": "48112154", "penalty_weekday": 0.6857, "penalty_midday": 0.6986, "penalty_weekend": 0.7179, "penalty_avg": 0.7008}, "geometry": {"type": "Polygon", "coordinates": [[[-113.50045, 53.52255], [-113.50045, 53.52002], [-113.50349, 53.52004], [-113.50347, 53.52098], [-113.50506, 53.52099], [-113.50504, 53.52265], [-113.50472, 53.5232], [-113.50347, 53.52314], [-113.50347, 53.52256], [-113.50045, 53.52255]]]}}, {"type": "Feature", "properties": {"DAUID": "48112155", "penalty_weekday": 0.6716, "penalty_midday": 0.6901, "penalty_weekend": 0.6986, "penalty_avg": 0.6868}, "geometry": {"type": "Polygon", "coordinates": [[[-113.50046, 53.52325], [-113.49552, 53.52379], [-113.49581, 53.52346], [-113.49551, 53.52183], [-113.50044, 53.52183], [-113.50046, 53.52325]]]}}, {"type": "Feature", "properties": {"DAUID": "48112156", "penalty_weekday": 0.6716, "penalty_midday": 0.6986, "penalty_weekend": 0.7105, "penalty_avg": 0.6936}, "geometry": {"type": "Polygon", "coordinates": [[[-113.49551, 53.52183], [-113.49525, 53.52009], [-113.49471, 53.51981], [-113.49442, 53.51813], [-113.50349, 53.5181], [-113.50349, 53.52004], [-113.50045, 53.52002], [-113.50044, 53.52183], [-113.49551, 53.52183]]]}}, {"type": "Feature", "properties": {"DAUID": "48112157", "penalty_weekday": 0.6716, "penalty_midday": 0.6857, "penalty_weekend": 0.7215, "penalty_avg": 0.693}, "geometry": {"type": "Polygon", "coordinates": [[[-113.50349, 53.52004], [-113.50347, 53.51908], [-113.51195, 53.51909], [-113.51196, 53.52005], [-113.50349, 53.52004]]]}}, {"type": "Feature", "properties": {"DAUID": "48112158", "penalty_weekday": 0.6667, "penalty_midday": 0.6812, "penalty_weekend": 0.7179, "penalty_avg": 0.6886}, "geometry": {"type": "Polygon", "coordinates": [[[-113.50347, 53.51908], [-113.50349, 53.5181], [-113.51207, 53.51816], [-113.51195, 53.51909], [-113.50347, 53.51908]]]}}, {"type": "Feature", "properties": {"DAUID": "48112159", "penalty_weekday": 0.6667, "penalty_midday": 0.6812, "penalty_weekend": 0.7143, "penalty_avg": 0.6874}, "geometry": {"type": "Polygon", "coordinates": [[[-113.50347, 53.52098], [-113.50349, 53.52004], [-113.51196, 53.52005], [-113.51197, 53.52196], [-113.50937, 53.52193], [-113.50933, 53.52099], [-113.50347, 53.52098]]]}}, {"type": "Feature", "properties": {"DAUID": "48112160", "penalty_weekday": 0.6716, "penalty_midday": 0.6857, "penalty_weekend": 0.7105, "penalty_avg": 0.6893}, "geometry": {"type": "Polygon", "coordinates": [[[-113.50632, 53.52338], [-113.50631, 53.52194], [-113.51197, 53.52196], [-113.51175, 53.52393], [-113.50632, 53.52338]]]}}, {"type": "Feature", "properties": {"DAUID": "48112161", "penalty_weekday": 0.7471, "penalty_midday": 0.7528, "penalty_weekend": 0.7708, "penalty_avg": 0.7569}, "geometry": {"type": "Polygon", "coordinates": [[[-113.59263, 53.47086], [-113.59333, 53.47104], [-113.59457, 53.47162], [-113.5939, 53.47211], [-113.59215, 53.47126], [-113.59263, 53.47086]]]}}, {"type": "Feature", "properties": {"DAUID": "48112162", "penalty_weekday": 0.7582, "penalty_midday": 0.7708, "penalty_weekend": 0.78, "penalty_avg": 0.7697}, "geometry": {"type": "Polygon", "coordinates": [[[-113.59277, 53.47085], [-113.59215, 53.47126], [-113.58914, 53.47036], [-113.58978, 53.46917], [-113.58969, 53.46846], [-113.58787, 53.46574], [-113.58866, 53.46338], [-113.58955, 53.46314], [-113.59221, 53.46332], [-113.59273, 53.46375], [-113.59262, 53.46483], [-113.59357, 53.46483], [-113.59389, 53.46637], [-113.59561, 53.4702], [-113.59547, 53.47086], [-113.59457, 53.47162], [-113.59277, 53.47085]]]}}, {"type": "Feature", "properties": {"DAUID": "48112163", "penalty_weekday": 0.7684, "penalty_midday": 0.7778, "penalty_weekend": 0.7905, "penalty_avg": 0.7789}, "geometry": {"type": "Polygon", "coordinates": [[[-113.58472, 53.46436], [-113.58723, 53.46103], [-113.58826, 53.4574], [-113.59202, 53.45873], [-113.59347, 53.46004], [-113.59403, 53.46099], [-113.59425, 53.46218], [-113.59357, 53.46483], [-113.59262, 53.46483], [-113.59273, 53.46375], [-113.59221, 53.46332], [-113.58929, 53.46315], [-113.58842, 53.46364], [-113.58787, 53.46526], [-113.58795, 53.46606], [-113.58979, 53.46892], [-113.58914, 53.47036], [-113.5807, 53.46836], [-113.58472, 53.46436]]]}}, {"type": "Feature", "properties": {"DAUID": "48112164", "penalty_weekday": 0.7732, "penalty_midday": 0.7822, "penalty_weekend": 0.7963, "penalty_avg": 0.7839}, "geometry": {"type": "Polygon", "coordinates": [[[-113.59706, 53.46008], [-113.59394, 53.46083], [-113.59224, 53.45893], [-113.59784, 53.45554], [-113.59997, 53.45598], [-113.60343, 53.45567], [-113.60465, 53.45743], [-113.60438, 53.45809], [-113.60267, 53.4582], [-113.60238, 53.45986], [-113.60058, 53.46072], [-113.59993, 53.4603], [-113.59706, 53.46008]]]}}, {"type": "Feature", "properties": {"DAUID": "48112165", "penalty_weekday": 0.7634, "penalty_midday": 0.7755, "penalty_weekend": 0.7944, "penalty_avg": 0.7778}, "geometry": {"type": "Polygon", "coordinates": [[[-113.58826, 53.4574], [-113.58912, 53.45393], [-113.59324, 53.45406], [-113.59317, 53.45505], [-113.59713, 53.45607], [-113.59224, 53.45893], [-113.59139, 53.45837], [-113.58826, 53.4574]]]}}, {"type": "Feature", "properties": {"DAUID": "48112167", "penalty_weekday": 0.7755, "penalty_midday": 0.78, "penalty_weekend": 0.7843, "penalty_avg": 0.7799}, "geometry": {"type": "Polygon", "coordinates": [[[-113.44837, 53.45091], [-113.44967, 53.44903], [-113.45445, 53.4502], [-113.45983, 53.44995], [-113.45995, 53.45198], [-113.44812, 53.45334], [-113.44837, 53.45091]]]}}, {"type": "Feature", "properties": {"DAUID": "48112168", "penalty_weekday": 0.7864, "penalty_midday": 0.7905, "penalty_weekend": 0.7963, "penalty_avg": 0.7911}, "geometry": {"type": "Polygon", "coordinates": [[[-113.45336, 53.45006], [-113.44967, 53.44903], [-113.45141, 53.44769], [-113.45158, 53.44694], [-113.45126, 53.44635], [-113.45378, 53.44545], [-113.45524, 53.44419], [-113.45677, 53.44439], [-113.45911, 53.44416], [-113.45981, 53.44373], [-113.46038, 53.4424], [-113.46181, 53.44305], [-113.46297, 53.44408], [-113.46292, 53.44481], [-113.46138, 53.44614], [-113.46139, 53.44706], [-113.45703, 53.44757], [-113.45575, 53.44833], [-113.45574, 53.45017], [-113.45336, 53.45006]]]}}, {"type": "Feature", "properties": {"DAUID": "48112169", "penalty_weekday": 0.7925, "penalty_midday": 0.7963, "penalty_weekend": 0.8018, "penalty_avg": 0.7969}, "geometry": {"type": "Polygon", "coordinates": [[[-113.45574, 53.45017], [-113.45583, 53.44818], [-113.45664, 53.44767], [-113.46139, 53.44706], [-113.46138, 53.44614], [-113.46216, 53.44546], [-113.46444, 53.44596], [-113.46444, 53.44757], [-113.46171, 53.44756], [-113.46189, 53.44869], [-113.4609, 53.44967], [-113.45574, 53.45017]]]}}, {"type": "Feature", "properties": {"DAUID": "48112170", "penalty_weekday": 0.7944, "penalty_midday": 0.8, "penalty_weekend": 0.8036, "penalty_avg": 0.7993}, "geometry": {"type": "Polygon", "coordinates": [[[-113.45995, 53.45198], [-113.45983, 53.44995], [-113.46114, 53.44955], [-113.46175, 53.44895], [-113.46196, 53.44832], [-113.46171, 53.44756], [-113.46444, 53.44757], [-113.46444, 53.44596], [-113.46216, 53.44546], [-113.46299, 53.44463], [-113.46279, 53.44378], [-113.46384, 53.44313], [-113.46409, 53.44244], [-113.4619, 53.44097], [-113.45847, 53.44029], [-113.45758, 53.44057], [-113.45727, 53.44099], [-113.45728, 53.44181], [-113.4577, 53.4425], [-113.45572, 53.44285], [-113.45546, 53.43685], [-113.46665, 53.43758], [-113.46636, 53.45194], [-113.45995, 53.45198]]]}}, {"type": "Feature", "properties": {"DAUID": "48112171", "penalty_weekday": 0.8, "penalty_midday": 0.8036, "penalty_weekend": 0.807, "penalty_avg": 0.8035}, "geometry": {"type": "Polygon", "coordinates": [[[-113.46279, 53.44378], [-113.46038, 53.4424], [-113.45981, 53.44373], [-113.45911, 53.44416], [-113.45677, 53.44439], [-113.45524, 53.44419], [-113.45572, 53.44285], [-113.4577, 53.4425], [-113.45728, 53.44181], [-113.45727, 53.44099], [-113.45824, 53.44032], [-113.4619, 53.44097], [-113.46379, 53.44205], [-113.46411, 53.4427], [-113.46279, 53.44378]]]}}, {"type": "Feature", "properties": {"DAUID": "48112176", "penalty_weekday": 0.75, "penalty_midday": 0.75, "penalty_weekend": 0.75, "penalty_avg": 0.75}, "geometry": {"type": "Polygon", "coordinates": [[[-113.357, 53.56995], [-113.34928, 53.57024], [-113.35101, 53.57024], [-113.3454, 53.57113], [-113.34476, 53.57097], [-113.34471, 53.57134], [-113.34408, 53.57061], [-113.34125, 53.57025], [-113.33234, 53.57033], [-113.32963, 53.5712], [-113.32325, 53.57128], [-113.31969, 53.57196], [-113.31911, 53.57174], [-113.3189, 53.57098], [-113.31777, 53.57031], [-113.27077, 53.57025], [-113.27077, 53.57004], [-113.29038, 53.57006], [-113.29515, 53.56949], [-113.29539, 53.56898], [-113.29536, 53.5596], [-113.29572, 53.55525], [-113.29564, 53.54684], [-113.29754, 53.54679], [-113.30372, 53.5455], [-113.30462, 53.5441], [-113.30439, 53.54359], [-113.30273, 53.54231], [-113.30267, 53.5411], [-113.3332, 53.54127], [-113.34281, 53.54084], [-113.34309, 53.53777], [-113.34499, 53.52844], [-113.34483, 53.51321], [-113.35305, 53.51452], [-113.35496, 53.51401], [-113.35671, 53.51271], [-113.36043, 53.51231], [-113.3566, 53.51375], [-113.35529, 53.5149], [-113.36927, 53.51725], [-113.36929, 53.51557], [-113.37011, 53.51616], [-113.37283, 53.51703], [-113.376, 53.51769], [-113.39387, 53.51715], [-113.39381, 53.54125], [-113.40083, 53.54125], [-113.40226, 53.55657], [-113.39491, 53.55143], [-113.39052, 53.55046], [-113.38504, 53.5512], [-113.38106, 53.55305], [-113.37958, 53.55473], [-113.378, 53.5588], [-113.37814, 53.56064], [-113.37784, 53.56245], [-113.37704, 53.56452], [-113.37601, 53.56615], [-113.37189, 53.57049], [-113.36848, 53.56944], [-113.36563, 53.56909], [-113.357, 53.56995]]]}}, {"type": "Feature", "properties": {"DAUID": "48112210", "penalty_weekday": 0.7471, "penalty_midday": 0.7582, "penalty_weekend": 0.7556, "penalty_avg": 0.7536}, "geometry": {"type": "Polygon", "coordinates": [[[-113.54372, 53.61911], [-113.54502, 53.61806], [-113.54731, 53.61767], [-113.54867, 53.61693], [-113.55088, 53.61915], [-113.55277, 53.62016], [-113.55268, 53.62304], [-113.55227, 53.62356], [-113.55129, 53.62384], [-113.5452, 53.62367], [-113.54372, 53.62187], [-113.54372, 53.61911]]]}}, {"type": "Feature", "properties": {"DAUID": "48112214", "penalty_weekday": 0.7471, "penalty_midday": 0.7582, "penalty_weekend": 0.7556, "penalty_avg": 0.7536}, "geometry": {"type": "Polygon", "coordinates": [[[-113.54372, 53.6203], [-113.54112, 53.62029], [-113.54115, 53.61704], [-113.54375, 53.61697], [-113.54549, 53.61656], [-113.54592, 53.61695], [-113.54637, 53.61785], [-113.54502, 53.61806], [-113.5439, 53.61877], [-113.54372, 53.6203]]]}}, {"type": "Feature", "properties": {"DAUID": "48112215", "penalty_weekday": 0.7471, "penalty_midday": 0.7582, "penalty_weekend": 0.7556, "penalty_avg": 0.7536}, "geometry": {"type": "Polygon", "coordinates": [[[-113.54115, 53.61704], [-113.54136, 53.61047], [-113.54381, 53.61045], [-113.54389, 53.61154], [-113.54476, 53.61217], [-113.5512, 53.61267], [-113.55115, 53.61461], [-113.54938, 53.61493], [-113.54465, 53.61682], [-113.54115, 53.61704]]]}}, {"type": "Feature", "properties": {"DAUID": "48112216", "penalty_weekday": 0.7284, "penalty_midday": 0.7442, "penalty_weekend": 0.7381, "penalty_avg": 0.7369}, "geometry": {"type": "Polygon", "coordinates": [[[-113.54389, 53.61154], [-113.54386, 53.60856], [-113.54509, 53.60831], [-113.54507, 53.60758], [-113.54396, 53.60701], [-113.54568, 53.60594], [-113.54659, 53.60666], [-113.54852, 53.60739], [-113.56009, 53.60816], [-113.56096, 53.60993], [-113.56067, 53.61195], [-113.55979, 53.61256], [-113.55801, 53.61297], [-113.55265, 53.61297], [-113.54823, 53.61231], [-113.5454, 53.61226], [-113.54439, 53.61201], [-113.54389, 53.61154]]]}}, {"type": "Feature", "properties": {"DAUID": "48112218", "penalty_weekday": 0.7822, "penalty_midday": 0.7905, "penalty_weekend": null, "penalty_avg": 0.7863}, "geometry": {"type": "Polygon", "coordinates": [[[-113.58912, 53.45393], [-113.58968, 53.4513], [-113.59098, 53.44873], [-113.59192, 53.4477], [-113.59476, 53.44594], [-113.59994, 53.44423], [-113.60504, 53.45148], [-113.60726, 53.45399], [-113.58912, 53.45393]]]}}, {"type": "Feature", "properties": {"DAUID": "48112221", "penalty_weekday": 0.7732, "penalty_midday": 0.7885, "penalty_weekend": 0.7822, "penalty_avg": 0.7813}, "geometry": {"type": "Polygon", "coordinates": [[[-113.54139, 53.45323], [-113.53867, 53.44835], [-113.53701, 53.44721], [-113.53822, 53.44603], [-113.5383, 53.44241], [-113.5377, 53.44085], [-113.53766, 53.43943], [-113.53937, 53.43939], [-113.53942, 53.43801], [-113.5406, 53.43668], [-113.54104, 53.43571], [-113.54067, 53.43396], [-113.55593, 53.42987], [-113.5634, 53.42872], [-113.56374, 53.4292], [-113.56348, 53.43024], [-113.56234, 53.43099], [-113.56368, 53.43139], [-113.56381, 53.43266], [-113.56192, 53.43396], [-113.56097, 53.43385], [-113.56136, 53.43451], [-113.56095, 53.43514], [-113.55921, 53.43557], [-113.55849, 53.43471], [-113.55745, 53.43465], [-113.55637, 53.43605], [-113.55372, 53.4355], [-113.55302, 53.43646], [-113.54949, 53.4367], [-113.54935, 53.4374], [-113.54869, 53.43756], [-113.54559, 53.43618], [-113.54488, 53.43654], [-113.54445, 53.43736], [-113.54358, 53.43772], [-113.54452, 53.43868], [-113.54431, 53.43933], [-113.54334, 53.4401], [-113.544, 53.44101], [-113.54271, 53.4414], [-113.54533, 53.44277], [-113.54475, 53.44325], [-113.54337, 53.4432], [-113.54297, 53.44382], [-113.54316, 53.44464], [-113.54384, 53.44522], [-113.54635, 53.44584], [-113.54705, 53.44578], [-113.54741, 53.44465], [-113.54788, 53.44434], [-113.54879, 53.44455], [-113.54881, 53.44506], [-113.5481, 53.4464], [-113.54541, 53.44736], [-113.54652, 53.44875], [-113.54575, 53.45006], [-113.54467, 53.45012], [-113.54352, 53.45102], [-113.5439, 53.45151], [-113.54577, 53.45239], [-113.54725, 53.45245], [-113.54719, 53.45294], [-113.54615, 53.45364], [-113.54696, 53.45489], [-113.5459, 53.45528], [-113.54413, 53.45532], [-113.54209, 53.45336], [-113.54139, 53.45323]]]}}, {"type": "Feature", "properties": {"DAUID": "48112237", "penalty_weekday": 0.7822, "penalty_midday": 0.7982, "penalty_weekend": 0.78, "penalty_avg": 0.7868}, "geometry": {"type": "Polygon", "coordinates": [[[-113.39355, 53.48044], [-113.38783, 53.48017], [-113.38799, 53.47885], [-113.38936, 53.47885], [-113.3895, 53.47963], [-113.3926, 53.47954], [-113.39231, 53.47863], [-113.39276, 53.47812], [-113.39277, 53.4769], [-113.39145, 53.47684], [-113.39106, 53.47495], [-113.38991, 53.47428], [-113.38585, 53.47446], [-113.3853, 53.47405], [-113.38952, 53.4731], [-113.39356, 53.47298], [-113.39355, 53.48044]]]}}, {"type": "Feature", "properties": {"DAUID": "48112238", "penalty_weekday": 0.7822, "penalty_midday": 0.8, "penalty_weekend": 0.7778, "penalty_avg": 0.7867}, "geometry": {"type": "Polygon", "coordinates": [[[-113.38875, 53.47698], [-113.38695, 53.47738], [-113.38652, 53.47659], [-113.38643, 53.47519], [-113.38585, 53.47446], [-113.38951, 53.4742], [-113.39106, 53.47495], [-113.39149, 53.47725], [-113.38901, 53.47729], [-113.38875, 53.47698]]]}}, {"type": "Feature", "properties": {"DAUID": "48112239", "penalty_weekday": 0.7732, "penalty_midday": 0.7944, "penalty_weekend": 0.7684, "penalty_avg": 0.7787}, "geometry": {"type": "Polygon", "coordinates": [[[-113.38799, 53.47885], [-113.38695, 53.47738], [-113.38867, 53.47694], [-113.38901, 53.47729], [-113.39149, 53.47725], [-113.39145, 53.47684], [-113.39277, 53.4769], [-113.39276, 53.47812], [-113.39231, 53.47863], [-113.3926, 53.47954], [-113.3895, 53.47963], [-113.38936, 53.47885], [-113.38799, 53.47885]]]}}, {"type": "Feature", "properties": {"DAUID": "48112240", "penalty_weekday": 0.7822, "penalty_midday": 0.7905, "penalty_weekend": 0.7843, "penalty_avg": 0.7857}, "geometry": {"type": "Polygon", "coordinates": [[[-113.37591, 53.47873], [-113.37592, 53.47716], [-113.38104, 53.47588], [-113.3812, 53.47606], [-113.38118, 53.48109], [-113.37673, 53.47982], [-113.37591, 53.47873]]]}}, {"type": "Feature", "properties": {"DAUID": "48112242", "penalty_weekday": 0.7925, "penalty_midday": 0.7905, "penalty_weekend": 0.812, "penalty_avg": 0.7983}, "geometry": {"type": "Polygon", "coordinates": [[[-113.46264, 53.42718], [-113.4629, 53.42501], [-113.47367, 53.42508], [-113.47345, 53.427], [-113.47296, 53.42813], [-113.47187, 53.42923], [-113.46976, 53.43035], [-113.46877, 53.42988], [-113.4673, 53.42982], [-113.46755, 53.42759], [-113.46652, 53.42722], [-113.46264, 53.42718]]]}}, {"type": "Feature", "properties": {"DAUID": "48112250", "penalty_weekday": 0.7732, "penalty_midday": 0.7822, "penalty_weekend": 0.7864, "penalty_avg": 0.7806}, "geometry": {"type": "Polygon", "coordinates": [[[-113.36852, 53.4772], [-113.36881, 53.47246], [-113.37174, 53.47245], [-113.37651, 53.47296], [-113.37662, 53.47408], [-113.37825, 53.47676], [-113.37518, 53.47719], [-113.36852, 53.4772]]]}}, {"type": "Feature", "properties": {"DAUID": "48112252", "penalty_weekday": 0.7822, "penalty_midday": 0.7982, "penalty_weekend": 0.7864, "penalty_avg": 0.7889}, "geometry": {"type": "Polygon", "coordinates": [[[-113.3836, 53.46999], [-113.3874, 53.46894], [-113.38916, 53.46888], [-113.38909, 53.47044], [-113.38819, 53.4717], [-113.38703, 53.47224], [-113.38242, 53.47225], [-113.38272, 53.47058], [-113.3836, 53.46999]]]}}, {"type": "Feature", "properties": {"DAUID": "48112253", "penalty_weekday": 0.7864, "penalty_midday": 0.7982, "penalty_weekend": 0.7963, "penalty_avg": 0.7936}, "geometry": {"type": "Polygon", "coordinates": [[[-113.38916, 53.46888], [-113.38535, 53.46943], [-113.38484, 53.46749], [-113.38783, 53.46611], [-113.38915, 53.46744], [-113.38916, 53.46888]]]}}, {"type": "Feature", "properties": {"DAUID": "48112274", "penalty_weekday": 0.5111, "penalty_midday": 0.551, "penalty_weekend": 0.5319, "penalty_avg": 0.5313}, "geometry": {"type": "Polygon", "coordinates": [[[-113.39626, 53.60286], [-113.39648, 53.60046], [-113.3962, 53.59928], [-113.40635, 53.59769], [-113.40705, 53.60027], [-113.40419, 53.60004], [-113.39923, 53.60254], [-113.39626, 53.60286]]]}}, {"type": "Feature", "properties": {"DAUID": "48112280", "penalty_weekday": 0.7556, "penalty_midday": 0.7634, "penalty_weekend": 0.7822, "penalty_avg": 0.7671}, "geometry": {"type": "Polygon", "coordinates": [[[-113.58163, 53.46291], [-113.57684, 53.4632], [-113.5763, 53.46233], [-113.57587, 53.45967], [-113.57692, 53.45832], [-113.57963, 53.45848], [-113.58338, 53.45981], [-113.58536, 53.45943], [-113.58563, 53.45896], [-113.58539, 53.45843], [-113.58419, 53.45752], [-113.58188, 53.45656], [-113.58171, 53.45605], [-113.58206, 53.45554], [-113.58826, 53.4574], [-113.58774, 53.4598], [-113.58692, 53.46154], [-113.58418, 53.46498], [-113.5807, 53.46836], [-113.57796, 53.46757], [-113.57899, 53.46615], [-113.58229, 53.4647], [-113.5827, 53.46372], [-113.58163, 53.46291]]]}}, {"type": "Feature", "properties": {"DAUID": "48112281", "penalty_weekday": 0.766, "penalty_midday": 0.7732, "penalty_weekend": 0.7732, "penalty_avg": 0.7708}, "geometry": {"type": "Polygon", "coordinates": [[[-113.56728, 53.46039], [-113.57587, 53.46003], [-113.5763, 53.46233], [-113.57684, 53.4632], [-113.57488, 53.46382], [-113.57264, 53.46579], [-113.57042, 53.46428], [-113.56728, 53.46039]]]}}, {"type": "Feature", "properties": {"DAUID": "48112282", "penalty_weekday": 0.7708, "penalty_midday": 0.7822, "penalty_weekend": 0.7843, "penalty_avg": 0.7791}, "geometry": {"type": "Polygon", "coordinates": [[[-113.57587, 53.46003], [-113.56721, 53.46032], [-113.56614, 53.45861], [-113.56574, 53.45685], [-113.56776, 53.45665], [-113.57076, 53.45565], [-113.57554, 53.45571], [-113.57683, 53.4564], [-113.5769, 53.45845], [-113.57603, 53.45927], [-113.57587, 53.46003]]]}}, {"type": "Feature", "properties": {"DAUID": "48112283", "penalty_weekday": 0.7609, "penalty_midday": 0.7684, "penalty_weekend": 0.7755, "penalty_avg": 0.7683}, "geometry": {"type": "Polygon", "coordinates": [[[-113.57076, 53.45565], [-113.56776, 53.45665], [-113.56574, 53.45685], [-113.5656, 53.45414], [-113.57458, 53.45423], [-113.58097, 53.45524], [-113.58206, 53.45554], [-113.58171, 53.45605], [-113.58188, 53.45656], [-113.58419, 53.45752], [-113.58539, 53.45843], [-113.58561, 53.45906], [-113.58479, 53.45973], [-113.583, 53.45973], [-113.57963, 53.45848], [-113.57692, 53.45832], [-113.57683, 53.4564], [-113.57593, 53.45579], [-113.57076, 53.45565]]]}}, {"type": "Feature", "properties": {"DAUID": "48112284", "penalty_weekday": 0.7732, "penalty_midday": 0.7843, "penalty_weekend": 0.7885, "penalty_avg": 0.782}, "geometry": {"type": "Polygon", "coordinates": [[[-113.56455, 53.46407], [-113.56008, 53.46377], [-113.55937, 53.46338], [-113.55922, 53.46191], [-113.55951, 53.46094], [-113.55926, 53.45991], [-113.55954, 53.45928], [-113.56063, 53.45883], [-113.56614, 53.45861], [-113.56922, 53.46295], [-113.56455, 53.46407]]]}}, {"type": "Feature", "properties": {"DAUID": "48112285", "penalty_weekday": 0.7778, "penalty_midday": 0.7925, "penalty_weekend": 0.7982, "penalty_avg": 0.7895}, "geometry": {"type": "Polygon", "coordinates": [[[-113.57195, 53.47233], [-113.56505, 53.47317], [-113.56343, 53.47249], [-113.56391, 53.47196], [-113.56242, 53.47113], [-113.56326, 53.47092], [-113.564, 53.47027], [-113.56487, 53.4688], [-113.56458, 53.46855], [-113.56361, 53.4684], [-113.5611, 53.46952], [-113.56004, 53.46956], [-113.55963, 53.46933], [-113.56035, 53.46865], [-113.55936, 53.46761], [-113.5589, 53.46752], [-113.55732, 53.4685], [-113.55618, 53.46847], [-113.5578, 53.4664], [-113.55591, 53.46581], [-113.55385, 53.46682], [-113.55222, 53.46667], [-113.55191, 53.4662], [-113.55348, 53.46516], [-113.55368, 53.46439], [-113.551, 53.46368], [-113.54891, 53.46385], [-113.54757, 53.46339], [-113.54836, 53.46269], [-113.54812, 53.46211], [-113.54839, 53.4616], [-113.54901, 53.46134], [-113.55047, 53.46148], [-113.55174, 53.46089], [-113.55227, 53.45955], [-113.55181, 53.45855], [-113.55204, 53.45751], [-113.55181, 53.45708], [-113.55087, 53.45696], [-113.54797, 53.45813], [-113.54664, 53.45772], [-113.54861, 53.45664], [-113.54847, 53.45539], [-113.55113, 53.45442], [-113.55278, 53.45412], [-113.55928, 53.45414], [-113.55927, 53.45491], [-113.55329, 53.45476], [-113.55334, 53.45614], [-113.55404, 53.45697], [-113.55501, 53.45703], [-113.55462, 53.46019], [-113.55543, 53.46086], [-113.55646, 53.46088], [-113.55596, 53.45964], [-113.5566, 53.45899], [-113.55937, 53.45948], [-113.55924, 53.46305], [-113.55968, 53.46362], [-113.5629, 53.46403], [-113.5634, 53.46494], [-113.56622, 53.46657], [-113.5695, 53.46649], [-113.57087, 53.46603], [-113.57163, 53.46653], [-113.57203, 53.46695], [-113.57211, 53.46805], [-113.57283, 53.46849], [-113.57213, 53.46919], [-113.56914, 53.46897], [-113.56767, 53.46922], [-113.56704, 53.46965], [-113.56654, 53.47137], [-113.5669, 53.47183], [-113.56779, 53.4721], [-113.57173, 53.47145], [-113.57195, 53.47233]]]}}, {"type": "Feature", "properties": {"DAUID": "48112286", "penalty_weekday": 0.7556, "penalty_midday": 0.7684, "penalty_weekend": 0.7755, "penalty_avg": 0.7665}, "geometry": {"type": "Polygon", "coordinates": [[[-113.55462, 53.46019], [-113.55501, 53.45703], [-113.55404, 53.45697], [-113.55334, 53.45614], [-113.55329, 53.45476], [-113.55927, 53.45491], [-113.55946, 53.45713], [-113.56338, 53.45715], [-113.56348, 53.45884], [-113.56063, 53.45883], [-113.55937, 53.45948], [-113.5566, 53.45899], [-113.55596, 53.45964], [-113.55646, 53.46088], [-113.55543, 53.46086], [-113.55462, 53.46019]]]}}, {"type": "Feature", "properties": {"DAUID": "48112287", "penalty_weekday": 0.7582, "penalty_midday": 0.7708, "penalty_weekend": 0.7778, "penalty_avg": 0.769}, "geometry": {"type": "Polygon", "coordinates": [[[-113.55946, 53.45713], [-113.55928, 53.45414], [-113.5656, 53.45414], [-113.56614, 53.45861], [-113.56348, 53.45884], [-113.56332, 53.45709], [-113.55946, 53.45713]]]}}, {"type": "Feature", "properties": {"DAUID": "48112289", "penalty_weekday": 0.5217, "penalty_midday": 0.56, "penalty_weekend": 0.5686, "penalty_avg": 0.5501}, "geometry": {"type": "Polygon", "coordinates": [[[-113.49742, 53.54303], [-113.49743, 53.53884], [-113.50107, 53.53884], [-113.50112, 53.54305], [-113.49742, 53.54303]]]}}, {"type": "Feature", "properties": {"DAUID": "48112290", "penalty_weekday": 0.5417, "penalty_midday": 0.5686, "penalty_weekend": 0.5769, "penalty_avg": 0.5624}, "geometry": {"type": "Polygon", "coordinates": [[[-113.49368, 53.5398], [-113.49539, 53.53873], [-113.49558, 53.53724], [-113.49738, 53.53721], [-113.49742, 53.54303], [-113.49373, 53.54316], [-113.49368, 53.5398]]]}}, {"type": "Feature", "properties": {"DAUID": "48112291", "penalty_weekday": 0.5849, "penalty_midday": 0.6071, "penalty_weekend": 0.6207, "penalty_avg": 0.6042}, "geometry": {"type": "Polygon", "coordinates": [[[-113.49376, 53.53955], [-113.49411, 53.5388], [-113.49378, 53.53844], [-113.49374, 53.5374], [-113.49558, 53.53724], [-113.49539, 53.53873], [-113.49376, 53.53955]]]}}, {"type": "Feature", "properties": {"DAUID": "48112292", "penalty_weekday": 0.614, "penalty_midday": 0.6393, "penalty_weekend": 0.6562, "penalty_avg": 0.6365}, "geometry": {"type": "Polygon", "coordinates": [[[-113.49371, 53.53443], [-113.49736, 53.53405], [-113.49738, 53.53721], [-113.49391, 53.5373], [-113.4941, 53.53664], [-113.49376, 53.53655], [-113.49371, 53.53443]]]}}, {"type": "Feature", "properties": {"DAUID": "48112294", "penalty_weekday": 0.5849, "penalty_midday": 0.6207, "penalty_weekend": 0.6271, "penalty_avg": 0.6109}, "geometry": {"type": "Polygon", "coordinates": [[[-113.50102, 53.54621], [-113.5011, 53.54091], [-113.50472, 53.54091], [-113.50468, 53.54303], [-113.50854, 53.543], [-113.50854, 53.54622], [-113.50102, 53.54621]]]}}, {"type": "Feature", "properties": {"DAUID": "48112295", "penalty_weekday": 0.56, "penalty_midday": 0.5926, "penalty_weekend": 0.6, "penalty_avg": 0.5842}, "geometry": {"type": "Polygon", "coordinates": [[[-113.50468, 53.54303], [-113.50472, 53.54091], [-113.50859, 53.54093], [-113.50854, 53.543], [-113.50468, 53.54303]]]}}, {"type": "Feature", "properties": {"DAUID": "48112316", "penalty_weekday": 0.6071, "penalty_midday": 0.6333, "penalty_weekend": 0.6452, "penalty_avg": 0.6285}, "geometry": {"type": "Polygon", "coordinates": [[[-113.51025, 53.5463], [-113.51025, 53.54092], [-113.51212, 53.54092], [-113.51213, 53.5463], [-113.51025, 53.5463]]]}}, {"type": "Feature", "properties": {"DAUID": "48112317", "penalty_weekday": 0.6071, "penalty_midday": 0.6333, "penalty_weekend": 0.6562, "penalty_avg": 0.6322}, "geometry": {"type": "Polygon", "coordinates": [[[-113.51213, 53.5463], [-113.51212, 53.54092], [-113.51393, 53.54093], [-113.5139, 53.5463], [-113.51213, 53.5463]]]}}, {"type": "Feature", "properties": {"DAUID": "48112321", "penalty_weekday": 0.7381, "penalty_midday": 0.7442, "penalty_weekend": 0.7442, "penalty_avg": 0.7422}, "geometry": {"type": "Polygon", "coordinates": [[[-113.42072, 53.46203], [-113.42075, 53.4594], [-113.4255, 53.45951], [-113.4255, 53.46049], [-113.42368, 53.46141], [-113.42332, 53.46217], [-113.42072, 53.46203]]]}}, {"type": "Feature", "properties": {"DAUID": "48112322", "penalty_weekday": 0.7471, "penalty_midday": 0.7556, "penalty_weekend": 0.7609, "penalty_avg": 0.7545}, "geometry": {"type": "Polygon", "coordinates": [[[-113.42042, 53.4568], [-113.41997, 53.4549], [-113.42429, 53.45433], [-113.42475, 53.45559], [-113.42156, 53.45671], [-113.42042, 53.4568]]]}}, {"type": "Feature", "properties": {"DAUID": "48112324", "penalty_weekday": 0.7528, "penalty_midday": 0.7684, "penalty_weekend": 0.7634, "penalty_avg": 0.7616}, "geometry": {"type": "Polygon", "coordinates": [[[-113.62596, 53.52925], [-113.63032, 53.52865], [-113.63061, 53.53037], [-113.63037, 53.53117], [-113.62823, 53.53448], [-113.62206, 53.53417], [-113.62117, 53.53378], [-113.62095, 53.5331], [-113.62129, 53.53196], [-113.62094, 53.53122], [-113.62596, 53.52925]]]}}, {"type": "Feature", "properties": {"DAUID": "48112325", "penalty_weekday": 0.7556, "penalty_midday": 0.7755, "penalty_weekend": 0.7684, "penalty_avg": 0.7665}, "geometry": {"type": "Polygon", "coordinates": [[[-113.61494, 53.5413], [-113.61518, 53.53173], [-113.61884, 53.53164], [-113.62094, 53.53122], [-113.62129, 53.53196], [-113.62094, 53.53342], [-113.62146, 53.53397], [-113.62823, 53.53448], [-113.62747, 53.53598], [-113.62729, 53.54141], [-113.61494, 53.5413]]]}}, {"type": "Feature", "properties": {"DAUID": "48112334", "penalty_weekday": 0.6452, "penalty_midday": 0.6452, "penalty_weekend": 0.6615, "penalty_avg": 0.6506}, "geometry": {"type": "Polygon", "coordinates": [[[-113.46179, 53.54501], [-113.46099, 53.54328], [-113.46145, 53.54115], [-113.46315, 53.53944], [-113.46489, 53.53858], [-113.47011, 53.53871], [-113.47856, 53.53969], [-113.48181, 53.53952], [-113.48373, 53.53891], [-113.48493, 53.54135], [-113.48249, 53.54256], [-113.47767, 53.54325], [-113.47736, 53.54281], [-113.47497, 53.54304], [-113.4743, 53.54203], [-113.47107, 53.54206], [-113.47212, 53.54371], [-113.46692, 53.54372], [-113.46455, 53.54412], [-113.46446, 53.54448], [-113.46573, 53.54575], [-113.46917, 53.54829], [-113.466, 53.54901], [-113.46368, 53.54709], [-113.46179, 53.54501]]]}}, {"type": "Feature", "properties": {"DAUID": "48112405", "penalty_weekday": 0.7634, "penalty_midday": 0.7732, "penalty_weekend": 0.7944, "penalty_avg": 0.777}, "geometry": {"type": "Polygon", "coordinates": [[[-113.58479, 53.45215], [-113.58494, 53.45], [-113.58669, 53.44997], [-113.58974, 53.45147], [-113.58826, 53.4574], [-113.58206, 53.45554], [-113.58275, 53.45442], [-113.58224, 53.45348], [-113.58479, 53.45215]]]}}, {"type": "Feature", "properties": {"DAUID": "48112406", "penalty_weekday": 0.7684, "penalty_midday": 0.7755, "penalty_weekend": 0.7963, "penalty_avg": 0.7801}, "geometry": {"type": "Polygon", "coordinates": [[[-113.57941, 53.45153], [-113.58325, 53.44952], [-113.58374, 53.44992], [-113.58494, 53.45], [-113.58479, 53.45215], [-113.58224, 53.45348], [-113.57941, 53.45153]]]}}, {"type": "Feature", "properties": {"DAUID": "48112407", "penalty_weekday": 0.78, "penalty_midday": 0.7885, "penalty_weekend": 0.8036, "penalty_avg": 0.7907}, "geometry": {"type": "Polygon", "coordinates": [[[-113.57941, 53.45153], [-113.57773, 53.44994], [-113.57774, 53.44816], [-113.57952, 53.44811], [-113.58158, 53.44691], [-113.58324, 53.44794], [-113.58687, 53.44789], [-113.58742, 53.44847], [-113.58737, 53.44924], [-113.58669, 53.44997], [-113.58399, 53.44999], [-113.58325, 53.44952], [-113.57941, 53.45153]]]}}, {"type": "Feature", "properties": {"DAUID": "48112408", "penalty_weekday": 0.7843, "penalty_midday": 0.7944, "penalty_weekend": 0.807, "penalty_avg": 0.7952}, "geometry": {"type": "Polygon", "coordinates": [[[-113.58586, 53.44788], [-113.58324, 53.44794], [-113.58158, 53.44691], [-113.57952, 53.44811], [-113.57774, 53.44816], [-113.57771, 53.44477], [-113.58591, 53.44469], [-113.58586, 53.44788]]]}}, {"type": "Feature", "properties": {"DAUID": "48112409", "penalty_weekday": 0.78, "penalty_midday": 0.7843, "penalty_weekend": 0.812, "penalty_avg": 0.7921}, "geometry": {"type": "Polygon", "coordinates": [[[-113.58495, 53.44279], [-113.58491, 53.44168], [-113.59011, 53.44168], [-113.59015, 53.44908], [-113.58974, 53.45147], [-113.58669, 53.44997], [-113.58737, 53.44924], [-113.58742, 53.44847], [-113.58687, 53.44789], [-113.58586, 53.44788], [-113.5859, 53.44383], [-113.58495, 53.44279]]]}}, {"type": "Feature", "properties": {"DAUID": "48112410", "penalty_weekday": 0.766, "penalty_midday": 0.7778, "penalty_weekend": 0.7843, "penalty_avg": 0.776}, "geometry": {"type": "Polygon", "coordinates": [[[-113.56934, 53.44464], [-113.57771, 53.44477], [-113.57773, 53.44994], [-113.57941, 53.45153], [-113.58224, 53.45348], [-113.58266, 53.45401], [-113.58265, 53.45484], [-113.58206, 53.45554], [-113.57757, 53.45456], [-113.57348, 53.45418], [-113.57356, 53.4522], [-113.56901, 53.45146], [-113.56843, 53.45112], [-113.56771, 53.44965], [-113.5681, 53.44866], [-113.56929, 53.44756], [-113.56934, 53.44464]]]}}, {"type": "Feature", "properties": {"DAUID": "48112411", "penalty_weekday": 0.75, "penalty_midday": 0.766, "penalty_weekend": 0.7684, "penalty_avg": 0.7615}, "geometry": {"type": "Polygon", "coordinates": [[[-113.5656, 53.45414], [-113.56558, 53.44473], [-113.56934, 53.44464], [-113.5694, 53.44719], [-113.56782, 53.44916], [-113.568, 53.45066], [-113.56901, 53.45146], [-113.57356, 53.4522], [-113.57348, 53.45418], [-113.5656, 53.45414]]]}}, {"type": "Feature", "properties": {"DAUID": "48112413", "penalty_weekday": 0.78, "penalty_midday": 0.7843, "penalty_weekend": 0.812, "penalty_avg": 0.7921}, "geometry": {"type": "Polygon", "coordinates": [[[-113.59044, 53.43663], [-113.58979, 53.43386], [-113.59244, 53.43559], [-113.59536, 53.43806], [-113.59994, 53.44423], [-113.59476, 53.44594], [-113.59272, 53.44709], [-113.59098, 53.44873], [-113.58978, 53.45133], [-113.59015, 53.44908], [-113.59009, 53.43705], [-113.59044, 53.43663]]]}}, {"type": "Feature", "properties": {"DAUID": "48112414", "penalty_weekday": 0.7843, "penalty_midday": 0.7944, "penalty_weekend": 0.807, "penalty_avg": 0.7952}, "geometry": {"type": "Polygon", "coordinates": [[[-113.59011, 53.44168], [-113.58309, 53.44172], [-113.58214, 53.44224], [-113.57981, 53.44068], [-113.58255, 53.43809], [-113.5827, 53.43729], [-113.58216, 53.43651], [-113.58038, 53.43589], [-113.57674, 53.43596], [-113.57507, 53.43504], [-113.58261, 53.43076], [-113.58585, 53.43192], [-113.58979, 53.43386], [-113.59044, 53.43663], [-113.59009, 53.43705], [-113.59011, 53.44168]]]}}, {"type": "Feature", "properties": {"DAUID": "48112416", "penalty_weekday": 0.7778, "penalty_midday": 0.7864, "penalty_weekend": 0.7885, "penalty_avg": 0.7842}, "geometry": {"type": "Polygon", "coordinates": [[[-113.56826, 53.43732], [-113.57152, 53.4363], [-113.57452, 53.44014], [-113.573, 53.4409], [-113.57227, 53.44195], [-113.57221, 53.44266], [-113.56925, 53.44266], [-113.56916, 53.44211], [-113.56785, 53.4421], [-113.56787, 53.4413], [-113.56564, 53.44126], [-113.56603, 53.43899], [-113.56826, 53.43732]]]}}, {"type": "Feature", "properties": {"DAUID": "48112417", "penalty_weekday": 0.7778, "penalty_midday": 0.7864, "penalty_weekend": 0.7885, "penalty_avg": 0.7842}, "geometry": {"type": "Polygon", "coordinates": [[[-113.57771, 53.44477], [-113.56558, 53.44473], [-113.56564, 53.44126], [-113.56787, 53.4413], [-113.56785, 53.4421], [-113.56916, 53.44211], [-113.56925, 53.44266], [-113.57221, 53.44266], [-113.57227, 53.44195], [-113.573, 53.4409], [-113.57452, 53.44014], [-113.57578, 53.44085], [-113.57773, 53.44094], [-113.57771, 53.44477]]]}}, {"type": "Feature", "properties": {"DAUID": "48112465", "penalty_weekday": 0.6333, "penalty_midday": 0.6615, "penalty_weekend": 0.6508, "penalty_avg": 0.6486}, "geometry": {"type": "Polygon", "coordinates": [[[-113.43721, 53.61692], [-113.43399, 53.61818], [-113.43211, 53.61789], [-113.43284, 53.61707], [-113.4328, 53.6159], [-113.44272, 53.61591], [-113.44279, 53.61946], [-113.44009, 53.6193], [-113.44038, 53.61862], [-113.44013, 53.6176], [-113.43887, 53.61702], [-113.43721, 53.61692]]]}}, {"type": "Feature", "properties": {"DAUID": "48112468", "penalty_weekday": 0.6207, "penalty_midday": 0.6333, "penalty_weekend": 0.6452, "penalty_avg": 0.6331}, "geometry": {"type": "Polygon", "coordinates": [[[-113.4107, 53.61573], [-113.4074, 53.61549], [-113.40323, 53.61444], [-113.40383, 53.61434], [-113.40618, 53.612], [-113.41314, 53.60652], [-113.41483, 53.60756], [-113.41485, 53.60818], [-113.41315, 53.60929], [-113.41172, 53.61079], [-113.41115, 53.61173], [-113.41105, 53.61292], [-113.40852, 53.6129], [-113.40726, 53.61232], [-113.40694, 53.61257], [-113.40696, 53.61469], [-113.41091, 53.61462], [-113.4107, 53.61573]]]}}, {"type": "Feature", "properties": {"DAUID": "48112469", "penalty_weekday": 0.5111, "penalty_midday": 0.5417, "penalty_weekend": 0.56, "penalty_avg": 0.5376}, "geometry": {"type": "Polygon", "coordinates": [[[-113.40383, 53.61434], [-113.39869, 53.61433], [-113.39363, 53.61553], [-113.3936, 53.61404], [-113.39457, 53.61405], [-113.39786, 53.61125], [-113.403, 53.60843], [-113.40642, 53.60692], [-113.41261, 53.60697], [-113.40618, 53.612], [-113.40383, 53.61434]]]}}, {"type": "Feature", "properties": {"DAUID": "48112493", "penalty_weekday": 0.7027, "penalty_midday": 0.7027, "penalty_weekend": 0.7027, "penalty_avg": 0.7027}, "geometry": {"type": "Polygon", "coordinates": [[[-113.3465, 53.60688], [-113.32872, 53.60304], [-113.31864, 53.60187], [-113.31231, 53.60185], [-113.30753, 53.60325], [-113.29994, 53.60734], [-113.29729, 53.61044], [-113.29606, 53.61283], [-113.2951, 53.61279], [-113.29503, 53.61176], [-113.29535, 53.61116], [-113.29532, 53.57027], [-113.31777, 53.57031], [-113.3189, 53.57098], [-113.31911, 53.57174], [-113.31969, 53.57196], [-113.32325, 53.57128], [-113.32963, 53.5712], [-113.33234, 53.57033], [-113.34125, 53.57025], [-113.34408, 53.57061], [-113.34471, 53.57134], [-113.34476, 53.57097], [-113.3454, 53.57113], [-113.35101, 53.57024], [-113.34928, 53.57024], [-113.357, 53.56995], [-113.36463, 53.56909], [-113.36848, 53.56944], [-113.37189, 53.57049], [-113.36987, 53.5727], [-113.37089, 53.57296], [-113.36905, 53.57528], [-113.3672, 53.57844], [-113.36646, 53.58034], [-113.36655, 53.58347], [-113.36908, 53.58783], [-113.37058, 53.59134], [-113.37148, 53.59552], [-113.37096, 53.59743], [-113.36948, 53.60017], [-113.36848, 53.60019], [-113.36722, 53.60204], [-113.36578, 53.60345], [-113.36408, 53.60454], [-113.35924, 53.60643], [-113.353, 53.6074], [-113.3465, 53.60688]]]}}, {"type": "Feature", "properties": {"DAUID": "48112498", "penalty_weekday": 0.6667, "penalty_midday": 0.6716, "penalty_weekend": 0.6765, "penalty_avg": 0.6716}, "geometry": {"type": "Polygon", "coordinates": [[[-113.36916, 53.61347], [-113.36848, 53.60019], [-113.3773, 53.59982], [-113.37527, 53.60042], [-113.37022, 53.60573], [-113.37039, 53.60608], [-113.37197, 53.60614], [-113.37663, 53.60764], [-113.37548, 53.60951], [-113.37372, 53.60944], [-113.3733, 53.60858], [-113.37392, 53.60751], [-113.37158, 53.60659], [-113.37001, 53.60687], [-113.36977, 53.60989], [-113.37215, 53.61022], [-113.37188, 53.61168], [-113.37271, 53.61272], [-113.37109, 53.61344], [-113.36916, 53.61347]]]}}, {"type": "Feature", "properties": {"DAUID": "48112501", "penalty_weekday": 0.6667, "penalty_midday": 0.6716, "penalty_weekend": 0.6765, "penalty_avg": 0.6716}, "geometry": {"type": "Polygon", "coordinates": [[[-113.35896, 53.61727], [-113.35744, 53.61564], [-113.35511, 53.61221], [-113.35291, 53.6074], [-113.35924, 53.60643], [-113.36314, 53.60503], [-113.36578, 53.60345], [-113.36722, 53.60204], [-113.36848, 53.60019], [-113.36916, 53.61347], [-113.36833, 53.61369], [-113.36792, 53.61439], [-113.3689, 53.61507], [-113.369, 53.61612], [-113.35896, 53.61727]]]}}, {"type": "Feature", "properties": {"DAUID": "48112515", "penalty_weekday": 0.5686, "penalty_midday": 0.5686, "penalty_weekend": 0.6, "penalty_avg": 0.5791}, "geometry": {"type": "Polygon", "coordinates": [[[-113.47672, 53.54715], [-113.47528, 53.5464], [-113.4753, 53.54545], [-113.47483, 53.54523], [-113.47573, 53.54408], [-113.47793, 53.54381], [-113.47926, 53.54619], [-113.47735, 53.54656], [-113.47672, 53.54715]]]}}, {"type": "Feature", "properties": {"DAUID": "48112516", "penalty_weekday": 0.6071, "penalty_midday": 0.6071, "penalty_weekend": 0.6271, "penalty_avg": 0.6138}, "geometry": {"type": "Polygon", "coordinates": [[[-113.47543, 53.54843], [-113.47443, 53.54723], [-113.47255, 53.54832], [-113.47265, 53.54747], [-113.47024, 53.54372], [-113.47212, 53.54371], [-113.47107, 53.54206], [-113.4743, 53.54203], [-113.47497, 53.54304], [-113.47761, 53.543], [-113.47793, 53.54381], [-113.47573, 53.54408], [-113.47483, 53.54523], [-113.4753, 53.54545], [-113.4754, 53.54653], [-113.47672, 53.54715], [-113.47543, 53.54843]]]}}, {"type": "Feature", "properties": {"DAUID": "48112517", "penalty_weekday": 0.5926, "penalty_midday": 0.6207, "penalty_weekend": 0.6207, "penalty_avg": 0.6113}, "geometry": {"type": "Polygon", "coordinates": [[[-113.48945, 53.55179], [-113.48915, 53.55108], [-113.48589, 53.55163], [-113.48505, 53.54985], [-113.4884, 53.54928], [-113.48815, 53.54873], [-113.48941, 53.54856], [-113.49154, 53.54831], [-113.49177, 53.54879], [-113.49372, 53.54868], [-113.49374, 53.55093], [-113.49131, 53.55106], [-113.49145, 53.55142], [-113.48945, 53.55179]]]}}, {"type": "Feature", "properties": {"DAUID": "48112519", "penalty_weekday": 0.5, "penalty_midday": 0.5417, "penalty_weekend": 0.551, "penalty_avg": 0.5309}, "geometry": {"type": "Polygon", "coordinates": [[[-113.48531, 53.54221], [-113.48792, 53.54134], [-113.49029, 53.54114], [-113.49118, 53.54629], [-113.48733, 53.54673], [-113.48531, 53.54221]]]}}, {"type": "Feature", "properties": {"DAUID": "48112520", "penalty_weekday": 0.5319, "penalty_midday": 0.5686, "penalty_weekend": 0.5769, "penalty_avg": 0.5592}, "geometry": {"type": "Polygon", "coordinates": [[[-113.48201, 53.54362], [-113.48531, 53.54221], [-113.4858, 53.54286], [-113.48733, 53.54673], [-113.48377, 53.54727], [-113.48201, 53.54362]]]}}, {"type": "Feature", "properties": {"DAUID": "48112523", "penalty_weekday": 0.5319, "penalty_midday": 0.56, "penalty_weekend": 0.5686, "penalty_avg": 0.5535}, "geometry": {"type": "Polygon", "coordinates": [[[-113.49029, 53.54114], [-113.48792, 53.54134], [-113.48531, 53.54221], [-113.48373, 53.53891], [-113.48562, 53.53764], [-113.48871, 53.53861], [-113.49012, 53.53778], [-113.4941, 53.53664], [-113.49374, 53.5374], [-113.49378, 53.53844], [-113.49411, 53.5388], [-113.49368, 53.5398], [-113.49371, 53.54439], [-113.49089, 53.54447], [-113.49029, 53.54114]]]}}, {"type": "Feature", "properties": {"DAUID": "48112525", "penalty_weekday": 0.56, "penalty_midday": 0.5686, "penalty_weekend": 0.5849, "penalty_avg": 0.5712}, "geometry": {"type": "Polygon", "coordinates": [[[-113.47974, 53.54704], [-113.47767, 53.54325], [-113.48249, 53.54256], [-113.48493, 53.54135], [-113.48531, 53.54221], [-113.48201, 53.54362], [-113.48337, 53.5464], [-113.47974, 53.54704]]]}}, {"type": "Feature", "properties": {"DAUID": "48112526", "penalty_weekday": 0.5686, "penalty_midday": 0.5686, "penalty_weekend": 0.5769, "penalty_avg": 0.5714}, "geometry": {"type": "Polygon", "coordinates": [[[-113.47312, 53.55166], [-113.47521, 53.5487], [-113.47709, 53.55134], [-113.47483, 53.55187], [-113.47312, 53.55166]]]}}, {"type": "Feature", "properties": {"DAUID": "48112528", "penalty_weekday": 0.6071, "penalty_midday": 0.614, "penalty_weekend": 0.614, "penalty_avg": 0.6117}, "geometry": {"type": "Polygon", "coordinates": [[[-113.47312, 53.55166], [-113.46743, 53.55247], [-113.46733, 53.55079], [-113.466, 53.54901], [-113.46917, 53.54829], [-113.46573, 53.54575], [-113.46443, 53.54424], [-113.46692, 53.54372], [-113.47024, 53.54372], [-113.47265, 53.54747], [-113.47255, 53.54832], [-113.47443, 53.54723], [-113.47543, 53.54843], [-113.47312, 53.55166]]]}}, {"type": "Feature", "properties": {"DAUID": "48112529", "penalty_weekday": 0.4359, "penalty_midday": 0.4359, "penalty_weekend": 0.45, "penalty_avg": 0.4406}, "geometry": {"type": "Polygon", "coordinates": [[[-113.41182, 53.58304], [-113.39365, 53.57863], [-113.39365, 53.57589], [-113.39473, 53.57591], [-113.39475, 53.57741], [-113.39829, 53.57826], [-113.39836, 53.57671], [-113.3999, 53.57671], [-113.39999, 53.5781], [-113.40068, 53.57851], [-113.40231, 53.57858], [-113.40268, 53.57896], [-113.40293, 53.57859], [-113.40449, 53.57859], [-113.40435, 53.57934], [-113.40943, 53.58047], [-113.41026, 53.58021], [-113.41066, 53.57869], [-113.41374, 53.57833], [-113.41372, 53.58125], [-113.41403, 53.58156], [-113.41682, 53.58155], [-113.41681, 53.57996], [-113.41835, 53.57996], [-113.4182, 53.58357], [-113.41508, 53.58352], [-113.41182, 53.58304]]]}}, {"type": "Feature", "properties": {"DAUID": "48112530", "penalty_weekday": 0.0, "penalty_midday": 0.0, "penalty_weekend": 0.0, "penalty_avg": 0.0}, "geometry": {"type": "Polygon", "coordinates": [[[-113.39365, 53.57863], [-113.37447, 53.57385], [-113.36987, 53.5727], [-113.37189, 53.57049], [-113.37899, 53.57293], [-113.38057, 53.57312], [-113.38282, 53.57255], [-113.38602, 53.57086], [-113.38647, 53.57122], [-113.38723, 53.57093], [-113.38842, 53.57246], [-113.38862, 53.57437], [-113.38908, 53.57485], [-113.39372, 53.57508], [-113.39365, 53.57863]]]}}, {"type": "Feature", "properties": {"DAUID": "48112531", "penalty_weekday": 0.6857, "penalty_midday": 0.7105, "penalty_weekend": 0.7381, "penalty_avg": 0.7114}, "geometry": {"type": "Polygon", "coordinates": [[[-113.46744, 53.52194], [-113.46743, 53.52004], [-113.47017, 53.52004], [-113.47015, 53.51803], [-113.47445, 53.51812], [-113.47574, 53.51949], [-113.47512, 53.51991], [-113.47639, 53.52171], [-113.47822, 53.52335], [-113.47838, 53.52423], [-113.47758, 53.52583], [-113.47785, 53.52652], [-113.48107, 53.52986], [-113.4834, 53.53108], [-113.48383, 53.53278], [-113.48253, 53.53407], [-113.48079, 53.53306], [-113.47581, 53.53302], [-113.47297, 53.53231], [-113.47308, 53.52193], [-113.46744, 53.52194]]]}}, {"type": "Feature", "properties": {"DAUID": "48112533", "penalty_weekday": 0.6667, "penalty_midday": 0.6857, "penalty_weekend": 0.7105, "penalty_avg": 0.6876}, "geometry": {"type": "Polygon", "coordinates": [[[-113.47574, 53.51949], [-113.47445, 53.51812], [-113.47669, 53.51803], [-113.47668, 53.51995], [-113.47971, 53.51998], [-113.47942, 53.52446], [-113.48277, 53.52446], [-113.48275, 53.52637], [-113.48609, 53.52636], [-113.48606, 53.52723], [-113.48539, 53.52827], [-113.48994, 53.52837], [-113.48904, 53.52912], [-113.48821, 53.53048], [-113.48656, 53.53682], [-113.48562, 53.53764], [-113.48437, 53.537], [-113.48253, 53.53407], [-113.48383, 53.53278], [-113.4834, 53.53108], [-113.48107, 53.52986], [-113.47785, 53.52652], [-113.47758, 53.52583], [-113.47838, 53.52423], [-113.47822, 53.52335], [-113.47639, 53.52171], [-113.47512, 53.51991], [-113.47574, 53.51949]]]}}, {"type": "Feature", "properties": {"DAUID": "48112534", "penalty_weekday": 0.7412, "penalty_midday": 0.7556, "penalty_weekend": 0.7732, "penalty_avg": 0.7566}, "geometry": {"type": "Polygon", "coordinates": [[[-113.36367, 53.4826], [-113.3591, 53.47609], [-113.36183, 53.47613], [-113.36643, 53.47709], [-113.36852, 53.4772], [-113.36877, 53.48219], [-113.36367, 53.4826]]]}}, {"type": "Feature", "properties": {"DAUID": "48112535", "penalty_weekday": 0.7864, "penalty_midday": 0.7944, "penalty_weekend": 0.7885, "penalty_avg": 0.7898}, "geometry": {"type": "Polygon", "coordinates": [[[-113.34446, 53.45652], [-113.3472, 53.45922], [-113.35197, 53.46594], [-113.34933, 53.46664], [-113.35006, 53.46857], [-113.34906, 53.47205], [-113.34917, 53.4733], [-113.34955, 53.47391], [-113.3513, 53.4753], [-113.3534, 53.476], [-113.35457, 53.47626], [-113.3591, 53.47609], [-113.36367, 53.4826], [-113.35688, 53.483], [-113.3569, 53.48234], [-113.3477, 53.48197], [-113.34601, 53.48136], [-113.34432, 53.48019], [-113.34428, 53.47692], [-113.34502, 53.46977], [-113.34522, 53.46129], [-113.34446, 53.45652]]]}}, {"type": "Feature", "properties": {"DAUID": "48112536", "penalty_weekday": 0.7609, "penalty_midday": 0.7684, "penalty_weekend": 0.7843, "penalty_avg": 0.7712}, "geometry": {"type": "Polygon", "coordinates": [[[-113.36329, 53.46946], [-113.36381, 53.46822], [-113.36882, 53.46826], [-113.36852, 53.4772], [-113.36461, 53.47669], [-113.36543, 53.47567], [-113.36538, 53.47329], [-113.36491, 53.4721], [-113.36339, 53.47009], [-113.36329, 53.46946]]]}}, {"type": "Feature", "properties": {"DAUID": "48112537", "penalty_weekday": 0.7732, "penalty_midday": 0.7822, "penalty_weekend": 0.7905, "penalty_avg": 0.782}, "geometry": {"type": "Polygon", "coordinates": [[[-113.3591, 53.47609], [-113.35352, 53.46813], [-113.36381, 53.46822], [-113.3633, 53.46974], [-113.36531, 53.47298], [-113.36536, 53.47587], [-113.36461, 53.47669], [-113.36183, 53.47613], [-113.3591, 53.47609]]]}}, {"type": "Feature", "properties": {"DAUID": "48112538", "penalty_weekday": 0.7905, "penalty_midday": 0.7982, "penalty_weekend": 0.8, "penalty_avg": 0.7962}, "geometry": {"type": "Polygon", "coordinates": [[[-113.34933, 53.46664], [-113.35197, 53.46594], [-113.3591, 53.47609], [-113.35457, 53.47626], [-113.35229, 53.47568], [-113.35033, 53.47473], [-113.34909, 53.47298], [-113.34906, 53.47205], [-113.35006, 53.46857], [-113.34933, 53.46664]]]}}, {"type": "Feature", "properties": {"DAUID": "48112539", "penalty_weekday": 0.7885, "penalty_midday": 0.7905, "penalty_weekend": 0.8036, "penalty_avg": 0.7942}, "geometry": {"type": "Polygon", "coordinates": [[[-113.36882, 53.46826], [-113.35352, 53.46813], [-113.3472, 53.45922], [-113.34447, 53.45645], [-113.34434, 53.45389], [-113.35382, 53.45398], [-113.35559, 53.45485], [-113.35583, 53.45565], [-113.35702, 53.45557], [-113.35746, 53.4562], [-113.35714, 53.45658], [-113.35816, 53.45714], [-113.35797, 53.45755], [-113.3585, 53.45746], [-113.35926, 53.45829], [-113.3594, 53.4587], [-113.35903, 53.45898], [-113.35982, 53.45912], [-113.35962, 53.45965], [-113.36016, 53.4598], [-113.36054, 53.46108], [-113.36215, 53.46295], [-113.36324, 53.4634], [-113.36351, 53.46401], [-113.36462, 53.4647], [-113.36581, 53.46508], [-113.36576, 53.46532], [-113.36884, 53.4654], [-113.36882, 53.46826]]]}}, {"type": "Feature", "properties": {"DAUID": "48112540", "penalty_weekday": 0.7317, "penalty_midday": 0.7582, "penalty_weekend": 0.7905, "penalty_avg": 0.7601}, "geometry": {"type": "Polygon", "coordinates": [[[-113.37011, 53.51616], [-113.36929, 53.51557], [-113.36927, 53.51725], [-113.35529, 53.5149], [-113.3566, 53.51375], [-113.36043, 53.51231], [-113.35671, 53.51271], [-113.35496, 53.51401], [-113.35305, 53.51452], [-113.34842, 53.51375], [-113.34905, 53.51364], [-113.3465, 53.51187], [-113.34671, 53.51159], [-113.34537, 53.50951], [-113.34532, 53.50034], [-113.34422, 53.49005], [-113.34422, 53.48661], [-113.34635, 53.48473], [-113.34842, 53.48395], [-113.35684, 53.4838], [-113.35688, 53.483], [-113.36697, 53.48223], [-113.37119, 53.48224], [-113.37579, 53.48284], [-113.3879, 53.48625], [-113.39367, 53.48729], [-113.39387, 53.51715], [-113.376, 53.51769], [-113.37011, 53.51616]], [[-113.36899, 53.49759], [-113.35701, 53.49751], [-113.35695, 53.50661], [-113.35843, 53.50657], [-113.3596, 53.50572], [-113.36922, 53.50567], [-113.36899, 53.49759]]]}}, {"type": "Feature", "properties": {"DAUID": "48112541", "penalty_weekday": 0.7412, "penalty_midday": 0.766, "penalty_weekend": 0.7982, "penalty_avg": 0.7684}, "geometry": {"type": "Polygon", "coordinates": [[[-113.36922, 53.50567], [-113.3596, 53.50572], [-113.35843, 53.50657], [-113.35695, 53.50661], [-113.35698, 53.50227], [-113.35961, 53.50225], [-113.3596, 53.50258], [-113.35766, 53.50266], [-113.35766, 53.5053], [-113.35892, 53.50548], [-113.36092, 53.50377], [-113.36104, 53.50322], [-113.3656, 53.50282], [-113.36925, 53.50305], [-113.36922, 53.50567]]]}}, {"type": "Feature", "properties": {"DAUID": "48112542", "penalty_weekday": 0.7556, "penalty_midday": 0.7755, "penalty_weekend": 0.7944, "penalty_avg": 0.7752}, "geometry": {"type": "Polygon", "coordinates": [[[-113.35698, 53.50227], [-113.35701, 53.49751], [-113.36899, 53.49759], [-113.3692, 53.49962], [-113.36722, 53.49963], [-113.36589, 53.49928], [-113.36617, 53.49802], [-113.36456, 53.49795], [-113.36478, 53.4991], [-113.36135, 53.49912], [-113.35983, 53.49959], [-113.35967, 53.49996], [-113.35772, 53.49995], [-113.35771, 53.50181], [-113.35961, 53.50192], [-113.35961, 53.50225], [-113.35698, 53.50227]]]}}, {"type": "Feature", "properties": {"DAUID": "48112543", "penalty_weekday": 0.7684, "penalty_midday": 0.7708, "penalty_weekend": 0.7778, "penalty_avg": 0.7723}, "geometry": {"type": "Polygon", "coordinates": [[[-113.4481, 53.45845], [-113.43419, 53.45835], [-113.43454, 53.45368], [-113.44032, 53.45374], [-113.44812, 53.45334], [-113.4481, 53.45845]]]}}, {"type": "Feature", "properties": {"DAUID": "48112544", "penalty_weekday": 0.7317, "penalty_midday": 0.7442, "penalty_weekend": 0.7471, "penalty_avg": 0.741}, "geometry": {"type": "Polygon", "coordinates": [[[-113.43419, 53.45835], [-113.43106, 53.45842], [-113.4255, 53.45951], [-113.42075, 53.4594], [-113.42042, 53.4568], [-113.42156, 53.45671], [-113.42475, 53.45559], [-113.42429, 53.45433], [-113.43007, 53.45367], [-113.43454, 53.45368], [-113.43419, 53.45835]]]}}, {"type": "Feature", "properties": {"DAUID": "48112545", "penalty_weekday": 0.7822, "penalty_midday": 0.7944, "penalty_weekend": 0.7778, "penalty_avg": 0.7848}, "geometry": {"type": "Polygon", "coordinates": [[[-113.38671, 53.48594], [-113.38094, 53.48418], [-113.38118, 53.48109], [-113.38376, 53.4816], [-113.38375, 53.4831], [-113.38407, 53.48355], [-113.38625, 53.48465], [-113.38866, 53.48518], [-113.39111, 53.48491], [-113.39228, 53.48413], [-113.3926, 53.48306], [-113.39357, 53.48307], [-113.39367, 53.48729], [-113.38671, 53.48594]]]}}, {"type": "Feature", "properties": {"DAUID": "48112546", "penalty_weekday": 0.7609, "penalty_midday": 0.7755, "penalty_weekend": 0.766, "penalty_avg": 0.7674}, "geometry": {"type": "Polygon", "coordinates": [[[-113.36877, 53.48219], [-113.36852, 53.4772], [-113.37592, 53.47716], [-113.37596, 53.47908], [-113.37634, 53.47957], [-113.38118, 53.48109], [-113.38094, 53.48418], [-113.37403, 53.48252], [-113.36877, 53.48219]]]}}, {"type": "Feature", "properties": {"DAUID": "48112550", "penalty_weekday": 0.7708, "penalty_midday": 0.7925, "penalty_weekend": 0.766, "penalty_avg": 0.7764}, "geometry": {"type": "Polygon", "coordinates": [[[-113.38625, 53.48465], [-113.38387, 53.48334], [-113.38376, 53.4816], [-113.38625, 53.48129], [-113.38783, 53.48017], [-113.39355, 53.48044], [-113.39357, 53.48307], [-113.3926, 53.48306], [-113.39228, 53.48413], [-113.39153, 53.48471], [-113.38948, 53.48523], [-113.38625, 53.48465]]]}}, {"type": "Feature", "properties": {"DAUID": "48112551", "penalty_weekday": 0.78, "penalty_midday": 0.7925, "penalty_weekend": 0.7778, "penalty_avg": 0.7834}, "geometry": {"type": "Polygon", "coordinates": [[[-113.38104, 53.47588], [-113.3853, 53.47405], [-113.38633, 53.47492], [-113.38667, 53.47696], [-113.38799, 53.47885], [-113.38783, 53.48017], [-113.38673, 53.4811], [-113.38506, 53.48158], [-113.38332, 53.48157], [-113.38118, 53.48109], [-113.38104, 53.47588]]]}}, {"type": "Feature", "properties": {"DAUID": "48112552", "penalty_weekday": 0.7778, "penalty_midday": 0.7905, "penalty_weekend": 0.7778, "penalty_avg": 0.782}, "geometry": {"type": "Polygon", "coordinates": [[[-113.38104, 53.47588], [-113.38113, 53.47228], [-113.38703, 53.47224], [-113.38758, 53.47341], [-113.38552, 53.47396], [-113.38104, 53.47588]]]}}, {"type": "Feature", "properties": {"DAUID": "48112553", "penalty_weekday": 0.78, "penalty_midday": 0.7864, "penalty_weekend": 0.7843, "penalty_avg": 0.7836}, "geometry": {"type": "Polygon", "coordinates": [[[-113.37662, 53.47408], [-113.37651, 53.47296], [-113.38113, 53.47228], [-113.38104, 53.47588], [-113.37825, 53.47676], [-113.37662, 53.47408]]]}}, {"type": "Feature", "properties": {"DAUID": "48112554", "penalty_weekday": 0.7822, "penalty_midday": 0.7963, "penalty_weekend": 0.7944, "penalty_avg": 0.791}, "geometry": {"type": "Polygon", "coordinates": [[[-113.38113, 53.47228], [-113.3813, 53.46595], [-113.38302, 53.46538], [-113.38457, 53.46381], [-113.3885, 53.46401], [-113.39078, 53.46468], [-113.39168, 53.46529], [-113.3938, 53.46572], [-113.39374, 53.46768], [-113.3892, 53.46762], [-113.38783, 53.46611], [-113.38484, 53.46749], [-113.38535, 53.46943], [-113.38272, 53.47058], [-113.38242, 53.47225], [-113.38113, 53.47228]]]}}, {"type": "Feature", "properties": {"DAUID": "48112555", "penalty_weekday": 0.7778, "penalty_midday": 0.7864, "penalty_weekend": 0.7864, "penalty_avg": 0.7835}, "geometry": {"type": "Polygon", "coordinates": [[[-113.37155, 53.46985], [-113.37203, 53.46849], [-113.38123, 53.46842], [-113.38113, 53.47228], [-113.37651, 53.47296], [-113.37174, 53.47245], [-113.37155, 53.46985]]]}}, {"type": "Feature", "properties": {"DAUID": "48112556", "penalty_weekday": 0.7708, "penalty_midday": 0.7778, "penalty_weekend": 0.7963, "penalty_avg": 0.7816}, "geometry": {"type": "Polygon", "coordinates": [[[-113.36881, 53.47246], [-113.36884, 53.4654], [-113.3703, 53.46557], [-113.37595, 53.46523], [-113.37713, 53.46553], [-113.3775, 53.46585], [-113.37739, 53.4666], [-113.37866, 53.46711], [-113.3813, 53.46595], [-113.38127, 53.46842], [-113.37203, 53.46849], [-113.37155, 53.46985], [-113.37174, 53.47245], [-113.36881, 53.47246]]]}}, {"type": "Feature", "properties": {"DAUID": "48112557", "penalty_weekday": 0.78, "penalty_midday": 0.7885, "penalty_weekend": 0.7885, "penalty_avg": 0.7856}, "geometry": {"type": "Polygon", "coordinates": [[[-113.38741, 53.46382], [-113.38457, 53.46381], [-113.38302, 53.46538], [-113.3813, 53.46595], [-113.38183, 53.45711], [-113.38487, 53.45711], [-113.38615, 53.45754], [-113.38654, 53.4584], [-113.38602, 53.45935], [-113.38597, 53.46059], [-113.38658, 53.46203], [-113.38779, 53.46265], [-113.39085, 53.46339], [-113.39382, 53.46354], [-113.3938, 53.46572], [-113.38741, 53.46382]]]}}, {"type": "Feature", "properties": {"DAUID": "48112558", "penalty_weekday": 0.7778, "penalty_midday": 0.7843, "penalty_weekend": 0.7905, "penalty_avg": 0.7842}, "geometry": {"type": "Polygon", "coordinates": [[[-113.37866, 53.46711], [-113.37739, 53.4666], [-113.3775, 53.46585], [-113.37713, 53.46553], [-113.37595, 53.46523], [-113.3703, 53.46557], [-113.36884, 53.4654], [-113.36884, 53.46346], [-113.37331, 53.46351], [-113.37574, 53.4639], [-113.37685, 53.46365], [-113.37762, 53.46277], [-113.37764, 53.45977], [-113.37689, 53.45854], [-113.377, 53.45783], [-113.37811, 53.45715], [-113.38183, 53.45711], [-113.3813, 53.46595], [-113.37866, 53.46711]]]}}, {"type": "Feature", "properties": {"DAUID": "48112559", "penalty_weekday": 0.78, "penalty_midday": 0.78, "penalty_weekend": 0.7925, "penalty_avg": 0.7842}, "geometry": {"type": "Polygon", "coordinates": [[[-113.36884, 53.46346], [-113.369, 53.45398], [-113.37789, 53.45411], [-113.37811, 53.45715], [-113.37719, 53.4576], [-113.37685, 53.45834], [-113.37764, 53.45977], [-113.37762, 53.46277], [-113.37707, 53.46354], [-113.37574, 53.4639], [-113.37331, 53.46351], [-113.36884, 53.46346]]]}}, {"type": "Feature", "properties": {"DAUID": "48112560", "penalty_weekday": 0.7822, "penalty_midday": 0.7822, "penalty_weekend": 0.7963, "penalty_avg": 0.7869}, "geometry": {"type": "Polygon", "coordinates": [[[-113.36884, 53.4654], [-113.36576, 53.46532], [-113.36581, 53.46508], [-113.36515, 53.46501], [-113.36351, 53.46401], [-113.36324, 53.4634], [-113.36215, 53.46295], [-113.36054, 53.46108], [-113.36016, 53.4598], [-113.35962, 53.45965], [-113.35982, 53.45912], [-113.35903, 53.45898], [-113.3594, 53.4587], [-113.35926, 53.45829], [-113.3585, 53.45746], [-113.35797, 53.45755], [-113.35816, 53.45714], [-113.35714, 53.45658], [-113.35746, 53.4562], [-113.35702, 53.45557], [-113.35583, 53.45565], [-113.35559, 53.45485], [-113.35382, 53.45398], [-113.369, 53.45398], [-113.36884, 53.4654]]]}}, {"type": "Feature", "properties": {"DAUID": "48112561", "penalty_weekday": 0.7864, "penalty_midday": 0.7944, "penalty_weekend": 0.7963, "penalty_avg": 0.7924}, "geometry": {"type": "Polygon", "coordinates": [[[-113.38183, 53.45711], [-113.382, 53.4541], [-113.39376, 53.45388], [-113.39382, 53.46354], [-113.39085, 53.46339], [-113.38705, 53.46235], [-113.38601, 53.46096], [-113.38602, 53.45935], [-113.38654, 53.4584], [-113.38627, 53.45765], [-113.38487, 53.45711], [-113.38183, 53.45711]]]}}, {"type": "Feature", "properties": {"DAUID": "48112562", "penalty_weekday": 0.7778, "penalty_midday": 0.78, "penalty_weekend": 0.7905, "penalty_avg": 0.7828}, "geometry": {"type": "Polygon", "coordinates": [[[-113.37811, 53.45715], [-113.37789, 53.45411], [-113.382, 53.4541], [-113.38183, 53.45711], [-113.37811, 53.45715]]]}}, {"type": "Feature", "properties": {"DAUID": "48112563", "penalty_weekday": 0.7843, "penalty_midday": 0.7905, "penalty_weekend": 0.8, "penalty_avg": 0.7916}, "geometry": {"type": "Polygon", "coordinates": [[[-113.3816, 53.44072], [-113.38145, 53.43601], [-113.3943, 53.43569], [-113.3942, 53.43743], [-113.3936, 53.43939], [-113.39397, 53.4425], [-113.39376, 53.45388], [-113.38647, 53.45403], [-113.38649, 53.45116], [-113.38787, 53.44912], [-113.38777, 53.4416], [-113.38724, 53.44099], [-113.38618, 53.44066], [-113.3816, 53.44072]]]}}, {"type": "Feature", "properties": {"DAUID": "48112564", "penalty_weekday": 0.7944, "penalty_midday": 0.7982, "penalty_weekend": 0.807, "penalty_avg": 0.7999}, "geometry": {"type": "Polygon", "coordinates": [[[-113.382, 53.4541], [-113.3816, 53.44072], [-113.38694, 53.44085], [-113.38765, 53.44129], [-113.38793, 53.44365], [-113.38787, 53.44912], [-113.38649, 53.45116], [-113.38647, 53.45403], [-113.382, 53.4541]]]}}, {"type": "Feature", "properties": {"DAUID": "48112565", "penalty_weekday": 0.7925, "penalty_midday": 0.7963, "penalty_weekend": 0.8053, "penalty_avg": 0.798}, "geometry": {"type": "Polygon", "coordinates": [[[-113.37722, 53.44106], [-113.3816, 53.44072], [-113.382, 53.4541], [-113.37789, 53.45411], [-113.37768, 53.45182], [-113.37543, 53.44951], [-113.37508, 53.44291], [-113.3756, 53.44195], [-113.37722, 53.44106]]]}}, {"type": "Feature", "properties": {"DAUID": "48112566", "penalty_weekday": 0.7843, "penalty_midday": 0.7864, "penalty_weekend": 0.8, "penalty_avg": 0.7902}, "geometry": {"type": "Polygon", "coordinates": [[[-113.369, 53.45398], [-113.36907, 53.43868], [-113.37425, 53.43719], [-113.38145, 53.43601], [-113.3816, 53.44072], [-113.37691, 53.44117], [-113.3756, 53.44195], [-113.37508, 53.44291], [-113.3752, 53.44888], [-113.37581, 53.44998], [-113.37671, 53.45058], [-113.37768, 53.45182], [-113.37789, 53.45411], [-113.369, 53.45398]]]}}, {"type": "Feature", "properties": {"DAUID": "48112567", "penalty_weekday": 0.8053, "penalty_midday": 0.807, "penalty_weekend": null, "penalty_avg": 0.8062}, "geometry": {"type": "Polygon", "coordinates": [[[-113.35693, 53.4429], [-113.36907, 53.43868], [-113.369, 53.45398], [-113.34492, 53.45392], [-113.346, 53.45158], [-113.34906, 53.44784], [-113.35188, 53.44553], [-113.35693, 53.4429]]]}}, {"type": "Feature", "properties": {"DAUID": "48112568", "penalty_weekday": 0.7843, "penalty_midday": 0.7905, "penalty_weekend": 0.8018, "penalty_avg": 0.7922}, "geometry": {"type": "Polygon", "coordinates": [[[-113.34459, 53.45092], [-113.34451, 53.42491], [-113.41796, 53.42479], [-113.41797, 53.42964], [-113.41773, 53.43064], [-113.41794, 53.43575], [-113.38565, 53.43572], [-113.38007, 53.43617], [-113.37352, 53.43736], [-113.35833, 53.44235], [-113.35266, 53.44504], [-113.34795, 53.44896], [-113.34628, 53.45111], [-113.34492, 53.45392], [-113.34434, 53.45389], [-113.34459, 53.45092]]]}}, {"type": "Feature", "properties": {"DAUID": "48112578", "penalty_weekday": 0.766, "penalty_midday": 0.7708, "penalty_weekend": 0.7684, "penalty_avg": 0.7684}, "geometry": {"type": "Polygon", "coordinates": [[[-113.43609, 53.43902], [-113.43371, 53.43822], [-113.43367, 53.43944], [-113.43229, 53.4392], [-113.43217, 53.43825], [-113.42757, 53.43825], [-113.42752, 53.43876], [-113.42839, 53.43967], [-113.42857, 53.44046], [-113.42589, 53.44046], [-113.42587, 53.43828], [-113.42188, 53.43866], [-113.42078, 53.43912], [-113.42033, 53.43977], [-113.42105, 53.44241], [-113.41848, 53.44244], [-113.41794, 53.43575], [-113.44139, 53.43578], [-113.43941, 53.44159], [-113.43767, 53.44128], [-113.43771, 53.43988], [-113.43613, 53.43947], [-113.43609, 53.43902]]]}}, {"type": "Feature", "properties": {"DAUID": "48112582", "penalty_weekday": 0.766, "penalty_midday": 0.7708, "penalty_weekend": 0.7684, "penalty_avg": 0.7684}, "geometry": {"type": "Polygon", "coordinates": [[[-113.41794, 53.43575], [-113.4179, 53.42863], [-113.42459, 53.42852], [-113.42686, 53.42997], [-113.42932, 53.43051], [-113.43435, 53.43001], [-113.43573, 53.42956], [-113.43652, 53.42873], [-113.43626, 53.42498], [-113.44256, 53.42498], [-113.44253, 53.43158], [-113.44139, 53.43578], [-113.41794, 53.43575]]]}}, {"type": "Feature", "properties": {"DAUID": "48112583", "penalty_weekday": 0.7925, "penalty_midday": 0.7905, "penalty_weekend": 0.812, "penalty_avg": 0.7983}, "geometry": {"type": "Polygon", "coordinates": [[[-113.44253, 53.43158], [-113.44256, 53.42498], [-113.45541, 53.42501], [-113.45562, 53.42592], [-113.46066, 53.4297], [-113.46259, 53.43013], [-113.46821, 53.42982], [-113.46976, 53.43035], [-113.46834, 53.43129], [-113.46734, 53.43261], [-113.46665, 53.43758], [-113.45884, 53.43716], [-113.44665, 53.43593], [-113.44139, 53.43578], [-113.44253, 53.43158]]]}}, {"type": "Feature", "properties": {"DAUID": "48112584", "penalty_weekday": 0.7925, "penalty_midday": 0.7905, "penalty_weekend": 0.812, "penalty_avg": 0.7983}, "geometry": {"type": "Polygon", "coordinates": [[[-113.45534, 53.42553], [-113.45541, 53.42501], [-113.4629, 53.42501], [-113.46264, 53.42718], [-113.46652, 53.42722], [-113.46755, 53.42759], [-113.4673, 53.42982], [-113.46259, 53.43013], [-113.46066, 53.4297], [-113.45534, 53.42553]]]}}, {"type": "Feature", "properties": {"DAUID": "48112593", "penalty_weekday": 0.75, "penalty_midday": 0.7609, "penalty_weekend": 0.766, "penalty_avg": 0.7589}, "geometry": {"type": "Polygon", "coordinates": [[[-113.48933, 53.43754], [-113.49271, 53.42479], [-113.49752, 53.42493], [-113.49744, 53.427], [-113.49805, 53.427], [-113.49879, 53.42807], [-113.50282, 53.42878], [-113.50411, 53.42979], [-113.50411, 53.42929], [-113.51648, 53.42945], [-113.5171, 53.43091], [-113.51908, 53.43324], [-113.51945, 53.43465], [-113.51944, 53.43488], [-113.50917, 53.4352], [-113.48933, 53.43754]]]}}, {"type": "Feature", "properties": {"DAUID": "48112595", "penalty_weekday": 0.7556, "penalty_midday": 0.7684, "penalty_weekend": 0.7843, "penalty_avg": 0.7694}, "geometry": {"type": "Polygon", "coordinates": [[[-113.49179, 53.45245], [-113.49175, 53.44218], [-113.49498, 53.44211], [-113.49593, 53.44182], [-113.49797, 53.4421], [-113.49753, 53.44252], [-113.49602, 53.44231], [-113.49453, 53.44276], [-113.49457, 53.44396], [-113.49731, 53.44378], [-113.49779, 53.44436], [-113.49666, 53.44472], [-113.49446, 53.44473], [-113.49433, 53.44624], [-113.49758, 53.44627], [-113.49926, 53.44561], [-113.5002, 53.44708], [-113.49466, 53.44731], [-113.49432, 53.44769], [-113.49423, 53.45031], [-113.49466, 53.45126], [-113.49179, 53.45245]]]}}, {"type": "Feature", "properties": {"DAUID": "48112596", "penalty_weekday": 0.7528, "penalty_midday": 0.7634, "penalty_weekend": 0.766, "penalty_avg": 0.7607}, "geometry": {"type": "Polygon", "coordinates": [[[-113.50199, 53.43984], [-113.4985, 53.43986], [-113.49848, 53.4406], [-113.49899, 53.44154], [-113.49797, 53.4421], [-113.49593, 53.44182], [-113.49498, 53.44211], [-113.49175, 53.44218], [-113.48933, 53.43754], [-113.50774, 53.43535], [-113.50899, 53.43653], [-113.50837, 53.4367], [-113.50837, 53.43694], [-113.50992, 53.43827], [-113.50958, 53.43946], [-113.50842, 53.44027], [-113.50886, 53.44074], [-113.51045, 53.44096], [-113.50984, 53.44208], [-113.50992, 53.4425], [-113.50761, 53.44392], [-113.50575, 53.44247], [-113.50185, 53.44156], [-113.5021, 53.44109], [-113.50199, 53.43984]]]}}, {"type": "Feature", "properties": {"DAUID": "48112599", "penalty_weekday": 0.7381, "penalty_midday": 0.75, "penalty_weekend": 0.7684, "penalty_avg": 0.7522}, "geometry": {"type": "Polygon", "coordinates": [[[-113.49179, 53.45245], [-113.49466, 53.45126], [-113.49507, 53.45172], [-113.4974, 53.45045], [-113.5003, 53.4502], [-113.50143, 53.45175], [-113.5015, 53.45404], [-113.49172, 53.45429], [-113.49179, 53.45245]]]}}, {"type": "Feature", "properties": {"DAUID": "48112600", "penalty_weekday": 0.7412, "penalty_midday": 0.7471, "penalty_weekend": 0.7609, "penalty_avg": 0.7497}, "geometry": {"type": "Polygon", "coordinates": [[[-113.50999, 53.44801], [-113.50423, 53.4477], [-113.50427, 53.44648], [-113.50694, 53.44488], [-113.50793, 53.4448], [-113.50761, 53.44392], [-113.51053, 53.44223], [-113.511, 53.44249], [-113.51081, 53.44338], [-113.51207, 53.44304], [-113.51262, 53.44395], [-113.51228, 53.44466], [-113.51393, 53.44549], [-113.51415, 53.4461], [-113.51505, 53.4461], [-113.51565, 53.44504], [-113.51668, 53.44534], [-113.51611, 53.44692], [-113.51608, 53.44881], [-113.51363, 53.44878], [-113.50999, 53.44801]]]}}, {"type": "Feature", "properties": {"DAUID": "48112624", "penalty_weekday": 0.7843, "penalty_midday": 0.7944, "penalty_weekend": 0.807, "penalty_avg": 0.7952}, "geometry": {"type": "Polygon", "coordinates": [[[-113.58591, 53.44469], [-113.57766, 53.4447], [-113.57775, 53.44306], [-113.58064, 53.44308], [-113.58324, 53.44167], [-113.58491, 53.44168], [-113.5849, 53.4427], [-113.58586, 53.44369], [-113.58591, 53.44469]]]}}, {"type": "Feature", "properties": {"DAUID": "48112625", "penalty_weekday": 0.7864, "penalty_midday": 0.7963, "penalty_weekend": 0.8053, "penalty_avg": 0.796}, "geometry": {"type": "Polygon", "coordinates": [[[-113.57775, 53.44306], [-113.57773, 53.44094], [-113.57981, 53.44068], [-113.58214, 53.44224], [-113.58064, 53.44308], [-113.57775, 53.44306]]]}}, {"type": "Feature", "properties": {"DAUID": "48112626", "penalty_weekday": 0.7778, "penalty_midday": 0.7864, "penalty_weekend": 0.7885, "penalty_avg": 0.7842}, "geometry": {"type": "Polygon", "coordinates": [[[-113.57773, 53.44094], [-113.57785, 53.43605], [-113.58082, 53.43595], [-113.58242, 53.43675], [-113.58272, 53.4375], [-113.58255, 53.43809], [-113.58054, 53.44026], [-113.57948, 53.4408], [-113.57773, 53.44094]]]}}, {"type": "Feature", "properties": {"DAUID": "48112627", "penalty_weekday": 0.7778, "penalty_midday": 0.7864, "penalty_weekend": 0.7885, "penalty_avg": 0.7842}, "geometry": {"type": "Polygon", "coordinates": [[[-113.57152, 53.4363], [-113.57507, 53.43504], [-113.57638, 53.43586], [-113.57785, 53.43605], [-113.57773, 53.44094], [-113.57578, 53.44085], [-113.5747, 53.44034], [-113.57152, 53.4363]]]}}, {"type": "Feature", "properties": {"DAUID": "48112628", "penalty_weekday": 0.7609, "penalty_midday": 0.78, "penalty_weekend": 0.78, "penalty_avg": 0.7736}, "geometry": {"type": "Polygon", "coordinates": [[[-113.5523, 53.45416], [-113.54847, 53.45539], [-113.54757, 53.45487], [-113.54696, 53.45489], [-113.54615, 53.45364], [-113.54719, 53.45294], [-113.54725, 53.45245], [-113.54577, 53.45239], [-113.5439, 53.45151], [-113.54352, 53.45102], [-113.54467, 53.45012], [-113.54575, 53.45006], [-113.5464, 53.44926], [-113.54652, 53.44875], [-113.54541, 53.44736], [-113.5481, 53.4464], [-113.54881, 53.44506], [-113.54879, 53.44455], [-113.54833, 53.44428], [-113.55124, 53.44269], [-113.55628, 53.4425], [-113.55666, 53.4434], [-113.55743, 53.44407], [-113.55423, 53.44561], [-113.5535, 53.44633], [-113.55348, 53.44864], [-113.55462, 53.44983], [-113.55817, 53.45023], [-113.56257, 53.44924], [-113.56566, 53.44921], [-113.5656, 53.45414], [-113.5523, 53.45416]]]}}, {"type": "Feature", "properties": {"DAUID": "48112629", "penalty_weekday": 0.7708, "penalty_midday": 0.7885, "penalty_weekend": 0.7885, "penalty_avg": 0.7826}, "geometry": {"type": "Polygon", "coordinates": [[[-113.56257, 53.44924], [-113.55817, 53.45023], [-113.5549, 53.44994], [-113.55404, 53.44948], [-113.55348, 53.44864], [-113.5535, 53.44633], [-113.55423, 53.44561], [-113.55743, 53.44407], [-113.55939, 53.44464], [-113.56558, 53.44473], [-113.56566, 53.44921], [-113.56257, 53.44924]]]}}, {"type": "Feature", "properties": {"DAUID": "48112630", "penalty_weekday": 0.7778, "penalty_midday": 0.7864, "penalty_weekend": 0.7885, "penalty_avg": 0.7842}, "geometry": {"type": "Polygon", "coordinates": [[[-113.56539, 53.43111], [-113.56555, 53.4286], [-113.56745, 53.42854], [-113.57524, 53.42908], [-113.58261, 53.43076], [-113.57507, 53.43504], [-113.56812, 53.43738], [-113.5667, 53.43824], [-113.56598, 53.43907], [-113.56549, 53.43812], [-113.56548, 53.43414], [-113.56489, 53.43253], [-113.56539, 53.43111]]]}}, {"type": "Feature", "properties": {"DAUID": "48112631", "penalty_weekday": 0.7732, "penalty_midday": 0.7885, "penalty_weekend": 0.7822, "penalty_avg": 0.7813}, "geometry": {"type": "Polygon", "coordinates": [[[-113.55628, 53.4425], [-113.55124, 53.44269], [-113.54741, 53.44465], [-113.54705, 53.44578], [-113.5459, 53.44578], [-113.54384, 53.44522], [-113.54316, 53.44464], [-113.54297, 53.44382], [-113.54337, 53.4432], [-113.54475, 53.44325], [-113.54533, 53.44277], [-113.54271, 53.4414], [-113.544, 53.44101], [-113.54334, 53.4401], [-113.54431, 53.43933], [-113.54452, 53.43868], [-113.54358, 53.43772], [-113.54445, 53.43736], [-113.54488, 53.43654], [-113.54559, 53.43618], [-113.54869, 53.43756], [-113.54935, 53.4374], [-113.54949, 53.4367], [-113.55302, 53.43646], [-113.55372, 53.4355], [-113.55637, 53.43605], [-113.55745, 53.43465], [-113.55849, 53.43471], [-113.55921, 53.43557], [-113.56095, 53.43514], [-113.56136, 53.43451], [-113.56097, 53.43385], [-113.56192, 53.43396], [-113.56381, 53.43266], [-113.56368, 53.43139], [-113.56234, 53.43099], [-113.56348, 53.43024], [-113.56374, 53.4292], [-113.5634, 53.42872], [-113.56555, 53.4286], [-113.56539, 53.43111], [-113.56489, 53.43253], [-113.56548, 53.43414], [-113.56549, 53.43812], [-113.56598, 53.43907], [-113.56567, 53.44], [-113.56558, 53.44473], [-113.55907, 53.4446], [-113.55699, 53.44375], [-113.55628, 53.4425]]]}}, {"type": "Feature", "properties": {"DAUID": "48112632", "penalty_weekday": 0.7105, "penalty_midday": 0.7349, "penalty_weekend": 0.7349, "penalty_avg": 0.7268}, "geometry": {"type": "Polygon", "coordinates": [[[-113.51274, 53.61948], [-113.51261, 53.61792], [-113.51736, 53.61735], [-113.51896, 53.61973], [-113.51905, 53.62193], [-113.51864, 53.62277], [-113.51605, 53.62238], [-113.51591, 53.62126], [-113.51527, 53.61992], [-113.51452, 53.61954], [-113.51274, 53.61948]]]}}, {"type": "Feature", "properties": {"DAUID": "48112637", "penalty_weekday": 0.7105, "penalty_midday": 0.7349, "penalty_weekend": 0.7349, "penalty_avg": 0.7268}, "geometry": {"type": "Polygon", "coordinates": [[[-113.51261, 53.61792], [-113.51229, 53.61423], [-113.51662, 53.61424], [-113.51677, 53.61618], [-113.51736, 53.61735], [-113.51261, 53.61792]]]}}, {"type": "Feature", "properties": {"DAUID": "48112638", "penalty_weekday": 0.7105, "penalty_midday": 0.7349, "penalty_weekend": 0.7349, "penalty_avg": 0.7268}, "geometry": {"type": "Polygon", "coordinates": [[[-113.50711, 53.62133], [-113.50378, 53.61979], [-113.50283, 53.61879], [-113.50443, 53.61794], [-113.50436, 53.6165], [-113.50549, 53.61597], [-113.50615, 53.61472], [-113.5037, 53.61468], [-113.50366, 53.61611], [-113.50225, 53.61608], [-113.5023, 53.61417], [-113.51229, 53.61423], [-113.51274, 53.61948], [-113.51065, 53.61988], [-113.50991, 53.62085], [-113.50974, 53.62165], [-113.50711, 53.62133]]]}}, {"type": "Feature", "properties": {"DAUID": "48112650", "penalty_weekday": 0.7885, "penalty_midday": 0.7963, "penalty_weekend": 0.8087, "penalty_avg": 0.7978}, "geometry": {"type": "Polygon", "coordinates": [[[-113.61013, 53.46156], [-113.59424, 53.46185], [-113.59394, 53.46083], [-113.59764, 53.46003], [-113.59993, 53.4603], [-113.60058, 53.46072], [-113.60209, 53.46009], [-113.60248, 53.4596], [-113.60267, 53.4582], [-113.60438, 53.45809], [-113.60468, 53.45761], [-113.60343, 53.45567], [-113.59997, 53.45598], [-113.59784, 53.45554], [-113.59713, 53.45607], [-113.59317, 53.45505], [-113.59324, 53.45406], [-113.60726, 53.45399], [-113.61028, 53.45668], [-113.61407, 53.45935], [-113.61013, 53.46156]]]}}, {"type": "Feature", "properties": {"DAUID": "48112652", "penalty_weekday": 0.7885, "penalty_midday": 0.7963, "penalty_weekend": null, "penalty_avg": 0.7924}, "geometry": {"type": "Polygon", "coordinates": [[[-113.618, 53.44033], [-113.6187, 53.43931], [-113.6244, 53.43955], [-113.62401, 53.44095], [-113.61787, 53.44571], [-113.61596, 53.44654], [-113.61471, 53.4467], [-113.61335, 53.4448], [-113.61348, 53.44322], [-113.618, 53.44033]]]}}, {"type": "Feature", "properties": {"DAUID": "48112653", "penalty_weekday": 0.7885, "penalty_midday": 0.7963, "penalty_weekend": null, "penalty_avg": 0.7924}, "geometry": {"type": "Polygon", "coordinates": [[[-113.6092, 53.43966], [-113.61224, 53.43683], [-113.61584, 53.4385], [-113.6187, 53.43931], [-113.61711, 53.44113], [-113.61348, 53.44322], [-113.61335, 53.4448], [-113.61471, 53.4467], [-113.60177, 53.44685], [-113.59994, 53.44423], [-113.60456, 53.44257], [-113.6092, 53.43966]]]}}, {"type": "Feature", "properties": {"DAUID": "48112667", "penalty_weekday": 0.7905, "penalty_midday": 0.8, "penalty_weekend": null, "penalty_avg": 0.7952}, "geometry": {"type": "Polygon", "coordinates": [[[-113.60581, 53.45242], [-113.60177, 53.44685], [-113.61596, 53.44654], [-113.61787, 53.44571], [-113.62401, 53.44095], [-113.6244, 53.43955], [-113.6384, 53.43954], [-113.63701, 53.4434], [-113.63576, 53.44526], [-113.63122, 53.44687], [-113.62541, 53.45088], [-113.6211, 53.45304], [-113.61612, 53.45805], [-113.61407, 53.45935], [-113.60931, 53.45589], [-113.60581, 53.45242]]]}}, {"type": "Feature", "properties": {"DAUID": "48112668", "penalty_weekday": 0.7843, "penalty_midday": 0.7925, "penalty_weekend": null, "penalty_avg": 0.7884}, "geometry": {"type": "Polygon", "coordinates": [[[-113.58672, 53.43232], [-113.58261, 53.43076], [-113.5852, 53.4293], [-113.58857, 53.43184], [-113.59374, 53.43424], [-113.59593, 53.43461], [-113.60127, 53.43438], [-113.6043, 53.43459], [-113.60896, 53.4356], [-113.61224, 53.43683], [-113.6092, 53.43966], [-113.60599, 53.44173], [-113.60327, 53.4432], [-113.59994, 53.44423], [-113.59658, 53.43949], [-113.59478, 53.43752], [-113.59019, 53.43408], [-113.58672, 53.43232]]]}}, {"type": "Feature", "properties": {"DAUID": "48112689", "penalty_weekday": 0.7822, "penalty_midday": 0.7885, "penalty_weekend": 0.7982, "penalty_avg": 0.7896}, "geometry": {"type": "Polygon", "coordinates": [[[-113.62544, 53.48111], [-113.62415, 53.47965], [-113.62245, 53.47859], [-113.60911, 53.47415], [-113.6063, 53.47245], [-113.60526, 53.47136], [-113.6042, 53.46901], [-113.60496, 53.4657], [-113.60764, 53.46305], [-113.61407, 53.45935], [-113.61962, 53.46254], [-113.62565, 53.46502], [-113.64701, 53.47104], [-113.64655, 53.47184], [-113.64389, 53.47355], [-113.64283, 53.47376], [-113.64197, 53.4753], [-113.63969, 53.47645], [-113.63934, 53.47706], [-113.6378, 53.47809], [-113.63433, 53.47852], [-113.63342, 53.47899], [-113.63298, 53.47961], [-113.62963, 53.48098], [-113.62804, 53.48064], [-113.62544, 53.48111]]]}}, {"type": "Feature", "properties": {"DAUID": "48112697", "penalty_weekday": 0.6667, "penalty_midday": 0.6857, "penalty_weekend": 0.6615, "penalty_avg": 0.6713}, "geometry": {"type": "Polygon", "coordinates": [[[-113.45492, 53.62235], [-113.4546, 53.62205], [-113.45512, 53.62195], [-113.45496, 53.61701], [-113.45825, 53.61645], [-113.46155, 53.61653], [-113.46256, 53.61705], [-113.46263, 53.6176], [-113.46214, 53.61825], [-113.46099, 53.61792], [-113.4603, 53.61928], [-113.46179, 53.61952], [-113.46202, 53.62041], [-113.46356, 53.62136], [-113.46224, 53.62208], [-113.46201, 53.62305], [-113.45992, 53.62301], [-113.45663, 53.6222], [-113.45492, 53.62235]]]}}, {"type": "Feature", "properties": {"DAUID": "48112702", "penalty_weekday": 0.7179, "penalty_midday": 0.7381, "penalty_weekend": 0.7349, "penalty_avg": 0.7303}, "geometry": {"type": "Polygon", "coordinates": [[[-113.50029, 53.60518], [-113.50159, 53.60476], [-113.50793, 53.60474], [-113.50936, 53.60516], [-113.51052, 53.60626], [-113.51083, 53.607], [-113.51663, 53.60705], [-113.51662, 53.61424], [-113.50861, 53.6142], [-113.5087, 53.61091], [-113.50824, 53.61013], [-113.50307, 53.60822], [-113.49981, 53.6081], [-113.49981, 53.60569], [-113.50029, 53.60518]]]}}, {"type": "Feature", "properties": {"DAUID": "48112703", "penalty_weekday": 0.6944, "penalty_midday": 0.7215, "penalty_weekend": 0.6944, "penalty_avg": 0.7035}, "geometry": {"type": "Polygon", "coordinates": [[[-113.50438, 53.60475], [-113.50436, 53.59959], [-113.51662, 53.59964], [-113.51663, 53.60705], [-113.51104, 53.60705], [-113.50909, 53.605], [-113.50438, 53.60475]]]}}, {"type": "Feature", "properties": {"DAUID": "48112704", "penalty_weekday": 0.6812, "penalty_midday": 0.6901, "penalty_weekend": 0.6812, "penalty_avg": 0.6842}, "geometry": {"type": "Polygon", "coordinates": [[[-113.4917, 53.6081], [-113.49186, 53.59961], [-113.50436, 53.59959], [-113.50438, 53.60475], [-113.50159, 53.60476], [-113.50029, 53.60518], [-113.49981, 53.60569], [-113.49981, 53.6081], [-113.4917, 53.6081]]]}}, {"type": "Feature", "properties": {"DAUID": "48112705", "penalty_weekday": 0.6901, "penalty_midday": 0.7143, "penalty_weekend": 0.7179, "penalty_avg": 0.7075}, "geometry": {"type": "Polygon", "coordinates": [[[-113.50775, 53.61291], [-113.50111, 53.61295], [-113.5, 53.6136], [-113.4992, 53.61361], [-113.49871, 53.61281], [-113.49743, 53.61283], [-113.49745, 53.61083], [-113.49806, 53.61026], [-113.49976, 53.61008], [-113.49981, 53.6081], [-113.50307, 53.60822], [-113.50738, 53.60966], [-113.5085, 53.61042], [-113.50861, 53.6142], [-113.5077, 53.6142], [-113.50775, 53.61291]]]}}, {"type": "Feature", "properties": {"DAUID": "48112709", "penalty_weekday": 0.7755, "penalty_midday": 0.7905, "penalty_weekend": 0.7822, "penalty_avg": 0.7827}, "geometry": {"type": "Polygon", "coordinates": [[[-113.54156, 53.63295], [-113.54122, 53.62877], [-113.56584, 53.62873], [-113.56579, 53.63284], [-113.54543, 53.63917], [-113.54356, 53.63664], [-113.54156, 53.63295]]]}}, {"type": "Feature", "properties": {"DAUID": "48112722", "penalty_weekday": 0.7582, "penalty_midday": 0.7778, "penalty_weekend": 0.75, "penalty_avg": 0.762}, "geometry": {"type": "Polygon", "coordinates": [[[-113.60531, 53.61952], [-113.58135, 53.60617], [-113.57995, 53.60511], [-113.57497, 53.59955], [-113.57966, 53.5995], [-113.57953, 53.59683], [-113.58278, 53.5966], [-113.58195, 53.59561], [-113.57868, 53.59324], [-113.57774, 53.59166], [-113.57758, 53.58633], [-113.57731, 53.58561], [-113.57787, 53.5856], [-113.57802, 53.58507], [-113.57788, 53.58348], [-113.58633, 53.582], [-113.66033, 53.56527], [-113.66142, 53.57011], [-113.66135, 53.57355], [-113.66188, 53.57356], [-113.66184, 53.57391], [-113.66698, 53.57385], [-113.66593, 53.57405], [-113.66526, 53.57495], [-113.66441, 53.57545], [-113.6619, 53.57617], [-113.66116, 53.57839], [-113.65622, 53.58411], [-113.6518, 53.58801], [-113.6464, 53.5916], [-113.65047, 53.59535], [-113.65084, 53.5968], [-113.65074, 53.59957], [-113.63916, 53.59963], [-113.63893, 53.60741], [-113.63578, 53.60735], [-113.63314, 53.60527], [-113.63035, 53.60476], [-113.62538, 53.60648], [-113.61509, 53.61154], [-113.61524, 53.61416], [-113.60884, 53.61417], [-113.60603, 53.61722], [-113.60681, 53.61834], [-113.60531, 53.61952]]]}}, {"type": "Feature", "properties": {"DAUID": "48112739", "penalty_weekday": 0.7755, "penalty_midday": 0.7778, "penalty_weekend": 0.7755, "penalty_avg": 0.7763}, "geometry": {"type": "Polygon", "coordinates": [[[-113.50496, 53.5802], [-113.50478, 53.57503], [-113.50326, 53.5736], [-113.50291, 53.57036], [-113.51822, 53.57038], [-113.52373, 53.57174], [-113.52795, 53.57007], [-113.52974, 53.57067], [-113.53092, 53.57035], [-113.53102, 53.58112], [-113.53151, 53.58194], [-113.53257, 53.58269], [-113.53576, 53.58346], [-113.50546, 53.58349], [-113.50538, 53.58144], [-113.50496, 53.5802]]]}}, {"type": "Feature", "properties": {"DAUID": "48112740", "penalty_weekday": 0.614, "penalty_midday": 0.6393, "penalty_weekend": 0.6207, "penalty_avg": 0.6247}, "geometry": {"type": "Polygon", "coordinates": [[[-113.49203, 53.58353], [-113.49224, 53.57942], [-113.4992, 53.57944], [-113.4992, 53.5783], [-113.50288, 53.5783], [-113.50289, 53.57195], [-113.4992, 53.57196], [-113.4992, 53.57034], [-113.50291, 53.57036], [-113.50326, 53.5736], [-113.50488, 53.57531], [-113.50496, 53.5802], [-113.50538, 53.58144], [-113.50546, 53.58349], [-113.49203, 53.58353]]]}}, {"type": "Feature", "properties": {"DAUID": "48112741", "penalty_weekday": 0.6207, "penalty_midday": 0.6271, "penalty_weekend": 0.6207, "penalty_avg": 0.6228}, "geometry": {"type": "Polygon", "coordinates": [[[-113.52974, 53.57067], [-113.52795, 53.57007], [-113.52373, 53.57174], [-113.51822, 53.57038], [-113.50291, 53.57036], [-113.50292, 53.56177], [-113.50261, 53.56106], [-113.50311, 53.56109], [-113.503, 53.55896], [-113.50389, 53.55897], [-113.53092, 53.57035], [-113.52974, 53.57067]]]}}, {"type": "Feature", "properties": {"DAUID": "48112742", "penalty_weekday": 0.6452, "penalty_midday": 0.6393, "penalty_weekend": 0.6562, "penalty_avg": 0.6469}, "geometry": {"type": "Polygon", "coordinates": [[[-113.51774, 53.5647], [-113.51738, 53.5647], [-113.50389, 53.55897], [-113.52126, 53.55892], [-113.52133, 53.56082], [-113.52354, 53.56087], [-113.52355, 53.56329], [-113.52139, 53.56329], [-113.52068, 53.56294], [-113.51806, 53.56407], [-113.51774, 53.5647]]]}}, {"type": "Feature", "properties": {"DAUID": "48112743", "penalty_weekday": 0.7822, "penalty_midday": 0.7925, "penalty_weekend": 0.7822, "penalty_avg": 0.7856}, "geometry": {"type": "Polygon", "coordinates": [[[-113.55369, 53.62861], [-113.55364, 53.62666], [-113.55822, 53.62679], [-113.56063, 53.62597], [-113.56076, 53.62139], [-113.56581, 53.62137], [-113.56584, 53.62873], [-113.55369, 53.62861]]]}}, {"type": "Feature", "properties": {"DAUID": "48112744", "penalty_weekday": 0.7778, "penalty_midday": 0.7885, "penalty_weekend": 0.78, "penalty_avg": 0.7821}, "geometry": {"type": "Polygon", "coordinates": [[[-113.55364, 53.62666], [-113.5535, 53.62128], [-113.56076, 53.62139], [-113.56083, 53.62538], [-113.56044, 53.62612], [-113.55822, 53.62679], [-113.55364, 53.62666]]]}}, {"type": "Feature", "properties": {"DAUID": "48112745", "penalty_weekday": 0.7755, "penalty_midday": 0.7905, "penalty_weekend": 0.7822, "penalty_avg": 0.7827}, "geometry": {"type": "Polygon", "coordinates": [[[-113.54708, 53.62628], [-113.54742, 53.62383], [-113.55129, 53.62384], [-113.55227, 53.62356], [-113.55268, 53.62304], [-113.55285, 53.6213], [-113.5535, 53.62128], [-113.55369, 53.62861], [-113.54751, 53.62871], [-113.54708, 53.62628]]]}}, {"type": "Feature", "properties": {"DAUID": "48112746", "penalty_weekday": 0.7471, "penalty_midday": 0.7582, "penalty_weekend": 0.7556, "penalty_avg": 0.7536}, "geometry": {"type": "Polygon", "coordinates": [[[-113.54122, 53.62877], [-113.54112, 53.62029], [-113.54372, 53.6203], [-113.54372, 53.62187], [-113.54451, 53.62313], [-113.5452, 53.62367], [-113.54742, 53.62383], [-113.54708, 53.62628], [-113.54751, 53.62871], [-113.54122, 53.62877]]]}}, {"type": "Feature", "properties": {"DAUID": "48112747", "penalty_weekday": 0.7755, "penalty_midday": 0.7843, "penalty_weekend": 0.7732, "penalty_avg": 0.7777}, "geometry": {"type": "Polygon", "coordinates": [[[-113.5535, 53.62128], [-113.55339, 53.61681], [-113.55562, 53.61678], [-113.55562, 53.61996], [-113.55422, 53.61998], [-113.55419, 53.62128], [-113.5535, 53.62128]]]}}, {"type": "Feature", "properties": {"DAUID": "48112748", "penalty_weekday": 0.7471, "penalty_midday": 0.7582, "penalty_weekend": 0.7556, "penalty_avg": 0.7536}, "geometry": {"type": "Polygon", "coordinates": [[[-113.54867, 53.61693], [-113.54993, 53.6166], [-113.55339, 53.61681], [-113.5535, 53.62128], [-113.55285, 53.6213], [-113.55277, 53.62016], [-113.5512, 53.6194], [-113.54867, 53.61693]]]}}, {"type": "Feature", "properties": {"DAUID": "48112749", "penalty_weekday": 0.7732, "penalty_midday": 0.7843, "penalty_weekend": 0.7732, "penalty_avg": 0.7769}, "geometry": {"type": "Polygon", "coordinates": [[[-113.56076, 53.62139], [-113.55419, 53.62128], [-113.55422, 53.61998], [-113.55562, 53.61996], [-113.55562, 53.61678], [-113.55941, 53.61613], [-113.56156, 53.61645], [-113.56282, 53.61723], [-113.56304, 53.61796], [-113.5628, 53.61853], [-113.56104, 53.62057], [-113.56076, 53.62139]]]}}, {"type": "Feature", "properties": {"DAUID": "48112751", "penalty_weekday": 0.7471, "penalty_midday": 0.7582, "penalty_weekend": 0.7556, "penalty_avg": 0.7536}, "geometry": {"type": "Polygon", "coordinates": [[[-113.55339, 53.61681], [-113.54954, 53.61664], [-113.54637, 53.61785], [-113.54549, 53.61656], [-113.54946, 53.6149], [-113.55333, 53.61462], [-113.55339, 53.61681]]]}}, {"type": "Feature", "properties": {"DAUID": "48112753", "penalty_weekday": 0.7708, "penalty_midday": 0.7822, "penalty_weekend": 0.7708, "penalty_avg": 0.7746}, "geometry": {"type": "Polygon", "coordinates": [[[-113.55941, 53.61613], [-113.55562, 53.61678], [-113.55339, 53.61681], [-113.55333, 53.61462], [-113.56584, 53.6146], [-113.56581, 53.62137], [-113.56076, 53.62139], [-113.56104, 53.62057], [-113.5628, 53.61853], [-113.56301, 53.61757], [-113.56156, 53.61645], [-113.55941, 53.61613]]]}}, {"type": "Feature", "properties": {"DAUID": "48112754", "penalty_weekday": 0.7708, "penalty_midday": 0.7822, "penalty_weekend": 0.7708, "penalty_avg": 0.7746}, "geometry": {"type": "Polygon", "coordinates": [[[-113.57941, 53.63227], [-113.57407, 53.63233], [-113.56586, 53.63502], [-113.56575, 53.59955], [-113.57497, 53.59955], [-113.57995, 53.60511], [-113.58135, 53.60617], [-113.60181, 53.61774], [-113.60245, 53.61963], [-113.60132, 53.62079], [-113.59819, 53.62186], [-113.59173, 53.62561], [-113.58599, 53.6283], [-113.58203, 53.62968], [-113.57935, 53.63161], [-113.57941, 53.63227]]]}}, {"type": "Feature", "properties": {"DAUID": "48112755", "penalty_weekday": 0.7732, "penalty_midday": 0.7822, "penalty_weekend": 0.7732, "penalty_avg": 0.7762}, "geometry": {"type": "Polygon", "coordinates": [[[-113.55115, 53.61461], [-113.5512, 53.61267], [-113.55265, 53.61297], [-113.55801, 53.61297], [-113.55952, 53.61268], [-113.56048, 53.61213], [-113.56095, 53.61143], [-113.56096, 53.60993], [-113.56009, 53.60816], [-113.55987, 53.60686], [-113.56583, 53.60691], [-113.56584, 53.6146], [-113.55115, 53.61461]]]}}, {"type": "Feature", "properties": {"DAUID": "48112756", "penalty_weekday": 0.7105, "penalty_midday": 0.7284, "penalty_weekend": 0.7179, "penalty_avg": 0.719}, "geometry": {"type": "Polygon", "coordinates": [[[-113.56009, 53.60816], [-113.54852, 53.60739], [-113.54659, 53.60666], [-113.54439, 53.60463], [-113.54125, 53.60404], [-113.54113, 53.59957], [-113.56575, 53.59955], [-113.56583, 53.60691], [-113.55987, 53.60686], [-113.56009, 53.60816]]]}}, {"type": "Feature", "properties": {"DAUID": "48112757", "penalty_weekday": 0.5686, "penalty_midday": 0.6071, "penalty_weekend": 0.614, "penalty_avg": 0.5966}, "geometry": {"type": "Polygon", "coordinates": [[[-113.4937, 53.54624], [-113.49373, 53.54316], [-113.50112, 53.54305], [-113.50102, 53.54621], [-113.4937, 53.54624]]]}}, {"type": "Feature", "properties": {"DAUID": "48112759", "penalty_weekday": 0.5769, "penalty_midday": 0.6271, "penalty_weekend": 0.6452, "penalty_avg": 0.6164}, "geometry": {"type": "Polygon", "coordinates": [[[-113.49375, 53.55144], [-113.4937, 53.54624], [-113.50102, 53.54621], [-113.50099, 53.54779], [-113.49922, 53.54814], [-113.49926, 53.55142], [-113.49375, 53.55144]]]}}, {"type": "Feature", "properties": {"DAUID": "48112760", "penalty_weekday": 0.6393, "penalty_midday": 0.6716, "penalty_weekend": 0.6765, "penalty_avg": 0.6625}, "geometry": {"type": "Polygon", "coordinates": [[[-113.5139, 53.5463], [-113.51392, 53.54461], [-113.51765, 53.54461], [-113.51764, 53.54573], [-113.5213, 53.54574], [-113.52128, 53.54629], [-113.5139, 53.5463]]]}}, {"type": "Feature", "properties": {"DAUID": "48112762", "penalty_weekday": 0.5926, "penalty_midday": 0.6271, "penalty_weekend": 0.6333, "penalty_avg": 0.6177}, "geometry": {"type": "Polygon", "coordinates": [[[-113.50854, 53.54622], [-113.50859, 53.54093], [-113.51025, 53.54092], [-113.51025, 53.5463], [-113.50854, 53.54622]]]}}, {"type": "Feature", "properties": {"DAUID": "48112764", "penalty_weekday": 0.6393, "penalty_midday": 0.6562, "penalty_weekend": 0.6615, "penalty_avg": 0.6524}, "geometry": {"type": "Polygon", "coordinates": [[[-113.50838, 53.55144], [-113.50854, 53.54622], [-113.52128, 53.54629], [-113.5213, 53.54979], [-113.51394, 53.54983], [-113.51397, 53.55145], [-113.50838, 53.55144]]]}}, {"type": "Feature", "properties": {"DAUID": "48112800", "penalty_weekday": 0.6333, "penalty_midday": 0.6615, "penalty_weekend": 0.6508, "penalty_avg": 0.6486}, "geometry": {"type": "Polygon", "coordinates": [[[-113.42333, 53.62364], [-113.42328, 53.62203], [-113.42552, 53.62174], [-113.42552, 53.62097], [-113.42417, 53.62096], [-113.42327, 53.61963], [-113.42021, 53.61864], [-113.41952, 53.618], [-113.41782, 53.61817], [-113.41814, 53.61587], [-113.4328, 53.6159], [-113.43277, 53.61719], [-113.43077, 53.61927], [-113.43072, 53.6233], [-113.42799, 53.62313], [-113.42333, 53.62364]]]}}, {"type": "Feature", "properties": {"DAUID": "48112801", "penalty_weekday": 0.7284, "penalty_midday": 0.7442, "penalty_weekend": 0.7381, "penalty_avg": 0.7369}, "geometry": {"type": "Polygon", "coordinates": [[[-113.53857, 53.61333], [-113.53769, 53.60673], [-113.54139, 53.6067], [-113.54129, 53.6133], [-113.53857, 53.61333]]]}}, {"type": "Feature", "properties": {"DAUID": "48112802", "penalty_weekday": 0.7412, "penalty_midday": 0.7582, "penalty_weekend": 0.7528, "penalty_avg": 0.7507}, "geometry": {"type": "Polygon", "coordinates": [[[-113.54115, 53.61704], [-113.5305, 53.61699], [-113.53052, 53.61629], [-113.53253, 53.61632], [-113.53369, 53.61597], [-113.53464, 53.61636], [-113.53657, 53.61629], [-113.53651, 53.6156], [-113.53453, 53.61527], [-113.53472, 53.6149], [-113.53054, 53.61483], [-113.53056, 53.61387], [-113.53256, 53.61383], [-113.53256, 53.61295], [-113.53087, 53.61259], [-113.53187, 53.61037], [-113.53504, 53.61021], [-113.53484, 53.60889], [-113.53357, 53.60885], [-113.53357, 53.60806], [-113.53482, 53.60798], [-113.53467, 53.60728], [-113.53235, 53.60727], [-113.53221, 53.60807], [-113.53083, 53.6083], [-113.52968, 53.60681], [-113.53769, 53.60673], [-113.53759, 53.60841], [-113.53857, 53.61333], [-113.54129, 53.6133], [-113.54115, 53.61704]]]}}, {"type": "Feature", "properties": {"DAUID": "48112803", "penalty_weekday": 0.6812, "penalty_midday": 0.6986, "penalty_weekend": 0.7105, "penalty_avg": 0.6968}, "geometry": {"type": "Polygon", "coordinates": [[[-113.5112, 53.48312], [-113.50774, 53.48258], [-113.50801, 53.48196], [-113.5161, 53.48285], [-113.51652, 53.48424], [-113.51648, 53.48834], [-113.51092, 53.48834], [-113.51089, 53.48496], [-113.51118, 53.48485], [-113.5112, 53.48312]]]}}, {"type": "Feature", "properties": {"DAUID": "48112804", "penalty_weekday": 0.7143, "penalty_midday": 0.7284, "penalty_weekend": 0.7381, "penalty_avg": 0.7269}, "geometry": {"type": "Polygon", "coordinates": [[[-113.50797, 53.48835], [-113.50778, 53.48482], [-113.51089, 53.48496], [-113.51092, 53.48834], [-113.50797, 53.48835]]]}}, {"type": "Feature", "properties": {"DAUID": "48112805", "penalty_weekday": 0.6986, "penalty_midday": 0.7143, "penalty_weekend": 0.7381, "penalty_avg": 0.717}, "geometry": {"type": "Polygon", "coordinates": [[[-113.50763, 53.48312], [-113.50774, 53.48258], [-113.51089, 53.48291], [-113.51125, 53.4834], [-113.51118, 53.48485], [-113.50704, 53.48481], [-113.50815, 53.48452], [-113.50834, 53.48327], [-113.50763, 53.48312]]]}}, {"type": "Feature", "properties": {"DAUID": "48112806", "penalty_weekday": 0.6944, "penalty_midday": 0.7067, "penalty_weekend": 0.7349, "penalty_avg": 0.712}, "geometry": {"type": "Polygon", "coordinates": [[[-113.50431, 53.48481], [-113.5042, 53.48127], [-113.51054, 53.48227], [-113.50801, 53.48196], [-113.50763, 53.48312], [-113.50834, 53.48327], [-113.50815, 53.48452], [-113.50704, 53.48481], [-113.50431, 53.48481]]]}}, {"type": "Feature", "properties": {"DAUID": "48112807", "penalty_weekday": 0.6207, "penalty_midday": 0.6333, "penalty_weekend": 0.6452, "penalty_avg": 0.6331}, "geometry": {"type": "Polygon", "coordinates": [[[-113.4034, 53.60691], [-113.41424, 53.60015], [-113.41743, 53.60283], [-113.41261, 53.60697], [-113.4034, 53.60691]]]}}, {"type": "Feature", "properties": {"DAUID": "48112808", "penalty_weekday": 0.5, "penalty_midday": 0.5417, "penalty_weekend": 0.5319, "penalty_avg": 0.5245}, "geometry": {"type": "Polygon", "coordinates": [[[-113.39591, 53.60689], [-113.39626, 53.60286], [-113.39792, 53.60285], [-113.39986, 53.60226], [-113.41131, 53.60198], [-113.4034, 53.60691], [-113.39591, 53.60689]]]}}, {"type": "Feature", "properties": {"DAUID": "48112809", "penalty_weekday": 0.5, "penalty_midday": 0.5111, "penalty_weekend": 0.4884, "penalty_avg": 0.4998}, "geometry": {"type": "Polygon", "coordinates": [[[-113.41629, 53.60201], [-113.41424, 53.60015], [-113.41131, 53.60198], [-113.40997, 53.60196], [-113.41019, 53.6012], [-113.40967, 53.60054], [-113.40861, 53.60023], [-113.40705, 53.60027], [-113.40635, 53.59769], [-113.41043, 53.59718], [-113.41431, 53.59719], [-113.42026, 53.5986], [-113.41629, 53.60201]]]}}, {"type": "Feature", "properties": {"DAUID": "48112810", "penalty_weekday": 0.45, "penalty_midday": 0.4762, "penalty_weekend": 0.45, "penalty_avg": 0.4587}, "geometry": {"type": "Polygon", "coordinates": [[[-113.39986, 53.60226], [-113.40419, 53.60004], [-113.40539, 53.60032], [-113.40896, 53.60027], [-113.40995, 53.60075], [-113.41016, 53.60166], [-113.40997, 53.60196], [-113.39986, 53.60226]]]}}, {"type": "Feature", "properties": {"DAUID": "48112837", "penalty_weekday": 0.7684, "penalty_midday": null, "penalty_weekend": null, "penalty_avg": 0.7684}, "geometry": {"type": "Polygon", "coordinates": [[[-113.61955, 53.50214], [-113.62043, 53.50046], [-113.62216, 53.50041], [-113.62251, 53.50155], [-113.62339, 53.50201], [-113.62291, 53.50284], [-113.62347, 53.50424], [-113.61954, 53.50465], [-113.61955, 53.50214]]]}}, {"type": "Feature", "properties": {"DAUID": "48112839", "penalty_weekday": 0.7684, "penalty_midday": null, "penalty_weekend": null, "penalty_avg": 0.7684}, "geometry": {"type": "Polygon", "coordinates": [[[-113.62727, 53.50356], [-113.62723, 53.49981], [-113.6302, 53.49943], [-113.63104, 53.50308], [-113.62727, 53.50356]]]}}, {"type": "Feature", "properties": {"DAUID": "48112840", "penalty_weekday": 0.7684, "penalty_midday": null, "penalty_weekend": null, "penalty_avg": 0.7684}, "geometry": {"type": "Polygon", "coordinates": [[[-113.62339, 53.50201], [-113.62251, 53.50155], [-113.62216, 53.50041], [-113.62723, 53.49981], [-113.62726, 53.50176], [-113.62426, 53.50167], [-113.62339, 53.50201]]]}}, {"type": "Feature", "properties": {"DAUID": "48112841", "penalty_weekday": 0.7684, "penalty_midday": null, "penalty_weekend": null, "penalty_avg": 0.7684}, "geometry": {"type": "Polygon", "coordinates": [[[-113.62354, 53.50185], [-113.62726, 53.50176], [-113.62727, 53.50356], [-113.62347, 53.50424], [-113.62291, 53.50284], [-113.62354, 53.50185]]]}}, {"type": "Feature", "properties": {"DAUID": "48112848", "penalty_weekday": 0.5686, "penalty_midday": 0.6, "penalty_weekend": 0.6071, "penalty_avg": 0.5919}, "geometry": {"type": "Polygon", "coordinates": [[[-113.5011, 53.54091], [-113.50109, 53.53563], [-113.50853, 53.53575], [-113.50859, 53.54093], [-113.5011, 53.54091]]]}}, {"type": "Feature", "properties": {"DAUID": "48112849", "penalty_weekday": 0.5686, "penalty_midday": 0.6, "penalty_weekend": 0.6071, "penalty_avg": 0.5919}, "geometry": {"type": "Polygon", "coordinates": [[[-113.50852, 53.53884], [-113.50853, 53.53575], [-113.51025, 53.53569], [-113.51029, 53.53884], [-113.50852, 53.53884]]]}}]}