{"type": "FeatureCollection", "features": [{"type": "Feature", "geometry": {"type": "LineString", "coordinates": [[-113.51634, 53.45722], [-113.51635, 53.45823], [-113.51635, 53.45859], [-113.51635, 53.4594], [-113.51635, 53.45985], [-113.51636, 53.46112], [-113.51636, 53.46124], [-113.51637, 53.46204], [-113.51637, 53.46266], [-113.51635, 53.46344], [-113.51633, 53.46397], [-113.51631, 53.46512], [-113.51632, 53.46583], [-113.51632, 53.46598], [-113.51632, 53.46608], [-113.51634, 53.46724], [-113.5164, 53.47207], [-113.5164, 53.47257], [-113.5164, 53.4751], [-113.5164, 53.4757], [-113.5164, 53.47585], [-113.51641, 53.47736], [-113.51641, 53.47807], [-113.51641, 53.4784], [-113.51641, 53.4793], [-113.51641, 53.47968], [-113.51639, 53.47989], [-113.51635, 53.48017], [-113.51627, 53.48068], [-113.51621, 53.48114], [-113.51619, 53.48136], [-113.51622, 53.48172], [-113.51629, 53.48204], [-113.51634, 53.48224], [-113.5166, 53.48329], [-113.51673, 53.48381], [-113.51678, 53.48426], [-113.5168, 53.48478], [-113.516724, 53.485755], [-113.51678, 53.48536], [-113.51676, 53.48684], [-113.51676, 53.48814], [-113.51676, 53.4883], [-113.51673, 53.48957], [-113.51673, 53.49061], [-113.51673, 53.49117], [-113.51672, 53.49199], [-113.5167, 53.49306], [-113.51669, 53.49369], [-113.5167, 53.49409], [-113.51671, 53.495], [-113.51672, 53.49556], [-113.51674, 53.49596], [-113.51676, 53.4961], [-113.51681, 53.49635], [-113.51687, 53.49647], [-113.51696, 53.49664], [-113.5171, 53.49681], [-113.51722, 53.49694], [-113.51743, 53.49711], [-113.51767, 53.49726], [-113.51794, 53.4974], [-113.5182, 53.4975], [-113.51855, 53.49761], [-113.51887, 53.49769], [-113.51923, 53.49774], [-113.51963, 53.49777], [-113.52029, 53.49779], [-113.52086, 53.49781], [-113.52185, 53.49784], [-113.52274, 53.49787], [-113.5229, 53.49788], [-113.52543, 53.49796], [-113.52607, 53.49799], [-113.52643, 53.49804], [-113.52666, 53.49809], [-113.52697, 53.49817], [-113.5272, 53.49825], [-113.52737, 53.49833], [-113.52773, 53.49853], [-113.52798, 53.49871], [-113.5281, 53.49884], [-113.52828, 53.49906], [-113.52838, 53.49927], [-113.52843, 53.49947], [-113.52844, 53.49965], [-113.52845, 53.50044], [-113.52845, 53.50231], [-113.528414, 53.50294], [-113.52845, 53.50322], [-113.52847, 53.50367], [-113.5285, 53.5041], [-113.5285, 53.50487], [-113.5285, 53.50538], [-113.52848, 53.50557], [-113.52844, 53.50574], [-113.52839, 53.50588], [-113.52832, 53.50601], [-113.52825, 53.50612], [-113.52814, 53.50625], [-113.52801, 53.50639], [-113.52787, 53.5065], [-113.5276, 53.50669], [-113.52729, 53.50688], [-113.52683, 53.50716], [-113.52642, 53.50742], [-113.52627, 53.50754], [-113.52611, 53.50768], [-113.52598, 53.50784], [-113.52588, 53.50799], [-113.5258, 53.50814], [-113.52576, 53.50825], [-113.52572, 53.50838], [-113.5257, 53.50853], [-113.5257, 53.50864], [-113.52571, 53.50874], [-113.52574, 53.5089], [-113.52585, 53.50917], [-113.52599, 53.50949], [-113.52602, 53.50958], [-113.52605, 53.50965], [-113.52608, 53.50979], [-113.52611, 53.50992], [-113.52612, 53.51011], [-113.52612, 53.51069], [-113.526113, 53.513008], [-113.52616, 53.51301], [-113.52616, 53.51338], [-113.52616, 53.51394], [-113.52615, 53.51529], [-113.52616, 53.51608], [-113.52613, 53.51656], [-113.52611, 53.51671], [-113.526, 53.51729], [-113.52586, 53.51793], [-113.52583, 53.51819], [-113.52583, 53.51845], [-113.52584, 53.51883], [-113.525818, 53.520388], [-113.52586, 53.52039], [-113.52586, 53.52062], [-113.52586, 53.52199], [-113.52587, 53.52233], [-113.52586, 53.52251], [-113.52581, 53.52273], [-113.52572, 53.52297], [-113.52563, 53.52315], [-113.52546, 53.52338], [-113.52531, 53.52354], [-113.52503, 53.52378], [-113.52477, 53.52395], [-113.5245, 53.52411], [-113.52416, 53.52426], [-113.52393, 53.52435], [-113.5237, 53.52442], [-113.52328, 53.52455], [-113.522258, 53.52494], [-113.52118, 53.5252], [-113.52051, 53.52541], [-113.51963, 53.52568], [-113.51898, 53.5259], [-113.5185, 53.52608], [-113.51822, 53.52618], [-113.51788, 53.52631], [-113.51768, 53.52639], [-113.51681, 53.52676], [-113.51562, 53.52731], [-113.51549, 53.52737], [-113.51475, 53.52772], [-113.51401, 53.52811], [-113.5137, 53.52831], [-113.51335, 53.52858], [-113.51311, 53.52881], [-113.51283, 53.52913], [-113.5126, 53.52946], [-113.51085, 53.53245], [-113.51069, 53.53277], [-113.5105, 53.53314], [-113.51039, 53.53351], [-113.51031, 53.53394], [-113.5103, 53.53483], [-113.51029, 53.53562], [-113.51029, 53.53565], [-113.510196, 53.536296], [-113.51029, 53.53674], [-113.51029, 53.53707], [-113.51029, 53.53721], [-113.51029, 53.53752], [-113.51029, 53.53808], [-113.51029, 53.53859], [-113.51026, 53.53878], [-113.5102, 53.53898], [-113.50997, 53.53934], [-113.50963, 53.53965], [-113.50872, 53.54027], [-113.50837, 53.5405], [-113.50812, 53.54061], [-113.50781, 53.54073], [-113.5075, 53.54081], [-113.50461, 53.54092], [-113.49496, 53.54092], [-113.49833, 53.54093], [-113.49744, 53.54093], [-113.49706, 53.54093], [-113.49567, 53.54092], [-113.494, 53.54092], [-113.49352, 53.54095], [-113.49303, 53.54098], [-113.49204, 53.54104], [-113.49172, 53.54106], [-113.49161, 53.54107], [-113.49081, 53.54112], [-113.49046, 53.54118], [-113.4902, 53.54124], [-113.48981, 53.54138], [-113.48957, 53.54149], [-113.48929, 53.54168], [-113.48911, 53.54185], [-113.48895, 53.54205], [-113.48882, 53.54229], [-113.48877, 53.54258], [-113.48879, 53.54281], [-113.48884, 53.54297], [-113.48893, 53.54351], [-113.48898, 53.54376], [-113.48918, 53.54489], [-113.48919, 53.54501], [-113.4892, 53.54512], [-113.4892, 53.5452], [-113.48918, 53.54535], [-113.48913, 53.54555], [-113.489, 53.5458], [-113.48878, 53.54606], [-113.48857, 53.54624], [-113.48766, 53.54692], [-113.48551, 53.54851], [-113.48527, 53.54863], [-113.485, 53.54877], [-113.48455, 53.54899], [-113.48361, 53.54931], [-113.48311, 53.5495], [-113.48258, 53.54975], [-113.4821, 53.55003], [-113.4817, 53.55031], [-113.48158, 53.5504], [-113.48102, 53.5509], [-113.47832, 53.55327], [-113.47479, 53.55636], [-113.47159, 53.55916], [-113.47126, 53.55947], [-113.4709, 53.55978], [-113.47049, 53.56014], [-113.47019, 53.5604], [-113.46987, 53.56067], [-113.46939, 53.56109], [-113.46928, 53.56118], [-113.46732, 53.56291], [-113.46613, 53.56394], [-113.46399, 53.56582], [-113.46242, 53.56719], [-113.46125, 53.56821], [-113.4606, 53.56875], [-113.46024, 53.56904], [-113.45982, 53.5694], [-113.45905, 53.57006], [-113.45811, 53.57089], [-113.45791, 53.57107], [-113.45727, 53.57163], [-113.45662, 53.57223], [-113.45543, 53.57327], [-113.45417, 53.57438], [-113.45279, 53.57559], [-113.45247, 53.57587], [-113.45222, 53.57606], [-113.45179, 53.57638], [-113.45125, 53.57679], [-113.45087, 53.57707], [-113.45053, 53.57733], [-113.44996, 53.57775], [-113.44914, 53.57827], [-113.44872, 53.57853], [-113.44293, 53.58215], [-113.44254, 53.5824], [-113.4422, 53.5826], [-113.44189, 53.58278], [-113.44159, 53.58294], [-113.44133, 53.58305], [-113.44081, 53.58328], [-113.44029, 53.5835], [-113.43975, 53.58377], [-113.43923, 53.58405], [-113.43896, 53.58421], [-113.43846, 53.58454], [-113.43715, 53.58541], [-113.43676, 53.58571], [-113.43597, 53.58631], [-113.43566, 53.58655], [-113.43525, 53.58684], [-113.43473, 53.58718], [-113.43402, 53.58763], [-113.43369, 53.58783], [-113.43284, 53.58837], [-113.43208, 53.58884], [-113.43041, 53.58992], [-113.42806, 53.59139], [-113.4247, 53.59348], [-113.42297, 53.5946], [-113.42167, 53.59542], [-113.42013, 53.59638], [-113.4184, 53.59746], [-113.41481, 53.5997], [-113.41354, 53.60047], [-113.41196, 53.60142], [-113.41175, 53.60155]]}, "properties": {"route_id": "021R", "route_short_name": "Capital", "route_long_name": "Capital \u2014 Capital Line", "category": "LRT"}}, {"type": "Feature", "geometry": {"type": "LineString", "coordinates": [[-113.430667, 53.458414], [-113.430773, 53.458425], [-113.430876, 53.458348], [-113.43116, 53.458311], [-113.431404, 53.458285], [-113.431522, 53.458278], [-113.433159, 53.458231], [-113.43329, 53.458234], [-113.433426, 53.45825], [-113.433549, 53.458278], [-113.433663, 53.458317], [-113.433768, 53.458367], [-113.433852, 53.458423], [-113.433936, 53.458503], [-113.433988, 53.45858], [-113.434015, 53.458652], [-113.434024, 53.458735], [-113.434002, 53.459374], [-113.434, 53.459735], [-113.43401, 53.460049], [-113.434028, 53.460334], [-113.434061, 53.460664], [-113.434096, 53.460935], [-113.434162, 53.46133], [-113.434225, 53.461635], [-113.434301, 53.461948], [-113.434413, 53.462345], [-113.434476, 53.462544], [-113.434538, 53.462728], [-113.434604, 53.46291], [-113.434692, 53.46314], [-113.434817, 53.46344], [-113.43494, 53.463715], [-113.438268, 53.471001], [-113.438364, 53.471219], [-113.438433, 53.471394], [-113.438503, 53.471609], [-113.438577, 53.471904], [-113.438761, 53.472698], [-113.438792, 53.472836], [-113.438816, 53.472965], [-113.43884, 53.473161], [-113.438852, 53.473377], [-113.438882, 53.474163], [-113.438899, 53.474401], [-113.43892, 53.474617], [-113.439005, 53.475424], [-113.439022, 53.475582], [-113.439057, 53.475813], [-113.439148, 53.476115], [-113.439261, 53.476357], [-113.439408, 53.476592], [-113.439566, 53.476794], [-113.439742, 53.476982], [-113.439948, 53.477173], [-113.440196, 53.477378], [-113.440975, 53.478008], [-113.441211, 53.478201], [-113.44148, 53.478446], [-113.441708, 53.478688], [-113.441924, 53.478961], [-113.442053, 53.479154], [-113.442166, 53.479349], [-113.44224, 53.479498], [-113.442347, 53.479763], [-113.442426, 53.480041], [-113.44248, 53.480387], [-113.442491, 53.480766], [-113.442484, 53.482431], [-113.442462, 53.48289], [-113.442425, 53.483264], [-113.442355, 53.483752], [-113.442322, 53.483988], [-113.442292, 53.484264], [-113.442249, 53.484839], [-113.442198, 53.485536], [-113.442183, 53.485763], [-113.44218, 53.485963], [-113.442187, 53.486123], [-113.442404, 53.489341], [-113.442411, 53.489579], [-113.442407, 53.490474], [-113.442404, 53.491283], [-113.44241, 53.495147], [-113.442412, 53.497], [-113.442409, 53.497206], [-113.442401, 53.497472], [-113.44238, 53.497888], [-113.442379, 53.498029], [-113.44239, 53.498159], [-113.44242, 53.498279], [-113.442479, 53.498397], [-113.442557, 53.498503], [-113.44265, 53.498596], [-113.44366, 53.499429], [-113.443694, 53.499469], [-113.444608, 53.50023], [-113.445679, 53.501119], [-113.445806, 53.50121], [-113.445962, 53.501304], [-113.446082, 53.50136], [-113.446257, 53.501423], [-113.446424, 53.501468], [-113.44662, 53.501503], [-113.446813, 53.501522], [-113.447049, 53.501526], [-113.448402, 53.501363], [-113.448637, 53.501342], [-113.448879, 53.501332], [-113.449089, 53.501336], [-113.449305, 53.501353], [-113.449522, 53.501384], [-113.449705, 53.501422], [-113.449951, 53.501491], [-113.450171, 53.501574], [-113.450351, 53.501661], [-113.450547, 53.501772], [-113.450735, 53.501894], [-113.454193, 53.504155], [-113.454362, 53.504287], [-113.454507, 53.504416], [-113.454626, 53.504539], [-113.454721, 53.504655], [-113.454842, 53.504832], [-113.454888, 53.504913], [-113.454933, 53.505009], [-113.454979, 53.505126], [-113.455014, 53.505242], [-113.455037, 53.505362], [-113.455055, 53.505502], [-113.455093, 53.508414], [-113.455103, 53.509223], [-113.455104, 53.509392], [-113.455106, 53.509567], [-113.455116, 53.510376], [-113.455125, 53.517271], [-113.455135, 53.517385], [-113.455153, 53.517497], [-113.455182, 53.517613], [-113.455215, 53.517713], [-113.455265, 53.517833], [-113.455413, 53.518212], [-113.455442, 53.518323], [-113.455454, 53.518389], [-113.455464, 53.518482], [-113.455466, 53.518588], [-113.455463, 53.518723], [-113.455449, 53.519011], [-113.455412, 53.519819], [-113.455299, 53.522311], [-113.455294, 53.522466], [-113.455294, 53.522584], [-113.455297, 53.522717], [-113.455304, 53.522842], [-113.455331, 53.522983], [-113.455374, 53.523123], [-113.455421, 53.523233], [-113.455495, 53.52337], [-113.45556, 53.523469], [-113.455645, 53.52358], [-113.455747, 53.523697], [-113.456632, 53.524608], [-113.456778, 53.524761], [-113.456913, 53.524912], [-113.457031, 53.525059], [-113.457143, 53.525228], [-113.457217, 53.525361], [-113.457274, 53.525485], [-113.457328, 53.52563], [-113.457369, 53.525778], [-113.457398, 53.525951], [-113.457414, 53.526146], [-113.457417, 53.526331], [-113.457421, 53.526771], [-113.457429, 53.52758], [-113.45743, 53.52773], [-113.457432, 53.527896], [-113.45744, 53.528704], [-113.457448, 53.530303], [-113.457446, 53.530469], [-113.457442, 53.530554], [-113.457433, 53.530659], [-113.457419, 53.53078], [-113.457401, 53.530927], [-113.457383, 53.53108], [-113.45737, 53.531234], [-113.457366, 53.531349], [-113.457368, 53.531421], [-113.457377, 53.531476], [-113.457396, 53.531538], [-113.457417, 53.531572], [-113.457442, 53.531602], [-113.457474, 53.531633], [-113.457526, 53.531671], [-113.457615, 53.531717], [-113.457707, 53.531747], [-113.457804, 53.531766], [-113.457906, 53.531775], [-113.45805, 53.531777], [-113.460406, 53.531771], [-113.46054, 53.53177], [-113.460642, 53.531768], [-113.460727, 53.531766], [-113.460847, 53.531763], [-113.461456, 53.531742], [-113.46164, 53.531737], [-113.461747, 53.531735], [-113.462319, 53.531733], [-113.462319, 53.531733], [-113.463676, 53.531729], [-113.470504, 53.531709], [-113.470633, 53.531712], [-113.470756, 53.531719], [-113.470913, 53.531736], [-113.471053, 53.531759], [-113.471209, 53.531792], [-113.471382, 53.531842], [-113.471552, 53.531905], [-113.472163, 53.532159], [-113.472353, 53.532234], [-113.472558, 53.532311], [-113.472753, 53.53238], [-113.472983, 53.532457], [-113.47308, 53.532489], [-113.473341, 53.53257], [-113.473681, 53.532666], [-113.47395, 53.532734], [-113.474212, 53.532794], [-113.47447, 53.532848], [-113.474798, 53.532908], [-113.475078, 53.532952], [-113.475332, 53.532988], [-113.475627, 53.533022], [-113.475906, 53.533049], [-113.47615, 53.533068], [-113.47636, 53.533081], [-113.47668, 53.533095], [-113.477103, 53.533102], [-113.479555, 53.533104], [-113.479812, 53.533116], [-113.480107, 53.53316], [-113.480353, 53.533224], [-113.480583, 53.533311], [-113.480785, 53.533419], [-113.480976, 53.533563], [-113.481098, 53.533693], [-113.481186, 53.533832], [-113.481236, 53.533966], [-113.481256, 53.534113], [-113.481241, 53.534253], [-113.480992, 53.535372], [-113.480953, 53.535487], [-113.480895, 53.53559], [-113.480807, 53.535699], [-113.480725, 53.535775], [-113.480624, 53.535851], [-113.48049, 53.53593], [-113.480011, 53.53618], [-113.480011, 53.53618], [-113.478989, 53.536713], [-113.478175, 53.537138], [-113.477976, 53.537251], [-113.477861, 53.537327], [-113.477745, 53.537414], [-113.477665, 53.537481], [-113.477573, 53.537567], [-113.477484, 53.537662], [-113.477407, 53.537757], [-113.477334, 53.537863], [-113.477275, 53.537968], [-113.477216, 53.538102], [-113.477187, 53.538191], [-113.477156, 53.538334], [-113.477145, 53.538478], [-113.477112, 53.541574], [-113.477109, 53.541764], [-113.477122, 53.541978], [-113.477149, 53.542132], [-113.47719, 53.542279], [-113.477257, 53.542452], [-113.477331, 53.5426], [-113.478435, 53.544587], [-113.478513, 53.544698], [-113.478585, 53.544771], [-113.478711, 53.544866], [-113.47888, 53.544957], [-113.47907, 53.545028], [-113.479282, 53.545078], [-113.479534, 53.545108], [-113.479771, 53.545108], [-113.480007, 53.545081], [-113.482309, 53.544684], [-113.482895, 53.544581], [-113.483511, 53.544551], [-113.483511, 53.544551], [-113.484199, 53.544356], [-113.486448, 53.543965], [-113.486562, 53.543942], [-113.486761, 53.543899], [-113.48772, 53.543684], [-113.487919, 53.543641], [-113.488021, 53.54362], [-113.488104, 53.543606], [-113.488253, 53.543583], [-113.488451, 53.543559], [-113.488686, 53.54354], [-113.489121, 53.543512], [-113.489841, 53.543467], [-113.489841, 53.543467], [-113.490471, 53.543427], [-113.492825, 53.543277], [-113.493302, 53.54325], [-113.495436, 53.543092]]}, "properties": {"route_id": "023R", "route_short_name": "Valley", "route_long_name": "Valley \u2014 Valley Line", "category": "LRT"}}, {"type": "Feature", "geometry": {"type": "LineString", "coordinates": [[-113.52598, 53.518], [-113.52589, 53.51844], [-113.52589, 53.51879], [-113.5258, 53.51916], [-113.52581, 53.52038], [-113.52586, 53.52039], [-113.52586, 53.52062], [-113.52586, 53.52199], [-113.52587, 53.52233], [-113.52586, 53.52251], [-113.52581, 53.52273], [-113.52572, 53.52297], [-113.52563, 53.52315], [-113.52546, 53.52338], [-113.52531, 53.52354], [-113.52503, 53.52378], [-113.52477, 53.52395], [-113.5245, 53.52411], [-113.52416, 53.52426], [-113.52393, 53.52435], [-113.5237, 53.52442], [-113.52328, 53.52455], [-113.522258, 53.52494], [-113.52118, 53.5252], [-113.52051, 53.52541], [-113.51963, 53.52568], [-113.51898, 53.5259], [-113.5185, 53.52608], [-113.51822, 53.52618], [-113.51788, 53.52631], [-113.51768, 53.52639], [-113.51681, 53.52676], [-113.51562, 53.52731], [-113.51549, 53.52737], [-113.51475, 53.52772], [-113.51401, 53.52811], [-113.5137, 53.52831], [-113.51335, 53.52858], [-113.51311, 53.52881], [-113.51283, 53.52913], [-113.5126, 53.52946], [-113.51085, 53.53245], [-113.51069, 53.53277], [-113.5105, 53.53314], [-113.51039, 53.53351], [-113.51031, 53.53394], [-113.5103, 53.53483], [-113.51029, 53.53562], [-113.51029, 53.53565], [-113.510196, 53.536296], [-113.51029, 53.53674], [-113.51029, 53.53707], [-113.51029, 53.53721], [-113.51029, 53.53752], [-113.51029, 53.53808], [-113.51029, 53.53859], [-113.51026, 53.53878], [-113.5102, 53.53898], [-113.50997, 53.53934], [-113.50963, 53.53965], [-113.50872, 53.54027], [-113.50837, 53.5405], [-113.50812, 53.54061], [-113.50781, 53.54073], [-113.5075, 53.54081], [-113.504609, 53.540921], [-113.49496, 53.54092], [-113.49833, 53.54093], [-113.49744, 53.54093], [-113.49706, 53.54093], [-113.49567, 53.54092], [-113.494, 53.54092], [-113.49352, 53.54095], [-113.49303, 53.54098], [-113.49204, 53.54104], [-113.49172, 53.54106], [-113.49161, 53.54107], [-113.49081, 53.54112], [-113.49046, 53.54118], [-113.4902, 53.54124], [-113.48981, 53.54138], [-113.48957, 53.54149], [-113.48929, 53.54168], [-113.48911, 53.54185], [-113.48895, 53.54205], [-113.48882, 53.54229], [-113.48877, 53.54258], [-113.48879, 53.54281], [-113.48884, 53.54297], [-113.48893, 53.54351], [-113.48898, 53.54376], [-113.48918, 53.54489], [-113.48935, 53.54581], [-113.48939, 53.54598], [-113.48943, 53.54609], [-113.4895, 53.54624], [-113.48959, 53.5464], [-113.48972, 53.54659], [-113.48988, 53.54678], [-113.49011, 53.54699], [-113.49036, 53.54718], [-113.4906, 53.54732], [-113.49086, 53.54743], [-113.49112, 53.54752], [-113.49147, 53.54761], [-113.49189, 53.54767], [-113.4922, 53.5477], [-113.49241, 53.5477], [-113.49281, 53.54769], [-113.49312, 53.54767], [-113.4934, 53.54766], [-113.49357, 53.54765], [-113.49382, 53.54765], [-113.49423, 53.54764], [-113.49651, 53.54764], [-113.4969, 53.54764], [-113.49726, 53.54765], [-113.49765, 53.54767], [-113.49918, 53.54779], [-113.49818, 53.54771], [-113.49974, 53.54781], [-113.49989, 53.54782], [-113.50007, 53.54785], [-113.50025, 53.54789], [-113.50042, 53.54794], [-113.50057, 53.54801], [-113.50069, 53.54808], [-113.50082, 53.54817], [-113.50092, 53.54826], [-113.50097, 53.54833], [-113.50098, 53.54835], [-113.50102, 53.54841], [-113.50105, 53.54848], [-113.50108, 53.54857], [-113.50109, 53.54866], [-113.50108, 53.54875], [-113.50108, 53.54982], [-113.50108, 53.55141], [-113.50108, 53.55208], [-113.50107, 53.55225], [-113.50106, 53.55238], [-113.50101, 53.55253], [-113.50092, 53.55268], [-113.50079, 53.55282], [-113.50066, 53.55293], [-113.50049, 53.55304], [-113.49999, 53.55331], [-113.49983, 53.5534], [-113.49968, 53.55349], [-113.49953, 53.5536], [-113.49939, 53.55373], [-113.49931, 53.55386], [-113.49924, 53.554], [-113.49921, 53.55413], [-113.4992, 53.55425], [-113.4992, 53.55437], [-113.4992, 53.55603], [-113.4992, 53.55615], [-113.49922, 53.55628], [-113.49925, 53.55639], [-113.49929, 53.5565], [-113.49934, 53.55659], [-113.49941, 53.55669], [-113.49948, 53.55678], [-113.49955, 53.55685], [-113.49957, 53.55687], [-113.49967, 53.55695], [-113.4998, 53.55705], [-113.49995, 53.55714], [-113.50019, 53.55727], [-113.501, 53.55771], [-113.50197, 53.55823], [-113.50217, 53.55835], [-113.5023, 53.55844], [-113.50241, 53.55853], [-113.50253, 53.55867], [-113.50262, 53.5588], [-113.50265, 53.55885], [-113.50268, 53.55892], [-113.50271, 53.55897], [-113.50272, 53.55901], [-113.50275, 53.55913], [-113.50276, 53.55923], [-113.50276, 53.55936], [-113.50276, 53.56017], [-113.50277, 53.56037], [-113.5028, 53.56057], [-113.50285, 53.56079], [-113.50293, 53.56104], [-113.50303, 53.56138], [-113.50308, 53.56153], [-113.50312, 53.5617], [-113.50315, 53.56187], [-113.50317, 53.56205], [-113.50318, 53.56237], [-113.50318, 53.56426], [-113.50318, 53.56441], [-113.50317, 53.56454], [-113.50315, 53.56468], [-113.50314, 53.56481], [-113.50312, 53.56492], [-113.50312, 53.56502], [-113.50313, 53.56515], [-113.50316, 53.56523], [-113.50317, 53.56526], [-113.50322, 53.56536], [-113.50329, 53.56545], [-113.50336, 53.56552], [-113.5034, 53.56556], [-113.50353, 53.56566], [-113.50371, 53.56576], [-113.5039, 53.56584], [-113.50405, 53.56588], [-113.50411, 53.5659], [-113.50424, 53.56593], [-113.50435, 53.56595], [-113.50454, 53.56597], [-113.50488, 53.56598], [-113.50611, 53.56598], [-113.506711, 53.56598], [-113.507558, 53.566063], [-113.507977, 53.566203], [-113.508395, 53.566445], [-113.509629, 53.567299]]}, "properties": {"route_id": "022R", "route_short_name": "Metro", "route_long_name": "Metro \u2014 Metro Line", "category": "LRT"}}, {"type": "Feature", "geometry": {"type": "LineString", "coordinates": [[-113.489751, 53.617946], [-113.489061, 53.61766], [-113.490369, 53.61766], [-113.49114, 53.61766], [-113.492, 53.61766], [-113.492041, 53.61642], [-113.49206, 53.61521], [-113.49206, 53.6149], [-113.492049, 53.61455], [-113.492049, 53.61405], [-113.492059, 53.61348], [-113.49206, 53.613312], [-113.49203, 53.61231], [-113.492, 53.61139], [-113.492, 53.6106], [-113.491989, 53.6081], [-113.49199, 53.60675], [-113.49199, 53.606387], [-113.49199, 53.60538], [-113.491989, 53.60496], [-113.49201, 53.60411], [-113.49203, 53.60348], [-113.49206, 53.60285], [-113.49208, 53.60231], [-113.4921, 53.60181], [-113.49212, 53.60128], [-113.49214, 53.60095], [-113.49204, 53.60089], [-113.492, 53.60057], [-113.49198, 53.60044], [-113.49188, 53.60034], [-113.49146, 53.60025], [-113.49118, 53.60003], [-113.49061, 53.59994], [-113.489558, 53.59994], [-113.48943, 53.59994], [-113.488681, 53.59994], [-113.4883, 53.59991], [-113.488349, 53.59985], [-113.488649, 53.59979], [-113.48887, 53.59976], [-113.489559, 53.59961], [-113.49028, 53.59957], [-113.490561, 53.59952], [-113.49118, 53.59951], [-113.491951, 53.5995], [-113.49209, 53.59946], [-113.49217, 53.599], [-113.492139, 53.59836], [-113.492109, 53.59784], [-113.49209, 53.59758], [-113.4921, 53.59727], [-113.49211, 53.59676], [-113.49211, 53.59618], [-113.49199, 53.59598], [-113.491996, 53.595744], [-113.492, 53.59562], [-113.492, 53.5949], [-113.492012, 53.594287], [-113.49202, 53.59406], [-113.492031, 53.59333], [-113.492019, 53.59301], [-113.49202, 53.59273], [-113.49202, 53.59254], [-113.49203, 53.59212], [-113.49203, 53.591722], [-113.49203, 53.59149], [-113.49203, 53.59103], [-113.49203, 53.59013], [-113.492039, 53.58959], [-113.49206, 53.58908], [-113.492071, 53.58886], [-113.492074, 53.5886], [-113.49208, 53.58846], [-113.49208, 53.58812], [-113.49209, 53.58748], [-113.492081, 53.58689], [-113.49208, 53.58673], [-113.49207, 53.58625], [-113.49207, 53.5856], [-113.492071, 53.585342], [-113.492069, 53.58431], [-113.49207, 53.584], [-113.49206, 53.58357], [-113.492061, 53.58328], [-113.49206, 53.58278], [-113.492069, 53.5823], [-113.492079, 53.58208], [-113.49215, 53.58148], [-113.492191, 53.58125], [-113.492309, 53.58015], [-113.492319, 53.579221], [-113.49232, 53.57893], [-113.49227, 53.57726], [-113.49229, 53.576262], [-113.49229, 53.57624], [-113.492299, 53.57557], [-113.4923, 53.57438], [-113.4923, 53.5735], [-113.492312, 53.573108], [-113.49232, 53.57198], [-113.49232, 53.57142], [-113.49231, 53.57117], [-113.49227, 53.57093], [-113.49227, 53.57075], [-113.492339, 53.5706], [-113.49241, 53.57052], [-113.49253, 53.57045], [-113.49271, 53.5704], [-113.49297, 53.57038], [-113.49335, 53.57038], [-113.493388, 53.57038], [-113.494309, 53.57035], [-113.49496, 53.57035], [-113.495249, 53.57026], [-113.49535, 53.57018], [-113.495391, 53.57007], [-113.49536, 53.56997], [-113.49528, 53.56987], [-113.49514, 53.56978], [-113.494981, 53.56975], [-113.49422, 53.56975], [-113.49398, 53.56965], [-113.493819, 53.56953], [-113.49378, 53.56928], [-113.49377, 53.569001], [-113.4937, 53.56882], [-113.493708, 53.567097], [-113.4937, 53.56577], [-113.49371, 53.564025], [-113.493709, 53.5627], [-113.493712, 53.562461], [-113.49371, 53.56109], [-113.49372, 53.560755], [-113.493719, 53.56033], [-113.493709, 53.55966], [-113.493711, 53.55931], [-113.493727, 53.558395], [-113.49373, 53.55831], [-113.49376, 53.55795], [-113.493719, 53.55717], [-113.493706, 53.556819], [-113.4937, 53.55653], [-113.493711, 53.55602], [-113.493711, 53.55539], [-113.49371, 53.55496], [-113.49372, 53.55456], [-113.493709, 53.553986], [-113.493709, 53.55385], [-113.49371, 53.55312], [-113.49371, 53.55281], [-113.49372, 53.55142], [-113.49372, 53.550925], [-113.49372, 53.55069], [-113.493719, 53.55035], [-113.49372, 53.54966], [-113.49372, 53.54939], [-113.4937, 53.54833], [-113.49368, 53.54805], [-113.493724, 53.547397], [-113.49373, 53.54708], [-113.493681, 53.54615], [-113.49376, 53.54542], [-113.49376, 53.544806], [-113.49376, 53.54452], [-113.493811, 53.54309], [-113.493731, 53.542285], [-113.493721, 53.54216], [-113.49373, 53.54149], [-113.493729, 53.54091], [-113.49373, 53.54037], [-113.49373, 53.54021], [-113.49371, 53.53974], [-113.493711, 53.539718], [-113.49376, 53.53951], [-113.49418, 53.53935], [-113.49453, 53.53931], [-113.494799, 53.53923], [-113.49521, 53.53886], [-113.49538, 53.53871], [-113.49561, 53.53834], [-113.495601, 53.53783], [-113.49557, 53.53723], [-113.49556, 53.536908], [-113.49556, 53.53676], [-113.49565, 53.53644], [-113.49602, 53.53608], [-113.49645, 53.53581], [-113.496941, 53.535466], [-113.49699, 53.53543], [-113.4974, 53.53514], [-113.49792, 53.53471], [-113.498099, 53.53456], [-113.49858, 53.53421], [-113.49925, 53.53406], [-113.499716, 53.534066], [-113.501099, 53.53407], [-113.50176, 53.53407], [-113.50224, 53.53407], [-113.502274, 53.534071], [-113.502941, 53.53409], [-113.50334, 53.53412], [-113.50385, 53.5342], [-113.50418, 53.53426], [-113.50463, 53.53434], [-113.50497, 53.53439], [-113.50557, 53.53445], [-113.50609, 53.53446], [-113.50663, 53.53445], [-113.507031, 53.53442], [-113.50784, 53.53433], [-113.5081, 53.53428], [-113.508689, 53.53419], [-113.50876, 53.53404], [-113.508859, 53.53384], [-113.508867, 53.53382], [-113.50901, 53.53342], [-113.509229, 53.53289], [-113.50938, 53.53267], [-113.50962, 53.53248], [-113.50972, 53.53234], [-113.50988, 53.53209], [-113.510099, 53.53172], [-113.510559, 53.53094], [-113.51133, 53.5296], [-113.51154, 53.52923], [-113.5119, 53.52861], [-113.51226, 53.52798], [-113.512541, 53.52745], [-113.51276, 53.5271], [-113.51287, 53.5269], [-113.51293, 53.52667], [-113.51292, 53.52646], [-113.512979, 53.52614], [-113.51305, 53.52575], [-113.51298, 53.52545], [-113.51289, 53.52522], [-113.512669, 53.52491], [-113.51232, 53.52461], [-113.51206, 53.52436], [-113.51201, 53.52414], [-113.512091, 53.52395], [-113.51215, 53.52376], [-113.51218, 53.523416], [-113.51218, 53.5234], [-113.512181, 53.52321], [-113.51211, 53.52296], [-113.51204, 53.52281], [-113.51204, 53.52255], [-113.51204, 53.52216], [-113.512051, 53.52167], [-113.51205, 53.52148], [-113.51205, 53.52121], [-113.51205, 53.52063], [-113.51205, 53.52044], [-113.51205, 53.52004], [-113.512054, 53.519763], [-113.51206, 53.51952], [-113.512061, 53.51909], [-113.51206, 53.51865], [-113.512061, 53.51816], [-113.512059, 53.517645], [-113.51206, 53.51759], [-113.512059, 53.5171], [-113.51206, 53.51664], [-113.51206, 53.515886], [-113.51206, 53.51583], [-113.51206, 53.5152], [-113.51206, 53.51425], [-113.512059, 53.513837], [-113.512059, 53.51369], [-113.51206, 53.51323], [-113.51206, 53.51273], [-113.51206, 53.511888], [-113.512061, 53.51187], [-113.51206, 53.51131], [-113.51206, 53.51036], [-113.51206, 53.510065], [-113.51206, 53.50942], [-113.51205, 53.50847], [-113.512042, 53.50811], [-113.51204, 53.50798], [-113.51203, 53.50705], [-113.51203, 53.506242], [-113.512031, 53.50608], [-113.51203, 53.50524], [-113.512031, 53.504461], [-113.512031, 53.50437], [-113.512029, 53.50344], [-113.51203, 53.50249], [-113.51203, 53.50167], [-113.51203, 53.50152], [-113.512031, 53.50057], [-113.51203, 53.5001], [-113.512139, 53.4999], [-113.51223, 53.49964], [-113.512159, 53.49933], [-113.512069, 53.49903], [-113.512041, 53.49878], [-113.512048, 53.498631], [-113.512059, 53.49847], [-113.51206, 53.49825], [-113.51194, 53.49779], [-113.51197, 53.49748], [-113.51208, 53.49743], [-113.51208, 53.49734], [-113.51201, 53.49729], [-113.511906, 53.496894], [-113.51189, 53.49679], [-113.511891, 53.494259], [-113.511889, 53.49411], [-113.51506, 53.49409], [-113.515539, 53.494086], [-113.51627, 53.49408], [-113.516961, 53.49407], [-113.51696, 53.493681], [-113.516961, 53.49366], [-113.516961, 53.49314], [-113.51696, 53.49136], [-113.517004, 53.490233], [-113.51705, 53.48948], [-113.517091, 53.48885], [-113.517111, 53.48816], [-113.51713, 53.48755], [-113.517149, 53.48687], [-113.5162, 53.48686], [-113.51603, 53.48657], [-113.51603, 53.48579], [-113.51606, 53.48478], [-113.5162, 53.48461], [-113.51656, 53.48452], [-113.516571, 53.48489], [-113.51658, 53.48554], [-113.51656, 53.48607]]}, "properties": {"route_id": "009", "route_short_name": "009", "route_long_name": "009 \u2014 Southgate - Eaux Claires", "category": "Frequent Bus"}}, {"type": "Feature", "geometry": {"type": "LineString", "coordinates": [[-113.555813, 53.561492], [-113.55573, 53.56156], [-113.555511, 53.56187], [-113.555499, 53.56324], [-113.5555, 53.563473], [-113.555, 53.56383], [-113.55425, 53.56379], [-113.553656, 53.563695], [-113.55342, 53.56365], [-113.55253, 53.56339], [-113.55218, 53.56326], [-113.55156, 53.56323], [-113.55121, 53.56323], [-113.550644, 53.56323], [-113.55044, 53.56323], [-113.549569, 53.56322], [-113.54862, 53.56323], [-113.54761, 53.56334], [-113.546939, 53.56356], [-113.54664, 53.56362], [-113.54521, 53.56364], [-113.54516, 53.56358], [-113.54506, 53.56357], [-113.545001, 53.56362], [-113.544487, 53.563662], [-113.54283, 53.56367], [-113.542131, 53.563657], [-113.54117, 53.56365], [-113.54, 53.56366], [-113.538579, 53.56365], [-113.53675, 53.56364], [-113.535962, 53.563284], [-113.535961, 53.56324], [-113.53596, 53.56273], [-113.53594, 53.56207], [-113.535948, 53.561761], [-113.53596, 53.56083], [-113.53595, 53.56023], [-113.53594, 53.55959], [-113.535929, 53.55892], [-113.535931, 53.55853], [-113.535931, 53.5585], [-113.53593, 53.55761], [-113.53593, 53.55684], [-113.53593, 53.55636], [-113.535931, 53.55591], [-113.53593, 53.55572], [-113.535991, 53.55554], [-113.53599, 53.555346], [-113.536, 53.55505], [-113.536, 53.55429], [-113.535929, 53.55395], [-113.53593, 53.55358], [-113.53593, 53.55212], [-113.53592, 53.55168], [-113.53592, 53.55149], [-113.53592, 53.55097], [-113.53593, 53.55059], [-113.53593, 53.55057], [-113.53593, 53.55], [-113.53594, 53.54936], [-113.53594, 53.548984], [-113.53594, 53.54834], [-113.53594, 53.54778], [-113.535921, 53.54689], [-113.535916, 53.546453], [-113.53591, 53.5462], [-113.53591, 53.5457], [-113.53591, 53.54494], [-113.535909, 53.54461], [-113.53591, 53.544283], [-113.535911, 53.54423], [-113.53591, 53.54301], [-113.535921, 53.54235], [-113.535923, 53.542254], [-113.53593, 53.54221], [-113.535951, 53.54181], [-113.535951, 53.54168], [-113.53586, 53.54153], [-113.535749, 53.54146], [-113.53536, 53.54142], [-113.53487, 53.54142], [-113.534099, 53.54142], [-113.53362, 53.54137], [-113.533313, 53.541324], [-113.533219, 53.54131], [-113.53262, 53.54123], [-113.53204, 53.54112], [-113.531541, 53.54102], [-113.531071, 53.54095], [-113.53041, 53.54094], [-113.530166, 53.54094], [-113.52981, 53.54094], [-113.52865, 53.54093], [-113.5268, 53.54093], [-113.526138, 53.54093], [-113.52586, 53.54093], [-113.52451, 53.54094], [-113.52419, 53.54094], [-113.52391, 53.54094], [-113.523149, 53.54094], [-113.52209, 53.54094], [-113.5213, 53.54094], [-113.52033, 53.54094], [-113.518863, 53.54094], [-113.518431, 53.54094], [-113.51704, 53.54093], [-113.51581, 53.54093], [-113.51433, 53.54093], [-113.51339, 53.54093], [-113.512621, 53.540931], [-113.51211, 53.54093], [-113.51111, 53.54092], [-113.508439, 53.54092], [-113.507163, 53.540933], [-113.50659, 53.54094], [-113.50539, 53.54094], [-113.50434, 53.54094], [-113.504007, 53.54094], [-113.50382, 53.54094], [-113.502051, 53.54093], [-113.501111, 53.54093], [-113.50034, 53.54093], [-113.499929, 53.54093], [-113.49924, 53.54093], [-113.49741, 53.54093], [-113.49646, 53.54092], [-113.49644, 53.54092], [-113.49579, 53.54092], [-113.49535, 53.54088], [-113.49471, 53.54088], [-113.49321, 53.54094], [-113.49252, 53.54098], [-113.4923, 53.540997], [-113.49159, 53.54103], [-113.4913, 53.54105], [-113.490831, 53.54111], [-113.489741, 53.54117], [-113.48923, 53.5412], [-113.488259, 53.54128], [-113.487921, 53.54136], [-113.487395, 53.541514], [-113.48738, 53.54152], [-113.486511, 53.54181], [-113.4858, 53.54206], [-113.48518, 53.54227], [-113.484744, 53.542412], [-113.4843, 53.54256], [-113.483859, 53.54272], [-113.483539, 53.54286], [-113.48282, 53.54323], [-113.482449, 53.54342], [-113.481599, 53.54384], [-113.481566, 53.543857], [-113.481401, 53.54394], [-113.48055, 53.54437], [-113.48001, 53.54465], [-113.47965, 53.54483], [-113.479371, 53.54498], [-113.479031, 53.54516], [-113.479031, 53.54564], [-113.479309, 53.54616], [-113.479535, 53.546587], [-113.47977, 53.54702], [-113.480422, 53.548213], [-113.48072, 53.54873], [-113.481302, 53.549892], [-113.4814, 53.55006], [-113.4817, 53.55056], [-113.482247, 53.551563], [-113.48259, 53.55216], [-113.483219, 53.553292], [-113.48346, 53.55373], [-113.483753, 53.554233], [-113.48406, 53.55474], [-113.48454, 53.55561], [-113.484719, 53.555932], [-113.485121, 53.55665], [-113.48549, 53.55732], [-113.485642, 53.557593], [-113.48645, 53.55904], [-113.486543, 53.559214], [-113.48702, 53.56006], [-113.48713, 53.56033], [-113.487129, 53.560634], [-113.48713, 53.56105], [-113.48715, 53.562912], [-113.48716, 53.56425], [-113.487166, 53.564634], [-113.48718, 53.56579], [-113.487183, 53.56616], [-113.48719, 53.56733], [-113.487198, 53.567593], [-113.487226, 53.569216], [-113.48722, 53.56977], [-113.487269, 53.57039], [-113.486595, 53.57039], [-113.486491, 53.57039], [-113.48494, 53.57039], [-113.48422, 53.57039], [-113.483746, 53.57039], [-113.48271, 53.57039], [-113.48122, 53.57039], [-113.48044, 53.57039], [-113.479499, 53.57039], [-113.479173, 53.570389], [-113.478219, 53.57039], [-113.477617, 53.570391], [-113.47754, 53.57039], [-113.47613, 53.57039], [-113.47551, 53.57039], [-113.474435, 53.57039], [-113.474411, 53.57039], [-113.47331, 53.57039], [-113.472551, 53.57039], [-113.47144, 53.57039], [-113.471089, 53.57039], [-113.470291, 53.57039], [-113.469871, 53.57039], [-113.469679, 53.57039], [-113.469491, 53.57039], [-113.46882, 53.57039], [-113.468219, 53.5704], [-113.467289, 53.5704], [-113.466593, 53.570407], [-113.46611, 53.57041], [-113.46507, 53.5704], [-113.46463, 53.5704], [-113.464039, 53.5704], [-113.46341, 53.57039], [-113.463368, 53.57039], [-113.46304, 53.57039], [-113.46181, 53.5704], [-113.460979, 53.5704], [-113.46089, 53.57066], [-113.46064, 53.57071], [-113.45977, 53.57078]]}, "properties": {"route_id": "005", "route_short_name": "005", "route_long_name": "005 \u2014 Westmount - Downtown - Coliseum", "category": "Frequent Bus"}}, {"type": "Feature", "geometry": {"type": "LineString", "coordinates": [[-113.525638, 53.524644], [-113.52555, 53.5248], [-113.52509, 53.52481], [-113.52474, 53.52481], [-113.52376, 53.52481], [-113.52302, 53.5248], [-113.52246, 53.5248], [-113.52121, 53.5248], [-113.521029, 53.5248], [-113.52089, 53.52473], [-113.52087, 53.52452], [-113.52085, 53.52358], [-113.52084, 53.52289], [-113.520841, 53.52243], [-113.520841, 53.522406], [-113.52084, 53.52143], [-113.52084, 53.521], [-113.520845, 53.520328], [-113.520849, 53.52005], [-113.52081, 53.51962], [-113.520751, 53.51863], [-113.52074, 53.51814], [-113.52064, 53.51803], [-113.5203, 53.51807], [-113.519848, 53.518071], [-113.519821, 53.51807], [-113.51932, 53.51806], [-113.518569, 53.51806], [-113.51701, 53.51806], [-113.51659, 53.51806], [-113.515849, 53.51806], [-113.514676, 53.51805], [-113.51392, 53.51805], [-113.512719, 53.51805], [-113.510949, 53.51805], [-113.510829, 53.51805], [-113.510489, 53.51805], [-113.50971, 53.51805], [-113.50887, 53.51805], [-113.507681, 53.51804], [-113.50708, 53.51804], [-113.506489, 53.51805], [-113.506031, 53.51808], [-113.505762, 53.51808], [-113.505321, 53.51807], [-113.504941, 53.51807], [-113.504239, 53.51807], [-113.50222, 53.51808], [-113.501571, 53.51808], [-113.50049, 53.51808], [-113.499733, 53.51808], [-113.49973, 53.51808], [-113.499441, 53.51804], [-113.499199, 53.51804], [-113.49853, 53.51804], [-113.497649, 53.51804], [-113.497132, 53.51804], [-113.49666, 53.51804], [-113.495719, 53.51804], [-113.49494, 53.51804], [-113.49453, 53.51804], [-113.493811, 53.51804], [-113.493405, 53.518038], [-113.49243, 53.51803], [-113.49127, 53.51803], [-113.49085, 53.51803], [-113.49083, 53.51803], [-113.49035, 53.51803], [-113.489781, 53.51803], [-113.48871, 53.51802], [-113.487089, 53.51802], [-113.48568, 53.51802], [-113.485096, 53.51802], [-113.482789, 53.51801], [-113.4793, 53.518007], [-113.47809, 53.518], [-113.47668, 53.518], [-113.47632, 53.518], [-113.476, 53.518003], [-113.47571, 53.51801], [-113.475399, 53.51804], [-113.47501, 53.51804], [-113.473139, 53.51803], [-113.471589, 53.51803], [-113.47084, 53.51803], [-113.46994, 53.51803], [-113.469605, 53.518031], [-113.468951, 53.51804], [-113.46828, 53.51804], [-113.46742, 53.51804], [-113.466867, 53.51804], [-113.46649, 53.51804], [-113.464381, 53.51805], [-113.463969, 53.51805], [-113.46135, 53.51805], [-113.46089, 53.51805], [-113.459921, 53.51805], [-113.458619, 53.51805], [-113.45825, 53.51805], [-113.45805, 53.51801], [-113.45777, 53.517997], [-113.45736, 53.51799], [-113.456319, 53.51799], [-113.455909, 53.51798], [-113.455281, 53.51798], [-113.455, 53.51798], [-113.45435, 53.518], [-113.45357, 53.518], [-113.45327, 53.518], [-113.452351, 53.518], [-113.452069, 53.51806], [-113.451685, 53.51806], [-113.45164, 53.51806], [-113.45031, 53.51806], [-113.448469, 53.51806], [-113.44814, 53.51806], [-113.44647, 53.51806], [-113.44533, 53.51805], [-113.44494, 53.51802], [-113.44458, 53.51801], [-113.44382, 53.51801], [-113.44301, 53.518], [-113.44282, 53.51811], [-113.442839, 53.51861], [-113.442841, 53.518835], [-113.44284, 53.51903], [-113.44284, 53.52003], [-113.442836, 53.520337], [-113.44283, 53.52112], [-113.442823, 53.52149], [-113.44282, 53.52205], [-113.44283, 53.52289], [-113.44283, 53.52412], [-113.442829, 53.524426], [-113.44277, 53.52469], [-113.4427, 53.52478], [-113.44257, 53.52491], [-113.442421, 53.52501], [-113.442251, 53.52508], [-113.442049, 53.52514], [-113.44182, 53.52518], [-113.44112, 53.52519], [-113.439361, 53.5252], [-113.43839, 53.5252], [-113.436258, 53.5252], [-113.43594, 53.5252], [-113.432519, 53.5252], [-113.431489, 53.5252], [-113.430927, 53.525195], [-113.430751, 53.52519], [-113.430261, 53.52518], [-113.42968, 53.5251], [-113.42921, 53.525], [-113.428721, 53.52486], [-113.42833, 53.52474], [-113.42741, 53.52445], [-113.425669, 53.52391], [-113.424581, 53.523574], [-113.42421, 53.52346], [-113.42158, 53.52264], [-113.420941, 53.52244], [-113.420399, 53.52223], [-113.419739, 53.52196], [-113.419259, 53.52179], [-113.41869, 53.52163], [-113.418471, 53.52179], [-113.418482, 53.522077], [-113.41849, 53.52249], [-113.41849, 53.52291], [-113.41851, 53.52422], [-113.418541, 53.52549], [-113.41854, 53.52606], [-113.41856, 53.52674], [-113.41856, 53.527595], [-113.418559, 53.52764], [-113.418529, 53.52951], [-113.418519, 53.53035], [-113.418521, 53.530797], [-113.41852, 53.53194], [-113.41851, 53.53345], [-113.4185, 53.534274], [-113.4185, 53.53531], [-113.418489, 53.53606], [-113.41847, 53.53682], [-113.41856, 53.53697], [-113.418591, 53.53737], [-113.418699, 53.53747], [-113.41911, 53.53758], [-113.419339, 53.537658], [-113.420721, 53.53813], [-113.42159, 53.53833], [-113.422301, 53.53841], [-113.42258, 53.53852], [-113.423061, 53.53854], [-113.423206, 53.538538]]}, "properties": {"route_id": "004", "route_short_name": "004", "route_long_name": "004 \u2014 Lewis Farms - University - Capilano", "category": "Frequent Bus"}}, {"type": "Feature", "geometry": {"type": "LineString", "coordinates": [[-113.604001, 53.53162], [-113.60444, 53.53162], [-113.607361, 53.53167], [-113.608047, 53.531683], [-113.610289, 53.531716], [-113.6106, 53.53172], [-113.61234, 53.53172], [-113.615139, 53.53174], [-113.615441, 53.53162], [-113.61544, 53.53089], [-113.615419, 53.52948], [-113.61545, 53.52744], [-113.61546, 53.52661], [-113.61548, 53.52577], [-113.61549, 53.52485], [-113.617891, 53.52485], [-113.619031, 53.52486], [-113.61989, 53.52486], [-113.6211, 53.52486], [-113.62195, 53.52486], [-113.62298, 53.52489], [-113.62346, 53.52518], [-113.62317, 53.52523], [-113.62254, 53.52519], [-113.62206, 53.52519], [-113.62178, 53.52519], [-113.62122, 53.52519], [-113.62095, 53.52519], [-113.620668, 53.52519]]}, "properties": {"route_id": "007", "route_short_name": "007", "route_long_name": "007 \u2014 West Edmonton Mall - Downtown", "category": "Frequent Bus"}}, {"type": "Feature", "geometry": {"type": "LineString", "coordinates": [[-113.620668, 53.52519], [-113.62024, 53.5252], [-113.62029, 53.52486], [-113.61935, 53.52486], [-113.618519, 53.52486], [-113.615859, 53.52485], [-113.615481, 53.5247], [-113.61547, 53.52438], [-113.61545, 53.52331], [-113.615471, 53.52282], [-113.615569, 53.52207], [-113.61563, 53.52151], [-113.615599, 53.52093], [-113.61557, 53.52062], [-113.61555, 53.52035], [-113.615541, 53.5199], [-113.61554, 53.51951], [-113.61434, 53.51951], [-113.613411, 53.51951], [-113.61275, 53.51951], [-113.611799, 53.519511], [-113.61172, 53.51951], [-113.611071, 53.51951], [-113.61077, 53.51956], [-113.610349, 53.51956], [-113.609721, 53.51955], [-113.609338, 53.519549], [-113.6089, 53.51955], [-113.6078, 53.51954], [-113.605449, 53.51952], [-113.604846, 53.51952], [-113.603329, 53.51952], [-113.60184, 53.51952], [-113.600961, 53.51952], [-113.59992, 53.51952], [-113.59962, 53.51952], [-113.599239, 53.51945], [-113.599153, 53.51945], [-113.59832, 53.51945], [-113.597551, 53.51945], [-113.59721, 53.51944], [-113.59659, 53.51944], [-113.59574, 53.51945], [-113.595722, 53.51945], [-113.59545, 53.51945], [-113.593881, 53.51944], [-113.592439, 53.51943], [-113.591299, 53.51943], [-113.590341, 53.51942], [-113.58975, 53.51941], [-113.58962, 53.51941], [-113.58861, 53.51941], [-113.586401, 53.51942], [-113.58506, 53.51942], [-113.584516, 53.51942], [-113.58241, 53.51942], [-113.581927, 53.51942], [-113.58032, 53.51943], [-113.57943, 53.51942], [-113.579411, 53.519419], [-113.57879, 53.5194], [-113.57806, 53.51937], [-113.57787, 53.51942], [-113.577047, 53.519386], [-113.57683, 53.51938], [-113.57537, 53.51936], [-113.574322, 53.51936], [-113.57251, 53.51936], [-113.569663, 53.51937], [-113.56814, 53.51937], [-113.566951, 53.51937], [-113.56658, 53.51933], [-113.566309, 53.51925], [-113.566099, 53.51914], [-113.56585, 53.51906], [-113.56558, 53.51906], [-113.56538, 53.51913], [-113.565241, 53.51923], [-113.56519, 53.51935], [-113.56521, 53.51946], [-113.56532, 53.51958], [-113.565491, 53.51971], [-113.56562, 53.51985], [-113.56572, 53.52012], [-113.56572, 53.520145], [-113.56573, 53.52073], [-113.565743, 53.521521], [-113.56575, 53.52221], [-113.56576, 53.52517], [-113.56576, 53.5254], [-113.56576, 53.52593], [-113.56574, 53.52655], [-113.565701, 53.527594], [-113.56569, 53.52796], [-113.565671, 53.52848], [-113.56564, 53.52915], [-113.565629, 53.52971], [-113.565619, 53.53054], [-113.565609, 53.53197], [-113.56561, 53.532222], [-113.565609, 53.534057], [-113.565609, 53.53433], [-113.565591, 53.53615], [-113.56559, 53.536212], [-113.56559, 53.53724], [-113.56559, 53.53758], [-113.56555, 53.53775], [-113.56555, 53.53804], [-113.565581, 53.53891], [-113.56561, 53.53946], [-113.56561, 53.53997], [-113.565609, 53.54038], [-113.56561, 53.540649], [-113.56561, 53.54124], [-113.56561, 53.54166], [-113.56562, 53.54209], [-113.56562, 53.542279], [-113.56562, 53.54246], [-113.56562, 53.54253], [-113.56567, 53.543], [-113.56569, 53.54338], [-113.56569, 53.543393], [-113.565701, 53.54384], [-113.565761, 53.54402], [-113.56577, 53.54441], [-113.56576, 53.5448], [-113.56576, 53.54515], [-113.565761, 53.545936], [-113.56576, 53.54597], [-113.56573, 53.54674], [-113.565724, 53.547043], [-113.56573, 53.54777], [-113.565739, 53.5486], [-113.565739, 53.548605], [-113.56574, 53.5493], [-113.565759, 53.55003], [-113.56572, 53.55032], [-113.5657, 53.55042], [-113.56565, 53.55052], [-113.565591, 53.55059], [-113.56537, 53.55076], [-113.56514, 53.55085], [-113.564949, 53.5509], [-113.56471, 53.55094], [-113.56139, 53.551], [-113.560805, 53.550997], [-113.558529, 53.55098], [-113.557629, 53.55091], [-113.55635, 53.5509], [-113.55417, 53.55089], [-113.55374, 53.55089], [-113.55205, 53.55088], [-113.5505, 53.55087], [-113.549841, 53.55089], [-113.54932, 53.55089], [-113.548475, 53.550901], [-113.54812, 53.55091], [-113.54732, 53.55091], [-113.54681, 53.55091], [-113.545778, 53.550915], [-113.545399, 53.55092], [-113.544539, 53.55092], [-113.543599, 53.55092], [-113.542395, 53.55092], [-113.542041, 53.55092], [-113.54117, 53.55092], [-113.5402, 53.55092], [-113.538559, 53.55092], [-113.537671, 53.55092], [-113.537137, 53.55092], [-113.53691, 53.55092], [-113.53592, 53.55079], [-113.53593, 53.55059], [-113.535929, 53.55024], [-113.535929, 53.54969], [-113.53594, 53.548984], [-113.53594, 53.54884], [-113.53594, 53.54816], [-113.53593, 53.54732], [-113.535921, 53.54663], [-113.535916, 53.546453], [-113.535911, 53.54587], [-113.53591, 53.5451], [-113.535909, 53.5449], [-113.53591, 53.544283], [-113.53591, 53.54428], [-113.535911, 53.54368], [-113.53591, 53.54272], [-113.53592, 53.54228], [-113.535923, 53.542254], [-113.53594, 53.54199], [-113.53595, 53.54176], [-113.53593, 53.5416], [-113.535809, 53.54149], [-113.53552, 53.54143], [-113.535259, 53.54142], [-113.534261, 53.54142], [-113.53386, 53.5414], [-113.533313, 53.541324], [-113.53329, 53.54132], [-113.532771, 53.54125], [-113.532189, 53.54116], [-113.53167, 53.54104], [-113.531349, 53.54098], [-113.53081, 53.54094], [-113.530166, 53.54094], [-113.53016, 53.54094], [-113.52931, 53.54093], [-113.52722, 53.54093], [-113.526138, 53.54093], [-113.52599, 53.54093], [-113.524981, 53.54094], [-113.524331, 53.54094], [-113.5241, 53.54094], [-113.523849, 53.54094], [-113.522559, 53.54094], [-113.52189, 53.54094], [-113.52082, 53.54094], [-113.519459, 53.54094], [-113.518863, 53.54094], [-113.517651, 53.54094], [-113.516681, 53.54093], [-113.51487, 53.54093], [-113.513961, 53.54093], [-113.51295, 53.54093], [-113.512621, 53.540931], [-113.51147, 53.54092], [-113.510269, 53.54092], [-113.50749, 53.54093], [-113.507163, 53.540933], [-113.50573, 53.54094], [-113.50476, 53.54094], [-113.504007, 53.54094], [-113.50392, 53.54094], [-113.50294, 53.54094], [-113.50152, 53.54093], [-113.50075, 53.54093], [-113.499929, 53.54093], [-113.499871, 53.54093], [-113.49845, 53.54093], [-113.49689, 53.54092], [-113.49644, 53.54092], [-113.496311, 53.54092], [-113.49557, 53.54092], [-113.49508, 53.54087], [-113.493729, 53.54091], [-113.493061, 53.54095], [-113.4923, 53.540997], [-113.49199, 53.54102], [-113.49151, 53.54103], [-113.49112, 53.5411], [-113.49032, 53.54114], [-113.4896, 53.54118], [-113.488571, 53.54124], [-113.488001, 53.54134], [-113.4877, 53.54142], [-113.487395, 53.541514], [-113.48697, 53.54166], [-113.486261, 53.5419], [-113.48543, 53.54219], [-113.484744, 53.542412], [-113.48472, 53.54242], [-113.48406, 53.54264], [-113.483781, 53.54275], [-113.48342, 53.54292], [-113.482591, 53.54335], [-113.482, 53.54364], [-113.481566, 53.543857], [-113.481499, 53.54389], [-113.48095, 53.54417], [-113.480241, 53.54453], [-113.47974, 53.54479], [-113.4795, 53.54491], [-113.47926, 53.54504], [-113.478819, 53.54528], [-113.478533, 53.545487], [-113.47843, 53.54557], [-113.47824, 53.54575], [-113.47792, 53.54606], [-113.47761, 53.54635], [-113.47734, 53.54659], [-113.47716, 53.54676], [-113.476931, 53.54698], [-113.4766, 53.54726], [-113.476426, 53.547424], [-113.47632, 53.54753], [-113.476039, 53.5478], [-113.47589, 53.54794], [-113.47561, 53.54823], [-113.475341, 53.54855], [-113.47509, 53.54888], [-113.474875, 53.549204], [-113.474871, 53.54921], [-113.4746, 53.54958], [-113.474311, 53.54995], [-113.47378, 53.55067], [-113.47364, 53.55086], [-113.47335, 53.55128], [-113.4733, 53.551359], [-113.47314, 53.55166], [-113.47297, 53.55211], [-113.47275, 53.55276], [-113.472586, 53.553227], [-113.47257, 53.55327], [-113.47238, 53.55381], [-113.472219, 53.55408], [-113.471959, 53.55436], [-113.4715, 53.55476], [-113.471, 53.55516], [-113.470681, 53.55537], [-113.47029, 53.55557], [-113.470252, 53.555586], [-113.46941, 53.55594], [-113.46857, 53.5563], [-113.467731, 53.55666], [-113.46746, 53.55679], [-113.46732, 53.55694], [-113.46729, 53.5573], [-113.46729, 53.557501], [-113.467289, 53.55756], [-113.4673, 53.55812], [-113.4673, 53.55932], [-113.467541, 53.55954], [-113.468045, 53.559622], [-113.468231, 53.55963], [-113.46996, 53.55964]]}, "properties": {"route_id": "002", "route_short_name": "002", "route_long_name": "002 \u2014 West Edmonton Mall - Stadium - Clareview", "category": "Frequent Bus"}}, {"type": "Feature", "geometry": {"type": "LineString", "coordinates": [[-113.505761, 53.474731], [-113.50519, 53.47443], [-113.504861, 53.47422], [-113.50448, 53.47389], [-113.50439, 53.47377], [-113.50428, 53.473162], [-113.50427, 53.47297], [-113.504259, 53.47217], [-113.50425, 53.47121], [-113.50425, 53.470922], [-113.50423, 53.46846], [-113.50424, 53.46778], [-113.504229, 53.46725], [-113.504225, 53.466994], [-113.50421, 53.46668], [-113.50399, 53.46555], [-113.503776, 53.46516], [-113.503661, 53.46489], [-113.5033, 53.46428], [-113.502551, 53.46336], [-113.502313, 53.46311], [-113.50182, 53.46259], [-113.50165, 53.46236], [-113.501529, 53.46198], [-113.50155, 53.46173], [-113.50169, 53.4614], [-113.50182, 53.46122], [-113.50229, 53.46052], [-113.50182, 53.46042], [-113.501707, 53.460391], [-113.5009, 53.46016], [-113.500527, 53.460014], [-113.500051, 53.45979], [-113.499479, 53.45933], [-113.49914, 53.458789], [-113.499079, 53.45865], [-113.49903, 53.45828], [-113.49927, 53.45757], [-113.49968, 53.45711], [-113.49996, 53.456909], [-113.50071, 53.45648], [-113.50107, 53.45621], [-113.50132, 53.4559], [-113.501899, 53.45601], [-113.50333, 53.45629], [-113.503734, 53.456363], [-113.50482, 53.45651], [-113.50532, 53.45645], [-113.506269, 53.45614], [-113.50668, 53.45605], [-113.50751, 53.4559], [-113.507983, 53.455816], [-113.50915, 53.45562], [-113.50922, 53.45535], [-113.50909, 53.45476], [-113.50909, 53.45401], [-113.5097, 53.45401], [-113.51037, 53.45401], [-113.511509, 53.454], [-113.51203, 53.454], [-113.512659, 53.454], [-113.51382, 53.45401], [-113.514004, 53.454013], [-113.51461, 53.45402], [-113.515121, 53.45402], [-113.51553, 53.45404], [-113.515751, 53.45409], [-113.51595, 53.45418], [-113.516071, 53.4543], [-113.516189, 53.45457], [-113.51618, 53.45504], [-113.51617, 53.45538], [-113.51613, 53.45646], [-113.51577, 53.457398]]}, "properties": {"route_id": "709", "route_short_name": "709", "route_long_name": "709 \u2014 Century Park - Southgate", "category": "Frequent Bus"}}, {"type": "Feature", "geometry": {"type": "LineString", "coordinates": [[-113.390104, 53.572169], [-113.38958, 53.57228], [-113.38846, 53.57247], [-113.38822, 53.57215], [-113.38781, 53.5716], [-113.387551, 53.57104], [-113.38767, 53.57081], [-113.388241, 53.57063], [-113.38879, 53.57054], [-113.38951, 53.57046], [-113.39007, 53.57044], [-113.391044, 53.57044], [-113.39106, 53.57044], [-113.39162, 53.57044], [-113.39287, 53.57043], [-113.39361, 53.57043], [-113.39432, 53.57043], [-113.394465, 53.570479], [-113.394449, 53.57065], [-113.395361, 53.57038], [-113.395739, 53.57038], [-113.39657, 53.57038], [-113.397355, 53.57038], [-113.397971, 53.57038], [-113.39876, 53.57038], [-113.399939, 53.57038], [-113.40044, 53.57038], [-113.40147, 53.57038], [-113.40226, 53.57037], [-113.403639, 53.57037], [-113.404541, 53.57037], [-113.40525, 53.57037], [-113.405493, 53.570369], [-113.40609, 53.57037], [-113.407041, 53.57037], [-113.408029, 53.57037], [-113.408277, 53.57037], [-113.408741, 53.57037], [-113.40976, 53.57037], [-113.410711, 53.57037], [-113.411148, 53.57037], [-113.411721, 53.57037], [-113.412999, 53.57036], [-113.41391, 53.57036], [-113.414366, 53.57036], [-113.414541, 53.57036], [-113.41532, 53.57036], [-113.41684, 53.57036], [-113.41764, 53.57036], [-113.41842, 53.57036], [-113.41905, 53.57036], [-113.419273, 53.57036], [-113.419651, 53.57036], [-113.42153, 53.57036], [-113.423535, 53.570361], [-113.42384, 53.57036], [-113.42458, 53.57036], [-113.42611, 53.57036], [-113.426515, 53.570362], [-113.428351, 53.57037], [-113.429507, 53.57037], [-113.43022, 53.57037], [-113.4319, 53.57037], [-113.43225, 53.57037], [-113.432541, 53.57037], [-113.4331, 53.57037], [-113.435299, 53.57037], [-113.43565, 53.57037], [-113.435801, 53.57037], [-113.43683, 53.57037], [-113.439579, 53.570379], [-113.43989, 53.57038], [-113.44141, 53.57038], [-113.442109, 53.57037], [-113.442429, 53.57037], [-113.442851, 53.57037], [-113.44378, 53.57037], [-113.44406, 53.57037], [-113.44407, 53.57037], [-113.445381, 53.57038], [-113.44612, 53.57039], [-113.44686, 53.57039], [-113.447649, 53.57039], [-113.448151, 53.57039], [-113.448498, 53.57039], [-113.448819, 53.57039], [-113.44961, 53.57039], [-113.450199, 53.57038], [-113.45051, 53.57038], [-113.45072, 53.57042], [-113.451249, 53.57043], [-113.45145, 53.57043], [-113.45244, 53.57043], [-113.45292, 53.57043], [-113.45401, 53.57044], [-113.454492, 53.570439], [-113.45504, 53.57044], [-113.45598, 53.57045], [-113.45717, 53.57046], [-113.45822, 53.57046], [-113.45875, 53.57046], [-113.458981, 53.57046], [-113.45936, 53.57046], [-113.460801, 53.57044], [-113.460969, 53.57059], [-113.46081, 53.57069], [-113.459891, 53.57077], [-113.45915, 53.57084], [-113.45881, 53.57102], [-113.459519, 53.571], [-113.459875, 53.570961], [-113.460061, 53.57094], [-113.46055, 53.57089], [-113.460839, 53.57083], [-113.460969, 53.5707], [-113.460979, 53.5704], [-113.46181, 53.5704], [-113.46304, 53.57039], [-113.46341, 53.57039], [-113.464039, 53.5704], [-113.46463, 53.5704], [-113.464672, 53.5704], [-113.46507, 53.5704], [-113.46611, 53.57041], [-113.467289, 53.5704], [-113.468047, 53.5704], [-113.468219, 53.5704], [-113.46882, 53.57039], [-113.469491, 53.57039], [-113.469679, 53.57039], [-113.470291, 53.57039], [-113.471089, 53.57039], [-113.471325, 53.57039], [-113.47144, 53.57039], [-113.472551, 53.57039], [-113.473004, 53.57039], [-113.47331, 53.57039], [-113.474411, 53.57039], [-113.47551, 53.57039], [-113.475839, 53.57039], [-113.47613, 53.57039], [-113.47754, 53.57039], [-113.478219, 53.57039], [-113.478657, 53.57039], [-113.479499, 53.57039], [-113.480381, 53.57039], [-113.48044, 53.57039], [-113.48122, 53.57039], [-113.48271, 53.57039], [-113.48422, 53.57039], [-113.484492, 53.57039], [-113.48494, 53.57039], [-113.486491, 53.57039], [-113.487269, 53.57039], [-113.48789, 53.57039], [-113.48803, 53.57039], [-113.48883, 53.57039], [-113.4902, 53.57038], [-113.490893, 53.570381], [-113.490989, 53.57038], [-113.49151, 53.57038], [-113.49206, 53.57037], [-113.49247, 53.57038], [-113.493091, 53.57038], [-113.493388, 53.57038], [-113.49374, 53.57038], [-113.494629, 53.57035], [-113.495551, 53.57031], [-113.496481, 53.57032], [-113.497391, 53.57033], [-113.498022, 53.570336], [-113.49841, 53.57034], [-113.50106, 53.57035], [-113.501667, 53.570341], [-113.50183, 53.57034], [-113.50284, 53.57035], [-113.503011, 53.57023], [-113.50301, 53.56942], [-113.50301, 53.56835], [-113.50301, 53.56774], [-113.503021, 53.567447], [-113.50305, 53.567], [-113.50356, 53.56629], [-113.50408, 53.56607], [-113.50472, 53.5658], [-113.50528, 53.56556], [-113.505348, 53.56553], [-113.507011, 53.56482], [-113.507501, 53.56461], [-113.508239, 53.5643], [-113.50843, 53.56415], [-113.508491, 53.56399], [-113.508501, 53.56364], [-113.508509, 53.56315], [-113.508515, 53.562286], [-113.50851, 53.56192], [-113.508511, 53.56148], [-113.50854, 53.56078], [-113.50854, 53.560528], [-113.50854, 53.56025], [-113.50854, 53.55959], [-113.50855, 53.55898], [-113.50856, 53.55874], [-113.508561, 53.558465], [-113.50855, 53.55733], [-113.50855, 53.55653], [-113.50855, 53.556381], [-113.50855, 53.55524], [-113.50854, 53.55427], [-113.508519, 53.55334], [-113.508511, 53.553], [-113.50852, 53.55236], [-113.508451, 53.55206], [-113.50845, 53.55176], [-113.508449, 53.551013], [-113.50845, 53.55097], [-113.50845, 53.55057], [-113.508451, 53.55012], [-113.50845, 53.5495], [-113.50845, 53.54903], [-113.50844, 53.54827], [-113.508443, 53.547929], [-113.50845, 53.54622], [-113.508451, 53.54556], [-113.50845, 53.54534], [-113.50845, 53.545], [-113.50845, 53.544182], [-113.50845, 53.54417], [-113.50845, 53.54388], [-113.50844, 53.54336], [-113.50844, 53.542721], [-113.50844, 53.54232], [-113.508439, 53.54118], [-113.50749, 53.54093], [-113.507163, 53.540933], [-113.50573, 53.54094], [-113.50476, 53.54094], [-113.504007, 53.54094], [-113.50392, 53.54094], [-113.50294, 53.54094], [-113.50152, 53.54093], [-113.50075, 53.54093], [-113.499929, 53.54093], [-113.499871, 53.54093], [-113.49845, 53.54093], [-113.49689, 53.54092], [-113.49644, 53.54092], [-113.496311, 53.54092], [-113.49557, 53.54092], [-113.49508, 53.54087], [-113.493729, 53.54091], [-113.493061, 53.54095], [-113.4923, 53.540997], [-113.49199, 53.54102], [-113.49151, 53.54103], [-113.49112, 53.5411], [-113.49032, 53.54114], [-113.49026, 53.54085], [-113.490194, 53.540567], [-113.490119, 53.54028], [-113.48997, 53.53982], [-113.489961, 53.5397], [-113.49001, 53.5396], [-113.490451, 53.53934], [-113.49135, 53.53892], [-113.49172, 53.53886], [-113.492371, 53.53885], [-113.493119, 53.53882], [-113.49349, 53.53872], [-113.4937, 53.53848], [-113.4937, 53.53821], [-113.49317, 53.53776], [-113.49304, 53.53766], [-113.4929, 53.53759], [-113.49274, 53.53753], [-113.492569, 53.5375], [-113.49239, 53.53749], [-113.49218, 53.5375], [-113.492009, 53.53753], [-113.491701, 53.53763], [-113.49093, 53.53794], [-113.49063, 53.53813], [-113.490596, 53.53815], [-113.49035, 53.5383], [-113.49015, 53.5384], [-113.48995, 53.53847], [-113.48973, 53.53852], [-113.489501, 53.53855], [-113.489129, 53.53856], [-113.48897, 53.53855], [-113.48884, 53.53853], [-113.488541, 53.53847], [-113.48812, 53.53836], [-113.48668, 53.53791], [-113.485709, 53.53759], [-113.48526, 53.53744], [-113.48502, 53.53735], [-113.484911, 53.53729], [-113.48474, 53.53715], [-113.48448, 53.53681], [-113.48437, 53.53659], [-113.48432, 53.53637], [-113.48426, 53.53605], [-113.48421, 53.535825], [-113.4842, 53.53578], [-113.48403, 53.5349], [-113.48399, 53.534677], [-113.483981, 53.53462], [-113.483989, 53.53439], [-113.48407, 53.53418], [-113.484231, 53.53402], [-113.484431, 53.53383], [-113.48459, 53.53373], [-113.485129, 53.53342], [-113.485509, 53.53307], [-113.485621, 53.53284], [-113.485625, 53.532815], [-113.48566, 53.53248], [-113.48569, 53.53156], [-113.485681, 53.53125], [-113.48564, 53.531], [-113.485616, 53.53084], [-113.485611, 53.53081], [-113.48554, 53.53053], [-113.48539, 53.53006], [-113.48529, 53.52972], [-113.48524, 53.52941], [-113.48523, 53.52924], [-113.48524, 53.52889], [-113.485299, 53.52862], [-113.48538, 53.5284], [-113.48553, 53.52811], [-113.48575, 53.52776], [-113.485861, 53.5276], [-113.48601, 53.52738], [-113.486079, 53.52722], [-113.48611, 53.52709], [-113.48611, 53.52694], [-113.486109, 53.52674], [-113.486114, 53.526582], [-113.486119, 53.5259], [-113.48612, 53.52497], [-113.48612, 53.52447], [-113.48612, 53.524143], [-113.48612, 53.52351], [-113.48613, 53.52265], [-113.486131, 53.522468], [-113.486131, 53.52223], [-113.486139, 53.52138], [-113.486139, 53.520634], [-113.48614, 53.52047], [-113.48615, 53.51954], [-113.48615, 53.51905], [-113.486159, 53.51861], [-113.48616, 53.51844], [-113.486989, 53.5181], [-113.4871, 53.5181], [-113.488711, 53.5181], [-113.49019, 53.51811], [-113.49087, 53.51811], [-113.491785, 53.51811], [-113.49208, 53.51811], [-113.49335, 53.51811], [-113.494244, 53.51812], [-113.49439, 53.51812], [-113.49477, 53.51812], [-113.49572, 53.51812], [-113.49748, 53.51812], [-113.498209, 53.51812], [-113.49844, 53.51812], [-113.49896, 53.51812], [-113.49945, 53.51812], [-113.49973, 53.51808], [-113.50049, 53.51808], [-113.500916, 53.51808], [-113.501571, 53.51808], [-113.50222, 53.51808], [-113.503959, 53.518069], [-113.504239, 53.51807], [-113.504941, 53.51807], [-113.505321, 53.51807], [-113.506031, 53.51808], [-113.506509, 53.51814], [-113.506749, 53.518149], [-113.50747, 53.51815], [-113.50872, 53.51815], [-113.509737, 53.518154], [-113.510429, 53.51816], [-113.512061, 53.51816], [-113.51276, 53.51816], [-113.513246, 53.518164], [-113.51438, 53.51817], [-113.51585, 53.51817], [-113.5166, 53.51817], [-113.516849, 53.51817], [-113.51781, 53.51818], [-113.518135, 53.51818], [-113.5192, 53.51818], [-113.51936, 53.51818], [-113.519819, 53.51818], [-113.52024, 53.51818], [-113.52057, 53.51817], [-113.52075, 53.51855], [-113.52075, 53.51858], [-113.52075, 53.5191], [-113.52082, 53.51982], [-113.520845, 53.52028], [-113.520841, 53.52054], [-113.52084, 53.52123], [-113.52084, 53.5215], [-113.52084, 53.52195], [-113.52084, 53.52247], [-113.521708, 53.52289], [-113.52218, 53.52289], [-113.52359, 53.52289], [-113.52564, 53.52288], [-113.52566, 53.52336], [-113.525671, 53.52415], [-113.52564, 53.52463], [-113.525638, 53.524644], [-113.52555, 53.5248], [-113.52509, 53.52481], [-113.52474, 53.52481], [-113.52376, 53.52481], [-113.52302, 53.5248], [-113.52246, 53.5248], [-113.52121, 53.5248]]}, "properties": {"route_id": "008", "route_short_name": "008", "route_long_name": "008 \u2014 Abbottsfield - Downtown - University", "category": "Frequent Bus"}}, {"type": "Feature", "geometry": {"type": "LineString", "coordinates": [[-113.495313, 53.53957], [-113.495559, 53.53989], [-113.49557, 53.54092], [-113.49508, 53.54087], [-113.493729, 53.54091], [-113.49373, 53.54149], [-113.49373, 53.541841], [-113.493721, 53.54216], [-113.493811, 53.54309], [-113.49376, 53.54452], [-113.49376, 53.54542], [-113.493681, 53.54615], [-113.493077, 53.546158], [-113.49255, 53.54616], [-113.49195, 53.54617], [-113.490034, 53.54626], [-113.489549, 53.54629], [-113.488911, 53.54633], [-113.488311, 53.54642], [-113.48728, 53.54667], [-113.486737, 53.54676], [-113.48663, 53.54678], [-113.48593, 53.5469], [-113.485139, 53.54703], [-113.484649, 53.54711], [-113.48443, 53.54715], [-113.48311, 53.54738], [-113.482852, 53.547422], [-113.48246, 53.54749], [-113.481331, 53.54768], [-113.48106, 53.54773], [-113.480962, 53.547749], [-113.480711, 53.54779], [-113.48023, 53.54788], [-113.479632, 53.546765], [-113.47937, 53.54628], [-113.47923, 53.54601], [-113.478819, 53.54528], [-113.47865, 53.54497], [-113.47861, 53.5449], [-113.478499, 53.54468], [-113.478498, 53.544676], [-113.478401, 53.54448], [-113.47823, 53.54414], [-113.478039, 53.5438], [-113.477619, 53.54385], [-113.477039, 53.5439], [-113.47637, 53.54396], [-113.47597, 53.54401], [-113.47575, 53.54407], [-113.47556, 53.54419], [-113.475439, 53.54434], [-113.47501, 53.545], [-113.47467, 53.54554], [-113.47429, 53.54612], [-113.474051, 53.54647], [-113.47386, 53.54674], [-113.47364, 53.54698], [-113.473351, 53.5472], [-113.473161, 53.54731], [-113.47283, 53.54745], [-113.472361, 53.54758], [-113.47148, 53.54778], [-113.470521, 53.547985], [-113.47045, 53.548], [-113.469881, 53.54813], [-113.469449, 53.54823], [-113.4691, 53.54831], [-113.46718, 53.54875], [-113.465691, 53.54909], [-113.46524, 53.54919], [-113.464971, 53.54924], [-113.46461, 53.54925], [-113.464114, 53.549297], [-113.46387, 53.54932], [-113.46328, 53.54939], [-113.46268, 53.54949], [-113.46246, 53.54957], [-113.46217, 53.54961], [-113.46112, 53.54982], [-113.46009, 53.55002], [-113.459659, 53.55006], [-113.45922, 53.55005], [-113.4588, 53.54999], [-113.458439, 53.5499], [-113.45819, 53.54981], [-113.4578, 53.54961], [-113.457481, 53.54946], [-113.45723, 53.54937], [-113.45706, 53.54934], [-113.45647, 53.54934], [-113.455579, 53.54935], [-113.454983, 53.54935], [-113.454799, 53.54935], [-113.454019, 53.54935], [-113.45323, 53.54935], [-113.451883, 53.54935], [-113.45186, 53.54935], [-113.45094, 53.54935], [-113.45015, 53.54935], [-113.448703, 53.549351], [-113.44848, 53.54935], [-113.447711, 53.54935], [-113.44665, 53.54935], [-113.445803, 53.549351], [-113.445729, 53.54935], [-113.44529, 53.54935], [-113.443849, 53.54935], [-113.44349, 53.54935], [-113.442989, 53.54935], [-113.44269, 53.54929], [-113.442453, 53.54929], [-113.44226, 53.54929], [-113.44033, 53.54929], [-113.43939, 53.54929], [-113.43847, 53.54928], [-113.43622, 53.54927], [-113.43461, 53.54927], [-113.434391, 53.54927], [-113.432, 53.54927], [-113.43147, 53.54927], [-113.43123, 53.5493], [-113.430739, 53.549303], [-113.43043, 53.54931], [-113.42952, 53.54934], [-113.42902, 53.549368], [-113.428531, 53.5494], [-113.42779, 53.54947], [-113.42681, 53.54958], [-113.42575, 53.54974], [-113.42491, 53.5499], [-113.424158, 53.550067], [-113.4241, 53.55008], [-113.42352, 53.55023], [-113.422669, 53.55046], [-113.421849, 53.55072], [-113.421625, 53.550793], [-113.420901, 53.55103], [-113.42024, 53.55124], [-113.419851, 53.55134], [-113.419569, 53.55139], [-113.419359, 53.55141], [-113.41907, 53.55139], [-113.41892, 53.55133], [-113.4188, 53.55126], [-113.41869, 53.55116], [-113.41869, 53.550918], [-113.418691, 53.55087], [-113.4187, 53.55039], [-113.4187, 53.54941], [-113.418711, 53.54798], [-113.418711, 53.54744], [-113.418712, 53.547094], [-113.418719, 53.5447], [-113.418719, 53.544366], [-113.41872, 53.54258], [-113.41872, 53.542332], [-113.41872, 53.54202], [-113.41871, 53.54175], [-113.4187, 53.54108], [-113.418679, 53.54058], [-113.41868, 53.540424], [-113.418681, 53.54027], [-113.41869, 53.53968], [-113.418682, 53.539089], [-113.418679, 53.53893], [-113.41868, 53.53863], [-113.41869, 53.53814], [-113.41892, 53.5379], [-113.41914, 53.53779], [-113.419531, 53.53779], [-113.419929, 53.53786], [-113.420679, 53.538116], [-113.42105, 53.53822], [-113.421969, 53.53838], [-113.42231, 53.53849], [-113.42239, 53.5386], [-113.42256, 53.53863], [-113.42308, 53.53866], [-113.423201, 53.538657]]}, "properties": {"route_id": "001", "route_short_name": "001", "route_long_name": "001 \u2014 Downtown - Capilano", "category": "Frequent Bus"}}, {"type": "Feature", "geometry": {"type": "LineString", "coordinates": [[-113.555515, 53.561195], [-113.555521, 53.56049], [-113.55553, 53.55992], [-113.55555, 53.55954], [-113.555531, 53.55895], [-113.554885, 53.55882], [-113.55461, 53.55882], [-113.552809, 53.55883], [-113.55152, 53.55884], [-113.55087, 53.55886], [-113.550461, 53.55886], [-113.549579, 53.55886], [-113.548905, 53.558868], [-113.54856, 53.55888], [-113.54819, 53.55892], [-113.5472, 53.55892], [-113.54621, 53.55892], [-113.545902, 53.55892], [-113.54453, 53.55892], [-113.544052, 53.55892], [-113.54286, 53.55891], [-113.542209, 53.55891], [-113.541455, 53.558917], [-113.54118, 53.55892], [-113.54036, 53.55892], [-113.53861, 53.55892], [-113.5368, 53.55892], [-113.535929, 53.55892], [-113.53521, 53.55892], [-113.535208, 53.55892], [-113.53474, 53.55892], [-113.5333, 53.55892], [-113.53201, 53.558926], [-113.53172, 53.55893], [-113.53137, 53.55893], [-113.53033, 53.55892], [-113.52934, 53.55891], [-113.52887, 53.5589], [-113.528451, 53.55883], [-113.527861, 53.55883], [-113.52699, 53.55883], [-113.526336, 53.55883], [-113.52314, 53.55883], [-113.521659, 53.55883], [-113.52084, 53.55883], [-113.516311, 53.55883], [-113.515395, 53.55883], [-113.51247, 53.55883], [-113.51087, 53.55883], [-113.509865, 53.558832], [-113.50855, 53.55884], [-113.50772, 53.55884], [-113.50764, 53.55884], [-113.50659, 53.55884], [-113.504896, 53.55884], [-113.50475, 53.55884], [-113.50395, 53.55884], [-113.50325, 53.55882], [-113.50279, 53.55882], [-113.50203, 53.55884], [-113.50152, 53.55884], [-113.501401, 53.558843], [-113.50024, 53.55885], [-113.49941, 53.55886], [-113.4989, 53.55886], [-113.497898, 53.55886], [-113.497579, 53.55886], [-113.49553, 53.55886], [-113.495031, 53.55885], [-113.494765, 53.558853], [-113.49468, 53.55886], [-113.49417, 53.55888], [-113.49371, 53.55888], [-113.492781, 53.55895], [-113.49187, 53.55903], [-113.491369, 53.55908], [-113.491037, 53.559099], [-113.490759, 53.55912], [-113.490049, 53.55916], [-113.489529, 53.55923], [-113.489149, 53.55934], [-113.489128, 53.559347], [-113.48888, 53.55943], [-113.48821, 53.55966], [-113.48761, 53.55986], [-113.48702, 53.56006], [-113.48661, 53.56018], [-113.48626, 53.56024], [-113.485997, 53.560269], [-113.4856, 53.5603], [-113.4846, 53.56038], [-113.48386, 53.56044], [-113.483199, 53.5605], [-113.48293, 53.56053], [-113.48235, 53.56062], [-113.481984, 53.560682], [-113.4815, 53.56077], [-113.481081, 53.56085], [-113.48077, 53.56091], [-113.48019, 53.56101], [-113.47976, 53.56107], [-113.47906, 53.56109], [-113.478835, 53.561094], [-113.47813, 53.5611], [-113.476811, 53.5611], [-113.476308, 53.561101], [-113.476221, 53.5611], [-113.47567, 53.56106], [-113.475271, 53.56103], [-113.47478, 53.56103], [-113.473321, 53.56102], [-113.47332, 53.56051], [-113.473331, 53.5601], [-113.47335, 53.55975], [-113.47343, 53.55949], [-113.473531, 53.55931], [-113.473679, 53.55913], [-113.47398, 53.55885], [-113.473751, 53.5586], [-113.47329, 53.55841], [-113.472521, 53.55886], [-113.471831, 53.55949]]}, "properties": {"route_id": "003", "route_short_name": "003", "route_long_name": "003 \u2014 Westmount - Stadium", "category": "Frequent Bus"}}, {"type": "Feature", "geometry": {"type": "LineString", "coordinates": [[-113.430348, 53.45726], [-113.43135, 53.4571], [-113.43134, 53.45682], [-113.43143, 53.4565], [-113.43161, 53.45646], [-113.43263, 53.45643], [-113.433161, 53.45636], [-113.43468, 53.45635], [-113.43475, 53.45536], [-113.43478, 53.45467], [-113.43475, 53.45449], [-113.434709, 53.4539], [-113.43469, 53.45367], [-113.43464, 53.45355], [-113.43429, 53.45348], [-113.43329, 53.45345], [-113.433056, 53.453444], [-113.432411, 53.45344], [-113.43151, 53.45345], [-113.43087, 53.45346], [-113.43007, 53.45349], [-113.429552, 53.45352], [-113.429251, 53.45354], [-113.42823, 53.45363], [-113.42727, 53.45373], [-113.4267, 53.4538], [-113.42549, 53.45396], [-113.424221, 53.45412], [-113.423599, 53.454201], [-113.422841, 53.4543], [-113.42155, 53.45447], [-113.42117, 53.45452], [-113.42039, 53.45462], [-113.420081, 53.45466], [-113.419161, 53.45479], [-113.418903, 53.454824], [-113.418219, 53.45491], [-113.41679, 53.45509], [-113.41603, 53.45517], [-113.414899, 53.45526], [-113.414384, 53.455293], [-113.41362, 53.45533], [-113.41206, 53.45537], [-113.41055, 53.45535], [-113.409431, 53.45531], [-113.40837, 53.45525], [-113.40809, 53.45523], [-113.407737, 53.455199], [-113.40743, 53.45517], [-113.40665, 53.45509], [-113.40573, 53.45497], [-113.40451, 53.45479], [-113.403381, 53.45461], [-113.40209, 53.45441], [-113.40086, 53.45422], [-113.39916, 53.45398], [-113.398659, 53.453897], [-113.398261, 53.45385], [-113.3976, 53.45381], [-113.396599, 53.45379], [-113.39589, 53.4538], [-113.395209, 53.45382], [-113.39374, 53.45383], [-113.393093, 53.453822], [-113.39232, 53.45382], [-113.391011, 53.45382], [-113.39046, 53.45391], [-113.38955, 53.45393], [-113.38821, 53.45396], [-113.38643, 53.45401], [-113.386511, 53.45298], [-113.386413, 53.452561], [-113.3864, 53.45202], [-113.38644, 53.45118], [-113.386577, 53.450907], [-113.38675, 53.4506], [-113.38743, 53.44965], [-113.387596, 53.44941], [-113.3878, 53.44885], [-113.38783, 53.44772], [-113.387835, 53.447385], [-113.387835, 53.445907], [-113.38782, 53.44555], [-113.3878, 53.44484], [-113.38781, 53.44368], [-113.387819, 53.44335], [-113.38783, 53.44249], [-113.38782, 53.441802], [-113.38782, 53.44179], [-113.38773, 53.44147], [-113.38748, 53.44116], [-113.387059, 53.4409], [-113.38661, 53.44075], [-113.38552, 53.44065], [-113.384974, 53.440654], [-113.383589, 53.44066], [-113.38327, 53.44066], [-113.38171, 53.44066], [-113.379931, 53.440656], [-113.379059, 53.44065], [-113.3783, 53.44072], [-113.377301, 53.44101], [-113.376833, 53.441188], [-113.37622, 53.44156], [-113.375649, 53.44215], [-113.37553, 53.442407], [-113.37539, 53.44289], [-113.375431, 53.44363], [-113.37547, 53.44461], [-113.375469, 53.445238], [-113.37548, 53.44561], [-113.375453, 53.447319], [-113.375449, 53.44749], [-113.37545, 53.44828], [-113.37563, 53.44922], [-113.37602, 53.44983], [-113.37642, 53.45028], [-113.37663, 53.4505], [-113.376969, 53.45089], [-113.3771, 53.45104], [-113.377689, 53.45179], [-113.37789, 53.45236], [-113.377889, 53.45325], [-113.377881, 53.45405], [-113.377274, 53.45405], [-113.376511, 53.45405], [-113.37508, 53.45406], [-113.374471, 53.45406], [-113.372351, 53.45407], [-113.370319, 53.4541], [-113.36958, 53.45411], [-113.36905, 53.45439], [-113.369022, 53.454752], [-113.36898, 53.45526], [-113.36895, 53.45571], [-113.368941, 53.45601], [-113.368922, 53.456947], [-113.36892, 53.4571], [-113.368899, 53.45869], [-113.36889, 53.45984], [-113.36889, 53.459859], [-113.368881, 53.46067], [-113.368881, 53.46138], [-113.36887, 53.46222], [-113.36887, 53.46273], [-113.36886, 53.46346], [-113.36886, 53.463813], [-113.36886, 53.4642], [-113.36887, 53.46507], [-113.36886, 53.46634], [-113.368849, 53.46683], [-113.368833, 53.467827], [-113.36883, 53.46806], [-113.36883, 53.46844], [-113.36882, 53.46894], [-113.368801, 53.46972], [-113.3688, 53.46987], [-113.368689, 53.47011], [-113.368639, 53.47054], [-113.368619, 53.47177], [-113.36862, 53.47246], [-113.36862, 53.472844], [-113.36861, 53.47342], [-113.368551, 53.47418], [-113.368511, 53.47454], [-113.368479, 53.47513], [-113.36849, 53.475346], [-113.3685, 53.47575], [-113.368511, 53.47616], [-113.368531, 53.47694], [-113.36853, 53.47711], [-113.36853, 53.47722], [-113.36854, 53.47796], [-113.36805, 53.47799]]}, "properties": {"route_id": "516", "route_short_name": "516", "route_long_name": "516 \u2014 Mill Woods - Laurel - Meadows", "category": "Frequent Bus"}}, {"type": "Feature", "geometry": {"type": "LineString", "coordinates": [[-113.444658, 53.499881], [-113.444991, 53.50017], [-113.44553, 53.50009], [-113.44585, 53.50139], [-113.44725, 53.50134], [-113.44757, 53.50131], [-113.447899, 53.50122], [-113.448401, 53.50092], [-113.44855, 53.50067], [-113.44857, 53.50038], [-113.44859, 53.50005], [-113.44944, 53.49932], [-113.449489, 53.499285], [-113.44976, 53.49908], [-113.45065, 53.49842], [-113.45131, 53.49793], [-113.45197, 53.49746], [-113.452179, 53.49738], [-113.452679, 53.4973], [-113.454521, 53.49709], [-113.45502, 53.49704], [-113.45502, 53.49669], [-113.45503, 53.49555], [-113.45503, 53.49487], [-113.455019, 53.49368], [-113.455013, 53.493243], [-113.45501, 53.49267], [-113.45501, 53.49196], [-113.455009, 53.49129], [-113.454981, 53.49071], [-113.455049, 53.4904], [-113.454916, 53.489771], [-113.45464, 53.48886], [-113.4546, 53.48845], [-113.454941, 53.48819], [-113.45564, 53.48813], [-113.455779, 53.48813], [-113.457632, 53.48814], [-113.457879, 53.48814], [-113.459011, 53.48815], [-113.46059, 53.48815], [-113.461045, 53.488151], [-113.461959, 53.48815], [-113.46409, 53.48815], [-113.464527, 53.488156], [-113.465629, 53.48817], [-113.46705, 53.48816], [-113.467339, 53.48818], [-113.468314, 53.48818], [-113.46873, 53.48818], [-113.470339, 53.48817], [-113.47164, 53.48817], [-113.472239, 53.48817], [-113.473183, 53.48817], [-113.47339, 53.48817], [-113.47457, 53.48817], [-113.47529, 53.48817], [-113.476539, 53.48817], [-113.477281, 53.48817], [-113.47883, 53.48817], [-113.47994, 53.48817], [-113.480357, 53.48817], [-113.48185, 53.48818], [-113.48339, 53.48819], [-113.48432, 53.48819], [-113.4852, 53.48819], [-113.48609, 53.48819], [-113.48724, 53.48819], [-113.487645, 53.48819], [-113.488249, 53.48819], [-113.49032, 53.48819], [-113.49162, 53.48819], [-113.492635, 53.488196], [-113.493, 53.4882], [-113.49477, 53.48821], [-113.495259, 53.48824], [-113.495595, 53.488241], [-113.49594, 53.48825], [-113.4964, 53.48825], [-113.49762, 53.48826], [-113.49895, 53.48827], [-113.50032, 53.48828], [-113.500871, 53.488286], [-113.50195, 53.48829], [-113.50361, 53.48831], [-113.50437, 53.48831], [-113.504371, 53.48797], [-113.50437, 53.487874], [-113.50435, 53.4873], [-113.50433, 53.48639], [-113.50441, 53.48613], [-113.50442, 53.48478], [-113.504417, 53.484507], [-113.5044, 53.48311], [-113.504379, 53.4823], [-113.50453, 53.48205], [-113.50476, 53.48194], [-113.50517, 53.48192], [-113.505706, 53.482057], [-113.50768, 53.48255], [-113.507942, 53.482623], [-113.509309, 53.4829], [-113.51053, 53.48308], [-113.51171, 53.48296], [-113.512809, 53.48285], [-113.5135, 53.48297], [-113.514261, 53.48308], [-113.514659, 53.48312], [-113.51578, 53.48323], [-113.51643, 53.48373], [-113.51652, 53.48407], [-113.51655, 53.48436], [-113.516311, 53.48458], [-113.516321, 53.48528]]}, "properties": {"route_id": "006", "route_short_name": "006", "route_long_name": "006 \u2014 Davies - Southgate", "category": "Frequent Bus"}}, {"type": "Feature", "geometry": {"type": "LineString", "coordinates": [[-113.368112, 53.478565], [-113.36814, 53.47881], [-113.367969, 53.47894], [-113.36737, 53.47894], [-113.36711, 53.479], [-113.367031, 53.47926], [-113.367589, 53.47937], [-113.36866, 53.47938], [-113.36897, 53.47938], [-113.36896, 53.479], [-113.368947, 53.478734], [-113.36892, 53.47824], [-113.36889, 53.47763], [-113.36888, 53.47723], [-113.368871, 53.47708], [-113.36887, 53.47673], [-113.36886, 53.4764], [-113.36886, 53.476382], [-113.36886, 53.47594], [-113.368841, 53.47555], [-113.368839, 53.47462], [-113.36883, 53.474], [-113.368851, 53.47325], [-113.368851, 53.47284], [-113.368864, 53.472139], [-113.36887, 53.47176], [-113.36888, 53.47103], [-113.368881, 53.47042], [-113.36888, 53.47013], [-113.3688, 53.46987], [-113.368801, 53.46972], [-113.36882, 53.46894], [-113.36883, 53.46844], [-113.36883, 53.46806], [-113.368845, 53.467102], [-113.368849, 53.46683], [-113.36886, 53.46634], [-113.36887, 53.46507], [-113.36886, 53.4642], [-113.36886, 53.46346], [-113.368867, 53.463125], [-113.36887, 53.46273], [-113.36887, 53.46222], [-113.368881, 53.46138], [-113.368881, 53.46067], [-113.36889, 53.45984], [-113.368899, 53.45869], [-113.3689, 53.458532], [-113.36892, 53.4571], [-113.368941, 53.45601], [-113.36895, 53.45571], [-113.36898, 53.45526], [-113.36905, 53.45439], [-113.36933, 53.45423], [-113.36972, 53.45411], [-113.370179, 53.454103], [-113.37155, 53.45408], [-113.37351, 53.45406], [-113.37496, 53.45406], [-113.37591, 53.45406], [-113.37705, 53.45405], [-113.378582, 53.45405], [-113.378999, 53.45405], [-113.37937, 53.45405], [-113.381121, 53.45405], [-113.381623, 53.45405], [-113.382019, 53.45405], [-113.382941, 53.45406], [-113.3838, 53.45407], [-113.384259, 53.45407], [-113.384701, 53.45406], [-113.385789, 53.45403], [-113.387026, 53.453994], [-113.387201, 53.45399], [-113.38829, 53.45396], [-113.39027, 53.45391], [-113.3908, 53.45388], [-113.39374, 53.45395], [-113.394544, 53.45395], [-113.3952, 53.45395], [-113.39676, 53.45392], [-113.39757, 53.45393], [-113.39825, 53.45394], [-113.39867, 53.45399], [-113.3997, 53.454145], [-113.400201, 53.45421], [-113.401021, 53.45434], [-113.40154, 53.45443], [-113.40277, 53.45464], [-113.40466, 53.45499], [-113.405879, 53.45518], [-113.406711, 53.45528], [-113.40733, 53.45534], [-113.40828, 53.45542], [-113.409739, 53.45551], [-113.410186, 53.455527], [-113.41113, 53.45555], [-113.41281, 53.45555], [-113.41397, 53.4555], [-113.41496, 53.45544], [-113.415464, 53.4554], [-113.416961, 53.45525], [-113.418071, 53.45512], [-113.418779, 53.45503], [-113.419401, 53.45495], [-113.41999, 53.45488], [-113.420269, 53.45484], [-113.42077, 53.45477], [-113.42144, 53.45468], [-113.42201, 53.45461], [-113.422839, 53.4545], [-113.422865, 53.454496], [-113.424299, 53.45431], [-113.424488, 53.454805], [-113.4248, 53.45562], [-113.42491, 53.45592], [-113.42515, 53.45617], [-113.425871, 53.45658], [-113.42649, 53.45695], [-113.42711, 53.45731], [-113.427509, 53.45754], [-113.427839, 53.45774], [-113.428179, 53.457581], [-113.42837, 53.45749], [-113.42903, 53.45731], [-113.429841, 53.45727], [-113.430289, 53.45726], [-113.43135, 53.4571], [-113.43134, 53.45682], [-113.43143, 53.4565], [-113.43161, 53.45646], [-113.43263, 53.45643], [-113.433161, 53.45636], [-113.43468, 53.45635], [-113.43475, 53.45536], [-113.434889, 53.45417], [-113.434979, 53.45398], [-113.435089, 53.45385], [-113.43523, 53.45378], [-113.435369, 53.45374], [-113.435559, 53.45371], [-113.436342, 53.453709], [-113.4367, 53.45372], [-113.438079, 53.45373], [-113.43955, 53.45373], [-113.441039, 53.45372], [-113.44206, 53.45369], [-113.44305, 53.45366], [-113.44441, 53.45361], [-113.444544, 53.453603], [-113.445749, 53.45354], [-113.44727, 53.45342], [-113.44917, 53.45325], [-113.44941, 53.453225], [-113.45139, 53.453], [-113.45318, 53.45277], [-113.45408, 53.45265], [-113.45665, 53.45231], [-113.458, 53.45216], [-113.45868, 53.4521], [-113.459959, 53.452], [-113.460353, 53.451984], [-113.46235, 53.4519], [-113.46435, 53.45191], [-113.464859, 53.45191], [-113.46558, 53.45192], [-113.46655, 53.45193], [-113.46767, 53.45193], [-113.46815, 53.451935], [-113.468449, 53.45194], [-113.470381, 53.45196], [-113.471111, 53.45197], [-113.47178, 53.45199], [-113.472559, 53.45203], [-113.47342, 53.45209], [-113.47439, 53.45219], [-113.47449, 53.452202], [-113.475421, 53.45233], [-113.47668, 53.45254], [-113.47754, 53.45273], [-113.478179, 53.45287], [-113.478709, 53.45299], [-113.479269, 53.45312], [-113.479597, 53.453199], [-113.47994, 53.45328], [-113.4804, 53.45338], [-113.48113, 53.45352], [-113.48183, 53.45364], [-113.482829, 53.45378], [-113.483661, 53.45388], [-113.4845, 53.45395], [-113.48493, 53.45398], [-113.485791, 53.45403], [-113.486552, 53.45407], [-113.486781, 53.45408], [-113.487999, 53.45414], [-113.4896, 53.45421], [-113.49109, 53.45428], [-113.49169, 53.45431], [-113.492429, 53.45433], [-113.49331, 53.45434], [-113.49399, 53.45433], [-113.494709, 53.45427], [-113.49578, 53.45415], [-113.496591, 53.45407], [-113.496827, 53.454055], [-113.497119, 53.45404], [-113.49872, 53.45403], [-113.50043, 53.45403], [-113.501451, 53.45403], [-113.502154, 53.454031], [-113.50314, 53.45403], [-113.50451, 53.45402], [-113.507209, 53.45401], [-113.50781, 53.45401], [-113.50909, 53.45401], [-113.5097, 53.45401], [-113.51037, 53.45401], [-113.511509, 53.454], [-113.51203, 53.454], [-113.512659, 53.454], [-113.51382, 53.45401], [-113.514004, 53.454013], [-113.51461, 53.45402], [-113.515121, 53.45402], [-113.51553, 53.45404], [-113.515751, 53.45409], [-113.51595, 53.45418], [-113.516071, 53.4543], [-113.516189, 53.45457], [-113.51618, 53.45504], [-113.51617, 53.45538], [-113.51613, 53.45646], [-113.51613, 53.457], [-113.51613, 53.45751], [-113.51613, 53.45797], [-113.51572, 53.45807], [-113.51548, 53.45805], [-113.515359, 53.45792], [-113.51536, 53.457461], [-113.515359, 53.4566], [-113.515521, 53.45644], [-113.515779, 53.45646], [-113.51666, 53.45645], [-113.51664, 53.45589], [-113.51664, 53.4553], [-113.51664, 53.45506], [-113.51665, 53.45456], [-113.516749, 53.45432], [-113.5168, 53.45424], [-113.516909, 53.45415], [-113.517191, 53.45404], [-113.517579, 53.45401], [-113.51768, 53.454011], [-113.5184, 53.45401], [-113.52431, 53.45401], [-113.525519, 53.45401], [-113.526082, 53.45401], [-113.52803, 53.45401], [-113.5294, 53.45401], [-113.53046, 53.45401], [-113.530877, 53.454009], [-113.532371, 53.45402], [-113.53298, 53.45402], [-113.53423, 53.45403], [-113.53482, 53.45402], [-113.53546, 53.45402], [-113.53609, 53.45406], [-113.536739, 53.45418], [-113.53735, 53.45436], [-113.53824, 53.45466], [-113.53984, 53.45521], [-113.541569, 53.45581], [-113.54233, 53.45607], [-113.542969, 53.45625], [-113.54335, 53.45632], [-113.543911, 53.45638], [-113.54451, 53.45639], [-113.54512, 53.45634], [-113.54577, 53.4562], [-113.5464, 53.45602], [-113.54711, 53.4558], [-113.54808, 53.45549], [-113.54892, 53.45523], [-113.5496, 53.455], [-113.550421, 53.45468], [-113.550919, 53.45448], [-113.551441, 53.45431], [-113.552061, 53.45418], [-113.55265, 53.45411], [-113.553381, 53.45408], [-113.55415, 53.45408], [-113.55566, 53.45409], [-113.55658, 53.4541], [-113.55754, 53.45415], [-113.55912, 53.45415], [-113.559783, 53.454154], [-113.5606, 53.45416], [-113.56197, 53.45417], [-113.562422, 53.45417], [-113.563439, 53.45417], [-113.564529, 53.45416], [-113.565391, 53.45416], [-113.566282, 53.454155], [-113.56678, 53.45415], [-113.5673, 53.45415], [-113.568691, 53.45415], [-113.57105, 53.45415], [-113.57214, 53.45415], [-113.57309, 53.45417], [-113.57365, 53.45418], [-113.574306, 53.454218], [-113.57467, 53.45424], [-113.57568, 53.45433], [-113.57685, 53.45446], [-113.57744, 53.45454], [-113.57843, 53.4547], [-113.57901, 53.45481], [-113.579139, 53.45501], [-113.579586, 53.455114], [-113.57988, 53.45518], [-113.58061, 53.45535], [-113.581091, 53.45547], [-113.58132, 53.45557], [-113.5814, 53.4557], [-113.58128, 53.45595], [-113.58139, 53.4561], [-113.58157, 53.45616], [-113.58179, 53.456], [-113.582239, 53.45561], [-113.582796, 53.455768], [-113.583509, 53.45598], [-113.58536, 53.45655], [-113.58645, 53.45689], [-113.587231, 53.45712], [-113.588289, 53.4574], [-113.58987, 53.45786], [-113.590859, 53.4582], [-113.59132, 53.45835], [-113.59171, 53.45854], [-113.59227, 53.45888], [-113.592727, 53.459242], [-113.59306, 53.45954], [-113.59373, 53.46033], [-113.59395, 53.46078], [-113.594103, 53.461174], [-113.59417, 53.46133], [-113.594259, 53.46164], [-113.59429, 53.4625], [-113.59395, 53.4636], [-113.593589, 53.46447], [-113.593521, 53.4652], [-113.593525, 53.465252], [-113.593639, 53.46585], [-113.594461, 53.46755], [-113.59471, 53.46806], [-113.594865, 53.468372], [-113.595511, 53.46973], [-113.59555, 53.47045], [-113.595502, 53.470582], [-113.59529, 53.47104], [-113.594449, 53.47173], [-113.593439, 53.47245], [-113.593304, 53.47255], [-113.59077, 53.47434], [-113.589948, 53.474804], [-113.589739, 53.4749], [-113.58841, 53.47543], [-113.58504, 53.47645], [-113.584583, 53.476615], [-113.58391, 53.4769], [-113.58325, 53.47726], [-113.5825, 53.47772], [-113.58166, 53.47841], [-113.581448, 53.478637], [-113.58111, 53.47899], [-113.580601, 53.47967], [-113.580348, 53.480193], [-113.58004, 53.48081], [-113.57979, 53.48136], [-113.579318, 53.482339], [-113.57888, 53.48325], [-113.57861, 53.48383], [-113.578587, 53.48388], [-113.57839, 53.4843], [-113.57791, 53.48541], [-113.577757, 53.486175], [-113.577681, 53.48671], [-113.57767, 53.4873], [-113.57768, 53.488145], [-113.57768, 53.48873], [-113.57777, 53.48943], [-113.5776, 53.48998], [-113.576781, 53.49025], [-113.57497, 53.49034], [-113.574352, 53.490339], [-113.5742, 53.49034], [-113.57362, 53.49034], [-113.57222, 53.49035], [-113.57109, 53.49034], [-113.57109, 53.490649], [-113.571111, 53.491], [-113.57157, 53.49308], [-113.57177, 53.49499], [-113.57177, 53.49584], [-113.57176, 53.49651], [-113.57174, 53.49704], [-113.57174, 53.49717], [-113.571711, 53.49754], [-113.57164, 53.49797], [-113.57147, 53.49853], [-113.57133, 53.49883], [-113.571191, 53.49905], [-113.57093, 53.49937], [-113.5707, 53.49961], [-113.57038, 53.49988], [-113.56991, 53.50021], [-113.56942, 53.50053], [-113.568579, 53.50107], [-113.568139, 53.50137], [-113.56779, 53.50164], [-113.56746, 53.50194], [-113.56717, 53.50229], [-113.566949, 53.50262], [-113.5668, 53.50292], [-113.56669, 53.50323], [-113.5666, 53.50363], [-113.56655, 53.50398], [-113.56652, 53.50426], [-113.566479, 53.50482], [-113.56648, 53.50519], [-113.56648, 53.50547], [-113.566531, 53.50614], [-113.5666, 53.50663], [-113.56668, 53.50704], [-113.56684, 53.50771], [-113.56703, 53.50831], [-113.5672, 53.50878], [-113.56735, 53.50912], [-113.567521, 53.50943], [-113.5677, 53.5097], [-113.56794, 53.50997], [-113.56819, 53.5102], [-113.56852, 53.51045], [-113.56892, 53.5107], [-113.5693, 53.51089], [-113.56966, 53.51104], [-113.570229, 53.51123], [-113.570629, 53.51133], [-113.57104, 53.51141], [-113.57149, 53.51147], [-113.57196, 53.51151], [-113.57303, 53.51154], [-113.574299, 53.51157], [-113.57503, 53.51161], [-113.57563, 53.51167], [-113.57626, 53.51175], [-113.57702, 53.51188], [-113.578021, 53.5121], [-113.578931, 53.51231], [-113.57939, 53.5124], [-113.57995, 53.51249], [-113.58102, 53.51259], [-113.58189, 53.5126], [-113.582819, 53.51255], [-113.583569, 53.51247], [-113.584261, 53.51238], [-113.585009, 53.51228], [-113.58566, 53.5122], [-113.586451, 53.51212], [-113.587231, 53.51207], [-113.58828, 53.51204], [-113.589519, 53.51204], [-113.59038, 53.51205], [-113.59114, 53.51205], [-113.59272, 53.51213], [-113.59418, 53.51222], [-113.59575, 53.51231], [-113.596141, 53.51233], [-113.59644, 53.51242], [-113.59663, 53.51251], [-113.59674, 53.5126], [-113.59674, 53.51275], [-113.596736, 53.513264], [-113.59673, 53.51411], [-113.596715, 53.5155], [-113.596699, 53.51685], [-113.596703, 53.517285], [-113.59665, 53.51818], [-113.59664, 53.51838], [-113.596611, 53.51888], [-113.5966, 53.51904], [-113.596591, 53.51955], [-113.597262, 53.51955], [-113.597351, 53.51955], [-113.597759, 53.51955], [-113.59888, 53.51955], [-113.599441, 53.51955], [-113.59983, 53.51952], [-113.60054, 53.51952], [-113.60057, 53.51952], [-113.60128, 53.51952], [-113.60286, 53.51952], [-113.604126, 53.51952], [-113.60468, 53.51952], [-113.60668, 53.51953], [-113.60832, 53.51954], [-113.609479, 53.51955], [-113.609511, 53.51955], [-113.61007, 53.51956], [-113.610591, 53.51956], [-113.61096, 53.5196], [-113.61138, 53.51961], [-113.61263, 53.51961], [-113.61341, 53.51962], [-113.61347, 53.519621], [-113.61445, 53.51963], [-113.61473, 53.51967], [-113.61495, 53.51973], [-113.61511, 53.51983], [-113.61519, 53.51996], [-113.61524, 53.52028], [-113.61523, 53.52087], [-113.61523, 53.52177], [-113.61521, 53.52282], [-113.61521, 53.52331], [-113.61521, 53.52366], [-113.6152, 53.5247], [-113.61549, 53.52485], [-113.617891, 53.52485], [-113.619031, 53.52486], [-113.61989, 53.52486], [-113.6211, 53.52486], [-113.62195, 53.52486], [-113.62298, 53.52489], [-113.62346, 53.52518], [-113.62317, 53.52523], [-113.62254, 53.52519], [-113.62206, 53.52519]]}, "properties": {"route_id": "056", "route_short_name": "056", "route_long_name": "056 \u2014 Meadows - Leger - West Edmonton Mall", "category": "Frequent Bus"}}, {"type": "Feature", "geometry": {"type": "LineString", "coordinates": [[-113.568572, 53.55104], [-113.56802, 53.55104], [-113.567419, 53.55104], [-113.56702, 53.55103], [-113.566871, 53.55101], [-113.56671, 53.55096], [-113.56643, 53.55083], [-113.566311, 53.55073], [-113.5662, 53.55067], [-113.56612, 53.55064], [-113.565919, 53.55062], [-113.56577, 53.55063], [-113.56565, 53.55065], [-113.56547, 53.5507], [-113.56525, 53.55081], [-113.56504, 53.55088], [-113.56484, 53.55092], [-113.56452, 53.55097], [-113.560805, 53.550997], [-113.55921, 53.55099], [-113.55789, 53.55097], [-113.55721, 53.5509], [-113.555479, 53.5509], [-113.55374, 53.55089], [-113.55318, 53.55089], [-113.55151, 53.55088], [-113.550161, 53.55088], [-113.549659, 53.55089], [-113.5489, 53.55089], [-113.548475, 53.550901], [-113.54791, 53.55091], [-113.547111, 53.55091], [-113.54622, 53.55091], [-113.545778, 53.550915], [-113.545239, 53.55092], [-113.543709, 53.55092], [-113.542849, 53.55092], [-113.542395, 53.55092], [-113.54197, 53.55092], [-113.54031, 53.55092], [-113.53945, 53.55092], [-113.53839, 53.55092], [-113.53718, 53.55092], [-113.537137, 53.55092], [-113.53666, 53.55092], [-113.53616, 53.55093], [-113.53571, 53.55097], [-113.535401, 53.55097], [-113.535138, 53.550969], [-113.53503, 53.55097], [-113.53413, 53.55098], [-113.53244, 53.55097], [-113.531992, 53.55097], [-113.53179, 53.55097], [-113.530709, 53.55097], [-113.529929, 53.55097], [-113.529339, 53.55097], [-113.528861, 53.551], [-113.528504, 53.551034], [-113.52825, 53.55108], [-113.527381, 53.55125], [-113.52646, 53.55141], [-113.52389, 53.55141], [-113.523635, 53.55141], [-113.522559, 53.55141], [-113.52223, 53.55141], [-113.52188, 53.55141], [-113.521081, 53.55141], [-113.520521, 53.55141], [-113.520495, 53.551409], [-113.51919, 53.55141], [-113.51763, 53.55141], [-113.515771, 53.55141], [-113.515178, 53.551403], [-113.514831, 53.5514], [-113.513061, 53.5514], [-113.512471, 53.5514], [-113.511564, 53.5514], [-113.51152, 53.5514], [-113.51101, 53.5514], [-113.509361, 53.55141], [-113.508451, 53.55141], [-113.507741, 53.55141], [-113.507111, 53.55141], [-113.50571, 53.55141], [-113.50476, 53.55141], [-113.504405, 53.55141], [-113.50292, 53.55141], [-113.50166, 53.55141], [-113.50123, 53.55141], [-113.5008, 53.55141], [-113.50044, 53.551416], [-113.5002, 53.55142], [-113.49954, 53.55142], [-113.498341, 53.55142], [-113.496877, 53.551409], [-113.49653, 53.55141], [-113.496301, 53.55141], [-113.494959, 53.5514], [-113.494449, 53.5514], [-113.49385, 53.55141], [-113.49372, 53.550925], [-113.493721, 53.55089], [-113.493719, 53.55049], [-113.49372, 53.54982], [-113.49372, 53.54952], [-113.49371, 53.5487], [-113.49369, 53.54815], [-113.493721, 53.54771], [-113.493724, 53.547397], [-113.49375, 53.54663], [-113.493759, 53.5456], [-113.49376, 53.544806], [-113.493759, 53.54473], [-113.49381, 53.54424], [-113.49376, 53.54264], [-113.493731, 53.542285], [-113.49373, 53.54209], [-113.493719, 53.541], [-113.49372, 53.54055], [-113.493731, 53.54031], [-113.49373, 53.53999], [-113.49371, 53.5396], [-113.494979, 53.53957]]}, "properties": {"route_id": "901", "route_short_name": "901", "route_long_name": "901 \u2014 Jasper Place - Downtown", "category": "Frequent Bus"}}, {"type": "Feature", "geometry": {"type": "LineString", "coordinates": [[-113.545088, 53.399295], [-113.54493, 53.39926], [-113.543211, 53.39923], [-113.54141, 53.39922], [-113.540831, 53.39922], [-113.540829, 53.399622], [-113.54083, 53.39997], [-113.54083, 53.40023], [-113.54083, 53.40092], [-113.54083, 53.40123], [-113.5408, 53.4015], [-113.540775, 53.401605], [-113.54068, 53.4019], [-113.540571, 53.40214], [-113.540441, 53.40235], [-113.5403, 53.40255], [-113.540169, 53.40269], [-113.53982, 53.40302], [-113.53937, 53.40334], [-113.53895, 53.40361], [-113.53882, 53.40369], [-113.53818, 53.40409], [-113.537539, 53.4045], [-113.53725, 53.40468], [-113.536716, 53.405013], [-113.536271, 53.40529], [-113.53595, 53.4055], [-113.53553, 53.40576], [-113.535239, 53.40595], [-113.53469, 53.4063], [-113.53415, 53.40666], [-113.53372, 53.40694], [-113.53319, 53.40729], [-113.532816, 53.40754], [-113.53229, 53.40789], [-113.53188, 53.40815], [-113.53148, 53.40841], [-113.5313, 53.40865], [-113.531757, 53.408909], [-113.5324, 53.40928], [-113.53275, 53.40954], [-113.533159, 53.41009], [-113.53371, 53.41045], [-113.534529, 53.41093], [-113.534821, 53.411047], [-113.535301, 53.41122], [-113.53621, 53.4114], [-113.53696, 53.41144], [-113.537412, 53.411424], [-113.538061, 53.41135], [-113.539, 53.41111], [-113.53962, 53.41081], [-113.539952, 53.410996], [-113.54014, 53.4111], [-113.54087, 53.41385], [-113.53876, 53.41388], [-113.53833, 53.41394], [-113.5383, 53.413941], [-113.537319, 53.41397], [-113.536311, 53.41406], [-113.53558, 53.41433], [-113.534692, 53.415199], [-113.53482, 53.41529], [-113.53514, 53.41575], [-113.53532, 53.4165], [-113.535515, 53.416786], [-113.535951, 53.41741], [-113.5363, 53.41839], [-113.53633, 53.4188], [-113.53636, 53.4192], [-113.536331, 53.41996], [-113.536149, 53.42073], [-113.53601, 53.42093], [-113.5356, 53.42147], [-113.53529, 53.42171], [-113.53473, 53.42199], [-113.534493, 53.422093], [-113.53423, 53.4222], [-113.53357, 53.42245], [-113.533019, 53.42259], [-113.532519, 53.42265], [-113.53197, 53.42267], [-113.531241, 53.42265], [-113.53031, 53.42258], [-113.530009, 53.422583], [-113.52917, 53.42259], [-113.528561, 53.42258], [-113.528572, 53.423002], [-113.528585, 53.424217], [-113.528591, 53.42475], [-113.523632, 53.42476], [-113.52325, 53.42476], [-113.52291, 53.42477], [-113.52215, 53.42477], [-113.5211, 53.42477], [-113.52033, 53.42475], [-113.51983, 53.424747], [-113.51905, 53.42474], [-113.5184, 53.42474], [-113.51728, 53.42474], [-113.51673, 53.42474], [-113.51642, 53.42474], [-113.516419, 53.4249], [-113.51643, 53.425444], [-113.516419, 53.42583], [-113.51638, 53.42735], [-113.516391, 53.4281], [-113.51644, 53.42907], [-113.5165, 53.42958], [-113.516553, 53.4298], [-113.51659, 53.42992], [-113.51677, 53.43035], [-113.51699, 53.43073], [-113.517321, 53.43115], [-113.517939, 53.43179], [-113.518221, 53.43205], [-113.51856, 53.43242], [-113.51878, 53.43273], [-113.5189, 53.43292], [-113.51913, 53.43338], [-113.51921, 53.43358], [-113.5193, 53.43386], [-113.51939, 53.43421], [-113.51944, 53.43444], [-113.519441, 53.43488], [-113.519441, 53.43502], [-113.5194, 53.43532], [-113.51933, 53.43559], [-113.519211, 53.43594], [-113.51905, 53.43631], [-113.51863, 53.43721], [-113.51838, 53.43791], [-113.518259, 53.43834], [-113.518219, 53.43855], [-113.51818, 53.43894], [-113.518179, 53.43916], [-113.51819, 53.43972], [-113.51819, 53.439806], [-113.51819, 53.44005], [-113.518129, 53.44065], [-113.51805, 53.44127], [-113.517939, 53.44188], [-113.517851, 53.44228], [-113.5177, 53.44283], [-113.51753, 53.44333], [-113.517476, 53.443491], [-113.5172, 53.44418], [-113.516729, 53.44534], [-113.51657, 53.44572], [-113.5163, 53.44642], [-113.51617, 53.44691], [-113.51612, 53.44733], [-113.516111, 53.44785], [-113.516111, 53.44812], [-113.516137, 53.449115], [-113.51614, 53.44928], [-113.51616, 53.45044], [-113.51616, 53.450677], [-113.51616, 53.4516], [-113.51616, 53.452024], [-113.51616, 53.45236], [-113.516171, 53.45292], [-113.51618, 53.45318], [-113.51618, 53.45341], [-113.516181, 53.45376], [-113.51618, 53.45391], [-113.51618, 53.45407], [-113.516189, 53.45457], [-113.51618, 53.45504], [-113.51617, 53.45538], [-113.51613, 53.45646], [-113.51613, 53.457], [-113.51613, 53.45751], [-113.51613, 53.45797], [-113.51572, 53.45807], [-113.51548, 53.45805], [-113.515359, 53.45792], [-113.515359, 53.457264]]}, "properties": {"route_id": "721", "route_short_name": "721", "route_long_name": "721 \u2014 Century Park - Rutherford - Desrochers", "category": "Frequent Bus"}}, {"type": "Feature", "geometry": {"type": "LineString", "coordinates": [[-113.41091, 53.601649], [-113.410629, 53.60182], [-113.410369, 53.60184], [-113.41016, 53.60168], [-113.41023, 53.60135], [-113.4101, 53.60092], [-113.40983, 53.60066], [-113.409539, 53.60047], [-113.40903, 53.60028], [-113.408629, 53.600229], [-113.40848, 53.60021], [-113.40643, 53.6003], [-113.405963, 53.600312], [-113.40547, 53.60033], [-113.404719, 53.60022], [-113.40419, 53.60006], [-113.403541, 53.600456], [-113.40306, 53.6007], [-113.40239, 53.60095], [-113.401818, 53.601147], [-113.401481, 53.60126], [-113.401, 53.6015], [-113.400609, 53.60177], [-113.400181, 53.60207], [-113.39967, 53.6024], [-113.399586, 53.602433], [-113.39889, 53.60271], [-113.396323, 53.60287], [-113.396282, 53.602846], [-113.396241, 53.602868], [-113.395734, 53.602846], [-113.39481, 53.60281], [-113.393205, 53.602748], [-113.39303, 53.60274], [-113.391771, 53.60289], [-113.39098, 53.60303], [-113.390389, 53.60302], [-113.389943, 53.602963], [-113.38992, 53.60296], [-113.38955, 53.60289], [-113.388121, 53.60278], [-113.387654, 53.602771], [-113.387171, 53.60276], [-113.3861, 53.60274], [-113.385287, 53.6027], [-113.38509, 53.60269], [-113.384229, 53.60263], [-113.38343, 53.60254], [-113.382117, 53.602764], [-113.382111, 53.60278], [-113.382061, 53.6033], [-113.382161, 53.60371], [-113.382239, 53.604], [-113.382361, 53.60439], [-113.38238, 53.60462], [-113.38221, 53.6051], [-113.382039, 53.60528], [-113.38164, 53.60554], [-113.381048, 53.60574], [-113.380879, 53.60577], [-113.38031, 53.60583], [-113.378529, 53.6056], [-113.3778, 53.605261], [-113.3778, 53.60496], [-113.377769, 53.60469], [-113.37771, 53.60433], [-113.37767, 53.60361], [-113.377735, 53.603456], [-113.377849, 53.60325], [-113.37816, 53.60291], [-113.378601, 53.60261], [-113.379321, 53.60234], [-113.379458, 53.601943], [-113.379451, 53.60192], [-113.37933, 53.60129], [-113.379341, 53.60036], [-113.379336, 53.599362], [-113.37936, 53.59821], [-113.379368, 53.597979], [-113.37937, 53.59673], [-113.379541, 53.5965], [-113.380439, 53.5962], [-113.380599, 53.5962], [-113.38158, 53.59621], [-113.38253, 53.59622], [-113.383129, 53.59631], [-113.383755, 53.596112], [-113.38398, 53.5958], [-113.384319, 53.5952], [-113.38447, 53.59459], [-113.384501, 53.59427], [-113.384491, 53.59402], [-113.384476, 53.593742], [-113.38445, 53.59329], [-113.384977, 53.593291], [-113.386071, 53.59329], [-113.38627, 53.59307], [-113.386261, 53.592754], [-113.38625, 53.5924], [-113.38622, 53.59184], [-113.38617, 53.59129], [-113.386089, 53.59073], [-113.385981, 53.59011], [-113.38592, 53.58983], [-113.38579, 53.58931], [-113.385653, 53.58883], [-113.385651, 53.58882], [-113.38549, 53.58831], [-113.385249, 53.58763], [-113.38499, 53.58698], [-113.384791, 53.58647], [-113.384641, 53.58608], [-113.384491, 53.5857], [-113.384279, 53.58516], [-113.384119, 53.58475], [-113.38415, 53.58413], [-113.38444, 53.58401], [-113.384946, 53.583959], [-113.3854, 53.584], [-113.38648, 53.58409], [-113.387509, 53.584191], [-113.38784, 53.58422], [-113.388951, 53.58431], [-113.39148, 53.58452], [-113.391907, 53.584556], [-113.39291, 53.58464], [-113.394371, 53.58462], [-113.395043, 53.584457], [-113.395291, 53.58438], [-113.396181, 53.58382], [-113.396601, 53.58305], [-113.397205, 53.583134], [-113.397679, 53.58323], [-113.39861, 53.58344], [-113.39999, 53.58378], [-113.400495, 53.583894], [-113.40106, 53.58403], [-113.40222, 53.58432], [-113.40345, 53.58461], [-113.40405, 53.58478], [-113.40487, 53.58508], [-113.405512, 53.585376], [-113.40552, 53.58538], [-113.40584, 53.58556], [-113.406581, 53.58608], [-113.40696, 53.58642], [-113.407144, 53.586584], [-113.407429, 53.58683], [-113.408259, 53.58754], [-113.40892, 53.58812], [-113.40947, 53.58852], [-113.409631, 53.588592], [-113.40983, 53.5887], [-113.41058, 53.58901], [-113.41174, 53.58929], [-113.4126, 53.5894], [-113.41309, 53.58942], [-113.413438, 53.58942], [-113.414151, 53.58941], [-113.41538, 53.58941], [-113.415889, 53.589434], [-113.416491, 53.58947], [-113.417999, 53.58959], [-113.41822, 53.5895], [-113.4183, 53.58923], [-113.418346, 53.589003], [-113.418351, 53.58898], [-113.4184, 53.58868], [-113.418409, 53.58844], [-113.41842, 53.58813], [-113.41841, 53.58763], [-113.419399, 53.58762], [-113.419741, 53.58762], [-113.42008, 53.58762], [-113.420721, 53.58762], [-113.42144, 53.5876], [-113.42298, 53.5876], [-113.423418, 53.587606], [-113.423811, 53.58761], [-113.4253, 53.5876], [-113.425635, 53.5876], [-113.426821, 53.58761], [-113.42791, 53.58761], [-113.429491, 53.58762], [-113.429864, 53.58762], [-113.430129, 53.58762], [-113.43175, 53.58762], [-113.432652, 53.587621], [-113.433429, 53.58762], [-113.43426, 53.58762], [-113.436049, 53.58763], [-113.43651, 53.58776], [-113.43646, 53.58797], [-113.436061, 53.58804], [-113.43581, 53.58795]]}, "properties": {"route_id": "108", "route_short_name": "108", "route_long_name": "108 \u2014 Belvedere - East Clareview", "category": "Frequent Bus"}}, {"type": "Feature", "geometry": {"type": "LineString", "coordinates": [[-113.515772, 53.457245], [-113.51578, 53.45771], [-113.51581, 53.45797], [-113.515561, 53.45809], [-113.51613, 53.45822], [-113.51673, 53.45788], [-113.51672, 53.45743], [-113.516699, 53.45698], [-113.51666, 53.45645], [-113.51664, 53.45589], [-113.51664, 53.4553], [-113.51664, 53.45506], [-113.51665, 53.45456], [-113.516629, 53.45415], [-113.516629, 53.45401], [-113.516619, 53.45382], [-113.516611, 53.45326], [-113.51661, 53.45308], [-113.51658, 53.45235], [-113.51652, 53.45132], [-113.51647, 53.45044], [-113.51645, 53.44975], [-113.51644, 53.44923], [-113.516432, 53.448451], [-113.516411, 53.44756], [-113.51642, 53.44695], [-113.51647, 53.4466], [-113.51663, 53.4461], [-113.51686, 53.44551], [-113.51706, 53.44502], [-113.517519, 53.44389], [-113.51774, 53.44331], [-113.51791, 53.44277], [-113.518077, 53.442111], [-113.51811, 53.44195], [-113.518211, 53.44145], [-113.51829, 53.44087], [-113.51834, 53.44029], [-113.51836, 53.44], [-113.51837, 53.43972], [-113.51837, 53.439099], [-113.51837, 53.43907], [-113.51839, 53.43863], [-113.51844, 53.43838], [-113.51859, 53.43788], [-113.518751, 53.43749], [-113.51906, 53.43678], [-113.51931, 53.43622], [-113.519421, 53.43586], [-113.519509, 53.43559], [-113.51956, 53.4354], [-113.519601, 53.43511], [-113.519609, 53.43488], [-113.51962, 53.43456], [-113.51957, 53.43421], [-113.5195, 53.43391], [-113.5193, 53.43335], [-113.519031, 53.43281], [-113.518709, 53.43236], [-113.51838, 53.43198], [-113.51802, 53.43159], [-113.51771, 53.4312], [-113.51747, 53.43085], [-113.51725, 53.43047], [-113.51716, 53.43029], [-113.517019, 53.42997], [-113.51696, 53.4298], [-113.51688, 53.42952], [-113.51733, 53.42943], [-113.518203, 53.429358], [-113.51859, 53.42931], [-113.52189, 53.42903], [-113.523757, 53.429037], [-113.525941, 53.42902], [-113.52641, 53.429014], [-113.526561, 53.42901], [-113.52675, 53.42898], [-113.527789, 53.42877], [-113.52799, 53.42875], [-113.52848, 53.42874], [-113.52927, 53.428766], [-113.52958, 53.42878], [-113.53044, 53.42893], [-113.530839, 53.42904], [-113.531249, 53.42925], [-113.53213, 53.42974], [-113.532389, 53.429872], [-113.532551, 53.42994], [-113.5331, 53.43011], [-113.534189, 53.4302], [-113.535199, 53.43018], [-113.53562, 53.4301], [-113.5361, 53.42994], [-113.536334, 53.429757], [-113.536421, 53.42967], [-113.536579, 53.42932], [-113.5366, 53.42893], [-113.53658, 53.42853], [-113.53635, 53.42817], [-113.535929, 53.42781], [-113.53537, 53.4275], [-113.53515, 53.427361], [-113.5351, 53.42732], [-113.53484, 53.427], [-113.53479, 53.42552], [-113.534893, 53.425269], [-113.534901, 53.42488], [-113.53736, 53.42487], [-113.539041, 53.42489], [-113.54102, 53.4249], [-113.54321, 53.42489], [-113.54457, 53.42488], [-113.546431, 53.42489], [-113.54783, 53.42489], [-113.548344, 53.424884], [-113.55182, 53.42486], [-113.55376, 53.42491], [-113.55489, 53.4249], [-113.555129, 53.42488], [-113.55602, 53.42489], [-113.556542, 53.42489], [-113.55658, 53.42489], [-113.55749, 53.4249], [-113.55894, 53.42491], [-113.56001, 53.42491], [-113.56161, 53.4249], [-113.562831, 53.4249], [-113.564221, 53.4249], [-113.564329, 53.42457], [-113.56439, 53.42408], [-113.564491, 53.42381], [-113.56459, 53.42361], [-113.56475, 53.42328], [-113.564816, 53.42315], [-113.565101, 53.42255], [-113.56528, 53.42212], [-113.56538, 53.42182], [-113.56543, 53.42097], [-113.56546, 53.41892], [-113.565509, 53.41789], [-113.565498, 53.416447], [-113.56551, 53.41587], [-113.56547, 53.4142], [-113.565483, 53.41384], [-113.56552, 53.41297], [-113.565411, 53.412439], [-113.56539, 53.41157], [-113.566052, 53.410418]]}, "properties": {"route_id": "719", "route_short_name": "719", "route_long_name": "719 \u2014 Century Park - Chappelle", "category": "Frequent Bus"}}, {"type": "Feature", "geometry": {"type": "LineString", "coordinates": [[-113.51536, 53.457085], [-113.515421, 53.4565], [-113.515689, 53.45644], [-113.51613, 53.45646], [-113.516649, 53.45622], [-113.516641, 53.45541], [-113.51664, 53.45516], [-113.516651, 53.45478], [-113.51664, 53.4544], [-113.51663, 53.45405], [-113.51662, 53.45392], [-113.516611, 53.45341], [-113.516611, 53.45314], [-113.516591, 53.45264], [-113.516551, 53.4518], [-113.51649, 53.45086], [-113.51646, 53.45011], [-113.51644, 53.44931], [-113.51644, 53.44878], [-113.516432, 53.448451], [-113.516409, 53.44726], [-113.51645, 53.4467], [-113.51652, 53.44642], [-113.51675, 53.44578], [-113.516909, 53.44539], [-113.517189, 53.44471], [-113.517609, 53.44365], [-113.517889, 53.44284], [-113.51805, 53.44224], [-113.518077, 53.442111], [-113.51813, 53.44184], [-113.51825, 53.4412], [-113.51832, 53.44056], [-113.51835, 53.44021], [-113.51837, 53.43978], [-113.518369, 53.43939], [-113.51837, 53.439099], [-113.51837, 53.43884], [-113.5184, 53.43856], [-113.51851, 53.43811], [-113.51871, 53.43759], [-113.51887, 53.43722], [-113.51922, 53.43644], [-113.519371, 53.43603], [-113.51947, 53.43572], [-113.51953, 53.43552], [-113.519581, 53.43528], [-113.51961, 53.43496], [-113.51962, 53.43471], [-113.51961, 53.43444], [-113.51955, 53.4341], [-113.51945, 53.43377], [-113.51924, 53.43322], [-113.518901, 53.43261], [-113.51855, 53.43217], [-113.51818, 53.43177], [-113.51784, 53.43137], [-113.51761, 53.43106], [-113.517361, 53.43068], [-113.517171, 53.43031], [-113.517079, 53.43012], [-113.51697, 53.42984], [-113.51692, 53.42968], [-113.51686, 53.42942], [-113.516813, 53.428814], [-113.516809, 53.42873], [-113.51677, 53.42811], [-113.51677, 53.42773], [-113.51677, 53.42728], [-113.516736, 53.426273], [-113.51673, 53.42605], [-113.51672, 53.4257], [-113.516721, 53.4254], [-113.51673, 53.42474], [-113.516711, 53.42429], [-113.516691, 53.42408], [-113.51666, 53.42373], [-113.516651, 53.423454], [-113.51665, 53.42311], [-113.51664, 53.42202], [-113.51665, 53.42104], [-113.517358, 53.42104], [-113.51862, 53.42104], [-113.520489, 53.42105], [-113.5212, 53.42105], [-113.52149, 53.41977], [-113.521575, 53.419421], [-113.521739, 53.419], [-113.52238, 53.41811], [-113.522741, 53.41771], [-113.523229, 53.41717], [-113.523267, 53.417129], [-113.52359, 53.41676], [-113.524, 53.4163], [-113.52518, 53.41495], [-113.524594, 53.414758], [-113.524169, 53.41463], [-113.52385, 53.41449], [-113.523431, 53.41425], [-113.52286, 53.41389], [-113.522379, 53.41355], [-113.52214, 53.41335], [-113.522035, 53.413054], [-113.52202, 53.41299], [-113.522291, 53.41263], [-113.52301, 53.41203], [-113.523951, 53.41119], [-113.523962, 53.411094], [-113.524, 53.41044], [-113.523999, 53.40991], [-113.524011, 53.40931], [-113.52441, 53.40879], [-113.525512, 53.408279], [-113.5263, 53.40793], [-113.52646, 53.40785], [-113.52773, 53.40715], [-113.528051, 53.40696], [-113.52905, 53.40733], [-113.52951, 53.40758], [-113.529907, 53.407314], [-113.530829, 53.40671], [-113.53121, 53.40643], [-113.531511, 53.40616], [-113.531646, 53.405609], [-113.53164, 53.40537], [-113.528679, 53.40531], [-113.528681, 53.40452]]}, "properties": {"route_id": "722", "route_short_name": "722", "route_long_name": "722 \u2014 Century Park - Rutherford - Allard", "category": "Frequent Bus"}}, {"type": "Feature", "geometry": {"type": "LineString", "coordinates": [[-113.460185, 53.570926], [-113.46055, 53.57089], [-113.460839, 53.57083], [-113.460969, 53.5707], [-113.460979, 53.5704], [-113.46181, 53.5704], [-113.46304, 53.57039], [-113.46341, 53.57039], [-113.464039, 53.5704], [-113.46463, 53.5704], [-113.464672, 53.5704], [-113.46507, 53.5704], [-113.46611, 53.57041], [-113.467289, 53.5704], [-113.4673, 53.570754], [-113.467299, 53.57094], [-113.46732, 53.57196], [-113.46732, 53.57303], [-113.46732, 53.57323], [-113.46732, 53.57418], [-113.467321, 53.574343], [-113.46732, 53.57617], [-113.46732, 53.57672], [-113.46732, 53.576962], [-113.46733, 53.57773], [-113.467332, 53.578528], [-113.46734, 53.57984], [-113.46733, 53.58073], [-113.46732, 53.58139], [-113.46731, 53.58163], [-113.467311, 53.58182], [-113.46732, 53.58216], [-113.467319, 53.58231], [-113.46731, 53.58296], [-113.4673, 53.58348], [-113.467311, 53.58374], [-113.46731, 53.58424], [-113.4673, 53.58449], [-113.46731, 53.58472], [-113.46724, 53.58491], [-113.46724, 53.58512], [-113.46723, 53.58547], [-113.46722, 53.58574], [-113.46724, 53.58595], [-113.467289, 53.58614], [-113.46729, 53.58625], [-113.467288, 53.586375], [-113.46728, 53.58653], [-113.46727, 53.58673], [-113.46726, 53.58742], [-113.46725, 53.58846], [-113.46725, 53.58894], [-113.46725, 53.58913], [-113.467709, 53.58913], [-113.467995, 53.589135], [-113.46912, 53.58914], [-113.470851, 53.58914], [-113.471434, 53.58914], [-113.47181, 53.58914], [-113.473519, 53.58914], [-113.4753, 53.58914], [-113.476637, 53.58914], [-113.477001, 53.58914], [-113.47968, 53.58914], [-113.479708, 53.590283], [-113.47972, 53.59071], [-113.479709, 53.59202], [-113.480157, 53.592125], [-113.48063, 53.59212], [-113.48193, 53.59211], [-113.482673, 53.592107], [-113.48659, 53.59209], [-113.488741, 53.592081], [-113.48886, 53.59208], [-113.489751, 53.59213], [-113.491439, 53.59212], [-113.492031, 53.59233], [-113.49202, 53.59269], [-113.49202, 53.592805], [-113.492021, 53.5929], [-113.49203, 53.59325], [-113.492019, 53.59377], [-113.492, 53.5946], [-113.491999, 53.595048], [-113.492, 53.59538], [-113.491989, 53.59588], [-113.49189, 53.59611], [-113.491869, 53.59632], [-113.49187, 53.59676], [-113.49187, 53.59715], [-113.491869, 53.59759], [-113.49187, 53.59802], [-113.491869, 53.59871], [-113.491801, 53.59902], [-113.49173, 53.59914], [-113.491561, 53.59926], [-113.49138, 53.59933], [-113.49115, 53.59937], [-113.490701, 53.59943], [-113.49038, 53.59943], [-113.489491, 53.59943], [-113.48861, 53.59943], [-113.488161, 53.5996], [-113.488349, 53.59985], [-113.488649, 53.59979], [-113.48887, 53.59976], [-113.489352, 53.599758], [-113.49076, 53.59975], [-113.49125, 53.59981], [-113.49141, 53.60002], [-113.49146, 53.60025], [-113.49188, 53.60034], [-113.49183, 53.60124], [-113.49181, 53.60163], [-113.49178, 53.60214], [-113.49175, 53.60312], [-113.49174, 53.60398], [-113.49173, 53.60507], [-113.49173, 53.60615], [-113.49159, 53.60651], [-113.49141, 53.60666], [-113.4908, 53.60677], [-113.490544, 53.606769], [-113.489951, 53.60677], [-113.488981, 53.60676], [-113.48814, 53.6067], [-113.4871, 53.60656], [-113.48582, 53.60637], [-113.484719, 53.60618], [-113.484569, 53.606157], [-113.484259, 53.60611], [-113.48379, 53.60604], [-113.48327, 53.60596], [-113.482821, 53.6059], [-113.482041, 53.60579], [-113.481581, 53.60574], [-113.48101, 53.60572], [-113.48014, 53.6057], [-113.479399, 53.6057], [-113.47852, 53.60571], [-113.47792, 53.60571], [-113.477155, 53.605759], [-113.476871, 53.60578], [-113.476059, 53.6059], [-113.47516, 53.60607], [-113.473103, 53.606438], [-113.472981, 53.60646], [-113.47223, 53.60659], [-113.470801, 53.6068], [-113.46954, 53.60687], [-113.469269, 53.60687], [-113.46844, 53.60687], [-113.467381, 53.60686], [-113.466301, 53.60685], [-113.46593, 53.60685], [-113.46407, 53.60686], [-113.46291, 53.606863], [-113.4611, 53.60688], [-113.45984, 53.60687], [-113.458412, 53.606866], [-113.457761, 53.60686], [-113.45714, 53.60687], [-113.456369, 53.60685], [-113.4556, 53.60678], [-113.455079, 53.60669], [-113.454689, 53.606609], [-113.45416, 53.60649], [-113.452621, 53.60616], [-113.45161, 53.60594], [-113.4504, 53.60567], [-113.449529, 53.605481], [-113.44916, 53.6054], [-113.448099, 53.60516], [-113.447161, 53.60497], [-113.44612, 53.60483], [-113.44557, 53.60481], [-113.4447, 53.60479], [-113.444652, 53.60479], [-113.444419, 53.60478], [-113.44372, 53.60479], [-113.442979, 53.60479], [-113.44233, 53.60479], [-113.441869, 53.604789], [-113.43958, 53.60479], [-113.438433, 53.60479], [-113.43808, 53.60479], [-113.43735, 53.60479], [-113.435891, 53.60478], [-113.43521, 53.60481], [-113.43472, 53.6049], [-113.43426, 53.60504], [-113.43373, 53.60527], [-113.43222, 53.60609], [-113.432134, 53.606138], [-113.43152, 53.60646], [-113.430811, 53.60673], [-113.43035, 53.60681], [-113.42938, 53.60685], [-113.42881, 53.60685], [-113.428271, 53.60684], [-113.427589, 53.60684], [-113.426359, 53.60684], [-113.425491, 53.60684], [-113.425185, 53.60684], [-113.42448, 53.60684], [-113.42369, 53.60684], [-113.422899, 53.60684], [-113.422339, 53.60684], [-113.421091, 53.60684], [-113.419469, 53.606852], [-113.4192, 53.60686], [-113.418139, 53.60688], [-113.417831, 53.60658], [-113.417862, 53.606508], [-113.41801, 53.60617], [-113.41822, 53.60571], [-113.418551, 53.60499], [-113.41867, 53.60469], [-113.41874, 53.60448], [-113.418781, 53.6043], [-113.41877, 53.60396], [-113.41868, 53.60371], [-113.418565, 53.603525], [-113.41852, 53.60346], [-113.41827, 53.60321], [-113.41807, 53.60304], [-113.41759, 53.60269], [-113.416751, 53.60207], [-113.4163, 53.602], [-113.4157, 53.60252], [-113.41546, 53.60273], [-113.41499, 53.60313], [-113.413419, 53.60447], [-113.412461, 53.60399], [-113.411139, 53.60361], [-113.41146, 53.60315], [-113.412181, 53.60271], [-113.412499, 53.60261], [-113.4128, 53.60238], [-113.412731, 53.60228], [-113.412089, 53.60243], [-113.411657, 53.602696]]}, "properties": {"route_id": "114", "route_short_name": "114", "route_long_name": "114 \u2014 West Clareview - Coliseum", "category": "Frequent Bus"}}, {"type": "Feature", "geometry": {"type": "LineString", "coordinates": [[-113.690289, 53.527859], [-113.69129, 53.52785], [-113.69289, 53.52761], [-113.69337, 53.52761], [-113.69363, 53.52752], [-113.6939, 53.52731], [-113.694335, 53.527162], [-113.69578, 53.52677], [-113.69621, 53.52678], [-113.69636, 53.52684], [-113.696581, 53.52678], [-113.69707, 53.52662], [-113.697515, 53.526612], [-113.70042, 53.5266], [-113.70113, 53.52663], [-113.701401, 53.52672], [-113.70167, 53.52663], [-113.702009, 53.52659], [-113.702409, 53.526591], [-113.70553, 53.52664], [-113.705721, 53.52683], [-113.705715, 53.527384], [-113.70571, 53.52751], [-113.705759, 53.5284], [-113.705909, 53.52918], [-113.706456, 53.530213], [-113.706509, 53.53031], [-113.707291, 53.53184], [-113.7074, 53.532659], [-113.7074, 53.53281], [-113.707141, 53.53391], [-113.707, 53.534575], [-113.70696, 53.53472], [-113.70654, 53.53526], [-113.70564, 53.53599], [-113.70502, 53.53629], [-113.704019, 53.53658], [-113.703945, 53.536592], [-113.703039, 53.53671], [-113.701389, 53.53673], [-113.70129, 53.53673], [-113.70001, 53.53658], [-113.699001, 53.53619], [-113.697855, 53.535611], [-113.69693, 53.53512], [-113.69623, 53.53472], [-113.695901, 53.53455], [-113.695359, 53.534373], [-113.694301, 53.53407], [-113.6928, 53.53381], [-113.692304, 53.533768], [-113.69129, 53.53369], [-113.68997, 53.53366], [-113.688317, 53.533641], [-113.68827, 53.53364], [-113.686861, 53.53359], [-113.685929, 53.53346], [-113.68541, 53.533289], [-113.685071, 53.53314], [-113.6841, 53.53267], [-113.68296, 53.53213], [-113.682451, 53.53244], [-113.682079, 53.53258], [-113.68132, 53.53271], [-113.678691, 53.53271], [-113.676801, 53.532706], [-113.676039, 53.5327], [-113.6741, 53.53243], [-113.67412, 53.532391], [-113.674489, 53.53183], [-113.67522, 53.53115], [-113.676005, 53.530276], [-113.6765, 53.52964], [-113.677209, 53.52876], [-113.67799, 53.52804], [-113.677448, 53.527768], [-113.67715, 53.52761], [-113.676859, 53.52742], [-113.676589, 53.5272], [-113.67604, 53.52666], [-113.67548, 53.52598], [-113.675249, 53.52574], [-113.675165, 53.525675], [-113.674871, 53.52539], [-113.67399, 53.52481], [-113.673279, 53.52444], [-113.67294, 53.52431], [-113.671857, 53.523947], [-113.67161, 53.52387], [-113.67047, 53.52366], [-113.669519, 53.52356], [-113.667691, 53.52349], [-113.66623, 53.52327]]}, "properties": {"route_id": "919", "route_short_name": "919", "route_long_name": "919 \u2014 Lewis Farms - Secord", "category": "Frequent Bus"}}, {"type": "Feature", "geometry": {"type": "LineString", "coordinates": [[-113.490062, 53.59203], [-113.48906, 53.59203], [-113.48783, 53.59208], [-113.487075, 53.592086], [-113.4848, 53.5921], [-113.482678, 53.592107], [-113.48124, 53.59212], [-113.47971, 53.59213], [-113.47898, 53.592135], [-113.47659, 53.59215], [-113.475454, 53.592156], [-113.47387, 53.59217], [-113.470859, 53.59219], [-113.470367, 53.592162], [-113.469111, 53.59217], [-113.468189, 53.59217], [-113.46726, 53.59218], [-113.466689, 53.59217], [-113.466291, 53.59217], [-113.465807, 53.592173], [-113.463749, 53.59223], [-113.46138, 53.59224], [-113.45857, 53.59224], [-113.45769, 53.59224], [-113.457091, 53.592243], [-113.452359, 53.59225], [-113.451596, 53.59225], [-113.45158, 53.59225], [-113.450809, 53.59226], [-113.448279, 53.59227], [-113.44715, 53.592269], [-113.44684, 53.59227], [-113.445299, 53.59226], [-113.443449, 53.59226], [-113.443081, 53.59226], [-113.44211, 53.59225], [-113.441311, 53.59225], [-113.440499, 53.59226], [-113.438939, 53.59225], [-113.437439, 53.59225], [-113.436147, 53.59225], [-113.43594, 53.59225], [-113.43213, 53.59225], [-113.431576, 53.592249], [-113.43128, 53.59224], [-113.43115, 53.59213], [-113.432, 53.5914], [-113.433381, 53.59035], [-113.43367, 53.59015], [-113.43419, 53.5898], [-113.435059, 53.58916], [-113.435711, 53.58869], [-113.43625, 53.58833], [-113.436211, 53.58812], [-113.43463, 53.58816]]}, "properties": {"route_id": "106", "route_short_name": "106", "route_long_name": "106 \u2014 Dunvegan - Northgate - Belvedere", "category": "Frequent Bus"}}, {"type": "Feature", "geometry": {"type": "LineString", "coordinates": [[-113.410671, 53.601796], [-113.41051, 53.60185], [-113.41028, 53.60176], [-113.41023, 53.60143], [-113.41023, 53.60122], [-113.409989, 53.60082], [-113.40979, 53.60062], [-113.40937, 53.60041], [-113.40887, 53.60026], [-113.408629, 53.600229], [-113.40704, 53.60027], [-113.4063, 53.6003], [-113.405963, 53.600312], [-113.40525, 53.6003], [-113.404351, 53.60011], [-113.403541, 53.600456], [-113.403451, 53.60051], [-113.40278, 53.60082], [-113.401818, 53.601147], [-113.40178, 53.60116], [-113.40126, 53.60136], [-113.400811, 53.60164], [-113.400381, 53.60193], [-113.39995, 53.60226], [-113.399586, 53.602433], [-113.39934, 53.60253], [-113.39816, 53.60286], [-113.396309, 53.602853], [-113.396257, 53.602851], [-113.39625, 53.602884], [-113.396239, 53.60322], [-113.396232, 53.603307], [-113.39619, 53.60384], [-113.39614, 53.60427], [-113.396071, 53.60519], [-113.395964, 53.606331], [-113.39593, 53.60678], [-113.395911, 53.6072], [-113.39587, 53.60772], [-113.395842, 53.607971], [-113.3958, 53.60841], [-113.395389, 53.60888], [-113.39475, 53.60922], [-113.39421, 53.60934], [-113.393196, 53.609377], [-113.39299, 53.60938], [-113.39147, 53.6094], [-113.3903, 53.60953], [-113.389608, 53.609723], [-113.38942, 53.60978], [-113.38831, 53.61014], [-113.38719, 53.61052], [-113.386629, 53.61071], [-113.386265, 53.610826], [-113.38592, 53.61093], [-113.385391, 53.61109], [-113.384801, 53.61135], [-113.384349, 53.61173], [-113.384156, 53.611951], [-113.38382, 53.61236], [-113.383331, 53.61309], [-113.3828, 53.61382], [-113.38231, 53.613729], [-113.38143, 53.61358], [-113.37988, 53.61336], [-113.37889, 53.61323], [-113.37629, 53.61314], [-113.3757, 53.61314], [-113.374401, 53.61314], [-113.373251, 53.61294], [-113.372749, 53.6127], [-113.372406, 53.612898], [-113.37181, 53.61325], [-113.37129, 53.6134], [-113.36984, 53.61346], [-113.36916, 53.61345], [-113.368659, 53.61357], [-113.36836, 53.61371], [-113.3681, 53.61396], [-113.36803, 53.61409], [-113.36775, 53.61436], [-113.3674, 53.614328], [-113.367181, 53.61432], [-113.365011, 53.61432], [-113.3645, 53.61439], [-113.363729, 53.6145], [-113.363652, 53.614502], [-113.36297, 53.61448], [-113.36229, 53.61432], [-113.36207, 53.6142], [-113.36178, 53.61403], [-113.361469, 53.61376], [-113.361249, 53.61342], [-113.36122, 53.61275], [-113.361245, 53.612483], [-113.36126, 53.61234], [-113.361399, 53.61209], [-113.36169, 53.61183], [-113.36207, 53.61158], [-113.36249, 53.61139], [-113.363021, 53.61129], [-113.363381, 53.61127], [-113.36378, 53.61131], [-113.364327, 53.611435], [-113.365181, 53.61165], [-113.36576, 53.61168], [-113.3663, 53.6116], [-113.366791, 53.6114], [-113.36706, 53.61121], [-113.367256, 53.611015], [-113.36757, 53.61071], [-113.36807, 53.61035], [-113.36831, 53.61023], [-113.368978, 53.610014], [-113.369069, 53.60999], [-113.36983, 53.60988], [-113.37087, 53.60993], [-113.371521, 53.61006], [-113.372419, 53.60998], [-113.372561, 53.609905], [-113.37373, 53.60943], [-113.3746, 53.60936], [-113.375539, 53.60949], [-113.376107, 53.609623], [-113.3777, 53.60999], [-113.37822, 53.6101], [-113.37884, 53.61039], [-113.379001, 53.61055], [-113.379052, 53.610665], [-113.379099, 53.61104], [-113.37873, 53.61173], [-113.37847, 53.61222], [-113.378301, 53.61264]]}, "properties": {"route_id": "121", "route_short_name": "121", "route_long_name": "121 \u2014 Clareview -  Fraser - Evergreen", "category": "Frequent Bus"}}, {"type": "Feature", "geometry": {"type": "LineString", "coordinates": [[-113.489329, 53.61823], [-113.489089, 53.61816], [-113.48908, 53.61794], [-113.48954, 53.61766], [-113.491071, 53.61766], [-113.49174, 53.61766], [-113.492011, 53.61728], [-113.49206, 53.61557], [-113.49206, 53.61507], [-113.492049, 53.61468], [-113.49205, 53.61412], [-113.49205, 53.61397], [-113.49206, 53.61303], [-113.492011, 53.61187], [-113.492, 53.61096], [-113.491999, 53.61017], [-113.491991, 53.60686], [-113.491991, 53.60637], [-113.491989, 53.60508], [-113.492, 53.60445], [-113.492019, 53.60384], [-113.49204, 53.60329], [-113.492069, 53.60257], [-113.4921, 53.60189], [-113.49212, 53.6014], [-113.49213, 53.60108], [-113.49209, 53.60094], [-113.492, 53.60081], [-113.492, 53.60051], [-113.49195, 53.60039], [-113.491621, 53.60031], [-113.491361, 53.6002], [-113.490919, 53.59996], [-113.490549, 53.59994], [-113.489558, 53.59994], [-113.48883, 53.59994], [-113.48846, 53.59993], [-113.48815, 53.59986], [-113.488551, 53.59982], [-113.48871, 53.59977], [-113.489059, 53.59961], [-113.49015, 53.59961], [-113.490411, 53.59954], [-113.49081, 53.59951], [-113.49187, 53.59952], [-113.492029, 53.59948], [-113.49217, 53.59943], [-113.49215, 53.59865], [-113.492119, 53.59802], [-113.49211, 53.5978], [-113.49209, 53.59756], [-113.4921, 53.59723], [-113.49211, 53.59632], [-113.492081, 53.59608], [-113.491989, 53.59588], [-113.491996, 53.595744], [-113.492, 53.59538], [-113.492, 53.5946], [-113.492019, 53.59377], [-113.49203, 53.59325], [-113.492021, 53.5929], [-113.49202, 53.59269], [-113.492031, 53.59233], [-113.49203, 53.59204], [-113.49203, 53.591722], [-113.49203, 53.59109], [-113.49203, 53.59049], [-113.49203, 53.58999], [-113.49205, 53.58933], [-113.49207, 53.5889], [-113.49207, 53.58869], [-113.49208, 53.58834], [-113.492091, 53.58769], [-113.49209, 53.58741], [-113.49208, 53.5868], [-113.49208, 53.58661], [-113.492071, 53.58596], [-113.492071, 53.585342], [-113.49207, 53.58479], [-113.49207, 53.5841], [-113.492059, 53.58375], [-113.49206, 53.58346], [-113.49206, 53.58311], [-113.49207, 53.58258], [-113.49207, 53.5822], [-113.49213, 53.58161], [-113.49217, 53.58137], [-113.4923, 53.58042], [-113.49232, 53.57942], [-113.49231, 53.5783], [-113.492279, 53.57673], [-113.49229, 53.576262], [-113.4923, 53.57605], [-113.4923, 53.57511], [-113.492299, 53.57394], [-113.49232, 53.57288], [-113.49232, 53.57155], [-113.492319, 53.57125], [-113.4923, 53.57107], [-113.49224, 53.57082], [-113.492299, 53.57066], [-113.49237, 53.57056], [-113.492471, 53.57048], [-113.49261, 53.57042], [-113.49279, 53.57039], [-113.493091, 53.57038], [-113.493388, 53.57038], [-113.49374, 53.57038], [-113.494629, 53.57035], [-113.495551, 53.57031], [-113.496481, 53.57032], [-113.497391, 53.57033], [-113.49841, 53.57034], [-113.50106, 53.57035], [-113.501667, 53.570341], [-113.50183, 53.57034], [-113.50284, 53.57035], [-113.503011, 53.57023], [-113.50301, 53.56942], [-113.50301, 53.56835], [-113.50301, 53.56774], [-113.503021, 53.567447], [-113.50305, 53.567], [-113.50356, 53.56629], [-113.50408, 53.56607], [-113.50472, 53.5658], [-113.50528, 53.56556], [-113.505348, 53.56553], [-113.507011, 53.56482], [-113.507501, 53.56461], [-113.508239, 53.5643], [-113.50843, 53.56415], [-113.508491, 53.56399], [-113.508501, 53.56364], [-113.508509, 53.56315], [-113.508515, 53.562286], [-113.50851, 53.56192], [-113.508511, 53.56148], [-113.50854, 53.56078], [-113.50854, 53.56025], [-113.50854, 53.55959], [-113.50855, 53.55898], [-113.50856, 53.55874], [-113.508561, 53.558465], [-113.50855, 53.55733], [-113.50855, 53.55653], [-113.50855, 53.55524], [-113.50854, 53.55427], [-113.508519, 53.55334], [-113.508511, 53.553], [-113.50852, 53.55236], [-113.508451, 53.55206], [-113.50845, 53.55176], [-113.508449, 53.551013], [-113.50845, 53.55097], [-113.50845, 53.55057], [-113.508451, 53.55012], [-113.50845, 53.5495], [-113.50845, 53.54903], [-113.50844, 53.54827], [-113.508443, 53.547929], [-113.50845, 53.54622], [-113.508451, 53.54556], [-113.50845, 53.54534], [-113.50845, 53.545], [-113.50756, 53.54459], [-113.505894, 53.544602], [-113.505699, 53.5446], [-113.50474, 53.5446], [-113.50323, 53.5446], [-113.50202, 53.5446], [-113.50138, 53.5446], [-113.50014, 53.5446], [-113.49923, 53.5446], [-113.49738, 53.54465], [-113.496378, 53.544627], [-113.49444, 53.54461], [-113.49376, 53.54452], [-113.493811, 53.54309], [-113.493731, 53.542285], [-113.493721, 53.54216], [-113.49373, 53.54149], [-113.493729, 53.54091], [-113.49373, 53.54037], [-113.49373, 53.54021], [-113.49371, 53.53974], [-113.494681, 53.53958], [-113.495313, 53.53957]]}, "properties": {"route_id": "110X", "route_short_name": "110X", "route_long_name": "110X \u2014 Eaux Claires - Downtown", "category": "Frequent Bus"}}, {"type": "Feature", "geometry": {"type": "LineString", "coordinates": [[-113.545111, 53.426443], [-113.54578, 53.42665], [-113.545921, 53.42673], [-113.54608, 53.42672], [-113.54626, 53.42666], [-113.547799, 53.42918], [-113.547739, 53.43014], [-113.547691, 53.43034], [-113.54758, 53.4306], [-113.54747, 53.43081], [-113.547341, 53.431], [-113.54717, 53.43121], [-113.54692, 53.43147], [-113.546711, 53.43165], [-113.54647, 53.43183], [-113.546189, 53.432], [-113.54582, 53.43219], [-113.54563, 53.43228], [-113.54543, 53.43236], [-113.54513, 53.43247], [-113.54469, 53.4326], [-113.54426, 53.43272], [-113.543651, 53.43288], [-113.54276, 53.4331], [-113.542171, 53.43324], [-113.541631, 53.43336], [-113.540769, 53.43353], [-113.54051, 53.43359], [-113.54029, 53.43365], [-113.539779, 53.4338], [-113.53867, 53.43399], [-113.53736, 53.43417], [-113.535851, 53.43434], [-113.534521, 53.43446], [-113.53301, 53.43456], [-113.53219, 53.4346], [-113.531201, 53.43463], [-113.53029, 53.43465], [-113.52958, 53.43465], [-113.52887, 53.43459], [-113.527409, 53.43455], [-113.525591, 53.4345], [-113.524879, 53.43445], [-113.52443, 53.43438], [-113.52407, 53.43429], [-113.5237, 53.43416], [-113.523341, 53.43398], [-113.52262, 53.43353], [-113.52213, 53.43323], [-113.52188, 53.43311], [-113.52161, 53.43302], [-113.52137, 53.43297], [-113.52114, 53.43295], [-113.520811, 53.43296], [-113.520399, 53.43301], [-113.51982, 53.4331], [-113.519069, 53.43325], [-113.519171, 53.43348], [-113.51925, 53.43369], [-113.519341, 53.43402], [-113.51941, 53.4343], [-113.51945, 53.43456], [-113.51944, 53.43496], [-113.51942, 53.43522], [-113.51938, 53.43542], [-113.51929, 53.4357], [-113.51911, 53.43617], [-113.518959, 53.43647], [-113.51852, 53.4375], [-113.51831, 53.43816], [-113.51823, 53.43852], [-113.51819, 53.43879], [-113.51818, 53.43896], [-113.51818, 53.43939], [-113.51819, 53.43979], [-113.51817, 53.44028], [-113.518101, 53.44093], [-113.51801, 53.44151], [-113.51793, 53.44191], [-113.51772, 53.44276], [-113.51756, 53.44324], [-113.517431, 53.44362], [-113.516879, 53.44498], [-113.51668, 53.44546], [-113.516451, 53.44602], [-113.51622, 53.44668], [-113.51614, 53.4471], [-113.51611, 53.44763], [-113.51611, 53.44804], [-113.51613, 53.44878], [-113.516149, 53.44988], [-113.516159, 53.45152], [-113.516159, 53.45179], [-113.516171, 53.45265], [-113.516179, 53.45306], [-113.51618, 53.4533], [-113.51618, 53.45367], [-113.51618, 53.45382], [-113.516181, 53.45401], [-113.51618, 53.45424], [-113.51619, 53.45475], [-113.51618, 53.45513], [-113.51615, 53.45589], [-113.51613, 53.45689], [-113.516129, 53.45746], [-113.51613, 53.45771], [-113.51581, 53.45797], [-113.515561, 53.45809], [-113.51543, 53.45803], [-113.515359, 53.45782]]}, "properties": {"route_id": "700X", "route_short_name": "700X", "route_long_name": "700X \u2014 Century Park - Heritage Valley", "category": "Frequent Bus"}}, {"type": "Feature", "geometry": {"type": "LineString", "coordinates": [[-113.430982, 53.45726], [-113.43135, 53.4571], [-113.43134, 53.45682], [-113.43143, 53.4565], [-113.43161, 53.45646], [-113.43263, 53.45643], [-113.433161, 53.45636], [-113.434301, 53.456641], [-113.43428, 53.45686], [-113.43423, 53.45743], [-113.434199, 53.45772], [-113.43421, 53.45817], [-113.433579, 53.45838], [-113.43213, 53.45842], [-113.43074, 53.45855], [-113.42935, 53.45874], [-113.428954, 53.459179], [-113.42913, 53.45948], [-113.429369, 53.45986], [-113.42968, 53.46013], [-113.43019, 53.46033], [-113.43063, 53.460421], [-113.43117, 53.46056], [-113.431519, 53.46076], [-113.43174, 53.46103], [-113.431831, 53.46124], [-113.432021, 53.46168], [-113.4323, 53.46232], [-113.432465, 53.462697], [-113.4325, 53.46278], [-113.43255, 53.46294], [-113.432489, 53.46323], [-113.43236, 53.46343], [-113.431861, 53.46374], [-113.431361, 53.46386], [-113.430472, 53.463905], [-113.430069, 53.46392], [-113.427801, 53.46398], [-113.427721, 53.46522], [-113.427701, 53.46549], [-113.428899, 53.465518], [-113.431031, 53.46557], [-113.43328, 53.46559], [-113.434041, 53.46558], [-113.43492, 53.46556], [-113.43544, 53.46554], [-113.43613, 53.46551], [-113.43667, 53.46549], [-113.43747, 53.46545], [-113.438024, 53.46542], [-113.43898, 53.46537], [-113.440671, 53.46528], [-113.44241, 53.46518], [-113.442911, 53.465156], [-113.44379, 53.46511], [-113.44579, 53.46501], [-113.446309, 53.46499], [-113.44798, 53.46496], [-113.449749, 53.46496], [-113.450501, 53.46496], [-113.451111, 53.46496], [-113.451695, 53.464979], [-113.452629, 53.46502], [-113.45405, 53.46509], [-113.45475, 53.46513], [-113.455731, 53.46519], [-113.457141, 53.46528], [-113.457148, 53.46528], [-113.457709, 53.46531], [-113.459419, 53.46537], [-113.4607, 53.4654], [-113.46295, 53.46541], [-113.46431, 53.46541], [-113.4647, 53.46541], [-113.465351, 53.46541], [-113.46657, 53.46541], [-113.46704, 53.46541], [-113.46767, 53.46542], [-113.4681, 53.46542], [-113.46848, 53.46542], [-113.470141, 53.46543], [-113.470741, 53.46543], [-113.470979, 53.46543], [-113.47159, 53.46536], [-113.47187, 53.46538], [-113.47239, 53.46543], [-113.47275, 53.46547], [-113.47325, 53.46555], [-113.473661, 53.46561], [-113.4742, 53.46572], [-113.475009, 53.4659], [-113.475491, 53.466031], [-113.47556, 53.46605], [-113.47604, 53.4662], [-113.476351, 53.4663], [-113.47666, 53.4664], [-113.47726, 53.4666], [-113.47748, 53.46667], [-113.478389, 53.46695], [-113.478689, 53.46704], [-113.47961, 53.46725], [-113.479581, 53.46682], [-113.47958, 53.466759], [-113.47958, 53.46616], [-113.47958, 53.46567], [-113.47958, 53.46554], [-113.479579, 53.46508], [-113.47958, 53.4642], [-113.47966, 53.46362], [-113.47989, 53.4633], [-113.48044, 53.46294], [-113.48063, 53.46287], [-113.480824, 53.462817], [-113.481461, 53.4627], [-113.483749, 53.4627], [-113.48445, 53.4627], [-113.48515, 53.4627], [-113.486018, 53.463097], [-113.48602, 53.46321], [-113.486031, 53.46419], [-113.48603, 53.46488], [-113.48603, 53.46498], [-113.48603, 53.46547], [-113.486009, 53.466206], [-113.486009, 53.46621], [-113.485989, 53.46687], [-113.48599, 53.46706], [-113.485989, 53.46725], [-113.486031, 53.4677], [-113.486099, 53.46785], [-113.486081, 53.46829], [-113.486081, 53.468384], [-113.48607, 53.46864], [-113.486089, 53.46919], [-113.48609, 53.46962], [-113.486099, 53.47022], [-113.486084, 53.470524], [-113.48607, 53.4709], [-113.48609, 53.47174], [-113.486097, 53.472058], [-113.4861, 53.47246], [-113.48611, 53.4741], [-113.486111, 53.474411], [-113.486111, 53.47465], [-113.486111, 53.47515], [-113.48611, 53.47557], [-113.48611, 53.47582], [-113.48612, 53.47646], [-113.48612, 53.476731], [-113.486119, 53.47729], [-113.48612, 53.47783], [-113.486121, 53.4782], [-113.48612, 53.47837], [-113.48612, 53.47849], [-113.48612, 53.47872], [-113.48604, 53.47886], [-113.48603, 53.47908], [-113.48603, 53.47945], [-113.486, 53.48004], [-113.48599, 53.48051], [-113.48599, 53.48099], [-113.486011, 53.48132], [-113.48603, 53.48184], [-113.486037, 53.482113], [-113.48605, 53.48279], [-113.48608, 53.48304], [-113.48612, 53.48325], [-113.48612, 53.48352], [-113.486119, 53.483558], [-113.48611, 53.48408], [-113.486109, 53.4846], [-113.48611, 53.48504], [-113.4861, 53.48552], [-113.4861, 53.48597], [-113.4861, 53.48616], [-113.486099, 53.486206], [-113.4861, 53.48686], [-113.4861, 53.48735], [-113.48609, 53.48809], [-113.486089, 53.4885], [-113.48609, 53.488814], [-113.486091, 53.48915], [-113.48609, 53.48959], [-113.4861, 53.49037], [-113.486109, 53.49134], [-113.48611, 53.49202], [-113.486115, 53.492265], [-113.48612, 53.49269], [-113.48612, 53.49305], [-113.48614, 53.49392], [-113.486149, 53.49464], [-113.48616, 53.49498], [-113.48617, 53.49578], [-113.486177, 53.496228], [-113.48618, 53.49636], [-113.486179, 53.49676], [-113.48618, 53.49723], [-113.48618, 53.49769], [-113.48618, 53.49798], [-113.486089, 53.49835], [-113.486116, 53.498777], [-113.48612, 53.49885], [-113.486129, 53.49915], [-113.486139, 53.49946], [-113.48615, 53.49993], [-113.48615, 53.50048], [-113.48615, 53.50083], [-113.48615, 53.50109], [-113.486149, 53.50136], [-113.486159, 53.50191], [-113.48616, 53.5025], [-113.48617, 53.503144], [-113.48617, 53.50315], [-113.48617, 53.50339], [-113.486149, 53.50387], [-113.486149, 53.50461], [-113.48615, 53.505145], [-113.48615, 53.50528], [-113.48615, 53.50568], [-113.48616, 53.50624], [-113.48616, 53.506856], [-113.48616, 53.50688], [-113.486161, 53.50716], [-113.48616, 53.5076], [-113.486141, 53.50807], [-113.48609, 53.50854], [-113.48606, 53.50901], [-113.48606, 53.50948], [-113.48606, 53.509732], [-113.486059, 53.51006], [-113.48606, 53.51091], [-113.48606, 53.51138], [-113.48607, 53.51194], [-113.48607, 53.512644], [-113.48607, 53.5128], [-113.48607, 53.51326], [-113.48606, 53.51378], [-113.48605, 53.5142], [-113.48605, 53.51469], [-113.48604, 53.51516], [-113.48604, 53.515426], [-113.48604, 53.51562], [-113.48604, 53.51577], [-113.48608, 53.51604], [-113.48615, 53.51618], [-113.48615, 53.5165], [-113.48615, 53.51661], [-113.48616, 53.51707], [-113.48617, 53.51752], [-113.486171, 53.517685], [-113.48617, 53.51775], [-113.48617, 53.5181], [-113.486161, 53.51851], [-113.486161, 53.51875], [-113.486154, 53.518958], [-113.48615, 53.51924], [-113.48615, 53.51999], [-113.48614, 53.52094], [-113.48614, 53.521307], [-113.486141, 53.52179], [-113.48613, 53.5224], [-113.486123, 53.523007], [-113.48612, 53.52308], [-113.48612, 53.524], [-113.48612, 53.524772], [-113.48612, 53.52489], [-113.486121, 53.52542], [-113.48612, 53.52635], [-113.48611, 53.52679], [-113.48611, 53.526924], [-113.486111, 53.52701], [-113.4861, 53.52715], [-113.486061, 53.52728], [-113.48596, 53.52746], [-113.485801, 53.52769], [-113.485659, 53.5279], [-113.485441, 53.52827], [-113.48532, 53.52856], [-113.485269, 53.52873], [-113.485231, 53.52906], [-113.48523, 53.52932], [-113.485261, 53.52957], [-113.485329, 53.52987], [-113.48548, 53.53035], [-113.485581, 53.53067], [-113.48563, 53.53091], [-113.485651, 53.53111], [-113.485559, 53.5313], [-113.485554, 53.531367], [-113.485531, 53.53156], [-113.48547, 53.53181], [-113.48534, 53.53209], [-113.48509, 53.53244], [-113.48467, 53.53288], [-113.48416, 53.53339], [-113.48361, 53.53395], [-113.483379, 53.53419], [-113.48326, 53.53444], [-113.48326, 53.53468], [-113.483319, 53.53505], [-113.48356, 53.53544], [-113.4837, 53.53573], [-113.48391, 53.53617], [-113.48403, 53.53642], [-113.48402, 53.53656], [-113.483999, 53.53668], [-113.48404, 53.5369], [-113.48408, 53.53709], [-113.48436, 53.53727], [-113.484558, 53.537368], [-113.48469, 53.53742], [-113.48495, 53.53743], [-113.4851, 53.53749], [-113.48539, 53.53759], [-113.48717, 53.53818], [-113.48804, 53.53844], [-113.488219, 53.53847], [-113.48869, 53.53858], [-113.48891, 53.53861], [-113.48934, 53.53864], [-113.48982, 53.53861], [-113.490201, 53.53855], [-113.490544, 53.538476], [-113.49088, 53.5384], [-113.49176, 53.53819], [-113.49244, 53.53813], [-113.49297, 53.53804], [-113.49339, 53.53813], [-113.4936, 53.53826], [-113.4937, 53.53848], [-113.49349, 53.53872], [-113.493119, 53.53882], [-113.492371, 53.53885], [-113.49172, 53.53886], [-113.49135, 53.53892], [-113.490451, 53.53934], [-113.49001, 53.5396], [-113.489961, 53.5397], [-113.48997, 53.53982], [-113.490119, 53.54028], [-113.49026, 53.54085], [-113.49032, 53.54114], [-113.490299, 53.54163], [-113.49035, 53.541912], [-113.49038, 53.54209], [-113.49057, 53.54257], [-113.490661, 53.543166], [-113.490679, 53.54328], [-113.49082, 53.54403], [-113.492594, 53.544411]]}, "properties": {"route_id": "523", "route_short_name": "523", "route_long_name": "523 \u2014 Mill Woods - Downtown", "category": "Frequent Bus"}}, {"type": "Feature", "geometry": {"type": "LineString", "coordinates": [[-113.50438, 53.536153], [-113.504381, 53.53659], [-113.5047, 53.53692], [-113.504759, 53.53711], [-113.50477, 53.537619], [-113.504769, 53.53806], [-113.50476, 53.53883], [-113.504776, 53.539717], [-113.504781, 53.53993], [-113.50478, 53.54002], [-113.50478, 53.54035], [-113.50476, 53.54094], [-113.504007, 53.54094], [-113.50392, 53.54094], [-113.50294, 53.54094], [-113.50152, 53.54093], [-113.50075, 53.54093], [-113.499929, 53.54093], [-113.499871, 53.54093], [-113.49845, 53.54093], [-113.49689, 53.54092], [-113.49644, 53.54092], [-113.496311, 53.54092], [-113.49557, 53.54092], [-113.49508, 53.54087], [-113.493729, 53.54091], [-113.49373, 53.54149], [-113.49373, 53.541841], [-113.493721, 53.54216], [-113.493811, 53.54309], [-113.49376, 53.54452], [-113.49376, 53.54542], [-113.493681, 53.54615], [-113.493077, 53.546158], [-113.49255, 53.54616], [-113.49195, 53.54617], [-113.490034, 53.54626], [-113.489549, 53.54629], [-113.488911, 53.54633], [-113.488311, 53.54642], [-113.48728, 53.54667], [-113.487526, 53.547271], [-113.487531, 53.54728], [-113.48762, 53.5475], [-113.48796, 53.54832], [-113.488141, 53.54875], [-113.488267, 53.549047], [-113.488361, 53.54927], [-113.48862, 53.54991], [-113.48878, 53.55029], [-113.48885, 53.550454], [-113.4891, 53.55105], [-113.489251, 53.55142], [-113.489511, 53.55201], [-113.48958, 53.55217], [-113.489649, 53.552328], [-113.4897, 53.55246], [-113.48993, 53.55306], [-113.49012, 53.55351], [-113.490318, 53.553986], [-113.49038, 53.55413], [-113.49066, 53.55478], [-113.490941, 53.55546], [-113.491046, 53.555719], [-113.49116, 53.556], [-113.49141, 53.55659], [-113.49168, 53.55723], [-113.491757, 53.557435], [-113.49187, 53.55776], [-113.491911, 53.55788], [-113.49195, 53.55813], [-113.491949, 53.55829], [-113.49193, 53.5585], [-113.49189, 53.55885], [-113.49248, 53.55897], [-113.493099, 53.55892], [-113.49407, 53.55888], [-113.49452, 53.55888], [-113.494588, 53.558897], [-113.4948, 53.55895], [-113.49552, 53.55896], [-113.497569, 53.55895], [-113.498368, 53.55895], [-113.498901, 53.55895], [-113.499411, 53.55895], [-113.50109, 53.55895], [-113.501031, 53.55865], [-113.50141, 53.5586], [-113.501839, 53.55865]]}, "properties": {"route_id": "701", "route_short_name": "701", "route_long_name": "701 \u2014 Southgate - Kingsway", "category": "Frequent Bus"}}, {"type": "Feature", "geometry": {"type": "LineString", "coordinates": [[-113.3677, 53.47807], [-113.36776, 53.478], [-113.36805, 53.47799], [-113.36854, 53.47823], [-113.36863, 53.47899], [-113.36866, 53.47938], [-113.36867, 53.48016], [-113.368639, 53.48099], [-113.368611, 53.48181], [-113.368599, 53.48215], [-113.36857, 53.48263], [-113.36984, 53.4826], [-113.37098, 53.48254], [-113.371541, 53.48253], [-113.37222, 53.48254], [-113.37284, 53.48256], [-113.37455, 53.48266], [-113.375639, 53.48277], [-113.37621, 53.48288], [-113.3773, 53.48312], [-113.378671, 53.48348], [-113.38073, 53.4841], [-113.384949, 53.48539], [-113.38632, 53.48582], [-113.38775, 53.48624], [-113.390339, 53.48679], [-113.392411, 53.48715], [-113.393639, 53.4873], [-113.39393, 53.48734], [-113.39416, 53.48736], [-113.396151, 53.48754], [-113.398309, 53.48767], [-113.40052, 53.48775], [-113.4037, 53.48781], [-113.40734, 53.4878], [-113.410771, 53.48771], [-113.412979, 53.48772], [-113.41465, 53.48777], [-113.41591, 53.4878], [-113.416691, 53.48781], [-113.41764, 53.4878], [-113.41833, 53.48777], [-113.41865, 53.487748], [-113.418959, 53.48772], [-113.419491, 53.48766], [-113.41997, 53.4876], [-113.421091, 53.48743], [-113.42238, 53.48722], [-113.42352, 53.48704], [-113.42447, 53.48687], [-113.4256, 53.48677], [-113.430269, 53.48631], [-113.43275, 53.48606], [-113.434571, 53.48587], [-113.43569, 53.48576], [-113.43618, 53.48571], [-113.437881, 53.48554], [-113.439341, 53.48542], [-113.44088, 53.48532], [-113.442011, 53.48527], [-113.442479, 53.48526], [-113.442971, 53.48525], [-113.444261, 53.48523], [-113.446601, 53.48521], [-113.448611, 53.4852], [-113.44975, 53.48517], [-113.45066, 53.48514], [-113.4523, 53.48506], [-113.453251, 53.48499], [-113.453579, 53.48496], [-113.4546, 53.48487], [-113.45615, 53.4847], [-113.45774, 53.4845], [-113.459029, 53.48431], [-113.45983, 53.48417], [-113.46071, 53.48403], [-113.46198, 53.48381], [-113.46449, 53.48338], [-113.466091, 53.48311], [-113.46667, 53.48302], [-113.467079, 53.48295], [-113.467741, 53.48284], [-113.470159, 53.48243], [-113.472899, 53.48197], [-113.47381, 53.48181], [-113.47498, 53.48161], [-113.47619, 53.48141], [-113.477641, 53.48119], [-113.47857, 53.48107], [-113.47937, 53.48104], [-113.480051, 53.48097], [-113.48071, 53.48093], [-113.482049, 53.48087], [-113.483309, 53.48083], [-113.484379, 53.4808], [-113.48516, 53.48079], [-113.486199, 53.48078], [-113.487161, 53.48077], [-113.487224, 53.48077], [-113.48842, 53.48077], [-113.489679, 53.48077], [-113.490289, 53.48078], [-113.490821, 53.48082], [-113.49171, 53.48092], [-113.492529, 53.48103], [-113.492681, 53.481049], [-113.493231, 53.4811], [-113.49386, 53.48112], [-113.4954, 53.4811], [-113.4957, 53.4811], [-113.49628, 53.4811], [-113.49844, 53.48113], [-113.50169, 53.48133], [-113.50418, 53.48169], [-113.50517, 53.48192], [-113.505706, 53.482057], [-113.50768, 53.48255], [-113.507942, 53.482623], [-113.509309, 53.4829], [-113.51053, 53.48308], [-113.51171, 53.48296], [-113.512809, 53.48285], [-113.5135, 53.48297], [-113.514261, 53.48308], [-113.514659, 53.48312], [-113.51578, 53.48323], [-113.51643, 53.48373], [-113.51652, 53.48407], [-113.51655, 53.48436], [-113.51657, 53.48478], [-113.51659, 53.48534], [-113.51657, 53.48587], [-113.516541, 53.48646], [-113.5162, 53.48686], [-113.51603, 53.48657], [-113.51603, 53.485835], [-113.51603, 53.48579], [-113.51606, 53.48478], [-113.5162, 53.48461], [-113.516321, 53.48476], [-113.51633, 53.48555], [-113.5163, 53.48628], [-113.516541, 53.48646], [-113.51651, 53.48732], [-113.51649, 53.48778], [-113.51649, 53.48829], [-113.517639, 53.48829], [-113.5185, 53.48829], [-113.519819, 53.48831], [-113.520118, 53.48831], [-113.520949, 53.48831], [-113.52277, 53.48831], [-113.52477, 53.48832], [-113.525747, 53.488325], [-113.52592, 53.48833], [-113.527371, 53.48834], [-113.52882, 53.48833], [-113.529435, 53.488334], [-113.532172, 53.488348], [-113.53372, 53.48834], [-113.535472, 53.488353], [-113.53879, 53.48838], [-113.54007, 53.48838], [-113.54094, 53.48833], [-113.541239, 53.48825], [-113.541243, 53.487904], [-113.54125, 53.48708], [-113.54126, 53.48564], [-113.54126, 53.485316], [-113.54127, 53.48471], [-113.54128, 53.4843], [-113.541281, 53.48415], [-113.541389, 53.48383], [-113.5415, 53.48367], [-113.541611, 53.48359], [-113.54181, 53.48354], [-113.542209, 53.48351], [-113.542881, 53.48345], [-113.54371, 53.48335], [-113.544989, 53.48319], [-113.546581, 53.48301], [-113.54735, 53.48293], [-113.548089, 53.48281], [-113.54933, 53.48274], [-113.551261, 53.48265], [-113.55237, 53.48263], [-113.55375, 53.48262], [-113.55511, 53.48261], [-113.55789, 53.4826], [-113.5593, 53.48258], [-113.56096, 53.48258], [-113.562741, 53.48261], [-113.563379, 53.48263], [-113.564071, 53.48265], [-113.565211, 53.48268], [-113.56581, 53.4827], [-113.56619, 53.48271], [-113.56664, 53.48273], [-113.56715, 53.48276], [-113.56766, 53.48282], [-113.568, 53.48288], [-113.56841, 53.48298], [-113.56872, 53.48309], [-113.568981, 53.4832], [-113.569221, 53.48332], [-113.56945, 53.48345], [-113.569629, 53.48357], [-113.56975, 53.48367], [-113.570061, 53.48396], [-113.57036, 53.48429], [-113.570551, 53.48453], [-113.57073, 53.48478], [-113.57091, 53.48505], [-113.57107, 53.48531], [-113.571269, 53.48571], [-113.57141, 53.48609], [-113.571469, 53.48634], [-113.57146, 53.48667], [-113.57148, 53.48692], [-113.571401, 53.48839], [-113.571119, 53.48967], [-113.57108, 53.49047], [-113.57109, 53.490649], [-113.57146, 53.49239], [-113.571779, 53.49475], [-113.57177, 53.49553], [-113.571759, 53.49614], [-113.57175, 53.49674], [-113.571741, 53.4971], [-113.57174, 53.49722], [-113.57168, 53.49776], [-113.57154, 53.49834], [-113.571421, 53.49865], [-113.57125, 53.49896], [-113.57103, 53.49926], [-113.570831, 53.49948], [-113.570551, 53.49974], [-113.570119, 53.50007], [-113.56965, 53.50038], [-113.568871, 53.50088], [-113.56837, 53.50121], [-113.567949, 53.50151], [-113.567639, 53.50177], [-113.567319, 53.5021], [-113.56704, 53.50247], [-113.56687, 53.50277], [-113.56674, 53.50307], [-113.566651, 53.50339], [-113.566581, 53.50375], [-113.56654, 53.50408], [-113.56651, 53.50436], [-113.56648, 53.50508], [-113.56648, 53.50534], [-113.5665, 53.50576], [-113.56656, 53.50636], [-113.56664, 53.50685], [-113.56675, 53.50736], [-113.566931, 53.50801], [-113.567111, 53.50855], [-113.56728, 53.50897], [-113.56742, 53.50926], [-113.56762, 53.50959], [-113.567811, 53.50983], [-113.568049, 53.51007], [-113.568341, 53.51032], [-113.568749, 53.5106], [-113.56909, 53.51079], [-113.56948, 53.51097], [-113.56986, 53.51111], [-113.57042, 53.51128], [-113.570821, 53.51137], [-113.571249, 53.51144], [-113.571801, 53.5115], [-113.572461, 53.51153], [-113.57385, 53.51156], [-113.5747, 53.51159], [-113.575431, 53.51165], [-113.575879, 53.5117], [-113.57664, 53.51181], [-113.57749, 53.51198], [-113.57857, 53.51223], [-113.57922, 53.51237], [-113.579551, 53.51243], [-113.580471, 53.51255], [-113.58147, 53.5126], [-113.58242, 53.51258], [-113.58321, 53.51251], [-113.58387, 53.51243], [-113.58462, 53.51233], [-113.58532, 53.51224], [-113.58603, 53.51216], [-113.58684, 53.51209], [-113.58768, 53.51205], [-113.5889, 53.51204], [-113.590011, 53.51205], [-113.59059, 53.51205], [-113.59163, 53.51205], [-113.593551, 53.51218], [-113.59502, 53.51227], [-113.595921, 53.51232], [-113.59632, 53.51238], [-113.59655, 53.51246], [-113.59669, 53.51255], [-113.596741, 53.51265], [-113.59674, 53.51286], [-113.596736, 53.513264], [-113.59672, 53.51515], [-113.596715, 53.5155], [-113.596703, 53.517285], [-113.59671, 53.51808], [-113.596639, 53.51825], [-113.59663, 53.51863], [-113.59661, 53.51892], [-113.59659, 53.51944], [-113.59679, 53.51955], [-113.597262, 53.51955], [-113.597461, 53.51955], [-113.59867, 53.51955], [-113.59921, 53.51955], [-113.59962, 53.51952], [-113.59992, 53.51952], [-113.60054, 53.51952], [-113.600961, 53.51952], [-113.60184, 53.51952], [-113.603329, 53.51952], [-113.604126, 53.51952], [-113.605449, 53.51952], [-113.6078, 53.51954], [-113.6089, 53.51955], [-113.609511, 53.51955], [-113.609721, 53.51955], [-113.610349, 53.51956], [-113.61077, 53.51956], [-113.61108, 53.51961], [-113.61195, 53.51961], [-113.612749, 53.51961], [-113.61347, 53.519621], [-113.614059, 53.51963], [-113.614549, 53.51964], [-113.61485, 53.5197], [-113.61502, 53.51976], [-113.615159, 53.51989], [-113.61524, 53.52014], [-113.61524, 53.52048], [-113.615229, 53.52149], [-113.61522, 53.52214], [-113.61521, 53.52313], [-113.61521, 53.52344], [-113.615199, 53.52429], [-113.6152, 53.52485], [-113.615859, 53.52485], [-113.618519, 53.52486], [-113.61935, 53.52486], [-113.62029, 53.52486], [-113.62179, 53.52486], [-113.622531, 53.52486], [-113.623529, 53.52498], [-113.62344, 53.52524], [-113.62266, 53.52519], [-113.62233, 53.52519], [-113.622022, 53.52519]]}, "properties": {"route_id": "055", "route_short_name": "055", "route_long_name": "055 \u2014 Meadows - Southgate - West Edmonton Mall", "category": "Frequent Bus"}}, {"type": "Feature", "geometry": {"type": "LineString", "coordinates": [[-113.430669, 53.45726], [-113.43135, 53.4571], [-113.43134, 53.45682], [-113.43143, 53.4565], [-113.43161, 53.45646], [-113.43263, 53.45643], [-113.433161, 53.45636], [-113.434301, 53.456641], [-113.43428, 53.45686], [-113.43423, 53.45743], [-113.434199, 53.45772], [-113.43421, 53.45817], [-113.433579, 53.45838], [-113.43213, 53.45842], [-113.43074, 53.45855], [-113.42935, 53.45874], [-113.42791, 53.459], [-113.42689, 53.45906], [-113.42545, 53.45922], [-113.424802, 53.459248], [-113.423951, 53.45927], [-113.423208, 53.45927], [-113.423001, 53.45927], [-113.421101, 53.45926], [-113.420769, 53.45926], [-113.420066, 53.459273], [-113.41896, 53.45932], [-113.417501, 53.459341], [-113.41745, 53.45934], [-113.416941, 53.45891], [-113.41679, 53.45824], [-113.41654, 53.45796], [-113.415979, 53.45764], [-113.41551, 53.45751], [-113.41479, 53.45745], [-113.414717, 53.457455], [-113.41376, 53.45755], [-113.411049, 53.45779], [-113.40916, 53.45775], [-113.40789, 53.457617], [-113.40783, 53.45761], [-113.406519, 53.45743], [-113.405269, 53.45714], [-113.404278, 53.456829], [-113.40387, 53.45668], [-113.402679, 53.4562], [-113.40217, 53.45605], [-113.40109, 53.45591], [-113.40025, 53.45596], [-113.39964, 53.45607], [-113.399009, 53.456304], [-113.39885, 53.45637], [-113.39842, 53.45663], [-113.39798, 53.45705], [-113.39773, 53.45751], [-113.39767, 53.458], [-113.397691, 53.45902], [-113.39781, 53.45959], [-113.39797, 53.46032], [-113.398026, 53.460518], [-113.39813, 53.46077], [-113.39831, 53.46121], [-113.39876, 53.46242], [-113.39885, 53.46283], [-113.398899, 53.46309], [-113.398915, 53.463179], [-113.39894, 53.46338], [-113.39895, 53.46357], [-113.398255, 53.463613], [-113.39791, 53.4636], [-113.39558, 53.46353], [-113.39403, 53.46348], [-113.39234, 53.46344], [-113.39136, 53.46346], [-113.39083, 53.46338], [-113.390503, 53.46331], [-113.39002, 53.46318], [-113.38865, 53.46286], [-113.387329, 53.46251], [-113.38661, 53.46207], [-113.386591, 53.462046], [-113.38618, 53.4614], [-113.386, 53.46093], [-113.38596, 53.460331], [-113.385961, 53.4598], [-113.38602, 53.45931], [-113.38646, 53.45861], [-113.386549, 53.458247], [-113.38655, 53.45819], [-113.38644, 53.45785], [-113.38615, 53.45756], [-113.385349, 53.45719], [-113.385183, 53.457161], [-113.38411, 53.4571], [-113.38174, 53.4571], [-113.38114, 53.457096], [-113.378731, 53.45709], [-113.378139, 53.45717], [-113.37711, 53.45765], [-113.37698, 53.457858], [-113.376949, 53.45793], [-113.37694, 53.45857], [-113.377019, 53.45869], [-113.377371, 53.45918], [-113.377437, 53.459286], [-113.377549, 53.45952], [-113.3776, 53.45997], [-113.37761, 53.46083], [-113.377616, 53.461064], [-113.37762, 53.46138], [-113.37763, 53.46283], [-113.377469, 53.46313], [-113.377151, 53.463474], [-113.37708, 53.46353], [-113.376501, 53.46379], [-113.37585, 53.46389], [-113.373761, 53.46353], [-113.373151, 53.463507], [-113.371129, 53.46347], [-113.370649, 53.46347], [-113.36886, 53.46346], [-113.36886, 53.463813], [-113.36886, 53.4642], [-113.36887, 53.46507], [-113.36886, 53.46634], [-113.368849, 53.46683], [-113.368833, 53.467827], [-113.36883, 53.46806], [-113.36883, 53.46844], [-113.36882, 53.46894], [-113.368801, 53.46972], [-113.3688, 53.46987], [-113.368689, 53.47011], [-113.368639, 53.47054], [-113.368619, 53.47177], [-113.36862, 53.47246], [-113.36862, 53.472844], [-113.36861, 53.47342], [-113.368551, 53.47418], [-113.368511, 53.47454], [-113.368479, 53.47513], [-113.36849, 53.475346], [-113.3685, 53.47575], [-113.368511, 53.47616], [-113.368531, 53.47694], [-113.36853, 53.47711], [-113.36853, 53.47722], [-113.36854, 53.47796], [-113.36805, 53.47799], [-113.36776, 53.478], [-113.367689, 53.4781], [-113.367719, 53.47832]]}, "properties": {"route_id": "515", "route_short_name": "515", "route_long_name": "515 \u2014 Mill Woods - Meadows", "category": "Frequent Bus"}}, {"type": "Feature", "geometry": {"type": "LineString", "coordinates": [[-113.666153, 53.523264], [-113.66559, 53.52318], [-113.665619, 53.52303], [-113.665749, 53.52298], [-113.666099, 53.52296], [-113.66762, 53.52308], [-113.667969, 53.52313], [-113.668211, 53.52352], [-113.66904, 53.52371], [-113.669081, 53.523712], [-113.670089, 53.52376], [-113.670631, 53.52377], [-113.67106, 53.52381], [-113.6714, 53.52388], [-113.67242, 53.52419], [-113.673261, 53.52451], [-113.673606, 53.524687], [-113.674081, 53.52496], [-113.6746, 53.52529], [-113.675249, 53.52574], [-113.67548, 53.52598], [-113.67604, 53.52666], [-113.676589, 53.5272], [-113.676859, 53.52742], [-113.67715, 53.52761], [-113.67799, 53.52804], [-113.678479, 53.528218], [-113.67906, 53.52839], [-113.679941, 53.52856], [-113.680681, 53.52865], [-113.68178, 53.52867], [-113.68288, 53.52856], [-113.683365, 53.528459], [-113.6842, 53.52826], [-113.68477, 53.52812], [-113.68642, 53.52786], [-113.686538, 53.527851], [-113.68722, 53.5278], [-113.68814, 53.52778], [-113.68982, 53.5278], [-113.690289, 53.527859], [-113.69112, 53.52785], [-113.691811, 53.5278], [-113.693219, 53.52758], [-113.693519, 53.52758], [-113.69367, 53.52743], [-113.694335, 53.527162], [-113.69481, 53.527], [-113.69615, 53.52673], [-113.69627, 53.52682], [-113.696481, 53.52683], [-113.69669, 53.52669], [-113.696681, 53.52649], [-113.696429, 53.52642], [-113.69618, 53.52622], [-113.6958, 53.52563], [-113.695631, 53.52528], [-113.69566, 53.524601], [-113.69567, 53.52446], [-113.69576, 53.5236], [-113.695279, 53.523167], [-113.693891, 53.52316], [-113.692263, 53.52299], [-113.69142, 53.52287], [-113.69011, 53.52274], [-113.689711, 53.52274], [-113.68878, 53.52274], [-113.688777, 53.5224], [-113.68877, 53.52143], [-113.68877, 53.52045], [-113.68877, 53.52009], [-113.68877, 53.520076], [-113.68878, 53.5176], [-113.689792, 53.5176], [-113.6919, 53.5176], [-113.692332, 53.517597], [-113.695151, 53.51758], [-113.69565, 53.51751], [-113.696079, 53.51737], [-113.69627, 53.51731], [-113.69711, 53.51679], [-113.697661, 53.51658], [-113.69852, 53.5165], [-113.69973, 53.516508], [-113.70331, 53.51657], [-113.7033, 53.51405], [-113.70469, 53.51414], [-113.70678, 53.51447], [-113.70821, 53.51479], [-113.708861, 53.51491], [-113.708869, 53.51606], [-113.708779, 53.51643], [-113.70853, 53.51694], [-113.70795, 53.51774], [-113.707444, 53.517636], [-113.70476, 53.5169], [-113.70331, 53.51657]]}, "properties": {"route_id": "922", "route_short_name": "922", "route_long_name": "922 \u2014 Lewis Farms - Rosenthal", "category": "Frequent Bus"}}, {"type": "Feature", "geometry": {"type": "LineString", "coordinates": [[-113.434928, 53.588015], [-113.43465, 53.58804], [-113.43463, 53.58816], [-113.43475, 53.58833], [-113.435539, 53.5884], [-113.4359, 53.58856], [-113.43641, 53.58823], [-113.43697, 53.58792], [-113.43757, 53.58763], [-113.438951, 53.58763], [-113.440381, 53.587628], [-113.4405, 53.58763], [-113.4407, 53.58763], [-113.442121, 53.58763], [-113.44296, 53.58789], [-113.44296, 53.587914], [-113.442951, 53.58918], [-113.442954, 53.589389], [-113.442959, 53.58988], [-113.44297, 53.59033], [-113.44297, 53.59057], [-113.44291, 53.59066], [-113.44291, 53.5909], [-113.4429, 53.59177], [-113.442899, 53.59249], [-113.4429, 53.592766], [-113.4429, 53.5931], [-113.442891, 53.595], [-113.442888, 53.595748], [-113.442869, 53.59754], [-113.442854, 53.59893], [-113.442851, 53.59907], [-113.44285, 53.5996], [-113.44285, 53.59977], [-113.44285, 53.59989], [-113.44285, 53.60023], [-113.442849, 53.60042], [-113.44284, 53.60072], [-113.44284, 53.60105], [-113.44284, 53.60125], [-113.44282, 53.60221], [-113.442805, 53.602677], [-113.44279, 53.60336], [-113.44278, 53.60409], [-113.442769, 53.60479], [-113.442765, 53.60523], [-113.442759, 53.60566], [-113.44276, 53.60688], [-113.44276, 53.607101], [-113.44276, 53.60722], [-113.442761, 53.60889], [-113.442761, 53.61015], [-113.44276, 53.610428], [-113.44276, 53.6109], [-113.44275, 53.61327], [-113.44274, 53.61389], [-113.44274, 53.614805], [-113.442741, 53.61489], [-113.44274, 53.61526], [-113.44275, 53.61593], [-113.44277, 53.61648], [-113.44277, 53.61655], [-113.442781, 53.61804], [-113.44278, 53.61866], [-113.44278, 53.61913], [-113.44279, 53.61967], [-113.44279, 53.619888], [-113.44278, 53.6204], [-113.44277, 53.62058], [-113.44278, 53.62084], [-113.44281, 53.6211], [-113.442809, 53.62229], [-113.44281, 53.62257], [-113.44281, 53.62308], [-113.44282, 53.62368], [-113.442821, 53.624512], [-113.44282, 53.62501], [-113.442831, 53.62585], [-113.44285, 53.627146], [-113.44285, 53.62716], [-113.44285, 53.62769], [-113.44285, 53.62807], [-113.442704, 53.62836], [-113.442451, 53.628583], [-113.442427, 53.628737], [-113.442715, 53.628993], [-113.442851, 53.62938], [-113.442849, 53.629477], [-113.442861, 53.63], [-113.442861, 53.63057], [-113.44286, 53.63097], [-113.44285, 53.63182], [-113.442845, 53.632659], [-113.44284, 53.63303], [-113.442841, 53.63335], [-113.442809, 53.63515], [-113.442809, 53.6363], [-113.44281, 53.63636], [-113.44281, 53.63685], [-113.4428, 53.63781], [-113.44277, 53.63849], [-113.44275, 53.63893], [-113.442731, 53.63928], [-113.44268, 53.6397], [-113.442659, 53.63988], [-113.44263, 53.64026], [-113.44243, 53.64018], [-113.44103, 53.64006], [-113.44085, 53.64008], [-113.439979, 53.639977], [-113.43871, 53.63982], [-113.43754, 53.63974], [-113.43708, 53.63974], [-113.435634, 53.639854], [-113.435391, 53.63988], [-113.43465, 53.63999], [-113.433139, 53.6402], [-113.432701, 53.640209], [-113.4304, 53.64023], [-113.429759, 53.640138], [-113.42967, 53.64012], [-113.42897, 53.6399], [-113.427971, 53.63943], [-113.42731, 53.639], [-113.4269, 53.63858], [-113.426815, 53.638436], [-113.42641, 53.63769], [-113.426239, 53.63708], [-113.42625, 53.63662], [-113.42632, 53.636301], [-113.42662, 53.63564], [-113.427101, 53.63523], [-113.427931, 53.63468], [-113.427543, 53.634409], [-113.42746, 53.63435], [-113.426539, 53.6337], [-113.42485, 53.63253], [-113.42444, 53.632293], [-113.42352, 53.63182], [-113.422299, 53.63142], [-113.421521, 53.63133], [-113.421035, 53.631313], [-113.420299, 53.63131], [-113.41819, 53.63132], [-113.417597, 53.631327], [-113.417501, 53.63133], [-113.416579, 53.63148], [-113.415479, 53.63177], [-113.414729, 53.632], [-113.41422, 53.6322], [-113.41397, 53.63232], [-113.413394, 53.632598], [-113.4124, 53.63307], [-113.41176, 53.63343], [-113.4115, 53.63355], [-113.410511, 53.633876], [-113.4105, 53.63388], [-113.40871, 53.63423], [-113.40827, 53.63433], [-113.40761, 53.6346], [-113.40677, 53.63476], [-113.406294, 53.634748], [-113.40621, 53.63474], [-113.404639, 53.63437], [-113.40402, 53.63411], [-113.40324, 53.63334], [-113.403011, 53.633097], [-113.40237, 53.63244], [-113.401899, 53.63183], [-113.401729, 53.63123], [-113.40151, 53.63053], [-113.40147, 53.630454], [-113.40123, 53.63002], [-113.400629, 53.62938], [-113.40039, 53.62902], [-113.400273, 53.62872], [-113.40026, 53.62868], [-113.400219, 53.62834], [-113.40037, 53.62754], [-113.40051, 53.62726], [-113.400909, 53.6269], [-113.401503, 53.626967], [-113.401551, 53.62699], [-113.40263, 53.62753], [-113.40336, 53.62787], [-113.404009, 53.62811], [-113.40485, 53.62834], [-113.405529, 53.62848], [-113.405909, 53.62834], [-113.405913, 53.628099], [-113.40593, 53.62706], [-113.40586, 53.62658], [-113.405679, 53.62635], [-113.405459, 53.62616], [-113.40478, 53.6258], [-113.404283, 53.625542], [-113.4032, 53.62495], [-113.4029, 53.62465], [-113.402779, 53.62443], [-113.4027, 53.624074], [-113.4027, 53.62397], [-113.40281, 53.62352], [-113.403031, 53.6227], [-113.402393, 53.622571], [-113.40239, 53.62257], [-113.40166, 53.62237], [-113.40068, 53.62221], [-113.39969, 53.62204], [-113.399381, 53.62183], [-113.399599, 53.62122], [-113.39982, 53.62068], [-113.400159, 53.61957], [-113.39999, 53.61932], [-113.3993, 53.61918], [-113.398909, 53.61915], [-113.39815, 53.61908], [-113.39795, 53.61899], [-113.397949, 53.618212], [-113.39795, 53.61795], [-113.39798, 53.61699], [-113.39808, 53.61655], [-113.39841, 53.61607], [-113.39893, 53.61558], [-113.39936, 53.61519], [-113.399445, 53.615049], [-113.399479, 53.61497], [-113.39955, 53.61458], [-113.39958, 53.61419], [-113.39958, 53.61388], [-113.399576, 53.613691], [-113.39956, 53.61322], [-113.39947, 53.61262], [-113.399469, 53.61195], [-113.3996, 53.61166], [-113.399939, 53.61131], [-113.399984, 53.61128], [-113.400979, 53.61065], [-113.40257, 53.60968], [-113.402883, 53.609484], [-113.40316, 53.60933], [-113.40415, 53.60899], [-113.4048, 53.60886], [-113.405469, 53.60867], [-113.405991, 53.60834], [-113.40617, 53.60816], [-113.40626, 53.60797], [-113.40645, 53.60745], [-113.406569, 53.60683], [-113.4068, 53.606452], [-113.40694, 53.60625], [-113.407669, 53.60585], [-113.40887, 53.60535], [-113.41007, 53.60489], [-113.410749, 53.60438], [-113.411379, 53.6032], [-113.41175, 53.60295], [-113.41176, 53.60264], [-113.412367, 53.602247]]}, "properties": {"route_id": "107", "route_short_name": "107", "route_long_name": "107 \u2014 Belvedere - West Clareview", "category": "Frequent Bus"}}, {"type": "Feature", "geometry": {"type": "LineString", "coordinates": [[-113.429517, 53.457276], [-113.43008, 53.45726], [-113.431349, 53.45726], [-113.431349, 53.45703], [-113.431369, 53.45655], [-113.431489, 53.45647], [-113.43233, 53.45645], [-113.432891, 53.45639], [-113.434331, 53.45635], [-113.43472, 53.45583], [-113.434811, 53.45477], [-113.434759, 53.45456], [-113.434721, 53.45418], [-113.434701, 53.45376], [-113.43467, 53.45361], [-113.434579, 53.45349], [-113.43397, 53.45347], [-113.433056, 53.453444], [-113.432861, 53.45344], [-113.43203, 53.45344], [-113.43131, 53.45345], [-113.4305, 53.45347], [-113.42971, 53.45351], [-113.429552, 53.45352], [-113.42877, 53.45358], [-113.42771, 53.45368], [-113.42719, 53.45374], [-113.42589, 53.45391], [-113.42527, 53.45399], [-113.423599, 53.454201], [-113.42307, 53.45427], [-113.42194, 53.45442], [-113.42139, 53.45449], [-113.42101, 53.45454], [-113.4206, 53.45448], [-113.42039, 53.45442], [-113.42024, 53.45433], [-113.420091, 53.45415], [-113.420029, 53.45389], [-113.419899, 53.45338], [-113.419805, 53.453007], [-113.41966, 53.4524], [-113.419549, 53.45177], [-113.41948, 53.45116], [-113.419461, 53.45078], [-113.41945, 53.45033], [-113.419467, 53.449779], [-113.41947, 53.44967], [-113.41955, 53.44874], [-113.41965, 53.44763], [-113.41967, 53.44712], [-113.41965, 53.44663], [-113.41961, 53.44622], [-113.41954, 53.44565], [-113.41948, 53.44528], [-113.41943, 53.44504], [-113.419372, 53.444792], [-113.419301, 53.44451], [-113.419029, 53.44344], [-113.41886, 53.44272], [-113.41877, 53.44215], [-113.418753, 53.441994], [-113.4187, 53.44146], [-113.41865, 53.44057], [-113.418581, 53.43993], [-113.41845, 53.43913], [-113.41834, 53.43847], [-113.41822, 53.43771], [-113.41814, 53.4368], [-113.4181, 53.43587], [-113.41809, 53.43542], [-113.41809, 53.4351], [-113.418081, 53.43422], [-113.41806, 53.4333], [-113.41805, 53.43281], [-113.418039, 53.43229], [-113.418067, 53.431882], [-113.418069, 53.43186], [-113.41811, 53.43139], [-113.41816, 53.43076], [-113.41818, 53.43001], [-113.418189, 53.42946], [-113.41819, 53.42864], [-113.418884, 53.428634], [-113.42025, 53.42862], [-113.422236, 53.42862], [-113.422779, 53.42862], [-113.424159, 53.42859], [-113.424944, 53.428844], [-113.42497, 53.42887], [-113.425461, 53.42917], [-113.426521, 53.42979], [-113.427327, 53.430106], [-113.4276, 53.4302], [-113.42806, 53.43033], [-113.429359, 53.4305], [-113.43003, 53.43052], [-113.43119, 53.43043], [-113.43211, 53.43025], [-113.432569, 53.430172], [-113.43291, 53.43011], [-113.434041, 53.43003], [-113.434699, 53.42994], [-113.435631, 53.42961], [-113.435831, 53.429495], [-113.43613, 53.42931], [-113.436381, 53.42898], [-113.43652, 53.42869], [-113.43661, 53.42839], [-113.436601, 53.42804], [-113.436588, 53.428007], [-113.436381, 53.4275], [-113.43628, 53.42679], [-113.436307, 53.426034], [-113.43632, 53.42552], [-113.43633, 53.42495], [-113.43634, 53.42454], [-113.436342, 53.424276], [-113.43636, 53.42269], [-113.43632, 53.422442], [-113.436239, 53.42191], [-113.43559, 53.42096], [-113.436095, 53.420765], [-113.43615, 53.42074], [-113.436921, 53.42046], [-113.43732, 53.42042], [-113.438553, 53.420423], [-113.43891, 53.42042], [-113.439399, 53.42048], [-113.44046, 53.42058], [-113.442831, 53.4206], [-113.443281, 53.42059], [-113.443436, 53.420582], [-113.44367, 53.42058], [-113.444399, 53.42051], [-113.445269, 53.42035], [-113.447028, 53.420087], [-113.44709, 53.42008], [-113.44777, 53.42009], [-113.44826, 53.42013], [-113.448781, 53.42022], [-113.44951, 53.42037], [-113.449768, 53.420449], [-113.45035, 53.42063], [-113.450979, 53.42084], [-113.45175, 53.42104], [-113.452559, 53.42117], [-113.453501, 53.42131], [-113.45406, 53.42159], [-113.45409, 53.421609], [-113.45454, 53.42194], [-113.454869, 53.42228], [-113.455257, 53.422873], [-113.45532, 53.42306], [-113.455351, 53.42346], [-113.45534, 53.42498], [-113.455349, 53.425381], [-113.4554, 53.4256], [-113.45587, 53.42612], [-113.456102, 53.426266], [-113.457219, 53.42698], [-113.458114, 53.427601], [-113.45819, 53.42766], [-113.45903, 53.42834], [-113.459705, 53.428965], [-113.46027, 53.42943], [-113.461179, 53.42983], [-113.461329, 53.42987], [-113.46204, 53.42999], [-113.46265, 53.43005], [-113.463852, 53.430082], [-113.46401, 53.43007], [-113.464909, 53.42995], [-113.465819, 53.42985], [-113.46673, 53.42983], [-113.467309, 53.42982], [-113.467886, 53.42982], [-113.468151, 53.42982], [-113.468691, 53.42983], [-113.469419, 53.43003], [-113.47007, 53.43045], [-113.470627, 53.430779], [-113.47073, 53.43084], [-113.471139, 53.43099], [-113.471601, 53.43103], [-113.47198, 53.43101], [-113.47233, 53.43091], [-113.472709, 53.43068], [-113.47291, 53.43053], [-113.47384, 53.42978], [-113.47406, 53.42964], [-113.47445, 53.42946], [-113.47474, 53.4294], [-113.475341, 53.42937], [-113.47594, 53.42936], [-113.476359, 53.42936], [-113.476832, 53.429365], [-113.47793, 53.42938], [-113.478199, 53.42938], [-113.47878, 53.42938], [-113.479089, 53.42945], [-113.47993, 53.42948], [-113.479937, 53.429794], [-113.47996, 53.43061], [-113.48009, 53.43119], [-113.48045, 53.4319], [-113.480513, 53.431981], [-113.48082, 53.43238], [-113.48223, 53.43399], [-113.48256, 53.43466], [-113.48304, 53.43646], [-113.48337, 53.43738], [-113.48357, 53.4378], [-113.48388, 53.4385], [-113.484351, 53.43955], [-113.48441, 53.43989], [-113.48436, 53.44049], [-113.484039, 53.44113], [-113.483824, 53.441365], [-113.48333, 53.44177], [-113.48286, 53.44212], [-113.482851, 53.442703], [-113.483311, 53.44291], [-113.48414, 53.44336], [-113.484771, 53.4439], [-113.48501, 53.44438], [-113.48509, 53.44559], [-113.48507, 53.445882], [-113.48503, 53.44675], [-113.48504, 53.44751], [-113.485471, 53.44824], [-113.485655, 53.448541], [-113.48574, 53.44873], [-113.485821, 53.44917], [-113.485739, 53.44979], [-113.485731, 53.450012], [-113.48572, 53.45025], [-113.48585, 53.45097], [-113.485911, 53.45158], [-113.485921, 53.45186], [-113.48589, 53.4529], [-113.48589, 53.453238], [-113.485901, 53.45353], [-113.48601, 53.45382], [-113.48618, 53.45396], [-113.486552, 53.45407], [-113.486781, 53.45408], [-113.487999, 53.45414], [-113.4896, 53.45421], [-113.49109, 53.45428], [-113.49169, 53.45431], [-113.492429, 53.45433], [-113.49331, 53.45434], [-113.49399, 53.45433], [-113.494709, 53.45427], [-113.49578, 53.45415], [-113.496591, 53.45407], [-113.496827, 53.454055], [-113.497119, 53.45404], [-113.49872, 53.45403], [-113.50043, 53.45403], [-113.501451, 53.45403], [-113.502154, 53.454031], [-113.50314, 53.45403], [-113.50451, 53.45402], [-113.507209, 53.45401], [-113.50781, 53.45401], [-113.50909, 53.45401], [-113.5097, 53.45401], [-113.51037, 53.45401], [-113.511509, 53.454], [-113.51203, 53.454], [-113.512659, 53.454], [-113.51382, 53.45401], [-113.514004, 53.454013], [-113.51461, 53.45402], [-113.515121, 53.45402], [-113.51553, 53.45404], [-113.515751, 53.45409], [-113.51595, 53.45418], [-113.516071, 53.4543], [-113.516189, 53.45457], [-113.51618, 53.45504], [-113.51617, 53.45538], [-113.51613, 53.45646], [-113.51613, 53.457], [-113.51613, 53.45751], [-113.51613, 53.45797], [-113.51572, 53.45807], [-113.51548, 53.45805], [-113.515359, 53.45792], [-113.515359, 53.456886]]}, "properties": {"route_id": "518", "route_short_name": "518", "route_long_name": "518 \u2014 Mill Woods - Century Park", "category": "Frequent Bus"}}, {"type": "Feature", "geometry": {"type": "LineString", "coordinates": [[-113.45152, 53.446743], [-113.4516, 53.4471], [-113.45143, 53.44765], [-113.4513, 53.44782], [-113.45114, 53.44798], [-113.45057, 53.4484], [-113.450079, 53.44874], [-113.44937, 53.44932], [-113.449163, 53.449548], [-113.44878, 53.45006], [-113.44849, 53.45057], [-113.448359, 53.4509], [-113.44825, 53.45166], [-113.448169, 53.45269], [-113.44813, 53.45317], [-113.448129, 53.4539], [-113.448101, 53.45588], [-113.448094, 53.456185], [-113.44807, 53.45716], [-113.44807, 53.45778], [-113.447399, 53.45841], [-113.446781, 53.4584], [-113.446229, 53.45842], [-113.446071, 53.45858], [-113.4456, 53.45863], [-113.444122, 53.458593], [-113.44406, 53.45859], [-113.44386, 53.45847], [-113.44358, 53.45838], [-113.4415, 53.4584], [-113.43807, 53.45842], [-113.43676, 53.45841], [-113.436363, 53.458406], [-113.43569, 53.4584], [-113.43448, 53.45838], [-113.434571, 53.4572], [-113.43468, 53.45635], [-113.433161, 53.45636], [-113.43263, 53.45643], [-113.43161, 53.45646], [-113.43143, 53.4565], [-113.43134, 53.45682], [-113.43135, 53.4571], [-113.43007, 53.45711], [-113.42934, 53.45713], [-113.428831, 53.457188]]}, "properties": {"route_id": "509", "route_short_name": "509", "route_long_name": "509 \u2014 Mill Woods - Millbourne", "category": "Frequent Bus"}}, {"type": "Feature", "geometry": {"type": "LineString", "coordinates": [[-113.621357, 53.52486], [-113.62195, 53.52486], [-113.62298, 53.52489], [-113.62403, 53.52503], [-113.62447, 53.52501], [-113.62522, 53.52492], [-113.625819, 53.52487], [-113.62768, 53.5247], [-113.62826, 53.52467], [-113.62987, 53.52467], [-113.6301, 53.52429], [-113.63015, 53.52376], [-113.630198, 53.523433], [-113.63037, 53.52251], [-113.63046, 53.52209], [-113.63057, 53.5214], [-113.630589, 53.52122], [-113.630682, 53.520642], [-113.63069, 53.52054], [-113.63076, 53.51949], [-113.63075, 53.51873], [-113.63074, 53.518605], [-113.630691, 53.51807], [-113.63058, 53.51731], [-113.630493, 53.51683], [-113.63049, 53.51681], [-113.63037, 53.51612], [-113.63032, 53.51581], [-113.63021, 53.51489], [-113.630155, 53.514317], [-113.6301, 53.51364], [-113.630079, 53.51328], [-113.630059, 53.51298], [-113.630039, 53.51234], [-113.63004, 53.51211], [-113.630071, 53.51169], [-113.63011, 53.51095], [-113.63018, 53.51054], [-113.63019, 53.510474], [-113.63027, 53.5099], [-113.63039, 53.50911], [-113.630404, 53.509035], [-113.63062, 53.50811], [-113.630764, 53.507581], [-113.63077, 53.50756], [-113.63092, 53.50699], [-113.63101, 53.50649], [-113.63109, 53.50599], [-113.631151, 53.505523], [-113.63116, 53.50546], [-113.63119, 53.50506], [-113.63124, 53.50446], [-113.63127, 53.50394], [-113.631269, 53.50369], [-113.63139, 53.50321], [-113.63199, 53.50302], [-113.632421, 53.502989], [-113.633839, 53.50295], [-113.63483, 53.502942], [-113.6365, 53.50295], [-113.637289, 53.50296], [-113.637607, 53.502967], [-113.63967, 53.50287], [-113.639676, 53.50255], [-113.63967, 53.50151], [-113.639667, 53.500403], [-113.639669, 53.50028], [-113.63967, 53.49938], [-113.63967, 53.49902], [-113.639671, 53.498898], [-113.63968, 53.49829], [-113.63976, 53.49781], [-113.639869, 53.49751], [-113.640161, 53.49675], [-113.640155, 53.496386], [-113.640776, 53.4956], [-113.64119, 53.4956], [-113.64621, 53.4956], [-113.647451, 53.49557], [-113.64784, 53.49555], [-113.64847, 53.49551], [-113.649102, 53.495466], [-113.649411, 53.49544], [-113.65013, 53.49535], [-113.651379, 53.4952], [-113.652519, 53.49508], [-113.654679, 53.49484], [-113.655569, 53.49474], [-113.656351, 53.49466], [-113.657951, 53.49449], [-113.658951, 53.49439], [-113.65969, 53.49431], [-113.66089, 53.49418], [-113.663231, 53.49396], [-113.66436, 53.49385], [-113.66576, 53.49369], [-113.665715, 53.493008], [-113.665679, 53.49281], [-113.66528, 53.4918], [-113.66467, 53.49074], [-113.664619, 53.490417], [-113.66452, 53.49], [-113.664529, 53.48845], [-113.664512, 53.487583], [-113.664479, 53.4858], [-113.66448, 53.48473], [-113.66449, 53.48445], [-113.664496, 53.484418], [-113.66465, 53.48386], [-113.664951, 53.48336], [-113.665154, 53.483155], [-113.665241, 53.48307], [-113.66602, 53.4825], [-113.667036, 53.482011], [-113.670001, 53.48082], [-113.67084, 53.48026], [-113.67134, 53.480454], [-113.67324, 53.4812], [-113.674611, 53.48176], [-113.675369, 53.482341], [-113.67543, 53.4824], [-113.675541, 53.4829], [-113.67546, 53.48322], [-113.675164, 53.483926], [-113.67502, 53.48419], [-113.6742, 53.48523], [-113.673884, 53.48557], [-113.6737, 53.48579], [-113.673251, 53.48643], [-113.67275, 53.48763], [-113.673104, 53.487807], [-113.67408, 53.48785], [-113.67599, 53.48798], [-113.676384, 53.488027], [-113.67808, 53.48829], [-113.678822, 53.488429], [-113.679559, 53.48857], [-113.680391, 53.48883], [-113.680652, 53.488987], [-113.680729, 53.48906], [-113.68134, 53.48959], [-113.681759, 53.49034], [-113.681991, 53.49106], [-113.68242, 53.49242], [-113.68256, 53.492832], [-113.68275, 53.49345], [-113.682849, 53.49389], [-113.68297, 53.49431], [-113.68306, 53.4947], [-113.68314, 53.495154], [-113.68317, 53.49533], [-113.683299, 53.4962], [-113.68329, 53.49659], [-113.68335, 53.49766], [-113.683261, 53.498049], [-113.68324, 53.49814], [-113.68301, 53.49861], [-113.682699, 53.49904], [-113.68267, 53.49936], [-113.682512, 53.499708], [-113.682511, 53.49971], [-113.68232, 53.50044], [-113.682201, 53.50085], [-113.68199, 53.50139], [-113.68165, 53.50216], [-113.681349, 53.50263], [-113.681191, 53.50269], [-113.68119, 53.50279], [-113.681351, 53.50285], [-113.681509, 53.50279], [-113.682326, 53.503096], [-113.68273, 53.50328], [-113.68322, 53.50355], [-113.683581, 53.50375], [-113.68383, 53.50388], [-113.685289, 53.50444], [-113.685511, 53.50467], [-113.685461, 53.50492], [-113.68533, 53.505105], [-113.68417, 53.50679], [-113.68375, 53.507318], [-113.68334, 53.50776], [-113.68254, 53.50845], [-113.681489, 53.50909], [-113.68017, 53.50959], [-113.680062, 53.509623], [-113.679771, 53.50971], [-113.6788, 53.5099], [-113.67764, 53.51004], [-113.677401, 53.51016], [-113.677445, 53.510632], [-113.67746, 53.51067], [-113.67756, 53.51117], [-113.677651, 53.51218], [-113.677691, 53.51268], [-113.677819, 53.51359], [-113.67808, 53.51423], [-113.678608, 53.514973], [-113.67899, 53.51545], [-113.679931, 53.51671], [-113.680451, 53.51773], [-113.680595, 53.518154], [-113.68076, 53.51867], [-113.681033, 53.51954], [-113.68119, 53.52007], [-113.68143, 53.52077], [-113.680351, 53.520956], [-113.67856, 53.52126], [-113.67768, 53.52144], [-113.677672, 53.521442], [-113.675531, 53.5223], [-113.6749, 53.5227], [-113.674821, 53.522766], [-113.6734, 53.5239], [-113.673091, 53.52409], [-113.67274, 53.52416], [-113.671857, 53.523947], [-113.67161, 53.52387], [-113.67047, 53.52366], [-113.669519, 53.52356], [-113.667691, 53.52349], [-113.66623, 53.52327], [-113.66559, 53.52318], [-113.665619, 53.52303], [-113.665749, 53.52298], [-113.666099, 53.52296]]}, "properties": {"route_id": "916", "route_short_name": "916", "route_long_name": "916 \u2014 West Edmonton Mall - Lewis Farms", "category": "Frequent Bus"}}, {"type": "Feature", "geometry": {"type": "LineString", "coordinates": [[-113.592184, 53.540652], [-113.59212, 53.54073], [-113.59199, 53.54096], [-113.591821, 53.5413], [-113.59106, 53.5413], [-113.59039, 53.54162], [-113.590379, 53.54182], [-113.590351, 53.54245], [-113.590349, 53.54288], [-113.59035, 53.543589], [-113.590351, 53.54417], [-113.59037, 53.5464], [-113.59037, 53.546651], [-113.59038, 53.54719], [-113.59038, 53.54757], [-113.590381, 53.54795], [-113.590383, 53.548194], [-113.59039, 53.5495], [-113.5904, 53.55061], [-113.590399, 53.55116], [-113.5904, 53.551528], [-113.5904, 53.55168], [-113.590409, 53.55263], [-113.59042, 53.55434], [-113.59042, 53.554531], [-113.590421, 53.55521], [-113.590432, 53.556214], [-113.59044, 53.55786], [-113.59044, 53.55838], [-113.59044, 53.55887], [-113.590451, 53.55959], [-113.590439, 53.55982], [-113.590439, 53.55983], [-113.59043, 53.56035], [-113.59042, 53.56121], [-113.59042, 53.56186], [-113.590419, 53.56221], [-113.59042, 53.56264], [-113.590431, 53.56338], [-113.590434, 53.563551], [-113.59044, 53.56417], [-113.590431, 53.56479], [-113.590419, 53.5655], [-113.59042, 53.5662], [-113.59042, 53.56667], [-113.59042, 53.567027], [-113.59042, 53.56744], [-113.59042, 53.56766], [-113.590421, 53.56816], [-113.59042, 53.56856], [-113.59041, 53.56897], [-113.5904, 53.56948], [-113.590289, 53.57003], [-113.590201, 53.57017], [-113.590009, 53.57028], [-113.58964, 53.57036], [-113.58874, 53.57036], [-113.588641, 53.57036], [-113.588241, 53.57036], [-113.587529, 53.57039], [-113.587239, 53.57042], [-113.58669, 53.57042], [-113.58659, 53.570422], [-113.585619, 53.57043], [-113.585219, 53.57043], [-113.58472, 53.57043], [-113.58409, 53.57043], [-113.58332, 53.57043], [-113.583039, 53.570428], [-113.58113, 53.57042], [-113.580547, 53.57042], [-113.580321, 53.57042], [-113.579789, 53.57042], [-113.578111, 53.57042], [-113.576729, 53.57041], [-113.576274, 53.57041], [-113.57595, 53.57041], [-113.575101, 53.57041], [-113.57411, 53.57041], [-113.573371, 53.57041], [-113.57265, 53.57041], [-113.5715, 53.57041], [-113.5707, 53.57041], [-113.57054, 53.57041], [-113.569679, 53.57041], [-113.569301, 53.57041], [-113.56863, 53.5704], [-113.567651, 53.5704], [-113.567119, 53.57039], [-113.56684, 53.57039], [-113.56639, 53.57038], [-113.56617, 53.57038], [-113.56577, 53.57037], [-113.565204, 53.570353], [-113.56488, 53.57034], [-113.56376, 53.57031], [-113.56136, 53.5703], [-113.56072, 53.5703], [-113.55718, 53.57029], [-113.55548, 53.57028], [-113.554093, 53.570277], [-113.552831, 53.57027], [-113.55231, 53.57028], [-113.551501, 53.57028], [-113.550949, 53.57029], [-113.550898, 53.57029], [-113.55047, 53.57025], [-113.55014, 53.57018], [-113.54973, 53.57009], [-113.54967, 53.57005], [-113.54961, 53.57003], [-113.54953, 53.57001], [-113.54939, 53.57], [-113.54924, 53.57001], [-113.549141, 53.57003], [-113.549069, 53.57007], [-113.54898, 53.57011], [-113.548791, 53.57015], [-113.548611, 53.57018], [-113.54834, 53.57022], [-113.547724, 53.57025], [-113.5477, 53.57025], [-113.547211, 53.57025], [-113.54673, 53.57025], [-113.54638, 53.57026], [-113.54601, 53.5703], [-113.54567, 53.5703], [-113.54452, 53.57029], [-113.544215, 53.57029], [-113.54253, 53.57029], [-113.54207, 53.5703], [-113.54117, 53.57031], [-113.54061, 53.57031], [-113.5405, 53.57031], [-113.540201, 53.57031], [-113.537699, 53.57031], [-113.5368, 53.57031], [-113.53595, 53.57031], [-113.535411, 53.57031], [-113.535136, 53.57031], [-113.534931, 53.57031], [-113.53357, 53.57031], [-113.53332, 53.57031], [-113.53293, 53.57031], [-113.53247, 53.57031], [-113.53201, 53.57026], [-113.53171, 53.57027], [-113.53096, 53.57024], [-113.530471, 53.5701], [-113.53, 53.56991], [-113.529461, 53.56968], [-113.529435, 53.569669], [-113.528619, 53.56932], [-113.52741, 53.56881], [-113.526439, 53.5684], [-113.52569, 53.56807], [-113.525283, 53.567886], [-113.524631, 53.56761], [-113.52291, 53.56689], [-113.52229, 53.56663], [-113.52125, 53.56619], [-113.520836, 53.566008], [-113.51971, 53.56554], [-113.518884, 53.56519], [-113.51844, 53.565], [-113.5176, 53.56464], [-113.517181, 53.56447], [-113.516676, 53.564256], [-113.516569, 53.56421], [-113.515839, 53.5639], [-113.51478, 53.56344], [-113.51328, 53.56281], [-113.51238, 53.56243], [-113.511987, 53.562261], [-113.51126, 53.56195], [-113.510081, 53.56145], [-113.50896, 53.56097], [-113.5084, 53.56072], [-113.50785, 53.56049], [-113.507591, 53.56038], [-113.507443, 53.560318], [-113.506659, 53.55998], [-113.506591, 53.55941], [-113.50659, 53.55884], [-113.504896, 53.55884], [-113.50475, 53.55884], [-113.50395, 53.55884], [-113.50325, 53.55882], [-113.50279, 53.55882], [-113.502369, 53.55876], [-113.502111, 53.55857], [-113.501433, 53.558158]]}, "properties": {"route_id": "903", "route_short_name": "903", "route_long_name": "903 \u2014 Jasper Place - Kingsway", "category": "Frequent Bus"}}, {"type": "Feature", "geometry": {"type": "LineString", "coordinates": [[-113.490668, 53.618224], [-113.49121, 53.61822], [-113.491741, 53.61825], [-113.491739, 53.61961], [-113.49174, 53.62132], [-113.492759, 53.62127], [-113.49332, 53.621277], [-113.4942, 53.62128], [-113.495521, 53.62128], [-113.496324, 53.621609], [-113.49633, 53.62221], [-113.49636, 53.62427], [-113.496451, 53.624485], [-113.49661, 53.62484], [-113.49685, 53.62527], [-113.497221, 53.62576], [-113.497863, 53.626616], [-113.49807, 53.62689], [-113.498321, 53.62733], [-113.49842, 53.62824], [-113.49842, 53.6289], [-113.498414, 53.629258], [-113.49841, 53.63001], [-113.4982, 53.63051], [-113.49781, 53.63089], [-113.497787, 53.630905], [-113.496729, 53.63161], [-113.496531, 53.63179], [-113.49629, 53.63215], [-113.496221, 53.63242], [-113.49626, 53.63289], [-113.49645, 53.63324], [-113.49676, 53.63356], [-113.497104, 53.63378], [-113.49739, 53.63391], [-113.49806, 53.63412], [-113.49921, 53.6342], [-113.499599, 53.634154], [-113.500109, 53.63406], [-113.50211, 53.6335], [-113.50238, 53.63343], [-113.50351, 53.63326], [-113.50423, 53.63324], [-113.505241, 53.63329], [-113.50621, 53.63342], [-113.506619, 53.63349], [-113.508371, 53.63378], [-113.50876, 53.6338], [-113.5097, 53.63372], [-113.510321, 53.63356], [-113.51104, 53.63322], [-113.51141, 53.63292], [-113.51163, 53.632623], [-113.512129, 53.63192], [-113.51234, 53.63123], [-113.5123, 53.63087], [-113.512011, 53.630404], [-113.51159, 53.62992], [-113.51025, 53.62856], [-113.51008, 53.62799], [-113.510169, 53.627955], [-113.51099, 53.62761], [-113.51213, 53.62707], [-113.5129, 53.62673], [-113.513306, 53.626549], [-113.5135, 53.62646], [-113.514419, 53.62603], [-113.51506, 53.62569], [-113.515513, 53.625451], [-113.515641, 53.62539], [-113.51637, 53.62503], [-113.51658, 53.62491], [-113.5172, 53.62451], [-113.51772, 53.62411], [-113.51825, 53.6236], [-113.51854, 53.62326], [-113.51883, 53.62283], [-113.519009, 53.62251], [-113.51903, 53.62247], [-113.519249, 53.62187], [-113.51935, 53.62142], [-113.51938, 53.62093], [-113.51935, 53.62051], [-113.51923, 53.61997], [-113.51905, 53.61949], [-113.518995, 53.619385], [-113.518791, 53.61902], [-113.51828, 53.61833], [-113.517981, 53.61796], [-113.517709, 53.61761], [-113.51746, 53.61725], [-113.51722, 53.6168], [-113.51687, 53.61689], [-113.51651, 53.6169], [-113.516319, 53.61653], [-113.516296, 53.616317], [-113.516319, 53.61627], [-113.516739, 53.61615], [-113.516879, 53.61566], [-113.516819, 53.61497], [-113.516831, 53.61424], [-113.516839, 53.61373], [-113.516838, 53.613294], [-113.51683, 53.61296], [-113.516821, 53.61194], [-113.519419, 53.61198], [-113.51983, 53.61199], [-113.52157, 53.61203], [-113.522819, 53.6121], [-113.52363, 53.61222], [-113.523762, 53.612255], [-113.52536, 53.61276], [-113.526419, 53.61314], [-113.52775, 53.6136], [-113.52851, 53.61386], [-113.528857, 53.613948], [-113.52894, 53.61397], [-113.52964, 53.61404], [-113.53045, 53.61404], [-113.53048, 53.6138], [-113.530504, 53.61356], [-113.53054, 53.61319], [-113.530831, 53.61258], [-113.53123, 53.61195], [-113.531425, 53.611714], [-113.531561, 53.61146], [-113.53186, 53.61038], [-113.531821, 53.610171], [-113.53162, 53.60949], [-113.53151, 53.60931], [-113.531149, 53.60875], [-113.530801, 53.60832], [-113.530658, 53.608128], [-113.53002, 53.60729], [-113.52966, 53.60681], [-113.52918, 53.60597], [-113.52921, 53.60555], [-113.529243, 53.605438], [-113.529639, 53.60473], [-113.531029, 53.60404], [-113.531957, 53.604165], [-113.53201, 53.60417], [-113.53442, 53.60418], [-113.535449, 53.60418], [-113.53889, 53.604171], [-113.53926, 53.60417], [-113.54031, 53.60418], [-113.541399, 53.60406], [-113.54141, 53.603782], [-113.54141, 53.60375], [-113.5414, 53.60319], [-113.54139, 53.60268], [-113.54137, 53.60207], [-113.541362, 53.601766], [-113.54136, 53.60154], [-113.54135, 53.60126], [-113.54135, 53.60072], [-113.54135, 53.60057], [-113.54135, 53.60023], [-113.541349, 53.5999], [-113.541349, 53.59948], [-113.541341, 53.59889], [-113.54131, 53.59855], [-113.541293, 53.598423], [-113.541271, 53.59825], [-113.541249, 53.59798], [-113.541191, 53.59781], [-113.5412, 53.59741], [-113.54119, 53.59687], [-113.541191, 53.59599], [-113.54119, 53.59523], [-113.541189, 53.59403], [-113.54119, 53.59367], [-113.541191, 53.593484], [-113.54119, 53.59302], [-113.5412, 53.59249], [-113.5412, 53.59176], [-113.541201, 53.591724], [-113.54121, 53.59069], [-113.54121, 53.59005], [-113.541207, 53.589794], [-113.5412, 53.58844], [-113.5412, 53.58832], [-113.5412, 53.58757], [-113.540176, 53.587584], [-113.53969, 53.58759], [-113.53815, 53.58758], [-113.537505, 53.58758], [-113.536589, 53.58759], [-113.535051, 53.58759], [-113.534593, 53.58759], [-113.53351, 53.58759], [-113.531939, 53.58759], [-113.530401, 53.58759], [-113.529929, 53.587584], [-113.52886, 53.58758], [-113.526353, 53.587577], [-113.525089, 53.58757], [-113.523037, 53.58758], [-113.52167, 53.58758], [-113.519707, 53.587587], [-113.5191, 53.58758], [-113.517411, 53.5875], [-113.516167, 53.58744], [-113.51583, 53.58744], [-113.51435, 53.58745], [-113.513046, 53.587459], [-113.51029, 53.58745], [-113.507996, 53.58744], [-113.507521, 53.58744], [-113.50417, 53.58744], [-113.503762, 53.587433], [-113.500749, 53.58739], [-113.500695, 53.58739], [-113.498999, 53.58736], [-113.49724, 53.58739], [-113.497241, 53.587128], [-113.49726, 53.585075], [-113.497259, 53.58484], [-113.496119, 53.58483], [-113.496026, 53.584829], [-113.49472, 53.58482], [-113.49372, 53.5848], [-113.49301, 53.58479], [-113.492069, 53.58431], [-113.49207, 53.584], [-113.49206, 53.58357], [-113.492061, 53.58328], [-113.49206, 53.58278], [-113.492069, 53.5823], [-113.492079, 53.58208], [-113.49215, 53.58148], [-113.492191, 53.58125], [-113.492309, 53.58015], [-113.492319, 53.579221], [-113.49232, 53.57893], [-113.49227, 53.57726], [-113.49229, 53.576262], [-113.49229, 53.57624], [-113.492299, 53.57557], [-113.4923, 53.57438], [-113.4923, 53.5735], [-113.492312, 53.573108], [-113.49232, 53.57198], [-113.49232, 53.57142], [-113.49231, 53.57117], [-113.49227, 53.57093], [-113.49227, 53.57075], [-113.492339, 53.5706], [-113.49241, 53.57052], [-113.49253, 53.57045], [-113.49271, 53.5704], [-113.49297, 53.57038], [-113.49335, 53.57038], [-113.493388, 53.57038], [-113.494309, 53.57035], [-113.49496, 53.57035], [-113.495249, 53.57026], [-113.49535, 53.57018], [-113.495391, 53.57007], [-113.49536, 53.56997], [-113.49528, 53.56987], [-113.49514, 53.56978], [-113.494981, 53.56975], [-113.49422, 53.56975], [-113.49398, 53.56965], [-113.493819, 53.56953], [-113.49378, 53.56928], [-113.49377, 53.569001], [-113.4937, 53.56882], [-113.493708, 53.567097], [-113.4937, 53.56577], [-113.49371, 53.564025], [-113.493709, 53.5627], [-113.493712, 53.562461], [-113.49371, 53.56109], [-113.49372, 53.560755], [-113.493719, 53.56033], [-113.493709, 53.55966], [-113.493711, 53.55931], [-113.49407, 53.55888], [-113.49452, 53.55888], [-113.494588, 53.558897], [-113.4948, 53.55895], [-113.49552, 53.55896], [-113.497569, 53.55895], [-113.498368, 53.55895], [-113.498901, 53.55895], [-113.499411, 53.55895], [-113.50109, 53.55895], [-113.501031, 53.55865], [-113.50141, 53.5586], [-113.501839, 53.55865], [-113.50174, 53.55835]]}, "properties": {"route_id": "103", "route_short_name": "103", "route_long_name": "103 \u2014 Eaux Claires - Castle Downs - Kingsway", "category": "Frequent Bus"}}, {"type": "Feature", "geometry": {"type": "LineString", "coordinates": [[-113.621357, 53.52486], [-113.62195, 53.52486], [-113.62298, 53.52489], [-113.62403, 53.52503], [-113.62447, 53.52501], [-113.62522, 53.52492], [-113.625819, 53.52487], [-113.62768, 53.5247], [-113.62826, 53.52467], [-113.62987, 53.52467], [-113.62986, 53.52537], [-113.62988, 53.52579], [-113.629921, 53.52632], [-113.629954, 53.526661], [-113.629991, 53.52693], [-113.63017, 53.52787], [-113.6303, 53.52852], [-113.63037, 53.52889], [-113.63045, 53.52925], [-113.63046, 53.529293], [-113.630561, 53.52973], [-113.630621, 53.53009], [-113.630619, 53.53024], [-113.63059, 53.53062], [-113.63048, 53.53098], [-113.63027, 53.53138], [-113.630267, 53.531385], [-113.6298, 53.53215], [-113.629609, 53.53244], [-113.629129, 53.53318], [-113.62875, 53.53373], [-113.628491, 53.53411], [-113.628079, 53.53474], [-113.628044, 53.534798], [-113.627801, 53.53523], [-113.62769, 53.53544], [-113.627619, 53.5356], [-113.62747, 53.53615], [-113.627453, 53.536286], [-113.62744, 53.53658], [-113.62741, 53.53712], [-113.62739, 53.53731], [-113.627369, 53.53762], [-113.62737, 53.538222], [-113.62737, 53.53843], [-113.627371, 53.53867], [-113.62736, 53.53902], [-113.62735, 53.53936], [-113.62734, 53.53962], [-113.62733, 53.5402], [-113.62733, 53.54052], [-113.627327, 53.540692], [-113.62732, 53.54122], [-113.62732, 53.54168], [-113.627325, 53.542175], [-113.627329, 53.54234], [-113.62739, 53.54281], [-113.627399, 53.54331], [-113.627384, 53.54366], [-113.6274, 53.54404], [-113.627401, 53.54488], [-113.6274, 53.54527], [-113.627398, 53.545553], [-113.627391, 53.54585], [-113.627399, 53.54656], [-113.62741, 53.54722], [-113.62741, 53.547396], [-113.62741, 53.54772], [-113.62741, 53.54861], [-113.6274, 53.54903], [-113.62739, 53.5497], [-113.62738, 53.55016], [-113.627365, 53.551181], [-113.62736, 53.55145], [-113.62735, 53.55271], [-113.626861, 53.55328], [-113.626714, 53.55328], [-113.62548, 53.55328], [-113.62407, 53.55328], [-113.623785, 53.553281], [-113.62347, 53.55328], [-113.62309, 53.55328], [-113.622549, 53.55328], [-113.62206, 53.55328], [-113.62133, 53.55327], [-113.621099, 53.55327], [-113.620514, 53.55327], [-113.62025, 53.55327], [-113.62007, 53.55327], [-113.61939, 53.55327], [-113.61864, 53.55327], [-113.61829, 53.55327], [-113.617881, 53.55327], [-113.6177, 53.55324], [-113.617311, 53.55322], [-113.617232, 53.55322], [-113.616859, 53.55322], [-113.61547, 53.55321], [-113.6152, 53.55332], [-113.615207, 53.55374], [-113.61522, 53.55461], [-113.61522, 53.55596], [-113.615219, 53.556533], [-113.615221, 53.55687], [-113.615209, 53.55745], [-113.61523, 53.55855], [-113.61523, 53.55883], [-113.61523, 53.559342], [-113.61523, 53.55953], [-113.615229, 53.56058], [-113.61521, 53.56221], [-113.61521, 53.56303], [-113.61521, 53.563513], [-113.615211, 53.56664], [-113.61521, 53.56683], [-113.615204, 53.56787], [-113.6152, 53.56818], [-113.615201, 53.56941], [-113.6152, 53.56979], [-113.615193, 53.570223], [-113.61519, 53.57044], [-113.615181, 53.5711], [-113.61517, 53.57162], [-113.61517, 53.57189], [-113.615171, 53.57303], [-113.61517, 53.57344], [-113.61518, 53.57395], [-113.6152, 53.57443], [-113.6152, 53.57464], [-113.6152, 53.57492], [-113.6152, 53.57528], [-113.61519, 53.5756], [-113.61519, 53.57602], [-113.6152, 53.57693], [-113.615191, 53.57765], [-113.615185, 53.578103], [-113.61518, 53.57827], [-113.61519, 53.57901], [-113.6152, 53.57948], [-113.615209, 53.57975], [-113.61525, 53.57997], [-113.61531, 53.58015], [-113.61531, 53.58045], [-113.6153, 53.58102], [-113.61526, 53.58418], [-113.61525, 53.58473], [-113.615241, 53.5851], [-113.61522, 53.5869], [-113.61521, 53.58731], [-113.615179, 53.58886], [-113.615174, 53.589428], [-113.61517, 53.58977], [-113.615151, 53.59135], [-113.61514, 53.59191], [-113.61514, 53.591919], [-113.61513, 53.59225], [-113.61513, 53.59244], [-113.61503, 53.59268], [-113.61503, 53.59297], [-113.615061, 53.59311], [-113.615111, 53.59326], [-113.61511, 53.59346], [-113.61508, 53.59482], [-113.61508, 53.59543], [-113.61501, 53.5957], [-113.61497, 53.59606], [-113.61495, 53.59644], [-113.614941, 53.59669], [-113.61492, 53.59799], [-113.614901, 53.59858], [-113.614901, 53.59893], [-113.61476, 53.59909], [-113.61466, 53.59918], [-113.614481, 53.59926], [-113.614019, 53.59933], [-113.61358, 53.59933], [-113.613333, 53.59933], [-113.611601, 53.59933], [-113.611049, 53.59933], [-113.608341, 53.59933], [-113.60481, 53.59933], [-113.60265, 53.59933], [-113.601671, 53.599332], [-113.596358, 53.599339], [-113.592511, 53.59933], [-113.59198, 53.59933], [-113.591199, 53.59933], [-113.59026, 53.59933], [-113.58953, 53.59932], [-113.588894, 53.59932], [-113.58885, 53.59932], [-113.58798, 53.59932], [-113.585121, 53.59933], [-113.584121, 53.59933], [-113.58314, 53.59933], [-113.581806, 53.599331], [-113.58116, 53.59933], [-113.57978, 53.59933], [-113.579132, 53.59933], [-113.57804, 53.59933], [-113.577181, 53.59933], [-113.57673, 53.59933], [-113.576341, 53.59934], [-113.575791, 53.59934], [-113.574791, 53.59934], [-113.573321, 53.59935], [-113.57323, 53.59935], [-113.57217, 53.59935], [-113.57137, 53.59935], [-113.57097, 53.59935], [-113.5699, 53.59936], [-113.56868, 53.59937], [-113.56659, 53.59938], [-113.5654, 53.59938], [-113.563629, 53.59939], [-113.56243, 53.59939], [-113.5618, 53.59939], [-113.561051, 53.59939], [-113.55893, 53.59939], [-113.557579, 53.59939], [-113.55447, 53.59939], [-113.55349, 53.59939], [-113.552925, 53.599391], [-113.55208, 53.5994], [-113.551139, 53.5994], [-113.549739, 53.599399], [-113.549089, 53.5994], [-113.54732, 53.5994], [-113.546598, 53.599394], [-113.546431, 53.59939], [-113.544329, 53.59938], [-113.54307, 53.59937], [-113.542669, 53.59937], [-113.5421, 53.59937], [-113.54108, 53.59936], [-113.540351, 53.59936], [-113.539923, 53.59936], [-113.539801, 53.59936], [-113.53871, 53.59937], [-113.53797, 53.59937], [-113.53743, 53.59938], [-113.536491, 53.59939], [-113.535969, 53.5994], [-113.534428, 53.599415], [-113.53398, 53.59942], [-113.532711, 53.59942], [-113.53142, 53.59943], [-113.528641, 53.59943], [-113.527518, 53.59943], [-113.526851, 53.59943], [-113.52466, 53.59944], [-113.52282, 53.59944], [-113.521104, 53.59945], [-113.5209, 53.59945], [-113.519179, 53.59945], [-113.518181, 53.59945], [-113.51772, 53.59945], [-113.516811, 53.59945], [-113.516017, 53.599456], [-113.51559, 53.59946], [-113.51367, 53.59946], [-113.511605, 53.59946], [-113.510951, 53.59946], [-113.507981, 53.59946], [-113.506179, 53.599449], [-113.505429, 53.59945], [-113.504401, 53.59945], [-113.5031, 53.59945], [-113.500222, 53.599435], [-113.49978, 53.59943], [-113.49884, 53.59943], [-113.49679, 53.59943], [-113.495796, 53.59943], [-113.49577, 53.59943], [-113.49481, 53.59943], [-113.4939, 53.59943], [-113.49338, 53.59949], [-113.492821, 53.5995], [-113.49208, 53.59953], [-113.49191, 53.59958], [-113.49188, 53.60006], [-113.491881, 53.60029], [-113.491621, 53.60031], [-113.491361, 53.6002], [-113.490919, 53.59996], [-113.490636, 53.599942], [-113.490549, 53.59994], [-113.48883, 53.59994], [-113.48846, 53.59993], [-113.48815, 53.59986], [-113.48816, 53.59943], [-113.48635, 53.59943], [-113.484752, 53.59942], [-113.48475, 53.59942], [-113.48232, 53.59942], [-113.4809, 53.59942], [-113.480419, 53.599424], [-113.478531, 53.59944], [-113.47597, 53.59947], [-113.474651, 53.59949], [-113.474149, 53.599495], [-113.472319, 53.59952], [-113.47044, 53.59955], [-113.46937, 53.59956], [-113.46835, 53.59957], [-113.467701, 53.59957], [-113.467309, 53.59957], [-113.466891, 53.59958], [-113.46628, 53.59958], [-113.466011, 53.599583], [-113.465261, 53.59959], [-113.4638, 53.59959], [-113.461984, 53.59959], [-113.461001, 53.59959], [-113.45799, 53.59959], [-113.45545, 53.5996], [-113.454857, 53.5996], [-113.45297, 53.5996], [-113.45056, 53.5996], [-113.44904, 53.59961], [-113.448638, 53.59961], [-113.446601, 53.59961], [-113.44567, 53.59961], [-113.445632, 53.59961], [-113.44502, 53.59961], [-113.44424, 53.5996], [-113.443761, 53.5996], [-113.44323, 53.5996], [-113.44285, 53.5996], [-113.4417, 53.59959], [-113.441436, 53.599584], [-113.43977, 53.59955], [-113.438406, 53.59952], [-113.437509, 53.5995], [-113.43357, 53.59944], [-113.431399, 53.59944], [-113.429872, 53.599435], [-113.42931, 53.59943], [-113.42744, 53.59943], [-113.42634, 53.59943], [-113.425824, 53.599431], [-113.4256, 53.59943], [-113.425161, 53.59943], [-113.424449, 53.5994], [-113.42348, 53.59928], [-113.42288, 53.59915], [-113.42243, 53.59903], [-113.42144, 53.59875], [-113.420439, 53.59846], [-113.41978, 53.59904], [-113.41949, 53.59929], [-113.41899, 53.5997], [-113.41864, 53.6], [-113.418059, 53.60049], [-113.417339, 53.60111], [-113.416989, 53.60141], [-113.4163, 53.602], [-113.4157, 53.60252], [-113.41546, 53.60273], [-113.41499, 53.60313], [-113.413419, 53.60447], [-113.412461, 53.60399], [-113.411139, 53.60361], [-113.41146, 53.60315], [-113.4115, 53.60278], [-113.4114, 53.60272], [-113.411391, 53.60249]]}, "properties": {"route_id": "054", "route_short_name": "054", "route_long_name": "054 \u2014 West Edmonton Mall - West Clareview", "category": "Frequent Bus"}}, {"type": "Feature", "geometry": {"type": "LineString", "coordinates": [[-113.490252, 53.617952], [-113.49121, 53.61822], [-113.491741, 53.619], [-113.49174, 53.62132], [-113.491741, 53.621591], [-113.49175, 53.62363], [-113.489987, 53.623713], [-113.488719, 53.62375], [-113.48797, 53.62387], [-113.487509, 53.624121], [-113.4873, 53.62435], [-113.48706, 53.62487], [-113.487022, 53.625465], [-113.487019, 53.62596], [-113.48702, 53.62727], [-113.48704, 53.62738], [-113.487129, 53.62823], [-113.486501, 53.628733], [-113.48417, 53.6287], [-113.48155, 53.62867], [-113.481541, 53.62923], [-113.481537, 53.629539], [-113.481529, 53.630413], [-113.481469, 53.6311], [-113.4801, 53.63317], [-113.479982, 53.633526], [-113.47977, 53.63403], [-113.47974, 53.63455], [-113.479731, 53.63517], [-113.47974, 53.63612], [-113.47974, 53.6376], [-113.47973, 53.63842], [-113.479613, 53.639601], [-113.479109, 53.6403], [-113.47794, 53.64093], [-113.47719, 53.64118], [-113.47499, 53.641794], [-113.473381, 53.64207], [-113.47237, 53.642076], [-113.47068, 53.64208], [-113.469532, 53.642075], [-113.46837, 53.6421], [-113.46637, 53.64241], [-113.46571, 53.64258], [-113.46443, 53.64279], [-113.46263, 53.64282], [-113.4618, 53.64279], [-113.46139, 53.64272], [-113.45997, 53.64215], [-113.459057, 53.641617], [-113.45755, 53.64074], [-113.45653, 53.63995], [-113.45571, 53.63885], [-113.456242, 53.638651], [-113.458255, 53.638092], [-113.45933, 53.63776], [-113.46039, 53.63744], [-113.462155, 53.636893], [-113.46277, 53.63671], [-113.462479, 53.63613], [-113.462479, 53.63553], [-113.462411, 53.63475], [-113.461996, 53.633977], [-113.461459, 53.63347], [-113.460383, 53.632869], [-113.459171, 53.6325], [-113.45782, 53.63231], [-113.45734, 53.63227], [-113.45572, 53.6322], [-113.454136, 53.632399], [-113.452651, 53.63281], [-113.45146, 53.63168], [-113.451251, 53.63095], [-113.45126, 53.6302], [-113.450601, 53.628659], [-113.446, 53.62865], [-113.44447, 53.62866], [-113.443684, 53.62866], [-113.443298, 53.628568], [-113.442845, 53.628427], [-113.4424, 53.62856], [-113.44179, 53.62866], [-113.4413, 53.62866], [-113.43834, 53.62866], [-113.43717, 53.62863], [-113.43661, 53.62862], [-113.435151, 53.62864], [-113.43267, 53.62864], [-113.430124, 53.62864], [-113.422399, 53.62863], [-113.41948, 53.62863], [-113.417595, 53.628619], [-113.415819, 53.62861], [-113.414769, 53.62861], [-113.4132, 53.62861], [-113.411912, 53.628246], [-113.41188, 53.62796], [-113.41185, 53.62747], [-113.41183, 53.627], [-113.411791, 53.62643], [-113.411761, 53.6261], [-113.41173, 53.62538], [-113.41182, 53.62484], [-113.412, 53.62435], [-113.4124, 53.62368], [-113.41273, 53.62323], [-113.412937, 53.623013], [-113.41317, 53.62279], [-113.413631, 53.62238], [-113.41442, 53.62177], [-113.41474, 53.62152], [-113.41553, 53.6209], [-113.41615, 53.62041], [-113.41675, 53.61987], [-113.416861, 53.61975], [-113.417, 53.61958], [-113.41729, 53.61918], [-113.41763, 53.61863], [-113.4179, 53.61802], [-113.41808, 53.61732], [-113.418201, 53.61693], [-113.41826, 53.61645], [-113.418291, 53.61577], [-113.418314, 53.615049], [-113.41832, 53.61459], [-113.41831, 53.6137], [-113.418288, 53.61333], [-113.41824, 53.61289], [-113.41816, 53.6124], [-113.417974, 53.611623], [-113.417871, 53.61126], [-113.41759, 53.61047], [-113.417399, 53.60992], [-113.417311, 53.60956], [-113.41726, 53.60911], [-113.4173, 53.60828], [-113.41735, 53.60804], [-113.417481, 53.60754], [-113.417681, 53.60695], [-113.417862, 53.606508], [-113.41801, 53.60617], [-113.41839, 53.60534], [-113.41867, 53.60469], [-113.418769, 53.60435], [-113.41877, 53.60396], [-113.418611, 53.60359], [-113.41852, 53.60346], [-113.41817, 53.60312], [-113.41759, 53.60269], [-113.41646, 53.60186], [-113.4157, 53.60252], [-113.415249, 53.60291], [-113.413419, 53.60447], [-113.41218, 53.60385], [-113.41146, 53.60315], [-113.41224, 53.60269], [-113.4128, 53.60238], [-113.4125, 53.60216]]}, "properties": {"route_id": "119", "route_short_name": "119", "route_long_name": "119 \u2014 Eaux Claires - West Clareview", "category": "Local Bus"}}, {"type": "Feature", "geometry": {"type": "LineString", "coordinates": [[-113.411955, 53.602515], [-113.412731, 53.60228], [-113.412821, 53.60254], [-113.412181, 53.60271], [-113.411379, 53.6032], [-113.412461, 53.60399], [-113.41477, 53.60516], [-113.41592, 53.60415], [-113.41634, 53.60377], [-113.416861, 53.6033], [-113.417179, 53.60319], [-113.41766, 53.60317], [-113.41797, 53.60327], [-113.41824, 53.60353], [-113.418431, 53.60382], [-113.418512, 53.604079], [-113.41853, 53.60439], [-113.41843, 53.60478], [-113.418209, 53.60531], [-113.41788, 53.60604], [-113.41754, 53.60682], [-113.418051, 53.60696], [-113.421038, 53.60694], [-113.42191, 53.60695], [-113.423398, 53.60695], [-113.42401, 53.60695], [-113.42549, 53.60696], [-113.425669, 53.60747], [-113.42569, 53.60785], [-113.425639, 53.60846], [-113.424661, 53.60932], [-113.42378, 53.60971], [-113.42431, 53.61043], [-113.42449, 53.6109], [-113.42489, 53.61145], [-113.426218, 53.611687], [-113.427431, 53.61141], [-113.428749, 53.61134], [-113.429496, 53.611346], [-113.43125, 53.61135], [-113.432355, 53.611342], [-113.436212, 53.611135], [-113.43763, 53.6108], [-113.438593, 53.61029], [-113.437431, 53.60849], [-113.43732, 53.60792], [-113.437331, 53.60727], [-113.43733, 53.60561], [-113.437731, 53.6049], [-113.438049, 53.6049], [-113.44024, 53.6049], [-113.442769, 53.6049], [-113.443711, 53.6049], [-113.44456, 53.604907], [-113.444919, 53.6049], [-113.445979, 53.60494], [-113.44699, 53.60506], [-113.447622, 53.605179], [-113.44814, 53.60529], [-113.44982, 53.60566], [-113.450809, 53.606259], [-113.45055, 53.60668], [-113.44959, 53.60826], [-113.449261, 53.6088], [-113.44909, 53.60934], [-113.449069, 53.61014], [-113.449086, 53.610465], [-113.449101, 53.61135], [-113.45058, 53.61137], [-113.45432, 53.61135], [-113.455914, 53.611346], [-113.45829, 53.61118], [-113.46038, 53.610858], [-113.4633, 53.61052], [-113.464619, 53.61052], [-113.46705, 53.61054], [-113.467811, 53.61053], [-113.46861, 53.61051], [-113.4699, 53.61053], [-113.472521, 53.610833], [-113.47266, 53.61098], [-113.473419, 53.61128], [-113.475068, 53.611189], [-113.47826, 53.61094], [-113.47906, 53.61089], [-113.481169, 53.61081], [-113.4835, 53.61103], [-113.484121, 53.61105], [-113.48484, 53.61091], [-113.48544, 53.61014], [-113.485218, 53.609651], [-113.4848, 53.6084], [-113.48484, 53.60693], [-113.48511, 53.60625], [-113.485297, 53.605785], [-113.48549, 53.60532], [-113.485851, 53.60434], [-113.48582, 53.60367], [-113.48545, 53.60333], [-113.484769, 53.60319], [-113.48415, 53.60307], [-113.484719, 53.6017], [-113.485, 53.601], [-113.485211, 53.6002], [-113.485691, 53.5996], [-113.48709, 53.5996], [-113.48815, 53.59986], [-113.488649, 53.59979], [-113.48908, 53.59976]]}, "properties": {"route_id": "113", "route_short_name": "113", "route_long_name": "113 \u2014 West Clareview - Northgate", "category": "Local Bus"}}, {"type": "Feature", "geometry": {"type": "LineString", "coordinates": [[-113.516372, 53.61666], [-113.516319, 53.61627], [-113.516961, 53.61609], [-113.516819, 53.61497], [-113.51683, 53.61412], [-113.516838, 53.613294], [-113.51683, 53.61243], [-113.516823, 53.611611], [-113.516831, 53.60855], [-113.516819, 53.60702], [-113.516821, 53.60584], [-113.51682, 53.60395], [-113.516816, 53.601754], [-113.51683, 53.600664], [-113.51683, 53.60041], [-113.516819, 53.59988], [-113.516811, 53.59945], [-113.516793, 53.59885], [-113.51679, 53.59858], [-113.51679, 53.59706], [-113.51676, 53.59539], [-113.51674, 53.59475], [-113.51673, 53.59431], [-113.51665, 53.59217], [-113.5174, 53.59216], [-113.51825, 53.59215], [-113.520819, 53.59216], [-113.52321, 53.59216], [-113.524133, 53.59216], [-113.526781, 53.59217], [-113.529342, 53.592186], [-113.53125, 53.59218], [-113.53352, 53.59219], [-113.53505, 53.59219], [-113.53726, 53.59219], [-113.538901, 53.592204], [-113.53969, 53.59221], [-113.5412, 53.59218], [-113.541201, 53.591724], [-113.54121, 53.59061], [-113.541207, 53.589794], [-113.5412, 53.58842], [-113.5412, 53.58757], [-113.541201, 53.58601], [-113.5412, 53.5855], [-113.54118, 53.58455], [-113.54118, 53.58405], [-113.54118, 53.5836], [-113.54121, 53.58276], [-113.541251, 53.58182], [-113.541251, 53.58141], [-113.541229, 53.58086], [-113.54132, 53.58058], [-113.54132, 53.58012], [-113.54131, 53.5798], [-113.541291, 53.57938], [-113.541201, 53.579025], [-113.5412, 53.57855], [-113.54121, 53.57669], [-113.541219, 53.57509], [-113.541201, 53.573177], [-113.54118, 53.57091], [-113.54117, 53.57031], [-113.542329, 53.57029], [-113.542794, 53.57029], [-113.545145, 53.570297], [-113.54567, 53.5703], [-113.54623, 53.5703], [-113.546881, 53.57033], [-113.547423, 53.57033], [-113.548329, 53.57037], [-113.54886, 53.57044], [-113.5491, 53.57047], [-113.54922, 53.5705], [-113.549529, 53.57052], [-113.5497, 53.57048], [-113.54977, 53.57043], [-113.54982, 53.57032], [-113.5498, 53.57019], [-113.54973, 53.57009], [-113.54964, 53.57004], [-113.54955, 53.5697], [-113.54951, 53.56937], [-113.54952, 53.569012], [-113.54952, 53.56842], [-113.54954, 53.56651], [-113.549571, 53.56636], [-113.549861, 53.56577], [-113.550591, 53.56511], [-113.552959, 53.56521], [-113.554667, 53.564872], [-113.554761, 53.56473], [-113.55549, 53.56411], [-113.555501, 53.563121], [-113.555511, 53.56187], [-113.55552, 53.56071], [-113.55552, 53.56012], [-113.55555, 53.55954], [-113.555531, 53.55882], [-113.555536, 53.558], [-113.55551, 53.55719], [-113.555518, 53.555443], [-113.55553, 53.55438], [-113.55552, 53.55396], [-113.55548, 53.55238], [-113.55549, 53.55121], [-113.55417, 53.55089], [-113.55318, 53.55089], [-113.551311, 53.55085], [-113.551, 53.55079], [-113.55068, 53.55068], [-113.55028, 53.55046], [-113.549591, 53.54999], [-113.54892, 53.54949], [-113.54855, 53.54924], [-113.54796, 53.54895], [-113.546861, 53.54847], [-113.54634, 53.54817], [-113.545971, 53.54789], [-113.54579, 53.54774], [-113.54514, 53.54721], [-113.54485, 53.54686], [-113.54458, 53.54643], [-113.54423, 53.54619], [-113.54372, 53.54603], [-113.543191, 53.54586], [-113.54282, 53.54563], [-113.54262, 53.54531], [-113.54239, 53.54493], [-113.54201, 53.54469], [-113.541481, 53.5445], [-113.54094, 53.54424], [-113.54057, 53.54389], [-113.540419, 53.54345], [-113.54045, 53.54289], [-113.54074, 53.54255], [-113.54128, 53.54202], [-113.54138, 53.54182], [-113.541399, 53.54143], [-113.54125, 53.54111], [-113.54104, 53.54088], [-113.54057, 53.54059], [-113.540041, 53.54041], [-113.5393, 53.54028], [-113.538751, 53.54015], [-113.538231, 53.53995], [-113.53793, 53.53976], [-113.53763, 53.53943], [-113.53751, 53.5391], [-113.537539, 53.53874], [-113.5377, 53.53844], [-113.53806, 53.538], [-113.538281, 53.53771], [-113.538621, 53.53725], [-113.538921, 53.53685], [-113.53932, 53.53632], [-113.539671, 53.53584], [-113.539841, 53.53561], [-113.54002, 53.53533], [-113.54028, 53.5345], [-113.53978, 53.53343], [-113.5393, 53.5326], [-113.5389, 53.53212], [-113.539331, 53.53105], [-113.539865, 53.529647], [-113.5401, 53.52889], [-113.5406, 53.52765], [-113.540859, 53.52718], [-113.541119, 53.52672], [-113.54148, 53.5261], [-113.541869, 53.52528], [-113.542149, 53.52448], [-113.542169, 53.52417], [-113.542009, 53.52375], [-113.541631, 53.52335], [-113.541031, 53.52292], [-113.54069, 53.52268], [-113.54028, 53.52263], [-113.539801, 53.52275], [-113.53836, 53.52298], [-113.53621, 53.52295], [-113.5343, 53.52296], [-113.53204, 53.52294], [-113.53165, 53.52294], [-113.52948, 53.52293], [-113.528284, 53.522913], [-113.52703, 53.52291], [-113.52566, 53.52336], [-113.52564, 53.5245], [-113.525638, 53.524644], [-113.52539, 53.52481], [-113.52474, 53.52481], [-113.52357, 53.52481], [-113.52246, 53.5248]]}, "properties": {"route_id": "051", "route_short_name": "051", "route_long_name": "051 \u2014 Castle Downs - University", "category": "Local Bus"}}, {"type": "Feature", "geometry": {"type": "LineString", "coordinates": [[-113.525638, 53.524644], [-113.52539, 53.52481], [-113.52474, 53.52481], [-113.52357, 53.52481], [-113.52246, 53.5248], [-113.52121, 53.5248], [-113.52089, 53.52473], [-113.52085, 53.52385], [-113.52084, 53.52289], [-113.52218, 53.52289], [-113.524571, 53.52288], [-113.526641, 53.522902], [-113.52875, 53.52292], [-113.53063, 53.52295], [-113.53112, 53.52295], [-113.532481, 53.52294], [-113.534896, 53.522957], [-113.53836, 53.52298], [-113.54034, 53.52297], [-113.540959, 53.52311], [-113.541469, 53.52336], [-113.54184, 53.52376], [-113.542041, 53.52422], [-113.54201, 53.52456], [-113.54168, 53.52538], [-113.541019, 53.52661], [-113.540149, 53.52814], [-113.53963, 53.52903], [-113.53935, 53.52952], [-113.538, 53.53103], [-113.537099, 53.53221], [-113.537168, 53.532529], [-113.538979, 53.53367], [-113.53992, 53.53455], [-113.53994, 53.53491], [-113.5399, 53.53524], [-113.53972, 53.53559], [-113.539341, 53.53609], [-113.53901, 53.53653], [-113.53871, 53.53693], [-113.538379, 53.53738], [-113.537951, 53.53796], [-113.53768, 53.53829], [-113.53741, 53.53862], [-113.536939, 53.53927], [-113.536521, 53.53963], [-113.53601, 53.53984], [-113.53543, 53.53992], [-113.534311, 53.5399], [-113.53278, 53.53983], [-113.531051, 53.53977], [-113.528941, 53.5396], [-113.527957, 53.539482], [-113.526981, 53.53935], [-113.525349, 53.53914], [-113.523609, 53.53892], [-113.52233, 53.53884], [-113.52135, 53.539], [-113.521331, 53.53941], [-113.521321, 53.54003], [-113.52132, 53.54036], [-113.5213, 53.54094], [-113.521301, 53.54153], [-113.52129, 53.54461], [-113.52128, 53.54573], [-113.521309, 53.54625], [-113.52131, 53.547648], [-113.52132, 53.54826], [-113.521285, 53.549429], [-113.5213, 53.54984], [-113.520681, 53.55141], [-113.520495, 53.551409], [-113.51858, 53.55141], [-113.515771, 53.55141], [-113.5149, 53.5514], [-113.513061, 53.5514], [-113.51208, 53.5514], [-113.51152, 53.5514], [-113.510271, 53.5514], [-113.508451, 53.55141], [-113.50845, 53.551855], [-113.50837, 53.55221], [-113.50837, 53.55299], [-113.508381, 53.55459], [-113.508381, 53.55524], [-113.508363, 53.55712], [-113.50837, 53.55827], [-113.508386, 53.559335], [-113.50839, 53.56003], [-113.5084, 53.56072], [-113.508381, 53.56161], [-113.50838, 53.56207], [-113.50839, 53.56262], [-113.50839, 53.56301], [-113.50838, 53.56359], [-113.508269, 53.56393], [-113.50813, 53.56413], [-113.507841, 53.56433], [-113.506519, 53.56489], [-113.505539, 53.5653], [-113.50448, 53.56577], [-113.50317, 53.56633], [-113.50286, 53.56686], [-113.502841, 53.56775], [-113.50284, 53.56809], [-113.50285, 53.56941], [-113.50284, 53.57035], [-113.50393, 53.57035], [-113.503325, 53.57082]]}, "properties": {"route_id": "902", "route_short_name": "902", "route_long_name": "902 \u2014 Nait - University", "category": "Local Bus"}}, {"type": "Feature", "geometry": {"type": "LineString", "coordinates": [[-113.368102, 53.478853], [-113.36782, 53.47894], [-113.36711, 53.479], [-113.36704, 53.47936], [-113.36866, 53.47938], [-113.368669, 53.48049], [-113.368611, 53.48181], [-113.3686, 53.48229], [-113.368581, 53.48311], [-113.36867, 53.48407], [-113.368721, 53.48464], [-113.368781, 53.48547], [-113.36882, 53.48638], [-113.36888, 53.48687], [-113.368949, 53.4872], [-113.368991, 53.48807], [-113.36901, 53.48892], [-113.36903, 53.48999], [-113.369081, 53.49165], [-113.369119, 53.49392], [-113.36916, 53.49587], [-113.3692, 53.49892], [-113.369209, 53.49984], [-113.36921, 53.50122], [-113.369229, 53.50305], [-113.36923, 53.50351], [-113.36923, 53.50454], [-113.369271, 53.50626], [-113.369269, 53.50768], [-113.369281, 53.50885], [-113.369291, 53.5099], [-113.3693, 53.51117], [-113.3693, 53.51249], [-113.3692, 53.51277], [-113.36915, 53.51317], [-113.36907, 53.51389], [-113.36899, 53.51522], [-113.36898, 53.51557], [-113.36896, 53.5165], [-113.3689, 53.51752], [-113.36957, 53.5181], [-113.37076, 53.51817], [-113.37168, 53.51814], [-113.37431, 53.51792], [-113.379819, 53.5176], [-113.38317, 53.5175], [-113.38801, 53.51736], [-113.39101, 53.51727], [-113.39367, 53.51718], [-113.394931, 53.51714], [-113.39708, 53.51708], [-113.3991, 53.51702], [-113.400899, 53.51695], [-113.402659, 53.51682], [-113.404899, 53.51653], [-113.40782, 53.51608], [-113.411081, 53.51558], [-113.41236, 53.51538], [-113.415149, 53.51495], [-113.41702, 53.51466], [-113.418559, 53.51443], [-113.419649, 53.51431], [-113.42118, 53.51429], [-113.422479, 53.51442], [-113.423969, 53.51472], [-113.42487, 53.51493], [-113.4276, 53.51558], [-113.42863, 53.51581], [-113.431731, 53.51652], [-113.434669, 53.51719], [-113.43569, 53.51742], [-113.437163, 53.517747], [-113.43769, 53.51786], [-113.43869, 53.51803], [-113.439451, 53.51809], [-113.440329, 53.51811], [-113.441251, 53.51811], [-113.44184, 53.5181], [-113.44282, 53.51811], [-113.44366, 53.5181], [-113.444489, 53.5181], [-113.44509, 53.51805], [-113.44647, 53.51806], [-113.44904, 53.51806], [-113.45164, 53.51806], [-113.45219, 53.51808], [-113.45322, 53.51809], [-113.45472, 53.51808], [-113.45499, 53.51897], [-113.45499, 53.519813], [-113.454991, 53.52213], [-113.454999, 53.52261], [-113.455169, 53.52289], [-113.4557, 53.52347], [-113.456959, 53.52476], [-113.45747, 53.5252], [-113.4583, 53.52523], [-113.458561, 53.52526], [-113.45873, 53.5253], [-113.45895, 53.52537], [-113.45932, 53.52551], [-113.461719, 53.52685], [-113.46289, 53.5275], [-113.46325, 53.5277], [-113.463651, 53.527912], [-113.46444, 53.5283], [-113.46534, 53.5287], [-113.466171, 53.52906], [-113.46744, 53.52961], [-113.46763, 53.5297], [-113.46873, 53.53022], [-113.47024, 53.53109], [-113.47065, 53.53132], [-113.471069, 53.53157], [-113.47148, 53.53177], [-113.47267, 53.53224], [-113.47331, 53.53247], [-113.473679, 53.5326], [-113.474301, 53.53275], [-113.475299, 53.53296], [-113.4762, 53.53306], [-113.47721, 53.53309], [-113.47827, 53.53303], [-113.47883, 53.533], [-113.479621, 53.53297], [-113.48007, 53.53298], [-113.48057, 53.53303], [-113.48129, 53.53322], [-113.481841, 53.53348], [-113.482261, 53.53379], [-113.48266, 53.53419], [-113.48313, 53.53477], [-113.48356, 53.53544], [-113.483861, 53.53606], [-113.48403, 53.53642], [-113.48418, 53.53672], [-113.48447, 53.53707], [-113.48474, 53.53732], [-113.48498, 53.53744], [-113.48539, 53.53759], [-113.48775, 53.53837], [-113.488219, 53.53847], [-113.48876, 53.53859], [-113.48934, 53.53864], [-113.490021, 53.53858], [-113.49088, 53.5384], [-113.49211, 53.53817], [-113.49297, 53.53804], [-113.49349, 53.53819], [-113.4937, 53.53848], [-113.49332, 53.53878], [-113.492371, 53.53885], [-113.49151, 53.53889], [-113.490451, 53.53934], [-113.489981, 53.53966], [-113.48997, 53.53982], [-113.49019, 53.54055], [-113.49032, 53.54114], [-113.490321, 53.54174], [-113.49038, 53.54209], [-113.490609, 53.54283], [-113.490679, 53.54328], [-113.490909, 53.54447], [-113.491041, 53.545223], [-113.4912, 53.54619], [-113.49255, 53.54616], [-113.494301, 53.54616], [-113.49508, 53.54617], [-113.495921, 53.54618], [-113.496729, 53.54619], [-113.497781, 53.5462], [-113.499989, 53.54621], [-113.501061, 53.54622]]}, "properties": {"route_id": "500X", "route_short_name": "500X", "route_long_name": "500X \u2014 Meadows - Macewan", "category": "Local Bus"}}, {"type": "Feature", "geometry": {"type": "LineString", "coordinates": [[-113.515774, 53.457041], [-113.515781, 53.45781], [-113.515561, 53.45809], [-113.515359, 53.45792], [-113.515421, 53.4565], [-113.515779, 53.45646], [-113.516649, 53.45622], [-113.51664, 53.4553], [-113.516651, 53.45478], [-113.516749, 53.45432], [-113.51683, 53.45421], [-113.517191, 53.45404], [-113.51768, 53.454011], [-113.5184, 53.45401], [-113.52475, 53.45401], [-113.525391, 53.4542], [-113.525515, 53.454512], [-113.525651, 53.45547], [-113.52616, 53.45606], [-113.52677, 53.45645], [-113.527421, 53.45686], [-113.529639, 53.45827], [-113.530009, 53.458769], [-113.53007, 53.45909], [-113.52985, 53.45991], [-113.52975, 53.46015], [-113.52947, 53.46049], [-113.529039, 53.46079], [-113.52874, 53.46093], [-113.52809, 53.46112], [-113.527749, 53.461167], [-113.52655, 53.46119], [-113.524551, 53.4612], [-113.52406, 53.461201], [-113.52095, 53.46128], [-113.520949, 53.46223], [-113.52096, 53.46261], [-113.52106, 53.46301], [-113.52155, 53.46349], [-113.52175, 53.4636], [-113.522419, 53.46382], [-113.524071, 53.46387], [-113.525519, 53.464254], [-113.525479, 53.46529], [-113.5251, 53.46658], [-113.526849, 53.46681], [-113.528639, 53.468292], [-113.52864, 53.46901], [-113.52858, 53.47061], [-113.52763, 53.471214], [-113.52651, 53.47106], [-113.52507, 53.47118], [-113.521891, 53.471612], [-113.517719, 53.47207], [-113.51618, 53.47206], [-113.51619, 53.47344], [-113.51619, 53.47528], [-113.51619, 53.47626], [-113.51619, 53.47676], [-113.51619, 53.47811], [-113.516191, 53.47884], [-113.516191, 53.47937], [-113.516149, 53.47994], [-113.515999, 53.48081], [-113.51595, 53.48167], [-113.51602, 53.48242], [-113.516191, 53.48306], [-113.516479, 53.4839], [-113.51655, 53.48436], [-113.516571, 53.48489], [-113.51657, 53.48587], [-113.51653, 53.48685], [-113.51603, 53.48657], [-113.516033, 53.485635]]}, "properties": {"route_id": "708", "route_short_name": "708", "route_long_name": "708 \u2014 Century Park - Southgate", "category": "Local Bus"}}, {"type": "Feature", "geometry": {"type": "LineString", "coordinates": [[-113.515359, 53.457648], [-113.515421, 53.4565], [-113.515779, 53.45646], [-113.516649, 53.45622], [-113.51664, 53.4553], [-113.516651, 53.45478], [-113.516749, 53.45432], [-113.51683, 53.45421], [-113.517191, 53.45404], [-113.51768, 53.454011], [-113.5184, 53.45401], [-113.52475, 53.45401], [-113.526082, 53.45401], [-113.52863, 53.45401], [-113.53046, 53.45401], [-113.531279, 53.45401], [-113.53298, 53.45402], [-113.5336, 53.45411], [-113.533931, 53.45427], [-113.534081, 53.45459], [-113.534109, 53.45485], [-113.534261, 53.45548], [-113.534469, 53.45593], [-113.534952, 53.456594], [-113.53552, 53.45721], [-113.5368, 53.45858], [-113.53765, 53.459488], [-113.538301, 53.46027], [-113.53868, 53.46112], [-113.53877, 53.46183], [-113.538766, 53.46237], [-113.53876, 53.46275], [-113.53873, 53.46508], [-113.53872, 53.46574], [-113.5387, 53.46681], [-113.538701, 53.46756], [-113.538709, 53.46786], [-113.5387, 53.46957], [-113.53867, 53.47214], [-113.538668, 53.472877], [-113.53863, 53.47586], [-113.538441, 53.47625], [-113.537829, 53.476291], [-113.53587, 53.47629], [-113.534756, 53.476293], [-113.53215, 53.4763], [-113.53032, 53.47624], [-113.52837, 53.47611], [-113.527571, 53.47604], [-113.52607, 53.47591], [-113.524949, 53.47581], [-113.522338, 53.47574], [-113.52082, 53.47573], [-113.51669, 53.47574], [-113.51619, 53.47626], [-113.51619, 53.47676], [-113.51619, 53.47811], [-113.516191, 53.47884], [-113.516191, 53.47937], [-113.516149, 53.47994], [-113.515999, 53.48081], [-113.51595, 53.48167], [-113.51602, 53.48242], [-113.516191, 53.48306], [-113.516479, 53.4839], [-113.51655, 53.48436], [-113.516571, 53.48489], [-113.51657, 53.48587], [-113.51653, 53.48685], [-113.51603, 53.48657], [-113.516041, 53.48525]]}, "properties": {"route_id": "707", "route_short_name": "707", "route_long_name": "707 \u2014 Century Park - Southgate", "category": "Local Bus"}}, {"type": "Feature", "geometry": {"type": "LineString", "coordinates": [[-113.580792, 53.455392], [-113.58132, 53.45557], [-113.58134, 53.45583], [-113.58139, 53.4561], [-113.58176, 53.45615], [-113.58223, 53.45673], [-113.582823, 53.456928], [-113.583921, 53.45735], [-113.584397, 53.457647], [-113.58555, 53.45869], [-113.585499, 53.45928], [-113.58489, 53.45966], [-113.583219, 53.45977], [-113.58118, 53.4591], [-113.580841, 53.458955], [-113.579489, 53.45844], [-113.578239, 53.45833], [-113.577681, 53.45834], [-113.57691, 53.45836], [-113.576696, 53.458631], [-113.57606, 53.45914], [-113.575811, 53.46], [-113.575851, 53.46038], [-113.576279, 53.46176], [-113.576419, 53.46252], [-113.577768, 53.463006], [-113.578461, 53.46289], [-113.579629, 53.46288], [-113.581262, 53.462883], [-113.581761, 53.46296], [-113.58217, 53.46312], [-113.58269, 53.4637], [-113.58268, 53.46415], [-113.582421, 53.4646], [-113.582058, 53.464871], [-113.581279, 53.46519], [-113.57937, 53.46591], [-113.579, 53.46618], [-113.57797, 53.46768], [-113.578543, 53.467833], [-113.57896, 53.46794], [-113.57979, 53.46814], [-113.58154, 53.46858], [-113.5838, 53.46909], [-113.585129, 53.469414], [-113.58656, 53.46976], [-113.58915, 53.47038], [-113.590261, 53.47065], [-113.592149, 53.47126], [-113.59335, 53.47171], [-113.59364, 53.47222], [-113.593304, 53.47255], [-113.59045, 53.47457], [-113.589739, 53.4749], [-113.58788, 53.4756], [-113.584583, 53.476615], [-113.58366, 53.47704], [-113.5825, 53.47772], [-113.581448, 53.478637], [-113.58111, 53.47899], [-113.58047, 53.47995], [-113.58004, 53.48081], [-113.57939, 53.48219], [-113.57888, 53.48325], [-113.578587, 53.48388], [-113.57839, 53.4843], [-113.57777, 53.48608], [-113.577681, 53.48671], [-113.57768, 53.48811], [-113.57768, 53.48873], [-113.57767, 53.48988], [-113.576781, 53.49025], [-113.57472, 53.49034], [-113.5742, 53.49034], [-113.572919, 53.49034], [-113.57109, 53.49034], [-113.57109, 53.490649], [-113.57157, 53.49308], [-113.57177, 53.49553], [-113.57176, 53.49651], [-113.571741, 53.4971], [-113.571711, 53.49754], [-113.57154, 53.49834], [-113.57133, 53.49883], [-113.570931, 53.49928], [-113.57027, 53.49981], [-113.569629, 53.50023], [-113.56884, 53.50068], [-113.56801, 53.50118], [-113.5675, 53.50158], [-113.56691, 53.50219], [-113.5665, 53.50263], [-113.566101, 53.50293], [-113.565571, 53.50318], [-113.56471, 53.50331], [-113.56361, 53.50331], [-113.562481, 53.5032], [-113.561883, 53.503149], [-113.560929, 53.50309], [-113.559331, 53.50304], [-113.55783, 53.50303], [-113.55642, 53.50308], [-113.55488, 53.50319], [-113.553181, 53.50339], [-113.55164, 53.50365], [-113.55025, 53.50399], [-113.5488, 53.50443], [-113.54768, 53.50485], [-113.546601, 53.50529], [-113.545569, 53.5056], [-113.54507, 53.50568], [-113.54431, 53.50568], [-113.54344, 53.50552], [-113.54279, 53.5053], [-113.540761, 53.50453], [-113.5398, 53.50416], [-113.53909, 53.50385], [-113.538589, 53.50391], [-113.538058, 53.504137], [-113.53759, 53.50432], [-113.53689, 53.50454], [-113.53604, 53.50475], [-113.535281, 53.50491], [-113.53465, 53.50508], [-113.53396, 53.50536], [-113.53335, 53.50572], [-113.532369, 53.50647], [-113.53216, 53.50663], [-113.53157, 53.50666], [-113.5313, 53.50637], [-113.53132, 53.505258], [-113.52981, 53.50492], [-113.529151, 53.50488], [-113.529099, 53.50475], [-113.52868, 53.50381]]}, "properties": {"route_id": "703", "route_short_name": "703", "route_long_name": "703 \u2014 Leger - South Campus", "category": "Local Bus"}}, {"type": "Feature", "geometry": {"type": "LineString", "coordinates": [[-113.591757, 53.540711], [-113.59201, 53.54026], [-113.59289, 53.54026], [-113.593811, 53.54079], [-113.59437, 53.5413], [-113.5956, 53.5413], [-113.596657, 53.5413], [-113.59814, 53.5413], [-113.59951, 53.5413], [-113.599783, 53.541304], [-113.601819, 53.54131], [-113.6027, 53.54131], [-113.60271, 53.54077], [-113.60273, 53.53979], [-113.602727, 53.538791], [-113.602721, 53.537282], [-113.60277, 53.53391], [-113.60274, 53.53365], [-113.602699, 53.53304], [-113.60269, 53.53195], [-113.60352, 53.53162], [-113.60421, 53.53162], [-113.607361, 53.53167], [-113.60903, 53.5317], [-113.6106, 53.53172], [-113.61413, 53.53173], [-113.616301, 53.53175], [-113.61718, 53.531726], [-113.61798, 53.5317], [-113.619245, 53.531563], [-113.620089, 53.53141], [-113.621334, 53.531051], [-113.62262, 53.53056], [-113.623875, 53.530013], [-113.625759, 53.52928], [-113.626422, 53.529097], [-113.62784, 53.52882], [-113.63051, 53.52861], [-113.631562, 53.52855], [-113.63382, 53.52843], [-113.63468, 53.52845], [-113.637363, 53.528935], [-113.638709, 53.528904], [-113.63904, 53.52809], [-113.639241, 53.52735], [-113.639209, 53.52624], [-113.63906, 53.52586], [-113.63882, 53.52535], [-113.63851, 53.52479], [-113.63808, 53.52422], [-113.637629, 53.523584], [-113.637311, 53.52307], [-113.63717, 53.52264], [-113.637161, 53.52156], [-113.636574, 53.52156], [-113.63421, 53.52153], [-113.63358, 53.5215], [-113.6331, 53.52137], [-113.63281, 53.52131], [-113.63227, 53.52128], [-113.63173, 53.52135], [-113.63124, 53.52136], [-113.63058, 53.5213], [-113.630259, 53.52188], [-113.63019, 53.52223], [-113.62997, 53.5233], [-113.629904, 53.524035], [-113.62854, 53.52467], [-113.62768, 53.5247], [-113.62545, 53.5249], [-113.62447, 53.52501], [-113.623529, 53.52498], [-113.62317, 53.52523], [-113.62233, 53.52519], [-113.62178, 53.52519], [-113.62111, 53.52519], [-113.620419, 53.52519], [-113.62029, 53.52486], [-113.62195, 53.52486]]}, "properties": {"route_id": "915", "route_short_name": "915", "route_long_name": "915 \u2014 West Edmonton Mall - Jasper Place", "category": "Local Bus"}}, {"type": "Feature", "geometry": {"type": "LineString", "coordinates": [[-113.621357, 53.52486], [-113.622531, 53.52486], [-113.62403, 53.52503], [-113.6249, 53.52496], [-113.625819, 53.52487], [-113.62773, 53.5247], [-113.62987, 53.52467], [-113.6301, 53.52421], [-113.630198, 53.523433], [-113.63043, 53.52225], [-113.63057, 53.5214], [-113.63066, 53.52092], [-113.63069, 53.52054], [-113.63076, 53.51914], [-113.63074, 53.518605], [-113.63064, 53.51766], [-113.630493, 53.51683], [-113.63042, 53.51638], [-113.63032, 53.51581], [-113.630155, 53.514317], [-113.6301, 53.51364], [-113.63007, 53.51314], [-113.630039, 53.51234], [-113.63005, 53.51196], [-113.63011, 53.51095], [-113.630239, 53.51015], [-113.63011, 53.50941], [-113.62848, 53.50929], [-113.62594, 53.50883], [-113.62567, 53.50881], [-113.62421, 53.50893], [-113.623139, 53.50911], [-113.62223, 53.50916], [-113.621894, 53.509133], [-113.62067, 53.50882], [-113.61991, 53.50831], [-113.6196, 53.50779], [-113.61958, 53.50715], [-113.619579, 53.5067], [-113.61952, 53.5051], [-113.61952, 53.50454], [-113.61952, 53.504237], [-113.619516, 53.502711], [-113.61956, 53.50193], [-113.619691, 53.5015], [-113.620129, 53.50082], [-113.620796, 53.499927], [-113.62089, 53.49964], [-113.620989, 53.4985], [-113.620989, 53.49784], [-113.620969, 53.496946], [-113.62096, 53.49672], [-113.620711, 53.49581], [-113.620213, 53.494867], [-113.62009, 53.49456], [-113.62009, 53.49379], [-113.6203, 53.4935], [-113.62136, 53.49299], [-113.62212, 53.4929], [-113.62294, 53.49288], [-113.624041, 53.49296], [-113.624861, 53.49308], [-113.62605, 53.49338], [-113.62635, 53.49342], [-113.62827, 53.49349], [-113.629136, 53.49387], [-113.62909, 53.49451], [-113.62906, 53.4949], [-113.629089, 53.49546], [-113.62919, 53.49606], [-113.62941, 53.49671], [-113.629495, 53.496963], [-113.62959, 53.49732], [-113.62978, 53.49799], [-113.630292, 53.49965], [-113.630369, 53.49989], [-113.630539, 53.50044], [-113.63068, 53.50094], [-113.630809, 53.50146], [-113.63087, 53.50178], [-113.631, 53.50263], [-113.63105, 53.50309], [-113.631061, 53.50394], [-113.631042, 53.504299], [-113.63098, 53.50474], [-113.63091, 53.50551], [-113.63088, 53.50579], [-113.63077, 53.50649], [-113.630529, 53.5075], [-113.63029, 53.50848], [-113.63017, 53.50913], [-113.630022, 53.509966], [-113.62995, 53.51067], [-113.62991, 53.51108], [-113.62985, 53.51195], [-113.629849, 53.51235], [-113.62987, 53.51312], [-113.629901, 53.513566], [-113.629981, 53.5146], [-113.630059, 53.51527], [-113.630239, 53.51639], [-113.63037, 53.5171], [-113.630461, 53.51765], [-113.63055, 53.51858], [-113.63057, 53.519422], [-113.63055, 53.51998], [-113.63046, 53.52079], [-113.630289, 53.52172], [-113.630252, 53.521922], [-113.63005, 53.5229], [-113.62992, 53.52375], [-113.62987, 53.52467], [-113.62773, 53.5247], [-113.625819, 53.52487], [-113.6249, 53.52496], [-113.62403, 53.52503], [-113.62344, 53.52524], [-113.62254, 53.52519], [-113.62194, 53.52519], [-113.62122, 53.52519], [-113.6207, 53.52519], [-113.620261, 53.52507], [-113.621357, 53.52486]]}, "properties": {"route_id": "918", "route_short_name": "918", "route_long_name": "918 \u2014 West Edmonton Mall - Lessard", "category": "Local Bus"}}, {"type": "Feature", "geometry": {"type": "LineString", "coordinates": [[-113.429158, 53.457298], [-113.43008, 53.45726], [-113.43135, 53.4571], [-113.431369, 53.45655], [-113.43161, 53.45646], [-113.432891, 53.45639], [-113.43468, 53.45635], [-113.434811, 53.45477], [-113.434881, 53.45359], [-113.434901, 53.45333], [-113.43495, 53.45279], [-113.434969, 53.45257], [-113.43503, 53.45208], [-113.43508, 53.45162], [-113.43517, 53.45103], [-113.43536, 53.45014], [-113.435575, 53.449361], [-113.435639, 53.44916], [-113.43615, 53.44775], [-113.4364, 53.447], [-113.436549, 53.44659], [-113.436801, 53.44603], [-113.43704, 53.44556], [-113.43716, 53.44535], [-113.43802, 53.44396], [-113.438789, 53.44281], [-113.43911, 53.44223], [-113.43957, 53.44133], [-113.43971, 53.44103], [-113.439959, 53.44049], [-113.44026, 53.43956], [-113.44079, 53.43774], [-113.44129, 53.43613], [-113.44157, 53.43522], [-113.442111, 53.43332], [-113.442439, 53.43222], [-113.442529, 53.43178], [-113.44258, 53.43127], [-113.442635, 53.430499], [-113.44266, 53.42989], [-113.442681, 53.42885], [-113.44268, 53.42833], [-113.44268, 53.42714], [-113.442679, 53.42664], [-113.44268, 53.42613], [-113.44276, 53.4259], [-113.44274, 53.42558], [-113.442701, 53.42537], [-113.44269, 53.4249], [-113.44257, 53.42475], [-113.441747, 53.42474], [-113.44052, 53.42475], [-113.43824, 53.42477], [-113.43634, 53.42478], [-113.43494, 53.4248], [-113.43298, 53.42483], [-113.43084, 53.42486], [-113.42744, 53.42485], [-113.42594, 53.42484], [-113.425915, 53.423354], [-113.42581, 53.42299], [-113.42486, 53.42194], [-113.424381, 53.42169], [-113.42455, 53.42061], [-113.425706, 53.420102], [-113.42699, 53.41986], [-113.429457, 53.41983], [-113.43006, 53.41984], [-113.430512, 53.41943], [-113.430509, 53.41763], [-113.43052, 53.41718], [-113.430991, 53.41558], [-113.43246, 53.41559], [-113.43505, 53.41552], [-113.435894, 53.415307], [-113.437029, 53.41472], [-113.43862, 53.41459], [-113.43943, 53.41458], [-113.44063, 53.41461], [-113.44281, 53.4146], [-113.44373, 53.4146], [-113.44493, 53.41452], [-113.446711, 53.414394], [-113.448349, 53.41437], [-113.44962, 53.41417], [-113.45023, 53.41398], [-113.4516, 53.41317], [-113.452311, 53.4123], [-113.45304, 53.4123], [-113.45522, 53.41236], [-113.4561, 53.41259], [-113.456506, 53.412714], [-113.457949, 53.41288], [-113.45975, 53.41289], [-113.461099, 53.4126], [-113.46164, 53.41294], [-113.462631, 53.41331], [-113.463191, 53.41339], [-113.464249, 53.41339], [-113.46614, 53.413], [-113.467289, 53.413297], [-113.46727, 53.41501], [-113.467271, 53.41572], [-113.46731, 53.41766], [-113.46727, 53.41886], [-113.46727, 53.42019], [-113.467279, 53.42127], [-113.4655, 53.42127], [-113.4648, 53.42127], [-113.46441, 53.42129], [-113.46366, 53.42149], [-113.463059, 53.42202], [-113.46294, 53.42279], [-113.462939, 53.423187], [-113.462921, 53.42396], [-113.4628, 53.42485], [-113.463561, 53.42499], [-113.464241, 53.42499], [-113.46785, 53.42498], [-113.47179, 53.42502], [-113.47265, 53.42504], [-113.473659, 53.42505], [-113.47453, 53.42507], [-113.47507, 53.42509], [-113.4755, 53.42511], [-113.47685, 53.42516], [-113.47779, 53.42518], [-113.47883, 53.42518], [-113.479932, 53.425485], [-113.47994, 53.42585], [-113.47996, 53.42706], [-113.47993, 53.42948], [-113.479949, 53.43035], [-113.48009, 53.43119], [-113.480513, 53.431981], [-113.48082, 53.43238], [-113.482431, 53.43432], [-113.48304, 53.43646], [-113.483409, 53.43748], [-113.48388, 53.4385], [-113.48438, 53.43971], [-113.48436, 53.44049], [-113.484698, 53.441298], [-113.485391, 53.4414], [-113.488857, 53.441399], [-113.48953, 53.4414], [-113.49054, 53.44161], [-113.49117, 53.44192], [-113.49155, 53.44239], [-113.491626, 53.442692], [-113.49183, 53.44453], [-113.49181, 53.44467], [-113.491529, 53.44509], [-113.49078, 53.44568], [-113.490431, 53.44609], [-113.490363, 53.446444], [-113.490411, 53.44702], [-113.49132, 53.44852], [-113.49195, 53.44981], [-113.492119, 53.45141], [-113.492081, 53.45238], [-113.492009, 53.45432], [-113.49331, 53.45434], [-113.494409, 53.4543], [-113.49578, 53.45415], [-113.496827, 53.454055], [-113.497119, 53.45404], [-113.49975, 53.45403], [-113.501451, 53.45403], [-113.5025, 53.45403], [-113.50451, 53.45402], [-113.507599, 53.45401], [-113.50909, 53.45401], [-113.510111, 53.45401], [-113.511509, 53.454], [-113.512151, 53.454], [-113.51382, 53.45401], [-113.514421, 53.45402], [-113.515121, 53.45402], [-113.51564, 53.45406], [-113.51595, 53.45418], [-113.516121, 53.45439], [-113.51618, 53.45504], [-113.51615, 53.45589], [-113.51577, 53.45746], [-113.515786, 53.457841]]}, "properties": {"route_id": "519", "route_short_name": "519", "route_long_name": "519 \u2014 Mill Woods - Century Park", "category": "Local Bus"}}, {"type": "Feature", "geometry": {"type": "LineString", "coordinates": [[-113.443928, 53.500098], [-113.44307, 53.49951], [-113.44281, 53.49846], [-113.44281, 53.49753], [-113.442811, 53.49677], [-113.442801, 53.494654], [-113.442799, 53.49373], [-113.44279, 53.49305], [-113.442599, 53.49266], [-113.441775, 53.492886], [-113.44047, 53.49324], [-113.439009, 53.49362], [-113.43796, 53.49379], [-113.43663, 53.49395], [-113.436301, 53.493986], [-113.434931, 53.49415], [-113.433701, 53.49429], [-113.43243, 53.49444], [-113.43134, 53.49456], [-113.430359, 53.49467], [-113.429763, 53.494738], [-113.42752, 53.49499], [-113.424735, 53.495288], [-113.423399, 53.4954], [-113.421891, 53.49542], [-113.420613, 53.49542], [-113.41944, 53.49543], [-113.4183, 53.49498], [-113.418299, 53.49455], [-113.418301, 53.4938], [-113.41829, 53.49303], [-113.418289, 53.491448], [-113.41829, 53.49127], [-113.418301, 53.49049], [-113.4183, 53.49013], [-113.41835, 53.48918], [-113.418353, 53.488963], [-113.41833, 53.48777], [-113.41831, 53.48717], [-113.41834, 53.48589], [-113.41835, 53.48503], [-113.41813, 53.48483], [-113.417177, 53.484826], [-113.41659, 53.48483], [-113.41575, 53.4849], [-113.41471, 53.48499], [-113.41396, 53.48498], [-113.41307, 53.48483], [-113.411767, 53.484273], [-113.410639, 53.48369], [-113.409621, 53.48372], [-113.409089, 53.484], [-113.408509, 53.48422], [-113.40759, 53.48445], [-113.4059, 53.48455], [-113.404985, 53.484454], [-113.40381, 53.48414], [-113.403, 53.483747], [-113.402071, 53.48302], [-113.40139, 53.48234], [-113.39985, 53.48092], [-113.399371, 53.48027], [-113.39879, 53.480293], [-113.39799, 53.48041], [-113.395705, 53.480441], [-113.39498, 53.48044], [-113.39445, 53.48044], [-113.39358, 53.48045], [-113.39278, 53.48046], [-113.3892, 53.48045], [-113.38844, 53.48036], [-113.38757, 53.480437], [-113.38715, 53.4808], [-113.386581, 53.48113], [-113.38573, 53.48143], [-113.38475, 53.48159], [-113.38377, 53.48163], [-113.38297, 53.48155], [-113.381679, 53.48119], [-113.380095, 53.480762], [-113.378739, 53.48042], [-113.377151, 53.47997], [-113.37651, 53.47966], [-113.37603, 53.47915], [-113.375934, 53.47848], [-113.375901, 53.47708], [-113.37523, 53.47709], [-113.37219, 53.47711], [-113.37051, 53.47716], [-113.368751, 53.47715], [-113.36854, 53.47753], [-113.36805, 53.47799], [-113.36771, 53.47804], [-113.367719, 53.47832], [-113.367811, 53.47887], [-113.36721, 53.47896], [-113.367031, 53.47926], [-113.36545, 53.47908], [-113.36437, 53.47857], [-113.363971, 53.47797], [-113.363971, 53.47757], [-113.36401, 53.47735], [-113.36461, 53.47669], [-113.363229, 53.47637], [-113.36218, 53.47617], [-113.36086, 53.47605], [-113.3591, 53.4761], [-113.356886, 53.476229], [-113.35594, 53.47628], [-113.35423, 53.4762], [-113.35343, 53.47605], [-113.35216, 53.47568], [-113.3507, 53.47507], [-113.349813, 53.474994], [-113.34848, 53.47604], [-113.348114, 53.476658], [-113.34801, 53.47706], [-113.34798, 53.4779], [-113.34806, 53.47967], [-113.348281, 53.479981], [-113.349461, 53.48049], [-113.35179, 53.48113], [-113.352332, 53.481192], [-113.353029, 53.48118], [-113.353669, 53.48101], [-113.35423, 53.4807], [-113.354521, 53.4803], [-113.35457, 53.47827], [-113.35452, 53.47709], [-113.354531, 53.47627]]}, "properties": {"route_id": "506", "route_short_name": "506", "route_long_name": "506 \u2014 Davies - Meadows - Maple", "category": "Local Bus"}}, {"type": "Feature", "geometry": {"type": "LineString", "coordinates": [[-113.665973, 53.522964], [-113.665691, 53.52298], [-113.66559, 53.52318], [-113.664871, 53.52334], [-113.66284, 53.52326], [-113.66201, 53.5232], [-113.66024, 53.52292], [-113.65898, 53.5227], [-113.65813, 53.52256], [-113.657189, 53.52237], [-113.65647, 53.52218], [-113.65592, 53.52194], [-113.655759, 53.52169], [-113.65576, 53.52143], [-113.656031, 53.52114], [-113.6565, 53.52086], [-113.656979, 53.52074], [-113.65751, 53.52074], [-113.657979, 53.52089], [-113.658249, 53.52107], [-113.65847, 53.52132], [-113.658609, 53.52167], [-113.658671, 53.5225], [-113.658679, 53.5229], [-113.65875, 53.52497], [-113.65875, 53.52575], [-113.65879, 53.52607], [-113.65885, 53.52744], [-113.65882, 53.52944], [-113.65882, 53.53109], [-113.658659, 53.53177], [-113.65863, 53.53206], [-113.658601, 53.53251], [-113.65857, 53.533], [-113.65853, 53.53342], [-113.65848, 53.53367], [-113.658209, 53.53409], [-113.6577, 53.53461], [-113.65696, 53.53506], [-113.65549, 53.53575], [-113.654379, 53.53618], [-113.653151, 53.53647], [-113.652229, 53.53659], [-113.651131, 53.53667], [-113.64999, 53.53677], [-113.64904, 53.53685], [-113.64698, 53.53702], [-113.64522, 53.53716], [-113.64258, 53.53736], [-113.64104, 53.53746], [-113.64006, 53.53749], [-113.638761, 53.53751], [-113.63744, 53.53756], [-113.63628, 53.5376], [-113.63437, 53.53768], [-113.632861, 53.53773], [-113.63062, 53.5378], [-113.629181, 53.53784], [-113.62832, 53.53781], [-113.62788, 53.53771], [-113.62761, 53.53751], [-113.62761, 53.53706], [-113.627639, 53.53642], [-113.627841, 53.53566], [-113.628129, 53.53508], [-113.62859, 53.53435], [-113.62914, 53.53348], [-113.62963, 53.53271], [-113.63016, 53.53188], [-113.630679, 53.53097], [-113.63081, 53.5303], [-113.63073, 53.52968], [-113.630579, 53.52894], [-113.63049, 53.52851], [-113.63034, 53.52774], [-113.63012, 53.52658], [-113.630081, 53.52561], [-113.63008, 53.52467], [-113.62826, 53.52467], [-113.627499, 53.52471], [-113.62522, 53.52492], [-113.62434, 53.52503], [-113.62346, 53.52518], [-113.62266, 53.52519], [-113.62206, 53.52519], [-113.62151, 53.52519], [-113.62095, 53.52519], [-113.620668, 53.52519], [-113.620261, 53.52507], [-113.61935, 53.52486], [-113.617891, 53.52485], [-113.6152, 53.52485], [-113.61518, 53.52657], [-113.615161, 53.52872], [-113.61515, 53.53078], [-113.615139, 53.53174], [-113.615131, 53.53287], [-113.615121, 53.53397], [-113.61511, 53.53481], [-113.61509, 53.53552], [-113.61508, 53.53629], [-113.61504, 53.53749], [-113.61501, 53.53834], [-113.615, 53.53881], [-113.614969, 53.53984], [-113.61494, 53.54027], [-113.614901, 53.54109], [-113.614981, 53.54176], [-113.61499, 53.54207], [-113.61509, 53.54263], [-113.6151, 53.54306], [-113.6149, 53.5435], [-113.614561, 53.54398], [-113.6138, 53.54496], [-113.61108, 53.54845], [-113.609599, 53.5503], [-113.60836, 53.55163], [-113.60741, 53.55157], [-113.60657, 53.55136], [-113.605599, 53.55127], [-113.603639, 53.55126], [-113.600019, 53.55126], [-113.595701, 53.55128], [-113.59426, 53.55126], [-113.59275, 53.55115], [-113.59155, 53.55108], [-113.59094, 53.55106], [-113.58948, 53.55104], [-113.586861, 53.55102], [-113.58422, 53.55102], [-113.582431, 53.55102], [-113.580661, 53.55102], [-113.5791, 53.55102], [-113.57796, 53.55102], [-113.57634, 53.55102], [-113.568572, 53.55104], [-113.56802, 53.55104], [-113.567149, 53.55104], [-113.566871, 53.55101], [-113.56663, 53.55093], [-113.566311, 53.55073], [-113.56615, 53.55065], [-113.565919, 53.55062], [-113.565709, 53.55064], [-113.56547, 53.5507], [-113.56514, 53.55085], [-113.56484, 53.55092], [-113.56139, 53.551], [-113.55789, 53.55097], [-113.55635, 53.5509], [-113.55318, 53.55089], [-113.5505, 53.55087], [-113.549659, 53.55089], [-113.54812, 53.55091], [-113.547111, 53.55091], [-113.545399, 53.55092], [-113.543709, 53.55092], [-113.542041, 53.55092], [-113.54031, 53.55092], [-113.538559, 53.55092], [-113.53718, 53.55092], [-113.536381, 53.55092], [-113.53592, 53.55079], [-113.53593, 53.55], [-113.53594, 53.54884], [-113.53594, 53.54778], [-113.535921, 53.54663], [-113.53591, 53.5457], [-113.535909, 53.5449], [-113.535911, 53.54423], [-113.53591, 53.54272], [-113.535923, 53.542254], [-113.53594, 53.54199], [-113.535951, 53.54168], [-113.535809, 53.54149], [-113.53536, 53.54142], [-113.534261, 53.54142], [-113.53362, 53.54137], [-113.532771, 53.54125], [-113.53204, 53.54112], [-113.531349, 53.54098], [-113.53041, 53.54094], [-113.52931, 53.54093], [-113.5268, 53.54093], [-113.524981, 53.54094], [-113.52419, 53.54094], [-113.523849, 53.54094], [-113.52209, 53.54094], [-113.52082, 53.54094], [-113.518431, 53.54094], [-113.516681, 53.54093], [-113.51433, 53.54093], [-113.51295, 53.54093], [-113.51211, 53.54093], [-113.510269, 53.54092], [-113.507163, 53.540933], [-113.50573, 53.54094], [-113.50434, 53.54094], [-113.50392, 53.54094], [-113.502051, 53.54093], [-113.50075, 53.54093], [-113.499929, 53.54093], [-113.49845, 53.54093], [-113.49646, 53.54092], [-113.496311, 53.54092], [-113.49535, 53.54088], [-113.493729, 53.54091], [-113.49252, 53.54098], [-113.49199, 53.54102], [-113.4913, 53.54105], [-113.49032, 53.54114], [-113.48923, 53.5412], [-113.488001, 53.54134], [-113.487395, 53.541514]]}, "properties": {"route_id": "900X", "route_short_name": "900X", "route_long_name": "900X \u2014 Lewis Farms - Downtown", "category": "Local Bus"}}, {"type": "Feature", "geometry": {"type": "LineString", "coordinates": [[-113.621357, 53.52486], [-113.622531, 53.52486], [-113.62403, 53.52503], [-113.6249, 53.52496], [-113.625819, 53.52487], [-113.62773, 53.5247], [-113.62987, 53.52467], [-113.6301, 53.52421], [-113.63037, 53.52251], [-113.630521, 53.52183], [-113.630589, 53.52122], [-113.629029, 53.52098], [-113.62866, 53.52093], [-113.62684, 53.52068], [-113.625439, 53.52044], [-113.62468, 53.5204], [-113.623829, 53.519923], [-113.62409, 53.51841], [-113.62387, 53.51752], [-113.62369, 53.51692], [-113.623449, 53.51632], [-113.623141, 53.51527], [-113.623242, 53.514752], [-113.62345, 53.51452], [-113.62408, 53.51419], [-113.625469, 53.51413], [-113.626172, 53.514338], [-113.627591, 53.51481], [-113.629129, 53.51488], [-113.630155, 53.514317], [-113.6301, 53.51364], [-113.63007, 53.51314], [-113.630039, 53.51234], [-113.63005, 53.51196], [-113.63011, 53.51095], [-113.63019, 53.510474], [-113.63027, 53.5099], [-113.631112, 53.509453], [-113.631871, 53.50944], [-113.633668, 53.509378], [-113.63531, 53.50933], [-113.636364, 53.509282], [-113.63827, 53.50919], [-113.63975, 53.50908], [-113.641061, 53.50882], [-113.641682, 53.509889], [-113.64182, 53.51013], [-113.64219, 53.51039], [-113.643211, 53.51058], [-113.64426, 53.5105], [-113.64624, 53.51043], [-113.64709, 53.51028], [-113.64744, 53.51007], [-113.648511, 53.50934], [-113.64866, 53.508541], [-113.648671, 53.50712], [-113.648611, 53.50637], [-113.648449, 53.505073], [-113.64843, 53.503437], [-113.648421, 53.50254], [-113.649045, 53.50173], [-113.65168, 53.50171], [-113.65238, 53.50149], [-113.6528, 53.50109], [-113.652921, 53.500701], [-113.653149, 53.49987], [-113.6532, 53.49886], [-113.65297, 53.49802], [-113.65285, 53.49764], [-113.65244, 53.49727], [-113.651695, 53.496963], [-113.65, 53.49656], [-113.64896, 53.4966], [-113.648667, 53.495947], [-113.64893, 53.49548], [-113.649411, 53.49544], [-113.65058, 53.4953], [-113.652519, 53.49508], [-113.655029, 53.4948], [-113.656351, 53.49466], [-113.65866, 53.49442], [-113.65969, 53.49431], [-113.66134, 53.49414], [-113.66436, 53.49385], [-113.666967, 53.493887], [-113.66789, 53.49395], [-113.66912, 53.49409], [-113.668963, 53.494536], [-113.668452, 53.495729], [-113.66797, 53.49643], [-113.6676, 53.49691], [-113.667311, 53.4977], [-113.66743, 53.498], [-113.667509, 53.49813], [-113.66796, 53.49855], [-113.66896, 53.4993], [-113.669219, 53.499786], [-113.66927, 53.50111], [-113.669371, 53.50198], [-113.668536, 53.502137], [-113.666521, 53.50236], [-113.665666, 53.50239], [-113.66489, 53.50239], [-113.664511, 53.50284], [-113.66451, 53.50296], [-113.664491, 53.50424], [-113.6645, 53.50481], [-113.66489, 53.50581], [-113.66605, 53.50679], [-113.667158, 53.507215], [-113.66761, 53.50735], [-113.67112, 53.50792], [-113.672251, 53.50807], [-113.67474, 53.50844], [-113.675101, 53.50854], [-113.675941, 53.50887], [-113.67659, 53.50926], [-113.67712, 53.50977], [-113.677445, 53.510632], [-113.67752, 53.51093], [-113.677651, 53.51218], [-113.677741, 53.51322], [-113.67808, 53.51423], [-113.678608, 53.514973], [-113.679931, 53.51671], [-113.68053, 53.51795], [-113.68076, 53.51867], [-113.681033, 53.51954], [-113.68143, 53.52077], [-113.680351, 53.520956], [-113.67768, 53.52144], [-113.67647, 53.52184], [-113.6749, 53.5227], [-113.67355, 53.52382], [-113.673091, 53.52409], [-113.672479, 53.52414], [-113.67161, 53.52387], [-113.66984, 53.52359], [-113.667691, 53.52349], [-113.665781, 53.52323], [-113.665619, 53.52303], [-113.66582, 53.52297]]}, "properties": {"route_id": "917", "route_short_name": "917", "route_long_name": "917 \u2014 West Edmonton Mall - Lewis Farms", "category": "Local Bus"}}, {"type": "Feature", "geometry": {"type": "LineString", "coordinates": [[-113.411847, 53.602585], [-113.41175, 53.60295], [-113.411139, 53.60361], [-113.41295, 53.60424], [-113.415241, 53.60475], [-113.4161, 53.60399], [-113.41651, 53.60361], [-113.41694, 53.60323], [-113.41759, 53.60269], [-113.41826, 53.60217], [-113.418971, 53.60158], [-113.41997, 53.60073], [-113.42042, 53.60035], [-113.42104, 53.59981], [-113.42167, 53.59926], [-113.42233, 53.59865], [-113.422553, 53.598435], [-113.422689, 53.59831], [-113.42328, 53.59776], [-113.423929, 53.59721], [-113.42453, 53.59679], [-113.42516, 53.59634], [-113.42667, 53.59527], [-113.427999, 53.594286], [-113.4286, 53.59385], [-113.42988, 53.59294], [-113.430321, 53.59261], [-113.432, 53.5914], [-113.43367, 53.59015], [-113.43419, 53.5898], [-113.43543, 53.58889], [-113.43625, 53.58833], [-113.436061, 53.58804], [-113.4353, 53.58799], [-113.43485, 53.58802], [-113.43463, 53.58816], [-113.435339, 53.58833], [-113.4359, 53.58856], [-113.43667, 53.58808], [-113.43757, 53.58763], [-113.43831, 53.5873], [-113.440171, 53.586453], [-113.44128, 53.58596], [-113.44214, 53.58557], [-113.443349, 53.58503], [-113.444044, 53.584717], [-113.444641, 53.58446], [-113.445721, 53.58398], [-113.44599, 53.58382], [-113.44664, 53.58353], [-113.448329, 53.58275], [-113.448837, 53.582526], [-113.44949, 53.58223], [-113.45021, 53.5819], [-113.45079, 53.58164], [-113.45112, 53.58155], [-113.451631, 53.58134], [-113.45225, 53.58104], [-113.452851, 53.58075], [-113.45312, 53.5806], [-113.45335, 53.58047], [-113.45372, 53.58023], [-113.454249, 53.57978], [-113.454689, 53.57949], [-113.45541, 53.57934], [-113.45623, 53.57914], [-113.456639, 53.57886], [-113.457141, 53.57851], [-113.457509, 53.57825], [-113.45833, 53.57768], [-113.45894, 53.57712], [-113.45929, 53.57669], [-113.459475, 53.576387], [-113.45961, 53.57609], [-113.45997, 53.57534], [-113.460184, 53.574883], [-113.46046, 53.57431], [-113.46088, 53.5739], [-113.460642, 53.573567], [-113.460359, 53.57356], [-113.458021, 53.57357], [-113.458291, 53.57147], [-113.459222, 53.571011], [-113.459519, 53.571], [-113.46042, 53.5709], [-113.460839, 53.57083], [-113.460969, 53.57059], [-113.46055, 53.57034], [-113.45938, 53.57034], [-113.45875, 53.57033], [-113.458421, 53.570327], [-113.45725, 53.57032], [-113.45591, 53.57031], [-113.45512, 53.57031], [-113.45435, 53.57019], [-113.45383, 53.57003], [-113.45307, 53.56962], [-113.452281, 53.56913], [-113.451929, 53.56885], [-113.45161, 53.56847], [-113.45098, 53.56755], [-113.45024, 53.56643], [-113.44937, 53.56529], [-113.448279, 53.56386], [-113.447413, 53.5629], [-113.447139, 53.56262], [-113.44687, 53.56242], [-113.4462, 53.5621], [-113.4453, 53.56166], [-113.443781, 53.56069], [-113.44286, 53.56013], [-113.441801, 53.55931], [-113.44109, 53.55869], [-113.440439, 53.55804], [-113.43982, 53.55732], [-113.43928, 53.55657], [-113.438951, 53.55604], [-113.43855, 53.55527], [-113.43827, 53.55458], [-113.43815, 53.55397], [-113.43809, 53.55311], [-113.43807, 53.55226], [-113.438181, 53.55162], [-113.43846, 53.55095], [-113.438799, 53.55048], [-113.439119, 53.55012], [-113.43943, 53.54977], [-113.439511, 53.54952], [-113.43939, 53.54929], [-113.43788, 53.54928], [-113.43461, 53.54927], [-113.432741, 53.54927], [-113.43147, 53.54927], [-113.431239, 53.54916], [-113.431241, 53.54872], [-113.43121, 53.54741], [-113.430801, 53.54676], [-113.430509, 53.54654], [-113.429659, 53.54613], [-113.427345, 53.545436], [-113.42615, 53.54638], [-113.425459, 53.54678], [-113.42425, 53.54716], [-113.42257, 53.54737], [-113.420999, 53.54744], [-113.418711, 53.54744], [-113.41872, 53.54563], [-113.418719, 53.544366], [-113.41872, 53.542332], [-113.41872, 53.54202], [-113.418701, 53.54123], [-113.418679, 53.54058], [-113.41868, 53.540424], [-113.41869, 53.53968], [-113.418682, 53.539089], [-113.41868, 53.53863], [-113.41882, 53.538], [-113.41914, 53.53779], [-113.41971, 53.53783], [-113.42105, 53.53822], [-113.422301, 53.53841], [-113.42239, 53.5386], [-113.422687, 53.538636], [-113.42308, 53.53866], [-113.423371, 53.53861], [-113.42344, 53.53838], [-113.42234, 53.53829], [-113.42139, 53.53817], [-113.41945, 53.53748], [-113.418701, 53.53703], [-113.4187, 53.53645], [-113.4187, 53.53454], [-113.418716, 53.533597], [-113.418729, 53.53186], [-113.418753, 53.529943], [-113.418769, 53.52762], [-113.418769, 53.52674], [-113.41876, 53.52606], [-113.41875, 53.52519], [-113.41872, 53.52372], [-113.41871, 53.52313], [-113.4187, 53.52252], [-113.41869, 53.52186], [-113.41866, 53.52076], [-113.41865, 53.51969], [-113.41861, 53.51792], [-113.418659, 53.51605], [-113.41857, 53.51461], [-113.418549, 53.51406], [-113.41854, 53.51345], [-113.418531, 53.51311], [-113.41852, 53.51223], [-113.418501, 53.51156], [-113.418461, 53.50997], [-113.418431, 53.50896], [-113.418421, 53.50816], [-113.41841, 53.50774], [-113.41839, 53.50678], [-113.41836, 53.504445], [-113.41834, 53.50348], [-113.418326, 53.501938], [-113.41831, 53.500258], [-113.418309, 53.49844], [-113.41831, 53.49544], [-113.418299, 53.494815], [-113.4183, 53.49387], [-113.4183, 53.4935], [-113.418291, 53.49189], [-113.418289, 53.49132], [-113.418301, 53.49061], [-113.4183, 53.49032], [-113.41833, 53.48954], [-113.418353, 53.488963], [-113.418349, 53.48836], [-113.418311, 53.48734], [-113.41833, 53.48623], [-113.41834, 53.48589], [-113.41835, 53.48503], [-113.418351, 53.48287], [-113.418349, 53.481533], [-113.41835, 53.48135], [-113.41834, 53.47978], [-113.4183, 53.47921], [-113.418199, 53.47863], [-113.418019, 53.47802], [-113.417689, 53.47726], [-113.41729, 53.47659], [-113.416826, 53.47585], [-113.416561, 53.47543], [-113.41635, 53.47508], [-113.416099, 53.47458], [-113.415821, 53.47381], [-113.415619, 53.4729], [-113.41557, 53.47209], [-113.41564, 53.47139], [-113.41578, 53.47087], [-113.41601, 53.47033], [-113.41628, 53.46984], [-113.41659, 53.46941], [-113.41671, 53.46926], [-113.41714, 53.46879], [-113.41783, 53.4682], [-113.418949, 53.46728], [-113.41947, 53.46675], [-113.419919, 53.46616], [-113.42035, 53.46547], [-113.42054, 53.46501], [-113.42072, 53.46456], [-113.420793, 53.464301], [-113.42094, 53.46363], [-113.421011, 53.46288], [-113.42106, 53.462], [-113.42109, 53.46103], [-113.4211, 53.45973], [-113.421479, 53.45941], [-113.422177, 53.459398], [-113.42353, 53.45952], [-113.424982, 53.459506], [-113.426429, 53.45936], [-113.42748, 53.45917], [-113.428759, 53.45885], [-113.428421, 53.458344], [-113.42816, 53.45798], [-113.427839, 53.45774], [-113.428438, 53.457466]]}, "properties": {"route_id": "053", "route_short_name": "053", "route_long_name": "053 \u2014 West Clareview - Mill Woods", "category": "Local Bus"}}, {"type": "Feature", "geometry": {"type": "LineString", "coordinates": [[-113.488779, 53.59994], [-113.4883, 53.59991], [-113.488551, 53.59982], [-113.48887, 53.59976], [-113.49015, 53.59961], [-113.491869, 53.5996], [-113.493049, 53.59959], [-113.493571, 53.59958], [-113.495, 53.59957], [-113.49593, 53.59957], [-113.49658, 53.59957], [-113.49979, 53.59957], [-113.500749, 53.59957], [-113.504401, 53.59958], [-113.507452, 53.599586], [-113.50984, 53.59961], [-113.511351, 53.59962], [-113.51274, 53.59962], [-113.51525, 53.59962], [-113.51681, 53.59962], [-113.517659, 53.59961], [-113.5189, 53.59961], [-113.521996, 53.599607], [-113.52463, 53.5996], [-113.527358, 53.5996], [-113.527961, 53.5996], [-113.53029, 53.59961], [-113.531925, 53.599601], [-113.535467, 53.5996], [-113.53663, 53.5996], [-113.53797, 53.5996], [-113.538957, 53.5996], [-113.53925, 53.5996], [-113.54022, 53.5996], [-113.54135, 53.5996], [-113.54225, 53.59959], [-113.543999, 53.59958], [-113.545151, 53.59957], [-113.547331, 53.59957], [-113.54805, 53.59957], [-113.551012, 53.599565], [-113.552039, 53.59956], [-113.5541, 53.59955], [-113.5553, 53.59955], [-113.558529, 53.59955], [-113.559609, 53.59955], [-113.56059, 53.59955], [-113.56244, 53.59955], [-113.56569, 53.59954], [-113.567331, 53.59954], [-113.56868, 53.59954], [-113.57, 53.59953], [-113.57064, 53.59953], [-113.571931, 53.59953], [-113.57297, 53.59952], [-113.57434, 53.59951], [-113.57519, 53.59941], [-113.574546, 53.598712], [-113.57405, 53.59818], [-113.5733, 53.5974], [-113.57287, 53.59699], [-113.572039, 53.59623], [-113.57106, 53.59537], [-113.56988, 53.594381], [-113.56833, 53.59307], [-113.56716, 53.59202], [-113.566419, 53.59129], [-113.5655, 53.590327], [-113.56435, 53.58913], [-113.56389, 53.58865], [-113.56249, 53.5871], [-113.5617, 53.58625], [-113.560638, 53.585129], [-113.55977, 53.58428], [-113.558981, 53.58348], [-113.55807, 53.58249], [-113.55769, 53.58197], [-113.557429, 53.58151], [-113.556849, 53.58065], [-113.556236, 53.579808], [-113.556109, 53.57965], [-113.55581, 53.57938], [-113.555171, 53.57832], [-113.554299, 53.57703], [-113.55389, 53.57645], [-113.552079, 53.57422], [-113.55149, 53.57353], [-113.551332, 53.57326], [-113.550939, 53.57281], [-113.5502, 53.57194], [-113.54983, 53.57134], [-113.549711, 53.57109], [-113.54966, 53.57089], [-113.549659, 53.57065], [-113.54972, 53.57047], [-113.54979, 53.5704], [-113.54982, 53.57028], [-113.549779, 53.57015], [-113.54969, 53.57006], [-113.549599, 53.56991], [-113.54953, 53.5696], [-113.54951, 53.56918], [-113.54952, 53.569], [-113.549521, 53.56736], [-113.549555, 53.566439], [-113.54965, 53.56611], [-113.550011, 53.56558], [-113.55096, 53.5652], [-113.554639, 53.56521], [-113.554667, 53.564872], [-113.55536, 53.56434], [-113.555501, 53.56384], [-113.555501, 53.563121], [-113.55551, 53.56162], [-113.555521, 53.56064], [-113.55553, 53.55992], [-113.555551, 53.55936], [-113.55776, 53.55895], [-113.558285, 53.55895], [-113.562291, 53.55894], [-113.56397, 53.55894], [-113.565901, 53.55895], [-113.566892, 53.55895], [-113.569649, 53.55895], [-113.570608, 53.558949], [-113.57294, 53.55894], [-113.573863, 53.55894], [-113.5767, 53.55895], [-113.57817, 53.55897], [-113.57816, 53.55831], [-113.57816, 53.55775], [-113.578163, 53.555471], [-113.578151, 53.55259], [-113.57829, 53.55131], [-113.578989, 53.5511], [-113.57945, 53.55109], [-113.5816, 53.55109], [-113.58243, 53.55109], [-113.584219, 53.55109], [-113.585571, 53.551096], [-113.58766, 53.55111], [-113.589001, 53.55114], [-113.590399, 53.55116], [-113.590401, 53.550719], [-113.59039, 53.5495], [-113.590386, 53.548351], [-113.59038, 53.54757], [-113.590371, 53.54679], [-113.590369, 53.546224], [-113.59035, 53.54329], [-113.590349, 53.54288], [-113.590369, 53.54206], [-113.59039, 53.54162], [-113.591259, 53.5413], [-113.591749, 53.54069], [-113.591751, 53.54026], [-113.59277, 53.54026], [-113.59382, 53.54026], [-113.59381, 53.5413], [-113.59475, 53.5413], [-113.596657, 53.5413], [-113.59803, 53.5413], [-113.599179, 53.5413], [-113.599783, 53.541304], [-113.60086, 53.54131], [-113.60227, 53.54131], [-113.60271, 53.54093], [-113.602721, 53.54026], [-113.60273, 53.53928], [-113.602719, 53.53751], [-113.602749, 53.53463], [-113.602745, 53.53369], [-113.602711, 53.53311], [-113.60271, 53.53217], [-113.6027, 53.53133], [-113.60271, 53.53077], [-113.602721, 53.529132], [-113.60272, 53.52837], [-113.6027, 53.526836], [-113.60272, 53.52611], [-113.602747, 53.525407], [-113.60275, 53.5252], [-113.60279, 53.5242], [-113.60279, 53.52372], [-113.603719, 53.52249], [-113.605751, 53.52249], [-113.60669, 53.5226], [-113.60735, 53.52283], [-113.60839, 53.52274], [-113.60864, 53.52248], [-113.60884, 53.52207], [-113.608843, 53.521664], [-113.60882, 53.52072], [-113.60888, 53.52028], [-113.609479, 53.51955], [-113.609721, 53.51955], [-113.610591, 53.51956], [-113.61108, 53.51961], [-113.61263, 53.51961], [-113.61347, 53.519621], [-113.61445, 53.51963], [-113.61485, 53.5197], [-113.61511, 53.51983], [-113.61524, 53.52014], [-113.61523, 53.52087], [-113.61522, 53.52214], [-113.61521, 53.52331], [-113.615199, 53.52429], [-113.61549, 53.52485], [-113.618519, 53.52486], [-113.61989, 53.52486], [-113.62179, 53.52486], [-113.62298, 53.52489], [-113.62344, 53.52524], [-113.62254, 53.52519], [-113.622022, 53.52519]]}, "properties": {"route_id": "052", "route_short_name": "052", "route_long_name": "052 \u2014 Northgate - West Edmonton Mall", "category": "Local Bus"}}, {"type": "Feature", "geometry": {"type": "LineString", "coordinates": [[-113.397982, 53.594865], [-113.39798, 53.59513], [-113.3989, 53.5952], [-113.400511, 53.594949], [-113.40143, 53.59479], [-113.40245, 53.59512], [-113.40239, 53.59585], [-113.40238, 53.59644], [-113.402446, 53.596975], [-113.40255, 53.59735], [-113.40283, 53.59806], [-113.403147, 53.598825], [-113.403701, 53.59971], [-113.404719, 53.60022], [-113.40525, 53.6003], [-113.40643, 53.6003], [-113.407665, 53.600243], [-113.40903, 53.60028], [-113.40979, 53.60062], [-113.4101, 53.60092], [-113.41023, 53.60143], [-113.41032, 53.60168], [-113.410849, 53.601362]]}, "properties": {"route_id": "116", "route_short_name": "116", "route_long_name": "116 \u2014 Abbottsfield - East Clareview", "category": "Local Bus"}}, {"type": "Feature", "geometry": {"type": "LineString", "coordinates": [[-113.428817, 53.457354], [-113.429841, 53.45727], [-113.431349, 53.45726], [-113.43134, 53.45682], [-113.431489, 53.45647], [-113.43263, 53.45643], [-113.434331, 53.45635], [-113.43475, 53.45536], [-113.434759, 53.45456], [-113.434709, 53.4539], [-113.43467, 53.45361], [-113.43429, 53.45348], [-113.433056, 53.453444], [-113.432411, 53.45344], [-113.43131, 53.45345], [-113.43007, 53.45349], [-113.429552, 53.45352], [-113.42823, 53.45363], [-113.42719, 53.45374], [-113.42549, 53.45396], [-113.423599, 53.454201], [-113.422841, 53.4543], [-113.42139, 53.45449], [-113.42078, 53.45451], [-113.42039, 53.45442], [-113.420171, 53.45425], [-113.420029, 53.45389], [-113.419805, 53.453007], [-113.41966, 53.4524], [-113.41951, 53.45146], [-113.419461, 53.45078], [-113.41946, 53.45005], [-113.41947, 53.44967], [-113.419611, 53.44806], [-113.41967, 53.44712], [-113.41963, 53.4464], [-113.41954, 53.44565], [-113.41947, 53.44524], [-113.419372, 53.444792], [-113.419069, 53.4436], [-113.41886, 53.44272], [-113.418753, 53.441994], [-113.4187, 53.44146], [-113.41863, 53.44031], [-113.41845, 53.43913], [-113.4183, 53.43823], [-113.41814, 53.4368], [-113.4181, 53.43577], [-113.41809, 53.4351], [-113.418069, 53.43362], [-113.41805, 53.43281], [-113.41805, 53.43209], [-113.418069, 53.43186], [-113.418131, 53.43111], [-113.41818, 53.43001], [-113.41819, 53.4291], [-113.41819, 53.428208], [-113.41819, 53.42735], [-113.41821, 53.42594], [-113.418209, 53.42469], [-113.418196, 53.424034], [-113.418211, 53.42371], [-113.418229, 53.42311], [-113.41823, 53.42209], [-113.41822, 53.420818], [-113.41822, 53.42014], [-113.41827, 53.41476], [-113.41827, 53.41398], [-113.41935, 53.41397], [-113.421844, 53.413971], [-113.423351, 53.41397], [-113.42601, 53.414], [-113.426085, 53.414318], [-113.426629, 53.41499], [-113.427526, 53.415404], [-113.42814, 53.41554], [-113.43032, 53.41558], [-113.430991, 53.41558], [-113.43246, 53.41559], [-113.43505, 53.41552], [-113.435894, 53.415307], [-113.437029, 53.41472], [-113.43785, 53.41362], [-113.43821, 53.41279], [-113.43829, 53.41243], [-113.438371, 53.41202], [-113.438711, 53.41029], [-113.439193, 53.410345], [-113.441171, 53.41045], [-113.443258, 53.41045], [-113.446249, 53.41045], [-113.4483, 53.4104], [-113.45246, 53.41038], [-113.452467, 53.40994], [-113.45247, 53.40951], [-113.452471, 53.40864], [-113.452621, 53.40831], [-113.453342, 53.408138], [-113.453531, 53.40818], [-113.45498, 53.4082], [-113.457379, 53.40792], [-113.458312, 53.40788], [-113.46027, 53.40787], [-113.461128, 53.407869], [-113.46308, 53.40773], [-113.46407, 53.40732], [-113.465178, 53.407147], [-113.466111, 53.40746], [-113.46732, 53.40755], [-113.469501, 53.40754], [-113.470241, 53.40754], [-113.471819, 53.40756], [-113.473221, 53.40771], [-113.474273, 53.408073], [-113.47434, 53.40984], [-113.47435, 53.41043], [-113.474359, 53.411219], [-113.47436, 53.41157], [-113.474031, 53.41202], [-113.47322, 53.41286], [-113.47298, 53.4134], [-113.473565, 53.41344], [-113.475089, 53.41349], [-113.4758, 53.4137], [-113.476241, 53.41393], [-113.47683, 53.41441], [-113.47786, 53.41475], [-113.47828, 53.41485], [-113.479901, 53.41524], [-113.480959, 53.415993], [-113.48073, 53.41633], [-113.479989, 53.41734], [-113.47934, 53.41807], [-113.47837, 53.41898], [-113.4773, 53.41993], [-113.477933, 53.420173], [-113.47829, 53.42038], [-113.479374, 53.421447], [-113.479669, 53.42199], [-113.47987, 53.42285], [-113.47994, 53.42357], [-113.479959, 53.42424], [-113.47992, 53.42516], [-113.480588, 53.425126], [-113.48216, 53.42503], [-113.48377, 53.42496], [-113.485271, 53.42494], [-113.48662, 53.42491], [-113.487781, 53.42489], [-113.48941, 53.42489], [-113.489976, 53.424887], [-113.491801, 53.42488], [-113.4938, 53.42488], [-113.49552, 53.42488], [-113.49633, 53.4249], [-113.496991, 53.42491], [-113.4982, 53.42494], [-113.49914, 53.42495], [-113.50038, 53.42495], [-113.50149, 53.42495], [-113.5038, 53.42494], [-113.50488, 53.42493], [-113.506251, 53.42492], [-113.50805, 53.42491], [-113.509672, 53.42491], [-113.511, 53.42491], [-113.513071, 53.4249], [-113.51493, 53.4249], [-113.51575, 53.4249], [-113.51643, 53.425444], [-113.516399, 53.42668], [-113.516391, 53.4281], [-113.516479, 53.42943], [-113.516553, 53.4298], [-113.51667, 53.43013], [-113.51699, 53.43073], [-113.51752, 53.43137], [-113.518221, 53.43205], [-113.51868, 53.43258], [-113.5189, 53.43292], [-113.519171, 53.43348], [-113.5193, 53.43386], [-113.51941, 53.4343], [-113.519441, 53.43488], [-113.51942, 53.43522], [-113.51933, 53.43559], [-113.51911, 53.43617], [-113.51863, 53.43721], [-113.51831, 53.43816], [-113.518219, 53.43855], [-113.51818, 53.43896], [-113.51819, 53.43972], [-113.51819, 53.439806], [-113.518129, 53.44065], [-113.51801, 53.44151], [-113.517851, 53.44228], [-113.51756, 53.44324], [-113.517476, 53.443491], [-113.516879, 53.44498], [-113.51657, 53.44572], [-113.51622, 53.44668], [-113.51612, 53.44733], [-113.51611, 53.44804], [-113.516137, 53.449115], [-113.516149, 53.44988], [-113.51616, 53.450677], [-113.516159, 53.45179], [-113.51616, 53.45236], [-113.516179, 53.45306], [-113.51618, 53.45341], [-113.51618, 53.45382], [-113.51618, 53.45407], [-113.51619, 53.45475], [-113.51617, 53.45538], [-113.515779, 53.45646], [-113.515781, 53.45781]]}, "properties": {"route_id": "521", "route_short_name": "521", "route_long_name": "521 \u2014 Mill Woods - Century Park", "category": "Local Bus"}}, {"type": "Feature", "geometry": {"type": "LineString", "coordinates": [[-113.459635, 53.570792], [-113.45881, 53.57102], [-113.45961, 53.57099], [-113.46055, 53.57089], [-113.46094, 53.57077], [-113.460979, 53.5704], [-113.460351, 53.57034], [-113.45904, 53.57033], [-113.45851, 53.57033], [-113.45823, 53.57032], [-113.457021, 53.57032], [-113.45562, 53.57031], [-113.455029, 53.57031], [-113.453087, 53.570303], [-113.452499, 53.5703], [-113.451221, 53.57032], [-113.45064, 53.57038], [-113.450199, 53.57038], [-113.449289, 53.570389], [-113.448819, 53.57039], [-113.448019, 53.57039], [-113.44686, 53.57039], [-113.445936, 53.57039], [-113.445381, 53.57038], [-113.443999, 53.57037], [-113.442851, 53.57037], [-113.442509, 53.57037], [-113.442109, 53.57037], [-113.44071, 53.57038], [-113.439402, 53.570377], [-113.4364, 53.57037], [-113.435801, 53.57037], [-113.433781, 53.57037], [-113.43225, 53.57037], [-113.43199, 53.57037], [-113.43022, 53.57037], [-113.42881, 53.57037], [-113.42611, 53.57036], [-113.425399, 53.57036], [-113.42384, 53.57036], [-113.422478, 53.57036], [-113.419651, 53.57036], [-113.41884, 53.57036], [-113.418421, 53.570756], [-113.41842, 53.57083], [-113.418421, 53.57111], [-113.41841, 53.57395], [-113.418419, 53.575398], [-113.418419, 53.5755], [-113.418401, 53.57654], [-113.418399, 53.576971], [-113.41839, 53.5776], [-113.41838, 53.5788], [-113.41838, 53.579384], [-113.41838, 53.57989], [-113.41838, 53.58055], [-113.41829, 53.58094], [-113.418247, 53.581264], [-113.41822, 53.58156], [-113.418199, 53.5825], [-113.4182, 53.58356], [-113.418211, 53.58454], [-113.41822, 53.5851], [-113.418236, 53.585983], [-113.41824, 53.58659], [-113.41824, 53.58723], [-113.41823, 53.58765], [-113.41821, 53.58844], [-113.41815, 53.58892], [-113.418029, 53.58949], [-113.41784, 53.58998], [-113.417705, 53.590237], [-113.41722, 53.59094], [-113.416659, 53.59159], [-113.415949, 53.592402], [-113.4153, 53.59314], [-113.41473, 53.5938], [-113.41427, 53.59443], [-113.41388, 53.59511], [-113.41376, 53.59537], [-113.41357, 53.59588], [-113.41341, 53.59652], [-113.41315, 53.59676], [-113.41279, 53.59689], [-113.411701, 53.59692], [-113.411389, 53.59693], [-113.41029, 53.59699], [-113.409369, 53.59707], [-113.408409, 53.597183], [-113.4075, 53.59732], [-113.40628, 53.59751], [-113.406511, 53.59807], [-113.406699, 53.59852], [-113.406929, 53.59946], [-113.407665, 53.600243], [-113.40903, 53.60028], [-113.40979, 53.60062], [-113.4101, 53.60092], [-113.41023, 53.60143], [-113.41032, 53.60168]]}, "properties": {"route_id": "104", "route_short_name": "104", "route_long_name": "104 \u2014 Coliseum - East Clareview", "category": "Local Bus"}}, {"type": "Feature", "geometry": {"type": "LineString", "coordinates": [[-113.422921, 53.538536], [-113.42343, 53.53853], [-113.42339, 53.53832], [-113.421969, 53.53826], [-113.420889, 53.53804], [-113.41904, 53.53737], [-113.418701, 53.53703], [-113.4187, 53.53606], [-113.418701, 53.53429], [-113.41896, 53.53399], [-113.419345, 53.53392], [-113.42274, 53.53392], [-113.42363, 53.53392], [-113.426704, 53.533915], [-113.430731, 53.53388], [-113.433069, 53.53336], [-113.43444, 53.53303], [-113.436478, 53.532552], [-113.438029, 53.53229], [-113.439161, 53.53229], [-113.440121, 53.5323], [-113.441359, 53.5323], [-113.442899, 53.53231], [-113.443541, 53.53398], [-113.44374, 53.53398], [-113.44691, 53.53359], [-113.44775, 53.53343], [-113.448979, 53.53315], [-113.45326, 53.53179], [-113.453775, 53.53178], [-113.45577, 53.53177], [-113.456977, 53.531763], [-113.45758, 53.53176], [-113.45839, 53.53181], [-113.46129, 53.53179], [-113.46378, 53.53178], [-113.464962, 53.531772], [-113.46616, 53.53178], [-113.46836, 53.53176], [-113.468367, 53.531403], [-113.46835, 53.53003], [-113.468341, 53.528683], [-113.468339, 53.526935], [-113.46833, 53.525137], [-113.46832, 53.52348], [-113.46744, 53.52348], [-113.46744, 53.52282], [-113.46743, 53.52206], [-113.46743, 53.52099], [-113.467424, 53.520499], [-113.46743, 53.51957], [-113.467427, 53.518695], [-113.46796, 53.51804], [-113.46828, 53.51804], [-113.46953, 53.51803], [-113.470644, 53.51803], [-113.471019, 53.51803], [-113.473139, 53.51803], [-113.47525, 53.51804], [-113.475709, 53.51809], [-113.47667, 53.51809], [-113.476691, 53.51751], [-113.47671, 53.51657], [-113.476737, 53.51529], [-113.476749, 53.5147], [-113.47675, 53.514], [-113.47674, 53.51374], [-113.476729, 53.51277], [-113.476545, 53.511963], [-113.476489, 53.51182], [-113.476475, 53.510654], [-113.47647, 53.50993], [-113.47646, 53.509203], [-113.476461, 53.50803], [-113.476444, 53.507268], [-113.47644, 53.50616], [-113.47644, 53.5053], [-113.47643, 53.504681], [-113.476439, 53.50389], [-113.47644, 53.50289], [-113.47188, 53.5029], [-113.47038, 53.5029], [-113.46788, 53.50289], [-113.4669, 53.50289], [-113.46589, 53.50282], [-113.46564, 53.50268], [-113.46453, 53.50214], [-113.46391, 53.50194], [-113.46356, 53.50193], [-113.46183, 53.50194], [-113.460719, 53.50192], [-113.46018, 53.501661], [-113.459211, 53.50097], [-113.45835, 53.50041], [-113.457881, 53.50009], [-113.457389, 53.49973], [-113.4557, 53.49851], [-113.455399, 53.49813], [-113.454819, 53.49705], [-113.452679, 53.4973], [-113.45227, 53.49736], [-113.45197, 53.49746], [-113.45083, 53.49828], [-113.44976, 53.49908], [-113.448439, 53.49839], [-113.44729, 53.49778], [-113.446129, 53.49813], [-113.44583, 53.49846], [-113.445721, 53.49873], [-113.44578, 53.50009], [-113.444991, 53.50017], [-113.444301, 53.50038], [-113.44324, 53.49951], [-113.44401, 53.49932]]}, "properties": {"route_id": "501", "route_short_name": "501", "route_long_name": "501 \u2014 Davies - Capilano", "category": "Local Bus"}}, {"type": "Feature", "geometry": {"type": "LineString", "coordinates": [[-113.555849, 53.561292], [-113.5558, 53.56152], [-113.555511, 53.56187], [-113.5555, 53.563473], [-113.55549, 53.56411], [-113.554761, 53.56473], [-113.554652, 53.564909], [-113.555519, 53.56522], [-113.55801, 53.56521], [-113.55923, 53.56521], [-113.56138, 53.56553], [-113.56138, 53.56616], [-113.561374, 53.568624], [-113.561359, 53.57018], [-113.561368, 53.570636], [-113.561379, 53.57086], [-113.56136, 53.57271], [-113.5611, 53.57325], [-113.560952, 53.5735], [-113.560041, 53.57492], [-113.559491, 53.575327], [-113.55918, 53.5755], [-113.55751, 53.57605], [-113.556811, 53.57627], [-113.55451, 53.57697], [-113.55356, 53.57724], [-113.55262, 53.57752], [-113.551279, 53.5779], [-113.550599, 53.578101], [-113.54838, 53.57863], [-113.54654, 53.57848], [-113.546016, 53.578285], [-113.5453, 53.5779], [-113.54459, 53.57697], [-113.544062, 53.57667], [-113.54286, 53.57667], [-113.542079, 53.57668], [-113.54121, 53.57669], [-113.541204, 53.578162], [-113.541201, 53.5789], [-113.541131, 53.57938], [-113.54114, 53.57994], [-113.54114, 53.58042], [-113.54123, 53.58078], [-113.54125, 53.58128], [-113.541251, 53.58167], [-113.54123, 53.58237], [-113.54118, 53.58346], [-113.54118, 53.58384], [-113.54118, 53.58443], [-113.54119, 53.58509], [-113.5412, 53.5855], [-113.5412, 53.58801], [-113.5412, 53.58844], [-113.5412, 53.58912], [-113.54121, 53.59032], [-113.5412, 53.59148], [-113.5412, 53.59249], [-113.54119, 53.59297], [-113.54119, 53.59367], [-113.54119, 53.594542], [-113.54119, 53.59523], [-113.54119, 53.596766], [-113.5412, 53.59741], [-113.54119, 53.59788], [-113.54111, 53.59818], [-113.54111, 53.59884], [-113.541081, 53.5996], [-113.54108, 53.59996], [-113.54108, 53.60034], [-113.54108, 53.60064], [-113.54109, 53.60126], [-113.54112, 53.60207], [-113.54117, 53.60317], [-113.541199, 53.60398], [-113.541329, 53.60426], [-113.541329, 53.604542], [-113.54133, 53.6049], [-113.541321, 53.60618], [-113.541319, 53.606996], [-113.541319, 53.60796], [-113.54132, 53.60915], [-113.54132, 53.60917], [-113.54132, 53.61], [-113.54223, 53.61052], [-113.542983, 53.610463], [-113.54384, 53.6113], [-113.544062, 53.611768], [-113.54442, 53.61203], [-113.546202, 53.61226], [-113.547329, 53.61226], [-113.548199, 53.61229], [-113.548939, 53.61235], [-113.55116, 53.61267], [-113.55116, 53.61465], [-113.550622, 53.61469], [-113.54955, 53.61489], [-113.548559, 53.61524], [-113.547179, 53.61582], [-113.545889, 53.61634], [-113.545699, 53.61676], [-113.54639, 53.61783], [-113.545001, 53.61804], [-113.544149, 53.6185], [-113.54394, 53.618695], [-113.543671, 53.61916], [-113.54369, 53.62032], [-113.54367, 53.620861], [-113.543759, 53.62213], [-113.5445, 53.62314], [-113.542739, 53.623592], [-113.541739, 53.62373], [-113.540651, 53.62373], [-113.54034, 53.62373], [-113.53877, 53.62371], [-113.53813, 53.6236], [-113.53669, 53.62286], [-113.53663, 53.62283], [-113.53505, 53.62207], [-113.533581, 53.62164], [-113.533714, 53.621355], [-113.533459, 53.62017], [-113.53266, 53.61963], [-113.53084, 53.61855], [-113.530179, 53.618459], [-113.528539, 53.61885], [-113.526952, 53.619165], [-113.52597, 53.61925], [-113.523591, 53.6193], [-113.522216, 53.619337], [-113.52003, 53.61958], [-113.518995, 53.619385], [-113.518791, 53.61902], [-113.51804, 53.61803], [-113.517709, 53.61761], [-113.51739, 53.61713], [-113.51702, 53.61628], [-113.516569, 53.6162], [-113.51687, 53.61689], [-113.51722, 53.61718], [-113.51755, 53.61767], [-113.517754, 53.617936], [-113.51804, 53.61829], [-113.51862, 53.61905], [-113.518765, 53.619298], [-113.51905, 53.61998], [-113.51919, 53.62081], [-113.519149, 53.62151], [-113.51899, 53.62208], [-113.518781, 53.62257], [-113.518046, 53.622687], [-113.51609, 53.62235], [-113.513915, 53.622041], [-113.51249, 53.62189], [-113.509029, 53.621587], [-113.508419, 53.62153], [-113.507691, 53.62141], [-113.506931, 53.62126], [-113.50641, 53.62107], [-113.50494, 53.62037], [-113.50415, 53.61997], [-113.50383, 53.61978], [-113.50343, 53.61946], [-113.502569, 53.61849], [-113.50241, 53.6183], [-113.50219, 53.61799], [-113.5021, 53.61755], [-113.50215, 53.61689], [-113.502231, 53.61607], [-113.500089, 53.61605], [-113.49817, 53.61604], [-113.496879, 53.61607], [-113.49599, 53.61637], [-113.495572, 53.617214], [-113.495639, 53.61752], [-113.49621, 53.61876], [-113.49621, 53.61961], [-113.496221, 53.61999], [-113.496229, 53.62052], [-113.49632, 53.62128], [-113.495521, 53.62128], [-113.493491, 53.62128], [-113.49224, 53.62111], [-113.49199, 53.620606], [-113.492001, 53.61963], [-113.491999, 53.61859], [-113.492, 53.61766], [-113.491071, 53.61766], [-113.489061, 53.61766]]}, "properties": {"route_id": "124", "route_short_name": "124", "route_long_name": "124 \u2014 Westmount - Eaux Claires", "category": "Local Bus"}}, {"type": "Feature", "geometry": {"type": "LineString", "coordinates": [[-113.580153, 53.455241], [-113.581091, 53.45547], [-113.58139, 53.45562], [-113.58128, 53.45595], [-113.581439, 53.45613], [-113.58179, 53.456], [-113.582281, 53.45556], [-113.58288, 53.45478], [-113.582948, 53.454329], [-113.5828, 53.45387], [-113.582421, 53.45341], [-113.58087, 53.45248], [-113.578469, 53.45061], [-113.578005, 53.449946], [-113.577929, 53.44965], [-113.57794, 53.44815], [-113.57793, 53.44686], [-113.57792, 53.446153], [-113.577921, 53.44553], [-113.57792, 53.44485], [-113.57815, 53.44468], [-113.58002, 53.44468], [-113.580634, 53.444475], [-113.580619, 53.44308], [-113.581059, 53.442799], [-113.5831, 53.44171], [-113.583729, 53.44165], [-113.585021, 53.44167], [-113.585332, 53.44168], [-113.58745, 53.44168], [-113.589609, 53.44167], [-113.5901, 53.441377], [-113.590089, 53.44076], [-113.59008, 53.43907], [-113.59008, 53.4386], [-113.58903, 53.43687], [-113.58817, 53.43671], [-113.586756, 53.436722], [-113.586009, 53.43672], [-113.584958, 53.436697], [-113.58317, 53.43667], [-113.58242, 53.43675], [-113.581911, 53.43635], [-113.581029, 53.43599], [-113.580049, 53.43587], [-113.579587, 53.435889], [-113.577911, 53.43606], [-113.57704, 53.43603], [-113.576415, 53.435875], [-113.57503, 53.43502], [-113.57434, 53.43462], [-113.573987, 53.434489], [-113.57325, 53.43441], [-113.57196, 53.43432], [-113.571431, 53.43413], [-113.570519, 53.43392], [-113.57017, 53.43394], [-113.570949, 53.43559], [-113.570853, 53.436368], [-113.56833, 53.43713], [-113.567549, 53.437502], [-113.566981, 53.43786], [-113.566281, 53.43846], [-113.565641, 53.43896], [-113.564966, 53.438849], [-113.56387, 53.43876], [-113.562881, 53.43851], [-113.561824, 53.437975], [-113.56108, 53.43782], [-113.56024, 53.43785], [-113.558905, 53.438164], [-113.558051, 53.43841], [-113.55692, 53.43891], [-113.55651, 53.43938], [-113.55635, 53.43973], [-113.556321, 53.43994], [-113.55626, 53.44112], [-113.556229, 53.4425], [-113.556295, 53.442815], [-113.556519, 53.44326], [-113.55719, 53.4439], [-113.556821, 53.44439], [-113.55588, 53.44483], [-113.553919, 53.445847], [-113.55357, 53.44617], [-113.55344, 53.44671], [-113.55342, 53.44803], [-113.553737, 53.449127], [-113.55418, 53.44962], [-113.555169, 53.45003], [-113.556345, 53.450145], [-113.557811, 53.45023], [-113.55907, 53.4501], [-113.559933, 53.450531], [-113.559929, 53.45148], [-113.559894, 53.451877], [-113.559791, 53.45266], [-113.5592, 53.45345], [-113.558591, 53.453969], [-113.5551, 53.45397], [-113.55338, 53.45397], [-113.55265, 53.45399], [-113.55183, 53.4541], [-113.550841, 53.45438], [-113.54953, 53.45489], [-113.54848, 53.45524], [-113.54724, 53.45563], [-113.546019, 53.45601], [-113.5451, 53.45622], [-113.5443, 53.45627], [-113.54339, 53.45621], [-113.542379, 53.45595], [-113.54044, 53.45529], [-113.5383, 53.45455], [-113.536971, 53.4541], [-113.53626, 53.45394], [-113.53543, 53.45383], [-113.53421, 53.45381], [-113.533364, 53.453811], [-113.529844, 53.453807], [-113.526429, 53.45381], [-113.5248, 53.45381], [-113.523911, 53.45381], [-113.52083, 53.45382], [-113.518461, 53.45382], [-113.51792, 53.45387], [-113.51699, 53.45391], [-113.516339, 53.45396], [-113.51618, 53.45407], [-113.51619, 53.45475], [-113.51617, 53.45538], [-113.51613, 53.45689], [-113.51613, 53.45751], [-113.51581, 53.45797], [-113.51548, 53.45805], [-113.51536, 53.45745]]}, "properties": {"route_id": "715", "route_short_name": "715", "route_long_name": "715 \u2014 Leger - Century Park", "category": "Local Bus"}}, {"type": "Feature", "geometry": {"type": "LineString", "coordinates": [[-113.490925, 53.599962], [-113.490549, 53.59994], [-113.488681, 53.59994], [-113.48815, 53.59986], [-113.489559, 53.59961], [-113.49098, 53.5996], [-113.49217, 53.5996], [-113.493545, 53.599581], [-113.49461, 53.59957], [-113.495779, 53.59957], [-113.496341, 53.59957], [-113.499039, 53.59957], [-113.500221, 53.59957], [-113.504221, 53.59958], [-113.506639, 53.59958], [-113.50795, 53.59959], [-113.51126, 53.59962], [-113.512123, 53.599952], [-113.51212, 53.60052], [-113.512723, 53.602034], [-113.51681, 53.60203], [-113.5185, 53.60202], [-113.51894, 53.60199], [-113.520001, 53.60189], [-113.522285, 53.601574], [-113.525691, 53.601113], [-113.526541, 53.60107], [-113.52842, 53.6016], [-113.528843, 53.601865], [-113.529649, 53.60234], [-113.530241, 53.6031], [-113.53025, 53.60391], [-113.531957, 53.604165], [-113.532499, 53.60418], [-113.535449, 53.60418], [-113.53889, 53.604171], [-113.54031, 53.60418], [-113.54178, 53.60419], [-113.54264, 53.60421], [-113.54329, 53.60428], [-113.54431, 53.60465], [-113.544572, 53.604824], [-113.54611, 53.60632], [-113.547061, 53.60687], [-113.54731, 53.60698], [-113.54831, 53.60721], [-113.548922, 53.606589], [-113.549571, 53.60628], [-113.551414, 53.605806], [-113.552501, 53.60537], [-113.55337, 53.604631], [-113.55387, 53.60421], [-113.554331, 53.60392], [-113.55535, 53.60355], [-113.55718, 53.60334], [-113.55802, 53.60344], [-113.558821, 53.60378], [-113.55953, 53.60425], [-113.55996, 53.60479], [-113.559988, 53.605111], [-113.559716, 53.604956], [-113.559902, 53.604697], [-113.559574, 53.604299], [-113.55916, 53.60398], [-113.558649, 53.60369], [-113.556725, 53.603373], [-113.555619, 53.60348], [-113.554813, 53.603714], [-113.554331, 53.60392], [-113.55307, 53.60495], [-113.552772, 53.605165], [-113.55184, 53.6057], [-113.55077, 53.60597], [-113.54889, 53.60661], [-113.54821, 53.6073], [-113.54958, 53.60753], [-113.551324, 53.607619], [-113.55299, 53.60765], [-113.555599, 53.60797], [-113.556206, 53.608046], [-113.55779, 53.60812], [-113.560029, 53.60813], [-113.560261, 53.60855], [-113.56069, 53.60928], [-113.560921, 53.6099], [-113.560933, 53.610935], [-113.560491, 53.61216], [-113.55998, 53.612982], [-113.560101, 53.61364], [-113.5601, 53.61409], [-113.55953, 53.61462], [-113.558791, 53.61463], [-113.557026, 53.614918], [-113.557059, 53.61587], [-113.557812, 53.616329], [-113.55936, 53.61613], [-113.559821, 53.61614], [-113.56071, 53.61625], [-113.56145, 53.61641], [-113.562459, 53.61687], [-113.56288, 53.6173], [-113.562999, 53.61754], [-113.56302, 53.61801], [-113.56273, 53.61872], [-113.562286, 53.61927], [-113.561171, 53.62047], [-113.56084, 53.62143], [-113.560861, 53.622228], [-113.560824, 53.624555], [-113.560801, 53.62539], [-113.560781, 53.62572], [-113.55984, 53.62637], [-113.55731, 53.62683], [-113.55652, 53.6268], [-113.55566, 53.62677], [-113.553726, 53.626713], [-113.5528, 53.62671], [-113.550928, 53.626758], [-113.548541, 53.62691], [-113.547012, 53.627247], [-113.547191, 53.62776], [-113.54744, 53.62872], [-113.54647, 53.62871], [-113.54488, 53.62871], [-113.54412, 53.62867], [-113.543849, 53.628669], [-113.54319, 53.62868], [-113.54244, 53.6287], [-113.54198, 53.62864], [-113.541671, 53.62854], [-113.54139, 53.62834], [-113.54139, 53.628044], [-113.54138, 53.62762], [-113.541309, 53.62673], [-113.54128, 53.6253], [-113.541111, 53.62373], [-113.54039, 53.62373], [-113.539001, 53.62373], [-113.53854, 53.62368], [-113.537905, 53.623866], [-113.53766, 53.62411], [-113.53688, 53.62453], [-113.535489, 53.62497], [-113.53469, 53.62524], [-113.53371, 53.62577], [-113.533088, 53.626291], [-113.531731, 53.62737], [-113.53129, 53.62756], [-113.52956, 53.62773], [-113.527749, 53.627731], [-113.52674, 53.62771], [-113.52604, 53.6274], [-113.52381, 53.62642], [-113.522697, 53.625799], [-113.522961, 53.62531], [-113.52339, 53.62452], [-113.523401, 53.62314], [-113.52269, 53.62317], [-113.52155, 53.62318], [-113.51883, 53.62283], [-113.519009, 53.62251], [-113.519249, 53.62187], [-113.519371, 53.62118], [-113.51935, 53.62051], [-113.51914, 53.6197], [-113.518995, 53.619385], [-113.518609, 53.61875], [-113.517981, 53.61796], [-113.51761, 53.61747], [-113.51722, 53.6168], [-113.516631, 53.61692], [-113.516321, 53.616534], [-113.51627, 53.61637], [-113.516739, 53.61615], [-113.516821, 53.61512], [-113.516831, 53.61424], [-113.51585, 53.61411], [-113.514191, 53.61411], [-113.513301, 53.614103], [-113.51227, 53.6141], [-113.50989, 53.61408], [-113.50867, 53.61346], [-113.50866, 53.61222], [-113.50865, 53.61131], [-113.508429, 53.61039], [-113.508197, 53.610134], [-113.50804, 53.60985], [-113.50846, 53.60957], [-113.50899, 53.60917], [-113.51054, 53.60794], [-113.51075, 53.60764], [-113.51083, 53.60699], [-113.51068, 53.60651], [-113.509379, 53.6052], [-113.50869, 53.60484], [-113.50795, 53.60473], [-113.507211, 53.60474], [-113.5044, 53.60476], [-113.503123, 53.604774], [-113.50138, 53.6048], [-113.50071, 53.60497], [-113.500203, 53.605247], [-113.499889, 53.60561], [-113.499799, 53.60671], [-113.49784, 53.60811], [-113.496599, 53.608101], [-113.49608, 53.60805], [-113.49587, 53.60803], [-113.495369, 53.6081], [-113.49299, 53.6081], [-113.49199, 53.60675], [-113.491991, 53.60637], [-113.491989, 53.60496], [-113.492019, 53.60384], [-113.49206, 53.60285], [-113.4921, 53.60189], [-113.49212, 53.60128], [-113.49209, 53.60094], [-113.492, 53.60057], [-113.49195, 53.60039], [-113.49146, 53.60025], [-113.490925, 53.599962]]}, "properties": {"route_id": "109", "route_short_name": "109", "route_long_name": "109 \u2014 Northgate - Castle Downs - Hudson", "category": "Local Bus"}}, {"type": "Feature", "geometry": {"type": "LineString", "coordinates": [[-113.621357, 53.52486], [-113.622531, 53.52486], [-113.62403, 53.52503], [-113.6249, 53.52496], [-113.625819, 53.52487], [-113.62773, 53.5247], [-113.62987, 53.52467], [-113.62987, 53.5257], [-113.629921, 53.52632], [-113.629954, 53.526661], [-113.63017, 53.52787], [-113.630071, 53.52833], [-113.629571, 53.52857], [-113.628281, 53.52865], [-113.62578, 53.52914], [-113.62511, 53.52935], [-113.622918, 53.530287], [-113.62084, 53.53108], [-113.61982, 53.53135], [-113.61873, 53.53165], [-113.619, 53.53213], [-113.6191, 53.53244], [-113.619111, 53.53374], [-113.619109, 53.5349], [-113.619727, 53.535705], [-113.620441, 53.5358], [-113.62173, 53.536], [-113.622174, 53.536314], [-113.62216, 53.5377], [-113.622151, 53.53841], [-113.622139, 53.539155], [-113.62218, 53.54004], [-113.62271, 53.5408], [-113.62281, 53.54142], [-113.6228, 53.541898], [-113.622801, 53.54233], [-113.6228, 53.5433], [-113.623899, 53.54331], [-113.624599, 53.54331], [-113.625759, 53.54331], [-113.627384, 53.54366], [-113.6274, 53.54404], [-113.627399, 53.54502], [-113.627398, 53.545553], [-113.6274, 53.54601], [-113.62741, 53.54722], [-113.62741, 53.54757], [-113.62741, 53.54861], [-113.627391, 53.54946], [-113.62738, 53.55016], [-113.627365, 53.551181], [-113.62735, 53.55271], [-113.627346, 53.553649], [-113.62734, 53.55401], [-113.62733, 53.55499], [-113.627331, 53.55544], [-113.62732, 53.556247], [-113.62732, 53.55804], [-113.62726, 53.558333], [-113.62729, 53.56], [-113.6273, 53.56043], [-113.6273, 53.56148], [-113.627306, 53.561812], [-113.62732, 53.56236], [-113.627351, 53.563531], [-113.62732, 53.56453], [-113.6273, 53.565759], [-113.627299, 53.56603], [-113.627291, 53.56701], [-113.62729, 53.56824], [-113.627281, 53.56954], [-113.627279, 53.570014], [-113.62645, 53.57044], [-113.6253, 53.57043], [-113.62212, 53.57043], [-113.62142, 53.57043], [-113.61913, 53.57045], [-113.61776, 53.57046], [-113.617077, 53.570414], [-113.61657, 53.57039], [-113.61519, 53.57037], [-113.61375, 53.57038], [-113.6129, 53.57039], [-113.609749, 53.57039], [-113.608303, 53.570388], [-113.60391, 53.57039], [-113.6021, 53.57038], [-113.60151, 53.57038], [-113.60113, 53.57038], [-113.599471, 53.57037], [-113.596624, 53.570363], [-113.5955, 53.57037], [-113.59462, 53.57037], [-113.59382, 53.57037], [-113.59293, 53.57037], [-113.59192, 53.57036], [-113.59039, 53.57036], [-113.58874, 53.57036], [-113.588349, 53.57036], [-113.587529, 53.57039], [-113.587029, 53.57042], [-113.58659, 53.570422], [-113.58549, 53.57043], [-113.58472, 53.57043], [-113.583569, 53.57043], [-113.583039, 53.570428], [-113.580641, 53.57042], [-113.580321, 53.57042], [-113.579389, 53.57042], [-113.576729, 53.57041], [-113.576274, 53.57041], [-113.575101, 53.57041], [-113.5739, 53.57041], [-113.57265, 53.57041], [-113.57115, 53.57041], [-113.57054, 53.57041], [-113.56943, 53.57041], [-113.56863, 53.5704], [-113.56745, 53.5704], [-113.56684, 53.57039], [-113.566291, 53.57038], [-113.56577, 53.57037], [-113.56511, 53.57035], [-113.56376, 53.57031], [-113.56072, 53.5703], [-113.55718, 53.57029], [-113.55463, 53.57028], [-113.552831, 53.57027], [-113.552009, 53.57028], [-113.550949, 53.57029], [-113.5507, 53.57029], [-113.55014, 53.57018], [-113.54969, 53.57006], [-113.549599, 53.56991], [-113.54953, 53.5696], [-113.54951, 53.56918], [-113.54952, 53.569], [-113.549521, 53.56736], [-113.549555, 53.566439], [-113.54965, 53.56611], [-113.550011, 53.56558], [-113.55096, 53.5652], [-113.554639, 53.56521], [-113.554667, 53.564872], [-113.55536, 53.56434], [-113.555501, 53.56384], [-113.555501, 53.563121], [-113.55551, 53.56162], [-113.555841, 53.56107]]}, "properties": {"route_id": "907", "route_short_name": "907", "route_long_name": "907 \u2014 West Edmonton Mall - Westmount", "category": "Local Bus"}}, {"type": "Feature", "geometry": {"type": "LineString", "coordinates": [[-113.376095, 53.472942], [-113.37444, 53.47266], [-113.373829, 53.47268], [-113.37305, 53.47264], [-113.371719, 53.47246], [-113.368859, 53.47246], [-113.36862, 53.472844], [-113.36859, 53.47375], [-113.368511, 53.47454], [-113.36849, 53.475346], [-113.3685, 53.47575], [-113.36852, 53.47663], [-113.36853, 53.47711], [-113.36854, 53.47753], [-113.36854, 53.47823]]}, "properties": {"route_id": "507", "route_short_name": "507", "route_long_name": "507 \u2014 Tamarack - Southgate", "category": "Local Bus"}}, {"type": "Feature", "geometry": {"type": "LineString", "coordinates": [[-113.51613, 53.457661], [-113.51581, 53.45797], [-113.51548, 53.45805], [-113.51536, 53.45745], [-113.515521, 53.45644], [-113.51613, 53.45646], [-113.51664, 53.45589], [-113.51664, 53.45516], [-113.51665, 53.45456], [-113.51663, 53.45405], [-113.516619, 53.45382], [-113.516611, 53.45314], [-113.51658, 53.45235], [-113.51649, 53.45086], [-113.51645, 53.44975], [-113.51644, 53.44878], [-113.516411, 53.44756], [-113.51645, 53.4467], [-113.51663, 53.4461], [-113.516909, 53.44539], [-113.517519, 53.44389], [-113.51796, 53.44308], [-113.518579, 53.44292], [-113.519971, 53.44301], [-113.522301, 53.442983], [-113.523959, 53.44299], [-113.524955, 53.443024], [-113.52538, 53.4431], [-113.52601, 53.44336], [-113.52685, 53.44398], [-113.527463, 53.444344], [-113.52794, 53.44453], [-113.528959, 53.44476], [-113.52997, 53.44481], [-113.53134, 53.4448], [-113.531764, 53.4448], [-113.532959, 53.44467], [-113.53337, 53.44596], [-113.533449, 53.44653], [-113.534029, 53.44717], [-113.535271, 53.44751], [-113.535787, 53.447491], [-113.536429, 53.44738], [-113.53704, 53.44719], [-113.539091, 53.44808], [-113.53947, 53.44783], [-113.54031, 53.44695], [-113.54054, 53.44646], [-113.54066, 53.44546], [-113.540659, 53.444492], [-113.5405, 53.44153], [-113.540084, 53.440826], [-113.539611, 53.4401], [-113.538756, 53.439419], [-113.53823, 53.43942], [-113.535989, 53.43942], [-113.535041, 53.43942], [-113.53377, 53.43893], [-113.533513, 53.438505], [-113.53323, 53.43821], [-113.53254, 53.43789], [-113.531701, 53.43774], [-113.53092, 53.43773], [-113.52931, 53.43778], [-113.528289, 53.43798], [-113.527377, 53.438322], [-113.52558, 53.43907], [-113.52509, 53.43928], [-113.52392, 53.4394]]}, "properties": {"route_id": "713", "route_short_name": "713", "route_long_name": "713 \u2014 Century Park - Twin Brooks", "category": "Local Bus"}}, {"type": "Feature", "geometry": {"type": "LineString", "coordinates": [[-113.367712, 53.478241], [-113.36782, 53.47894], [-113.36711, 53.479], [-113.36644, 53.47923], [-113.365071, 53.47896], [-113.364199, 53.4784], [-113.363959, 53.47783], [-113.363981, 53.47751], [-113.36411, 53.47719], [-113.365069, 53.476272], [-113.3654, 53.47589], [-113.365471, 53.47548], [-113.36545, 53.47454], [-113.36543, 53.47378], [-113.365171, 53.47246], [-113.36862, 53.47246], [-113.370127, 53.472463], [-113.371719, 53.47246], [-113.37167, 53.47181], [-113.371626, 53.47133], [-113.371629, 53.47071], [-113.371569, 53.46987], [-113.371609, 53.46951], [-113.372031, 53.46852], [-113.37212, 53.46821], [-113.372733, 53.46749], [-113.3735, 53.46754], [-113.375473, 53.467623], [-113.376811, 53.46761], [-113.378247, 53.467613], [-113.38011, 53.46713], [-113.381635, 53.466498], [-113.384214, 53.465439], [-113.38468, 53.46528], [-113.385991, 53.46524], [-113.38698, 53.46547], [-113.387839, 53.46611], [-113.38824, 53.46641], [-113.389051, 53.46722], [-113.392097, 53.467633], [-113.39374, 53.46768], [-113.39395, 53.46733], [-113.39396, 53.46691], [-113.393989, 53.46602], [-113.394019, 53.46517], [-113.39403, 53.46358], [-113.394566, 53.463593], [-113.39897, 53.46376], [-113.39924, 53.46502], [-113.3997, 53.46567], [-113.399943, 53.465877], [-113.40169, 53.46716], [-113.402789, 53.46757], [-113.40316, 53.46764], [-113.404309, 53.46774], [-113.40631, 53.46747], [-113.409226, 53.466924], [-113.40947, 53.46688], [-113.410341, 53.46679], [-113.411929, 53.466735], [-113.41354, 53.46674], [-113.414091, 53.46666], [-113.41491, 53.46629], [-113.415319, 53.46579], [-113.41544, 53.46511], [-113.41578, 53.4632], [-113.41591, 53.46278], [-113.41628, 53.46204], [-113.416596, 53.461408], [-113.416791, 53.46084], [-113.4169, 53.45987], [-113.416921, 53.45949], [-113.417457, 53.45934], [-113.41896, 53.45932], [-113.42084, 53.45937], [-113.42107, 53.45893], [-113.42105, 53.45858], [-113.42099, 53.45789], [-113.42087, 53.45726], [-113.42071, 53.456515], [-113.42051, 53.45566], [-113.420401, 53.45526], [-113.42051, 53.455], [-113.420661, 53.45485], [-113.42099, 53.45474], [-113.42201, 53.45461], [-113.422865, 53.454496], [-113.424299, 53.45431], [-113.425409, 53.45417], [-113.42709, 53.45394], [-113.42856, 53.45378], [-113.429569, 53.4537], [-113.430585, 53.45365], [-113.43161, 53.45363], [-113.432791, 53.45362], [-113.434011, 53.45369], [-113.4343, 53.45381], [-113.434441, 53.45396], [-113.43451, 53.45428], [-113.4345, 53.45445], [-113.43443, 53.45534], [-113.434331, 53.45635], [-113.43263, 53.45643], [-113.431489, 53.45647], [-113.43134, 53.45682], [-113.43029, 53.45711], [-113.42934, 53.45713], [-113.42862, 53.45723]]}, "properties": {"route_id": "508", "route_short_name": "508", "route_long_name": "508 \u2014 Meadows - Mill Woods", "category": "Local Bus"}}, {"type": "Feature", "geometry": {"type": "LineString", "coordinates": [[-113.62291, 53.524886], [-113.62403, 53.52503], [-113.6249, 53.52496], [-113.625819, 53.52487], [-113.62773, 53.5247], [-113.62987, 53.52467], [-113.6301, 53.52421], [-113.630198, 53.523433], [-113.63043, 53.52225], [-113.630589, 53.52175], [-113.63076, 53.52159], [-113.631, 53.52145], [-113.63362, 53.52159], [-113.63586, 53.52165], [-113.637168, 53.521215], [-113.63716, 53.52039], [-113.6371, 53.51967], [-113.63699, 53.5193], [-113.636944, 53.519195], [-113.63683, 53.51868], [-113.636851, 53.51816], [-113.63705, 53.51774], [-113.638171, 53.516968], [-113.63849, 53.51704], [-113.63972, 53.5173], [-113.640589, 53.51748], [-113.64343, 53.51764], [-113.645469, 53.517619], [-113.64644, 53.51763], [-113.647491, 53.51782], [-113.648602, 53.518472], [-113.64898, 53.51927], [-113.64909, 53.521085], [-113.649119, 53.52141], [-113.64918, 53.522157], [-113.64925, 53.52235], [-113.64957, 53.52323], [-113.64949, 53.524049], [-113.64907, 53.52487], [-113.648704, 53.526224], [-113.64859, 53.52687], [-113.64859, 53.52805], [-113.64911, 53.52932], [-113.649129, 53.52989], [-113.648811, 53.531736], [-113.648561, 53.53262], [-113.647811, 53.53322], [-113.64647, 53.53357], [-113.64517, 53.53367], [-113.644568, 53.533715], [-113.6429, 53.53385], [-113.640778, 53.53384], [-113.639239, 53.53371], [-113.63836, 53.53356], [-113.637071, 53.53316], [-113.63651, 53.53348], [-113.6354, 53.53381], [-113.633552, 53.53387], [-113.632721, 53.53388], [-113.6313, 53.53366], [-113.630504, 53.533486], [-113.629129, 53.53318], [-113.62854, 53.53404], [-113.628079, 53.53474], [-113.62791, 53.53502], [-113.62769, 53.53544], [-113.62753, 53.53587], [-113.627453, 53.536286], [-113.62742, 53.53689], [-113.62739, 53.53731], [-113.62729, 53.53759], [-113.627121, 53.53776], [-113.62678, 53.5379], [-113.62646, 53.53792], [-113.625909, 53.53794], [-113.62509, 53.53801], [-113.624689, 53.53807], [-113.62394, 53.53822], [-113.62335, 53.53838], [-113.622509, 53.53862], [-113.621526, 53.538908], [-113.620881, 53.53907], [-113.62021, 53.53918], [-113.619481, 53.53924], [-113.61842, 53.53925], [-113.61739, 53.53928], [-113.61641, 53.53929], [-113.616251, 53.53929], [-113.61562, 53.53929], [-113.614201, 53.53928], [-113.61383, 53.53928], [-113.61287, 53.53929], [-113.61198, 53.53929], [-113.61111, 53.53929], [-113.610189, 53.53929], [-113.60886, 53.53929], [-113.60755, 53.53969], [-113.6075, 53.54077], [-113.60748, 53.54131], [-113.60687, 53.54131], [-113.60452, 53.54131], [-113.60375, 53.54131], [-113.60227, 53.54131], [-113.60086, 53.54131], [-113.599961, 53.54131], [-113.599179, 53.5413], [-113.598191, 53.5413], [-113.59738, 53.5413], [-113.595005, 53.5413], [-113.59456, 53.5413], [-113.593199, 53.5413], [-113.59219, 53.5413], [-113.591821, 53.5413], [-113.591749, 53.540557]]}, "properties": {"route_id": "914", "route_short_name": "914", "route_long_name": "914 \u2014 West Edmonton Mall - Jasper Place", "category": "Local Bus"}}, {"type": "Feature", "geometry": {"type": "LineString", "coordinates": [[-113.59277, 53.54026], [-113.59382, 53.54026], [-113.598305, 53.540262], [-113.599949, 53.54027], [-113.601205, 53.540268], [-113.60271, 53.54055], [-113.602699, 53.54125], [-113.60265, 53.54186], [-113.6026, 53.54331], [-113.60261, 53.54485], [-113.602641, 53.546722], [-113.60264, 53.54806], [-113.60265, 53.548971], [-113.602719, 53.55119], [-113.60278, 53.55149], [-113.602809, 53.5519], [-113.60283, 53.55275], [-113.602491, 53.5534], [-113.601807, 53.5537], [-113.598759, 53.55364], [-113.59878, 53.55401], [-113.59879, 53.5547], [-113.59856, 53.55603], [-113.597893, 53.556039], [-113.59679, 53.55604], [-113.595169, 53.55603], [-113.594011, 53.556014], [-113.5936, 53.55601], [-113.59141, 53.55603], [-113.590066, 53.55596], [-113.58818, 53.55595], [-113.587231, 53.55596], [-113.586558, 53.555944], [-113.58516, 53.55593], [-113.584289, 53.55596], [-113.58344, 53.5559], [-113.582891, 53.555869], [-113.58193, 53.55585], [-113.580761, 53.55585], [-113.579879, 53.55584], [-113.57919, 53.55585], [-113.57816, 53.55585], [-113.577149, 53.55584], [-113.57488, 53.55584], [-113.5735, 53.55589], [-113.572399, 53.55638], [-113.57199, 53.55614], [-113.571124, 53.555946], [-113.57047, 53.55615], [-113.5697, 53.55622], [-113.5685, 53.55622], [-113.56764, 53.55622], [-113.566688, 53.556221], [-113.565839, 53.55622], [-113.56502, 53.556214], [-113.56138, 53.55621], [-113.560586, 53.55577], [-113.55828, 53.55578], [-113.557699, 53.55578], [-113.55618, 53.55577], [-113.555529, 53.55576], [-113.555494, 53.556415], [-113.55554, 53.55819], [-113.555529, 53.55865], [-113.555551, 53.55936], [-113.55553, 53.55992], [-113.555521, 53.56064], [-113.555849, 53.561292]]}, "properties": {"route_id": "909", "route_short_name": "909", "route_long_name": "909 \u2014 Jasper Place - Westmount", "category": "Local Bus"}}, {"type": "Feature", "geometry": {"type": "LineString", "coordinates": [[-113.565829, 53.553505], [-113.56585, 53.55449], [-113.56585, 53.55536], [-113.56584, 53.55604], [-113.56577, 53.55636], [-113.56575, 53.55673], [-113.56574, 53.55691], [-113.565741, 53.55762], [-113.565739, 53.55804], [-113.56543, 53.55863], [-113.564593, 53.558839], [-113.56229, 53.55883], [-113.55945, 53.55882], [-113.557699, 53.55882], [-113.55731, 53.55882], [-113.555551, 53.55936], [-113.55553, 53.55992], [-113.555521, 53.56064], [-113.55585, 53.56133], [-113.55573, 53.56156]]}, "properties": {"route_id": "904", "route_short_name": "904", "route_long_name": "904 \u2014 West Edmonton Mall - Westmount", "category": "Local Bus"}}, {"type": "Feature", "geometry": {"type": "LineString", "coordinates": [[-113.516029, 53.485999], [-113.516041, 53.48525], [-113.5162, 53.48461], [-113.51736, 53.48426], [-113.517571, 53.484], [-113.517581, 53.48337], [-113.517489, 53.48278], [-113.51733, 53.48213], [-113.51695, 53.48117], [-113.516811, 53.48073], [-113.51674, 53.48018], [-113.516715, 53.478703], [-113.51793, 53.47821], [-113.51953, 53.47845], [-113.52045, 53.47859], [-113.522059, 53.47883], [-113.524071, 53.479185], [-113.52454, 53.4793], [-113.5292, 53.47973], [-113.532227, 53.480216], [-113.53295, 53.48029], [-113.53332, 53.47946], [-113.53512, 53.47882], [-113.535214, 53.478478], [-113.5352, 53.47793], [-113.53516, 53.47735], [-113.535645, 53.47638], [-113.53763, 53.47638], [-113.538431, 53.47647], [-113.538617, 53.476827], [-113.53861, 53.47754], [-113.53867, 53.47811], [-113.538921, 53.47865], [-113.539311, 53.47908], [-113.54006, 53.47967], [-113.540639, 53.48019], [-113.54085, 53.48048], [-113.54105, 53.48104], [-113.54105, 53.48108], [-113.54108, 53.48153], [-113.54107, 53.48203], [-113.541081, 53.483], [-113.54109, 53.48405], [-113.54109, 53.48488], [-113.541087, 53.485989], [-113.54108, 53.48776], [-113.541081, 53.4883], [-113.541079, 53.48884], [-113.541079, 53.488983], [-113.54108, 53.4903], [-113.541081, 53.49151], [-113.54108, 53.49278], [-113.54109, 53.49774], [-113.54105, 53.49866], [-113.541011, 53.49939], [-113.541019, 53.50039], [-113.54102, 53.50087], [-113.54102, 53.50186], [-113.540909, 53.50234], [-113.54062, 53.50276], [-113.540259, 53.50308], [-113.539469, 53.50351], [-113.53875, 53.50384], [-113.538058, 53.504137], [-113.5378, 53.50424], [-113.5371, 53.50448], [-113.53635, 53.50468], [-113.535469, 53.50487], [-113.53481, 53.50503], [-113.534129, 53.50528], [-113.533559, 53.50558], [-113.532819, 53.50612], [-113.532351, 53.506484], [-113.53185, 53.50685], [-113.531321, 53.50644], [-113.53132, 53.505258], [-113.530661, 53.50492], [-113.52926, 53.50492], [-113.529101, 53.50477], [-113.5288, 53.50387], [-113.528669, 53.503596]]}, "properties": {"route_id": "702", "route_short_name": "702", "route_long_name": "702 \u2014 Southgate - South Campus", "category": "Local Bus"}}, {"type": "Feature", "geometry": {"type": "LineString", "coordinates": [[-113.470301, 53.55964], [-113.470741, 53.5595], [-113.47086, 53.55808], [-113.47089, 53.557846], [-113.47091, 53.55654], [-113.47084, 53.55581], [-113.47029, 53.55557], [-113.469931, 53.55572], [-113.46857, 53.5563], [-113.4676, 53.55672], [-113.46732, 53.55694], [-113.46729, 53.55749], [-113.467289, 53.55756], [-113.467301, 53.55907], [-113.467291, 53.56046], [-113.46729, 53.56087], [-113.4666, 53.56123], [-113.466256, 53.561232], [-113.4655, 53.56124], [-113.464501, 53.56124], [-113.46252, 53.56124], [-113.46202, 53.56123], [-113.46095, 53.56122], [-113.458699, 53.56121], [-113.45687, 53.56121], [-113.45634, 53.56121], [-113.45551, 53.56123], [-113.45473, 53.56135], [-113.453181, 53.56162], [-113.45131, 53.56193], [-113.450632, 53.562003], [-113.45008, 53.56209], [-113.44877, 53.56231], [-113.447139, 53.56262], [-113.445691, 53.56294], [-113.4449, 53.56312], [-113.44419, 53.56329], [-113.44369, 53.56343], [-113.443095, 53.563613], [-113.44284, 53.56367], [-113.441751, 53.56391], [-113.4407, 53.56416], [-113.43999, 53.56433], [-113.438849, 53.56461], [-113.43788, 53.56484], [-113.437459, 53.56494], [-113.43643, 53.56519], [-113.43531, 53.56546], [-113.434366, 53.565688], [-113.433421, 53.56592], [-113.43197, 53.56627], [-113.4313, 53.56643], [-113.42979, 53.5668], [-113.4284, 53.56714], [-113.42766, 53.56726], [-113.427105, 53.56726], [-113.42658, 53.56726], [-113.423881, 53.56726], [-113.42232, 53.56726], [-113.421111, 53.56726], [-113.42001, 53.56726], [-113.418631, 53.56725], [-113.417967, 53.56678], [-113.412231, 53.56678], [-113.40916, 53.56679], [-113.4058, 53.566791], [-113.402674, 53.566799], [-113.399953, 53.566525], [-113.399959, 53.56501], [-113.39997, 53.56412], [-113.399969, 53.562941], [-113.399976, 53.561168], [-113.4, 53.56004], [-113.399401, 53.559673], [-113.394769, 53.55965], [-113.393731, 53.560007], [-113.39276, 53.56055], [-113.390589, 53.56056], [-113.389358, 53.561483], [-113.389119, 53.56171], [-113.389221, 53.56317], [-113.38945, 53.56362], [-113.391359, 53.56411], [-113.393717, 53.56451], [-113.39371, 53.56675], [-113.39371, 53.567156], [-113.39371, 53.56766], [-113.3937, 53.56882], [-113.3937, 53.569085], [-113.39365, 53.56974], [-113.39257, 53.57032], [-113.39155, 53.57032], [-113.390784, 53.570321], [-113.38925, 53.57032], [-113.388261, 53.57038], [-113.387691, 53.57045], [-113.386981, 53.57058], [-113.387671, 53.571627], [-113.388081, 53.57219], [-113.38846, 53.57247], [-113.389791, 53.57223], [-113.390347, 53.571924]]}, "properties": {"route_id": "101", "route_short_name": "101", "route_long_name": "101 \u2014 Stadium - Abbottsfield", "category": "Local Bus"}}, {"type": "Feature", "geometry": {"type": "LineString", "coordinates": [[-113.515775, 53.456853], [-113.515781, 53.45781], [-113.51613, 53.45822], [-113.51611, 53.4597], [-113.516111, 53.46031], [-113.51588, 53.46098], [-113.514954, 53.46114], [-113.51449, 53.46113], [-113.51323, 53.46096], [-113.512381, 53.46086], [-113.51203, 53.46124], [-113.51177, 53.46173], [-113.511741, 53.46284], [-113.511491, 53.463498], [-113.511231, 53.46372], [-113.510441, 53.46406], [-113.50815, 53.46461], [-113.50686, 53.4649], [-113.503891, 53.46543], [-113.5039, 53.46584], [-113.504049, 53.467252], [-113.504041, 53.46769], [-113.50405, 53.46846], [-113.50405, 53.47053], [-113.50473, 53.47121], [-113.50506, 53.4712], [-113.50567, 53.4712], [-113.506601, 53.47121], [-113.508929, 53.47106], [-113.509106, 53.471378], [-113.5099, 53.47247], [-113.51108, 53.47411], [-113.51122, 53.47486], [-113.511224, 53.476125], [-113.51124, 53.47722], [-113.511226, 53.478032], [-113.51113, 53.47865], [-113.510551, 53.4791], [-113.509539, 53.47927], [-113.50792, 53.47903], [-113.507081, 53.47891], [-113.50595, 53.47882], [-113.50494, 53.47881], [-113.50413, 53.479125], [-113.50414, 53.47942], [-113.50415, 53.48016], [-113.50416, 53.48111], [-113.50437, 53.48172], [-113.505706, 53.482057], [-113.50783, 53.4826], [-113.509309, 53.4829], [-113.511161, 53.48305], [-113.512809, 53.48285], [-113.51388, 53.48303], [-113.514659, 53.48312], [-113.51625, 53.48327], [-113.51652, 53.48407], [-113.51656, 53.48452], [-113.51632, 53.485055]]}, "properties": {"route_id": "705", "route_short_name": "705", "route_long_name": "705 \u2014 Century Park - Southgate", "category": "Local Bus"}}, {"type": "Feature", "geometry": {"type": "LineString", "coordinates": [[-113.516054, 53.484911], [-113.5162, 53.48461], [-113.51657, 53.48478], [-113.51658, 53.48554], [-113.516541, 53.48646], [-113.5165, 53.48753], [-113.51649, 53.48829], [-113.51832, 53.48829], [-113.519819, 53.48831], [-113.5203, 53.48831], [-113.52277, 53.48831], [-113.52554, 53.48832], [-113.52592, 53.48833], [-113.528031, 53.48834], [-113.529435, 53.488334], [-113.532172, 53.488348], [-113.535472, 53.488353], [-113.53935, 53.48837], [-113.54094, 53.48833], [-113.541243, 53.487904], [-113.54125, 53.48708], [-113.54126, 53.485316], [-113.54127, 53.48471], [-113.54128, 53.48419], [-113.541389, 53.48383], [-113.54155, 53.48363], [-113.54181, 53.48354], [-113.54247, 53.48349], [-113.54371, 53.48335], [-113.546011, 53.48307], [-113.54735, 53.48293], [-113.54872, 53.48277], [-113.551261, 53.48265], [-113.55309, 53.48262], [-113.55511, 53.48261], [-113.558701, 53.48258], [-113.56096, 53.48258], [-113.56298, 53.48262], [-113.564071, 53.48265], [-113.56494, 53.4826], [-113.565521, 53.48258], [-113.56628, 53.48254], [-113.56829, 53.4825], [-113.569571, 53.48251], [-113.5704, 53.48261], [-113.57101, 53.48277], [-113.57149, 53.48299], [-113.571869, 53.48327], [-113.57207, 53.48357], [-113.57203, 53.48378], [-113.57182, 53.48396], [-113.57153, 53.48405], [-113.571151, 53.48404], [-113.570821, 53.48391], [-113.570529, 53.48366], [-113.570389, 53.48319], [-113.5704, 53.48261], [-113.57063, 53.48205], [-113.57112, 53.4814], [-113.572409, 53.479971], [-113.573301, 53.47906], [-113.574501, 53.47793], [-113.575441, 53.47702], [-113.57426, 53.47619], [-113.573439, 53.4759], [-113.573051, 53.475776], [-113.572229, 53.4755], [-113.571488, 53.474908], [-113.57131, 53.47464], [-113.57117, 53.4742], [-113.571211, 53.47376], [-113.57154, 53.47324], [-113.5718, 53.47296], [-113.571909, 53.472802], [-113.57196, 53.47234], [-113.571696, 53.471186], [-113.57167, 53.47065], [-113.57235, 53.468942], [-113.572849, 53.4685], [-113.572121, 53.46804], [-113.571939, 53.46764], [-113.572026, 53.467268], [-113.57207, 53.46711], [-113.571801, 53.46662], [-113.572089, 53.466241], [-113.572621, 53.46578], [-113.571847, 53.465313], [-113.57169, 53.46521], [-113.57086, 53.46461], [-113.570101, 53.46391], [-113.56959, 53.46336], [-113.569219, 53.4629], [-113.56876, 53.46228], [-113.568031, 53.46133], [-113.56724, 53.46033], [-113.566709, 53.45963], [-113.56643, 53.45917], [-113.566079, 53.45837], [-113.565921, 53.45785], [-113.56576, 53.45708], [-113.56729, 53.45671], [-113.567621, 53.45665], [-113.56835, 53.45639], [-113.56982, 53.45579], [-113.57006, 53.45572], [-113.57111, 53.45562], [-113.573609, 53.45563], [-113.57363, 53.45478], [-113.574181, 53.45421], [-113.57467, 53.45424], [-113.576259, 53.45439], [-113.57744, 53.45454], [-113.578789, 53.45477], [-113.57935, 53.45488], [-113.58043, 53.45512], [-113.582031, 53.45555], [-113.58176, 53.45615], [-113.58139, 53.4561], [-113.581189, 53.45583], [-113.580461, 53.45554], [-113.579875, 53.455396]]}, "properties": {"route_id": "706", "route_short_name": "706", "route_long_name": "706 \u2014 Leger - Southgate", "category": "Local Bus"}}, {"type": "Feature", "geometry": {"type": "LineString", "coordinates": [[-113.690693, 53.552854], [-113.69241, 53.55254], [-113.693354, 53.552532], [-113.69416, 53.55258], [-113.69723, 53.55258], [-113.699449, 53.552547], [-113.701964, 53.552207], [-113.701809, 53.55097], [-113.701149, 53.55041], [-113.70065, 53.55025], [-113.69977, 53.550174], [-113.698701, 53.55017], [-113.69509, 53.54999], [-113.69409, 53.550164], [-113.69318, 53.55039], [-113.691841, 53.55066], [-113.69066, 53.55053], [-113.690181, 53.55049], [-113.68904, 53.55001], [-113.68903, 53.54821], [-113.688991, 53.54734], [-113.68879, 53.54633], [-113.688569, 53.54532], [-113.688465, 53.544718], [-113.688419, 53.54437], [-113.688479, 53.54402], [-113.688511, 53.54345], [-113.68859, 53.5427], [-113.688659, 53.54212], [-113.688731, 53.54145], [-113.68879, 53.54099], [-113.68887, 53.5404], [-113.688969, 53.53974], [-113.687461, 53.53957], [-113.686516, 53.53958], [-113.68603, 53.53968], [-113.68586, 53.54014], [-113.68571, 53.54044], [-113.6854, 53.54064], [-113.685109, 53.5407], [-113.68456, 53.54074], [-113.683799, 53.54079], [-113.682181, 53.54081], [-113.68102, 53.54087], [-113.679939, 53.54094], [-113.67843, 53.541], [-113.675471, 53.541], [-113.67075, 53.541], [-113.66959, 53.541], [-113.66853, 53.54096], [-113.66744, 53.54083], [-113.666091, 53.54057], [-113.665109, 53.54029], [-113.66315, 53.53966], [-113.662311, 53.53939], [-113.65979, 53.53859], [-113.658759, 53.53827], [-113.658079, 53.53805], [-113.65666, 53.53763], [-113.65514, 53.53722], [-113.654151, 53.53703], [-113.65299, 53.53687], [-113.65181, 53.53679], [-113.650769, 53.53678], [-113.649669, 53.53681], [-113.648811, 53.53687], [-113.64656, 53.53705], [-113.64421, 53.53724], [-113.642061, 53.53739], [-113.64066, 53.53748], [-113.6398, 53.53749], [-113.63981, 53.53794], [-113.63982, 53.53853], [-113.63983, 53.54004], [-113.63984, 53.54048], [-113.639739, 53.54091], [-113.63943, 53.5411], [-113.63876, 53.54118], [-113.6385, 53.54118], [-113.637, 53.54121], [-113.63277, 53.54123], [-113.631737, 53.54123], [-113.63004, 53.54123], [-113.62732, 53.54122], [-113.62586, 53.5412], [-113.6252, 53.54127], [-113.62281, 53.54142], [-113.6228, 53.541898], [-113.622801, 53.54233], [-113.6228, 53.5433], [-113.622336, 53.543301], [-113.62089, 53.5433], [-113.62031, 53.54334], [-113.6192, 53.54363], [-113.61862, 53.54392], [-113.61822, 53.54425], [-113.61793, 53.54473], [-113.617405, 53.54528], [-113.616651, 53.54528], [-113.61616, 53.54501], [-113.61606, 53.54422], [-113.615991, 53.54368], [-113.616101, 53.54318], [-113.61647, 53.54267], [-113.616801, 53.54203], [-113.616901, 53.54132], [-113.616889, 53.54038], [-113.616901, 53.53929], [-113.616392, 53.53929], [-113.61599, 53.53929], [-113.614581, 53.53928], [-113.61394, 53.53928], [-113.61314, 53.53929], [-113.612101, 53.53929], [-113.61145, 53.53929], [-113.6099, 53.53929], [-113.609301, 53.53998], [-113.6093, 53.54049], [-113.6093, 53.540819], [-113.6093, 53.54119], [-113.60792, 53.54132], [-113.606971, 53.54131], [-113.60596, 53.54132], [-113.603812, 53.541311], [-113.6027, 53.54131], [-113.601819, 53.54131], [-113.600281, 53.54131], [-113.59951, 53.5413], [-113.598191, 53.5413], [-113.59803, 53.5413], [-113.5956, 53.5413], [-113.59475, 53.5413], [-113.59381, 53.5413], [-113.59275, 53.5413], [-113.59197, 53.5413], [-113.591808, 53.540868]]}, "properties": {"route_id": "921", "route_short_name": "921", "route_long_name": "921 \u2014 Jasper Place - Westview Village", "category": "Local Bus"}}, {"type": "Feature", "geometry": {"type": "LineString", "coordinates": [[-113.490033, 53.61823], [-113.491739, 53.61822], [-113.491739, 53.61961], [-113.490623, 53.621226], [-113.48993, 53.62125], [-113.48816, 53.6213], [-113.487288, 53.621651], [-113.487201, 53.62186], [-113.4869, 53.62226], [-113.48641, 53.62262], [-113.4858, 53.62296], [-113.48502, 53.62333], [-113.483941, 53.62357], [-113.483601, 53.62395], [-113.48324, 53.62474], [-113.483128, 53.62498], [-113.482929, 53.62655], [-113.480889, 53.62624], [-113.479915, 53.626177], [-113.477042, 53.626147], [-113.475189, 53.626132], [-113.474859, 53.62613], [-113.474099, 53.62599], [-113.473739, 53.62577], [-113.473591, 53.62533], [-113.473587, 53.624892], [-113.47356, 53.62442], [-113.47332, 53.62374], [-113.47286, 53.62331], [-113.472012, 53.622852], [-113.471591, 53.62268], [-113.470921, 53.62234], [-113.47038, 53.6218], [-113.470283, 53.621572], [-113.47022, 53.62121], [-113.469614, 53.62075], [-113.469199, 53.62076], [-113.46775, 53.62078], [-113.4667, 53.6208], [-113.466001, 53.6208], [-113.46501, 53.62085], [-113.463155, 53.621527], [-113.462949, 53.62161], [-113.46232, 53.62199], [-113.46199, 53.62265], [-113.461989, 53.623317], [-113.46196, 53.62469], [-113.46171, 53.62528], [-113.461447, 53.625617], [-113.460633, 53.626268], [-113.460021, 53.62655], [-113.458544, 53.626896], [-113.45777, 53.62698], [-113.45573, 53.62706], [-113.454482, 53.62716], [-113.45292, 53.62741], [-113.451289, 53.62761], [-113.45049, 53.62761], [-113.44916, 53.62736], [-113.44835, 53.62681], [-113.44816, 53.62599], [-113.44819, 53.62547], [-113.44806, 53.62488], [-113.44788, 53.62449], [-113.4471, 53.62316], [-113.447049, 53.62297], [-113.4472, 53.62206], [-113.44755, 53.62153], [-113.44778, 53.621205], [-113.4481, 53.62074], [-113.44905, 53.61973], [-113.44858, 53.61949], [-113.447681, 53.61931], [-113.44607, 53.6194], [-113.44533, 53.61945], [-113.44324, 53.61947], [-113.44232, 53.61948], [-113.441965, 53.61948], [-113.44113, 53.61946], [-113.43971, 53.6197], [-113.438411, 53.621069], [-113.437769, 53.62177], [-113.437599, 53.622178], [-113.43756, 53.62242], [-113.43773, 53.62303], [-113.43894, 53.6242], [-113.43957, 53.62463], [-113.440145, 53.62561], [-113.44004, 53.62665], [-113.4385, 53.62735], [-113.436845, 53.627383], [-113.43273, 53.62735], [-113.431558, 53.627361], [-113.43127, 53.62738], [-113.43044, 53.62731], [-113.429839, 53.62667], [-113.42917, 53.62556], [-113.42919, 53.62508], [-113.429499, 53.62442], [-113.430411, 53.62365], [-113.430185, 53.623234], [-113.42858, 53.62313], [-113.42667, 53.62326], [-113.425632, 53.623395], [-113.42467, 53.62352], [-113.42273, 53.62366], [-113.422445, 53.623674], [-113.4215, 53.62369], [-113.420209, 53.62365], [-113.41913, 53.62354], [-113.41822, 53.62343], [-113.418219, 53.62184], [-113.418615, 53.621388], [-113.41815, 53.6208], [-113.415736, 53.619894], [-113.41364, 53.61922], [-113.411841, 53.6189], [-113.40929, 53.61878], [-113.4082, 53.61879], [-113.408083, 53.617981], [-113.40824, 53.61669], [-113.408371, 53.61655], [-113.409, 53.61575], [-113.409433, 53.615792], [-113.41005, 53.61584], [-113.41085, 53.61575], [-113.41092, 53.614356], [-113.410982, 53.613437], [-113.41104, 53.61252], [-113.41119, 53.61171], [-113.41157, 53.61099], [-113.41193, 53.61057], [-113.412445, 53.610028], [-113.413231, 53.60926], [-113.41417, 53.60872], [-113.41475, 53.60835], [-113.414907, 53.608098], [-113.41495, 53.60776], [-113.414681, 53.60733], [-113.41429, 53.60705], [-113.413711, 53.606867], [-113.41334, 53.60682], [-113.41319, 53.60661], [-113.414, 53.60582], [-113.413419, 53.60447], [-113.41218, 53.60385], [-113.41146, 53.60315], [-113.41144, 53.60274], [-113.411391, 53.60249]]}, "properties": {"route_id": "118", "route_short_name": "118", "route_long_name": "118 \u2014 Eaux Claires - West Clareview", "category": "Local Bus"}}, {"type": "Feature", "geometry": {"type": "LineString", "coordinates": [[-113.579875, 53.455179], [-113.58061, 53.45535], [-113.58122, 53.45551], [-113.5814, 53.4557], [-113.58135, 53.45606], [-113.58157, 53.45616], [-113.581931, 53.45594], [-113.582796, 53.455768], [-113.5845, 53.45628], [-113.58645, 53.45689], [-113.58763, 53.45723], [-113.58987, 53.45786], [-113.591101, 53.45831], [-113.59171, 53.45854], [-113.592752, 53.458642], [-113.59308, 53.45848], [-113.594641, 53.45767], [-113.59566, 53.45674], [-113.596496, 53.456317], [-113.59751, 53.45581], [-113.59796, 53.45534], [-113.598136, 53.454212], [-113.59813, 53.45388], [-113.59726, 53.4525], [-113.59668, 53.45199], [-113.595001, 53.45147], [-113.59451, 53.45148], [-113.59341, 53.4516], [-113.59198, 53.45168], [-113.591401, 53.45168], [-113.59025, 53.45146], [-113.590398, 53.450885], [-113.59054, 53.45027], [-113.59088, 53.44933], [-113.59126, 53.44867], [-113.59181, 53.44798], [-113.592701, 53.4472], [-113.593501, 53.44664], [-113.594449, 53.44613], [-113.59644, 53.44542], [-113.597281, 53.44517], [-113.598801, 53.44471], [-113.60054, 53.44419], [-113.60189, 53.44379], [-113.603091, 53.4434], [-113.60383, 53.44307], [-113.6048, 53.44259], [-113.6074, 53.44124], [-113.6086, 53.44068], [-113.60969, 53.44021], [-113.610729, 53.43975], [-113.61163, 53.43933], [-113.61225, 53.43898], [-113.61267, 53.4387], [-113.613189, 53.43831], [-113.61365, 53.43798], [-113.614359, 53.43791], [-113.61494, 53.43809], [-113.61699, 53.43889], [-113.61891, 53.43927], [-113.618559, 53.439678], [-113.61815, 53.44016], [-113.617541, 53.44077], [-113.616021, 53.44176], [-113.614471, 53.442486], [-113.61384, 53.44279], [-113.61351, 53.44317], [-113.61327, 53.443999], [-113.61326, 53.44434], [-113.61344, 53.44502], [-113.61441, 53.44615], [-113.61464, 53.44668], [-113.617473, 53.44593], [-113.61819, 53.44555], [-113.61862, 53.445098], [-113.619871, 53.44395], [-113.62241, 53.442046], [-113.623811, 53.44112], [-113.62413, 53.44078], [-113.62436, 53.44023], [-113.6244, 53.43951], [-113.62443, 53.43877], [-113.624533, 53.4385], [-113.62457, 53.43828], [-113.62455, 53.438], [-113.62432, 53.43765], [-113.624001, 53.4368], [-113.623991, 53.43588], [-113.62408, 53.43535], [-113.62418, 53.43385], [-113.623911, 53.43303], [-113.6236, 53.43221], [-113.62304, 53.43072], [-113.62216, 53.429838], [-113.62141, 53.42943], [-113.620411, 53.42913], [-113.6187, 53.42876], [-113.61777, 53.42865], [-113.616783, 53.42861], [-113.616219, 53.42857], [-113.61402, 53.42858], [-113.61242, 53.4286], [-113.611025, 53.428346], [-113.60982, 53.42807], [-113.60804, 53.42744], [-113.607462, 53.427292], [-113.605811, 53.4271], [-113.604311, 53.42807], [-113.60354, 53.42813], [-113.60174, 53.42818], [-113.60097, 53.42824], [-113.59886, 53.42831], [-113.597661, 53.42822], [-113.597401, 53.42818], [-113.59692, 53.42829], [-113.596586, 53.428265], [-113.594871, 53.42796], [-113.59238, 53.42801], [-113.59141, 53.42823], [-113.590624, 53.428631], [-113.590371, 53.42887], [-113.59009, 53.42958], [-113.59008, 53.43015], [-113.58984, 53.43071], [-113.58993, 53.43093], [-113.59002, 53.43151], [-113.58973, 53.43181], [-113.58888, 53.431786], [-113.587221, 53.43083], [-113.586119, 53.43005], [-113.58491, 53.42935], [-113.58419, 53.42975], [-113.583459, 53.43016], [-113.582459, 53.43072], [-113.581581, 53.43119], [-113.581069, 53.43147], [-113.58009, 53.43203], [-113.579281, 53.43249], [-113.57809, 53.43314], [-113.574911, 53.43493], [-113.57427, 53.43523], [-113.57251, 53.4359], [-113.570853, 53.436368], [-113.56898, 53.43689], [-113.56773, 53.4374], [-113.56732, 53.43763], [-113.566541, 53.43821], [-113.56584, 53.43901], [-113.56565, 53.43948], [-113.565549, 53.43979], [-113.56548, 53.44131], [-113.565481, 53.44313], [-113.565473, 53.445066], [-113.56549, 53.44666], [-113.565471, 53.44794], [-113.56545, 53.44921], [-113.565445, 53.449605], [-113.56543, 53.4509], [-113.56542, 53.45168], [-113.565413, 53.452741], [-113.56541, 53.45299], [-113.56537, 53.45354], [-113.56524, 53.45372], [-113.564999, 53.45385], [-113.56461, 53.45397], [-113.563743, 53.453969], [-113.56291, 53.45397], [-113.561502, 53.45397], [-113.560129, 53.45397], [-113.558591, 53.453969], [-113.5551, 53.45397], [-113.55338, 53.45397], [-113.55265, 53.45399], [-113.55183, 53.4541], [-113.550841, 53.45438], [-113.54953, 53.45489], [-113.54848, 53.45524], [-113.54724, 53.45563], [-113.546019, 53.45601], [-113.5451, 53.45622], [-113.5443, 53.45627], [-113.54339, 53.45621], [-113.542379, 53.45595], [-113.54044, 53.45529], [-113.5383, 53.45455], [-113.536971, 53.4541], [-113.53626, 53.45394], [-113.53543, 53.45383], [-113.53421, 53.45381], [-113.533364, 53.453811], [-113.529844, 53.453807], [-113.526429, 53.45381], [-113.5248, 53.45381], [-113.523911, 53.45381], [-113.52083, 53.45382], [-113.518461, 53.45382], [-113.51792, 53.45387], [-113.51699, 53.45391], [-113.516339, 53.45396], [-113.51618, 53.45407], [-113.51619, 53.45475], [-113.51617, 53.45538], [-113.515779, 53.45646]]}, "properties": {"route_id": "717", "route_short_name": "717", "route_long_name": "717 \u2014 Leger - Century Park", "category": "Local Bus"}}, {"type": "Feature", "geometry": {"type": "LineString", "coordinates": [[-113.579603, 53.455353], [-113.57896, 53.45523], [-113.57901, 53.45498], [-113.57935, 53.45488], [-113.58043, 53.45512], [-113.581231, 53.45531], [-113.58225, 53.45546], [-113.58288, 53.45478], [-113.582948, 53.454329], [-113.5828, 53.45387], [-113.582421, 53.45341], [-113.583779, 53.4527], [-113.584876, 53.451884], [-113.58488, 53.45132], [-113.584909, 53.450159], [-113.58619, 53.44998], [-113.586929, 53.45015], [-113.58816, 53.45087], [-113.58907, 53.45127], [-113.59023, 53.45158], [-113.590361, 53.45105], [-113.59046, 53.45061], [-113.59076, 53.44959], [-113.59112, 53.4489], [-113.59158, 53.44824], [-113.59232, 53.44751], [-113.593221, 53.44682], [-113.594139, 53.44628], [-113.5957, 53.44564], [-113.596909, 53.44528], [-113.5983, 53.44486], [-113.60005, 53.44434], [-113.601631, 53.44387], [-113.60278, 53.4435], [-113.6037, 53.44313], [-113.604289, 53.44285], [-113.60667, 53.44161], [-113.6082, 53.44086], [-113.60927, 53.44039], [-113.61024, 53.43996], [-113.611409, 53.43944], [-113.612181, 53.43902], [-113.61259, 53.43875], [-113.613, 53.43846], [-113.61351, 53.43803], [-113.61405, 53.43748], [-113.61178, 53.43641], [-113.61108, 53.43613], [-113.60949, 53.43557], [-113.60793, 53.4353], [-113.60749, 53.43594], [-113.606498, 53.43689], [-113.6059, 53.43724], [-113.60445, 53.43765], [-113.603762, 53.437698], [-113.60187, 53.43747], [-113.600872, 53.436953], [-113.599991, 53.43629], [-113.599431, 53.43565], [-113.59905, 53.43499], [-113.598227, 53.434402], [-113.59721, 53.43445], [-113.595031, 53.43439], [-113.594163, 53.434204], [-113.59324, 53.4339], [-113.59202, 53.433347], [-113.589671, 53.43219], [-113.58888, 53.431786], [-113.587221, 53.43083], [-113.586119, 53.43005], [-113.58491, 53.42935], [-113.58419, 53.42975], [-113.583459, 53.43016], [-113.582459, 53.43072], [-113.581581, 53.43119], [-113.581069, 53.43147], [-113.58009, 53.43203], [-113.579281, 53.43249], [-113.57809, 53.43314], [-113.574911, 53.43493], [-113.57427, 53.43523], [-113.57251, 53.4359], [-113.570853, 53.436368], [-113.56898, 53.43689], [-113.56773, 53.4374], [-113.56732, 53.43763], [-113.566541, 53.43821], [-113.56584, 53.43901], [-113.56565, 53.43948], [-113.565549, 53.43979], [-113.56548, 53.44131], [-113.565481, 53.44313], [-113.565473, 53.445066], [-113.56549, 53.44666], [-113.565471, 53.44794], [-113.56545, 53.44921], [-113.565445, 53.449605], [-113.56543, 53.4509], [-113.56542, 53.45168], [-113.565413, 53.452741], [-113.56541, 53.45299], [-113.56537, 53.45354], [-113.56524, 53.45372], [-113.564999, 53.45385], [-113.56461, 53.45397], [-113.563743, 53.453969], [-113.56291, 53.45397], [-113.561502, 53.45397], [-113.560129, 53.45397], [-113.558591, 53.453969], [-113.5551, 53.45397], [-113.55338, 53.45397], [-113.55265, 53.45399], [-113.55183, 53.4541], [-113.550841, 53.45438], [-113.54953, 53.45489], [-113.54848, 53.45524], [-113.54724, 53.45563], [-113.546019, 53.45601], [-113.5451, 53.45622], [-113.5443, 53.45627], [-113.54339, 53.45621], [-113.542379, 53.45595], [-113.54044, 53.45529], [-113.5383, 53.45455], [-113.536971, 53.4541], [-113.53626, 53.45394], [-113.53543, 53.45383], [-113.53421, 53.45381], [-113.533364, 53.453811], [-113.529844, 53.453807], [-113.526429, 53.45381], [-113.5248, 53.45381], [-113.523911, 53.45381], [-113.52083, 53.45382], [-113.518461, 53.45382], [-113.51792, 53.45387], [-113.51699, 53.45391], [-113.516339, 53.45396], [-113.51618, 53.45407], [-113.51619, 53.45475], [-113.51617, 53.45538], [-113.51613, 53.45689], [-113.51613, 53.45751], [-113.51581, 53.45797], [-113.51548, 53.45805], [-113.51536, 53.45745]]}, "properties": {"route_id": "716", "route_short_name": "716", "route_long_name": "716 \u2014 Leger - Century Park", "category": "Local Bus"}}, {"type": "Feature", "geometry": {"type": "LineString", "coordinates": [[-113.490551, 53.618225], [-113.489089, 53.61816], [-113.489061, 53.61766], [-113.491071, 53.61766], [-113.492, 53.61766], [-113.49206, 53.61557], [-113.491969, 53.61492], [-113.49189, 53.6145], [-113.491829, 53.61412], [-113.491751, 53.61402], [-113.490779, 53.61398], [-113.49032, 53.61398], [-113.4893, 53.61401], [-113.488909, 53.61404], [-113.48792, 53.61415], [-113.48601, 53.61439], [-113.485061, 53.61451], [-113.48197, 53.6149], [-113.480989, 53.61502], [-113.48052, 53.61508], [-113.479231, 53.61523], [-113.477549, 53.61542], [-113.47618, 53.61557], [-113.476367, 53.616096], [-113.476479, 53.61677], [-113.476403, 53.616978], [-113.476051, 53.61759], [-113.47546, 53.6182], [-113.475251, 53.61848], [-113.475112, 53.619189], [-113.47512, 53.61962], [-113.475269, 53.62014], [-113.47551, 53.62082], [-113.475121, 53.62092], [-113.473611, 53.62105], [-113.47245, 53.62091], [-113.47109, 53.62076], [-113.469614, 53.62075], [-113.46867, 53.62077], [-113.467539, 53.62079], [-113.46625, 53.6208], [-113.465899, 53.6208], [-113.46478, 53.62091], [-113.463226, 53.621126], [-113.46223, 53.62056], [-113.4618, 53.61997], [-113.461806, 53.619433], [-113.46235, 53.618011], [-113.46258, 53.6177], [-113.46259, 53.61708], [-113.4618, 53.61659], [-113.46148, 53.61653], [-113.45833, 53.61647], [-113.457655, 53.61649], [-113.45676, 53.61667], [-113.455691, 53.61698], [-113.454409, 53.61707], [-113.4531, 53.61731], [-113.45209, 53.6177], [-113.451336, 53.61817], [-113.44905, 53.61973], [-113.44858, 53.61949], [-113.447681, 53.61931], [-113.44607, 53.6194], [-113.44533, 53.61945], [-113.44324, 53.61947], [-113.44232, 53.61948], [-113.441965, 53.61948], [-113.44113, 53.61946], [-113.44028, 53.61895], [-113.44037, 53.61859], [-113.44033, 53.61811], [-113.440219, 53.61778], [-113.43953, 53.61721], [-113.438089, 53.61692], [-113.43789, 53.61691], [-113.437231, 53.61694], [-113.436189, 53.61717], [-113.43531, 53.61761], [-113.43464, 53.61798], [-113.43373, 53.61821], [-113.43213, 53.61788], [-113.432468, 53.61755], [-113.432849, 53.61694], [-113.43287, 53.61617], [-113.432869, 53.6158], [-113.431526, 53.6158], [-113.429579, 53.61579], [-113.42607, 53.61579], [-113.423893, 53.61579], [-113.42178, 53.61578], [-113.419989, 53.61577], [-113.41812, 53.61577], [-113.417, 53.61577], [-113.416754, 53.61577], [-113.413639, 53.61575], [-113.41156, 53.61575], [-113.41051, 53.61575], [-113.40969, 53.6157], [-113.40889, 53.61562], [-113.40829, 53.615523], [-113.408009, 53.61547], [-113.40714, 53.61528], [-113.40642, 53.61508], [-113.405771, 53.61487], [-113.405041, 53.61465], [-113.40416, 53.61444], [-113.40301, 53.61422], [-113.40173, 53.6141], [-113.401031, 53.61407], [-113.400171, 53.61407], [-113.39958, 53.61388], [-113.399569, 53.61331], [-113.39947, 53.61262], [-113.399511, 53.61182], [-113.399939, 53.61131], [-113.40033, 53.61105], [-113.40257, 53.60968], [-113.402883, 53.609484], [-113.40415, 53.60899], [-113.40515, 53.60878], [-113.405991, 53.60834], [-113.40622, 53.60805], [-113.40645, 53.60745], [-113.40669, 53.60661], [-113.40694, 53.60625], [-113.40887, 53.60535], [-113.41007, 53.60489], [-113.411139, 53.60361], [-113.41175, 53.60295], [-113.412089, 53.60243]]}, "properties": {"route_id": "117", "route_short_name": "117", "route_long_name": "117 \u2014 Eaux Claires - West Clareview", "category": "Local Bus"}}, {"type": "Feature", "geometry": {"type": "LineString", "coordinates": [[-113.580497, 53.455323], [-113.581091, 53.45547], [-113.58139, 53.45562], [-113.58128, 53.45595], [-113.581439, 53.45613], [-113.58179, 53.456], [-113.5827, 53.45574], [-113.583509, 53.45598], [-113.58598, 53.45675], [-113.587231, 53.45712], [-113.58903, 53.45762], [-113.59001, 53.45747], [-113.59022, 53.4566], [-113.590291, 53.45581], [-113.5902, 53.45502], [-113.589989, 53.45394], [-113.59, 53.45269], [-113.59023, 53.45158], [-113.590361, 53.45105], [-113.59046, 53.45061], [-113.59076, 53.44959], [-113.59112, 53.4489], [-113.59158, 53.44824], [-113.59232, 53.44751], [-113.593221, 53.44682], [-113.594139, 53.44628], [-113.5957, 53.44564], [-113.596909, 53.44528], [-113.5983, 53.44486], [-113.60005, 53.44434], [-113.601631, 53.44387], [-113.60278, 53.4435], [-113.6037, 53.44313], [-113.604289, 53.44285], [-113.60667, 53.44161], [-113.6082, 53.44086], [-113.60927, 53.44039], [-113.61024, 53.43996], [-113.611409, 53.43944], [-113.612181, 53.43902], [-113.61259, 53.43875], [-113.613, 53.43846], [-113.61351, 53.43803], [-113.61409, 53.4379], [-113.61485, 53.43805], [-113.61626, 53.43862], [-113.61851, 53.43927], [-113.61922, 53.43897], [-113.6193, 53.438784], [-113.619489, 53.43811], [-113.61934, 53.43767], [-113.619233, 53.437447], [-113.61911, 53.43727], [-113.618819, 53.43698], [-113.618299, 53.43672], [-113.61788, 53.43645], [-113.617511, 53.43606], [-113.617355, 53.435451], [-113.617261, 53.43493], [-113.6174, 53.43427], [-113.61768, 53.4335], [-113.618376, 53.433036], [-113.62058, 53.43304], [-113.622059, 53.43307], [-113.62307, 53.43315], [-113.623744, 53.432592], [-113.62354, 53.43202], [-113.622899, 53.43049], [-113.623591, 53.429671], [-113.62481, 53.42914], [-113.62576, 53.42873], [-113.626445, 53.428134], [-113.626669, 53.4278], [-113.62687, 53.42704], [-113.62685, 53.426431], [-113.62682, 53.42485], [-113.62633, 53.42425], [-113.625659, 53.42427], [-113.62349, 53.42425], [-113.622461, 53.4238], [-113.62225, 53.42357], [-113.62152, 53.42216], [-113.621531, 53.4211], [-113.619711, 53.42109], [-113.61576, 53.42107], [-113.61377, 53.42107], [-113.61264, 53.42114], [-113.61199, 53.42126], [-113.61087, 53.42135], [-113.60982, 53.42149], [-113.60847, 53.42181], [-113.60737, 53.42226], [-113.60652, 53.42117], [-113.604557, 53.421185], [-113.60315, 53.42116], [-113.60141, 53.42093], [-113.5997, 53.42091], [-113.597803, 53.421282], [-113.59779, 53.42213], [-113.59694, 53.42325], [-113.59644, 53.42332], [-113.59636, 53.4235], [-113.59663, 53.42372], [-113.596861, 53.42461], [-113.59687, 53.42491], [-113.595889, 53.42491], [-113.59145, 53.42491], [-113.58957, 53.42557], [-113.58914, 53.42609], [-113.5886, 53.4267], [-113.58823, 53.42707], [-113.58805, 53.42724], [-113.58769, 53.42756], [-113.58699, 53.4281], [-113.58633, 53.42853], [-113.58588, 53.42881], [-113.58543, 53.42896], [-113.58513, 53.42901], [-113.584909, 53.42899], [-113.584669, 53.4289], [-113.584079, 53.42861], [-113.583519, 53.4285], [-113.58306, 53.42851], [-113.582339, 53.4287], [-113.58144, 53.42898], [-113.58058, 53.42916], [-113.57959, 53.42922], [-113.578721, 53.42916], [-113.57664, 53.42888], [-113.57415, 53.42855], [-113.57245, 53.42838], [-113.57111, 53.42835], [-113.570131, 53.4283], [-113.56869, 53.42825], [-113.566531, 53.42825], [-113.56467, 53.42832], [-113.56271, 53.42847], [-113.56086, 53.42867], [-113.558649, 53.429], [-113.556499, 53.42942], [-113.5551, 53.42975], [-113.55362, 53.43014], [-113.5505, 53.43106], [-113.547639, 53.43191], [-113.545399, 53.43256], [-113.54344, 53.43305], [-113.54248, 53.43327], [-113.54139, 53.4335], [-113.5405, 53.43367], [-113.53919, 53.43391], [-113.53736, 53.43417], [-113.53521, 53.4344], [-113.53301, 53.43456], [-113.531681, 53.43462], [-113.53029, 53.43465], [-113.52919, 53.43461], [-113.527409, 53.43455], [-113.52514, 53.43447], [-113.52443, 53.43438], [-113.52389, 53.43423], [-113.523341, 53.43398], [-113.52228, 53.43332], [-113.52188, 53.43311], [-113.52149, 53.43299], [-113.52114, 53.43295], [-113.52061, 53.43298], [-113.51982, 53.4331], [-113.51913, 53.43338], [-113.51925, 53.43369], [-113.51939, 53.43421], [-113.51945, 53.43456], [-113.519441, 53.43502], [-113.51938, 53.43542], [-113.519211, 53.43594], [-113.518959, 53.43647], [-113.51838, 53.43791], [-113.51823, 53.43852], [-113.51818, 53.43894], [-113.51818, 53.43939], [-113.51819, 53.439806], [-113.51817, 53.44028], [-113.51805, 53.44127], [-113.51793, 53.44191], [-113.5177, 53.44283], [-113.517476, 53.443491], [-113.5172, 53.44418], [-113.51668, 53.44546], [-113.5163, 53.44642], [-113.51614, 53.4471], [-113.516111, 53.44785], [-113.51613, 53.44878], [-113.51614, 53.44928], [-113.51616, 53.450677], [-113.51616, 53.4516], [-113.51616, 53.452025], [-113.516171, 53.45292], [-113.51618, 53.4533], [-113.516181, 53.45376], [-113.516181, 53.45401], [-113.516189, 53.45457], [-113.51618, 53.45513], [-113.51613, 53.45646], [-113.516129, 53.45746], [-113.51613, 53.45797], [-113.515561, 53.45809], [-113.515359, 53.45792]]}, "properties": {"route_id": "718", "route_short_name": "718", "route_long_name": "718 \u2014 Leger - Century Park", "category": "Local Bus"}}, {"type": "Feature", "geometry": {"type": "LineString", "coordinates": [[-113.51613, 53.457661], [-113.51613, 53.45822], [-113.51611, 53.4597], [-113.516111, 53.46031], [-113.51588, 53.46098], [-113.514589, 53.46114], [-113.513791, 53.46106], [-113.51246, 53.46077], [-113.511159, 53.46022], [-113.510531, 53.45977], [-113.50973, 53.4587], [-113.509611, 53.45821], [-113.509761, 53.45669], [-113.509551, 53.45608], [-113.50909, 53.4549], [-113.50909, 53.45401], [-113.50891, 53.45383], [-113.50313, 53.45383], [-113.499679, 53.45384], [-113.49819, 53.45386], [-113.4966, 53.45376], [-113.495159, 53.45365], [-113.4942, 53.45354], [-113.49364, 53.45339], [-113.493361, 53.45312], [-113.493329, 53.45232], [-113.49334, 53.45143], [-113.49336, 53.4506], [-113.493281, 53.44997], [-113.49312, 53.44941], [-113.492991, 53.44891], [-113.49286, 53.44827], [-113.49281, 53.4466], [-113.49286, 53.445], [-113.49292, 53.44285], [-113.49289, 53.44223], [-113.49281, 53.44181], [-113.492731, 53.44154], [-113.49257, 53.44115], [-113.49235, 53.44074], [-113.49161, 53.43947], [-113.490979, 53.43835], [-113.490769, 53.4379], [-113.49066, 53.43761], [-113.490561, 53.43725], [-113.49051, 53.43693], [-113.49049, 53.4361], [-113.49062, 53.4354], [-113.49084, 53.43479], [-113.491329, 53.43399], [-113.491931, 53.43317], [-113.49255, 53.43235], [-113.49318, 53.43138], [-113.49351, 53.43058], [-113.49367, 53.42989], [-113.493699, 53.42931], [-113.493629, 53.42836], [-113.49351, 53.42715], [-113.493441, 53.42626], [-113.493401, 53.42494], [-113.493401, 53.42457], [-113.49348, 53.42142], [-113.49352, 53.42034], [-113.49357, 53.41992], [-113.49366, 53.41949], [-113.493801, 53.41902], [-113.494, 53.41853], [-113.49427, 53.41801], [-113.494579, 53.41753], [-113.49505, 53.41693], [-113.4956, 53.41635], [-113.49631, 53.41571], [-113.49913, 53.41324], [-113.501831, 53.41087], [-113.50407, 53.40891], [-113.505029, 53.40804], [-113.505759, 53.40722], [-113.5063, 53.40649], [-113.50669, 53.40583], [-113.507199, 53.4048], [-113.50781, 53.4036], [-113.508431, 53.40248], [-113.509669, 53.4004], [-113.51077, 53.39867], [-113.51179, 53.39718], [-113.51231, 53.39644], [-113.512629, 53.39599], [-113.51313, 53.39517], [-113.513449, 53.39449], [-113.5137, 53.39386], [-113.51406, 53.39257], [-113.51433, 53.39145], [-113.514539, 53.39064], [-113.51475, 53.38997], [-113.51493, 53.38949], [-113.5152, 53.38888], [-113.515539, 53.38823], [-113.516089, 53.38733], [-113.516991, 53.38606], [-113.51809, 53.38457], [-113.519751, 53.38229], [-113.521221, 53.38026], [-113.5232, 53.37757], [-113.524909, 53.37521], [-113.52609, 53.37361], [-113.52807, 53.37086], [-113.531639, 53.36596], [-113.535111, 53.36119], [-113.538931, 53.35592], [-113.54176, 53.35206], [-113.543421, 53.34982], [-113.54426, 53.34861], [-113.54549, 53.34691], [-113.546301, 53.34578], [-113.54711, 53.34462], [-113.547759, 53.34372], [-113.54824, 53.34301], [-113.54867, 53.34223], [-113.549109, 53.34131], [-113.549459, 53.3403], [-113.54965, 53.33959], [-113.54975, 53.33903], [-113.549839, 53.33827], [-113.549859, 53.33752], [-113.54986, 53.33602], [-113.54987, 53.3348], [-113.54986, 53.33344], [-113.54987, 53.33237], [-113.54986, 53.33034], [-113.54987, 53.32599], [-113.54987, 53.32228], [-113.54986, 53.31775], [-113.54991, 53.31634], [-113.54999, 53.31559], [-113.5501, 53.3139], [-113.5502, 53.31331], [-113.550359, 53.31283], [-113.550689, 53.31225], [-113.551361, 53.31136], [-113.55249, 53.31007], [-113.553149, 53.30961], [-113.55399, 53.30925], [-113.55516, 53.30901], [-113.556611, 53.30891], [-113.5587, 53.30877], [-113.559941, 53.30884], [-113.56155, 53.30884], [-113.56271, 53.30884], [-113.56662, 53.30883], [-113.56894, 53.30882], [-113.57222, 53.30881], [-113.57303, 53.30887], [-113.57424, 53.30922], [-113.574951, 53.30958], [-113.5757, 53.30983], [-113.57679, 53.30987], [-113.57742, 53.30985], [-113.58121, 53.30964], [-113.58183, 53.30956], [-113.58248, 53.30941], [-113.58326, 53.3091], [-113.583739, 53.30885], [-113.583759, 53.30849], [-113.58364, 53.30778], [-113.583374, 53.307571]]}, "properties": {"route_id": "747", "route_short_name": "747", "route_long_name": "747 \u2014 Century Park - Edmonton International Airport", "category": "Local Bus"}}, {"type": "Feature", "geometry": {"type": "LineString", "coordinates": [[-113.501809, 53.558391], [-113.50129, 53.55813], [-113.501021, 53.55833], [-113.501079, 53.55885], [-113.5016, 53.55895], [-113.50302, 53.55897], [-113.502891, 53.56013], [-113.502941, 53.56075], [-113.50321, 53.56171], [-113.503253, 53.563074], [-113.50324, 53.56485], [-113.50308, 53.56586], [-113.50286, 53.56686], [-113.502841, 53.56775], [-113.50284, 53.56809], [-113.50285, 53.56941], [-113.50284, 53.57035], [-113.50153, 53.57034], [-113.50106, 53.57035], [-113.50104, 53.5714], [-113.50107, 53.57353], [-113.50107, 53.57478], [-113.501071, 53.5764], [-113.500328, 53.576728], [-113.500181, 53.57673], [-113.499041, 53.57673], [-113.49699, 53.57673], [-113.49555, 53.57673], [-113.493218, 53.576747], [-113.492891, 53.57675], [-113.49168, 53.57662], [-113.491191, 53.57662], [-113.489149, 53.57663], [-113.48733, 53.57664], [-113.486601, 53.57664], [-113.48423, 53.57664], [-113.48354, 53.57664], [-113.481219, 53.57665], [-113.48053, 53.57663], [-113.477971, 53.57673], [-113.477222, 53.576721], [-113.4753, 53.57672], [-113.473973, 53.57672], [-113.47175, 53.57672], [-113.47003, 53.57672], [-113.46824, 53.57672], [-113.46732, 53.576349], [-113.46732, 53.57617], [-113.467319, 53.57355], [-113.46732, 53.57323], [-113.467319, 53.57295], [-113.467299, 53.57094], [-113.466593, 53.570407], [-113.46611, 53.57041], [-113.46493, 53.5704], [-113.464039, 53.5704], [-113.463368, 53.57039], [-113.46304, 53.57039], [-113.461111, 53.5704], [-113.46089, 53.57066], [-113.459956, 53.570765], [-113.45977, 53.57078], [-113.45881, 53.57102], [-113.45961, 53.57099], [-113.46055, 53.57089], [-113.46094, 53.57077], [-113.460979, 53.5704], [-113.460351, 53.57034], [-113.45904, 53.57033], [-113.45851, 53.57033], [-113.45823, 53.57032], [-113.457021, 53.57032], [-113.45562, 53.57031], [-113.455029, 53.57031], [-113.453087, 53.570303], [-113.452499, 53.5703], [-113.451221, 53.57032], [-113.45064, 53.57038], [-113.450199, 53.57038], [-113.449289, 53.570389], [-113.448819, 53.57039], [-113.448019, 53.57039], [-113.44686, 53.57039], [-113.445936, 53.57039], [-113.445381, 53.57038], [-113.443999, 53.57037], [-113.442851, 53.57037], [-113.442509, 53.57037], [-113.442109, 53.57037], [-113.44071, 53.57038], [-113.439402, 53.570377], [-113.4364, 53.57037], [-113.435801, 53.57037], [-113.433781, 53.57037], [-113.43225, 53.57037], [-113.43199, 53.57037], [-113.43022, 53.57037], [-113.42881, 53.57037], [-113.42611, 53.57036], [-113.425399, 53.57036], [-113.424581, 53.570703], [-113.42458, 53.5719], [-113.4246, 53.573893], [-113.42464, 53.575462], [-113.42456, 53.5767], [-113.42456, 53.57835], [-113.422573, 53.57835], [-113.42151, 53.57835], [-113.41923, 53.57835], [-113.418387, 53.577989], [-113.41839, 53.57749], [-113.418401, 53.57654], [-113.418419, 53.5755], [-113.417791, 53.575077], [-113.41685, 53.57509], [-113.414933, 53.57509], [-113.41377, 53.57509], [-113.41183, 53.57509], [-113.41143, 53.57509], [-113.409159, 53.57509], [-113.40842, 53.57509], [-113.40607, 53.5751], [-113.4053, 53.5751], [-113.403001, 53.5751], [-113.402231, 53.5751], [-113.39991, 53.5751], [-113.39916, 53.57509], [-113.39688, 53.57509], [-113.39476, 53.57509], [-113.393679, 53.57509], [-113.392891, 53.57509], [-113.390417, 53.57508], [-113.389469, 53.57503], [-113.388941, 53.57474], [-113.388611, 53.57428], [-113.38861, 53.573888], [-113.3886, 53.57285], [-113.389289, 53.57233], [-113.389811, 53.57209]]}, "properties": {"route_id": "102", "route_short_name": "102", "route_long_name": "102 \u2014 Kingsway - Coliseum - Abbottsfield", "category": "Local Bus"}}, {"type": "Feature", "geometry": {"type": "LineString", "coordinates": [[-113.43073, 53.457106], [-113.4298, 53.45712], [-113.42867, 53.45722], [-113.42786, 53.45756], [-113.42792, 53.45779], [-113.428224, 53.458059], [-113.428311, 53.45818], [-113.42791, 53.459], [-113.42611, 53.45914], [-113.424802, 53.459248], [-113.42357, 53.45927], [-113.421101, 53.45926], [-113.420769, 53.45937], [-113.42076, 53.46026], [-113.42073, 53.46201], [-113.42072, 53.46234], [-113.42069, 53.46329], [-113.4206, 53.46384], [-113.42046, 53.4644], [-113.42025, 53.46499], [-113.42012, 53.46529], [-113.419969, 53.46558], [-113.41982, 53.46583], [-113.419529, 53.46627], [-113.41893, 53.46696], [-113.41825, 53.46756], [-113.41733, 53.46831], [-113.416539, 53.46907], [-113.41616, 53.46972], [-113.41605, 53.47006], [-113.417082, 53.470251], [-113.41843, 53.47046], [-113.42152, 53.47113], [-113.422128, 53.470839], [-113.42225, 53.47063], [-113.42298, 53.46975], [-113.424321, 53.46877], [-113.424901, 53.468361], [-113.42618, 53.4676], [-113.42708, 53.4674], [-113.428039, 53.46739], [-113.42923, 53.46741], [-113.430457, 53.467428], [-113.43087, 53.46744], [-113.43184, 53.46764], [-113.43236, 53.46787], [-113.432821, 53.4682], [-113.43308, 53.4685], [-113.43364, 53.46935], [-113.43386, 53.469898], [-113.43384, 53.47025], [-113.43343, 53.47099], [-113.433391, 53.47143], [-113.43358, 53.473039], [-113.43358, 53.47339], [-113.434232, 53.474409], [-113.436009, 53.4744], [-113.438191, 53.47438], [-113.438881, 53.47437], [-113.43941, 53.47436], [-113.44197, 53.474272], [-113.445109, 53.47421], [-113.446431, 53.474534], [-113.44642, 53.47481], [-113.44629, 53.4753], [-113.444609, 53.47699], [-113.444442, 53.477231], [-113.44434, 53.47769], [-113.4446, 53.47829], [-113.445341, 53.47901], [-113.445736, 53.479453], [-113.44579, 53.47954], [-113.446079, 53.48011], [-113.44645, 53.48116], [-113.446911, 53.48153], [-113.4475, 53.48171], [-113.44794, 53.48173], [-113.450329, 53.48149], [-113.453099, 53.481191], [-113.45438, 53.48105], [-113.45581, 53.4809], [-113.45654, 53.480815], [-113.45726, 53.48074], [-113.458111, 53.48051], [-113.45849, 53.48028], [-113.45882, 53.47983], [-113.458781, 53.47923], [-113.45862, 53.47881], [-113.458331, 53.47802], [-113.45826, 53.47757], [-113.45828, 53.47693], [-113.45841, 53.4763], [-113.458459, 53.47608], [-113.45875, 53.47493], [-113.45893, 53.47402], [-113.45901, 53.47362], [-113.459239, 53.47302], [-113.45996, 53.47214], [-113.46024, 53.47166], [-113.460309, 53.471189], [-113.460261, 53.47087], [-113.459921, 53.47024], [-113.45972, 53.47003], [-113.459231, 53.46967], [-113.45777, 53.46904], [-113.457419, 53.46892], [-113.45627, 53.46872], [-113.454873, 53.468567], [-113.45391, 53.46846], [-113.45262, 53.46833], [-113.45176, 53.46831], [-113.450989, 53.46829], [-113.44972, 53.46829], [-113.44901, 53.46829], [-113.447346, 53.468413], [-113.446439, 53.46855], [-113.44426, 53.46894], [-113.444159, 53.46899], [-113.44371, 53.46924], [-113.44339, 53.46964], [-113.44337, 53.4702], [-113.44355, 53.47077], [-113.44399, 53.47127], [-113.444249, 53.47145], [-113.445031, 53.47194], [-113.44589, 53.47259], [-113.446321, 53.47327], [-113.446429, 53.47418], [-113.445869, 53.474191], [-113.442224, 53.474266], [-113.440401, 53.47425], [-113.43913, 53.47423], [-113.438151, 53.474282]]}, "properties": {"route_id": "527", "route_short_name": "527", "route_long_name": "527 \u2014 Mill Woods - Millbourne", "category": "Local Bus"}}, {"type": "Feature", "geometry": {"type": "LineString", "coordinates": [[-113.489688, 53.61823], [-113.48909, 53.6181], [-113.48954, 53.61766], [-113.49114, 53.61766], [-113.492011, 53.61728], [-113.49206, 53.61521], [-113.492049, 53.61468], [-113.492049, 53.61405], [-113.49206, 53.61303], [-113.492, 53.61139], [-113.491999, 53.61017], [-113.49199, 53.60675], [-113.491989, 53.60508], [-113.49201, 53.60411], [-113.49204, 53.60329], [-113.49208, 53.60231], [-113.49212, 53.6014], [-113.49214, 53.60095], [-113.492, 53.60081], [-113.49198, 53.60044], [-113.491621, 53.60031], [-113.49118, 53.60003], [-113.490549, 53.59994], [-113.48943, 53.59994], [-113.48846, 53.59993], [-113.488349, 53.59985], [-113.48871, 53.59977], [-113.489559, 53.59961], [-113.490411, 53.59954], [-113.49118, 53.59951], [-113.492029, 53.59948], [-113.49217, 53.599], [-113.492119, 53.59802], [-113.49209, 53.59758], [-113.4921, 53.59723], [-113.49211, 53.59618], [-113.491989, 53.59588], [-113.492, 53.59562], [-113.492, 53.5946], [-113.492031, 53.59333], [-113.492021, 53.5929], [-113.49202, 53.59254], [-113.49203, 53.59204], [-113.49203, 53.59149], [-113.49203, 53.59049], [-113.492039, 53.58959], [-113.49207, 53.5889], [-113.49208, 53.58846], [-113.492091, 53.58769], [-113.492081, 53.58689], [-113.49208, 53.58661], [-113.49207, 53.5856], [-113.49207, 53.58479], [-113.49207, 53.584], [-113.49206, 53.58346], [-113.49206, 53.58278], [-113.49207, 53.5822], [-113.49215, 53.58148], [-113.4923, 53.58042], [-113.49232, 53.57893], [-113.492279, 53.57673], [-113.49229, 53.57624], [-113.4923, 53.57511], [-113.4923, 53.5735], [-113.49232, 53.57155], [-113.49231, 53.57117], [-113.49224, 53.57082], [-113.49206, 53.57037], [-113.491922, 53.570036], [-113.491891, 53.56987], [-113.491921, 53.56963], [-113.49194, 53.56915], [-113.49192, 53.56804], [-113.49191, 53.56698], [-113.491899, 53.56575], [-113.49188, 53.56361], [-113.49187, 53.56212], [-113.491861, 53.56053], [-113.49188, 53.55968], [-113.491901, 53.55922], [-113.49191, 53.5587], [-113.49193, 53.5585], [-113.49195, 53.55824], [-113.491911, 53.55788], [-113.4918, 53.55755], [-113.49141, 53.55659], [-113.49105, 53.55573], [-113.49066, 53.55478], [-113.49021, 53.55373], [-113.48993, 53.55306], [-113.489671, 53.55238], [-113.489511, 53.55201], [-113.489262, 53.551448], [-113.4891, 53.55105], [-113.48873, 53.55019], [-113.488361, 53.54927], [-113.48802, 53.54846], [-113.48762, 53.5475], [-113.48743, 53.54703], [-113.48827, 53.546429], [-113.488649, 53.54636], [-113.489549, 53.54629], [-113.492211, 53.54617], [-113.493681, 53.54615], [-113.49376, 53.544806], [-113.49376, 53.54452], [-113.49376, 53.54264], [-113.493721, 53.54216], [-113.493719, 53.541], [-113.495157, 53.540969], [-113.49535, 53.54097], [-113.496311, 53.54092], [-113.496796, 53.54092], [-113.49845, 53.54093], [-113.500263, 53.54093], [-113.50075, 53.54093], [-113.502051, 53.54093], [-113.50392, 53.54094], [-113.50478, 53.54061], [-113.50478, 53.54035], [-113.50478, 53.53997], [-113.50476, 53.53883], [-113.50477, 53.53822], [-113.504759, 53.53711], [-113.50464, 53.53677], [-113.50407, 53.53621], [-113.50438, 53.53577], [-113.50464, 53.53625]]}, "properties": {"route_id": "120X", "route_short_name": "120X", "route_long_name": "120X \u2014 Eaux Claires - Government Centre", "category": "Local Bus"}}, {"type": "Feature", "geometry": {"type": "LineString", "coordinates": [[-113.516551, 53.486249], [-113.51651, 53.48732], [-113.51638, 53.48787], [-113.51564, 53.48816], [-113.51473, 53.48816], [-113.513252, 53.488171], [-113.51097, 53.48819], [-113.50952, 53.48818], [-113.508988, 53.48819], [-113.50747, 53.4882], [-113.506101, 53.4882], [-113.504369, 53.4882], [-113.50437, 53.487874], [-113.50434, 53.48684], [-113.50441, 53.48613], [-113.504417, 53.484507], [-113.5044, 53.48311], [-113.50437, 53.48172], [-113.50435, 53.48082], [-113.502325, 53.480478], [-113.50042, 53.48016], [-113.5008, 53.47924], [-113.50144, 53.47862], [-113.500973, 53.478322], [-113.50054, 53.47812], [-113.49913, 53.47801], [-113.4981, 53.478], [-113.4975, 53.47799], [-113.49602, 53.47796], [-113.49568, 53.47718], [-113.49568, 53.47588], [-113.4939, 53.47589], [-113.493046, 53.47589], [-113.49279, 53.47611], [-113.494559, 53.47589], [-113.49568, 53.47561], [-113.49534, 53.47433], [-113.495331, 53.473819], [-113.49547, 53.47358], [-113.49568, 53.47208], [-113.49483, 53.47127], [-113.494831, 53.47106], [-113.495699, 53.47109], [-113.495699, 53.47019], [-113.4957, 53.46909], [-113.4957, 53.46874], [-113.4957, 53.46769], [-113.4957, 53.46719], [-113.4957, 53.46668], [-113.495481, 53.46629], [-113.494991, 53.46622], [-113.49419, 53.46628], [-113.493381, 53.46623], [-113.492881, 53.46623]]}, "properties": {"route_id": "704", "route_short_name": "704", "route_long_name": "704 \u2014 Southgate - Southpark", "category": "Local Bus"}}, {"type": "Feature", "geometry": {"type": "LineString", "coordinates": [[-113.580785, 53.455618], [-113.579909, 53.4554], [-113.57925, 53.45528], [-113.57892, 53.45514], [-113.57901, 53.45481], [-113.57988, 53.45499], [-113.580591, 53.45516], [-113.582239, 53.45561], [-113.5845, 53.45628], [-113.58645, 53.45689], [-113.58763, 53.45723], [-113.58801, 53.45746], [-113.588124, 53.458024], [-113.58808, 53.45822], [-113.587859, 53.45937], [-113.587679, 53.46008], [-113.58734, 53.46087], [-113.58702, 53.46143], [-113.58662, 53.46199], [-113.58582, 53.46302], [-113.58489, 53.46415], [-113.58389, 53.46529], [-113.58309, 53.46609], [-113.58231, 53.46679], [-113.58158, 53.46744], [-113.581151, 53.46787], [-113.580711, 53.46837], [-113.580339, 53.4689], [-113.580123, 53.469263], [-113.57972, 53.46998], [-113.57882, 53.47144], [-113.57787, 53.47267], [-113.57684, 53.47395], [-113.57615, 53.47461], [-113.57507, 53.4755], [-113.574401, 53.47617], [-113.57385, 53.47689], [-113.573691, 53.47713], [-113.57307, 53.47816], [-113.57253, 53.47896], [-113.57206, 53.47959], [-113.5715, 53.48021], [-113.57085, 53.48086], [-113.570249, 53.4814], [-113.569769, 53.48178], [-113.569269, 53.48206], [-113.568799, 53.48221], [-113.56806, 53.48231], [-113.5669, 53.48234], [-113.56579, 53.48241], [-113.56427, 53.48241], [-113.556271, 53.48244], [-113.55317, 53.48245], [-113.550739, 53.48251], [-113.54854, 53.48263], [-113.54737, 53.48261], [-113.54588, 53.48264], [-113.54324, 53.48262], [-113.54107, 53.48262], [-113.541079, 53.48352], [-113.541091, 53.48431], [-113.54108, 53.48724], [-113.54108, 53.48793], [-113.54108, 53.48838], [-113.541079, 53.48897], [-113.54108, 53.4903], [-113.541081, 53.49151], [-113.54109, 53.49738], [-113.541071, 53.49829], [-113.541011, 53.49924], [-113.54101, 53.49996], [-113.54103, 53.50137], [-113.541, 53.50204], [-113.54082, 53.5025], [-113.5405, 53.50288], [-113.540089, 53.50319], [-113.539169, 53.50365], [-113.538589, 53.50391], [-113.5378, 53.50424], [-113.5371, 53.50448], [-113.53635, 53.50468], [-113.535469, 53.50487], [-113.53481, 53.50503], [-113.534129, 53.50528], [-113.533559, 53.50558], [-113.532819, 53.50612], [-113.531989, 53.50675], [-113.531399, 53.50654], [-113.53131, 53.5056], [-113.53133, 53.50493], [-113.529351, 53.50493], [-113.529119, 53.50484], [-113.529111, 53.50387], [-113.52867, 53.50366], [-113.528669, 53.50356], [-113.52867, 53.502968], [-113.529099, 53.50217], [-113.52901, 53.50194], [-113.52846, 53.50191], [-113.52777, 53.50189], [-113.5269, 53.50181], [-113.52555, 53.50177], [-113.52297, 53.50176], [-113.52275, 53.50323], [-113.52275, 53.50494], [-113.52282, 53.50607], [-113.52321, 53.50676], [-113.52408, 53.50774], [-113.524529, 53.50824], [-113.52526, 53.50905], [-113.52562, 53.50963], [-113.525711, 53.50992], [-113.52575, 53.51043], [-113.525761, 53.51179], [-113.52573, 53.51335], [-113.525711, 53.51436], [-113.52572, 53.51533], [-113.52569, 53.51618], [-113.525621, 53.51663], [-113.525571, 53.51786], [-113.525541, 53.518362], [-113.52556, 53.51935], [-113.525576, 53.51981], [-113.52563, 53.52076], [-113.525635, 53.521383], [-113.52564, 53.522356], [-113.525661, 53.52317], [-113.525671, 53.52415], [-113.525638, 53.524644], [-113.52555, 53.5248], [-113.525019, 53.52481], [-113.52376, 53.52481], [-113.5227, 53.5248], [-113.522459, 53.52491], [-113.521184, 53.524893]]}, "properties": {"route_id": "031", "route_short_name": "031", "route_long_name": "031 \u2014 Leger - University", "category": "Local Bus"}}, {"type": "Feature", "geometry": {"type": "LineString", "coordinates": [[-113.51651, 53.6169], [-113.51705, 53.61686], [-113.51702, 53.61628], [-113.516821, 53.61512], [-113.51689, 53.61463], [-113.51702, 53.61444], [-113.5172, 53.61433], [-113.5175, 53.61427], [-113.51881, 53.61424], [-113.520021, 53.61425], [-113.520891, 53.614296], [-113.521589, 53.61437], [-113.52293, 53.61461], [-113.524021, 53.61492], [-113.52559, 53.61557], [-113.52682, 53.61613], [-113.52726, 53.6163], [-113.52805, 53.61655], [-113.52921, 53.61682], [-113.53017, 53.61696], [-113.531044, 53.617021], [-113.532549, 53.61703], [-113.53692, 53.61703], [-113.538708, 53.61703], [-113.54003, 53.61702], [-113.54064, 53.61709], [-113.54112, 53.61741], [-113.54112, 53.61809], [-113.541093, 53.620592], [-113.54108, 53.62197], [-113.5411, 53.62304], [-113.541108, 53.624115], [-113.54109, 53.62691], [-113.54108, 53.62796], [-113.54107, 53.62856], [-113.54108, 53.62923], [-113.541089, 53.629483], [-113.541099, 53.62993], [-113.541111, 53.6307], [-113.54112, 53.63096], [-113.54115, 53.63141], [-113.54126, 53.63199], [-113.5402, 53.63218], [-113.538417, 53.632225], [-113.5372, 53.63231], [-113.535474, 53.633001], [-113.535031, 53.63341], [-113.53484, 53.634355], [-113.534821, 53.6352], [-113.534681, 53.63595], [-113.534199, 53.63655], [-113.53368, 53.6369], [-113.53263, 53.63746], [-113.532099, 53.63764], [-113.531041, 53.6378], [-113.528993, 53.637827], [-113.527091, 53.63786], [-113.52523, 53.63756], [-113.524969, 53.63703], [-113.524467, 53.636229], [-113.523551, 53.63506], [-113.522917, 53.634233], [-113.522591, 53.63371], [-113.520511, 53.633789], [-113.51833, 53.63348], [-113.517987, 53.633408], [-113.51655, 53.63337], [-113.516539, 53.63405], [-113.51652, 53.63496], [-113.51651, 53.63596], [-113.51651, 53.636574], [-113.516509, 53.63772], [-113.51652, 53.63811], [-113.516521, 53.63886], [-113.516501, 53.63954], [-113.515903, 53.63975], [-113.514939, 53.63975], [-113.512639, 53.63975], [-113.511663, 53.63975], [-113.510081, 53.63977], [-113.50888, 53.63992], [-113.50803, 53.6401], [-113.507239, 53.640294], [-113.50678, 53.64039], [-113.50571, 53.6405], [-113.50506, 53.6405], [-113.50432, 53.64041], [-113.50335, 53.64018], [-113.502677, 53.639977], [-113.50197, 53.63978], [-113.50072, 53.63948], [-113.499729, 53.63929], [-113.499339, 53.63922], [-113.49816, 53.63905], [-113.496159, 53.63872], [-113.49545, 53.63861], [-113.49428, 53.63847], [-113.49279, 53.63841], [-113.492381, 53.63835], [-113.49219, 53.63826], [-113.492039, 53.63806], [-113.49204, 53.63753], [-113.49204, 53.63546], [-113.49204, 53.63295], [-113.49202, 53.63119], [-113.491999, 53.63031], [-113.492, 53.62985], [-113.492001, 53.62933], [-113.49199, 53.62879], [-113.491989, 53.62812], [-113.491991, 53.627959], [-113.491999, 53.62591], [-113.49199, 53.62478], [-113.492, 53.62318], [-113.49199, 53.62173], [-113.49199, 53.620606], [-113.49199, 53.62025], [-113.492, 53.61906], [-113.492, 53.61808], [-113.49114, 53.61766], [-113.48954, 53.61766], [-113.48909, 53.6181], [-113.489767, 53.61823]]}, "properties": {"route_id": "112", "route_short_name": "112", "route_long_name": "112 \u2014 Castle Downs - Eaux Claires", "category": "Local Bus"}}, {"type": "Feature", "geometry": {"type": "LineString", "coordinates": [[-113.51613, 53.457661], [-113.51581, 53.45797], [-113.51548, 53.45805], [-113.51536, 53.45745], [-113.515521, 53.45644], [-113.51613, 53.45646], [-113.51664, 53.45589], [-113.51664, 53.45516], [-113.51665, 53.45456], [-113.51663, 53.45405], [-113.516619, 53.45382], [-113.516611, 53.45314], [-113.51658, 53.45235], [-113.51649, 53.45086], [-113.51645, 53.44975], [-113.51644, 53.44878], [-113.516411, 53.44756], [-113.51645, 53.4467], [-113.51663, 53.4461], [-113.516909, 53.44539], [-113.517519, 53.44389], [-113.517889, 53.44284], [-113.518077, 53.442111], [-113.51813, 53.44184], [-113.51829, 53.44087], [-113.51835, 53.44021], [-113.51837, 53.43972], [-113.51837, 53.439099], [-113.51839, 53.43863], [-113.51851, 53.43811], [-113.518751, 53.43749], [-113.51922, 53.43644], [-113.51945, 53.43604], [-113.5196, 53.43584], [-113.5198, 53.4357], [-113.52029, 53.43554], [-113.52229, 53.43522], [-113.52304, 53.43513], [-113.524109, 53.43508], [-113.52697, 53.43507], [-113.52904, 53.43504], [-113.530001, 53.43497], [-113.53126, 53.43495], [-113.532861, 53.43489], [-113.53471, 53.43477], [-113.537159, 53.43452], [-113.5388, 53.4343], [-113.541041, 53.43392], [-113.54208, 53.4337], [-113.54473, 53.43309], [-113.54639, 53.43263], [-113.54947, 53.43172], [-113.55271, 53.43076], [-113.554431, 53.43027], [-113.55614, 53.42984], [-113.55779, 53.42949], [-113.55921, 53.42924], [-113.5609, 53.42899], [-113.56239, 53.42882], [-113.56389, 53.4287], [-113.56556, 53.4286], [-113.56742, 53.42856], [-113.56892, 53.42857], [-113.570631, 53.42869], [-113.57231, 53.42884], [-113.57443, 53.42914], [-113.57573, 53.4294], [-113.57679, 53.42977], [-113.57754, 53.4302], [-113.578199, 53.43075], [-113.57865, 53.43125], [-113.579151, 53.43164], [-113.579949, 53.43211], [-113.58091, 53.43176], [-113.582489, 53.43088], [-113.5834, 53.43038], [-113.58452, 53.42974], [-113.58532, 53.42931], [-113.586459, 53.42866], [-113.58708, 53.42827], [-113.58787, 53.42767], [-113.58848, 53.42714], [-113.589049, 53.42655], [-113.5893, 53.42618], [-113.58957, 53.42557], [-113.58999, 53.42484], [-113.590861, 53.42296], [-113.591369, 53.42216], [-113.59172, 53.42182], [-113.592969, 53.42113], [-113.595725, 53.419838], [-113.597841, 53.41838], [-113.598761, 53.41749], [-113.59911, 53.4171], [-113.601332, 53.414212], [-113.603089, 53.4122], [-113.603558, 53.41108], [-113.60245, 53.41043], [-113.60087, 53.40988], [-113.60093, 53.40954], [-113.600769, 53.4086], [-113.60149, 53.40757], [-113.603031, 53.40719], [-113.60523, 53.40716], [-113.605941, 53.40719], [-113.60717, 53.40775], [-113.607399, 53.40848], [-113.607491, 53.40984], [-113.607799, 53.41046], [-113.60875, 53.4104], [-113.60912, 53.41033], [-113.610479, 53.41031], [-113.6119, 53.41037], [-113.61338, 53.41033], [-113.613659, 53.41039], [-113.62652, 53.41037], [-113.62755, 53.410374], [-113.63173, 53.41035], [-113.636491, 53.41057], [-113.636491, 53.4113], [-113.636501, 53.41222], [-113.636299, 53.41255], [-113.636489, 53.41285], [-113.636492, 53.413258], [-113.63641, 53.41525], [-113.6363, 53.41542], [-113.63639, 53.41563], [-113.63646, 53.4158], [-113.636451, 53.41599], [-113.63641, 53.41896], [-113.63621, 53.41933], [-113.63635, 53.41949], [-113.636358, 53.419788], [-113.636309, 53.42107], [-113.63213, 53.42112], [-113.63062, 53.4211], [-113.62895, 53.4211], [-113.62714, 53.42111], [-113.621521, 53.42071], [-113.62151, 53.42008], [-113.620678, 53.418904], [-113.61999, 53.41847], [-113.618919, 53.41754], [-113.61893, 53.41624], [-113.618119, 53.41572], [-113.61577, 53.41612], [-113.61576, 53.42107], [-113.61567, 53.4221], [-113.615601, 53.42245], [-113.61537, 53.42313], [-113.61495, 53.42432], [-113.614839, 53.42476], [-113.61472, 53.42504], [-113.61466, 53.42544], [-113.61468, 53.42739], [-113.6147, 53.42858], [-113.61471, 53.42971], [-113.6147, 53.43108], [-113.61466, 53.432], [-113.6145, 53.4329], [-113.614309, 53.43364], [-113.614161, 53.4341], [-113.61391, 53.43466], [-113.61342, 53.43546], [-113.613159, 53.43583], [-113.612831, 53.43624], [-113.61225, 53.43685], [-113.61101, 53.43804], [-113.61009, 53.43889], [-113.60926, 53.43962], [-113.608061, 53.44044], [-113.606461, 53.44143], [-113.60498, 53.44233], [-113.604089, 53.44283], [-113.603179, 53.44324], [-113.60254, 53.44348], [-113.60157, 53.44379], [-113.59999, 53.44425], [-113.59824, 53.44477], [-113.59639, 53.44533], [-113.595081, 53.44576], [-113.594, 53.44624], [-113.593051, 53.44679], [-113.59212, 53.4475], [-113.591421, 53.44819], [-113.5908, 53.44899], [-113.59032, 53.44968], [-113.589731, 53.45064], [-113.58931, 53.45134], [-113.589128, 53.452055], [-113.58908, 53.45253], [-113.58914, 53.45397], [-113.58881, 53.4557], [-113.588461, 53.45681], [-113.588131, 53.457], [-113.58767, 53.45702], [-113.58661, 53.4567], [-113.58401, 53.45593], [-113.583219, 53.45579], [-113.582031, 53.45555], [-113.58176, 53.45615], [-113.58139, 53.4561], [-113.581189, 53.45583], [-113.580461, 53.45554], [-113.57983, 53.45539]]}, "properties": {"route_id": "729", "route_short_name": "729", "route_long_name": "729 \u2014 Leger - Century Park", "category": "Local Bus"}}, {"type": "Feature", "geometry": {"type": "LineString", "coordinates": [[-113.66665, 53.523], [-113.66771, 53.52309], [-113.665781, 53.52323], [-113.66532, 53.52337], [-113.66361, 53.52329], [-113.66234, 53.52323], [-113.660979, 53.52305], [-113.659501, 53.52279], [-113.65868, 53.52265], [-113.65749, 53.52244], [-113.656709, 53.52225], [-113.65601, 53.522], [-113.65578, 53.52177], [-113.65575, 53.52153], [-113.65593, 53.52124], [-113.65632, 53.52094], [-113.65684, 53.52076], [-113.65739, 53.52072], [-113.65781, 53.52082], [-113.6582, 53.52103], [-113.65842, 53.52125], [-113.65857, 53.52153], [-113.65866, 53.52211], [-113.65868, 53.52279], [-113.65873, 53.52429], [-113.65875, 53.52557], [-113.658769, 53.52596], [-113.65887, 53.52695], [-113.65882, 53.52855], [-113.65882, 53.53053], [-113.658671, 53.5317], [-113.65864, 53.53195], [-113.658609, 53.53235], [-113.65858, 53.53285], [-113.65854, 53.53335], [-113.658509, 53.53355], [-113.65831, 53.53393], [-113.65789, 53.53445], [-113.657221, 53.53492], [-113.65607, 53.53549], [-113.65473, 53.53606], [-113.65351, 53.5364], [-113.652519, 53.53656], [-113.65158, 53.53664], [-113.65024, 53.53674], [-113.649349, 53.53683], [-113.64786, 53.53695], [-113.64595, 53.5371], [-113.64344, 53.5373], [-113.64141, 53.53743], [-113.640271, 53.53749], [-113.63981, 53.53787], [-113.63981, 53.53807], [-113.63982, 53.5387], [-113.639829, 53.54026], [-113.639839, 53.54067], [-113.639641, 53.541], [-113.63928, 53.54114], [-113.638616, 53.54118], [-113.638351, 53.54118], [-113.63629, 53.54122], [-113.63231, 53.54123], [-113.63155, 53.54123], [-113.62889, 53.54123], [-113.626573, 53.541209], [-113.62574, 53.54121], [-113.62405, 53.54129], [-113.622799, 53.54162], [-113.6228, 53.541898], [-113.6228, 53.54277], [-113.622471, 53.5433], [-113.62227, 53.5433], [-113.620641, 53.54331], [-113.61964, 53.54348], [-113.61904, 53.54369], [-113.61836, 53.54412], [-113.61816, 53.54433], [-113.61787, 53.54493], [-113.617405, 53.54528], [-113.616469, 53.54529], [-113.61615, 53.54475], [-113.616039, 53.54412], [-113.616, 53.54352], [-113.61617, 53.54303], [-113.61661, 53.5424], [-113.61685, 53.54185], [-113.616891, 53.5409], [-113.6169, 53.53989], [-113.61641, 53.53929], [-113.616251, 53.53929], [-113.61562, 53.53929], [-113.614201, 53.53928], [-113.61383, 53.53928], [-113.61287, 53.53929], [-113.61198, 53.53929], [-113.61111, 53.53929], [-113.60931, 53.53929], [-113.609301, 53.54014], [-113.609301, 53.54062], [-113.6093, 53.54084], [-113.609029, 53.54125], [-113.60748, 53.54131], [-113.60687, 53.54131], [-113.60452, 53.54131], [-113.60375, 53.54131], [-113.60227, 53.54131], [-113.60086, 53.54131], [-113.599961, 53.54131], [-113.599179, 53.5413], [-113.598191, 53.5413], [-113.59738, 53.5413], [-113.595005, 53.5413], [-113.59456, 53.5413], [-113.593199, 53.5413], [-113.59219, 53.5413], [-113.591821, 53.5413]]}, "properties": {"route_id": "912", "route_short_name": "912", "route_long_name": "912 \u2014 Lewis Farms - Jasper Place", "category": "Local Bus"}}, {"type": "Feature", "geometry": {"type": "LineString", "coordinates": [[-113.621357, 53.52486], [-113.622531, 53.52486], [-113.62403, 53.52503], [-113.6249, 53.52496], [-113.625819, 53.52487], [-113.62773, 53.5247], [-113.62987, 53.52467], [-113.6301, 53.52421], [-113.630198, 53.523433], [-113.63043, 53.52225], [-113.63057, 53.5214], [-113.63066, 53.52092], [-113.63069, 53.52054], [-113.63076, 53.51914], [-113.63074, 53.518605], [-113.63064, 53.51766], [-113.630493, 53.51683], [-113.63042, 53.51638], [-113.63032, 53.51581], [-113.630155, 53.514317], [-113.6301, 53.51364], [-113.63007, 53.51314], [-113.630039, 53.51234], [-113.63005, 53.51196], [-113.63011, 53.51095], [-113.63019, 53.510474], [-113.63027, 53.5099], [-113.630404, 53.509035], [-113.63062, 53.50811], [-113.630764, 53.507581], [-113.63092, 53.50699], [-113.63106, 53.50623], [-113.631151, 53.505523], [-113.63118, 53.50526], [-113.63124, 53.50446], [-113.63127, 53.50381], [-113.631229, 53.50307], [-113.63038, 53.50302], [-113.628759, 53.5032], [-113.6277, 53.50336], [-113.626808, 53.503507], [-113.62495, 53.50385], [-113.622966, 53.504183], [-113.61952, 53.50454]]}, "properties": {"route_id": "923", "route_short_name": "923", "route_long_name": "923 \u2014 West Edmonton Mall - Oleskiw", "category": "Local Bus"}}, {"type": "Feature", "geometry": {"type": "LineString", "coordinates": [[-113.587953, 53.57048], [-113.58939, 53.57047], [-113.59158, 53.57049], [-113.592521, 53.57051], [-113.59381, 53.57051], [-113.59462, 53.57051], [-113.59552, 53.57051], [-113.59701, 53.57051], [-113.59956, 53.5705], [-113.600821, 53.57049], [-113.60185, 53.57051], [-113.60435, 53.57051], [-113.60896, 53.5705], [-113.61273, 53.5705], [-113.61399, 53.5705], [-113.614641, 53.57055], [-113.61501, 53.57076], [-113.615181, 53.5711], [-113.61517, 53.57165], [-113.615171, 53.57303], [-113.61518, 53.57366], [-113.61656, 53.5736], [-113.61706, 53.57344], [-113.61855, 53.57298], [-113.6198, 53.57265], [-113.620889, 53.57236], [-113.6219, 53.57212], [-113.62314, 53.57191], [-113.62423, 53.57177], [-113.62542, 53.57168], [-113.626921, 53.57166], [-113.62847, 53.57176], [-113.630829, 53.57199], [-113.63163, 53.57207], [-113.63359, 53.57227], [-113.63896, 53.57281], [-113.639711, 53.57289], [-113.64286, 53.57319], [-113.645529, 53.57341], [-113.648151, 53.57354], [-113.64996, 53.57362], [-113.6526, 53.57368], [-113.656079, 53.57376], [-113.65759, 53.57379], [-113.65934, 53.57383], [-113.66027, 53.57385], [-113.66134, 53.57387], [-113.662319, 53.57391], [-113.66384, 53.57392], [-113.66566, 53.57391], [-113.66695, 53.57386], [-113.66856, 53.57375], [-113.670501, 53.57354], [-113.6727, 53.57321], [-113.67419, 53.57294], [-113.67618, 53.57256], [-113.677619, 53.57228], [-113.681429, 53.57155], [-113.68259, 53.57134], [-113.68517, 53.57093], [-113.687639, 53.57061], [-113.68901, 53.57046], [-113.690239, 53.57035], [-113.692901, 53.57017], [-113.695101, 53.57008], [-113.69745, 53.57004], [-113.69976, 53.57003], [-113.70503, 53.57], [-113.71125, 53.56996], [-113.713581, 53.56996], [-113.715871, 53.56994], [-113.71778, 53.56993], [-113.72341, 53.5699], [-113.74217, 53.5699], [-113.746479, 53.56991], [-113.75025, 53.56991], [-113.762769, 53.56991], [-113.763859, 53.56991], [-113.77694, 53.56991], [-113.78224, 53.56992], [-113.79185, 53.56993], [-113.79555, 53.57001], [-113.79881, 53.57011], [-113.80342, 53.57027], [-113.80909, 53.57044], [-113.81105, 53.57051], [-113.81776, 53.57073], [-113.82084, 53.57084], [-113.827021, 53.57104], [-113.83149, 53.57119], [-113.837819, 53.57135], [-113.846781, 53.57134], [-113.851729, 53.57128], [-113.857409, 53.57109], [-113.863379, 53.57081], [-113.87338, 53.57034], [-113.87555, 53.57031], [-113.877211, 53.57027], [-113.88004, 53.57022], [-113.88197, 53.57032], [-113.88381, 53.57046], [-113.88539, 53.57011], [-113.885391, 53.56931], [-113.885509, 53.56836], [-113.885501, 53.56719], [-113.88547, 53.56523], [-113.88464, 53.56516], [-113.8836, 53.56514], [-113.882851, 53.56529], [-113.882591, 53.56538], [-113.88188, 53.56578], [-113.88093, 53.56666], [-113.8797, 53.56702], [-113.87891, 53.56728], [-113.87863, 53.56742], [-113.87703, 53.56744], [-113.87688, 53.5672], [-113.88016, 53.56706], [-113.88128, 53.5666], [-113.88219, 53.56573], [-113.882389, 53.56561], [-113.883149, 53.56532], [-113.88393, 53.56517], [-113.88547, 53.56511], [-113.885471, 53.56429], [-113.88547, 53.56289], [-113.88547, 53.56155], [-113.88546, 53.55813], [-113.885779, 53.55785], [-113.887117, 53.55779], [-113.88908, 53.55779], [-113.892424, 53.557895], [-113.8957, 53.55796], [-113.896624, 53.55796], [-113.898811, 53.55796], [-113.902842, 53.55796], [-113.90592, 53.55796], [-113.90758, 53.55796], [-113.91078, 53.557966], [-113.91148, 53.55797], [-113.912591, 53.55809], [-113.91465, 53.55845], [-113.917667, 53.559001], [-113.918511, 53.55912], [-113.92113, 53.55934], [-113.92338, 53.55937], [-113.927989, 53.55941], [-113.929683, 53.559422], [-113.93453, 53.55943], [-113.93472, 53.55872], [-113.93473, 53.55802], [-113.934729, 53.55556], [-113.93473, 53.5544], [-113.934731, 53.55373], [-113.934729, 53.55168], [-113.934733, 53.549337], [-113.93473, 53.54848], [-113.93474, 53.54594], [-113.934739, 53.54517], [-113.93464, 53.54473], [-113.933381, 53.54468], [-113.93278, 53.54466], [-113.93197, 53.54456], [-113.93083, 53.54414], [-113.929798, 53.543654], [-113.928711, 53.54325], [-113.9277, 53.54312], [-113.927279, 53.54312], [-113.92568, 53.54312], [-113.92407, 53.54312], [-113.92323, 53.54318], [-113.92258, 53.543], [-113.92183, 53.54318], [-113.92154, 53.54317], [-113.91866, 53.54313], [-113.915931, 53.543142], [-113.91333, 53.5431], [-113.91248, 53.54285], [-113.911371, 53.54238], [-113.911089, 53.542325], [-113.91054, 53.5423], [-113.90974, 53.5423], [-113.908569, 53.54232], [-113.90777, 53.54232], [-113.906064, 53.54232], [-113.90486, 53.54233], [-113.904151, 53.54238], [-113.90212, 53.54256], [-113.90039, 53.54273], [-113.899401, 53.54274], [-113.89708, 53.54272], [-113.89505, 53.54274], [-113.89338, 53.54278], [-113.89228, 53.54311], [-113.8905, 53.54394], [-113.88987, 53.54417], [-113.889279, 53.54444], [-113.88879, 53.54458], [-113.88726, 53.54465], [-113.88548, 53.54467], [-113.884258, 53.544668], [-113.88328, 53.54462], [-113.87973, 53.54418], [-113.87941, 53.54441], [-113.879141, 53.54512], [-113.8791, 53.54575], [-113.879279, 53.54616], [-113.87975, 53.5469], [-113.880323, 53.547782], [-113.88061, 53.54837], [-113.88063, 53.54931], [-113.879969, 53.55021], [-113.880951, 53.55066], [-113.881285, 53.550702], [-113.88217, 53.55071], [-113.88214, 53.55169], [-113.881861, 53.55219], [-113.88043, 53.5532], [-113.879786, 53.553652], [-113.879459, 53.55396], [-113.879171, 53.55465], [-113.879059, 53.55558], [-113.878869, 53.55606], [-113.878539, 53.5564], [-113.877789, 53.55697], [-113.877624, 53.55716], [-113.8775, 53.55743], [-113.878498, 53.557694], [-113.8808, 53.55767], [-113.88333, 53.55774], [-113.883866, 53.557752], [-113.885009, 53.55789], [-113.88518, 53.55804], [-113.88526, 53.55958], [-113.885224, 53.562128], [-113.88521, 53.56289], [-113.88522, 53.56429], [-113.88498, 53.56496], [-113.88393, 53.56517], [-113.883431, 53.56516], [-113.882825, 53.565299], [-113.882331, 53.56551], [-113.881711, 53.56593], [-113.880509, 53.56688], [-113.878921, 53.567044], [-113.877713, 53.567175], [-113.87963, 53.56711], [-113.881031, 53.56676], [-113.88202, 53.56588], [-113.882359, 53.565629], [-113.88285, 53.56541], [-113.88371, 53.56524], [-113.884829, 53.56528], [-113.885279, 53.56579], [-113.88528, 53.56771], [-113.885081, 53.56838], [-113.884569, 53.56876], [-113.88361, 53.56901], [-113.88176, 53.56933], [-113.87914, 53.56962], [-113.875781, 53.56981], [-113.87288, 53.57006], [-113.86197, 53.57057], [-113.85749, 53.57077], [-113.85137, 53.57096], [-113.844239, 53.57106], [-113.83805, 53.57101], [-113.83091, 53.57083], [-113.82184, 53.57051], [-113.818431, 53.57039], [-113.81004, 53.57013], [-113.80889, 53.5701], [-113.803999, 53.56994], [-113.797649, 53.56974], [-113.79317, 53.56961], [-113.788769, 53.56958], [-113.77782, 53.56958], [-113.7715, 53.56958], [-113.76304, 53.56958], [-113.749341, 53.56958], [-113.73801, 53.56958], [-113.72297, 53.56956], [-113.71822, 53.56959], [-113.715619, 53.56961], [-113.71359, 53.56962], [-113.71182, 53.56962], [-113.709071, 53.56964], [-113.70666, 53.56965], [-113.703831, 53.56967], [-113.7001, 53.56969], [-113.696781, 53.56969], [-113.69476, 53.56975], [-113.6923, 53.56986], [-113.68989, 53.57004], [-113.689, 53.57012], [-113.68675, 53.57037], [-113.68385, 53.57078], [-113.68129, 53.57122], [-113.679179, 53.57163], [-113.67829, 53.5718], [-113.67699, 53.57205], [-113.67598, 53.57224], [-113.673839, 53.57265], [-113.6724, 53.57292], [-113.67138, 53.57309], [-113.67029, 53.57324], [-113.66938, 53.57335], [-113.668681, 53.57342], [-113.6678, 53.5735], [-113.66694, 53.57356], [-113.665861, 53.57362], [-113.66403, 53.57366], [-113.662359, 53.57364], [-113.66091, 53.57361], [-113.65931, 53.57357], [-113.658041, 53.57355], [-113.65698, 53.57352], [-113.654651, 53.57346], [-113.65302, 53.57343], [-113.65174, 53.5734], [-113.64935, 53.57333], [-113.647289, 53.57326], [-113.64514, 53.57314], [-113.64287, 53.57296], [-113.63977, 53.57268], [-113.638899, 53.57259], [-113.635951, 53.57229], [-113.632549, 53.57194], [-113.63153, 53.57184], [-113.630601, 53.57174], [-113.6288, 53.57154], [-113.627181, 53.57145], [-113.62545, 53.57147], [-113.62439, 53.57156], [-113.62304, 53.57175], [-113.622301, 53.57188], [-113.62105, 53.57211], [-113.616239, 53.57304], [-113.61517, 53.57327], [-113.61296, 53.57379], [-113.60919, 53.57474], [-113.60702, 53.57529], [-113.604459, 53.57594], [-113.59957, 53.57715], [-113.59684, 53.57778], [-113.59101, 53.57909], [-113.590339, 53.57924], [-113.58685, 53.58003], [-113.584391, 53.58058], [-113.58347, 53.58079], [-113.58256, 53.58097], [-113.580919, 53.58117], [-113.57933, 53.58124], [-113.5779, 53.58121], [-113.572449, 53.5812], [-113.568621, 53.58116], [-113.567561, 53.58116], [-113.565841, 53.58115], [-113.5642, 53.58113], [-113.56124, 53.58111], [-113.55683, 53.58108], [-113.55078, 53.58102], [-113.54702, 53.58097], [-113.54508, 53.58085], [-113.54333, 53.58073], [-113.542031, 53.58063], [-113.54079, 53.58055], [-113.539629, 53.58051], [-113.537321, 53.58052], [-113.53583, 53.58053], [-113.53174, 53.5806], [-113.53083, 53.58062], [-113.52964, 53.58064], [-113.527151, 53.58069], [-113.52563, 53.58071], [-113.523561, 53.58075], [-113.51912, 53.58084], [-113.51766, 53.58099], [-113.51622, 53.58132], [-113.514769, 53.58167], [-113.51354, 53.58184], [-113.51224, 53.58184], [-113.51096, 53.58168], [-113.50919, 53.5814], [-113.50825, 53.58131], [-113.506799, 53.5813], [-113.505709, 53.58114], [-113.50527, 53.58054], [-113.50515, 53.5776], [-113.50511, 53.5752], [-113.504631, 53.57461], [-113.5036, 53.57378], [-113.50337, 53.57292], [-113.50333, 53.57195], [-113.50314, 53.57118], [-113.503011, 53.57023], [-113.50301, 53.56904], [-113.50301, 53.56774], [-113.503029, 53.56722], [-113.50317, 53.56633], [-113.50333, 53.56543], [-113.50345, 53.56324], [-113.503439, 53.562243], [-113.503291, 53.56129], [-113.503089, 53.56029], [-113.50314, 53.55946], [-113.50301, 53.55882], [-113.50203, 53.55884], [-113.501079, 53.55885]]}, "properties": {"route_id": "560", "route_short_name": "560", "route_long_name": "560 \u2014 Spruce Grove - Downtown Edmonton", "category": "Local Bus"}}, {"type": "Feature", "geometry": {"type": "LineString", "coordinates": [[-113.621357, 53.52486], [-113.622531, 53.52486], [-113.62403, 53.52503], [-113.6249, 53.52496], [-113.625819, 53.52487], [-113.62773, 53.5247], [-113.62987, 53.52467], [-113.6301, 53.52421], [-113.630198, 53.523433], [-113.63043, 53.52225], [-113.63057, 53.5214], [-113.63066, 53.52092], [-113.63069, 53.52054], [-113.63076, 53.51914], [-113.63074, 53.518605], [-113.63064, 53.51766], [-113.630493, 53.51683], [-113.63042, 53.51638], [-113.63032, 53.51581], [-113.630155, 53.514317], [-113.6301, 53.51364], [-113.63007, 53.51314], [-113.630039, 53.51234], [-113.63005, 53.51196], [-113.63011, 53.51095], [-113.63019, 53.510474], [-113.63027, 53.5099], [-113.630404, 53.509035], [-113.63062, 53.50811], [-113.630764, 53.507581], [-113.63092, 53.50699], [-113.63106, 53.50623], [-113.631151, 53.505523], [-113.63118, 53.50526], [-113.63124, 53.50446], [-113.63127, 53.50381], [-113.631229, 53.50307], [-113.63114, 53.50231], [-113.631049, 53.50176], [-113.63099, 53.50146], [-113.63081, 53.50073], [-113.63057, 53.49992], [-113.630298, 53.49908], [-113.630111, 53.49846], [-113.62981, 53.49745], [-113.629708, 53.497083], [-113.629631, 53.4968], [-113.62936, 53.49585], [-113.629291, 53.49554], [-113.62915, 53.4949], [-113.62909, 53.49451], [-113.62911, 53.49418], [-113.629279, 53.49319], [-113.62936, 53.49293], [-113.62977, 53.49206], [-113.630291, 53.49127], [-113.63094, 53.49053], [-113.63156, 53.48995], [-113.632399, 53.48928], [-113.633231, 53.4888], [-113.633718, 53.488564], [-113.634469, 53.48826], [-113.637519, 53.48712], [-113.63841, 53.48679], [-113.640252, 53.486105], [-113.641401, 53.48568], [-113.641979, 53.48548], [-113.643089, 53.48516], [-113.644098, 53.484922], [-113.64481, 53.48476], [-113.645699, 53.48455], [-113.646249, 53.48443], [-113.64743, 53.48412], [-113.64822, 53.48384], [-113.648725, 53.484277], [-113.64886, 53.48554], [-113.64761, 53.48567], [-113.64733, 53.4858], [-113.64666, 53.48622], [-113.646441, 53.48672], [-113.646452, 53.486961], [-113.64647, 53.48776], [-113.647879, 53.48839], [-113.64901, 53.48835], [-113.65017, 53.48836], [-113.65096, 53.48866], [-113.65115, 53.48881], [-113.6514, 53.48935], [-113.651393, 53.489869], [-113.6514, 53.49024], [-113.65132, 53.49104], [-113.651219, 53.49118], [-113.65041, 53.49177], [-113.648892, 53.492381], [-113.648401, 53.49258], [-113.647489, 53.49309], [-113.64662, 53.4933], [-113.645679, 53.49328], [-113.64404, 53.49273], [-113.64298, 53.49232], [-113.641381, 53.4918], [-113.63973, 53.491683], [-113.63887, 53.49163], [-113.63758, 53.49168], [-113.637068, 53.491777], [-113.636109, 53.49203], [-113.63504, 53.49252], [-113.633692, 53.493117], [-113.6329, 53.49336], [-113.63098, 53.4936], [-113.630543, 53.493592], [-113.629136, 53.49387], [-113.62909, 53.49451], [-113.62906, 53.4949], [-113.629089, 53.49546], [-113.62919, 53.49606], [-113.62941, 53.49671], [-113.629495, 53.496963], [-113.62959, 53.49732], [-113.62978, 53.49799], [-113.630292, 53.49965], [-113.630369, 53.49989], [-113.630539, 53.50044], [-113.63068, 53.50094], [-113.630809, 53.50146], [-113.63087, 53.50178], [-113.631, 53.50263], [-113.63105, 53.50309], [-113.631061, 53.50394], [-113.631042, 53.504299], [-113.63098, 53.50474], [-113.63091, 53.50551], [-113.63088, 53.50579], [-113.63077, 53.50649], [-113.630529, 53.5075], [-113.63029, 53.50848], [-113.63017, 53.50913], [-113.630022, 53.509966], [-113.62995, 53.51067], [-113.62991, 53.51108], [-113.62985, 53.51195], [-113.629849, 53.51235], [-113.62987, 53.51312], [-113.629901, 53.513566], [-113.629981, 53.5146], [-113.630059, 53.51527], [-113.630239, 53.51639], [-113.63037, 53.5171], [-113.630461, 53.51765], [-113.63055, 53.51858], [-113.63057, 53.519422], [-113.63055, 53.51998], [-113.63046, 53.52079], [-113.630289, 53.52172], [-113.630252, 53.521922], [-113.63005, 53.5229], [-113.62992, 53.52375], [-113.62987, 53.52467], [-113.62773, 53.5247], [-113.625819, 53.52487], [-113.6249, 53.52496], [-113.62403, 53.52503], [-113.62344, 53.52524], [-113.62254, 53.52519], [-113.62194, 53.52519], [-113.62122, 53.52519], [-113.6207, 53.52519], [-113.620261, 53.52507], [-113.621357, 53.52486]]}, "properties": {"route_id": "913", "route_short_name": "913", "route_long_name": "913 \u2014 West Edmonton Mall - Jamieson Place", "category": "Local Bus"}}, {"type": "Feature", "geometry": {"type": "LineString", "coordinates": [[-113.367719, 53.478321], [-113.367689, 53.4781], [-113.36786, 53.47799], [-113.36854, 53.47823], [-113.36866, 53.47928], [-113.36867, 53.48016], [-113.368641, 53.48151], [-113.368599, 53.48215], [-113.368569, 53.48285], [-113.36859, 53.48348], [-113.36872, 53.48461], [-113.36877, 53.48526], [-113.368793, 53.485762], [-113.36882, 53.48638], [-113.36888, 53.48687], [-113.368949, 53.4872], [-113.368991, 53.48807], [-113.36901, 53.48892], [-113.36903, 53.48999], [-113.369081, 53.49165], [-113.369119, 53.49392], [-113.36916, 53.49587], [-113.36919, 53.49756], [-113.36921, 53.49962], [-113.3692, 53.50058], [-113.36922, 53.50228], [-113.36812, 53.50306], [-113.36724, 53.50307], [-113.36595, 53.50286], [-113.365599, 53.502484], [-113.365631, 53.5015], [-113.364419, 53.50096], [-113.36382, 53.50084], [-113.363974, 53.50064], [-113.36472, 53.49979], [-113.364744, 53.499316], [-113.36574, 53.49932], [-113.36689, 53.49961], [-113.367498, 53.49961], [-113.369209, 53.49984], [-113.36921, 53.50122], [-113.369229, 53.50305], [-113.36923, 53.50351], [-113.36923, 53.50454], [-113.369271, 53.50626], [-113.36927, 53.50701], [-113.36928, 53.50829], [-113.369284, 53.509214], [-113.36929, 53.50981], [-113.3693, 53.51081], [-113.3701, 53.51217], [-113.370624, 53.51218], [-113.37446, 53.51221], [-113.376489, 53.51223], [-113.38006, 53.51226], [-113.382465, 53.512279], [-113.38431, 53.51229], [-113.38678, 53.51231], [-113.389219, 53.512326], [-113.395015, 53.512374], [-113.397901, 53.51238], [-113.398611, 53.51238], [-113.400059, 53.51238], [-113.40127, 53.51238], [-113.402018, 53.51238], [-113.403029, 53.51238], [-113.404011, 53.51238], [-113.406219, 53.51237], [-113.407311, 53.51239], [-113.4091, 53.5124], [-113.410395, 53.512417], [-113.41183, 53.51243], [-113.41504, 53.51246], [-113.41646, 53.51247], [-113.417, 53.51247], [-113.41853, 53.51249], [-113.419374, 53.512485], [-113.42109, 53.51247], [-113.42242, 53.51246], [-113.423442, 53.512452], [-113.42395, 53.51245], [-113.428611, 53.51242], [-113.42925, 53.51227], [-113.43053, 53.51163], [-113.43061, 53.51137], [-113.430581, 53.51031], [-113.43057, 53.50985], [-113.43117, 53.5086], [-113.431695, 53.5086], [-113.43348, 53.5086], [-113.4343, 53.50837], [-113.435071, 53.50799], [-113.43645, 53.50722], [-113.4365, 53.50503], [-113.43815, 53.50503], [-113.4406, 53.50503], [-113.441219, 53.50502], [-113.44281, 53.50348], [-113.442821, 53.50256], [-113.442811, 53.50195], [-113.44305, 53.50154], [-113.443473, 53.501466], [-113.444989, 53.50141], [-113.44578, 53.50009], [-113.444991, 53.50017], [-113.444301, 53.50038]]}, "properties": {"route_id": "504", "route_short_name": "504", "route_long_name": "504 \u2014 Meadows - Davies", "category": "Local Bus"}}, {"type": "Feature", "geometry": {"type": "LineString", "coordinates": [[-113.422687, 53.538636], [-113.42318, 53.53866], [-113.42343, 53.53853], [-113.42339, 53.53832], [-113.421969, 53.53826], [-113.420889, 53.53804], [-113.41904, 53.53737], [-113.41845, 53.53741], [-113.41845, 53.537948], [-113.41845, 53.53841], [-113.418451, 53.539314], [-113.41845, 53.53968], [-113.41845, 53.54045], [-113.418451, 53.54108], [-113.41846, 53.54184], [-113.41846, 53.54229], [-113.41846, 53.54258], [-113.41803, 53.5447], [-113.416321, 53.5447], [-113.411291, 53.544998], [-113.41129, 53.54553], [-113.41128, 53.54743], [-113.41128, 53.548492], [-113.41127, 53.55062], [-113.411957, 53.55103], [-113.41314, 53.55103], [-113.415581, 53.55131], [-113.41699, 53.55141], [-113.4184, 53.55161], [-113.41841, 53.55187], [-113.417913, 53.5531], [-113.41747, 53.5531], [-113.41679, 53.55327], [-113.41626, 53.55381], [-113.415633, 53.554111], [-113.412941, 53.5541], [-113.41294, 53.55456], [-113.4132, 53.55499], [-113.41374, 53.55575], [-113.413769, 53.55758], [-113.41483, 53.55758], [-113.41768, 53.55757], [-113.419358, 53.55757], [-113.42137, 53.55757], [-113.42283, 53.55741], [-113.423459, 53.55727], [-113.42525, 53.55653], [-113.426867, 53.555622], [-113.427189, 53.55543], [-113.42822, 53.55473], [-113.430159, 53.553208], [-113.430899, 53.55245], [-113.43123, 53.55151], [-113.43124, 53.54941], [-113.43151, 53.54934], [-113.431739, 53.54934], [-113.433204, 53.54934], [-113.435, 53.54936], [-113.43651, 53.54938], [-113.43858, 53.54939], [-113.440961, 53.54941], [-113.44224, 53.54939], [-113.44282, 53.54938], [-113.44349, 53.54935], [-113.44375, 53.54935], [-113.44529, 53.54935], [-113.44614, 53.54935], [-113.447164, 53.549351], [-113.4484, 53.54935], [-113.449273, 53.548953], [-113.449291, 53.54632], [-113.449291, 53.54539], [-113.44929, 53.54313], [-113.4493, 53.54212], [-113.4493, 53.54164], [-113.4493, 53.540797], [-113.44929, 53.53941], [-113.449271, 53.5374], [-113.44926, 53.53637], [-113.449231, 53.53409], [-113.448415, 53.53301], [-113.448179, 53.53269], [-113.448081, 53.53135], [-113.448069, 53.530241], [-113.44806, 53.52908], [-113.449089, 53.52707], [-113.449098, 53.526605], [-113.44908, 53.52521], [-113.449081, 53.52496], [-113.44907, 53.52319], [-113.449059, 53.52159], [-113.44905, 53.52093], [-113.449035, 53.519777], [-113.44904, 53.51903], [-113.44904, 53.51806], [-113.45031, 53.51806], [-113.45192, 53.51806], [-113.45241, 53.51809], [-113.453235, 53.51809], [-113.45445, 53.51808], [-113.4551, 53.51808], [-113.455851, 53.51809]]}, "properties": {"route_id": "522", "route_short_name": "522", "route_long_name": "522 \u2014 Capilano - Bonnie Doon", "category": "Local Bus"}}, {"type": "Feature", "geometry": {"type": "LineString", "coordinates": [[-113.429809, 53.45712], [-113.428979, 53.45716], [-113.42828, 53.45735], [-113.427839, 53.45774], [-113.42816, 53.45798], [-113.42824, 53.45808], [-113.428759, 53.45885], [-113.43074, 53.45855], [-113.43292, 53.45838], [-113.43448, 53.45838], [-113.435959, 53.4584], [-113.437055, 53.458413], [-113.439699, 53.45842], [-113.44358, 53.45838], [-113.444368, 53.458478], [-113.446229, 53.45842], [-113.44697, 53.45846], [-113.44866, 53.45852], [-113.45369, 53.45873], [-113.455109, 53.4588], [-113.45748, 53.45888], [-113.460305, 53.45884], [-113.460801, 53.4588], [-113.46209, 53.45874], [-113.466871, 53.45876], [-113.468379, 53.458759], [-113.47118, 53.458755], [-113.47241, 53.45874], [-113.47762, 53.45873], [-113.478063, 53.458681], [-113.478611, 53.45859], [-113.47974, 53.45825], [-113.4802, 53.45802], [-113.48104, 53.45754], [-113.48059, 53.45718], [-113.48042, 53.45707], [-113.47989, 53.45664], [-113.479549, 53.45621], [-113.479311, 53.45565], [-113.47926, 53.45536], [-113.479251, 53.45453], [-113.47926, 53.45399], [-113.479239, 53.4536], [-113.47927, 53.45293], [-113.479271, 53.452367], [-113.47924, 53.45159], [-113.48212, 53.45143], [-113.482911, 53.45143], [-113.485969, 53.45144], [-113.48585, 53.45097], [-113.48573, 53.45004], [-113.485819, 53.44921], [-113.48581, 53.44902], [-113.485471, 53.44824], [-113.484559, 53.447935], [-113.48384, 53.44794], [-113.482324, 53.447935], [-113.480511, 53.447612], [-113.48055, 53.44585], [-113.480647, 53.44423], [-113.480921, 53.44363], [-113.482709, 53.442228], [-113.4832, 53.44187], [-113.484039, 53.44113], [-113.484901, 53.44135], [-113.48839, 53.4414], [-113.48895, 53.4414], [-113.49024, 53.44153], [-113.4909, 53.44175], [-113.491449, 53.44221], [-113.491626, 53.442692], [-113.49182, 53.44418], [-113.491815, 53.444633], [-113.49161, 53.44501], [-113.490881, 53.4456], [-113.490449, 53.44605], [-113.490363, 53.446444], [-113.48978, 53.44672], [-113.487392, 53.447315], [-113.4867, 53.4475], [-113.48561, 53.44844], [-113.48574, 53.44873], [-113.485801, 53.44947], [-113.485731, 53.450012], [-113.48576, 53.45056], [-113.4845, 53.45143], [-113.48212, 53.45143], [-113.480361, 53.45142], [-113.47897, 53.45172], [-113.47896, 53.45231], [-113.47901, 53.45306], [-113.479089, 53.45356], [-113.479137, 53.454317], [-113.47915, 53.45474], [-113.47917, 53.45546], [-113.479291, 53.45593], [-113.479609, 53.45647], [-113.48012, 53.45695], [-113.48041, 53.45715], [-113.48074, 53.45756], [-113.480402, 53.457914], [-113.4802, 53.45802], [-113.47974, 53.45825], [-113.478611, 53.45859], [-113.47771, 53.45872], [-113.477052, 53.45874], [-113.47241, 53.45874], [-113.470721, 53.45876], [-113.46786, 53.45876], [-113.4656, 53.45876], [-113.46209, 53.45874], [-113.46108, 53.45873], [-113.459426, 53.458776], [-113.457959, 53.45881], [-113.455119, 53.45872], [-113.453128, 53.458645], [-113.447399, 53.45841], [-113.44669, 53.45843], [-113.446071, 53.45858], [-113.444793, 53.458616], [-113.44406, 53.45859], [-113.44377, 53.45838], [-113.4415, 53.4584], [-113.43784, 53.45842], [-113.436363, 53.458406], [-113.43511, 53.45839], [-113.434571, 53.4572], [-113.434331, 53.45635], [-113.43263, 53.45643], [-113.431489, 53.45647], [-113.43134, 53.45682], [-113.43029, 53.45711]]}, "properties": {"route_id": "512", "route_short_name": "512", "route_long_name": "512 \u2014 Mill Woods - South Edmonton Common", "category": "Local Bus"}}, {"type": "Feature", "geometry": {"type": "LineString", "coordinates": [[-113.667388, 53.523054], [-113.66771, 53.52309], [-113.668211, 53.52352], [-113.669081, 53.523712], [-113.670089, 53.52376], [-113.670799, 53.52378], [-113.6714, 53.52388], [-113.67293, 53.52439], [-113.67325, 53.52416], [-113.673428, 53.523983], [-113.6749, 53.5227], [-113.67577, 53.522183], [-113.67768, 53.52144], [-113.67827, 53.521323], [-113.68143, 53.52077], [-113.68106, 53.519633], [-113.68076, 53.51867], [-113.680385, 53.517584], [-113.679931, 53.51671], [-113.67945, 53.51583], [-113.6791, 53.51533], [-113.67859, 53.51471], [-113.678244, 53.514085], [-113.678049, 53.51327], [-113.67796, 53.51227], [-113.67791, 53.51172], [-113.6778, 53.51116], [-113.67752, 53.51029], [-113.67714, 53.509796], [-113.67665, 53.50931], [-113.67619, 53.50899], [-113.67534, 53.50862], [-113.67443, 53.50837], [-113.67112, 53.50792], [-113.66945, 53.50766], [-113.667301, 53.50726], [-113.666128, 53.506828], [-113.665609, 53.50649], [-113.66486, 53.50576], [-113.664491, 53.50424], [-113.66448, 53.504037], [-113.664511, 53.50284], [-113.664519, 53.50099], [-113.664541, 53.50058], [-113.664521, 53.49929], [-113.664509, 53.49869], [-113.66453, 53.49777], [-113.664659, 53.49662], [-113.66489, 53.49609], [-113.66517, 53.49565], [-113.665531, 53.49505], [-113.66566, 53.49469], [-113.66578, 53.49415], [-113.66576, 53.49325], [-113.665679, 53.49281], [-113.6648, 53.49096], [-113.664619, 53.490417], [-113.66452, 53.48968], [-113.664512, 53.487583], [-113.66448, 53.4855], [-113.66449, 53.48445], [-113.66455, 53.48417], [-113.664951, 53.48336], [-113.66516, 53.48315], [-113.66602, 53.4825], [-113.667036, 53.482011], [-113.67084, 53.48026], [-113.67143, 53.47955], [-113.67185, 53.47854], [-113.67182, 53.47799], [-113.671613, 53.4773], [-113.671451, 53.47683], [-113.67127, 53.47643], [-113.670841, 53.47585], [-113.670543, 53.475527], [-113.67015, 53.47519], [-113.669741, 53.47491], [-113.66903, 53.47453], [-113.667999, 53.47415], [-113.66688, 53.47375], [-113.66624, 53.47344], [-113.66581, 53.47317], [-113.66528, 53.47275], [-113.664971, 53.4724], [-113.664746, 53.472051], [-113.66466, 53.47186], [-113.66455, 53.47152], [-113.664491, 53.47103], [-113.664501, 53.46957], [-113.664489, 53.46889], [-113.66449, 53.468278], [-113.664501, 53.46728], [-113.66447, 53.46601], [-113.664541, 53.46507], [-113.66457, 53.46386], [-113.664489, 53.462794], [-113.664501, 53.46229], [-113.664489, 53.46086], [-113.66448, 53.45923], [-113.66449, 53.45798], [-113.66451, 53.45478], [-113.664449, 53.453547], [-113.66444, 53.451455], [-113.66447, 53.45094], [-113.66504, 53.45002], [-113.666941, 53.44895], [-113.66738, 53.44874], [-113.66829, 53.44793], [-113.66863, 53.44732], [-113.668699, 53.44675], [-113.66885, 53.4466], [-113.669307, 53.446587], [-113.670101, 53.44658], [-113.67186, 53.44662], [-113.67345, 53.44713], [-113.67345, 53.44769], [-113.67344, 53.44934], [-113.673108, 53.450839], [-113.672871, 53.45101], [-113.67224, 53.45156], [-113.67122, 53.45244], [-113.670641, 53.45342], [-113.670046, 53.454138], [-113.666331, 53.45416], [-113.66482, 53.4542], [-113.664521, 53.455557], [-113.664511, 53.45682], [-113.664486, 53.45957], [-113.6645, 53.46005], [-113.664509, 53.46197], [-113.664489, 53.46314], [-113.664501, 53.46364], [-113.66448, 53.46527], [-113.664476, 53.465589], [-113.66449, 53.46646], [-113.66449, 53.46818], [-113.664489, 53.468936], [-113.664501, 53.46936], [-113.66449, 53.47086], [-113.664509, 53.47133], [-113.66464, 53.4718], [-113.66477, 53.4721], [-113.66509, 53.47255], [-113.665299, 53.472766], [-113.665581, 53.473], [-113.66606, 53.47333], [-113.666619, 53.47364], [-113.66755, 53.474], [-113.66874, 53.47441], [-113.66955, 53.47479], [-113.669981, 53.47507], [-113.67057, 53.47555], [-113.671009, 53.47604], [-113.67114, 53.47622], [-113.67144, 53.4768], [-113.67163, 53.47736], [-113.671869, 53.47817], [-113.67188, 53.47843], [-113.67169, 53.47902], [-113.670477, 53.480524], [-113.670001, 53.48082], [-113.666012, 53.482505], [-113.665241, 53.48307], [-113.664791, 53.483611], [-113.66465, 53.48386], [-113.664481, 53.4847], [-113.66448, 53.485119], [-113.664519, 53.488], [-113.664529, 53.48845], [-113.66463, 53.49046], [-113.66528, 53.4918], [-113.66562, 53.49265], [-113.66576, 53.49369], [-113.66578, 53.49419], [-113.66573, 53.49444], [-113.665571, 53.49494], [-113.665109, 53.49574], [-113.664909, 53.49605], [-113.66477, 53.49634], [-113.66457, 53.4972], [-113.66452, 53.49824], [-113.664526, 53.499383], [-113.66456, 53.50006], [-113.66449, 53.50239], [-113.66451, 53.502906], [-113.6645, 53.50347], [-113.664496, 53.50457], [-113.664651, 53.50537], [-113.665231, 53.50616], [-113.66657, 53.50704], [-113.667158, 53.507215], [-113.66796, 53.50743], [-113.671692, 53.507996], [-113.67414, 53.50832], [-113.674825, 53.508463], [-113.67534, 53.50862], [-113.67619, 53.50899], [-113.67665, 53.50931], [-113.677401, 53.51016], [-113.677445, 53.510632], [-113.67756, 53.51117], [-113.67766, 53.51233], [-113.677819, 53.51359], [-113.67822, 53.51449], [-113.67899, 53.51545], [-113.68021, 53.51719], [-113.680595, 53.518154], [-113.68098, 53.51936], [-113.68119, 53.52007], [-113.68103, 53.52084], [-113.67856, 53.52126], [-113.677672, 53.521442], [-113.675531, 53.5223], [-113.674821, 53.522766], [-113.6734, 53.5239], [-113.67293, 53.52414], [-113.671857, 53.523947], [-113.671069, 53.52375], [-113.669519, 53.52356], [-113.666761, 53.52344], [-113.66577, 53.5234], [-113.66559, 53.52313], [-113.665749, 53.52298], [-113.667388, 53.523054]]}, "properties": {"route_id": "926", "route_short_name": "926", "route_long_name": "926 \u2014 Lewis Farms - Stillwater", "category": "Local Bus"}}, {"type": "Feature", "geometry": {"type": "LineString", "coordinates": [[-113.429853, 53.457269], [-113.431349, 53.45726], [-113.43134, 53.45682], [-113.431489, 53.45647], [-113.43263, 53.45643], [-113.434331, 53.45635], [-113.43475, 53.45536], [-113.434759, 53.45456], [-113.434709, 53.4539], [-113.43467, 53.45361], [-113.43429, 53.45348], [-113.433056, 53.453444], [-113.432411, 53.45344], [-113.43131, 53.45345], [-113.43007, 53.45349], [-113.429552, 53.45352], [-113.42823, 53.45363], [-113.42719, 53.45374], [-113.42549, 53.45396], [-113.423599, 53.454201], [-113.422841, 53.4543], [-113.42139, 53.45449], [-113.42039, 53.45462], [-113.41994, 53.45468], [-113.418903, 53.454824], [-113.417591, 53.45499], [-113.41603, 53.45517], [-113.414384, 53.455293], [-113.41362, 53.45533], [-113.41139, 53.45537], [-113.40966, 53.45528], [-113.40912, 53.45482], [-113.40914, 53.45467], [-113.40937, 53.45194], [-113.411131, 53.45203], [-113.41201, 53.45199], [-113.412969, 53.45176], [-113.413761, 53.45137], [-113.413971, 53.45121], [-113.414301, 53.45086], [-113.41456, 53.45028], [-113.414508, 53.449665], [-113.41425, 53.4492], [-113.41357, 53.44819], [-113.41321, 53.44739], [-113.413135, 53.447089], [-113.413101, 53.44683], [-113.41306, 53.44626], [-113.41319, 53.44549], [-113.413443, 53.444735], [-113.413579, 53.44431], [-113.41365, 53.44341], [-113.413048, 53.44234], [-113.41265, 53.44194], [-113.411281, 53.44108], [-113.40914, 53.44044], [-113.40817, 53.44032], [-113.405649, 53.44028], [-113.40467, 53.44028], [-113.403991, 53.44028], [-113.401811, 53.44034], [-113.401205, 53.440469], [-113.400539, 53.44073], [-113.39969, 53.44139], [-113.39949, 53.44171], [-113.399249, 53.4433], [-113.399019, 53.444404], [-113.39891, 53.44485], [-113.39842, 53.44684], [-113.398174, 53.448042], [-113.398289, 53.44894], [-113.39857, 53.44953], [-113.399011, 53.45009], [-113.399619, 53.45059], [-113.400348, 53.450978], [-113.4014, 53.45133], [-113.402521, 53.45152], [-113.404663, 53.451654], [-113.408069, 53.45186], [-113.409336, 53.452335], [-113.409178, 53.454187], [-113.40914, 53.45467], [-113.40907, 53.45548], [-113.410186, 53.455527], [-113.412011, 53.45556], [-113.41397, 53.4555], [-113.415464, 53.4554], [-113.416961, 53.45525], [-113.41834, 53.45509], [-113.419401, 53.45495], [-113.42009, 53.45487], [-113.42077, 53.45477], [-113.42166, 53.45465], [-113.422839, 53.4545], [-113.42315, 53.45446], [-113.424488, 53.454805], [-113.42487, 53.45583], [-113.42515, 53.45617], [-113.426169, 53.45676], [-113.42711, 53.45731], [-113.42768, 53.45764], [-113.42837, 53.45749], [-113.42936, 53.45728]]}, "properties": {"route_id": "517", "route_short_name": "517", "route_long_name": "517 \u2014 Mill Woods - Southwood", "category": "Local Bus"}}, {"type": "Feature", "geometry": {"type": "LineString", "coordinates": [[-113.515407, 53.456523], [-113.515689, 53.45644], [-113.51666, 53.45645], [-113.516641, 53.45541], [-113.51664, 53.45506], [-113.516451, 53.45476], [-113.51639, 53.45413], [-113.51628, 53.4539], [-113.5156, 53.45382], [-113.51451, 53.45382], [-113.513109, 53.4535], [-113.51312, 53.45283], [-113.51306, 53.45271], [-113.51244, 53.45268], [-113.51185, 53.45268], [-113.5104, 53.45268], [-113.508989, 53.45268], [-113.506711, 53.45248], [-113.50621, 53.45248], [-113.505061, 53.45237], [-113.503835, 53.452114], [-113.5036, 53.45223], [-113.50146, 53.45238], [-113.5006, 53.45238], [-113.499341, 53.45245], [-113.49812, 53.45271], [-113.49673, 53.45287], [-113.49604, 53.45264], [-113.495451, 53.451497], [-113.496581, 53.45084], [-113.49744, 53.45045], [-113.498259, 53.45031], [-113.500181, 53.45], [-113.50016, 53.44972], [-113.50037, 53.44924], [-113.50099, 53.44873], [-113.50123, 53.44811], [-113.50071, 53.44774], [-113.50049, 53.44752], [-113.50023, 53.44707], [-113.49966, 53.44599], [-113.498941, 53.44533], [-113.49816, 53.44466], [-113.49802, 53.44454], [-113.49746, 53.44406], [-113.49728, 53.44363], [-113.497291, 53.44311], [-113.49755, 53.44252], [-113.49817, 53.44189], [-113.49901, 53.44153], [-113.499711, 53.44146], [-113.50096, 53.44145], [-113.50309, 53.44179], [-113.504131, 53.44201], [-113.50557, 53.44237], [-113.506182, 53.442693], [-113.50653, 53.44291], [-113.507471, 53.44366], [-113.50793, 53.44478], [-113.508321, 53.4463], [-113.50839, 53.44658], [-113.508742, 53.448243], [-113.508761, 53.449], [-113.508611, 53.45013], [-113.508714, 53.450603], [-113.50898, 53.45136], [-113.508989, 53.45268], [-113.51002, 53.45268], [-113.51185, 53.45268], [-113.51244, 53.45268], [-113.51306, 53.45271], [-113.51312, 53.45299], [-113.513121, 53.45316], [-113.51309, 53.454], [-113.514004, 53.454013], [-113.51478, 53.45402], [-113.51553, 53.45404], [-113.51586, 53.45413], [-113.516071, 53.4543], [-113.51619, 53.45475], [-113.51617, 53.45538], [-113.51613, 53.45689], [-113.51613, 53.45751], [-113.51581, 53.45797], [-113.51548, 53.45805], [-113.51536, 53.45745]]}, "properties": {"route_id": "712", "route_short_name": "712", "route_long_name": "712 \u2014 Century Park - Yellowbird", "category": "Local Bus"}}, {"type": "Feature", "geometry": {"type": "LineString", "coordinates": [[-113.429117, 53.457148], [-113.42862, 53.45723], [-113.42768, 53.45764], [-113.42711, 53.45731], [-113.426169, 53.45676], [-113.42515, 53.45617], [-113.42487, 53.45583], [-113.424299, 53.45431], [-113.425409, 53.45417], [-113.42644, 53.45396], [-113.42771, 53.45368], [-113.427649, 53.453341], [-113.427679, 53.45251], [-113.42804, 53.45192], [-113.42818, 53.45158], [-113.42811, 53.4507], [-113.428869, 53.45066], [-113.429229, 53.45065], [-113.43073, 53.45032], [-113.43117, 53.45008], [-113.43174, 53.44955], [-113.43195, 53.44881], [-113.431741, 53.447862], [-113.43149, 53.44675], [-113.43148, 53.4457], [-113.431539, 53.44529], [-113.43173, 53.44468], [-113.432281, 53.44355], [-113.43272, 53.44277], [-113.432991, 53.44211], [-113.43281, 53.44145], [-113.432626, 53.441229], [-113.43221, 53.44091], [-113.43119, 53.44054], [-113.43091, 53.44049], [-113.42951, 53.44046], [-113.428135, 53.44046], [-113.427321, 53.44046], [-113.42591, 53.44046], [-113.42432, 53.44052], [-113.4237, 53.44073], [-113.423411, 53.440893], [-113.42304, 53.44125], [-113.42292, 53.44188], [-113.423698, 53.443445], [-113.42418, 53.44445], [-113.424491, 53.44551], [-113.42452, 53.44611], [-113.42421, 53.447539], [-113.424, 53.44825], [-113.423753, 53.449285], [-113.423819, 53.44962], [-113.42426, 53.45017], [-113.425452, 53.450695], [-113.42566, 53.45074], [-113.42692, 53.45077], [-113.428195, 53.451194], [-113.42821, 53.45141], [-113.4281, 53.45182], [-113.427771, 53.45233], [-113.4276, 53.453041], [-113.42765, 53.45335], [-113.42824, 53.45381], [-113.429269, 53.45372], [-113.43057, 53.45365], [-113.431061, 53.45364], [-113.43255, 53.45362], [-113.43377, 53.45364], [-113.43418, 53.45375], [-113.434409, 53.45392], [-113.43452, 53.45418], [-113.434506, 53.45435], [-113.43445, 53.45503], [-113.43436, 53.45606], [-113.432891, 53.45639], [-113.43161, 53.45646], [-113.431369, 53.45655], [-113.43135, 53.4571], [-113.4298, 53.45712]]}, "properties": {"route_id": "514", "route_short_name": "514", "route_long_name": "514 \u2014 Mill Woods - Millhurst", "category": "Local Bus"}}, {"type": "Feature", "geometry": {"type": "LineString", "coordinates": [[-113.430197, 53.45711], [-113.42934, 53.45713], [-113.42862, 53.45723], [-113.42768, 53.45764], [-113.428109, 53.45792], [-113.428224, 53.458059], [-113.428579, 53.45858], [-113.43009, 53.45863], [-113.43213, 53.45842], [-113.43421, 53.45838], [-113.43569, 53.4584], [-113.437055, 53.458413], [-113.43807, 53.45842], [-113.443319, 53.45838], [-113.44386, 53.45847], [-113.446139, 53.45851], [-113.446791, 53.45845], [-113.44805, 53.4585], [-113.44807, 53.45723], [-113.448101, 53.45588], [-113.4481, 53.45546], [-113.44813, 53.45317], [-113.448185, 53.452494], [-113.448359, 53.4509], [-113.448649, 53.45024], [-113.44937, 53.44932], [-113.45031, 53.449146], [-113.451311, 53.44944], [-113.45241, 53.44978], [-113.453001, 53.44996], [-113.454289, 53.45017], [-113.455741, 53.45017], [-113.457238, 53.449987], [-113.45833, 53.44993], [-113.460101, 53.4499], [-113.460531, 53.449796], [-113.46086, 53.44968], [-113.461471, 53.44929], [-113.46184, 53.44878], [-113.46194, 53.448233], [-113.46183, 53.44777], [-113.4613, 53.44681], [-113.46128, 53.44641], [-113.461569, 53.44589], [-113.462389, 53.44532], [-113.46257, 53.44519], [-113.462889, 53.44481], [-113.46294, 53.44404], [-113.462399, 53.44345], [-113.462046, 53.443217], [-113.46122, 53.4427], [-113.46013, 53.44235], [-113.45943, 53.44228], [-113.45841, 53.44234], [-113.4575, 53.44255], [-113.45702, 53.44266], [-113.4557, 53.44285], [-113.45489, 53.44291], [-113.45294, 53.44285], [-113.45209, 53.44278], [-113.44946, 53.4424], [-113.44844, 53.442221], [-113.44783, 53.44217], [-113.44677, 53.44217], [-113.44496, 53.44247], [-113.44404, 53.44287], [-113.44368, 53.4431], [-113.443, 53.44381], [-113.442749, 53.44465], [-113.44281, 53.44556], [-113.442901, 53.44609], [-113.44285, 53.44663], [-113.44219, 53.4471], [-113.441641, 53.44735], [-113.440855, 53.448023], [-113.44032, 53.44868], [-113.44022, 53.44913], [-113.440372, 53.449529], [-113.4405, 53.44971], [-113.441099, 53.4503], [-113.44164, 53.45053], [-113.442681, 53.45059], [-113.443032, 53.450547], [-113.443619, 53.4504], [-113.44474, 53.44998], [-113.446701, 53.44926], [-113.447188, 53.449139], [-113.44814, 53.449], [-113.44929, 53.44899], [-113.449163, 53.449548], [-113.44878, 53.45006], [-113.44846, 53.45066], [-113.44825, 53.45166], [-113.448169, 53.45269], [-113.448129, 53.4539], [-113.448094, 53.456185], [-113.44807, 53.45716], [-113.44806, 53.45843], [-113.446781, 53.4584], [-113.446139, 53.45851], [-113.4456, 53.45863], [-113.444122, 53.458593], [-113.44386, 53.45847], [-113.443319, 53.45838], [-113.43807, 53.45842], [-113.436363, 53.458406], [-113.43569, 53.4584], [-113.43455, 53.45743], [-113.43468, 53.45635], [-113.432891, 53.45639], [-113.43161, 53.45646], [-113.431369, 53.45655], [-113.43135, 53.4571]]}, "properties": {"route_id": "513", "route_short_name": "513", "route_long_name": "513 \u2014 Mill Woods - Knottwood", "category": "Local Bus"}}, {"type": "Feature", "geometry": {"type": "LineString", "coordinates": [[-113.305691, 53.543016], [-113.30485, 53.54271], [-113.30543, 53.54244], [-113.30766, 53.54245], [-113.30813, 53.54232], [-113.30821, 53.54146], [-113.30871, 53.54126], [-113.310931, 53.54125], [-113.31374, 53.54125], [-113.315954, 53.541296], [-113.31712, 53.54131], [-113.3189, 53.54132], [-113.32017, 53.54132], [-113.32281, 53.5413], [-113.32408, 53.5413], [-113.3269, 53.5413], [-113.33156, 53.54123], [-113.33595, 53.54094], [-113.34063, 53.54062], [-113.34235, 53.5405], [-113.34341, 53.54043], [-113.3459, 53.54028], [-113.34951, 53.54017], [-113.35244, 53.54014], [-113.35488, 53.54011], [-113.357231, 53.54009], [-113.35869, 53.54013], [-113.36112, 53.54028], [-113.364369, 53.54067], [-113.36745, 53.54104], [-113.367951, 53.54109], [-113.370581, 53.54125], [-113.372049, 53.54129], [-113.37804, 53.54127], [-113.38148, 53.54127], [-113.38538, 53.54122], [-113.38709, 53.54121], [-113.38774, 53.54123], [-113.388426, 53.541269], [-113.38864, 53.54127], [-113.39144, 53.54126], [-113.39389, 53.54126], [-113.394532, 53.541261], [-113.40001, 53.54125], [-113.406341, 53.54124], [-113.409761, 53.54124], [-113.41333, 53.54123], [-113.41602, 53.54123], [-113.416899, 53.54123], [-113.41845, 53.54123], [-113.419509, 53.54122], [-113.42025, 53.54123], [-113.42113, 53.54118], [-113.422, 53.54109], [-113.42342, 53.54082], [-113.42402, 53.54066], [-113.425749, 53.54017], [-113.426761, 53.5398], [-113.42751, 53.53951], [-113.42865, 53.53898], [-113.42998, 53.53841], [-113.43064, 53.53817], [-113.43163, 53.53791], [-113.43253, 53.53774], [-113.433229, 53.53765], [-113.434289, 53.53757], [-113.43572, 53.53755], [-113.436441, 53.53755], [-113.438249, 53.53755], [-113.441491, 53.53758], [-113.44218, 53.53759], [-113.443681, 53.53759], [-113.446131, 53.53758], [-113.448509, 53.53759], [-113.44927, 53.53755], [-113.454197, 53.537527], [-113.45494, 53.53755], [-113.45526, 53.53759], [-113.45555, 53.53768], [-113.455729, 53.53778], [-113.455911, 53.53788], [-113.45612, 53.53793], [-113.45634, 53.53794], [-113.45658, 53.5379], [-113.456819, 53.53782], [-113.45702, 53.53779], [-113.45737, 53.53779], [-113.458459, 53.53792], [-113.4605, 53.53821], [-113.46108, 53.53828], [-113.46201, 53.53833], [-113.46361, 53.53834], [-113.46694, 53.53825], [-113.46871, 53.53821], [-113.47071, 53.53814], [-113.4748, 53.53796], [-113.476549, 53.53788], [-113.47714, 53.53784], [-113.477368, 53.537816], [-113.477959, 53.53779], [-113.478689, 53.53768], [-113.47899, 53.53788], [-113.47944, 53.53798], [-113.48047, 53.53804], [-113.48107, 53.53804], [-113.48169, 53.53794], [-113.4821, 53.53791], [-113.48259, 53.53799], [-113.48316, 53.53809], [-113.483659, 53.53808], [-113.48426, 53.53785], [-113.48464, 53.53761], [-113.48495, 53.53743], [-113.485209, 53.53753], [-113.48717, 53.53818], [-113.48811, 53.53845], [-113.48869, 53.53858], [-113.489141, 53.53863], [-113.48982, 53.53861], [-113.49044, 53.5385], [-113.49176, 53.53819], [-113.49281, 53.53804], [-113.49339, 53.53813], [-113.493669, 53.53836], [-113.49349, 53.53872], [-113.492881, 53.53884], [-113.49172, 53.53886], [-113.491111, 53.53902], [-113.49001, 53.5396], [-113.48996, 53.53975], [-113.490119, 53.54028], [-113.49027, 53.54092], [-113.490299, 53.54163], [-113.49035, 53.541912], [-113.49057, 53.54257], [-113.490661, 53.543166], [-113.49082, 53.54403], [-113.492594, 53.544411], [-113.49376, 53.54452], [-113.49557, 53.54461], [-113.49896, 53.544606], [-113.500051, 53.5446], [-113.50105, 53.5451], [-113.501061, 53.54622]]}, "properties": {"route_id": "411", "route_short_name": "411", "route_long_name": "411 \u2014 Bethel - Downtown", "category": "Local Bus"}}, {"type": "Feature", "geometry": {"type": "LineString", "coordinates": [[-113.490505, 53.617954], [-113.49121, 53.61822], [-113.491741, 53.619], [-113.49174, 53.62132], [-113.491741, 53.621591], [-113.49175, 53.62363], [-113.489987, 53.623713], [-113.488719, 53.62375], [-113.48797, 53.62387], [-113.487509, 53.624121], [-113.4873, 53.62435], [-113.48706, 53.62487], [-113.487022, 53.625465], [-113.487019, 53.62596], [-113.48702, 53.62727], [-113.48704, 53.62738], [-113.487129, 53.62823], [-113.486501, 53.628733], [-113.48417, 53.6287], [-113.48155, 53.62867], [-113.480899, 53.62867], [-113.479689, 53.62868], [-113.47825, 53.62868], [-113.4769, 53.62868], [-113.47497, 53.62868], [-113.47174, 53.62867], [-113.470991, 53.62867], [-113.4697, 53.62867], [-113.468719, 53.62866], [-113.46752, 53.62867], [-113.467331, 53.62922], [-113.46734, 53.62963], [-113.46736, 53.63084], [-113.46737, 53.63195], [-113.46746, 53.63398], [-113.468909, 53.63507], [-113.470425, 53.635133], [-113.47325, 53.63565], [-113.47402, 53.63635], [-113.4741, 53.63727], [-113.474089, 53.63762], [-113.47401, 53.63818], [-113.47348, 53.63906], [-113.47322, 53.63952], [-113.47313, 53.6397], [-113.47291, 53.64064], [-113.472909, 53.641103], [-113.473426, 53.642067], [-113.47451, 53.64193], [-113.476781, 53.641292], [-113.477849, 53.64096], [-113.478722, 53.641047], [-113.478871, 53.64115], [-113.47933, 53.64143], [-113.480529, 53.6419], [-113.481891, 53.64211], [-113.48232, 53.64213], [-113.484689, 53.64203], [-113.486962, 53.641517], [-113.487299, 53.6414], [-113.48785, 53.64112], [-113.48818, 53.640487], [-113.48841, 53.63956], [-113.48829, 53.63855], [-113.488129, 53.637954], [-113.488029, 53.6373], [-113.48799, 53.63623], [-113.48802, 53.63583], [-113.48824, 53.63476], [-113.488899, 53.63313], [-113.489071, 53.63272], [-113.489171, 53.63208], [-113.489011, 53.63169], [-113.4885, 53.63112], [-113.4879, 53.63079], [-113.487115, 53.63055], [-113.486389, 53.63041], [-113.484558, 53.630204], [-113.48436, 53.6302], [-113.48152, 53.6302], [-113.48153, 53.62984], [-113.48154, 53.62906], [-113.481995, 53.628791], [-113.48422, 53.62881], [-113.48589, 53.62884], [-113.487129, 53.62823], [-113.48716, 53.62793], [-113.48702, 53.62727], [-113.48835, 53.62695], [-113.48886, 53.6269], [-113.489359, 53.62671], [-113.489629, 53.62652], [-113.489949, 53.62618], [-113.49038, 53.62595], [-113.49115, 53.62592], [-113.491999, 53.62591], [-113.49199, 53.62478], [-113.492, 53.62318], [-113.49199, 53.62173], [-113.49199, 53.620606], [-113.49199, 53.62025], [-113.492, 53.61906], [-113.492, 53.61808], [-113.49114, 53.61766], [-113.48954, 53.61766], [-113.490505, 53.617954]]}, "properties": {"route_id": "122", "route_short_name": "122", "route_long_name": "122 \u2014 Eaux Claires - Lago Lindo - Klarvatten", "category": "Local Bus"}}, {"type": "Feature", "geometry": {"type": "LineString", "coordinates": [[-113.521184, 53.524893], [-113.520981, 53.52484], [-113.52087, 53.52464], [-113.52085, 53.52358], [-113.52084, 53.52247], [-113.520841, 53.522406], [-113.52084, 53.52123], [-113.520845, 53.520328], [-113.52082, 53.51982], [-113.520751, 53.51863], [-113.520759, 53.51799], [-113.5203, 53.51807], [-113.519848, 53.518071], [-113.51932, 53.51806], [-113.517809, 53.51806], [-113.51659, 53.51806], [-113.51499, 53.51805], [-113.51392, 53.51805], [-113.51206, 53.51805], [-113.51206, 53.51759], [-113.512061, 53.51672], [-113.51206, 53.515886], [-113.512061, 53.51568], [-113.51206, 53.51425], [-113.512059, 53.513837], [-113.51206, 53.51323], [-113.51206, 53.51229], [-113.512061, 53.51187], [-113.51206, 53.51085], [-113.51206, 53.510065], [-113.512059, 53.50895], [-113.512042, 53.50811], [-113.512039, 53.50755], [-113.51203, 53.506242], [-113.51203, 53.50562], [-113.512031, 53.504461], [-113.51203, 53.5039], [-113.51203, 53.50249], [-113.512594, 53.50201], [-113.51659, 53.50202], [-113.51841, 53.50202], [-113.51957, 53.50225]]}, "properties": {"route_id": "723", "route_short_name": "723", "route_long_name": "723 \u2014 University - Parkallen", "category": "Local Bus"}}, {"type": "Feature", "geometry": {"type": "LineString", "coordinates": [[-113.592011, 53.540515], [-113.59197, 53.5413], [-113.59275, 53.5413], [-113.59381, 53.5413], [-113.59475, 53.5413], [-113.596657, 53.5413], [-113.59803, 53.5413], [-113.599179, 53.5413], [-113.599783, 53.541304], [-113.60086, 53.54131], [-113.60227, 53.54131], [-113.603437, 53.54131], [-113.60452, 53.54131], [-113.606629, 53.541312], [-113.60748, 53.54131], [-113.609311, 53.54133], [-113.6093, 53.54084], [-113.6093, 53.54037], [-113.609309, 53.53967], [-113.60856, 53.53929], [-113.60662, 53.53929], [-113.605941, 53.53888], [-113.60592, 53.53799], [-113.60592, 53.5375], [-113.605942, 53.536302], [-113.605959, 53.53509], [-113.60596, 53.534879], [-113.604469, 53.53392], [-113.60365, 53.53391], [-113.602745, 53.53369], [-113.602719, 53.53331], [-113.60271, 53.53241], [-113.602701, 53.5316], [-113.604001, 53.53162], [-113.60444, 53.53162], [-113.60726, 53.5311], [-113.60727, 53.53032], [-113.60729, 53.52984], [-113.60787, 53.52898], [-113.60809, 53.52898], [-113.610071, 53.52889], [-113.611237, 53.528346], [-113.61193, 53.52792], [-113.61253, 53.5268], [-113.61248, 53.52613], [-113.612511, 53.52479], [-113.612509, 53.52377], [-113.611549, 53.523749], [-113.61073, 53.52374], [-113.60869, 53.52328], [-113.60839, 53.52274], [-113.60864, 53.52248], [-113.60884, 53.52207], [-113.608843, 53.521664], [-113.60882, 53.52072], [-113.60888, 53.52028], [-113.60832, 53.51954], [-113.605449, 53.51952], [-113.60468, 53.51952], [-113.60184, 53.51952], [-113.60057, 53.51952], [-113.59962, 53.51952], [-113.599153, 53.51945], [-113.59832, 53.51945], [-113.59735, 53.51944], [-113.59659, 53.51944], [-113.59659, 53.51994], [-113.596521, 53.52041], [-113.596439, 53.5206], [-113.59623, 53.52089], [-113.59585, 53.52121], [-113.59536, 53.52151], [-113.59411, 53.52224], [-113.59349, 53.52261], [-113.59251, 53.52318], [-113.59196, 53.52349], [-113.59083, 53.52416], [-113.590359, 53.52404], [-113.59032, 53.52362], [-113.590328, 53.522766], [-113.59033, 53.52118], [-113.59034, 53.520555], [-113.590331, 53.51998], [-113.590332, 53.519018], [-113.59034, 53.51714], [-113.59035, 53.51579], [-113.590353, 53.514656], [-113.590361, 53.5136], [-113.590378, 53.512447], [-113.59038, 53.51205], [-113.59035, 53.51108], [-113.590381, 53.509481], [-113.59038, 53.5091], [-113.590381, 53.50823], [-113.588688, 53.50791], [-113.58739, 53.50791], [-113.585431, 53.50821], [-113.582489, 53.508689], [-113.58174, 53.50882], [-113.58068, 53.50894], [-113.57801, 53.50861]]}, "properties": {"route_id": "924", "route_short_name": "924", "route_long_name": "924 \u2014 Jasper Place - Rio Terrace", "category": "Local Bus"}}, {"type": "Feature", "geometry": {"type": "LineString", "coordinates": [[-113.623535, 53.640446], [-113.623681, 53.6407], [-113.62429, 53.64057], [-113.624959, 53.63975], [-113.62478, 53.6392], [-113.624661, 53.6388], [-113.624578, 53.638543], [-113.62416, 53.63728], [-113.62399, 53.63681], [-113.623801, 53.63622], [-113.623371, 53.63494], [-113.623121, 53.63415], [-113.62298, 53.63362], [-113.62251, 53.63214], [-113.622159, 53.63124], [-113.62143, 53.63013], [-113.62037, 53.62898], [-113.618829, 53.62765], [-113.61822, 53.62721], [-113.61764, 53.62677], [-113.61717, 53.62642], [-113.61663, 53.62603], [-113.615331, 53.62509], [-113.614421, 53.62444], [-113.61358, 53.62383], [-113.61265, 53.62314], [-113.61241, 53.62297], [-113.6107, 53.62193], [-113.60972, 53.62142], [-113.608101, 53.62069], [-113.60749, 53.6204], [-113.606409, 53.61988], [-113.60568, 53.61952], [-113.60515, 53.61925], [-113.6044, 53.61888], [-113.60336, 53.61836], [-113.602261, 53.6178], [-113.60157, 53.61743], [-113.60102, 53.61715], [-113.6004, 53.61681], [-113.599689, 53.61642], [-113.598391, 53.61569], [-113.59743, 53.61514], [-113.596691, 53.61471], [-113.595889, 53.61426], [-113.59472, 53.61358], [-113.592909, 53.61253], [-113.591341, 53.61162], [-113.59086, 53.61193], [-113.59065, 53.61238], [-113.59064, 53.61301], [-113.59064, 53.6144], [-113.590641, 53.61526], [-113.59177, 53.61535], [-113.593492, 53.615385], [-113.59411, 53.61546], [-113.59401, 53.61566], [-113.59191, 53.61561], [-113.5914, 53.6153], [-113.59094, 53.61507], [-113.59084, 53.61341], [-113.59084, 53.61275], [-113.59092, 53.61225], [-113.59122, 53.61176], [-113.59066, 53.61123], [-113.589179, 53.61042], [-113.588649, 53.61022], [-113.586419, 53.60895], [-113.58396, 53.60755], [-113.58251, 53.60673], [-113.582099, 53.6065], [-113.58158, 53.60619], [-113.58118, 53.60593], [-113.5807, 53.60559], [-113.58021, 53.60519], [-113.57987, 53.60487], [-113.57945, 53.60442], [-113.578801, 53.60368], [-113.578021, 53.60281], [-113.57791, 53.60256], [-113.577254, 53.601799], [-113.57696, 53.60146], [-113.5761, 53.60048], [-113.57551, 53.59979], [-113.575131, 53.59934], [-113.57405, 53.59818], [-113.5733, 53.5974], [-113.57287, 53.59699], [-113.572039, 53.59623], [-113.57106, 53.59537], [-113.56988, 53.594381], [-113.56833, 53.59307], [-113.56716, 53.59202], [-113.566419, 53.59129], [-113.5655, 53.590327], [-113.56435, 53.58913], [-113.56389, 53.58865], [-113.56249, 53.5871], [-113.5617, 53.58625], [-113.560638, 53.585129], [-113.55977, 53.58428], [-113.558981, 53.58348], [-113.55807, 53.58249], [-113.55769, 53.58197], [-113.55715, 53.58108], [-113.55629, 53.57988], [-113.5562, 53.57976], [-113.555861, 53.57946], [-113.55557, 53.579], [-113.554549, 53.57737], [-113.553974, 53.576568], [-113.55315, 53.57548], [-113.55158, 53.57363], [-113.551341, 53.57327], [-113.550569, 53.57238], [-113.550049, 53.57173], [-113.549711, 53.57109], [-113.54966, 53.57089], [-113.549659, 53.57065], [-113.54972, 53.57047], [-113.54979, 53.5704], [-113.54982, 53.57028], [-113.549779, 53.57015], [-113.54969, 53.57006], [-113.54961, 53.57003], [-113.54947, 53.57], [-113.54924, 53.57001], [-113.5491, 53.57005], [-113.54898, 53.57011], [-113.54873, 53.57016], [-113.54834, 53.57022], [-113.547724, 53.57025], [-113.547211, 53.57025], [-113.54656, 53.57025], [-113.54601, 53.5703], [-113.54538, 53.5703], [-113.54253, 53.57029], [-113.54192, 53.5703], [-113.5405, 53.57031], [-113.539481, 53.57031], [-113.5368, 53.57031], [-113.535599, 53.57031], [-113.535136, 53.57031], [-113.53414, 53.57031], [-113.53332, 53.57031], [-113.532671, 53.57031], [-113.53201, 53.57026], [-113.531279, 53.57026], [-113.530471, 53.5701], [-113.529899, 53.56987], [-113.528619, 53.56932], [-113.52665, 53.56849], [-113.52569, 53.56807], [-113.52381, 53.56727], [-113.52229, 53.56663], [-113.520836, 53.566008], [-113.51971, 53.56554], [-113.517909, 53.56477], [-113.517181, 53.56447], [-113.515959, 53.56395], [-113.51478, 53.56344], [-113.512689, 53.56256], [-113.51126, 53.56195], [-113.509641, 53.56126], [-113.5084, 53.56072], [-113.50776, 53.56045], [-113.507443, 53.560318], [-113.506391, 53.55987], [-113.50463, 53.55913], [-113.50303, 53.55844], [-113.50054, 53.55714], [-113.49964, 53.55678], [-113.498289, 53.55638], [-113.49665, 53.55578], [-113.495479, 53.55525], [-113.49408, 53.55464], [-113.49371, 53.55405], [-113.493709, 53.55385], [-113.49371, 53.55303], [-113.49372, 53.55142], [-113.493719, 53.55049], [-113.49372, 53.54966], [-113.49371, 53.5487], [-113.49368, 53.54805], [-113.49375, 53.54663], [-113.49255, 53.54616]]}, "properties": {"route_id": "201", "route_short_name": "201", "route_long_name": "201 \u2014 Downtown Edmonton Loop", "category": "Local Bus"}}, {"type": "Feature", "geometry": {"type": "LineString", "coordinates": [[-113.632935, 53.669963], [-113.632429, 53.66926], [-113.63195, 53.66892], [-113.630891, 53.66855], [-113.63108, 53.66815], [-113.631479, 53.6675], [-113.63188, 53.66723], [-113.63194, 53.66707], [-113.632406, 53.666772], [-113.63336, 53.66632], [-113.63486, 53.66572], [-113.63439, 53.66532], [-113.633909, 53.66489], [-113.633031, 53.66398], [-113.632461, 53.66323], [-113.63183, 53.66236], [-113.63068, 53.66027], [-113.63011, 53.6587], [-113.630209, 53.6579], [-113.628309, 53.6579], [-113.62784, 53.65789], [-113.626681, 53.65784], [-113.62526, 53.65768], [-113.624442, 53.657334], [-113.624381, 53.65687], [-113.62423, 53.655814], [-113.62419, 53.6552], [-113.62428, 53.65476], [-113.62463, 53.65415], [-113.62536, 53.65376], [-113.625649, 53.65385], [-113.626601, 53.65406], [-113.62747, 53.65413], [-113.62797, 53.65413], [-113.628761, 53.65406], [-113.62947, 53.654], [-113.62922, 53.65312], [-113.629041, 53.65249], [-113.62897, 53.65225], [-113.628779, 53.65157], [-113.628441, 53.65036], [-113.6282, 53.64952], [-113.627921, 53.6486], [-113.627634, 53.64772], [-113.62746, 53.64717], [-113.627151, 53.64624], [-113.626898, 53.645573], [-113.62657, 53.64472], [-113.62622, 53.64371], [-113.626061, 53.64312], [-113.625829, 53.6424], [-113.62545, 53.64121], [-113.62494, 53.64044], [-113.62387, 53.64047]]}, "properties": {"route_id": "A14", "route_short_name": "A14", "route_long_name": "A14 \u2014 Sturgeon Hospital - St Albert North", "category": "Local Bus"}}, {"type": "Feature", "geometry": {"type": "LineString", "coordinates": [[-113.457144, 53.518734], [-113.45742, 53.51866], [-113.45825, 53.51854], [-113.45825, 53.51805], [-113.458877, 53.51805], [-113.459921, 53.51805], [-113.461846, 53.51805], [-113.464381, 53.51805], [-113.46541, 53.518047], [-113.46742, 53.51804], [-113.46743, 53.51855], [-113.46743, 53.52004], [-113.467426, 53.520596], [-113.46743, 53.52146], [-113.46744, 53.52282], [-113.46744, 53.523087], [-113.46766, 53.52349], [-113.468321, 53.52381], [-113.468332, 53.525572], [-113.468341, 53.52736], [-113.468347, 53.529202], [-113.46873, 53.53022], [-113.47024, 53.53109], [-113.47065, 53.53132], [-113.47088, 53.53156], [-113.46999, 53.53165], [-113.469841, 53.53165], [-113.468367, 53.531403], [-113.468359, 53.53034], [-113.46873, 53.53022], [-113.47024, 53.53109], [-113.47065, 53.53132], [-113.47088, 53.53156], [-113.46999, 53.53165]]}, "properties": {"route_id": "524", "route_short_name": "524", "route_long_name": "524 \u2014 Bonnie Doon - Holyrood", "category": "Local Bus"}}, {"type": "Feature", "geometry": {"type": "LineString", "coordinates": [[-113.521184, 53.524893], [-113.520981, 53.52484], [-113.52087, 53.52464], [-113.52085, 53.52358], [-113.52084, 53.52247], [-113.520841, 53.522406], [-113.52084, 53.52123], [-113.520845, 53.520328], [-113.52111, 53.52006], [-113.52171, 53.51995], [-113.522349, 53.51954], [-113.52261, 53.51943], [-113.52309, 53.51933], [-113.5252, 53.51935], [-113.525545, 53.518902], [-113.52554, 53.51802], [-113.525571, 53.51786], [-113.52575, 53.51746], [-113.52587, 53.51684], [-113.52591, 53.51648], [-113.52596, 53.51592], [-113.52593, 53.51415], [-113.52593, 53.51279], [-113.525919, 53.51121], [-113.52591, 53.51043], [-113.52589, 53.50996], [-113.52569, 53.50936], [-113.52534, 53.50886], [-113.52514, 53.50853], [-113.52516, 53.50824], [-113.5253, 53.50807], [-113.525549, 53.50789], [-113.5262, 53.50771], [-113.52677, 53.50762], [-113.52816, 53.50747], [-113.529331, 53.50741], [-113.530661, 53.50736], [-113.53118, 53.50727], [-113.53182, 53.50704], [-113.532519, 53.50654], [-113.53314, 53.50602], [-113.53371, 53.50561], [-113.53438, 53.50528], [-113.53521, 53.50503], [-113.53594, 53.50487], [-113.537101, 53.50457], [-113.538209, 53.50433], [-113.538989, 53.50427], [-113.53956, 53.50436], [-113.54046, 53.50459], [-113.54128, 53.50489], [-113.54269, 53.50539], [-113.5434, 53.50562], [-113.544151, 53.50577], [-113.54475, 53.50581], [-113.54555, 53.50572], [-113.546261, 53.50552], [-113.54736, 53.50508], [-113.548781, 53.50454], [-113.550409, 53.50404], [-113.551821, 53.50371], [-113.553069, 53.50349], [-113.55436, 53.50334], [-113.5559, 53.50323], [-113.557249, 53.50316], [-113.55822, 53.50313], [-113.55955, 53.50314], [-113.56093, 53.50318], [-113.56205, 53.50326], [-113.56329, 53.50336], [-113.564021, 53.50354], [-113.56495, 53.50378], [-113.56558, 53.50401], [-113.565969, 53.50428], [-113.566149, 53.50451], [-113.56634, 53.50488], [-113.566429, 53.50515], [-113.5665, 53.50576], [-113.5666, 53.50663], [-113.56675, 53.50736], [-113.56703, 53.50831], [-113.56728, 53.50897], [-113.567521, 53.50943], [-113.567811, 53.50983], [-113.56819, 53.5102], [-113.568749, 53.5106], [-113.5693, 53.51089], [-113.56986, 53.51111], [-113.570629, 53.51133], [-113.571249, 53.51144], [-113.57196, 53.51151], [-113.57385, 53.51156], [-113.57503, 53.51161], [-113.575879, 53.5117], [-113.57702, 53.51188], [-113.57857, 53.51223], [-113.57939, 53.5124], [-113.580471, 53.51255], [-113.58189, 53.5126], [-113.58321, 53.51251], [-113.584261, 53.51238], [-113.58532, 53.51224], [-113.586451, 53.51212], [-113.58768, 53.51205], [-113.589519, 53.51204], [-113.59059, 53.51205], [-113.59278, 53.51206], [-113.596641, 53.51208], [-113.59843, 53.51209], [-113.60157, 53.51211], [-113.603659, 53.51212], [-113.60607, 53.51213], [-113.608031, 53.51218], [-113.61014, 53.51233], [-113.61153, 53.51242], [-113.612589, 53.51252], [-113.613509, 53.51281], [-113.61408, 53.51309], [-113.614561, 53.51341], [-113.614921, 53.51378], [-113.61517, 53.51422], [-113.61527, 53.51487], [-113.61527, 53.51598], [-113.61525, 53.51786], [-113.61525, 53.51869], [-113.61525, 53.51951], [-113.61524, 53.52028], [-113.615229, 53.52149], [-113.61521, 53.52282], [-113.61521, 53.52344], [-113.6152, 53.5247], [-113.615859, 53.52485], [-113.619031, 53.52486], [-113.62029, 53.52486], [-113.62195, 53.52486], [-113.62291, 53.524886], [-113.62403, 53.52503], [-113.6249, 53.52496], [-113.625819, 53.52487], [-113.62773, 53.5247], [-113.62987, 53.52467], [-113.6301, 53.52421], [-113.630198, 53.523433], [-113.63043, 53.52225], [-113.630589, 53.52175], [-113.63076, 53.52159], [-113.631, 53.52145], [-113.63362, 53.52159], [-113.63586, 53.52165], [-113.63849, 53.52166], [-113.639399, 53.52164], [-113.64028, 53.52162], [-113.64248, 53.52157], [-113.64628, 53.52148], [-113.649119, 53.52141], [-113.650711, 53.52137], [-113.651581, 53.52136], [-113.65237, 53.52141], [-113.65305, 53.52149], [-113.65408, 53.52167], [-113.65484, 53.52187], [-113.65565, 53.52211], [-113.656561, 53.52235], [-113.65789, 53.52263], [-113.65882, 53.52281], [-113.659491, 53.52291], [-113.66057, 53.52311], [-113.6616, 53.52327], [-113.66237, 53.52334], [-113.6636, 53.52339], [-113.66532, 53.5235], [-113.666369, 53.52354], [-113.66809, 53.52356], [-113.667969, 53.52313], [-113.667125, 53.523301]]}, "properties": {"route_id": "920X", "route_short_name": "920X", "route_long_name": "920X \u2014 Lewis Farms - University Express", "category": "Local Bus"}}, {"type": "Feature", "geometry": {"type": "LineString", "coordinates": [[-113.457144, 53.518734], [-113.45742, 53.51866], [-113.45825, 53.51854], [-113.45825, 53.51805], [-113.458877, 53.51805], [-113.459921, 53.51805], [-113.461846, 53.51805], [-113.464381, 53.51805], [-113.46541, 53.518047], [-113.46742, 53.51804], [-113.467971, 53.51804], [-113.468951, 53.51804], [-113.470149, 53.51803], [-113.47084, 53.51803], [-113.47166, 53.51803], [-113.47501, 53.51804], [-113.475569, 53.51808], [-113.47622, 53.51809], [-113.476691, 53.51751], [-113.476699, 53.51704], [-113.47673, 53.51562], [-113.476741, 53.51515], [-113.476749, 53.5142], [-113.476746, 53.513887], [-113.47674, 53.51325], [-113.477403, 53.51228], [-113.47977, 53.51228], [-113.482839, 53.51228], [-113.48249, 53.51324], [-113.47977, 53.51324], [-113.476729, 53.51228], [-113.476545, 53.511964], [-113.47648, 53.51133], [-113.476475, 53.510654], [-113.47646, 53.50943], [-113.47646, 53.50896], [-113.47645, 53.50754], [-113.476439, 53.50706], [-113.479781, 53.50661], [-113.47978, 53.50756], [-113.478019, 53.50753]]}, "properties": {"route_id": "525", "route_short_name": "525", "route_long_name": "525 \u2014 Bonnie Doon - Ritchie", "category": "Local Bus"}}, {"type": "Feature", "geometry": {"type": "LineString", "coordinates": [[-113.491382, 53.599886], [-113.49118, 53.60003], [-113.490549, 53.59994], [-113.488681, 53.59994], [-113.48815, 53.59986], [-113.489559, 53.59961], [-113.49098, 53.5996], [-113.49217, 53.5996], [-113.493545, 53.599581], [-113.49461, 53.59957], [-113.495779, 53.59957], [-113.496341, 53.59957], [-113.499039, 53.59957], [-113.500221, 53.59957], [-113.504221, 53.59958], [-113.506639, 53.59958], [-113.50795, 53.59959], [-113.51126, 53.59962], [-113.51274, 53.59962], [-113.514849, 53.59962], [-113.51662, 53.59962], [-113.517564, 53.599612], [-113.51818, 53.59961], [-113.521709, 53.59961], [-113.523099, 53.5996], [-113.52684, 53.5996], [-113.5274, 53.5996], [-113.53001, 53.59961], [-113.531925, 53.599601], [-113.534929, 53.5996], [-113.53597, 53.5996], [-113.537429, 53.5996], [-113.53871, 53.5996], [-113.53917, 53.5996], [-113.54002, 53.5996], [-113.54123, 53.5996], [-113.54204, 53.5996], [-113.543101, 53.59959], [-113.544394, 53.599577], [-113.54695, 53.59957], [-113.54747, 53.59957], [-113.55061, 53.59957], [-113.55144, 53.59956], [-113.55312, 53.59955], [-113.554588, 53.59955], [-113.55812, 53.59955], [-113.55936, 53.59955], [-113.560386, 53.59955], [-113.562101, 53.59955], [-113.565389, 53.59954], [-113.567071, 53.59954], [-113.568149, 53.59954], [-113.56976, 53.59953], [-113.570254, 53.59953], [-113.571591, 53.59953], [-113.57227, 53.59953], [-113.574089, 53.59951], [-113.575269, 53.59951], [-113.57681, 53.59951], [-113.57726, 53.59951], [-113.579789, 53.59949], [-113.58038, 53.59948], [-113.582281, 53.59947], [-113.58371, 53.59946], [-113.585381, 53.59946], [-113.587459, 53.59946], [-113.588489, 53.59947], [-113.58931, 53.59947], [-113.59039, 53.59942], [-113.590391, 53.59924], [-113.590356, 53.598598], [-113.59035, 53.59825], [-113.59035, 53.59799], [-113.590289, 53.59767], [-113.59029, 53.59713], [-113.590269, 53.59616], [-113.59027, 53.59467], [-113.590269, 53.59366], [-113.590269, 53.59224], [-113.590281, 53.59124], [-113.589533, 53.590463], [-113.58895, 53.59046], [-113.587901, 53.59044], [-113.58576, 53.59033], [-113.584775, 53.59032], [-113.58381, 53.59032], [-113.580784, 53.59032], [-113.58009, 53.59033], [-113.57763, 53.59036], [-113.576929, 53.590361], [-113.57561, 53.59038], [-113.574282, 53.590025], [-113.574291, 53.58866], [-113.574301, 53.58723], [-113.5743, 53.58651], [-113.57431, 53.58494], [-113.575136, 53.585215], [-113.57617, 53.58558], [-113.57697, 53.58561], [-113.578091, 53.58561], [-113.57992, 53.58553], [-113.580749, 53.58523], [-113.581136, 53.585086], [-113.58195, 53.58491], [-113.583071, 53.5849], [-113.584151, 53.58489], [-113.585431, 53.584899], [-113.586459, 53.5849], [-113.58772, 53.5849], [-113.58854, 53.5849], [-113.59041, 53.58473], [-113.590472, 53.584466], [-113.590491, 53.5842], [-113.590651, 53.58343], [-113.591171, 53.58165], [-113.59126, 53.58101], [-113.59128, 53.58047], [-113.591171, 53.57963], [-113.59101, 53.57909], [-113.59083, 53.57867], [-113.590581, 53.57801], [-113.590279, 53.57763], [-113.58909, 53.57759], [-113.58845, 53.57728], [-113.588129, 53.577049], [-113.58752, 53.57681], [-113.58694, 53.57679], [-113.58577, 53.57677], [-113.584131, 53.57676], [-113.582191, 53.57676], [-113.58096, 53.57675], [-113.580285, 53.576754], [-113.579729, 53.57676], [-113.578001, 53.57676], [-113.577309, 53.57675], [-113.57689, 53.57675], [-113.5751, 53.57675], [-113.57322, 53.57677], [-113.571441, 53.57675], [-113.569842, 53.576758], [-113.56934, 53.57676], [-113.56764, 53.57676], [-113.566159, 53.57671], [-113.56578, 53.57642], [-113.56579, 53.57611], [-113.5658, 53.57524], [-113.56584, 53.57354], [-113.56585, 53.57276], [-113.56586, 53.57129], [-113.5659, 53.57097], [-113.56592, 53.57071], [-113.565921, 53.57011], [-113.56591, 53.56982], [-113.565909, 53.56943], [-113.56586, 53.56895], [-113.565861, 53.56844], [-113.56586, 53.567518], [-113.565861, 53.56623], [-113.565861, 53.5655], [-113.56586, 53.564974], [-113.56586, 53.56454], [-113.565859, 53.56326], [-113.565849, 53.56247], [-113.565849, 53.56187], [-113.56584, 53.56137], [-113.565839, 53.5611], [-113.565836, 53.560835], [-113.565899, 53.56039], [-113.565931, 53.55999], [-113.56591, 53.5595], [-113.565901, 53.55895], [-113.56502, 53.55884], [-113.56274, 53.55883], [-113.561957, 53.558829], [-113.558849, 53.55882], [-113.557651, 53.55882], [-113.555531, 53.55895], [-113.555541, 53.55973], [-113.555521, 53.56049], [-113.555841, 53.56107], [-113.5558, 53.56152], [-113.55552, 53.56071]]}, "properties": {"route_id": "905", "route_short_name": "905", "route_long_name": "905 \u2014 Northgate - Westmount", "category": "Local Bus"}}, {"type": "Feature", "geometry": {"type": "LineString", "coordinates": [[-113.307065, 53.542696], [-113.30814, 53.54245], [-113.30814, 53.54152], [-113.30847, 53.54133], [-113.31021, 53.54125], [-113.312811, 53.54124], [-113.315389, 53.54129], [-113.31813, 53.54132], [-113.319839, 53.54132], [-113.32103, 53.54132], [-113.3233, 53.5413], [-113.3249, 53.5413], [-113.32835, 53.54128], [-113.333149, 53.54115], [-113.33776, 53.54082], [-113.34179, 53.54054], [-113.34299, 53.54045], [-113.34383, 53.5404], [-113.34694, 53.54023], [-113.35039, 53.54016], [-113.353361, 53.54013], [-113.35582, 53.5401], [-113.35758, 53.5401], [-113.359489, 53.54016], [-113.36227, 53.54041], [-113.36614, 53.54089], [-113.367951, 53.54109], [-113.370581, 53.54125], [-113.372049, 53.54129], [-113.37804, 53.54127], [-113.38148, 53.54127], [-113.38538, 53.54122], [-113.38709, 53.54121], [-113.38774, 53.54123], [-113.38854, 53.54127], [-113.39112, 53.54126], [-113.39339, 53.54126], [-113.39646, 53.54126], [-113.401601, 53.54124], [-113.40789, 53.54124], [-113.41137, 53.54123], [-113.414909, 53.54123], [-113.41643, 53.54123], [-113.4172, 53.54123], [-113.418701, 53.54123], [-113.41976, 53.54121], [-113.420531, 53.54122], [-113.42142, 53.54116], [-113.422701, 53.54095], [-113.42402, 53.54066], [-113.425749, 53.54017], [-113.426761, 53.5398], [-113.42751, 53.53951], [-113.42865, 53.53898], [-113.42998, 53.53841], [-113.43064, 53.53817], [-113.43163, 53.53791], [-113.43253, 53.53774], [-113.433229, 53.53765], [-113.434289, 53.53757], [-113.43572, 53.53755], [-113.436441, 53.53755], [-113.438249, 53.53755], [-113.441491, 53.53758], [-113.44218, 53.53759], [-113.443681, 53.53759], [-113.446131, 53.53758], [-113.448509, 53.53759], [-113.44927, 53.53755], [-113.45463, 53.53753], [-113.455139, 53.53757], [-113.45547, 53.53765], [-113.45571, 53.53776], [-113.45586, 53.53786], [-113.45605, 53.53792], [-113.456279, 53.53794], [-113.456489, 53.53792], [-113.45672, 53.53784], [-113.45696, 53.5378], [-113.45722, 53.53778], [-113.45806, 53.53786], [-113.460351, 53.53819], [-113.460881, 53.53826], [-113.46166, 53.53832], [-113.463031, 53.53835], [-113.466089, 53.53827], [-113.46846, 53.53822], [-113.46999, 53.53817], [-113.47319, 53.53803], [-113.47635, 53.53789], [-113.47701, 53.53785], [-113.47749, 53.5378], [-113.478191, 53.53776], [-113.47896, 53.53763], [-113.48017, 53.53736], [-113.482379, 53.53679], [-113.48359, 53.5365], [-113.48432, 53.53637], [-113.48608, 53.53612], [-113.48771, 53.53591], [-113.48906, 53.5357], [-113.49051, 53.53542], [-113.49185, 53.53509], [-113.492469, 53.5349], [-113.49365, 53.53446], [-113.494201, 53.53428], [-113.494929, 53.53414], [-113.495591, 53.53409], [-113.49739, 53.53407], [-113.498909, 53.53392], [-113.49907, 53.53373], [-113.49922, 53.53303], [-113.49923, 53.53204], [-113.499229, 53.53148], [-113.49943, 53.53111], [-113.49979, 53.53088], [-113.500261, 53.53074], [-113.501131, 53.53064], [-113.502489, 53.53051], [-113.503229, 53.53043], [-113.50404, 53.53041], [-113.50518, 53.53056], [-113.50643, 53.53082], [-113.507701, 53.53113], [-113.50927, 53.53161], [-113.51004, 53.53181], [-113.51089, 53.53194], [-113.51154, 53.53198], [-113.51273, 53.53197], [-113.51423, 53.53194], [-113.51532, 53.53198], [-113.51677, 53.53206], [-113.51769, 53.53213], [-113.518389, 53.53221], [-113.519529, 53.53235], [-113.5207, 53.53251], [-113.521809, 53.53267], [-113.522589, 53.53279], [-113.523629, 53.53299], [-113.52434, 53.53314], [-113.52536, 53.53335], [-113.526629, 53.53366], [-113.52803, 53.5341], [-113.53059, 53.535], [-113.532251, 53.53559], [-113.53333, 53.53605], [-113.53396, 53.53634], [-113.53452, 53.53659], [-113.535121, 53.53688], [-113.53564, 53.53714], [-113.53603, 53.53732], [-113.536399, 53.53747], [-113.53734, 53.53776], [-113.537951, 53.53796], [-113.53832, 53.53811], [-113.538689, 53.53829], [-113.53888, 53.53851], [-113.53882, 53.53871], [-113.53865, 53.53883], [-113.53838, 53.53889], [-113.538071, 53.53885], [-113.537829, 53.53871], [-113.53775, 53.53853], [-113.53788, 53.53819], [-113.53821, 53.53781], [-113.53852, 53.53739], [-113.53881, 53.537], [-113.53917, 53.53652], [-113.53957, 53.53597], [-113.539779, 53.53569], [-113.53994, 53.53546], [-113.540111, 53.53506], [-113.54011, 53.53466], [-113.539919, 53.53418], [-113.53966, 53.53388], [-113.53909, 53.53346], [-113.53865, 53.53312], [-113.538381, 53.53283], [-113.538191, 53.5324], [-113.538171, 53.53216], [-113.53823, 53.53183], [-113.5385, 53.53129], [-113.53879, 53.53079], [-113.539079, 53.53028], [-113.53939, 53.52975], [-113.53978, 53.52906], [-113.540209, 53.52831], [-113.5406, 53.52765], [-113.540859, 53.52718], [-113.541119, 53.52672], [-113.54148, 53.5261], [-113.541869, 53.52528], [-113.542149, 53.52448], [-113.542169, 53.52417], [-113.542009, 53.52375], [-113.541631, 53.52335], [-113.541031, 53.52292], [-113.54069, 53.52268], [-113.54028, 53.52263], [-113.539801, 53.52275], [-113.53836, 53.52298], [-113.533381, 53.52295], [-113.53165, 53.52294], [-113.52948, 53.52293], [-113.528284, 53.522913], [-113.52703, 53.52291], [-113.52566, 53.52336], [-113.52564, 53.5245], [-113.52555, 53.5248], [-113.525019, 53.52481], [-113.52376, 53.52481], [-113.522833, 53.5248]]}, "properties": {"route_id": "414", "route_short_name": "414", "route_long_name": "414 \u2014 Bethel - University Of Alberta", "category": "Local Bus"}}, {"type": "Feature", "geometry": {"type": "LineString", "coordinates": [[-113.580561, 53.455565], [-113.579909, 53.4554], [-113.57925, 53.45528], [-113.57892, 53.45514], [-113.579139, 53.45501], [-113.579981, 53.4552], [-113.581091, 53.45547], [-113.58139, 53.45562], [-113.58128, 53.45595], [-113.581439, 53.45613], [-113.58185, 53.45634], [-113.58239, 53.4568], [-113.58283, 53.45693], [-113.58404, 53.45743], [-113.5846, 53.45777], [-113.58558, 53.45903], [-113.58537, 53.45938], [-113.58443, 53.45978], [-113.58277, 53.45968], [-113.581109, 53.45907], [-113.58048, 53.4588], [-113.578911, 53.45836], [-113.578036, 53.458334], [-113.57747, 53.45835], [-113.576841, 53.45848], [-113.576631, 53.4587], [-113.57605, 53.45923], [-113.575171, 53.459985], [-113.5724, 53.46017], [-113.570703, 53.46016], [-113.569149, 53.46015], [-113.567979, 53.46017], [-113.566877, 53.459851], [-113.56657, 53.45942], [-113.56631, 53.45894], [-113.565951, 53.4586], [-113.565375, 53.458668], [-113.56301, 53.458783], [-113.56063, 53.45882], [-113.559369, 53.45948], [-113.55937, 53.46025], [-113.559577, 53.460664], [-113.55956, 53.46098], [-113.55931, 53.46203], [-113.55926, 53.46305], [-113.55952, 53.46351], [-113.56006, 53.46376], [-113.56082, 53.46383], [-113.562509, 53.46398], [-113.56293, 53.46403], [-113.563871, 53.4641], [-113.5656, 53.4639], [-113.567365, 53.463431], [-113.56915, 53.46304], [-113.569385, 53.463346], [-113.57011, 53.46419], [-113.570959, 53.46492], [-113.57168, 53.46541], [-113.57155, 53.4665], [-113.57195, 53.46677], [-113.57205, 53.46695], [-113.57197, 53.46743], [-113.571941, 53.46766], [-113.57222, 53.46815], [-113.57241, 53.46827], [-113.57215, 53.46918], [-113.571869, 53.46996], [-113.57175, 53.47145], [-113.57191, 53.47211], [-113.571959, 53.4727], [-113.57169, 53.47308], [-113.571526, 53.473257], [-113.571291, 53.47358], [-113.571159, 53.47406], [-113.571289, 53.4746], [-113.57047, 53.47477], [-113.56951, 53.47499], [-113.568469, 53.475422], [-113.56712, 53.47612], [-113.56612, 53.476572], [-113.56522, 53.4769], [-113.56465, 53.47724], [-113.564349, 53.47778], [-113.56442, 53.47854], [-113.564839, 53.47906], [-113.565582, 53.479339], [-113.566611, 53.47953], [-113.567771, 53.47967], [-113.56856, 53.47957], [-113.56975, 53.47912], [-113.57016, 53.47887], [-113.570831, 53.47812], [-113.571871, 53.47717], [-113.57197, 53.47699], [-113.57207, 53.47641], [-113.57212, 53.47561], [-113.572711, 53.475677], [-113.57327, 53.47583], [-113.573881, 53.47606], [-113.57577, 53.47663], [-113.57647, 53.47682], [-113.57719, 53.477], [-113.5782, 53.477232], [-113.578741, 53.47735], [-113.58156, 53.47805], [-113.58166, 53.47841], [-113.581231, 53.47887], [-113.580601, 53.47967], [-113.580348, 53.480193], [-113.57979, 53.48136], [-113.579318, 53.482339], [-113.57861, 53.48383], [-113.57847, 53.48414], [-113.57791, 53.48541], [-113.577757, 53.486175], [-113.57767, 53.4873], [-113.57768, 53.488145], [-113.57777, 53.48943], [-113.578049, 53.49084], [-113.57809, 53.49096], [-113.57818, 53.49148], [-113.57821, 53.49209], [-113.57824, 53.49292], [-113.57632, 53.49396], [-113.5753, 53.49408], [-113.57507, 53.49425], [-113.57508, 53.49486], [-113.575081, 53.495326], [-113.575129, 53.49627], [-113.575261, 53.496503], [-113.57639, 53.49678], [-113.577359, 53.49645], [-113.577966, 53.496049], [-113.57826, 53.49572], [-113.578551, 53.49516], [-113.578389, 53.4944], [-113.578268, 53.493446], [-113.57824, 53.49292], [-113.57821, 53.49209], [-113.57818, 53.49148], [-113.57821, 53.49092], [-113.578179, 53.490656], [-113.57794, 53.49017], [-113.5758, 53.49032], [-113.574352, 53.490339], [-113.574, 53.49034], [-113.57222, 53.49035], [-113.57108, 53.49047], [-113.571111, 53.491], [-113.571779, 53.49475], [-113.57177, 53.49584], [-113.57175, 53.49674], [-113.57174, 53.49717], [-113.57168, 53.49776], [-113.57147, 53.49853], [-113.57125, 53.49896], [-113.57061, 53.49954], [-113.56998, 53.50001], [-113.56944, 53.50034], [-113.568539, 53.50085], [-113.56786, 53.50129], [-113.56728, 53.50179], [-113.566739, 53.50238], [-113.56638, 53.50274], [-113.56594, 53.50302], [-113.565361, 53.50323], [-113.56436, 53.50333], [-113.563231, 53.50327], [-113.56202, 53.50316], [-113.561649, 53.50313], [-113.56044, 53.50307], [-113.558809, 53.50303], [-113.55745, 53.50304], [-113.55589, 53.50311], [-113.55437, 53.50324], [-113.55256, 53.50348], [-113.55119, 53.50375], [-113.54978, 53.50412], [-113.54839, 53.50458], [-113.547389, 53.50497], [-113.54623, 53.50542], [-113.54552, 53.50561], [-113.544821, 53.5057], [-113.543989, 53.50564], [-113.54313, 53.50542], [-113.54241, 53.50516], [-113.540529, 53.50444], [-113.53947, 53.50403], [-113.53893, 53.50376], [-113.53833, 53.50402], [-113.53805, 53.50414], [-113.53736, 53.5044], [-113.53664, 53.50461], [-113.535701, 53.50482], [-113.535021, 53.50497], [-113.53437, 53.50518], [-113.53377, 53.50546], [-113.53309, 53.50591], [-113.532351, 53.506484], [-113.531989, 53.50675], [-113.531399, 53.50654], [-113.53131, 53.5056], [-113.53133, 53.50493], [-113.529351, 53.50493], [-113.529119, 53.50484], [-113.529111, 53.50387], [-113.52867, 53.50366]]}, "properties": {"route_id": "724", "route_short_name": "724", "route_long_name": "724 \u2014 Leger - Brander Gardens - South Campus", "category": "Local Bus"}}, {"type": "Feature", "geometry": {"type": "LineString", "coordinates": [[-113.621357, 53.52486], [-113.622531, 53.52486], [-113.62403, 53.52503], [-113.6249, 53.52496], [-113.625819, 53.52487], [-113.62773, 53.5247], [-113.62987, 53.52467], [-113.62987, 53.5257], [-113.629921, 53.52632], [-113.629954, 53.526661], [-113.63017, 53.52787], [-113.63032, 53.52862], [-113.63045, 53.52925], [-113.63051, 53.52951], [-113.630621, 53.53009], [-113.630621, 53.53044], [-113.63048, 53.53098], [-113.630267, 53.531385], [-113.6298, 53.53215], [-113.629369, 53.53282], [-113.62875, 53.53373], [-113.628251, 53.53448], [-113.628044, 53.534798], [-113.627781, 53.53526], [-113.627619, 53.5356], [-113.627453, 53.536286], [-113.62744, 53.53658], [-113.6274, 53.53725], [-113.627369, 53.53762], [-113.62737, 53.538222], [-113.627371, 53.53867], [-113.62736, 53.53907], [-113.62734, 53.53962], [-113.62733, 53.54026], [-113.627327, 53.540692], [-113.627319, 53.54141], [-113.627325, 53.542175], [-113.627399, 53.54244], [-113.627399, 53.54331], [-113.6283, 53.54331], [-113.6291, 53.54331], [-113.630039, 53.54331], [-113.631351, 53.54331], [-113.63323, 53.54331], [-113.63441, 53.54331], [-113.636331, 53.54331], [-113.637841, 53.54331], [-113.63984, 53.54331], [-113.63984, 53.54368], [-113.63984, 53.54438], [-113.63985, 53.54529], [-113.63985, 53.546918], [-113.63985, 53.54722], [-113.63984, 53.54813], [-113.639822, 53.54897], [-113.639789, 53.54995], [-113.63976, 53.55166], [-113.63974, 53.55278], [-113.639732, 53.553638], [-113.63971, 53.55433], [-113.63971, 53.55482], [-113.6397, 53.55599], [-113.63969, 53.5569], [-113.639681, 53.55795], [-113.63967, 53.55886], [-113.63967, 53.55959], [-113.641009, 53.559543], [-113.641339, 53.55953], [-113.64243, 53.55946], [-113.64399, 53.55928], [-113.64411, 53.5597], [-113.64421, 53.56115], [-113.644223, 53.563556], [-113.64423, 53.56509], [-113.643686, 53.565801], [-113.64094, 53.56586], [-113.6395, 53.5659], [-113.639206, 53.565981], [-113.639141, 53.56608], [-113.639199, 53.56626], [-113.639471, 53.56649], [-113.63961, 53.56676], [-113.63963, 53.56733], [-113.639651, 53.56804], [-113.63957, 53.56829], [-113.63902, 53.56842], [-113.63828, 53.56857], [-113.637548, 53.568741], [-113.637159, 53.56883], [-113.63565, 53.56917], [-113.63427, 53.56948], [-113.63359, 53.56964], [-113.63243, 53.56991], [-113.63133, 53.57016], [-113.630239, 53.5704], [-113.62951, 53.57046], [-113.62895, 53.57046], [-113.627766, 53.57046], [-113.62645, 53.57044], [-113.6253, 53.57043], [-113.62212, 53.57043], [-113.62142, 53.57043], [-113.61913, 53.57045], [-113.61776, 53.57046], [-113.617077, 53.570414], [-113.61657, 53.57039], [-113.61519, 53.57037], [-113.61375, 53.57038], [-113.6129, 53.57039], [-113.609749, 53.57039], [-113.608303, 53.570388], [-113.60391, 53.57039], [-113.6021, 53.57038], [-113.60151, 53.57038], [-113.60113, 53.57038], [-113.599471, 53.57037], [-113.596624, 53.570363], [-113.5955, 53.57037], [-113.59462, 53.57037], [-113.59382, 53.57037], [-113.59293, 53.57037], [-113.59192, 53.57036], [-113.59039, 53.57036], [-113.58874, 53.57036], [-113.588349, 53.57036], [-113.587529, 53.57039], [-113.587029, 53.57042], [-113.58659, 53.570422], [-113.58549, 53.57043], [-113.58472, 53.57043], [-113.583569, 53.57043], [-113.583039, 53.570428], [-113.580641, 53.57042], [-113.580321, 53.57042], [-113.579389, 53.57042], [-113.576729, 53.57041], [-113.576274, 53.57041], [-113.575101, 53.57041], [-113.5739, 53.57041], [-113.57265, 53.57041], [-113.57115, 53.57041], [-113.57054, 53.57041], [-113.56943, 53.57041], [-113.56863, 53.5704], [-113.56745, 53.5704], [-113.56684, 53.57039], [-113.566291, 53.57038], [-113.565921, 53.57011], [-113.56591, 53.56982], [-113.565909, 53.56943], [-113.56586, 53.56895], [-113.565861, 53.56844], [-113.56586, 53.567518], [-113.565861, 53.56623], [-113.565861, 53.5655], [-113.56586, 53.564974], [-113.56586, 53.56454], [-113.565859, 53.56326], [-113.565849, 53.56247], [-113.565849, 53.56187], [-113.56584, 53.56137], [-113.565839, 53.5611], [-113.565836, 53.560835], [-113.565899, 53.56039], [-113.565931, 53.55999], [-113.56591, 53.5595], [-113.565901, 53.55895], [-113.56502, 53.55884], [-113.56274, 53.55883], [-113.561957, 53.558829], [-113.558849, 53.55882], [-113.557651, 53.55882], [-113.555531, 53.55895], [-113.555541, 53.55973], [-113.555521, 53.56049], [-113.555841, 53.56107], [-113.5558, 53.56152], [-113.555517, 53.560984]]}, "properties": {"route_id": "906", "route_short_name": "906", "route_long_name": "906 \u2014 West Edmonton Mall - Westmount", "category": "Local Bus"}}, {"type": "Feature", "geometry": {"type": "LineString", "coordinates": [[-113.549934, 53.401304], [-113.55113, 53.40062], [-113.551929, 53.4], [-113.5525, 53.39948], [-113.552859, 53.39906], [-113.55318, 53.3984], [-113.553351, 53.39736], [-113.554637, 53.397333], [-113.55648, 53.39741], [-113.557259, 53.39769], [-113.558722, 53.399319], [-113.560101, 53.40079], [-113.561238, 53.400973], [-113.56456, 53.39933], [-113.565069, 53.39953], [-113.5656, 53.39968], [-113.56711, 53.39978], [-113.568929, 53.3998], [-113.56953, 53.39989], [-113.569829, 53.39985], [-113.56975, 53.39967], [-113.56975, 53.39934], [-113.56992, 53.39908], [-113.570711, 53.39864], [-113.571809, 53.39852], [-113.572455, 53.398603], [-113.573231, 53.39893], [-113.573629, 53.39952], [-113.5736, 53.39972], [-113.57368, 53.3999], [-113.573981, 53.39986], [-113.575062, 53.399799], [-113.57653, 53.39979], [-113.57854, 53.39978], [-113.57963, 53.39954], [-113.58073, 53.40037], [-113.58179, 53.40101], [-113.583529, 53.401379], [-113.58614, 53.40192], [-113.587256, 53.401973], [-113.588591, 53.40176], [-113.589851, 53.401098], [-113.590529, 53.40061], [-113.59144, 53.39993], [-113.5923, 53.39939], [-113.593911, 53.39844], [-113.594751, 53.39753], [-113.595559, 53.39754], [-113.59764, 53.39755], [-113.59876, 53.39794], [-113.599209, 53.39903]]}, "properties": {"route_id": "727", "route_short_name": "727", "route_long_name": "727 \u2014 Heritage Valley - Chappelle", "category": "Local Bus"}}, {"type": "Feature", "geometry": {"type": "LineString", "coordinates": [[-113.4449, 53.500091], [-113.44553, 53.50009], [-113.447079, 53.50134], [-113.44757, 53.50131], [-113.44813, 53.50111], [-113.44855, 53.50067], [-113.44858, 53.50018], [-113.44944, 53.49932], [-113.44963, 53.49918], [-113.45065, 53.49842], [-113.45184, 53.49754], [-113.452179, 53.49738], [-113.45312, 53.49725], [-113.45502, 53.49704], [-113.45522, 53.49776], [-113.45566, 53.49847], [-113.456901, 53.499383], [-113.457389, 53.49973], [-113.45813, 53.50028], [-113.45882, 53.50032], [-113.45963, 53.50004], [-113.46033, 53.49997], [-113.46178, 53.49997], [-113.465559, 53.49997], [-113.46708, 53.49997], [-113.468541, 53.49996], [-113.469569, 53.49989], [-113.473489, 53.49989], [-113.478, 53.49988], [-113.47898, 53.49988], [-113.479919, 53.499879], [-113.481761, 53.49988], [-113.4835, 53.49988], [-113.48422, 53.49992], [-113.48537, 53.49991], [-113.48719, 53.49993], [-113.487722, 53.49993], [-113.48897, 53.49994], [-113.49116, 53.49994], [-113.49279, 53.49994], [-113.494911, 53.49993], [-113.495589, 53.49993], [-113.49643, 53.49993], [-113.497919, 53.49993], [-113.498263, 53.499896], [-113.498639, 53.49982], [-113.49918, 53.4996], [-113.50047, 53.49896], [-113.50135, 53.49856], [-113.5021, 53.49835], [-113.50284, 53.49824], [-113.5044, 53.4982], [-113.5101, 53.49821], [-113.5112, 53.49823], [-113.51246, 53.49826], [-113.514051, 53.49828], [-113.51553, 53.4983], [-113.51841, 53.4983], [-113.520441, 53.49829], [-113.52121, 53.49831], [-113.52183, 53.49847], [-113.522141, 53.49868], [-113.522441, 53.499043], [-113.522679, 53.49956], [-113.52274, 53.50058], [-113.52297, 53.50176], [-113.524258, 53.501752], [-113.526611, 53.50179], [-113.52701, 53.50182], [-113.52791, 53.5019], [-113.528851, 53.50191], [-113.52907, 53.50199], [-113.5291, 53.502548]]}, "properties": {"route_id": "502", "route_short_name": "502", "route_long_name": "502 \u2014 Davies - South Campus", "category": "Local Bus"}}, {"type": "Feature", "geometry": {"type": "LineString", "coordinates": [[-113.632421, 53.502989], [-113.63483, 53.502942], [-113.63695, 53.50295], [-113.637607, 53.502967], [-113.64103, 53.50301], [-113.64818, 53.50322], [-113.64842, 53.50173], [-113.6501, 53.50173], [-113.651931, 53.50166], [-113.65256, 53.50137], [-113.652861, 53.50093], [-113.652969, 53.50052], [-113.65321, 53.49953], [-113.653091, 53.49839], [-113.65295, 53.497953], [-113.65275, 53.4975], [-113.65226, 53.49717], [-113.65114, 53.49676], [-113.649659, 53.49654], [-113.648781, 53.4962], [-113.648667, 53.495947], [-113.64807, 53.49543], [-113.64783, 53.49544], [-113.64672, 53.49548], [-113.64361, 53.49548], [-113.642151, 53.49549], [-113.640139, 53.4955], [-113.64016, 53.49428], [-113.640161, 53.493894], [-113.640269, 53.49171], [-113.639681, 53.49168], [-113.63796, 53.49164], [-113.637068, 53.491777], [-113.63672, 53.49184], [-113.635389, 53.49236], [-113.633741, 53.4931], [-113.63327, 53.49326], [-113.631701, 53.49356], [-113.630543, 53.493592], [-113.628522, 53.493495], [-113.62702, 53.49347], [-113.62605, 53.49338], [-113.62502, 53.493111], [-113.624439, 53.49301], [-113.62374, 53.49292], [-113.62212, 53.4929], [-113.621719, 53.492937], [-113.62082, 53.49316], [-113.62023, 53.49358], [-113.620029, 53.49397], [-113.620191, 53.49481], [-113.620417, 53.49529], [-113.620901, 53.49647], [-113.620959, 53.4968], [-113.620989, 53.49784], [-113.62099, 53.49797], [-113.62098, 53.49873], [-113.620924, 53.499456], [-113.62073, 53.50006], [-113.620044, 53.500932], [-113.619819, 53.50126], [-113.61957, 53.50184], [-113.619529, 53.50218], [-113.619512, 53.503224], [-113.619521, 53.50466], [-113.620389, 53.5046], [-113.62348, 53.50424], [-113.62466, 53.50403], [-113.62646, 53.5037], [-113.62777, 53.503491], [-113.62963, 53.50324], [-113.63064, 53.50325], [-113.63105, 53.50356], [-113.631042, 53.504299], [-113.630999, 53.50458], [-113.63093, 53.50526], [-113.630905, 53.505557], [-113.63083, 53.5062], [-113.630611, 53.50717], [-113.630361, 53.50818], [-113.63022, 53.50888], [-113.63004, 53.50982], [-113.62999, 53.51024], [-113.62992, 53.511], [-113.629869, 53.51127], [-113.62976, 53.51142], [-113.62957, 53.51155], [-113.62931, 53.51163], [-113.628979, 53.51168], [-113.628469, 53.51173], [-113.62742, 53.5118], [-113.62613, 53.51189], [-113.62416, 53.51188], [-113.62103, 53.51189], [-113.61962, 53.51189], [-113.61747, 53.51191], [-113.616069, 53.51195], [-113.614629, 53.512], [-113.61408, 53.51201], [-113.612209, 53.51205], [-113.610461, 53.51203], [-113.60799, 53.51202], [-113.60624, 53.51201], [-113.603661, 53.51198], [-113.60109, 53.51196], [-113.59806, 53.51194], [-113.59664, 53.51193], [-113.59276, 53.51191], [-113.590581, 53.51189], [-113.58964, 53.51189], [-113.58768, 53.5119], [-113.58639, 53.51198], [-113.58475, 53.51217], [-113.582791, 53.5124], [-113.58159, 53.51246], [-113.580281, 53.51239], [-113.57928, 53.51224], [-113.57787, 53.51191], [-113.57661, 53.51166], [-113.57541, 53.5115], [-113.574439, 53.51143], [-113.57256, 53.51139], [-113.57137, 53.51131], [-113.57038, 53.51111], [-113.56959, 53.51084], [-113.56893, 53.51051], [-113.56831, 53.51007], [-113.56789, 53.50961], [-113.567609, 53.50915], [-113.56729, 53.50838], [-113.567059, 53.50765], [-113.566881, 53.50687], [-113.56675, 53.50592], [-113.56672, 53.50535], [-113.566701, 53.50484], [-113.56674, 53.50422], [-113.56691, 53.50378], [-113.56707, 53.50333], [-113.567301, 53.50291], [-113.567599, 53.5026], [-113.56802, 53.50241], [-113.56854, 53.50239], [-113.568929, 53.50252], [-113.56915, 53.50279], [-113.56911, 53.5031], [-113.56884, 53.50334], [-113.568451, 53.5035], [-113.56783, 53.50362], [-113.56712, 53.50365], [-113.56671, 53.50364], [-113.56539, 53.5035], [-113.56361, 53.50331], [-113.562481, 53.5032], [-113.56127, 53.50311], [-113.55978, 53.50305], [-113.55864, 53.50303], [-113.557089, 53.50305], [-113.55534, 53.50315], [-113.5537, 53.50332], [-113.5521, 53.50356], [-113.550729, 53.50386], [-113.54929, 53.50427], [-113.54804, 53.50471], [-113.54694, 53.50516], [-113.545909, 53.50552], [-113.54531, 53.50565], [-113.54458, 53.5057], [-113.543731, 53.50559], [-113.5431, 53.50541], [-113.5416, 53.50485], [-113.54034, 53.50437], [-113.539249, 53.50393], [-113.53875, 53.50384], [-113.53805, 53.50414], [-113.53736, 53.5044], [-113.53664, 53.50461], [-113.535701, 53.50482], [-113.535021, 53.50497], [-113.53437, 53.50518], [-113.53377, 53.50546], [-113.53309, 53.50591], [-113.53216, 53.50663], [-113.53157, 53.50666], [-113.5313, 53.50637], [-113.53132, 53.505258], [-113.52981, 53.50492], [-113.529151, 53.50488], [-113.529099, 53.50475], [-113.52868, 53.50381]]}, "properties": {"route_id": "910X", "route_short_name": "910X", "route_long_name": "910X \u2014 West Lymburn - Lessard - South Campus", "category": "Local Bus"}}, {"type": "Feature", "geometry": {"type": "LineString", "coordinates": [[-113.59277, 53.54026], [-113.59382, 53.54026], [-113.59381, 53.5413], [-113.59475, 53.5413], [-113.596657, 53.5413], [-113.59803, 53.5413], [-113.599179, 53.5413], [-113.599783, 53.541304], [-113.60086, 53.54131], [-113.60227, 53.54131], [-113.603437, 53.54131], [-113.60452, 53.54131], [-113.606629, 53.541312], [-113.60748, 53.54131], [-113.609311, 53.54133], [-113.610171, 53.54132], [-113.611651, 53.54133], [-113.61321, 53.54133], [-113.613732, 53.541324], [-113.614271, 53.54136], [-113.61473, 53.54158], [-113.61498, 53.54185], [-113.615, 53.54223], [-113.615151, 53.5428], [-113.6157, 53.54409], [-113.61584, 53.5445], [-113.615919, 53.54505], [-113.616469, 53.54529], [-113.61787, 53.54528], [-113.617861, 53.54578], [-113.61786, 53.5468], [-113.61785, 53.54749], [-113.61786, 53.548], [-113.61787, 53.54862], [-113.61788, 53.55002], [-113.617879, 53.55071], [-113.61789, 53.55107], [-113.61786, 53.55216], [-113.61788, 53.55301], [-113.6177, 53.55324], [-113.61725, 53.55322], [-113.616859, 53.55322], [-113.6152, 53.55321], [-113.615207, 53.55374], [-113.61522, 53.55526], [-113.61468, 53.55595], [-113.61414, 53.55595], [-113.61334, 53.55595], [-113.61195, 53.55595], [-113.61013, 53.55596], [-113.60824, 53.55596], [-113.60799, 53.55675], [-113.60779, 53.55737], [-113.6074, 53.55852], [-113.606973, 53.559795], [-113.60673, 53.56053], [-113.60647, 53.56168], [-113.606451, 53.56261], [-113.605809, 53.56301], [-113.60459, 53.56301], [-113.60386, 53.56301], [-113.60239, 53.56301], [-113.60177, 53.56301], [-113.60068, 53.56301], [-113.5989, 53.56301], [-113.59789, 53.56301], [-113.5965, 53.56301], [-113.59553, 53.563], [-113.594719, 53.563], [-113.59212, 53.56301], [-113.591281, 53.56305], [-113.589837, 53.563142], [-113.58867, 53.56318], [-113.586815, 53.563184], [-113.58558, 53.56317], [-113.584, 53.56317], [-113.582921, 53.56317], [-113.58157, 53.56316], [-113.58003, 53.56316], [-113.57815, 53.56315], [-113.57817, 53.56245], [-113.57812, 53.56171], [-113.578111, 53.56056], [-113.577503, 53.56048], [-113.577059, 53.56049], [-113.57634, 53.56048], [-113.57338, 53.56048], [-113.57023, 53.56048], [-113.56942, 53.56048], [-113.567861, 53.56047], [-113.567009, 53.560479], [-113.565899, 53.56039], [-113.565931, 53.55999], [-113.56591, 53.5595], [-113.565901, 53.55895], [-113.56502, 53.55884], [-113.56274, 53.55883], [-113.561957, 53.558829], [-113.558849, 53.55882], [-113.557651, 53.55882], [-113.555531, 53.55895], [-113.555541, 53.55973], [-113.555521, 53.56049], [-113.555841, 53.56107]]}, "properties": {"route_id": "908", "route_short_name": "908", "route_long_name": "908 \u2014 Jasper Place - Westmount", "category": "Local Bus"}}, {"type": "Feature", "geometry": {"type": "LineString", "coordinates": [[-113.488779, 53.59994], [-113.4883, 53.59991], [-113.48816, 53.59943], [-113.488151, 53.59892], [-113.48765, 53.59849], [-113.48739, 53.59848], [-113.48656, 53.59843], [-113.48647, 53.598], [-113.486501, 53.59783], [-113.48659, 53.59735], [-113.48706, 53.59679], [-113.48964, 53.59679], [-113.49187, 53.59676], [-113.492727, 53.596759], [-113.493721, 53.59676], [-113.49513, 53.59676], [-113.496026, 53.59676], [-113.49723, 53.59631], [-113.49723, 53.59492], [-113.49669, 53.59461], [-113.49635, 53.59461], [-113.49523, 53.59461], [-113.493699, 53.59461], [-113.494171, 53.59676], [-113.49552, 53.59676], [-113.49626, 53.59676], [-113.49879, 53.59674], [-113.500052, 53.596493], [-113.50028, 53.59643], [-113.50118, 53.59612], [-113.50185, 53.59586], [-113.50466, 53.59496], [-113.505538, 53.59495], [-113.50831, 53.59494], [-113.508909, 53.59493], [-113.510831, 53.59493], [-113.51238, 53.59494], [-113.51364, 53.59494], [-113.51675, 53.59492], [-113.517269, 53.59492], [-113.51914, 53.59492], [-113.522194, 53.594907], [-113.52509, 53.59488], [-113.527339, 53.59489], [-113.52832, 53.59488], [-113.53009, 53.5949], [-113.53157, 53.59546], [-113.532265, 53.595752], [-113.53286, 53.596], [-113.53397, 53.59631], [-113.535562, 53.59642], [-113.53589, 53.59642], [-113.538487, 53.596424], [-113.53941, 53.59643], [-113.5401, 53.59626], [-113.539743, 53.5962], [-113.53953, 53.59643], [-113.541191, 53.59642], [-113.54119, 53.59687], [-113.5412, 53.59761], [-113.54113, 53.59798], [-113.54111, 53.59839], [-113.54103, 53.59896], [-113.54072, 53.59925], [-113.540169, 53.59936], [-113.539801, 53.59936], [-113.53842, 53.59937], [-113.53743, 53.59938], [-113.53604, 53.5994], [-113.534929, 53.5996], [-113.53437, 53.60001], [-113.53381, 53.60001], [-113.533709, 53.60049], [-113.53411, 53.60046], [-113.53493, 53.60046], [-113.53493, 53.60105], [-113.535, 53.60168], [-113.5356, 53.60205], [-113.53707, 53.6021], [-113.53825, 53.6021], [-113.54064, 53.602074], [-113.54137, 53.60207], [-113.542811, 53.60209], [-113.543549, 53.601995], [-113.543891, 53.6017], [-113.5439, 53.60124], [-113.54397, 53.60093], [-113.544031, 53.600745], [-113.544029, 53.60031], [-113.544, 53.59998], [-113.544394, 53.599577], [-113.54595, 53.59957], [-113.54747, 53.59957], [-113.54911, 53.59958], [-113.55061, 53.60042], [-113.55061, 53.60161], [-113.54983, 53.60162], [-113.547719, 53.60163], [-113.54715, 53.60163], [-113.546088, 53.601645], [-113.5454, 53.60171], [-113.544419, 53.60184], [-113.54352, 53.602], [-113.54316, 53.60205], [-113.541869, 53.60211], [-113.54114, 53.60259], [-113.54118, 53.6035], [-113.54123, 53.60407], [-113.541329, 53.60439], [-113.541329, 53.604542], [-113.54133, 53.60516], [-113.54132, 53.60641], [-113.541319, 53.606996], [-113.54132, 53.60829], [-113.54132, 53.609163], [-113.54132, 53.60961], [-113.54132, 53.61046], [-113.54132, 53.6108], [-113.541319, 53.612], [-113.54132, 53.61363], [-113.54132, 53.61403], [-113.541191, 53.61455], [-113.54117, 53.61494], [-113.54115, 53.61617], [-113.54102, 53.61665], [-113.540831, 53.61681], [-113.5404, 53.61693], [-113.53967, 53.61693], [-113.53897, 53.61693], [-113.53657, 53.61693], [-113.533339, 53.61694], [-113.53158, 53.61693], [-113.5305, 53.61688], [-113.529842, 53.616806], [-113.528789, 53.61662], [-113.5279, 53.61639], [-113.526929, 53.61605], [-113.52571, 53.61549], [-113.5241, 53.61483], [-113.52258, 53.61443], [-113.52164, 53.61427], [-113.520421, 53.61415], [-113.51994, 53.614128], [-113.518589, 53.61412], [-113.51683, 53.61412], [-113.5166, 53.61471], [-113.516591, 53.61514], [-113.51661, 53.61554], [-113.51668, 53.61595], [-113.516569, 53.6162], [-113.516319, 53.61653]]}, "properties": {"route_id": "127", "route_short_name": "127", "route_long_name": "127 \u2014 Northgate - White Oaks Square - Castle Downs", "category": "Local Bus"}}, {"type": "Feature", "geometry": {"type": "LineString", "coordinates": [[-113.669772, 53.494193], [-113.6722, 53.49464], [-113.673486, 53.49497], [-113.67427, 53.49519], [-113.67539, 53.49555], [-113.67678, 53.49606], [-113.679819, 53.49705], [-113.680424, 53.497192], [-113.682521, 53.49757], [-113.68335, 53.49766], [-113.683487, 53.497142], [-113.68344, 53.49659], [-113.683299, 53.4962], [-113.683191, 53.49544], [-113.68306, 53.4947], [-113.682899, 53.49407], [-113.68275, 53.49345], [-113.682303, 53.492046], [-113.681991, 53.49106], [-113.681681, 53.49019], [-113.680729, 53.48906], [-113.68031, 53.48879], [-113.679559, 53.48857], [-113.677579, 53.488208], [-113.67599, 53.48798], [-113.67537, 53.48789], [-113.672107, 53.487815], [-113.67061, 53.48787], [-113.667821, 53.48798], [-113.66644, 53.48799], [-113.665365, 53.488], [-113.664528, 53.488381], [-113.66452, 53.48968], [-113.66467, 53.49074], [-113.6654, 53.492099], [-113.665679, 53.49281], [-113.66578, 53.49387], [-113.666967, 53.493887], [-113.66803, 53.49396], [-113.66905, 53.49433], [-113.668601, 53.4954], [-113.668452, 53.495729], [-113.667671, 53.49677], [-113.667459, 53.4972], [-113.66733, 53.49776], [-113.667465, 53.498055], [-113.66763, 53.49826], [-113.66839, 53.49881], [-113.669101, 53.49948], [-113.66922, 53.49979], [-113.66927, 53.50138], [-113.669161, 53.50203], [-113.66829, 53.50218], [-113.665869, 53.50238], [-113.665666, 53.50239], [-113.66449, 53.50239], [-113.66451, 53.502906], [-113.6645, 53.50347], [-113.664496, 53.50457], [-113.664651, 53.50537], [-113.665231, 53.50616], [-113.66657, 53.50704], [-113.667158, 53.507215], [-113.66796, 53.50743], [-113.671692, 53.507996], [-113.67414, 53.50832], [-113.674825, 53.508463], [-113.67534, 53.50862], [-113.67619, 53.50899], [-113.67665, 53.50931], [-113.677401, 53.51016], [-113.677445, 53.510632], [-113.67756, 53.51117], [-113.67737, 53.512], [-113.67688, 53.51218], [-113.67568, 53.51217], [-113.67396, 53.51215], [-113.66798, 53.51216], [-113.665079, 53.51216], [-113.66221, 53.51217], [-113.6595, 53.51216], [-113.658531, 53.51216], [-113.65599, 53.51215], [-113.652121, 53.51213], [-113.64948, 53.51212], [-113.64678, 53.51213], [-113.643801, 53.51212], [-113.64092, 53.51211], [-113.63924, 53.51211], [-113.63726, 53.51209], [-113.63547, 53.51209], [-113.633109, 53.51211], [-113.63028, 53.51211], [-113.629591, 53.51211], [-113.62532, 53.51209], [-113.62126, 53.51208], [-113.61961, 53.51208], [-113.616441, 53.51207], [-113.614611, 53.51206], [-113.613629, 53.51206], [-113.61186, 53.51205], [-113.60973, 53.51203], [-113.60748, 53.51202], [-113.604569, 53.512], [-113.603331, 53.51197], [-113.60045, 53.51196], [-113.5971, 53.51193], [-113.59639, 53.51193], [-113.591891, 53.5119], [-113.59037, 53.51189], [-113.588701, 53.51189], [-113.5872, 53.51192], [-113.585969, 53.51202], [-113.584101, 53.51225], [-113.58243, 53.51243], [-113.58109, 53.51245], [-113.57991, 53.51234], [-113.57911, 53.5122], [-113.57747, 53.51182], [-113.576159, 53.51159], [-113.57505, 53.51147], [-113.573889, 53.51141], [-113.57217, 53.51138], [-113.57104, 53.51126], [-113.57007, 53.51102], [-113.56933, 53.51073], [-113.56869, 53.51036], [-113.568159, 53.50992], [-113.56778, 53.50945], [-113.5675, 53.50891], [-113.56721, 53.50815], [-113.56698, 53.50734], [-113.566841, 53.50663], [-113.56672, 53.50547], [-113.566711, 53.50519], [-113.56671, 53.50456], [-113.566799, 53.50404], [-113.56696, 53.50365], [-113.567131, 53.50319], [-113.56738, 53.5028], [-113.567721, 53.50252], [-113.56817, 53.50239], [-113.568689, 53.50242], [-113.56903, 53.5026], [-113.56917, 53.5029], [-113.56903, 53.5032], [-113.56872, 53.5034], [-113.56828, 53.50354], [-113.56758, 53.50364], [-113.56696, 53.50365], [-113.5666, 53.50363], [-113.564631, 53.50342], [-113.563231, 53.50327], [-113.56202, 53.50316], [-113.560929, 53.50309], [-113.559331, 53.50304], [-113.55783, 53.50303], [-113.55642, 53.50308], [-113.55488, 53.50319], [-113.553181, 53.50339], [-113.55164, 53.50365], [-113.55025, 53.50399], [-113.5488, 53.50443], [-113.54768, 53.50485], [-113.546601, 53.50529], [-113.545569, 53.5056], [-113.54507, 53.50568], [-113.54431, 53.50568], [-113.54344, 53.50552], [-113.54279, 53.5053], [-113.540761, 53.50453], [-113.5398, 53.50416], [-113.53909, 53.50385], [-113.538589, 53.50391], [-113.5378, 53.50424], [-113.5371, 53.50448], [-113.53635, 53.50468], [-113.535469, 53.50487], [-113.53481, 53.50503], [-113.534129, 53.50528], [-113.533559, 53.50558], [-113.532819, 53.50612], [-113.531989, 53.50675], [-113.531399, 53.50654], [-113.53131, 53.5056], [-113.53133, 53.50493], [-113.529351, 53.50493], [-113.529119, 53.50484], [-113.529111, 53.50387], [-113.52867, 53.50366]]}, "properties": {"route_id": "930X", "route_short_name": "930X", "route_long_name": "930X \u2014 The Grange - South Campus", "category": "Local Bus"}}, {"type": "Feature", "geometry": {"type": "LineString", "coordinates": [[-113.592856, 53.615375], [-113.59411, 53.61546], [-113.59401, 53.61566], [-113.59191, 53.61561], [-113.5914, 53.6153], [-113.59094, 53.61507], [-113.59084, 53.61341], [-113.59084, 53.61275], [-113.59092, 53.61225], [-113.59122, 53.61176], [-113.59066, 53.61123], [-113.589179, 53.61042], [-113.588649, 53.61022], [-113.586419, 53.60895], [-113.58396, 53.60755], [-113.58251, 53.60673], [-113.582099, 53.6065], [-113.58158, 53.60619], [-113.58118, 53.60593], [-113.5807, 53.60559], [-113.58021, 53.60519], [-113.57987, 53.60487], [-113.57945, 53.60442], [-113.578801, 53.60368], [-113.578021, 53.60281], [-113.57791, 53.60256], [-113.577254, 53.601799], [-113.57696, 53.60146], [-113.5761, 53.60048], [-113.57551, 53.59979], [-113.575131, 53.59934], [-113.57405, 53.59818], [-113.5733, 53.5974], [-113.5722, 53.59638], [-113.571569, 53.59581], [-113.5697, 53.59423], [-113.56785, 53.59264], [-113.566801, 53.59168], [-113.56604, 53.5909], [-113.56435, 53.58913], [-113.56279, 53.58746], [-113.561901, 53.58646], [-113.56045, 53.58493], [-113.55926, 53.58379], [-113.5588, 53.58328], [-113.55791, 53.58229], [-113.557429, 53.58151], [-113.556849, 53.58065], [-113.5562, 53.57976], [-113.555861, 53.57946], [-113.55557, 53.579], [-113.554549, 53.57737], [-113.55346, 53.57586], [-113.551809, 53.5739], [-113.55143, 53.57338], [-113.550939, 53.57281], [-113.5502, 53.57194], [-113.54983, 53.57134], [-113.54968, 53.57099], [-113.54965, 53.57072], [-113.5497, 53.57048], [-113.54977, 53.57043], [-113.54982, 53.57032], [-113.5498, 53.57019], [-113.54973, 53.57009], [-113.54964, 53.57004], [-113.54955, 53.5697], [-113.54951, 53.56937], [-113.549519, 53.56863], [-113.54952, 53.56683], [-113.54965, 53.56611], [-113.550011, 53.56558], [-113.551339, 53.5641], [-113.5515, 53.56376], [-113.55155, 53.56345], [-113.55218, 53.56326], [-113.55273, 53.56346], [-113.55425, 53.56379], [-113.555501, 53.56384], [-113.555511, 53.56187], [-113.555521, 53.56049], [-113.555528, 53.559976], [-113.55555, 53.55954], [-113.555531, 53.55882], [-113.552809, 53.55883], [-113.55143, 53.55843], [-113.55112, 53.55761], [-113.55094, 53.55696], [-113.55092, 53.55549], [-113.550931, 53.55381], [-113.550849, 53.55324], [-113.550721, 53.5527], [-113.55052, 53.55213], [-113.55017, 53.55143], [-113.549921, 53.55103], [-113.54942, 53.5503], [-113.54884, 53.54959], [-113.54828, 53.5491], [-113.5477, 53.54884], [-113.546681, 53.54838], [-113.54614, 53.54803], [-113.545849, 53.54779], [-113.545689, 53.54766], [-113.54501, 53.54709], [-113.544741, 53.54665], [-113.54449, 53.54634], [-113.544109, 53.54614], [-113.543539, 53.54598], [-113.54304, 53.54579], [-113.542759, 53.54555], [-113.542549, 53.54516], [-113.542271, 53.54484], [-113.541881, 53.54464], [-113.5413, 53.54443], [-113.540791, 53.54413], [-113.540501, 53.54376], [-113.54041, 53.54324], [-113.54052, 53.54278], [-113.541051, 53.54228], [-113.54134, 53.54192], [-113.54141, 53.5417], [-113.54136, 53.54131], [-113.54121, 53.54106], [-113.5409, 53.54077], [-113.540389, 53.54052], [-113.53972, 53.54036], [-113.5392, 53.54026], [-113.53857, 53.54009], [-113.538139, 53.5399], [-113.5378, 53.53964], [-113.537569, 53.53931], [-113.537501, 53.53899], [-113.53758, 53.53864], [-113.53779, 53.53831], [-113.53812, 53.53793], [-113.538389, 53.53757], [-113.538729, 53.53711], [-113.539071, 53.53666], [-113.53946, 53.53612], [-113.539739, 53.53577], [-113.53989, 53.53553], [-113.54007, 53.53521], [-113.54013, 53.53481], [-113.54001, 53.53433], [-113.53976, 53.53398], [-113.539289, 53.5336], [-113.538751, 53.5332], [-113.53847, 53.53294], [-113.53822, 53.53251], [-113.53817, 53.53224], [-113.5382, 53.53195], [-113.53838, 53.53151], [-113.5387, 53.53095], [-113.539, 53.53042], [-113.53929, 53.52991], [-113.53965, 53.5293], [-113.540049, 53.52859], [-113.540491, 53.52783], [-113.54077, 53.52734], [-113.541059, 53.52683], [-113.54136, 53.52632], [-113.541739, 53.52557], [-113.54211, 53.52464], [-113.54218, 53.52429], [-113.542089, 53.5239], [-113.54178, 53.52348], [-113.54121, 53.52305], [-113.54079, 53.52273], [-113.54045, 53.52262], [-113.54007, 53.5227], [-113.538969, 53.52293], [-113.5343, 53.52296], [-113.53192, 53.52294], [-113.53063, 53.52295], [-113.52875, 53.52292], [-113.52723, 53.5229], [-113.525661, 53.52317], [-113.525671, 53.52415], [-113.525629, 53.52476], [-113.52509, 53.52481], [-113.523929, 53.5248], [-113.52302, 53.5248]]}, "properties": {"route_id": "203", "route_short_name": "203", "route_long_name": "203 \u2014 Uofa Via Westmount", "category": "Local Bus"}}, {"type": "Feature", "geometry": {"type": "LineString", "coordinates": [[-113.510154, 53.628473], [-113.51159, 53.62992], [-113.51223, 53.630706], [-113.51234, 53.63123], [-113.51192, 53.63223], [-113.51104, 53.63322], [-113.51068, 53.63342], [-113.5097, 53.63372], [-113.508579, 53.63378], [-113.50621, 53.63342], [-113.505399, 53.63331], [-113.50423, 53.63324], [-113.502919, 53.63334], [-113.50211, 53.6335], [-113.4998, 53.63413], [-113.498779, 53.6342], [-113.497661, 53.63401], [-113.49676, 53.63356], [-113.496526, 53.633331], [-113.49626, 53.63289], [-113.496261, 53.63224], [-113.496531, 53.63179], [-113.49709, 53.63137], [-113.4982, 53.63051], [-113.498349, 53.63026], [-113.49842, 53.6289], [-113.49842, 53.628405], [-113.498321, 53.62733], [-113.4976, 53.62627], [-113.497221, 53.62576], [-113.49672, 53.62506], [-113.49636, 53.62427], [-113.49629, 53.62344], [-113.495743, 53.62128], [-113.49457, 53.62128], [-113.492759, 53.62127], [-113.49199, 53.62087], [-113.49199, 53.62052], [-113.492, 53.61932], [-113.491999, 53.61823], [-113.49174, 53.61766], [-113.49112, 53.61822], [-113.489932, 53.61823], [-113.48909, 53.6181], [-113.48954, 53.61766], [-113.49114, 53.61766], [-113.492011, 53.61728], [-113.49206, 53.61521], [-113.492049, 53.61468], [-113.492049, 53.61405], [-113.49206, 53.61303], [-113.492, 53.61139], [-113.491999, 53.61017], [-113.49199, 53.60675], [-113.491989, 53.60508], [-113.49201, 53.60411], [-113.49204, 53.60329], [-113.49208, 53.60231], [-113.49212, 53.6014], [-113.49214, 53.60095], [-113.49217, 53.59984], [-113.49217, 53.59943], [-113.492139, 53.59836], [-113.49211, 53.5978], [-113.4921, 53.59727], [-113.49211, 53.59632], [-113.49199, 53.59598], [-113.491996, 53.595744], [-113.492, 53.5949], [-113.492019, 53.59377], [-113.492019, 53.59301], [-113.49202, 53.59269], [-113.49203, 53.59212], [-113.49203, 53.591722], [-113.49203, 53.59103], [-113.49203, 53.58999], [-113.49206, 53.58908], [-113.49207, 53.58869], [-113.49208, 53.58812], [-113.49209, 53.58741], [-113.49208, 53.58673], [-113.492071, 53.58596], [-113.492071, 53.585342], [-113.49207, 53.5841], [-113.49206, 53.58357], [-113.49206, 53.58311], [-113.492069, 53.5823], [-113.49213, 53.58161], [-113.492191, 53.58125], [-113.49232, 53.57942], [-113.49227, 53.57726], [-113.49229, 53.576262], [-113.492299, 53.57557], [-113.492299, 53.57394], [-113.49232, 53.57198], [-113.492319, 53.57125], [-113.49227, 53.57093], [-113.49212, 53.5705], [-113.49193, 53.57008], [-113.49191, 53.56998], [-113.49187, 53.5697], [-113.49194, 53.56937], [-113.49193, 53.56847], [-113.491909, 53.56731], [-113.491901, 53.56601], [-113.49189, 53.56425], [-113.49188, 53.5627], [-113.491861, 53.56103], [-113.49187, 53.55991], [-113.4919, 53.55938], [-113.49189, 53.55885], [-113.491917, 53.558636], [-113.491949, 53.55829], [-113.491939, 53.558], [-113.49187, 53.55776], [-113.49157, 53.55696], [-113.49116, 53.556], [-113.490789, 53.5551], [-113.49038, 53.55413], [-113.48998, 53.55317], [-113.4897, 53.55246], [-113.489519, 53.55204], [-113.489262, 53.551448], [-113.48918, 53.55125], [-113.48878, 53.55029], [-113.488471, 53.54955], [-113.488141, 53.54875], [-113.48782, 53.54798], [-113.487531, 53.54728], [-113.487191, 53.54645], [-113.487071, 53.54616], [-113.486978, 53.545944], [-113.48666, 53.54518], [-113.486361, 53.54448], [-113.485994, 53.543577], [-113.48582, 53.54315], [-113.4856, 53.54263], [-113.486261, 53.5419], [-113.487007, 53.541647], [-113.4877, 53.54142], [-113.488259, 53.54128], [-113.4896, 53.54118], [-113.490831, 53.54111], [-113.491473, 53.541135], [-113.492, 53.54111], [-113.493719, 53.541], [-113.495157, 53.540969], [-113.49535, 53.54097], [-113.496311, 53.54092], [-113.496796, 53.54092], [-113.49845, 53.54093], [-113.500263, 53.54093], [-113.50075, 53.54093], [-113.502051, 53.54093], [-113.50392, 53.54094], [-113.50478, 53.54061], [-113.50478, 53.54035], [-113.50478, 53.53997], [-113.50476, 53.53883], [-113.50477, 53.53822], [-113.504759, 53.53711], [-113.50464, 53.53677], [-113.50438, 53.53577], [-113.50464, 53.535977]]}, "properties": {"route_id": "130X", "route_short_name": "130X", "route_long_name": "130X \u2014 Baturyn - Eaux Claires - Government Centre", "category": "Local Bus"}}, {"type": "Feature", "geometry": {"type": "LineString", "coordinates": [[-113.444183, 53.499465], [-113.444991, 53.50017], [-113.44578, 53.50009], [-113.44725, 53.50134], [-113.44774, 53.50127], [-113.448401, 53.50092], [-113.448571, 53.50058], [-113.44859, 53.50005], [-113.449489, 53.499285], [-113.44976, 53.49908], [-113.45083, 53.49828], [-113.45197, 53.49746], [-113.45227, 53.49736], [-113.454521, 53.49709], [-113.45502, 53.49669], [-113.45503, 53.49555], [-113.455019, 53.49392], [-113.456501, 53.49392], [-113.4586, 53.49393], [-113.45924, 53.49392], [-113.460981, 53.49392], [-113.46256, 53.49391], [-113.463743, 53.49391], [-113.464411, 53.49391], [-113.465709, 53.49391], [-113.46684, 53.49391], [-113.468107, 53.49391], [-113.46915, 53.49391], [-113.47036, 53.49391], [-113.47136, 53.49391], [-113.47303, 53.49391], [-113.47327, 53.49391], [-113.47594, 53.49391], [-113.476751, 53.49391], [-113.477555, 53.49391], [-113.4794, 53.4939], [-113.479399, 53.49173], [-113.4794, 53.49071], [-113.47939, 53.489501], [-113.479389, 53.48922], [-113.479379, 53.48855], [-113.47937, 53.48781], [-113.479371, 53.48694], [-113.47937, 53.48633], [-113.47937, 53.48572], [-113.479359, 53.48477], [-113.479359, 53.48403], [-113.479363, 53.482863], [-113.47938, 53.48127], [-113.479379, 53.48081], [-113.479379, 53.48043], [-113.47942, 53.47932], [-113.47944, 53.478346], [-113.479441, 53.4779], [-113.479439, 53.47713], [-113.47943, 53.476202], [-113.479421, 53.47546], [-113.47942, 53.47443], [-113.47824, 53.4741], [-113.47686, 53.4741], [-113.476104, 53.474101], [-113.473351, 53.47411], [-113.472329, 53.47411], [-113.47029, 53.47411], [-113.469557, 53.474062], [-113.46876, 53.47405], [-113.466711, 53.47404], [-113.46545, 53.47406], [-113.459731, 53.47407], [-113.458401, 53.47395], [-113.45815, 53.4739], [-113.45696, 53.47362], [-113.45592, 53.47321], [-113.455269, 53.47287], [-113.45373, 53.47193], [-113.452121, 53.47282], [-113.45166, 53.47305], [-113.45108, 53.4733], [-113.45032, 53.47357], [-113.44944, 53.47381], [-113.448409, 53.47399], [-113.447825, 53.474074], [-113.447199, 53.47415], [-113.445931, 53.47419]]}, "properties": {"route_id": "503", "route_short_name": "503", "route_long_name": "503 \u2014 Davies - Millbourne - Woodvale", "category": "Local Bus"}}, {"type": "Feature", "geometry": {"type": "LineString", "coordinates": [[-113.672411, 53.638236], [-113.67235, 53.63796], [-113.672239, 53.63778], [-113.671881, 53.63783], [-113.67198, 53.63804], [-113.672416, 53.638637], [-113.67305, 53.63966], [-113.67255, 53.63989], [-113.67218, 53.64], [-113.67142, 53.64031], [-113.67075, 53.64069], [-113.670131, 53.6412], [-113.669839, 53.641522], [-113.668481, 53.64317], [-113.66799, 53.64401], [-113.66877, 53.64422], [-113.67088, 53.64517], [-113.671456, 53.645957], [-113.67134, 53.64745], [-113.671268, 53.647944], [-113.67128, 53.64988], [-113.67142, 53.65019], [-113.671843, 53.651298], [-113.67242, 53.6527], [-113.672609, 53.65347], [-113.672249, 53.65424], [-113.67101, 53.65507], [-113.670441, 53.65538], [-113.66974, 53.65563], [-113.669101, 53.65573], [-113.66783, 53.65576], [-113.666025, 53.655795], [-113.664121, 53.65521], [-113.6641, 53.65435], [-113.6638, 53.65349], [-113.662709, 53.6533], [-113.661071, 53.65358], [-113.66061, 53.65368], [-113.660129, 53.65381], [-113.65799, 53.65446], [-113.654429, 53.65592], [-113.653579, 53.65625], [-113.65332, 53.65634], [-113.6524, 53.65679], [-113.652479, 53.65757], [-113.65237, 53.6578], [-113.652301, 53.65797], [-113.6524, 53.6584], [-113.65238, 53.65914], [-113.652195, 53.659475], [-113.64898, 53.65978], [-113.64663, 53.65974], [-113.644634, 53.660361], [-113.643889, 53.66091], [-113.64334, 53.6618], [-113.643115, 53.662535], [-113.642861, 53.66286], [-113.64292, 53.66302], [-113.641249, 53.66464], [-113.64017, 53.66493], [-113.638689, 53.66501], [-113.63846, 53.66495], [-113.637781, 53.66507], [-113.63687, 53.6651], [-113.635109, 53.66539], [-113.633999, 53.664971], [-113.63338, 53.66438], [-113.63277, 53.66366], [-113.63225, 53.6629], [-113.631122, 53.661073], [-113.6302, 53.65916], [-113.63011, 53.65848], [-113.630259, 53.65735], [-113.62989, 53.65554], [-113.62955, 53.65437], [-113.629761, 53.65403], [-113.630411, 53.65391], [-113.63176, 53.65377], [-113.632662, 53.653676], [-113.63366, 53.65355], [-113.634939, 53.65338], [-113.63616, 53.6532], [-113.635865, 53.652821], [-113.635701, 53.65088], [-113.63406, 53.65077], [-113.6336, 53.650675], [-113.63277, 53.65026], [-113.63157, 53.64913], [-113.632059, 53.64798], [-113.63255, 53.6472], [-113.63267, 53.64678], [-113.63245, 53.64606], [-113.63222, 53.64548], [-113.632359, 53.64498], [-113.632789, 53.644626], [-113.633379, 53.64437], [-113.635175, 53.643731], [-113.63432, 53.64159], [-113.634069, 53.641], [-113.633406, 53.6411], [-113.631981, 53.64141], [-113.63128, 53.64168], [-113.63066, 53.64198], [-113.62966, 53.64242], [-113.62914, 53.64258], [-113.628612, 53.642331], [-113.6285, 53.64208], [-113.62811, 53.64155], [-113.6273, 53.64077], [-113.626741, 53.64025], [-113.62602, 53.64006], [-113.62566, 53.640187], [-113.62494, 53.64044], [-113.62387, 53.64047]]}, "properties": {"route_id": "A6", "route_short_name": "A6", "route_long_name": "A6 \u2014 Deer Ridge - North Ridge", "category": "Local Bus"}}, {"type": "Feature", "geometry": {"type": "LineString", "coordinates": [[-113.267924, 53.521989], [-113.26854, 53.52248], [-113.269339, 53.52289], [-113.27041, 53.523216], [-113.27096, 53.52334], [-113.272069, 53.52364], [-113.27356, 53.52429], [-113.27471, 53.52504], [-113.27606, 53.52628], [-113.277489, 53.52717], [-113.27823, 53.52754], [-113.27906, 53.52792], [-113.28057, 53.52842], [-113.28182, 53.52865], [-113.28315, 53.52876], [-113.285131, 53.52871], [-113.288401, 53.52858], [-113.289431, 53.52851], [-113.291701, 53.52823], [-113.29273, 53.52811], [-113.29408, 53.52806], [-113.295555, 53.528986], [-113.29555, 53.53035], [-113.29556, 53.53266], [-113.295559, 53.53372], [-113.295571, 53.5344], [-113.295568, 53.534752], [-113.29555, 53.5382], [-113.295531, 53.538777], [-113.29549, 53.53973], [-113.29549, 53.54107], [-113.29652, 53.54129], [-113.29924, 53.54128], [-113.30319, 53.54128], [-113.30748, 53.54127], [-113.308, 53.54141], [-113.30813, 53.54232], [-113.30483, 53.54262], [-113.30623, 53.54244]]}, "properties": {"route_id": "442", "route_short_name": "442", "route_long_name": "442 \u2014 Bethel - Nottingham", "category": "Local Bus"}}, {"type": "Feature", "geometry": {"type": "LineString", "coordinates": [[-113.307314, 53.543028], [-113.3041, 53.54334], [-113.30361, 53.54296], [-113.3028, 53.54232], [-113.3026, 53.54179], [-113.302591, 53.5411], [-113.29924, 53.54111], [-113.297799, 53.54109], [-113.296429, 53.54101], [-113.29604, 53.54083], [-113.295729, 53.53974], [-113.29572, 53.53948], [-113.29571, 53.53793], [-113.29571, 53.53436], [-113.29557, 53.53398], [-113.293901, 53.53397], [-113.293121, 53.53397], [-113.290311, 53.53397], [-113.290299, 53.53483], [-113.29024, 53.53542], [-113.289751, 53.53589], [-113.28892, 53.53614], [-113.286658, 53.536463], [-113.2847, 53.53675], [-113.2839, 53.53677], [-113.28327, 53.53662], [-113.282351, 53.53623], [-113.28154, 53.53589], [-113.28105, 53.53561], [-113.28025, 53.53439], [-113.279869, 53.53373], [-113.278909, 53.53263], [-113.27853, 53.53213], [-113.278539, 53.53158], [-113.278939, 53.53104], [-113.279891, 53.53053], [-113.281328, 53.529829], [-113.28281, 53.52904], [-113.28315, 53.52876], [-113.285131, 53.52871], [-113.288401, 53.52858], [-113.289431, 53.52851], [-113.291701, 53.52823], [-113.29273, 53.52811], [-113.29408, 53.52806], [-113.295741, 53.52797], [-113.29574, 53.52738], [-113.29574, 53.52647], [-113.295739, 53.526338], [-113.295829, 53.52581], [-113.29623, 53.52531], [-113.29658, 53.52502], [-113.2973, 53.52468], [-113.29653, 53.52396], [-113.29599, 53.5233], [-113.295099, 53.52336], [-113.29401, 53.52328], [-113.29356, 53.52319], [-113.292269, 53.52316], [-113.29018, 53.52338], [-113.29, 53.52297], [-113.28957, 53.52209], [-113.28874, 53.5213], [-113.288199, 53.5209], [-113.28666, 53.51892], [-113.28667, 53.518516], [-113.28674, 53.51812], [-113.2876, 53.51753], [-113.28866, 53.51702], [-113.289125, 53.516861], [-113.2915, 53.51606], [-113.292479, 53.51589], [-113.294307, 53.51587], [-113.29466, 53.51587], [-113.29549, 53.51588], [-113.2964, 53.51587], [-113.29702, 53.51573], [-113.298562, 53.51497], [-113.301663, 53.516351], [-113.30211, 53.51669], [-113.30276, 53.5175], [-113.30303, 53.51804], [-113.3033, 53.51857], [-113.303817, 53.519052], [-113.3042, 53.51929], [-113.305021, 53.51957], [-113.3063, 53.51973], [-113.30708, 53.5197], [-113.307821, 53.519541], [-113.30861, 53.51927], [-113.309321, 53.51884], [-113.30958, 53.51858], [-113.310161, 53.51763], [-113.310651, 53.51717], [-113.311019, 53.516925], [-113.313135, 53.515624], [-113.314549, 53.51475], [-113.31563, 53.51409], [-113.31616, 53.5138], [-113.31751, 53.51373], [-113.31807, 53.51373], [-113.32002, 53.51373], [-113.32059, 53.51372], [-113.321451, 53.51376], [-113.323581, 53.51387], [-113.32416, 53.51387], [-113.325129, 53.51385], [-113.326981, 53.51386], [-113.328399, 53.51386], [-113.33015, 53.51384], [-113.330161, 53.51307], [-113.33066, 53.51307], [-113.33066, 53.513532]]}, "properties": {"route_id": "443", "route_short_name": "443", "route_long_name": "443 \u2014 Bethel - Ordze - Glen Allan", "category": "Local Bus"}}, {"type": "Feature", "geometry": {"type": "LineString", "coordinates": [[-113.330656, 53.513668], [-113.33015, 53.51384], [-113.328399, 53.51386], [-113.326981, 53.51386], [-113.325129, 53.51385], [-113.32415, 53.5138], [-113.32379, 53.51379], [-113.32207, 53.51378], [-113.32091, 53.51365], [-113.32002, 53.51373], [-113.319985, 53.514344], [-113.32011, 53.51568], [-113.32107, 53.51567], [-113.321931, 53.5158], [-113.32249, 53.51607], [-113.322611, 53.51618], [-113.32273, 53.51667], [-113.322411, 53.51757], [-113.322399, 53.51771], [-113.322601, 53.51814], [-113.323, 53.51843], [-113.32387, 53.51883], [-113.32417, 53.51893], [-113.32485, 53.52012], [-113.325049, 53.521644], [-113.32601, 53.5218], [-113.32649, 53.52196], [-113.3273, 53.52247], [-113.3275, 53.52285], [-113.32747, 53.52362], [-113.327294, 53.523868], [-113.32681, 53.52416], [-113.32731, 53.52514], [-113.3275, 53.52564], [-113.3275, 53.52711], [-113.3275, 53.52788], [-113.32741, 53.52846], [-113.326599, 53.52935], [-113.3262, 53.52991], [-113.326161, 53.530186], [-113.325869, 53.53058], [-113.32402, 53.53058], [-113.323479, 53.53074], [-113.323489, 53.53105], [-113.32348, 53.53212], [-113.32346, 53.53261], [-113.323401, 53.53294], [-113.3233, 53.53403], [-113.32248, 53.53421], [-113.32149, 53.53445], [-113.32093, 53.53453], [-113.319947, 53.534988], [-113.31998, 53.53643], [-113.3215, 53.53642], [-113.322749, 53.53641], [-113.323509, 53.53642], [-113.324601, 53.53639], [-113.324577, 53.537008], [-113.32457, 53.53728], [-113.32434, 53.5381], [-113.32422, 53.53866], [-113.32402, 53.53939], [-113.32337, 53.53939], [-113.321471, 53.5394], [-113.321011, 53.5394], [-113.32017, 53.538954], [-113.32017, 53.53762], [-113.319451, 53.53762], [-113.318372, 53.537613], [-113.318091, 53.53759], [-113.31759, 53.53738], [-113.31733, 53.53735], [-113.31696, 53.53735], [-113.31627, 53.53721], [-113.315279, 53.53718], [-113.3124, 53.53743], [-113.31203, 53.53745], [-113.310459, 53.5373], [-113.310151, 53.53718], [-113.30981, 53.53725], [-113.308711, 53.53714], [-113.307829, 53.53698], [-113.30659, 53.53675], [-113.306031, 53.53665], [-113.30351, 53.53619], [-113.3027, 53.53593], [-113.300309, 53.5349], [-113.2993, 53.53456], [-113.29768, 53.53425], [-113.296269, 53.53401], [-113.29557, 53.53433], [-113.295568, 53.534752], [-113.29556, 53.53702], [-113.29555, 53.53837], [-113.295519, 53.53904], [-113.29546, 53.54053], [-113.29571, 53.54129], [-113.298959, 53.54128], [-113.302589, 53.54127], [-113.30608, 53.54128], [-113.307839, 53.54136], [-113.308139, 53.54174], [-113.308119, 53.54259], [-113.308, 53.543], [-113.305032, 53.543012]]}, "properties": {"route_id": "451", "route_short_name": "451", "route_long_name": "451 \u2014 Bethel - Ordze - Woodbridge", "category": "Local Bus"}}, {"type": "Feature", "geometry": {"type": "LineString", "coordinates": [[-113.281649, 53.556942], [-113.28039, 53.557], [-113.27863, 53.55687], [-113.276891, 53.55665], [-113.27532, 53.55645], [-113.274742, 53.556381], [-113.27391, 53.55628], [-113.272081, 53.55605], [-113.270921, 53.55593], [-113.2648, 53.55574], [-113.26099, 53.55564], [-113.25855, 53.55577], [-113.25851, 53.55788], [-113.25845, 53.55923], [-113.258311, 53.56015], [-113.257871, 53.56062], [-113.25735, 53.56088], [-113.257789, 53.56259], [-113.257779, 53.56308], [-113.25763, 53.56343], [-113.25684, 53.56432], [-113.256381, 53.56504], [-113.2558, 53.56576], [-113.25491, 53.56616], [-113.25361, 53.56628], [-113.25213, 53.56616]]}, "properties": {"route_id": "432", "route_short_name": "432", "route_long_name": "432 \u2014 Bethel - Summerwood", "category": "Local Bus"}}, {"type": "Feature", "geometry": {"type": "LineString", "coordinates": [[-113.267728, 53.551899], [-113.26909, 53.55106], [-113.265959, 53.54927], [-113.264719, 53.54855], [-113.2641, 53.54808], [-113.263789, 53.54771], [-113.26348, 53.54704], [-113.26358, 53.54645], [-113.264109, 53.54623], [-113.265101, 53.54606], [-113.266666, 53.545575], [-113.26757, 53.54531], [-113.26857, 53.54499], [-113.269689, 53.5447], [-113.27169, 53.544704], [-113.274441, 53.54487], [-113.27502, 53.5444], [-113.275541, 53.54415], [-113.27753, 53.54338], [-113.27784, 53.54343], [-113.27848, 53.54402], [-113.278949, 53.54465], [-113.279939, 53.5449], [-113.28059, 53.54478], [-113.283671, 53.54453], [-113.28462, 53.54454], [-113.285971, 53.54467], [-113.286301, 53.54479], [-113.28645, 53.54488], [-113.286811, 53.54488], [-113.28787, 53.54524], [-113.288469, 53.54555], [-113.2899, 53.54624], [-113.29011, 53.54649], [-113.29028, 53.54651], [-113.290669, 53.54663], [-113.290809, 53.546669], [-113.29182, 53.54681], [-113.294558, 53.546777], [-113.295571, 53.54676], [-113.2964, 53.54677], [-113.29751, 53.54675], [-113.29872, 53.54654], [-113.299702, 53.546303], [-113.300421, 53.54617], [-113.30212, 53.54597], [-113.302894, 53.545862], [-113.30371, 53.54552], [-113.304471, 53.54467], [-113.304569, 53.54398], [-113.304119, 53.54336], [-113.30485, 53.54271]]}, "properties": {"route_id": "433", "route_short_name": "433", "route_long_name": "433 \u2014 Bethel - Clarkdale", "category": "Local Bus"}}, {"type": "Feature", "geometry": {"type": "LineString", "coordinates": [[-113.259105, 53.528675], [-113.25845, 53.52877], [-113.257709, 53.52879], [-113.25563, 53.5286], [-113.25536, 53.5285], [-113.253279, 53.52771], [-113.252629, 53.52762], [-113.252483, 53.527213], [-113.25248, 53.52694], [-113.25249, 53.52559], [-113.25249, 53.52498], [-113.252479, 53.52449], [-113.25252, 53.52339], [-113.252961, 53.52277], [-113.25349, 53.52243], [-113.25396, 53.52227], [-113.25389, 53.52137], [-113.25388, 53.52046], [-113.25383, 53.51922], [-113.25368, 53.51882], [-113.2529, 53.51798], [-113.252231, 53.517508], [-113.25177, 53.51691], [-113.25189, 53.51628], [-113.252831, 53.51559], [-113.253491, 53.51543], [-113.25387, 53.5154], [-113.255259, 53.51542], [-113.25612, 53.51545], [-113.25832, 53.51551], [-113.25924, 53.51551], [-113.25989, 53.51549], [-113.26288, 53.51549], [-113.263736, 53.515508], [-113.2646, 53.51565], [-113.265421, 53.51607], [-113.26692, 53.51604], [-113.26788, 53.51589], [-113.268119, 53.51589], [-113.268679, 53.51595], [-113.269751, 53.51616], [-113.27063, 53.51605], [-113.270611, 53.5149], [-113.27069, 53.51256], [-113.270809, 53.51236], [-113.27097, 53.51223], [-113.27201, 53.51216], [-113.27395, 53.51216], [-113.27482, 53.51216], [-113.276411, 53.51216], [-113.277487, 53.51216], [-113.28065, 53.51216], [-113.29473, 53.51219], [-113.29649, 53.51218], [-113.29997, 53.51218], [-113.29996, 53.51082], [-113.30015, 53.51064], [-113.3006, 53.51048], [-113.30177, 53.51011], [-113.302019, 53.51007], [-113.302281, 53.50985], [-113.303098, 53.509665], [-113.303911, 53.50964], [-113.306148, 53.509749], [-113.30669, 53.51004], [-113.30755, 53.51101], [-113.30821, 53.51132], [-113.30839, 53.51204], [-113.31082, 53.51218], [-113.314421, 53.51218], [-113.31649, 53.5122], [-113.31926, 53.51219], [-113.321491, 53.5122], [-113.32377, 53.51221], [-113.324981, 53.5122], [-113.32641, 53.5122], [-113.33017, 53.51273], [-113.330659, 53.51299], [-113.330661, 53.513298]]}, "properties": {"route_id": "441", "route_short_name": "441", "route_long_name": "441 \u2014 Bethel - Ordze - Regency", "category": "Local Bus"}}, {"type": "Feature", "geometry": {"type": "LineString", "coordinates": [[-113.309057, 53.524374], [-113.309141, 53.52508], [-113.309021, 53.52561], [-113.30873, 53.52613], [-113.308261, 53.52736], [-113.307999, 53.528057], [-113.307869, 53.52833], [-113.30739, 53.52871], [-113.305569, 53.52943], [-113.303591, 53.53017], [-113.303339, 53.53022], [-113.302659, 53.53031], [-113.30103, 53.53036], [-113.29904, 53.530349], [-113.29757, 53.53035], [-113.29573, 53.53035], [-113.295553, 53.530901], [-113.295551, 53.53333], [-113.29557, 53.53433], [-113.295568, 53.534752], [-113.29556, 53.53702], [-113.29555, 53.53837], [-113.295519, 53.53904], [-113.29546, 53.54053], [-113.295469, 53.54178], [-113.295519, 53.543046], [-113.29552, 53.54343], [-113.29552, 53.54452], [-113.29556, 53.54641], [-113.29621, 53.54677], [-113.29699, 53.54677], [-113.29806, 53.54667], [-113.29937, 53.54637], [-113.299961, 53.54625], [-113.3016, 53.54603], [-113.302894, 53.545862], [-113.30334, 53.54573], [-113.304271, 53.545], [-113.304601, 53.5442], [-113.304299, 53.54352], [-113.30482, 53.54284]]}, "properties": {"route_id": "450", "route_short_name": "450", "route_long_name": "450 \u2014 Bethel - Centre In The Park", "category": "Local Bus"}}, {"type": "Feature", "geometry": {"type": "LineString", "coordinates": [[-113.537905, 53.623866], [-113.53738, 53.62429], [-113.536569, 53.62463], [-113.535386, 53.625005], [-113.534201, 53.62546], [-113.53332, 53.62607], [-113.5327, 53.62666], [-113.531345, 53.627537], [-113.53076, 53.62768], [-113.5288, 53.62773], [-113.527749, 53.627731], [-113.526619, 53.62768], [-113.524869, 53.62669], [-113.522471, 53.62614], [-113.522697, 53.625799], [-113.52324, 53.62484], [-113.523469, 53.62429], [-113.522967, 53.623159], [-113.52235, 53.62319], [-113.52076, 53.62312], [-113.51892, 53.62269], [-113.51903, 53.62247], [-113.51931, 53.62164], [-113.51938, 53.62093], [-113.51932, 53.62032], [-113.51905, 53.61949], [-113.51893, 53.61926], [-113.51828, 53.61833], [-113.51778, 53.6177], [-113.51746, 53.61725], [-113.51705, 53.61686], [-113.516706, 53.616516], [-113.516961, 53.61609], [-113.516819, 53.61497], [-113.51683, 53.61412], [-113.51683, 53.61296], [-113.516823, 53.611611], [-113.516831, 53.60988], [-113.51682, 53.60775], [-113.516819, 53.606762], [-113.51682, 53.604027], [-113.516816, 53.601754], [-113.51683, 53.60083], [-113.51683, 53.60066], [-113.51682, 53.60009], [-113.516809, 53.59955], [-113.5168, 53.59908], [-113.51679, 53.59871], [-113.516789, 53.59787], [-113.51677, 53.59576], [-113.51675, 53.59492], [-113.516738, 53.594656], [-113.51666, 53.59228], [-113.51588, 53.59215], [-113.51511, 53.59213], [-113.513929, 53.59211], [-113.507825, 53.592093], [-113.504031, 53.59207], [-113.500022, 53.592072], [-113.4966, 53.59204], [-113.49546, 53.59204], [-113.494611, 53.59205], [-113.49294, 53.59208], [-113.49203, 53.59204], [-113.49203, 53.59149], [-113.49203, 53.59049], [-113.492039, 53.58959], [-113.49207, 53.5889], [-113.49208, 53.58846], [-113.492091, 53.58769], [-113.492081, 53.58689], [-113.49208, 53.58661], [-113.49207, 53.5856], [-113.49207, 53.58479], [-113.49207, 53.584], [-113.49206, 53.58346], [-113.49206, 53.58278], [-113.49207, 53.5822], [-113.49215, 53.58148], [-113.4923, 53.58042], [-113.49232, 53.57893], [-113.492279, 53.57673], [-113.49229, 53.57624], [-113.4923, 53.57511], [-113.4923, 53.5735], [-113.49232, 53.57155], [-113.49231, 53.57117], [-113.49224, 53.57082], [-113.49206, 53.57037], [-113.491922, 53.570036], [-113.491891, 53.56987], [-113.491921, 53.56963], [-113.49194, 53.56915], [-113.49192, 53.56804], [-113.49191, 53.56698], [-113.491899, 53.56575], [-113.49188, 53.56361], [-113.49187, 53.56212], [-113.491861, 53.56053], [-113.49188, 53.55968], [-113.491901, 53.55922], [-113.49191, 53.5587], [-113.49193, 53.5585], [-113.49195, 53.55824], [-113.491911, 53.55788], [-113.4918, 53.55755], [-113.49141, 53.55659], [-113.49105, 53.55573], [-113.49066, 53.55478], [-113.49021, 53.55373], [-113.48993, 53.55306], [-113.489671, 53.55238], [-113.489511, 53.55201], [-113.489262, 53.551448], [-113.4891, 53.55105], [-113.48873, 53.55019], [-113.488361, 53.54927], [-113.48802, 53.54846], [-113.48762, 53.5475], [-113.48743, 53.54703], [-113.48717, 53.5464], [-113.48705, 53.54611], [-113.486919, 53.54581], [-113.48656, 53.54493], [-113.48627, 53.54427], [-113.485994, 53.543577], [-113.48572, 53.54291], [-113.48543, 53.54219], [-113.486511, 53.54181], [-113.487007, 53.541647], [-113.487921, 53.54136], [-113.488571, 53.54124], [-113.489741, 53.54117], [-113.49112, 53.5411], [-113.491473, 53.541135], [-113.492601, 53.54107], [-113.49464, 53.54097], [-113.495157, 53.540969], [-113.49557, 53.54092], [-113.49646, 53.54092], [-113.49689, 53.54092], [-113.49924, 53.54093], [-113.500263, 53.54093], [-113.501111, 53.54093], [-113.50294, 53.54094], [-113.50434, 53.54094], [-113.50478, 53.540393], [-113.504781, 53.54031], [-113.504781, 53.53993], [-113.50477, 53.538241], [-113.504769, 53.53806], [-113.50475, 53.53702], [-113.504381, 53.53659]]}, "properties": {"route_id": "150X", "route_short_name": "150X", "route_long_name": "150X \u2014 Dunluce - Castle Downs - Government Centre", "category": "Local Bus"}}, {"type": "Feature", "geometry": {"type": "LineString", "coordinates": [[-113.593053, 53.61566], [-113.59191, 53.61561], [-113.5914, 53.6153], [-113.59094, 53.61507], [-113.59084, 53.61341], [-113.59084, 53.61275], [-113.59092, 53.61225], [-113.59122, 53.61176], [-113.59281, 53.61267], [-113.59376, 53.61322], [-113.59476, 53.6138], [-113.595669, 53.61436], [-113.59707, 53.61519], [-113.59855, 53.61603], [-113.60015, 53.6169], [-113.600819, 53.61727], [-113.60161, 53.6177], [-113.60281, 53.61834], [-113.603959, 53.61891], [-113.60534, 53.61965], [-113.606599, 53.62027], [-113.60701, 53.62046], [-113.60785, 53.62084], [-113.60854, 53.62127], [-113.60882, 53.62152], [-113.608869, 53.62175], [-113.608559, 53.62209], [-113.60779, 53.62277], [-113.607449, 53.62328], [-113.608171, 53.62359], [-113.609458, 53.624165], [-113.61248, 53.62552], [-113.61311, 53.6259], [-113.613315, 53.626038], [-113.61422, 53.6267], [-113.616099, 53.628039], [-113.61716, 53.62884], [-113.61738, 53.62926], [-113.617359, 53.62974], [-113.616231, 53.63086], [-113.615685, 53.631295], [-113.61449, 53.63228], [-113.613421, 53.63245], [-113.61247, 53.63206], [-113.610472, 53.631185], [-113.60903, 53.63054], [-113.607232, 53.62976], [-113.60481, 53.62877], [-113.60337, 53.62875], [-113.6022, 53.62877], [-113.60139, 53.62875], [-113.60083, 53.6285], [-113.59996, 53.62922], [-113.599516, 53.629579], [-113.59811, 53.63073], [-113.59717, 53.6315], [-113.597841, 53.631826], [-113.60005, 53.63278], [-113.600749, 53.63333], [-113.600323, 53.633528], [-113.59968, 53.63388], [-113.59881, 53.63454], [-113.597989, 53.635228], [-113.59691, 53.63611], [-113.595137, 53.637599], [-113.59475, 53.63791], [-113.59391, 53.6386], [-113.593619, 53.638841], [-113.59405, 53.63949], [-113.594689, 53.63985], [-113.59494, 53.64032], [-113.59482, 53.64076], [-113.59495, 53.641407], [-113.595939, 53.64194], [-113.59652, 53.64248], [-113.59696, 53.64308], [-113.597669, 53.64401], [-113.597939, 53.64423], [-113.59908, 53.64481], [-113.600489, 53.64515], [-113.60011, 53.64592], [-113.599791, 53.64629], [-113.599445, 53.64654], [-113.59818, 53.64708], [-113.597331, 53.64749], [-113.597149, 53.64764], [-113.59689, 53.64824], [-113.597169, 53.64888], [-113.597523, 53.649238], [-113.59785, 53.64954], [-113.5984, 53.64983], [-113.59927, 53.65001], [-113.601037, 53.649818], [-113.60322, 53.64955], [-113.60346, 53.64883], [-113.603823, 53.648126], [-113.604101, 53.64744], [-113.60408, 53.64691], [-113.604661, 53.64674], [-113.60592, 53.6463], [-113.606919, 53.64551], [-113.607701, 53.64476], [-113.608727, 53.644433], [-113.60974, 53.64489], [-113.61105, 53.64541], [-113.613001, 53.64432], [-113.61318, 53.64425], [-113.61441, 53.6433], [-113.61486, 53.64192], [-113.61399, 53.64148], [-113.61373, 53.64101], [-113.613744, 53.640885], [-113.61418, 53.63989], [-113.61488, 53.63885], [-113.615611, 53.63851], [-113.616386, 53.638378], [-113.61722, 53.63843], [-113.618778, 53.638082], [-113.61895, 53.63781], [-113.61915, 53.63741], [-113.620041, 53.63703], [-113.62228, 53.63622], [-113.622689, 53.63604], [-113.62334, 53.63611], [-113.623729, 53.63677], [-113.62381, 53.637], [-113.62387, 53.6376], [-113.62337, 53.63789], [-113.623101, 53.6381], [-113.62329, 53.63877], [-113.62354, 53.63948], [-113.623698, 53.640451]]}, "properties": {"route_id": "A33", "route_short_name": "A33", "route_long_name": "A33 \u2014 Sturgeon - Forest Lawn - Woodlands - Braeside", "category": "Local Bus"}}, {"type": "Feature", "geometry": {"type": "LineString", "coordinates": [[-113.306179, 53.542701], [-113.30814, 53.54245], [-113.30942, 53.54258], [-113.310529, 53.54293], [-113.311359, 53.543384], [-113.312019, 53.54371], [-113.31278, 53.54387], [-113.313499, 53.54399], [-113.3138, 53.54403], [-113.31448, 53.54391], [-113.314964, 53.543937], [-113.31556, 53.54401], [-113.317031, 53.54449], [-113.317919, 53.54477], [-113.318671, 53.54486], [-113.318883, 53.54486], [-113.31991, 53.54587], [-113.319911, 53.54666], [-113.31991, 53.54875], [-113.319921, 53.54952], [-113.319839, 53.54989], [-113.3196, 53.55007], [-113.31886, 53.5501], [-113.318391, 53.549991], [-113.317931, 53.54988], [-113.31731, 53.54984], [-113.31566, 53.55003], [-113.314339, 53.55008], [-113.31397, 53.55008], [-113.31334, 53.55011], [-113.312811, 53.55018], [-113.31262, 53.55013], [-113.312421, 53.55022], [-113.31223, 53.55051], [-113.31193, 53.55098], [-113.31187, 53.55164], [-113.31184, 53.55245], [-113.311831, 53.553002], [-113.311769, 53.554399], [-113.31171, 53.55568], [-113.311709, 53.5563], [-113.31234, 53.55715], [-113.313319, 53.55743], [-113.31439, 53.55748], [-113.315839, 53.55774], [-113.316469, 53.55872], [-113.31642, 53.56018], [-113.31641, 53.56145], [-113.316411, 53.56218], [-113.316457, 53.564267], [-113.31646, 53.56445], [-113.316451, 53.56551], [-113.31642, 53.56609], [-113.3179, 53.56584], [-113.31843, 53.56576], [-113.31935, 53.56578], [-113.32126, 53.56578], [-113.32221, 53.56586], [-113.322811, 53.56594], [-113.32379, 53.56596], [-113.325447, 53.56595], [-113.326181, 53.56532], [-113.326166, 53.564494], [-113.324503, 53.562896], [-113.3201, 53.5629], [-113.320101, 53.5606], [-113.32108, 53.55975], [-113.32339, 53.55974], [-113.32357, 53.56042], [-113.32525, 53.56017]]}, "properties": {"route_id": "420", "route_short_name": "420", "route_long_name": "420 \u2014 Bethel - Millennium Place", "category": "Local Bus"}}, {"type": "Feature", "geometry": {"type": "LineString", "coordinates": [[-113.623698, 53.640451], [-113.62429, 53.64057], [-113.624959, 53.63975], [-113.62478, 53.6392], [-113.624661, 53.6388], [-113.624578, 53.638543], [-113.62416, 53.63728], [-113.62399, 53.63681], [-113.623801, 53.63622], [-113.6241, 53.63554], [-113.62459, 53.6354], [-113.62533, 53.63513], [-113.62634, 53.63473], [-113.62566, 53.63407], [-113.624861, 53.63331], [-113.624379, 53.63286], [-113.62387, 53.63239], [-113.62293, 53.63195], [-113.622635, 53.632009], [-113.62194, 53.63214], [-113.6199, 53.63253], [-113.61875, 53.63293], [-113.61821, 53.63313], [-113.616149, 53.63363], [-113.61427, 53.63281], [-113.613811, 53.63262], [-113.613362, 53.632426], [-113.610949, 53.6314], [-113.607731, 53.62997], [-113.60671, 53.63076], [-113.60601, 53.63148], [-113.60564, 53.63209], [-113.6061, 53.63268], [-113.60752, 53.63295], [-113.60723, 53.6334], [-113.60703, 53.63376], [-113.606769, 53.63465], [-113.606861, 53.63557], [-113.607077, 53.636067], [-113.607839, 53.63697], [-113.606929, 53.63729], [-113.60622, 53.6376], [-113.60556, 53.63805], [-113.604791, 53.63865], [-113.603691, 53.63955], [-113.602961, 53.64015], [-113.601519, 53.64131], [-113.60025, 53.64204], [-113.59908, 53.64242], [-113.59789, 53.64272], [-113.596246, 53.643127], [-113.59557, 53.64329], [-113.59405, 53.64375], [-113.59318, 53.64399], [-113.592801, 53.64379], [-113.59173, 53.64316], [-113.590771, 53.6426], [-113.59152, 53.64215], [-113.593809, 53.64142], [-113.59458, 53.64103], [-113.59482, 53.64076], [-113.59494, 53.64032], [-113.594689, 53.63985], [-113.59405, 53.63949], [-113.592651, 53.63906], [-113.59211, 53.63889], [-113.59122, 53.63864], [-113.590779, 53.63855], [-113.59008, 53.63853], [-113.58935, 53.6388], [-113.588859, 53.63916], [-113.588681, 53.63919], [-113.58817, 53.638989], [-113.58777, 53.63891], [-113.58711, 53.63887], [-113.586279, 53.63889], [-113.58516, 53.63906], [-113.584459, 53.63928], [-113.58421, 53.63939], [-113.58315, 53.64008], [-113.582691, 53.64064], [-113.582501, 53.6412], [-113.58246, 53.641485], [-113.582541, 53.64203], [-113.579772, 53.642289], [-113.57879, 53.64234], [-113.57778, 53.64236], [-113.575879, 53.64235], [-113.575881, 53.64178], [-113.575935, 53.639566], [-113.575831, 53.63877], [-113.575209, 53.63829], [-113.574829, 53.6379], [-113.57473, 53.63756], [-113.574726, 53.636859], [-113.57472, 53.63612], [-113.57785, 53.6361], [-113.58069, 53.6361], [-113.583765, 53.635523], [-113.583771, 53.63475], [-113.583756, 53.633491], [-113.58422, 53.63229], [-113.58458, 53.63191], [-113.58545, 53.63137], [-113.586811, 53.63079], [-113.587829, 53.63039], [-113.58827, 53.63024], [-113.58914, 53.63004], [-113.59049, 53.63004], [-113.591857, 53.629383], [-113.59193, 53.62809], [-113.59255, 53.62746], [-113.593431, 53.626969], [-113.596411, 53.62537], [-113.597231, 53.624775], [-113.597699, 53.62418], [-113.5982, 53.6238], [-113.599, 53.6235], [-113.600121, 53.6234], [-113.600355, 53.623429], [-113.601141, 53.62357], [-113.60288, 53.6243], [-113.60344, 53.62455], [-113.60465, 53.62508], [-113.60576, 53.62467], [-113.607449, 53.62328], [-113.6079, 53.62292], [-113.60893, 53.62208], [-113.60972, 53.62142], [-113.608101, 53.62069], [-113.60749, 53.6204], [-113.606409, 53.61988], [-113.60568, 53.61952], [-113.60515, 53.61925], [-113.6044, 53.61888], [-113.60336, 53.61836], [-113.602261, 53.6178], [-113.60157, 53.61743], [-113.60102, 53.61715], [-113.6004, 53.61681], [-113.599689, 53.61642], [-113.598391, 53.61569], [-113.59743, 53.61514], [-113.596691, 53.61471], [-113.595889, 53.61426], [-113.59472, 53.61358], [-113.592909, 53.61253], [-113.591341, 53.61162], [-113.59086, 53.61193], [-113.59065, 53.61238], [-113.59064, 53.61301], [-113.59064, 53.6144], [-113.590641, 53.61526], [-113.59177, 53.61535]]}, "properties": {"route_id": "A32", "route_short_name": "A32", "route_long_name": "A32 \u2014 Akinsdale - Campbell - Pineview - Forest Lawn", "category": "Local Bus"}}, {"type": "Feature", "geometry": {"type": "LineString", "coordinates": [[-113.490546, 53.599751], [-113.49125, 53.59981], [-113.491361, 53.6002], [-113.49061, 53.59994], [-113.48883, 53.59994], [-113.4883, 53.59991], [-113.48816, 53.59943], [-113.488151, 53.59892], [-113.48765, 53.59849], [-113.486841, 53.59845], [-113.486251, 53.5984], [-113.48523, 53.59834], [-113.485208, 53.598036], [-113.48519, 53.59718], [-113.48348, 53.59678], [-113.482878, 53.59673], [-113.481651, 53.59643], [-113.479952, 53.595913], [-113.478749, 53.5964], [-113.47776, 53.59666], [-113.47673, 53.59677], [-113.47529, 53.59669], [-113.47467, 53.596569], [-113.47375, 53.59626], [-113.47202, 53.59542], [-113.471445, 53.595293], [-113.47091, 53.59528], [-113.46757, 53.59532], [-113.467248, 53.595717], [-113.467269, 53.59686], [-113.465937, 53.596876], [-113.46486, 53.59684], [-113.46311, 53.59608], [-113.462109, 53.595837], [-113.46105, 53.59626], [-113.459118, 53.596732], [-113.457651, 53.59681], [-113.455469, 53.59682], [-113.455471, 53.59859], [-113.45545, 53.5996], [-113.45545, 53.60041], [-113.456299, 53.60077], [-113.457059, 53.601377], [-113.45723, 53.60162], [-113.45763, 53.60171], [-113.45823, 53.60229], [-113.458559, 53.60229], [-113.458559, 53.60171], [-113.45763, 53.60171], [-113.45723, 53.60162], [-113.456714, 53.60162], [-113.4555, 53.60162], [-113.454659, 53.60258], [-113.451958, 53.60257], [-113.44866, 53.60256], [-113.447896, 53.60256], [-113.44762, 53.60265], [-113.44734, 53.60324], [-113.446039, 53.60324], [-113.445831, 53.603431], [-113.44584, 53.60482], [-113.4447, 53.60479], [-113.444499, 53.60479], [-113.44421, 53.60459], [-113.44432, 53.60258], [-113.44432, 53.60241], [-113.445631, 53.60124], [-113.446811, 53.60122], [-113.44787, 53.60122], [-113.44787, 53.59978], [-113.44968, 53.599774], [-113.45157, 53.59977], [-113.45451, 53.59977], [-113.45545, 53.60041], [-113.456299, 53.60077], [-113.457059, 53.601377], [-113.45723, 53.60162], [-113.45763, 53.60171], [-113.45823, 53.60229]]}, "properties": {"route_id": "128", "route_short_name": "128", "route_long_name": "128 \u2014 Northgate - Londonderry", "category": "Local Bus"}}, {"type": "Feature", "geometry": {"type": "LineString", "coordinates": [[-113.3309, 53.513317], [-113.33089, 53.51384], [-113.33015, 53.51384], [-113.330161, 53.51307], [-113.33017, 53.51273], [-113.33213, 53.5122], [-113.33454, 53.51221], [-113.33746, 53.51223], [-113.33823, 53.51226], [-113.33893, 53.51231], [-113.340039, 53.51242], [-113.340631, 53.5125], [-113.34182, 53.51268], [-113.34334, 53.51295], [-113.34439, 53.51313], [-113.34599, 53.51339], [-113.3515, 53.51432], [-113.35467, 53.51484], [-113.357599, 53.51533], [-113.360991, 53.5159], [-113.364269, 53.51644], [-113.36656, 53.51681], [-113.36847, 53.51714], [-113.36928, 53.51729], [-113.37089, 53.51753], [-113.3725, 53.51768], [-113.37438, 53.51775], [-113.377901, 53.51766], [-113.38126, 53.51756], [-113.38767, 53.51738], [-113.389429, 53.51732], [-113.393231, 53.5172], [-113.39427, 53.51716], [-113.39694, 53.51708], [-113.39854, 53.51704], [-113.40054, 53.51697], [-113.40201, 53.51688], [-113.40415, 53.51664], [-113.40712, 53.51619], [-113.40986, 53.51576], [-113.411841, 53.51546], [-113.413549, 53.5152], [-113.416901, 53.51468], [-113.41833, 53.51446], [-113.41929, 53.51434], [-113.42063, 53.51428], [-113.42178, 53.51433], [-113.423709, 53.51466], [-113.424691, 53.51489], [-113.426339, 53.51527], [-113.42814, 53.5157], [-113.430751, 53.5163], [-113.43376, 53.51698], [-113.435299, 53.51733], [-113.43704, 53.51772], [-113.437369, 53.51779], [-113.43832, 53.51798], [-113.43913, 53.51807], [-113.44004, 53.51811], [-113.440929, 53.51811], [-113.44154, 53.51811], [-113.44237, 53.5181], [-113.443509, 53.5181], [-113.44417, 53.5181], [-113.44491, 53.51808], [-113.44561, 53.51805], [-113.44814, 53.51806], [-113.451331, 53.51806], [-113.452069, 53.51806], [-113.45273, 53.51809], [-113.45445, 53.51808], [-113.4551, 53.51808], [-113.455851, 53.51809], [-113.45731, 53.51809], [-113.45815, 53.51808], [-113.458619, 53.51805], [-113.46046, 53.51805], [-113.464381, 53.51805], [-113.46693, 53.51804], [-113.467971, 53.51804], [-113.468841, 53.51804], [-113.46994, 53.51803], [-113.471019, 53.51803], [-113.473139, 53.51803], [-113.47525, 53.51804], [-113.475709, 53.51809], [-113.47667, 53.51809], [-113.47972, 53.5181], [-113.484061, 53.5181], [-113.48568, 53.5181], [-113.487679, 53.5181], [-113.49019, 53.51811], [-113.49128, 53.51811], [-113.49335, 53.51811], [-113.49452, 53.51812], [-113.49572, 53.51812], [-113.49765, 53.51812], [-113.49896, 53.51812], [-113.499589, 53.51808], [-113.50049, 53.51808], [-113.501271, 53.51808], [-113.50222, 53.51808], [-113.5046, 53.51807], [-113.505321, 53.51807], [-113.5063, 53.51808], [-113.50747, 53.51815], [-113.509339, 53.51815], [-113.512061, 53.51816], [-113.5139, 53.51817], [-113.51585, 53.51817], [-113.51673, 53.51817], [-113.51781, 53.51818], [-113.519299, 53.51818], [-113.519819, 53.51818], [-113.52045, 53.51818], [-113.52075, 53.51855], [-113.520751, 53.51863], [-113.52082, 53.51982], [-113.521419, 53.52003], [-113.52183, 53.51989], [-113.52248, 53.51947], [-113.522729, 53.5194], [-113.52333, 53.51933], [-113.52556, 53.51935], [-113.52563, 53.52064], [-113.52563, 53.52089], [-113.525639, 53.5217], [-113.52564, 53.52288], [-113.52569, 53.52394], [-113.52564, 53.52463], [-113.52539, 53.52481], [-113.52474, 53.52481], [-113.52357, 53.52481]]}, "properties": {"route_id": "404", "route_short_name": "404", "route_long_name": "404 \u2014 Ordze - University Of Alberta", "category": "Local Bus"}}, {"type": "Feature", "geometry": {"type": "LineString", "coordinates": [[-113.592418, 53.61566], [-113.59191, 53.61561], [-113.5914, 53.6153], [-113.59094, 53.61507], [-113.59084, 53.61341], [-113.59084, 53.61275], [-113.59092, 53.61225], [-113.59122, 53.61176], [-113.59281, 53.61267], [-113.59376, 53.61322], [-113.59476, 53.6138], [-113.595669, 53.61436], [-113.59707, 53.61519], [-113.59855, 53.61603], [-113.60015, 53.6169], [-113.600819, 53.61727], [-113.60161, 53.6177], [-113.60281, 53.61834], [-113.603959, 53.61891], [-113.60534, 53.61965], [-113.606599, 53.62027], [-113.607499, 53.62068], [-113.6087, 53.62125], [-113.60972, 53.62142], [-113.610699, 53.62062], [-113.611389, 53.62006], [-113.611752, 53.619753], [-113.61249, 53.61915], [-113.613049, 53.61949], [-113.6136, 53.6199], [-113.61418, 53.62034], [-113.61534, 53.62121], [-113.61617, 53.62186], [-113.616911, 53.62186], [-113.61759, 53.62177], [-113.6195, 53.62155], [-113.619259, 53.62086], [-113.619148, 53.620474], [-113.61901, 53.61954], [-113.61906, 53.61829], [-113.619154, 53.616168], [-113.619169, 53.61559], [-113.619318, 53.613635], [-113.61934, 53.6131], [-113.619809, 53.6123], [-113.61963, 53.61197], [-113.61945, 53.61173], [-113.61938, 53.61117], [-113.619861, 53.61048], [-113.620153, 53.610227], [-113.6213, 53.60955], [-113.622511, 53.60914], [-113.623624, 53.608673], [-113.62523, 53.60796], [-113.626689, 53.60768], [-113.628173, 53.607667], [-113.62865, 53.60774], [-113.630281, 53.60841], [-113.63073, 53.60813], [-113.63164, 53.60775], [-113.63235, 53.60762], [-113.634103, 53.607579], [-113.635061, 53.60763], [-113.63597, 53.60798], [-113.636401, 53.60851], [-113.636519, 53.61035], [-113.636531, 53.61063], [-113.63646, 53.61159], [-113.635921, 53.61214], [-113.635341, 53.61246], [-113.634783, 53.612604], [-113.634429, 53.61265], [-113.633081, 53.61275], [-113.63088, 53.61332], [-113.63089, 53.61352], [-113.6309, 53.6155], [-113.63136, 53.61704], [-113.631956, 53.616946], [-113.633591, 53.61669], [-113.63515, 53.616475], [-113.637399, 53.61611], [-113.638221, 53.61584], [-113.639169, 53.61571], [-113.63945, 53.61594], [-113.639919, 53.61619], [-113.64067, 53.61646], [-113.641248, 53.616673], [-113.64182, 53.61701], [-113.64214, 53.6174], [-113.642221, 53.61802], [-113.641865, 53.619848], [-113.64169, 53.62073], [-113.64139, 53.62157], [-113.64123, 53.62187], [-113.63892, 53.6216], [-113.636481, 53.62121], [-113.63501, 53.62175], [-113.63487, 53.62189], [-113.632311, 53.62292], [-113.63119, 53.62335], [-113.629479, 53.624], [-113.62816, 53.62451], [-113.627561, 53.62476], [-113.62675, 53.62684], [-113.62645, 53.62763], [-113.62615, 53.62803], [-113.62515, 53.62843], [-113.625779, 53.62928], [-113.626729, 53.63022], [-113.62705, 53.63053], [-113.627481, 53.63091], [-113.62775, 53.6312], [-113.627761, 53.63139], [-113.627489, 53.63147], [-113.62758, 53.63167], [-113.627401, 53.63211], [-113.62737, 53.63217], [-113.627089, 53.6326], [-113.62714, 53.63316], [-113.627401, 53.633623], [-113.62748, 53.63389], [-113.627419, 53.6341], [-113.62707, 53.63441], [-113.62634, 53.63473], [-113.62575, 53.63496], [-113.625121, 53.6352], [-113.62445, 53.63545], [-113.623649, 53.63573], [-113.62363, 53.63642], [-113.62376, 53.63686], [-113.62386, 53.63717], [-113.6238, 53.63767], [-113.623239, 53.63796], [-113.6231, 53.63816], [-113.62335, 53.63896], [-113.62359, 53.63965]]}, "properties": {"route_id": "A31", "route_short_name": "A31", "route_long_name": "A31 \u2014 Heritage Lakes - The Gardens", "category": "Local Bus"}}, {"type": "Feature", "geometry": {"type": "LineString", "coordinates": [[-113.542504, 53.628798], [-113.54371, 53.62878], [-113.54442, 53.62877], [-113.545283, 53.62871], [-113.54606, 53.62871], [-113.548072, 53.62872], [-113.54899, 53.62872], [-113.55034, 53.62872], [-113.550858, 53.628721], [-113.55203, 53.62873], [-113.55341, 53.62873], [-113.55442, 53.62873], [-113.55549, 53.62873], [-113.556276, 53.628729], [-113.5572, 53.62873], [-113.55848, 53.62872], [-113.559461, 53.62836], [-113.559347, 53.626776], [-113.55984, 53.62637], [-113.560781, 53.62572], [-113.560811, 53.625124], [-113.56084, 53.62319], [-113.56083, 53.62138], [-113.55974, 53.62138], [-113.55801, 53.62136], [-113.556903, 53.62128], [-113.55349, 53.62128], [-113.552847, 53.621633], [-113.552749, 53.62274], [-113.55229, 53.62347], [-113.551831, 53.6237], [-113.54877, 53.62383], [-113.54745, 53.62385], [-113.54522, 53.62365], [-113.5445, 53.62314], [-113.544249, 53.62281], [-113.54367, 53.62188], [-113.54369, 53.62032], [-113.543665, 53.619642], [-113.54375, 53.61892], [-113.544149, 53.6185], [-113.545001, 53.61804], [-113.54639, 53.61783], [-113.54749, 53.61756], [-113.548681, 53.61691], [-113.54941, 53.61668], [-113.550089, 53.61661], [-113.552029, 53.61679], [-113.552656, 53.6168], [-113.55419, 53.61679], [-113.55559, 53.61677], [-113.55716, 53.61648], [-113.557112, 53.616062], [-113.557019, 53.61464], [-113.555659, 53.61464], [-113.551159, 53.61446], [-113.55045, 53.612525], [-113.549661, 53.61243], [-113.5475, 53.61227], [-113.54669, 53.61226], [-113.545369, 53.61226], [-113.54409, 53.6118], [-113.54384, 53.6113], [-113.543829, 53.61045], [-113.543245, 53.61046], [-113.54145, 53.61041], [-113.54132, 53.610035], [-113.54132, 53.60961], [-113.54132, 53.6087], [-113.54132, 53.60736], [-113.54132, 53.606402], [-113.54133, 53.60573], [-113.54133, 53.60478], [-113.541329, 53.60426], [-113.541409, 53.60397], [-113.54141, 53.60375], [-113.5414, 53.60288], [-113.54137, 53.60207], [-113.54136, 53.60167], [-113.54135, 53.60126], [-113.54135, 53.60065], [-113.54135, 53.60023], [-113.54135, 53.5996], [-113.541341, 53.59889], [-113.541293, 53.598423], [-113.541271, 53.59825], [-113.54119, 53.59788], [-113.5412, 53.59741], [-113.541191, 53.59642], [-113.54119, 53.59523], [-113.541191, 53.59377], [-113.541191, 53.593484], [-113.54119, 53.59297], [-113.5412, 53.59176], [-113.5412, 53.59148], [-113.54121, 53.59005], [-113.5412, 53.58912], [-113.5412, 53.58832], [-113.541201, 53.587141], [-113.5412, 53.585549], [-113.54119, 53.58509], [-113.54118, 53.58443], [-113.54118, 53.58384], [-113.54118, 53.58346], [-113.54123, 53.58237], [-113.541251, 53.58167], [-113.54125, 53.58128], [-113.54123, 53.58078], [-113.541331, 53.58043], [-113.54132, 53.58004], [-113.541301, 53.57957], [-113.5412, 53.57922], [-113.541201, 53.579025], [-113.54121, 53.57774], [-113.541211, 53.576438], [-113.5412, 53.5735], [-113.541201, 53.57194], [-113.541179, 53.57084], [-113.540949, 53.57031], [-113.5405, 53.57031], [-113.539481, 53.57031], [-113.5368, 53.57031], [-113.535599, 53.57031], [-113.534931, 53.57031], [-113.53346, 53.57031], [-113.53293, 53.57031], [-113.53222, 53.57026], [-113.53171, 53.57027], [-113.53064, 53.57017], [-113.53, 53.56991], [-113.52925, 53.56959], [-113.52741, 53.56881], [-113.526061, 53.56823], [-113.525283, 53.567886], [-113.52381, 53.56727], [-113.52229, 53.56663], [-113.520836, 53.566008], [-113.51971, 53.56554], [-113.517909, 53.56477], [-113.517181, 53.56447], [-113.515959, 53.56395], [-113.51478, 53.56344], [-113.512689, 53.56256], [-113.51126, 53.56195], [-113.509641, 53.56126], [-113.5084, 53.56072], [-113.50776, 53.56045], [-113.507443, 53.560318], [-113.50659, 53.55958], [-113.50659, 53.55884], [-113.504339, 53.55884], [-113.50325, 53.55882], [-113.502489, 53.55883], [-113.502111, 53.55857], [-113.50141, 53.5586]]}, "properties": {"route_id": "140X", "route_short_name": "140X", "route_long_name": "140X \u2014 Palisades - Kingsway Express", "category": "Local Bus"}}, {"type": "Feature", "geometry": {"type": "LineString", "coordinates": [[-113.623535, 53.640446], [-113.623681, 53.6407], [-113.62429, 53.64057], [-113.624959, 53.63975], [-113.62478, 53.6392], [-113.624661, 53.6388], [-113.624578, 53.638543], [-113.62416, 53.63728], [-113.62399, 53.63681], [-113.623801, 53.63622], [-113.6241, 53.63554], [-113.62459, 53.6354], [-113.62533, 53.63513], [-113.62634, 53.63473], [-113.62707, 53.63441], [-113.6272, 53.63433], [-113.62743, 53.63407], [-113.62747, 53.6338], [-113.62714, 53.63316], [-113.627089, 53.6326], [-113.627364, 53.632178], [-113.627401, 53.63211], [-113.62758, 53.63167], [-113.62793, 53.63161], [-113.627841, 53.63141], [-113.62776, 53.63125], [-113.62761, 53.63103], [-113.627151, 53.63062], [-113.626639, 53.63014], [-113.62601, 53.62951], [-113.62498, 53.62854], [-113.62299, 53.62676], [-113.621612, 53.625492], [-113.6205, 53.62439], [-113.61995, 53.6229], [-113.619689, 53.62213], [-113.618319, 53.62168], [-113.617039, 53.62183], [-113.616419, 53.62205], [-113.615381, 53.62125], [-113.61464, 53.6207], [-113.61388, 53.620112], [-113.61325, 53.61959], [-113.61265, 53.61925], [-113.61208, 53.61928], [-113.611549, 53.61973], [-113.611221, 53.62], [-113.61057, 53.62051], [-113.609601, 53.62113], [-113.60911, 53.62108], [-113.607849, 53.62057], [-113.60735, 53.62033], [-113.60603, 53.61969], [-113.605501, 53.61943], [-113.604901, 53.61913], [-113.60396, 53.61866], [-113.60301, 53.61819], [-113.602009, 53.61767], [-113.601291, 53.61729], [-113.60065, 53.61695], [-113.60033, 53.61677], [-113.599141, 53.61611], [-113.59812, 53.61554], [-113.59719, 53.615], [-113.5965, 53.6146], [-113.595399, 53.61398], [-113.594209, 53.61328], [-113.59258, 53.61234], [-113.59116, 53.61152], [-113.59076, 53.6121], [-113.59063, 53.61257], [-113.590639, 53.61318], [-113.590639, 53.61476], [-113.59084, 53.61526], [-113.59191, 53.61536], [-113.59374, 53.61539], [-113.59418, 53.61555], [-113.592019, 53.61566], [-113.59191, 53.61536], [-113.5912, 53.61521], [-113.590841, 53.61488], [-113.590839, 53.61298], [-113.59085, 53.61254], [-113.59099, 53.6121], [-113.591341, 53.61162], [-113.589839, 53.61077], [-113.589039, 53.61037], [-113.588181, 53.60995], [-113.58532, 53.60832], [-113.583661, 53.60738], [-113.58243, 53.60669], [-113.58194, 53.60641], [-113.5815, 53.60614], [-113.58102, 53.60582], [-113.58051, 53.60544], [-113.58009, 53.60508], [-113.57985, 53.60485], [-113.57919, 53.60412], [-113.57841, 53.60325], [-113.57794, 53.60272], [-113.57787, 53.6025], [-113.577254, 53.601799], [-113.57667, 53.60113], [-113.575961, 53.60032], [-113.575269, 53.59951], [-113.57474, 53.59892], [-113.573871, 53.59798], [-113.573003, 53.597116], [-113.57248, 53.59662], [-113.571819, 53.59603], [-113.57049, 53.59489], [-113.5697, 53.59423], [-113.56785, 53.59264], [-113.566801, 53.59168], [-113.56604, 53.5909], [-113.565409, 53.59023], [-113.564082, 53.588851], [-113.563061, 53.58776], [-113.562001, 53.58656], [-113.56095, 53.58546], [-113.56045, 53.58493], [-113.55926, 53.58379], [-113.5588, 53.58328], [-113.55791, 53.58229], [-113.557429, 53.58151], [-113.556849, 53.58065], [-113.5562, 53.57976], [-113.555861, 53.57946], [-113.55557, 53.579], [-113.554549, 53.57737], [-113.55346, 53.57586], [-113.551809, 53.5739], [-113.55143, 53.57338], [-113.550939, 53.57281], [-113.5502, 53.57194], [-113.54983, 53.57134], [-113.54968, 53.57099], [-113.54965, 53.57072], [-113.5497, 53.57048], [-113.54977, 53.57043], [-113.54982, 53.57032], [-113.5498, 53.57019], [-113.54973, 53.57009], [-113.54964, 53.57004], [-113.54953, 53.57001], [-113.54934, 53.57], [-113.549141, 53.57003], [-113.54906, 53.57008], [-113.548791, 53.57015], [-113.5485, 53.5702], [-113.5477, 53.57025], [-113.546869, 53.57025], [-113.54638, 53.57026], [-113.545891, 53.5703], [-113.54452, 53.57029], [-113.542329, 53.57029], [-113.54117, 53.57031], [-113.54038, 53.57031], [-113.537699, 53.57031], [-113.53641, 53.57031], [-113.535411, 53.57031], [-113.53414, 53.57031], [-113.53332, 53.57031], [-113.532671, 53.57031], [-113.53201, 53.57026], [-113.531279, 53.57026], [-113.530471, 53.5701], [-113.529899, 53.56987], [-113.528619, 53.56932], [-113.52665, 53.56849], [-113.52569, 53.56807], [-113.52381, 53.56727], [-113.52229, 53.56663], [-113.52075, 53.56597], [-113.51844, 53.565], [-113.517211, 53.56448], [-113.516569, 53.56421], [-113.515401, 53.56371], [-113.51328, 53.56281], [-113.5122, 53.56251], [-113.51052, 53.56325], [-113.50948, 53.56365], [-113.508481, 53.56406], [-113.50734, 53.56454], [-113.506066, 53.56508], [-113.505191, 53.56545], [-113.50432, 53.56584], [-113.503429, 53.56607], [-113.50329, 53.56568], [-113.503461, 53.56429], [-113.503439, 53.562243], [-113.503391, 53.56163], [-113.50311, 53.5605], [-113.503149, 53.55968], [-113.50302, 53.55897], [-113.502489, 53.55883], [-113.502111, 53.55857], [-113.50141, 53.5586]]}, "properties": {"route_id": "202", "route_short_name": "202", "route_long_name": "202 \u2014 Kingsway Tc Via Nait", "category": "Local Bus"}}, {"type": "Feature", "geometry": {"type": "LineString", "coordinates": [[-113.471942, 53.559385], [-113.47138, 53.5599], [-113.47166, 53.56008], [-113.47232, 53.56008], [-113.47333, 53.5603], [-113.473321, 53.56102], [-113.471691, 53.56103], [-113.470631, 53.56106], [-113.469729, 53.56108], [-113.468641, 53.56112], [-113.4678, 53.56115], [-113.46731, 53.56123], [-113.46648, 53.56123], [-113.46571, 53.56124], [-113.46513, 53.56124], [-113.463991, 53.56124], [-113.462084, 53.561231], [-113.46166, 53.56123], [-113.46043, 53.56121], [-113.45773, 53.56121], [-113.456524, 53.56121], [-113.45593, 53.56121], [-113.455261, 53.56126], [-113.45448, 53.56139], [-113.45229, 53.56177], [-113.451071, 53.56197], [-113.450632, 53.562003], [-113.44946, 53.56219], [-113.44841, 53.56186], [-113.448237, 53.561647], [-113.44725, 53.56065]]}, "properties": {"route_id": "622", "route_short_name": "622", "route_long_name": "622 \u2014 Stadium - Concordia University", "category": "Local Bus"}}, {"type": "Feature", "geometry": {"type": "LineString", "coordinates": [[-113.62291, 53.524886], [-113.62403, 53.52503], [-113.6249, 53.52496], [-113.625819, 53.52487], [-113.62773, 53.5247], [-113.62987, 53.52467], [-113.6301, 53.52421], [-113.630198, 53.523433], [-113.63043, 53.52225], [-113.630589, 53.52175], [-113.63076, 53.52159], [-113.631, 53.52145], [-113.63362, 53.52159], [-113.63586, 53.52165], [-113.63716, 53.521987], [-113.63721, 53.52285], [-113.63736, 53.52317], [-113.638048, 53.524177], [-113.638321, 53.52454], [-113.63864, 53.52496], [-113.63906, 53.52586], [-113.639209, 53.52624], [-113.639237, 53.526579], [-113.63904, 53.52809], [-113.6389, 53.52844], [-113.638046, 53.529107], [-113.63468, 53.52845], [-113.63382, 53.52843], [-113.631711, 53.52842], [-113.629571, 53.52857], [-113.628281, 53.52865], [-113.62578, 53.52914], [-113.62617, 53.52962], [-113.62658, 53.53011], [-113.62714, 53.53097], [-113.626989, 53.53193], [-113.62668, 53.53248], [-113.62641, 53.53295], [-113.626061, 53.53378], [-113.625585, 53.53421], [-113.624, 53.5342], [-113.62304, 53.5342], [-113.622515, 53.5342], [-113.62186, 53.53413], [-113.621299, 53.5339], [-113.62099, 53.53357], [-113.62096, 53.53309], [-113.62119, 53.53266], [-113.621309, 53.53211], [-113.621052, 53.5314], [-113.62084, 53.53108], [-113.61982, 53.53135], [-113.61873, 53.53165], [-113.619, 53.53213], [-113.6191, 53.53244], [-113.619111, 53.53374], [-113.619109, 53.5349], [-113.619727, 53.535705], [-113.620441, 53.5358], [-113.62173, 53.536], [-113.622174, 53.536314], [-113.62216, 53.5377], [-113.622151, 53.53841], [-113.622139, 53.539155], [-113.62218, 53.54004], [-113.62224, 53.54062], [-113.62078, 53.54085], [-113.62024, 53.54019], [-113.620142, 53.539969], [-113.620009, 53.53949], [-113.62185, 53.53916], [-113.622131, 53.53981], [-113.62253, 53.54054], [-113.6228, 53.54119], [-113.6228, 53.54186], [-113.622801, 53.54199], [-113.622801, 53.54285], [-113.622336, 53.543301], [-113.62163, 53.5433], [-113.620509, 53.54332], [-113.619419, 53.54356], [-113.61885, 53.54379], [-113.618259, 53.54421], [-113.618031, 53.54449], [-113.61787, 53.54528], [-113.617861, 53.54578], [-113.61786, 53.5468], [-113.61785, 53.54749], [-113.61786, 53.548], [-113.61787, 53.54862], [-113.61643, 53.54863], [-113.61545, 53.54792], [-113.61558, 53.54703], [-113.61586, 53.54613], [-113.61608, 53.54549], [-113.61536, 53.54517], [-113.61409, 53.54501], [-113.613051, 53.54464], [-113.61273, 53.54427], [-113.612281, 53.54404], [-113.612456, 53.543642], [-113.61246, 53.54343], [-113.61242, 53.54296], [-113.611681, 53.54298], [-113.61114, 53.54306], [-113.610425, 53.54305], [-113.61007, 53.54306], [-113.60954, 53.54215], [-113.609409, 53.5416], [-113.6093, 53.54119], [-113.60792, 53.54132], [-113.606971, 53.54131], [-113.60596, 53.54132], [-113.603812, 53.541311], [-113.6027, 53.54131], [-113.601819, 53.54131], [-113.600281, 53.54131], [-113.59951, 53.5413], [-113.598191, 53.5413], [-113.59803, 53.5413], [-113.59734, 53.54076], [-113.59327, 53.54026], [-113.59223, 53.54026], [-113.59218, 53.54066], [-113.59199, 53.54096]]}, "properties": {"route_id": "925", "route_short_name": "925", "route_long_name": "925 \u2014 West Edmonton Mall - Jasper Place", "category": "Local Bus"}}, {"type": "Feature", "geometry": {"type": "LineString", "coordinates": [[-113.555849, 53.561292], [-113.5558, 53.56152], [-113.555511, 53.56187], [-113.5555, 53.563473], [-113.555, 53.56383], [-113.55384, 53.56373], [-113.55342, 53.56365], [-113.55234, 53.5633], [-113.55156, 53.56323], [-113.550749, 53.56323], [-113.55044, 53.56323], [-113.54876, 53.56323], [-113.54761, 53.56334], [-113.54688, 53.56357], [-113.54521, 53.56364], [-113.54512, 53.56357], [-113.545001, 53.56362], [-113.545049, 53.56372], [-113.54526, 53.5641], [-113.545121, 53.56524], [-113.544532, 53.565976], [-113.54379, 53.56686], [-113.542853, 53.565556], [-113.544539, 53.56524], [-113.54574, 53.56506], [-113.54526, 53.5641], [-113.545201, 53.56368], [-113.54516, 53.56358], [-113.54438, 53.56207], [-113.54418, 53.56158], [-113.54394, 53.56101], [-113.54538, 53.56048], [-113.545902, 53.55892], [-113.54453, 53.55892], [-113.54372, 53.55892], [-113.542209, 53.55891], [-113.541455, 53.558917], [-113.54036, 53.55892], [-113.537689, 53.55891], [-113.535929, 53.55892], [-113.535208, 53.55892], [-113.53474, 53.55892], [-113.53242, 53.55892], [-113.53172, 53.55893], [-113.53097, 53.55893], [-113.52934, 53.55891], [-113.52862, 53.55884], [-113.527861, 53.55883], [-113.526336, 53.55883], [-113.52314, 53.55883], [-113.52133, 53.55883], [-113.516311, 53.55883], [-113.515821, 53.55906], [-113.515379, 53.55911], [-113.514621, 53.55947], [-113.515051, 53.55948], [-113.515821, 53.55906], [-113.515395, 53.55883], [-113.51215, 53.55883], [-113.50855, 53.55884], [-113.508386, 53.559335], [-113.50839, 53.56003], [-113.5084, 53.56072], [-113.508381, 53.56161], [-113.50838, 53.56207], [-113.50839, 53.56262], [-113.50839, 53.56301], [-113.50838, 53.56359], [-113.508269, 53.56393], [-113.50813, 53.56413], [-113.507841, 53.56433], [-113.506519, 53.56489], [-113.505539, 53.5653], [-113.50448, 53.56577], [-113.503489, 53.56609], [-113.503249, 53.56584], [-113.50346, 53.56483], [-113.503461, 53.56429], [-113.503439, 53.562243], [-113.503391, 53.56163], [-113.503117, 53.560542], [-113.503089, 53.56029], [-113.50314, 53.55946], [-113.50301, 53.55882], [-113.502369, 53.55876], [-113.501839, 53.55865], [-113.501561, 53.55862], [-113.501031, 53.55865], [-113.4996, 53.55886], [-113.4989, 53.55886], [-113.497739, 53.55886], [-113.49553, 53.55886], [-113.494791, 53.55885], [-113.49468, 53.55886], [-113.49407, 53.55888], [-113.493727, 53.558395], [-113.49376, 53.55795], [-113.49371, 53.55708], [-113.4937, 53.55653], [-113.493711, 53.55552], [-113.49371, 53.55496], [-113.49371, 53.55405], [-113.493709, 53.55385], [-113.49371, 53.55303], [-113.49372, 53.55142], [-113.493721, 53.55089], [-113.493719, 53.55035], [-113.49372, 53.54952], [-113.4937, 53.54833], [-113.493721, 53.54771], [-113.49373, 53.54708], [-113.493759, 53.5456], [-113.49376, 53.544806], [-113.49381, 53.54424], [-113.493731, 53.542285], [-113.49373, 53.54209], [-113.493729, 53.54091], [-113.49252, 53.54098], [-113.49199, 53.54102], [-113.4913, 53.54105], [-113.49032, 53.54114], [-113.48923, 53.5412], [-113.488001, 53.54134], [-113.487395, 53.541514], [-113.48697, 53.54166], [-113.4858, 53.54206], [-113.484744, 53.542412], [-113.4843, 53.54256], [-113.483781, 53.54275], [-113.48282, 53.54323], [-113.482, 53.54364], [-113.481566, 53.543857], [-113.48095, 53.54417], [-113.48001, 53.54465], [-113.4795, 53.54491], [-113.479031, 53.54516], [-113.47923, 53.54601], [-113.48027, 53.54599], [-113.480781, 53.5459], [-113.48225, 53.54564], [-113.48362, 53.54541], [-113.48419, 53.54531], [-113.4852, 53.54515], [-113.48593, 53.54504], [-113.48666, 53.54518], [-113.48705, 53.54611], [-113.487128, 53.546298], [-113.487191, 53.54645], [-113.487526, 53.547271], [-113.48757, 53.54738], [-113.48796, 53.54832], [-113.488199, 53.54889], [-113.488361, 53.54927], [-113.48873, 53.55019], [-113.48885, 53.550454], [-113.48918, 53.55125], [-113.489511, 53.55201], [-113.489649, 53.552328], [-113.4897, 53.55246], [-113.48928, 53.5529], [-113.48873, 53.55303], [-113.487831, 53.55318], [-113.48604, 53.55347], [-113.484959, 53.55364], [-113.48388, 53.55382], [-113.483753, 53.554233], [-113.48454, 53.55561], [-113.48502, 53.55647], [-113.48549, 53.55732], [-113.48597, 53.55818], [-113.486543, 53.559214], [-113.48711, 53.56026], [-113.487129, 53.560634], [-113.487149, 53.56272], [-113.48716, 53.56425], [-113.48717, 53.56498], [-113.486575, 53.56579], [-113.48496, 53.5658], [-113.482689, 53.56581], [-113.480685, 53.56581], [-113.47969, 53.56581], [-113.47748, 53.56582], [-113.4748, 53.5658], [-113.473341, 53.56573], [-113.47335, 53.56464], [-113.47336, 53.563934], [-113.47333, 53.5616], [-113.47332, 53.56081], [-113.473331, 53.5601], [-113.473381, 53.55961], [-113.473531, 53.55931], [-113.473769, 53.55904], [-113.473751, 53.5586], [-113.47312, 53.55833], [-113.471942, 53.559385], [-113.47138, 53.5599], [-113.47166, 53.56008], [-113.47232, 53.56008], [-113.47333, 53.5603], [-113.473321, 53.56102], [-113.471691, 53.56103], [-113.470631, 53.56106], [-113.469729, 53.56108], [-113.468641, 53.56112], [-113.4678, 53.56115], [-113.46731, 53.56123], [-113.46648, 53.56123], [-113.46571, 53.56124], [-113.46513, 53.56124], [-113.463991, 53.56124], [-113.462084, 53.561231], [-113.46166, 53.56123], [-113.46043, 53.56121], [-113.45773, 53.56121], [-113.456524, 53.56121], [-113.45593, 53.56121], [-113.455261, 53.56126], [-113.45448, 53.56139], [-113.45229, 53.56177], [-113.451071, 53.56197], [-113.450632, 53.562003], [-113.44946, 53.56219], [-113.44841, 53.56186], [-113.448237, 53.561647], [-113.44725, 53.56065]]}, "properties": {"route_id": "111", "route_short_name": "111", "route_long_name": "111 \u2014 Concordia - Westmount", "category": "Local Bus"}}, {"type": "Feature", "geometry": {"type": "LineString", "coordinates": [[-113.3309, 53.513486], [-113.33065, 53.51384], [-113.330149, 53.51359], [-113.33016, 53.51299], [-113.33018, 53.51221], [-113.332369, 53.5122], [-113.33683, 53.51223], [-113.33777, 53.51224], [-113.33854, 53.51228], [-113.339391, 53.51235], [-113.340209, 53.51244], [-113.34093, 53.51254], [-113.34256, 53.51281], [-113.34347, 53.51297], [-113.34485, 53.5132], [-113.347151, 53.51359], [-113.35211, 53.51442], [-113.355429, 53.51496], [-113.35916, 53.51559], [-113.361739, 53.51603], [-113.365121, 53.51658], [-113.36735, 53.51694], [-113.36862, 53.51717], [-113.36953, 53.51733], [-113.37119, 53.51757], [-113.373159, 53.51772], [-113.37514, 53.51774], [-113.379819, 53.5176], [-113.38317, 53.5175], [-113.38801, 53.51736], [-113.39101, 53.51727], [-113.39367, 53.51718], [-113.394931, 53.51714], [-113.39708, 53.51708], [-113.3991, 53.51702], [-113.400899, 53.51695], [-113.402659, 53.51682], [-113.404899, 53.51653], [-113.40782, 53.51608], [-113.411081, 53.51558], [-113.41236, 53.51538], [-113.415149, 53.51495], [-113.41702, 53.51466], [-113.418559, 53.51443], [-113.419649, 53.51431], [-113.42118, 53.51429], [-113.422479, 53.51442], [-113.423969, 53.51472], [-113.42487, 53.51493], [-113.4276, 53.51558], [-113.42863, 53.51581], [-113.431731, 53.51652], [-113.434669, 53.51719], [-113.43569, 53.51742], [-113.437163, 53.517747], [-113.43769, 53.51786], [-113.43869, 53.51803], [-113.439451, 53.51809], [-113.440329, 53.51811], [-113.441251, 53.51811], [-113.44184, 53.5181], [-113.44282, 53.51811], [-113.44366, 53.5181], [-113.444489, 53.5181], [-113.44509, 53.51805], [-113.44647, 53.51806], [-113.44904, 53.51806], [-113.45164, 53.51806], [-113.45219, 53.51808], [-113.45322, 53.51809], [-113.45472, 53.51808], [-113.45499, 53.51897], [-113.45499, 53.519813], [-113.454991, 53.52213], [-113.454989, 53.52246], [-113.45507, 53.52275], [-113.455319, 53.52306], [-113.45665, 53.52446], [-113.457249, 53.52508], [-113.45788, 53.52521], [-113.458421, 53.52524], [-113.45861, 53.52527], [-113.4588, 53.52532], [-113.459029, 53.5254], [-113.45972, 53.52573], [-113.46204, 53.52703], [-113.46298, 53.52755], [-113.46338, 53.52777], [-113.46444, 53.5283], [-113.46534, 53.5287], [-113.466171, 53.52906], [-113.46744, 53.52961], [-113.46835, 53.53003], [-113.46933, 53.53055], [-113.47058, 53.53128], [-113.47088, 53.53149], [-113.47135, 53.53171], [-113.472291, 53.53209], [-113.47314, 53.53241], [-113.47358, 53.53257], [-113.474019, 53.53268], [-113.474959, 53.5329], [-113.47593, 53.53304], [-113.47683, 53.53309], [-113.477911, 53.53306], [-113.47861, 53.53301], [-113.479271, 53.53298], [-113.47983, 53.53297], [-113.480419, 53.53301], [-113.48105, 53.53314], [-113.48164, 53.53337], [-113.48214, 53.53369], [-113.482539, 53.53406], [-113.483, 53.5346], [-113.483401, 53.53518], [-113.4837, 53.53573], [-113.48399, 53.53633], [-113.484119, 53.53661], [-113.48437, 53.53697], [-113.484661, 53.53725], [-113.48484, 53.53738], [-113.485209, 53.53753], [-113.48717, 53.53818], [-113.48811, 53.53845], [-113.48869, 53.53858], [-113.489141, 53.53863], [-113.48982, 53.53861], [-113.49044, 53.5385], [-113.49176, 53.53819], [-113.49281, 53.53804], [-113.49339, 53.53813], [-113.493669, 53.53836], [-113.49349, 53.53872], [-113.492881, 53.53884], [-113.49172, 53.53886], [-113.491111, 53.53902], [-113.49001, 53.5396], [-113.48996, 53.53975], [-113.490119, 53.54028], [-113.49027, 53.54092], [-113.490299, 53.54163], [-113.49035, 53.541912], [-113.49057, 53.54257], [-113.490661, 53.543166], [-113.49082, 53.54403], [-113.492594, 53.544411], [-113.49376, 53.54452], [-113.49557, 53.54461], [-113.49896, 53.544606], [-113.500051, 53.5446], [-113.50105, 53.5451], [-113.501061, 53.54622]]}, "properties": {"route_id": "401", "route_short_name": "401", "route_long_name": "401 \u2014 Ordze - Downtown", "category": "Local Bus"}}, {"type": "Feature", "geometry": {"type": "LineString", "coordinates": [[-113.237832, 53.682658], [-113.237789, 53.68294], [-113.23711, 53.68249], [-113.236189, 53.68195], [-113.235739, 53.68189], [-113.235341, 53.682], [-113.233379, 53.68198], [-113.232848, 53.681892], [-113.231759, 53.68167], [-113.23096, 53.68295], [-113.23035, 53.68391], [-113.229811, 53.68478], [-113.22948, 53.68559], [-113.229021, 53.68643], [-113.228391, 53.68702], [-113.22661, 53.68794], [-113.224633, 53.688716], [-113.22311, 53.68916], [-113.22112, 53.68999], [-113.21993, 53.6907], [-113.21866, 53.69137], [-113.21802, 53.69164], [-113.21752, 53.69185], [-113.21591, 53.69254], [-113.214369, 53.69289], [-113.213449, 53.69311], [-113.211879, 53.693465], [-113.21148, 53.6936], [-113.210149, 53.69421], [-113.209181, 53.69501], [-113.208229, 53.69615], [-113.207, 53.69721], [-113.20584, 53.69767], [-113.20355, 53.6981], [-113.203159, 53.69843], [-113.20338, 53.69871], [-113.20348, 53.69885], [-113.2037, 53.69929], [-113.203909, 53.69985], [-113.20415, 53.70044], [-113.20456, 53.70098], [-113.20533, 53.70168], [-113.20595, 53.70228], [-113.20665, 53.70261], [-113.207331, 53.70233], [-113.20765, 53.70194], [-113.2079, 53.7017], [-113.20838, 53.70145], [-113.20896, 53.70135], [-113.210274, 53.701286], [-113.21185, 53.70122], [-113.213871, 53.70113], [-113.214278, 53.701109], [-113.214954, 53.702752], [-113.21501, 53.70329], [-113.21532, 53.70416], [-113.21607, 53.70471], [-113.21733, 53.70545], [-113.21909, 53.7065], [-113.219359, 53.70665], [-113.22016, 53.706199], [-113.22167, 53.70538], [-113.222642, 53.704823], [-113.22344, 53.70435], [-113.22522, 53.70329], [-113.227019, 53.70222], [-113.229151, 53.70095], [-113.23038, 53.70021], [-113.230911, 53.699888], [-113.2314, 53.69964], [-113.232931, 53.69918], [-113.234541, 53.69883], [-113.23544, 53.69882], [-113.23593, 53.69889], [-113.23771, 53.69917], [-113.238249, 53.69923], [-113.23887, 53.6993], [-113.23943, 53.69919], [-113.23989, 53.69894], [-113.24057, 53.69836], [-113.24135, 53.69767], [-113.24305, 53.69618], [-113.243581, 53.695751], [-113.24539, 53.69435], [-113.24636, 53.6936], [-113.246601, 53.69337], [-113.24684, 53.69299], [-113.24695, 53.69264], [-113.246961, 53.69253], [-113.24693, 53.6922], [-113.24679, 53.69182], [-113.24657, 53.69151], [-113.24594, 53.69083], [-113.245645, 53.690525], [-113.245501, 53.69037], [-113.24497, 53.68983], [-113.244571, 53.68946], [-113.2463, 53.68885], [-113.247129, 53.688589], [-113.249539, 53.68775], [-113.249931, 53.68763], [-113.250761, 53.68752], [-113.2511, 53.68785], [-113.25155, 53.6884], [-113.252239, 53.68916], [-113.252679, 53.68961], [-113.25333, 53.6898], [-113.25414, 53.68973], [-113.254275, 53.689682], [-113.25508, 53.6893], [-113.257511, 53.68856], [-113.25924, 53.68802], [-113.25972, 53.687644], [-113.25981, 53.68738], [-113.25894, 53.68624], [-113.25924, 53.68566], [-113.259789, 53.68551], [-113.262399, 53.6848], [-113.263671, 53.68421], [-113.264309, 53.68369], [-113.264809, 53.68297], [-113.26498, 53.68229], [-113.264989, 53.68211], [-113.265019, 53.68126], [-113.265011, 53.68046], [-113.265017, 53.679056], [-113.26441, 53.67879], [-113.26358, 53.67854], [-113.262519, 53.67819], [-113.260709, 53.67784], [-113.259721, 53.67778], [-113.25825, 53.67785], [-113.257901, 53.677898], [-113.25665, 53.67814], [-113.25422, 53.67893], [-113.2527, 53.6794], [-113.251639, 53.67936], [-113.25149, 53.67927], [-113.25134, 53.67936], [-113.25149, 53.67945], [-113.25102, 53.68055], [-113.25066, 53.68161], [-113.25053, 53.6819], [-113.250399, 53.68229], [-113.249899, 53.68274], [-113.248301, 53.68267], [-113.24732, 53.68251], [-113.246622, 53.682325], [-113.24592, 53.68207], [-113.24506, 53.68174], [-113.24372, 53.68131], [-113.24269, 53.68098], [-113.24124, 53.68055], [-113.240956, 53.680902], [-113.24034, 53.68159], [-113.239971, 53.68193], [-113.23905, 53.68252], [-113.23795, 53.68308], [-113.2373, 53.68261], [-113.23775, 53.6826]]}, "properties": {"route_id": "F610", "route_short_name": "610", "route_long_name": "610 \u2014 Westpark", "category": "Local Bus"}}, {"type": "Feature", "geometry": {"type": "LineString", "coordinates": [[-113.237832, 53.682658], [-113.237789, 53.68294], [-113.238621, 53.68277], [-113.23956, 53.68223], [-113.240131, 53.68179], [-113.240731, 53.68117], [-113.241642, 53.680794], [-113.24331, 53.6813], [-113.24431, 53.68162], [-113.245879, 53.68213], [-113.246693, 53.682345], [-113.24732, 53.68251], [-113.248301, 53.68267], [-113.249899, 53.68274], [-113.250435, 53.682999], [-113.250649, 53.68364], [-113.251151, 53.68422], [-113.25289, 53.68551], [-113.253529, 53.685831], [-113.25413, 53.68606], [-113.25351, 53.68656], [-113.2522, 53.68713], [-113.250919, 53.68736], [-113.250699, 53.68739], [-113.249815, 53.687665], [-113.24873, 53.68804], [-113.246592, 53.688758], [-113.245119, 53.68925], [-113.244479, 53.6894], [-113.24392, 53.68903], [-113.242851, 53.68863], [-113.24202, 53.68845], [-113.24135, 53.68838], [-113.24063, 53.68836], [-113.23994, 53.68842], [-113.23907, 53.68855], [-113.238491, 53.6888], [-113.237471, 53.68919], [-113.236099, 53.69043], [-113.233339, 53.69293], [-113.232808, 53.693162], [-113.2312, 53.69379], [-113.23039, 53.69402], [-113.227633, 53.694685], [-113.226239, 53.69504], [-113.22393, 53.69561], [-113.223151, 53.69603], [-113.22299, 53.69669], [-113.22321, 53.69706], [-113.223926, 53.697492], [-113.22478, 53.698], [-113.22552, 53.69826], [-113.22783, 53.69828], [-113.2289, 53.69811], [-113.230169, 53.69822], [-113.230929, 53.69907], [-113.231451, 53.69938], [-113.231291, 53.69952], [-113.23107, 53.69963], [-113.2302, 53.70014], [-113.22958, 53.70051], [-113.22891, 53.70092], [-113.227741, 53.70162], [-113.226869, 53.70214], [-113.225481, 53.702963], [-113.22351, 53.70413], [-113.223038, 53.70442], [-113.22163, 53.70525], [-113.219079, 53.70665], [-113.218719, 53.70687], [-113.217399, 53.70765], [-113.21667, 53.70809], [-113.216045, 53.708461], [-113.2154, 53.70885], [-113.214001, 53.70968], [-113.21359, 53.70986], [-113.213179, 53.71003], [-113.213618, 53.710479], [-113.214721, 53.71193], [-113.214219, 53.71209], [-113.213831, 53.712221], [-113.21362, 53.71229], [-113.213129, 53.71246], [-113.212489, 53.71267], [-113.21187, 53.71288], [-113.21132, 53.71306], [-113.209829, 53.713565], [-113.207129, 53.71448], [-113.20641, 53.71472], [-113.20466, 53.71289], [-113.20428, 53.71246], [-113.20357, 53.71167], [-113.203589, 53.71151], [-113.205537, 53.71086], [-113.20677, 53.71046], [-113.208856, 53.709748], [-113.21024, 53.70927], [-113.21195, 53.7087], [-113.21165, 53.70838], [-113.211332, 53.708044], [-113.21093, 53.70761], [-113.21046, 53.70713], [-113.21011, 53.70675], [-113.20978, 53.7064], [-113.209371, 53.70596], [-113.20899, 53.70555], [-113.208552, 53.705096], [-113.20808, 53.7046], [-113.20722, 53.70368], [-113.206529, 53.70282], [-113.206409, 53.70251], [-113.20607, 53.7021], [-113.20516, 53.70124], [-113.20453, 53.70059], [-113.204259, 53.70016], [-113.204119, 53.699809], [-113.20394, 53.69935], [-113.203599, 53.69879], [-113.203339, 53.69845], [-113.20355, 53.6981], [-113.204193, 53.697974], [-113.20622, 53.69755], [-113.20755, 53.69686], [-113.2087, 53.69558], [-113.20911, 53.69508], [-113.210081, 53.69425], [-113.21093, 53.69382], [-113.212099, 53.69341], [-113.2136, 53.69309], [-113.214641, 53.69297], [-113.21611, 53.69261], [-113.21772, 53.691927], [-113.21915, 53.69131], [-113.220859, 53.6903], [-113.2228, 53.68941], [-113.22419, 53.68897], [-113.226333, 53.688202], [-113.22734, 53.68777], [-113.22867, 53.687], [-113.229429, 53.68618], [-113.22979, 53.68524], [-113.23025, 53.684438], [-113.23062, 53.68382], [-113.231291, 53.68298], [-113.23178, 53.68228], [-113.23163, 53.68221], [-113.23307, 53.68193], [-113.23507, 53.682], [-113.23561, 53.68194], [-113.23606, 53.6819], [-113.236809, 53.68232], [-113.23746, 53.68248], [-113.237832, 53.682658]]}, "properties": {"route_id": "F611", "route_short_name": "611", "route_long_name": "611 \u2014 Downtown", "category": "Local Bus"}}, {"type": "Feature", "geometry": {"type": "LineString", "coordinates": [[-113.62291, 53.524886], [-113.62403, 53.52503], [-113.6249, 53.52496], [-113.625819, 53.52487], [-113.62773, 53.5247], [-113.62987, 53.52467], [-113.62987, 53.5257], [-113.629921, 53.52632], [-113.63007, 53.52739], [-113.6303, 53.52852], [-113.630409, 53.52909], [-113.630561, 53.52973], [-113.63062, 53.53018], [-113.63059, 53.53062], [-113.63041, 53.53113], [-113.6298, 53.53215], [-113.629369, 53.53282], [-113.62875, 53.53373], [-113.628251, 53.53448], [-113.627801, 53.53523], [-113.627659, 53.5355], [-113.62747, 53.53615], [-113.62742, 53.53689], [-113.62739, 53.53731], [-113.62737, 53.53784], [-113.627371, 53.53867], [-113.62736, 53.53907], [-113.62734, 53.53962], [-113.62733, 53.54026], [-113.627327, 53.540692], [-113.627319, 53.54141], [-113.627325, 53.542175], [-113.627399, 53.54244], [-113.627399, 53.54331], [-113.62738, 53.54376], [-113.627401, 53.54488], [-113.6274, 53.54546], [-113.627391, 53.54585], [-113.627409, 53.54716], [-113.62741, 53.54772], [-113.6274, 53.54903], [-113.62739, 53.5497], [-113.62737, 53.55091], [-113.62735, 53.55271], [-113.626714, 53.55328], [-113.62548, 53.55328], [-113.62395, 53.55328], [-113.62347, 53.55328], [-113.62288, 53.55328], [-113.62206, 53.55328], [-113.621261, 53.55327], [-113.62025, 53.55327], [-113.61993, 53.55327], [-113.61864, 53.55327], [-113.61819, 53.55327], [-113.6177, 53.55324], [-113.61725, 53.55322], [-113.616859, 53.55322], [-113.6152, 53.55321], [-113.615207, 53.55374], [-113.61522, 53.55526], [-113.615219, 53.556533], [-113.61521, 53.5572], [-113.61523, 53.55855], [-113.61523, 53.55897], [-113.61523, 53.55953], [-113.61523, 53.56102], [-113.61521, 53.56303], [-113.613879, 53.56303], [-113.61174, 53.56303], [-113.610229, 53.56303], [-113.608439, 53.56302], [-113.606439, 53.56301], [-113.60459, 53.56301], [-113.60386, 53.56301], [-113.60239, 53.56301], [-113.60177, 53.56301], [-113.60068, 53.56301], [-113.5989, 53.56301], [-113.59789, 53.56301], [-113.5965, 53.56301], [-113.59527, 53.563], [-113.59307, 53.56301], [-113.59143, 53.56304], [-113.590431, 53.56338], [-113.590441, 53.56407], [-113.590431, 53.56479], [-113.59042, 53.56559], [-113.59042, 53.56667], [-113.59042, 53.56728], [-113.59042, 53.56766], [-113.59042, 53.5684], [-113.59041, 53.56897], [-113.590389, 53.56985], [-113.59041, 53.57095], [-113.59041, 53.571039], [-113.590411, 53.57124], [-113.590429, 53.57195], [-113.59044, 53.57222], [-113.59044, 53.57356], [-113.59044, 53.57429], [-113.590389, 53.5753], [-113.59036, 53.57581], [-113.59023, 53.5762], [-113.59023, 53.57693], [-113.59033, 53.57782], [-113.59066, 53.57891], [-113.59079, 53.57929], [-113.59097, 53.5799], [-113.591051, 53.58047], [-113.59107, 53.58096], [-113.590981, 53.58163], [-113.59051, 53.58314], [-113.590341, 53.5838], [-113.59023, 53.58463], [-113.590311, 53.58502], [-113.590309, 53.585322], [-113.5903, 53.58563], [-113.590299, 53.58602], [-113.590291, 53.58724], [-113.59028, 53.58846], [-113.590281, 53.59047], [-113.59028, 53.59132], [-113.590269, 53.59302], [-113.59027, 53.59379], [-113.59027, 53.59565], [-113.590269, 53.59678], [-113.59029, 53.5973], [-113.59029, 53.59777], [-113.59019, 53.59807], [-113.59014, 53.5988], [-113.590119, 53.59933], [-113.59012, 53.59993], [-113.590124, 53.600268], [-113.590141, 53.60086], [-113.590159, 53.60142], [-113.59027, 53.60173], [-113.59028, 53.60222], [-113.590281, 53.60311], [-113.5903, 53.60469], [-113.59032, 53.60509], [-113.5904, 53.60619], [-113.59045, 53.60699], [-113.59051, 53.60797], [-113.59058, 53.60853], [-113.59081, 53.60911], [-113.591031, 53.60945], [-113.591339, 53.60987], [-113.591471, 53.6102], [-113.59164, 53.6105], [-113.59164, 53.61085], [-113.591471, 53.61114], [-113.59105, 53.61166], [-113.5907, 53.61222], [-113.590631, 53.61284], [-113.59064, 53.61341], [-113.59064, 53.61496], [-113.5914, 53.6153], [-113.592518, 53.61537]]}, "properties": {"route_id": "205", "route_short_name": "205", "route_long_name": "205 \u2014 West Edmonton", "category": "Local Bus"}}, {"type": "Feature", "geometry": {"type": "LineString", "coordinates": [[-113.62375, 53.640101], [-113.62359, 53.63965], [-113.62335, 53.63896], [-113.6231, 53.63816], [-113.623239, 53.63796], [-113.62374, 53.6378], [-113.624179, 53.63818], [-113.62462, 53.63951], [-113.62517, 53.64036], [-113.62602, 53.64006], [-113.626741, 53.64025], [-113.6273, 53.64077], [-113.62811, 53.64155], [-113.6285, 53.64208], [-113.628799, 53.64276], [-113.628902, 53.643118], [-113.62914, 53.64388], [-113.629189, 53.64432], [-113.629, 53.64471], [-113.628789, 53.64492], [-113.628599, 53.6452], [-113.62854, 53.64545], [-113.628565, 53.645651], [-113.628701, 53.64623], [-113.62897, 53.64675], [-113.62939, 53.64708], [-113.629599, 53.64757], [-113.629827, 53.648156], [-113.629931, 53.64894], [-113.629809, 53.64967], [-113.62996, 53.65049], [-113.63016, 53.65107], [-113.630649, 53.65169], [-113.63149, 53.65264], [-113.631701, 53.65288], [-113.63193, 53.65326], [-113.632183, 53.653997], [-113.632259, 53.65422], [-113.63253, 53.65477], [-113.633049, 53.65485], [-113.63341, 53.65474], [-113.63479, 53.65454], [-113.63545, 53.65448], [-113.636079, 53.65449], [-113.63687, 53.65458], [-113.6375, 53.65475], [-113.637809, 53.65488], [-113.637931, 53.654941], [-113.63844, 53.65525], [-113.639341, 53.65519], [-113.63983, 53.65489], [-113.64002, 53.65462], [-113.64247, 53.65523], [-113.643691, 53.65559], [-113.646509, 53.65642], [-113.64702, 53.65649], [-113.649171, 53.65654], [-113.649877, 53.65654], [-113.6507, 53.65655], [-113.651201, 53.65654], [-113.65259, 53.65647], [-113.65376, 53.65619], [-113.654766, 53.655785], [-113.65675, 53.65498], [-113.658574, 53.65426], [-113.660129, 53.65381], [-113.66091, 53.65361], [-113.661163, 53.653566], [-113.662709, 53.6533], [-113.6635, 53.65278], [-113.66338, 53.65225], [-113.66341, 53.65175], [-113.663434, 53.651545], [-113.66384, 53.65058], [-113.664449, 53.64943], [-113.664941, 53.6485], [-113.66522, 53.647543], [-113.665219, 53.64712], [-113.66494, 53.64628], [-113.664591, 53.64571], [-113.66215, 53.64621], [-113.66118, 53.6464], [-113.659491, 53.64674], [-113.65818, 53.64701], [-113.65712, 53.64722], [-113.656531, 53.64734], [-113.655329, 53.64758], [-113.65376, 53.6479], [-113.653191, 53.648058], [-113.65235, 53.64811], [-113.652089, 53.64762], [-113.65151, 53.6465], [-113.651021, 53.646254], [-113.65058, 53.64612], [-113.64996, 53.64677], [-113.64933, 53.64705], [-113.647999, 53.64752], [-113.646974, 53.647856], [-113.64607, 53.64815], [-113.644899, 53.64838], [-113.6437, 53.64832], [-113.642594, 53.647937], [-113.6422, 53.64766], [-113.64181, 53.64706], [-113.641541, 53.646374], [-113.64126, 53.64561], [-113.640765, 53.644409], [-113.640649, 53.64394], [-113.640959, 53.64342], [-113.64252, 53.6429], [-113.64285, 53.64281], [-113.6443, 53.64244], [-113.645509, 53.64237], [-113.647451, 53.6424], [-113.648571, 53.64266], [-113.648941, 53.642807], [-113.64955, 53.64289], [-113.65033, 53.64222], [-113.650529, 53.64169], [-113.65045, 53.64121], [-113.64994, 53.64059], [-113.649511, 53.64034], [-113.64928, 53.64024], [-113.64815, 53.63972], [-113.64763, 53.63922], [-113.64737, 53.638615], [-113.64715, 53.63801], [-113.64597, 53.63807], [-113.644724, 53.638235], [-113.644001, 53.63783], [-113.64362, 53.636879], [-113.642829, 53.63488], [-113.64244, 53.63424], [-113.64153, 53.6339], [-113.63944, 53.63346], [-113.63867, 53.63368], [-113.637909, 53.634107], [-113.63608, 53.63513], [-113.635393, 53.635527], [-113.63417, 53.63623], [-113.63384, 53.63644], [-113.63341, 53.63704], [-113.63327, 53.63727], [-113.63261, 53.63757], [-113.632024, 53.637788], [-113.631471, 53.63799], [-113.63085, 53.63822], [-113.629121, 53.63887], [-113.62702, 53.63966], [-113.62602, 53.64006], [-113.62566, 53.640187], [-113.62494, 53.64044], [-113.62387, 53.64047]]}, "properties": {"route_id": "A5", "route_short_name": "A5", "route_long_name": "A5 \u2014 Deer Ridge - Lacombe", "category": "Local Bus"}}, {"type": "Feature", "geometry": {"type": "LineString", "coordinates": [[-113.307553, 53.543029], [-113.30485, 53.54271], [-113.30814, 53.54245], [-113.30693, 53.54244], [-113.30479, 53.54248], [-113.30361, 53.54296], [-113.3041, 53.54334], [-113.3045, 53.54379], [-113.304589, 53.54442], [-113.303999, 53.54526], [-113.30298, 53.54584], [-113.3016, 53.54603], [-113.299961, 53.54625], [-113.29872, 53.54654], [-113.29751, 53.54675], [-113.2964, 53.54677], [-113.295571, 53.54676], [-113.29561, 53.54857], [-113.29564, 53.55133], [-113.29567, 53.55348], [-113.29535, 53.55396], [-113.294179, 53.5543], [-113.29291, 53.55459], [-113.29135, 53.55493], [-113.28541, 53.55621], [-113.28265, 53.5568], [-113.28147, 53.55696], [-113.279771, 53.55697], [-113.27754, 53.55674], [-113.27649, 53.55659], [-113.27516, 53.55643], [-113.274742, 53.556381], [-113.273691, 53.55625], [-113.27173, 53.55601], [-113.27033, 53.55589], [-113.26426, 53.55573], [-113.258551, 53.55557], [-113.2559, 53.55541], [-113.25303, 53.55523], [-113.250471, 53.55507], [-113.24756, 53.55504], [-113.246741, 53.55504], [-113.2465, 53.55517], [-113.24663, 53.55789], [-113.24692, 53.5622], [-113.246781, 53.56452], [-113.246609, 53.56566], [-113.246419, 53.56701], [-113.246199, 53.56869], [-113.246099, 53.56998], [-113.24608, 53.57053], [-113.245959, 53.57225], [-113.24565, 53.57463], [-113.24552, 53.57708], [-113.245519, 53.58017], [-113.245479, 53.59302], [-113.245471, 53.59868], [-113.24546, 53.59985], [-113.24546, 53.60038], [-113.24546, 53.60189], [-113.245431, 53.60372], [-113.24542, 53.60476], [-113.245429, 53.60608], [-113.24544, 53.60707], [-113.24543, 53.6109], [-113.24542, 53.61253], [-113.24541, 53.61497], [-113.245429, 53.61803], [-113.24542, 53.62119], [-113.24542, 53.62442], [-113.24542, 53.62853], [-113.2454, 53.63711], [-113.2454, 53.63936], [-113.24546, 53.64098], [-113.245429, 53.64387], [-113.2454, 53.64825], [-113.2454, 53.6528], [-113.24539, 53.66006], [-113.2454, 53.66551], [-113.245399, 53.66859], [-113.245389, 53.67169], [-113.24537, 53.67431], [-113.245381, 53.67532], [-113.24537, 53.67678], [-113.24526, 53.67766], [-113.2449, 53.67884], [-113.24438, 53.67989], [-113.24397, 53.68056], [-113.243299, 53.68107], [-113.243051, 53.6811], [-113.24191, 53.68075], [-113.240731, 53.68117], [-113.240131, 53.68179], [-113.23956, 53.68223], [-113.238621, 53.68277], [-113.237789, 53.68294], [-113.23746, 53.68248], [-113.237832, 53.682658]]}, "properties": {"route_id": "F600", "route_short_name": "600", "route_long_name": "600 \u2014 Fort Saskatchewan", "category": "Local Bus"}}, {"type": "Feature", "geometry": {"type": "LineString", "coordinates": [[-113.62375, 53.640101], [-113.62359, 53.63965], [-113.62335, 53.63896], [-113.6231, 53.63816], [-113.623239, 53.63796], [-113.62374, 53.6378], [-113.624179, 53.63818], [-113.62462, 53.63951], [-113.62517, 53.64036], [-113.62602, 53.64006], [-113.626839, 53.639728], [-113.62793, 53.63933], [-113.62955, 53.63876], [-113.631009, 53.63816], [-113.63171, 53.6379], [-113.632409, 53.63765], [-113.63291, 53.63746], [-113.63329, 53.63725], [-113.63359, 53.63669], [-113.63385, 53.636433], [-113.63478, 53.63588], [-113.63608, 53.63513], [-113.636798, 53.63475], [-113.63867, 53.63368], [-113.63944, 53.63346], [-113.64012, 53.63361], [-113.641949, 53.63401], [-113.64259, 53.63439], [-113.64321, 53.63588], [-113.64383, 53.637411], [-113.64421, 53.6383], [-113.644826, 53.638326], [-113.64575, 53.6382], [-113.64715, 53.63801], [-113.647419, 53.638738], [-113.64763, 53.63922], [-113.64815, 53.63972], [-113.64935, 53.64027], [-113.649562, 53.640364], [-113.64994, 53.64059], [-113.65045, 53.64121], [-113.650529, 53.64169], [-113.65033, 53.64222], [-113.64955, 53.64289], [-113.64886, 53.64277], [-113.648571, 53.64266], [-113.647451, 53.6424], [-113.645509, 53.64237], [-113.6443, 53.64244], [-113.642964, 53.642779], [-113.64252, 53.6429], [-113.640959, 53.64342], [-113.640649, 53.64394], [-113.640869, 53.644665], [-113.64126, 53.64561], [-113.641573, 53.646457], [-113.64181, 53.64706], [-113.6422, 53.64766], [-113.643379, 53.648239], [-113.6437, 53.64832], [-113.644899, 53.64838], [-113.64607, 53.64815], [-113.647654, 53.647628], [-113.647999, 53.64752], [-113.64933, 53.64705], [-113.64996, 53.64677], [-113.65058, 53.64612], [-113.650982, 53.646239], [-113.65151, 53.6465], [-113.652089, 53.64762], [-113.65235, 53.64811], [-113.65286, 53.64829], [-113.653262, 53.648156], [-113.654239, 53.6479], [-113.655469, 53.64766], [-113.656505, 53.647452], [-113.658381, 53.64708], [-113.65957, 53.64684], [-113.661269, 53.6465], [-113.662749, 53.646205], [-113.66396, 53.64596], [-113.66469, 53.64581], [-113.665141, 53.64674], [-113.66522, 53.64744], [-113.665101, 53.648107], [-113.66477, 53.64882], [-113.66438, 53.64954], [-113.664101, 53.65009], [-113.66347, 53.65137], [-113.66337, 53.65198], [-113.663381, 53.65221], [-113.663429, 53.65253], [-113.66322, 53.65322], [-113.66146, 53.65352], [-113.66069, 53.65366], [-113.660157, 53.653803], [-113.65881, 53.65418], [-113.657467, 53.653986], [-113.656349, 53.65306], [-113.65498, 53.65235], [-113.654393, 53.652088], [-113.65329, 53.65185], [-113.652, 53.65193], [-113.651027, 53.652098], [-113.65008, 53.65227], [-113.646799, 53.65286], [-113.645691, 53.65302], [-113.645049, 53.6532], [-113.64383, 53.65377], [-113.64338, 53.65416], [-113.64247, 53.65523], [-113.641279, 53.65488], [-113.639887, 53.654809], [-113.63964, 53.65503], [-113.63913, 53.65528], [-113.63819, 53.65509], [-113.637809, 53.65488], [-113.637694, 53.654816], [-113.637319, 53.65469], [-113.63643, 53.65451], [-113.63583, 53.65448], [-113.63519, 53.6545], [-113.63426, 53.65461], [-113.633049, 53.65485], [-113.63253, 53.65477], [-113.6324, 53.6546], [-113.63219, 53.65402], [-113.631769, 53.65367], [-113.63138, 53.65371], [-113.630601, 53.65379], [-113.62977, 53.65381], [-113.6295, 53.65369], [-113.6292, 53.65305], [-113.629018, 53.652414], [-113.62891, 53.65201], [-113.62869, 53.65125], [-113.62842, 53.6503], [-113.62811, 53.64925], [-113.627869, 53.64843], [-113.627634, 53.64772], [-113.627391, 53.64697], [-113.62704, 53.64591], [-113.6268, 53.64534], [-113.62644, 53.64436], [-113.626181, 53.64355], [-113.62601, 53.64297], [-113.625771, 53.64222], [-113.6253, 53.64075], [-113.62429, 53.64057], [-113.62375, 53.640101]]}, "properties": {"route_id": "A4", "route_short_name": "A4", "route_long_name": "A4 \u2014 Lacombe - Deer Ridge", "category": "Local Bus"}}, {"type": "Feature", "geometry": {"type": "LineString", "coordinates": [[-113.551792, 53.26241], [-113.55038, 53.26319], [-113.55038, 53.26415], [-113.550589, 53.26475], [-113.55142, 53.26476], [-113.5525, 53.26511], [-113.55247, 53.26605], [-113.552469, 53.266731], [-113.552471, 53.26748], [-113.552469, 53.26831], [-113.55245, 53.26905], [-113.5523, 53.26972], [-113.55206, 53.27032], [-113.55178, 53.27083], [-113.55145, 53.271288], [-113.55104, 53.27184], [-113.550079, 53.27323], [-113.549629, 53.273988], [-113.549419, 53.27439], [-113.54893, 53.2753], [-113.54877, 53.27585], [-113.54853, 53.27696], [-113.548315, 53.278011], [-113.547349, 53.27976], [-113.54612, 53.28089], [-113.54606, 53.28127], [-113.545939, 53.28223], [-113.54608, 53.28312], [-113.54655, 53.28393], [-113.546901, 53.28476], [-113.546829, 53.28541], [-113.546599, 53.28659], [-113.54644, 53.28761], [-113.546241, 53.28888], [-113.545849, 53.29084], [-113.54568, 53.29171], [-113.545594, 53.292181], [-113.545369, 53.29327], [-113.54512, 53.29469], [-113.54495, 53.29559], [-113.54458, 53.29754], [-113.54437, 53.2982], [-113.5442, 53.29874], [-113.54466, 53.30083], [-113.544951, 53.30105], [-113.54513, 53.30151], [-113.545089, 53.302113], [-113.54502, 53.30284], [-113.54499, 53.3031], [-113.544931, 53.30364], [-113.544901, 53.30393], [-113.544709, 53.30483], [-113.544251, 53.30537], [-113.543871, 53.3057], [-113.54336, 53.30599], [-113.542778, 53.306043], [-113.542389, 53.30601], [-113.54131, 53.30668], [-113.540471, 53.30879], [-113.539601, 53.30878], [-113.533151, 53.30878], [-113.53303, 53.30989], [-113.534529, 53.30988], [-113.53526, 53.30988], [-113.53716, 53.30972], [-113.537161, 53.30938], [-113.539601, 53.30878], [-113.540471, 53.30879], [-113.54538, 53.30878], [-113.54792, 53.30879], [-113.55105, 53.30879], [-113.559241, 53.30876], [-113.56067, 53.30884], [-113.561641, 53.30884], [-113.56321, 53.30884], [-113.56828, 53.30882], [-113.57025, 53.30881], [-113.572539, 53.30882], [-113.573339, 53.30894], [-113.57447, 53.30934], [-113.575219, 53.3097], [-113.575969, 53.30987], [-113.57703, 53.30986], [-113.579431, 53.30974], [-113.58133, 53.30962], [-113.58207, 53.30952], [-113.58268, 53.30933], [-113.583609, 53.30895], [-113.583781, 53.30879], [-113.58371, 53.30818], [-113.58359, 53.30772], [-113.583216, 53.307476], [-113.58217, 53.30685], [-113.581439, 53.30654], [-113.5806, 53.30642], [-113.579351, 53.30642], [-113.57659, 53.30662], [-113.57569, 53.30677], [-113.574971, 53.30695], [-113.57316, 53.30738], [-113.57149, 53.30754], [-113.570141, 53.3076], [-113.56941, 53.30763], [-113.56674, 53.30779], [-113.56553, 53.30803], [-113.56437, 53.30833], [-113.56298, 53.30862], [-113.56203, 53.30859], [-113.56165, 53.3082], [-113.56169, 53.30484], [-113.56165, 53.30239], [-113.55649, 53.302705]]}, "properties": {"route_id": "L10", "route_short_name": "10", "route_long_name": "10 \u2014 Leduc - Nisku - Eia", "category": "Local Bus"}}, {"type": "Feature", "geometry": {"type": "LineString", "coordinates": [[-113.443538, 53.499767], [-113.442809, 53.49951], [-113.44281, 53.49818], [-113.44281, 53.49695], [-113.44281, 53.49601], [-113.442801, 53.494654], [-113.4428, 53.49345], [-113.44279, 53.49274], [-113.44205, 53.49281], [-113.44147, 53.49297], [-113.440261, 53.49336], [-113.43865, 53.49369], [-113.43713, 53.49389], [-113.436349, 53.49398], [-113.435359, 53.4941], [-113.43441, 53.49421], [-113.433461, 53.49432], [-113.43219, 53.49447], [-113.43118, 53.49458], [-113.43029, 53.49468], [-113.429763, 53.494738], [-113.4266, 53.49509], [-113.424735, 53.495288], [-113.42321, 53.49538], [-113.4218, 53.49542], [-113.420613, 53.49542], [-113.418929, 53.49543], [-113.41736, 53.49544], [-113.41618, 53.49544], [-113.414751, 53.49498], [-113.41475, 53.49361], [-113.41475, 53.49283], [-113.414749, 53.49189], [-113.414088, 53.491886], [-113.41304, 53.49117], [-113.412341, 53.49053], [-113.411349, 53.49053], [-113.40965, 53.49052], [-113.407379, 53.490512], [-113.405225, 53.490503], [-113.40335, 53.49048], [-113.401071, 53.490467], [-113.397397, 53.49081], [-113.397409, 53.49131], [-113.39741, 53.49188], [-113.39743, 53.49326], [-113.39742, 53.49368], [-113.39742, 53.49409], [-113.397429, 53.49469], [-113.39758, 53.49547], [-113.39913, 53.49549], [-113.4016, 53.49549], [-113.40383, 53.4955], [-113.406612, 53.495508], [-113.40716, 53.49551], [-113.40894, 53.49552], [-113.410894, 53.495514], [-113.412139, 53.49551], [-113.4147, 53.4955], [-113.41579, 53.495578], [-113.4162, 53.49558], [-113.41831, 53.49557], [-113.419373, 53.495569], [-113.42109, 53.49556], [-113.421811, 53.49554], [-113.42281, 53.4955], [-113.42395, 53.49535], [-113.425622, 53.495203], [-113.4289, 53.49484], [-113.430359, 53.49467], [-113.430669, 53.494636], [-113.431699, 53.49452], [-113.43276, 53.4944], [-113.43382, 53.49428], [-113.435091, 53.49413], [-113.43663, 53.49395], [-113.436974, 53.493909], [-113.438321, 53.49374], [-113.439139, 53.49359], [-113.440704, 53.493319], [-113.44099, 53.49325], [-113.441921, 53.49306], [-113.442409, 53.49324], [-113.442611, 53.49387], [-113.442613, 53.495314], [-113.442619, 53.49711], [-113.44263, 53.49941], [-113.44324, 53.49951], [-113.44401, 53.49932], [-113.444991, 53.50017], [-113.444301, 53.50038], [-113.443538, 53.499767]]}, "properties": {"route_id": "505", "route_short_name": "505", "route_long_name": "505 \u2014 Davies - Pylypow Industrial", "category": "Local Bus"}}, {"type": "Feature", "geometry": {"type": "LineString", "coordinates": [[-113.261498, 53.537968], [-113.26126, 53.53867], [-113.26098, 53.53906], [-113.25995, 53.53954], [-113.259229, 53.53961], [-113.25793, 53.53963], [-113.256439, 53.539561], [-113.25591, 53.53953], [-113.25581, 53.53916], [-113.254879, 53.53811], [-113.25407, 53.53722], [-113.253519, 53.53705], [-113.25319, 53.53696], [-113.25261, 53.53671], [-113.25038, 53.53576], [-113.250774, 53.535403], [-113.25107, 53.53499], [-113.25129, 53.53481], [-113.252639, 53.53416], [-113.25388, 53.53367], [-113.254091, 53.533603], [-113.25497, 53.53331], [-113.255341, 53.53306], [-113.255631, 53.53269], [-113.256367, 53.532255], [-113.25708, 53.53226], [-113.258721, 53.53229], [-113.259791, 53.53251], [-113.260371, 53.53281], [-113.26113, 53.53339], [-113.261701, 53.533593], [-113.262389, 53.53381], [-113.263019, 53.53419], [-113.26251, 53.53541], [-113.26248, 53.53613], [-113.26281, 53.5371], [-113.263081, 53.5377], [-113.263699, 53.53768], [-113.26558, 53.53777], [-113.266422, 53.537879], [-113.26706, 53.53796], [-113.267859, 53.53797], [-113.26834, 53.53785], [-113.269, 53.53751], [-113.26928, 53.53702], [-113.269301, 53.536759], [-113.26906, 53.53616], [-113.268381, 53.53565], [-113.267117, 53.535198], [-113.26685, 53.53458], [-113.26718, 53.53436], [-113.26778, 53.53408], [-113.26836, 53.53393], [-113.26992, 53.533872], [-113.27093, 53.53387], [-113.271959, 53.535241], [-113.27202, 53.53647], [-113.27238, 53.53675], [-113.273181, 53.537131], [-113.274469, 53.53763], [-113.2762, 53.53788], [-113.276901, 53.53809], [-113.27832, 53.53884], [-113.27869, 53.53905], [-113.27974, 53.53951], [-113.280489, 53.53969], [-113.28201, 53.53972], [-113.28337, 53.53974], [-113.285767, 53.53972], [-113.2863, 53.54051], [-113.28631, 53.54127], [-113.28701, 53.54127], [-113.287561, 53.541269], [-113.291659, 53.54127], [-113.29406, 53.54128], [-113.29571, 53.54129], [-113.298959, 53.54128], [-113.30227, 53.54136], [-113.3026, 53.54164], [-113.302659, 53.54206], [-113.30306, 53.54257], [-113.30464, 53.54251], [-113.30485, 53.54271]]}, "properties": {"route_id": "440", "route_short_name": "440", "route_long_name": "440 \u2014 Bethel - Heritage Hills", "category": "Local Bus"}}, {"type": "Feature", "geometry": {"type": "LineString", "coordinates": [[-113.307344, 53.542694], [-113.30814, 53.54245], [-113.30693, 53.54244], [-113.30479, 53.54248], [-113.30361, 53.54296], [-113.3041, 53.54334], [-113.3045, 53.54379], [-113.304589, 53.54442], [-113.304045, 53.545217], [-113.30371, 53.54552], [-113.30258, 53.54594], [-113.30212, 53.54597], [-113.300421, 53.54617], [-113.299343, 53.546377], [-113.29872, 53.54654], [-113.29751, 53.54675], [-113.2964, 53.54677], [-113.295571, 53.54676], [-113.295605, 53.548219], [-113.295631, 53.55042], [-113.295637, 53.551194], [-113.295669, 53.55326], [-113.295681, 53.55386], [-113.29567, 53.5548], [-113.29559, 53.55562], [-113.295581, 53.55606], [-113.295519, 53.556345], [-113.2954, 53.55695], [-113.295279, 53.55839], [-113.295239, 53.55925], [-113.295241, 53.55963], [-113.29524, 53.560106], [-113.295239, 53.5619], [-113.295239, 53.56244], [-113.29524, 53.56349], [-113.295239, 53.5638], [-113.29525, 53.5644], [-113.294859, 53.56486], [-113.29395, 53.56492], [-113.292931, 53.56521], [-113.2924, 53.56552], [-113.2918, 53.56601], [-113.291317, 53.566445], [-113.29094, 53.56672], [-113.289929, 53.56721], [-113.288539, 53.56756], [-113.287681, 53.56763], [-113.28745, 53.56764], [-113.28651, 53.56757], [-113.28476, 53.56741], [-113.28338, 53.567284], [-113.28272, 53.56722], [-113.280739, 53.56703], [-113.278819, 53.56685], [-113.27833, 53.5668], [-113.277159, 53.56673], [-113.27719, 53.56457], [-113.277206, 53.563308], [-113.27725, 53.56283], [-113.27739, 53.56241], [-113.277769, 53.56167], [-113.276191, 53.56123], [-113.2749, 53.56078], [-113.27373, 53.56047], [-113.272189, 53.56], [-113.271769, 53.55986], [-113.27161, 53.55974], [-113.271359, 53.55982], [-113.27077, 53.55978], [-113.27035, 53.55978], [-113.26782, 53.55975], [-113.26724, 53.55975], [-113.26695, 53.55967], [-113.266549, 53.55973], [-113.26296, 53.55973], [-113.26243, 53.559661], [-113.26175, 53.55954], [-113.25996, 53.55921], [-113.25845, 53.55923], [-113.258515, 53.55754], [-113.258711, 53.55591], [-113.259189, 53.55572], [-113.26149, 53.55579], [-113.263173, 53.555831], [-113.26424, 53.55586], [-113.264282, 53.555241], [-113.2648, 53.55507], [-113.26549, 53.55513], [-113.26854, 53.55522], [-113.27081, 53.55527], [-113.271035, 53.555252], [-113.27163, 53.55508], [-113.27239, 53.55438], [-113.2734, 53.55368], [-113.274109, 53.5533], [-113.27484, 53.55292], [-113.275609, 53.55259], [-113.276109, 53.55255], [-113.27629, 53.55249], [-113.27655, 53.55228], [-113.278366, 53.551808], [-113.279451, 53.55138], [-113.28037, 53.55161], [-113.281339, 53.55185], [-113.281671, 53.5519], [-113.28301, 53.55191], [-113.284199, 53.55192], [-113.28541, 53.5517], [-113.28649, 53.55119], [-113.288022, 53.550447], [-113.28856, 53.55011], [-113.28891, 53.54967], [-113.288995, 53.549144], [-113.28899, 53.54859], [-113.28903, 53.54746], [-113.289909, 53.54668], [-113.29028, 53.54651], [-113.290669, 53.54663], [-113.290809, 53.546669], [-113.29182, 53.54681], [-113.294558, 53.546777], [-113.295571, 53.54676], [-113.2964, 53.54677], [-113.29751, 53.54675], [-113.29872, 53.54654], [-113.299702, 53.546303], [-113.300421, 53.54617], [-113.30212, 53.54597], [-113.302894, 53.545862], [-113.30371, 53.54552], [-113.304471, 53.54467], [-113.304569, 53.54398], [-113.304119, 53.54336], [-113.30485, 53.54271]]}, "properties": {"route_id": "430", "route_short_name": "430", "route_long_name": "430 \u2014 Bethel - Emerald Hills", "category": "Local Bus"}}, {"type": "Feature", "geometry": {"type": "LineString", "coordinates": [[-113.307548, 53.542693], [-113.30814, 53.54245], [-113.30693, 53.54244], [-113.30479, 53.54248], [-113.30361, 53.54296], [-113.3041, 53.54334], [-113.3045, 53.54379], [-113.304589, 53.54442], [-113.304045, 53.545217], [-113.30371, 53.54552], [-113.30258, 53.54594], [-113.30212, 53.54597], [-113.300421, 53.54617], [-113.299343, 53.546377], [-113.29872, 53.54654], [-113.29751, 53.54675], [-113.2964, 53.54677], [-113.295571, 53.54676], [-113.29371, 53.54676], [-113.29182, 53.54681], [-113.29077, 53.54666], [-113.290329, 53.54648], [-113.29031, 53.54636], [-113.290111, 53.54638], [-113.29014, 53.54651], [-113.289552, 53.546946], [-113.28903, 53.54746], [-113.288985, 53.548342], [-113.288989, 53.549], [-113.28891, 53.54967], [-113.28856, 53.55011], [-113.28831, 53.5503], [-113.286557, 53.551158], [-113.28541, 53.5517], [-113.284199, 53.55192], [-113.28301, 53.55191], [-113.282279, 53.55195], [-113.281339, 53.55185], [-113.28037, 53.55161], [-113.279451, 53.55138], [-113.277825, 53.551953], [-113.27655, 53.55228], [-113.27603, 53.55235], [-113.275841, 53.55247], [-113.274904, 53.552893], [-113.27428, 53.55321], [-113.27352, 53.5536], [-113.272549, 53.55424], [-113.271801, 53.55496], [-113.271411, 53.555161], [-113.27099, 53.55526], [-113.269939, 53.55526], [-113.26577, 53.55514], [-113.265139, 53.555098], [-113.2648, 53.55507], [-113.26419, 53.55556], [-113.26377, 53.55572], [-113.25855, 53.55569], [-113.25852, 53.55709], [-113.258493, 53.558253], [-113.259541, 53.5592], [-113.260766, 53.559304], [-113.26175, 53.55954], [-113.262491, 53.55967], [-113.26605, 53.55975], [-113.266759, 53.55981], [-113.2669, 53.55986], [-113.26701, 53.55981], [-113.26784, 53.5598], [-113.269826, 53.559794], [-113.27066, 53.55979], [-113.271349, 53.55988], [-113.27156, 53.55999], [-113.2721, 53.56011], [-113.272822, 53.560368], [-113.2734, 53.56071], [-113.273197, 53.561191], [-113.27229, 53.56242], [-113.27157, 53.5634], [-113.27108, 53.56424], [-113.27095, 53.56483], [-113.270939, 53.565155], [-113.27123, 53.56693], [-113.27259, 53.56693], [-113.274315, 53.566824], [-113.275471, 53.5668], [-113.27812, 53.56687], [-113.279329, 53.566977], [-113.28215, 53.56727], [-113.283327, 53.567386], [-113.28706, 53.56772], [-113.28858, 53.56765], [-113.289183, 53.567528], [-113.29036, 53.56716], [-113.291271, 53.56662], [-113.292099, 53.565909], [-113.2925, 53.5656], [-113.29303, 53.5653], [-113.29408, 53.56499], [-113.295259, 53.56486], [-113.29525, 53.56432], [-113.295239, 53.56362], [-113.29524, 53.56296], [-113.295239, 53.5617], [-113.295241, 53.55963], [-113.295239, 53.55925], [-113.295246, 53.559131], [-113.295311, 53.5576], [-113.295469, 53.55659], [-113.295581, 53.55606], [-113.29571, 53.55575], [-113.295791, 53.5556], [-113.29585, 53.555276], [-113.295929, 53.55478], [-113.29595, 53.55402], [-113.295899, 53.55314], [-113.29589, 53.55206], [-113.295809, 53.55056], [-113.295811, 53.549933], [-113.295781, 53.5472], [-113.29611, 53.54688], [-113.29751, 53.54675], [-113.29872, 53.54654], [-113.299702, 53.546303], [-113.300421, 53.54617], [-113.30212, 53.54597], [-113.302894, 53.545862], [-113.30371, 53.54552], [-113.304471, 53.54467], [-113.304569, 53.54398], [-113.304119, 53.54336], [-113.30485, 53.54271]]}, "properties": {"route_id": "431", "route_short_name": "431", "route_long_name": "431 \u2014 Bethel - Emerald Hills", "category": "Local Bus"}}, {"type": "Feature", "geometry": {"type": "LineString", "coordinates": [[-113.430197, 53.45711], [-113.42934, 53.45713], [-113.42862, 53.45723], [-113.42768, 53.45764], [-113.428109, 53.45792], [-113.428311, 53.45818], [-113.42935, 53.45874], [-113.43142, 53.45848], [-113.433579, 53.45838], [-113.43421, 53.45922], [-113.434209, 53.45957], [-113.434212, 53.459842], [-113.43424, 53.46033], [-113.43432, 53.46102], [-113.43445, 53.4616], [-113.4346, 53.46213], [-113.43484, 53.4629], [-113.435018, 53.463304], [-113.435479, 53.4644], [-113.435701, 53.46509], [-113.4359, 53.46552], [-113.43601, 53.46575], [-113.43618, 53.46594], [-113.43684, 53.46742], [-113.4382, 53.47034], [-113.438444, 53.47092], [-113.43869, 53.47159], [-113.43892, 53.47232], [-113.439091, 53.47318], [-113.43911, 53.47397], [-113.43917, 53.47479], [-113.43924, 53.47546], [-113.439361, 53.47601], [-113.439488, 53.476267], [-113.439781, 53.47672], [-113.44014, 53.47714], [-113.44098, 53.47781], [-113.44166, 53.47839], [-113.44198, 53.47874], [-113.44213, 53.47892], [-113.442469, 53.47958], [-113.44265, 53.48039], [-113.442651, 53.48127], [-113.442651, 53.4822], [-113.44256, 53.48299], [-113.442489, 53.48393], [-113.44248, 53.48509], [-113.44249, 53.48582], [-113.442541, 53.48667], [-113.44258, 53.4876], [-113.442596, 53.48843], [-113.442599, 53.48966], [-113.44259, 53.49093], [-113.442589, 53.49159], [-113.4426, 53.49269], [-113.44261, 53.49345], [-113.442609, 53.49489], [-113.44262, 53.496], [-113.442631, 53.49774], [-113.442809, 53.49951], [-113.443739, 53.49927], [-113.44432, 53.49958], [-113.44476, 53.49997], [-113.44553, 53.50009], [-113.445751, 53.49944], [-113.44575, 53.49859], [-113.44601, 53.49824], [-113.447059, 53.49766], [-113.448209, 53.49708], [-113.44925, 53.49641], [-113.44999, 53.49593], [-113.45099, 53.4953], [-113.4528, 53.49415], [-113.45316, 53.494], [-113.45377, 53.49395], [-113.455019, 53.49392], [-113.45503, 53.49487], [-113.45502, 53.49643], [-113.455176, 53.497602], [-113.45555, 53.49835], [-113.456371, 53.49901], [-113.45701, 53.49946], [-113.45797, 53.50016], [-113.45811, 53.50053], [-113.456231, 53.50147], [-113.45438, 53.50239], [-113.452721, 53.50322], [-113.453471, 53.503793], [-113.454019, 53.5042], [-113.454589, 53.50464], [-113.45486, 53.50508], [-113.45497, 53.506023], [-113.454969, 53.50674], [-113.45497, 53.50937], [-113.454979, 53.509855], [-113.455019, 53.51178], [-113.455029, 53.51276], [-113.455039, 53.513079], [-113.455059, 53.51419], [-113.455061, 53.51562], [-113.45505, 53.51705], [-113.455, 53.51765], [-113.455009, 53.51808], [-113.45499, 53.51926], [-113.45499, 53.52004], [-113.45499, 53.522393], [-113.45499, 53.52253], [-113.45512, 53.52282], [-113.4554, 53.52315], [-113.456889, 53.52469], [-113.45734, 53.5252], [-113.457611, 53.52585], [-113.45762, 53.5268], [-113.45764, 53.52782], [-113.457631, 53.529124], [-113.45761, 53.53129], [-113.457869, 53.5318], [-113.460841, 53.5318], [-113.46212, 53.53179], [-113.464962, 53.531772], [-113.465409, 53.53178], [-113.467649, 53.53176], [-113.469999, 53.53175], [-113.47135, 53.53171], [-113.472291, 53.53209], [-113.47314, 53.53241], [-113.47358, 53.53257], [-113.474019, 53.53268], [-113.474959, 53.5329], [-113.47593, 53.53304], [-113.47683, 53.53309], [-113.477911, 53.53306], [-113.47861, 53.53301], [-113.479271, 53.53298], [-113.47983, 53.53297], [-113.480419, 53.53301], [-113.48105, 53.53314], [-113.48164, 53.53337], [-113.48214, 53.53369], [-113.482539, 53.53406], [-113.483, 53.5346], [-113.483401, 53.53518], [-113.4837, 53.53573], [-113.48399, 53.53633], [-113.48402, 53.53656], [-113.484011, 53.53675], [-113.48408, 53.53709], [-113.484491, 53.53734], [-113.48469, 53.53742], [-113.48498, 53.53744], [-113.48539, 53.53759], [-113.48775, 53.53837], [-113.488219, 53.53847], [-113.48876, 53.53859], [-113.48934, 53.53864], [-113.490021, 53.53858], [-113.490544, 53.538476], [-113.49142, 53.53827], [-113.49244, 53.53813], [-113.49313, 53.53805], [-113.4936, 53.53826], [-113.493591, 53.53864], [-113.493119, 53.53882], [-113.49195, 53.53885], [-113.49135, 53.53892], [-113.49013, 53.53949], [-113.489961, 53.5397], [-113.49003, 53.53997], [-113.49026, 53.54085], [-113.49025, 53.54131], [-113.49035, 53.541912], [-113.49051, 53.54228], [-113.490679, 53.54328], [-113.490789, 53.543862], [-113.492594, 53.544411]]}, "properties": {"route_id": "511", "route_short_name": "511", "route_long_name": "511 \u2014 Mill Woods - Downtown", "category": "Local Bus"}}, {"type": "Feature", "geometry": {"type": "LineString", "coordinates": [[-113.618243, 53.65976], [-113.62097, 53.65988], [-113.621547, 53.659936], [-113.62225, 53.66], [-113.624011, 53.65988], [-113.62555, 53.65922], [-113.62602, 53.65952], [-113.62697, 53.66019], [-113.62724, 53.66047], [-113.62758, 53.6612], [-113.62759, 53.66158], [-113.62735, 53.66218], [-113.62616, 53.66349], [-113.625129, 53.664601], [-113.624449, 53.66531], [-113.62359, 53.66596], [-113.62182, 53.66676], [-113.6212, 53.66692], [-113.619839, 53.66716], [-113.618161, 53.66707], [-113.617549, 53.6669], [-113.61676, 53.66647], [-113.616289, 53.66585], [-113.615935, 53.665559], [-113.61543, 53.66534], [-113.614629, 53.66522], [-113.613919, 53.66527], [-113.61342, 53.66543], [-113.613188, 53.66553], [-113.612579, 53.66569], [-113.612021, 53.66574], [-113.611211, 53.66565], [-113.61075, 53.66552], [-113.61024, 53.66524], [-113.60985, 53.66501], [-113.610649, 53.66432], [-113.611991, 53.66375], [-113.61352, 53.66315], [-113.613435, 53.662584], [-113.6124, 53.66153], [-113.611726, 53.661435], [-113.61105, 53.66119], [-113.609619, 53.66036], [-113.6088, 53.66076], [-113.608295, 53.660888], [-113.607569, 53.66103], [-113.60666, 53.66119], [-113.605363, 53.661129], [-113.60502, 53.66041], [-113.60453, 53.65968], [-113.60437, 53.6589], [-113.604549, 53.658048], [-113.604861, 53.65738], [-113.605189, 53.65684], [-113.60544, 53.6566], [-113.60597, 53.65617], [-113.606335, 53.655928], [-113.606861, 53.65558], [-113.607791, 53.65511], [-113.608861, 53.6549], [-113.60926, 53.6549], [-113.60991, 53.65494], [-113.610999, 53.65522], [-113.61176, 53.6557], [-113.61242, 53.65657], [-113.61357, 53.6563], [-113.6147, 53.65603], [-113.614659, 53.655638], [-113.61425, 53.65487], [-113.61417, 53.65423], [-113.614229, 53.65385], [-113.614469, 53.65325], [-113.615011, 53.65261], [-113.61613, 53.6518], [-113.61699, 53.65114], [-113.61809, 53.65033], [-113.619021, 53.64971], [-113.619611, 53.6492], [-113.619848, 53.648876], [-113.620441, 53.64824], [-113.6212, 53.64718], [-113.62178, 53.64642], [-113.62213, 53.64607], [-113.622291, 53.645899], [-113.622839, 53.64533], [-113.624055, 53.644157], [-113.62442, 53.6438], [-113.62494, 53.64341], [-113.6255, 53.64321], [-113.62601, 53.64297], [-113.625771, 53.64222], [-113.6253, 53.64075], [-113.62429, 53.64057], [-113.62375, 53.640101]]}, "properties": {"route_id": "A7", "route_short_name": "A7", "route_long_name": "A7 \u2014 Sturgeon Hospital - Erin Ridge - Oakmont", "category": "Local Bus"}}, {"type": "Feature", "geometry": {"type": "LineString", "coordinates": [[-113.623461, 53.639265], [-113.62329, 53.63877], [-113.623101, 53.6381], [-113.62337, 53.63789], [-113.623919, 53.63782], [-113.6243, 53.63854], [-113.62468, 53.63968], [-113.62522, 53.64125], [-113.62563, 53.64244], [-113.62543, 53.64299], [-113.624541, 53.64348], [-113.62356, 53.64439], [-113.62317, 53.64476], [-113.62244, 53.64551], [-113.62197, 53.64602], [-113.62178, 53.646419], [-113.62159, 53.64668], [-113.62111, 53.64731], [-113.620269, 53.64843], [-113.619836, 53.64889], [-113.61904, 53.64956], [-113.6184, 53.64998], [-113.61766, 53.65048], [-113.61682, 53.65106], [-113.616129, 53.651524], [-113.61505, 53.65226], [-113.61451, 53.65278], [-113.614089, 53.65344], [-113.61393, 53.65415], [-113.613944, 53.654413], [-113.61414, 53.65516], [-113.61445, 53.65565], [-113.614155, 53.656172], [-113.61357, 53.6563], [-113.61196, 53.65593], [-113.61176, 53.6557], [-113.610999, 53.65522], [-113.60991, 53.65494], [-113.60926, 53.6549], [-113.608829, 53.654903], [-113.607791, 53.65511], [-113.606861, 53.65558], [-113.60669, 53.65569], [-113.60597, 53.65617], [-113.60544, 53.6566], [-113.605189, 53.65684], [-113.604861, 53.65738], [-113.60446, 53.65832], [-113.604377, 53.659304], [-113.60453, 53.65968], [-113.60502, 53.66041], [-113.60557, 53.66155], [-113.60666, 53.66119], [-113.607569, 53.66103], [-113.60843, 53.66086], [-113.609269, 53.66057], [-113.609619, 53.66036], [-113.61105, 53.66119], [-113.6121, 53.66151], [-113.612901, 53.661761], [-113.613592, 53.662793], [-113.61352, 53.66315], [-113.611991, 53.66375], [-113.610649, 53.66432], [-113.60985, 53.66501], [-113.61024, 53.66524], [-113.61075, 53.66552], [-113.611211, 53.66565], [-113.612021, 53.66574], [-113.612579, 53.66569], [-113.61321, 53.66552], [-113.61369, 53.66533], [-113.613962, 53.665263], [-113.614629, 53.66522], [-113.61543, 53.66534], [-113.616139, 53.66571], [-113.616289, 53.66585], [-113.61676, 53.66647], [-113.617549, 53.6669], [-113.618621, 53.667138], [-113.619839, 53.66716], [-113.6212, 53.66692], [-113.622233, 53.666618], [-113.62359, 53.66596], [-113.624449, 53.66531], [-113.62543, 53.66426], [-113.62616, 53.66349], [-113.62735, 53.66218], [-113.627582, 53.66161], [-113.62758, 53.6612], [-113.62724, 53.66047], [-113.62697, 53.66019], [-113.62602, 53.65952], [-113.625173, 53.659465], [-113.624011, 53.65988], [-113.62225, 53.66], [-113.62139, 53.65992], [-113.620388, 53.659835], [-113.61801, 53.65976], [-113.617328, 53.659761], [-113.61669, 53.65941], [-113.61625, 53.65804], [-113.61587, 53.65742], [-113.61488, 53.65597], [-113.61454, 53.65546], [-113.61418, 53.65462], [-113.61419, 53.65401], [-113.61427, 53.6537], [-113.61462, 53.65303], [-113.615261, 53.65239], [-113.616471, 53.651538], [-113.61766, 53.65066], [-113.61822, 53.6505], [-113.618716, 53.650679], [-113.619291, 53.65099], [-113.62054, 53.65163], [-113.621961, 53.65229], [-113.622444, 53.652505], [-113.624829, 53.65355], [-113.625621, 53.653841], [-113.625889, 53.65392], [-113.626971, 53.6541], [-113.62771, 53.65413], [-113.628309, 53.65411], [-113.62908, 53.65403], [-113.62944, 53.65389], [-113.6292, 53.65305], [-113.629018, 53.652414], [-113.62891, 53.65201], [-113.62869, 53.65125], [-113.62842, 53.6503], [-113.62811, 53.64925], [-113.627869, 53.64843], [-113.627634, 53.64772], [-113.627391, 53.64697], [-113.62704, 53.64591], [-113.6268, 53.64534], [-113.62644, 53.64436], [-113.626181, 53.64355], [-113.62601, 53.64297], [-113.625771, 53.64222], [-113.6253, 53.64075], [-113.62429, 53.64057], [-113.62375, 53.640101]]}, "properties": {"route_id": "A8", "route_short_name": "A8", "route_long_name": "A8 \u2014 Oakmont - Erin Ridge - Sturgeon Hospital", "category": "Local Bus"}}, {"type": "Feature", "geometry": {"type": "LineString", "coordinates": [[-113.606553, 53.53162], [-113.604001, 53.53162], [-113.602701, 53.5316], [-113.602706, 53.531049], [-113.602721, 53.5293], [-113.60272, 53.52862], [-113.602699, 53.52706], [-113.6027, 53.52669], [-113.602733, 53.525773], [-113.60275, 53.52532], [-113.60279, 53.52431], [-113.60281, 53.52249], [-113.60286, 53.51952], [-113.600961, 53.51952], [-113.59983, 53.51952], [-113.599239, 53.51945], [-113.59775, 53.51945], [-113.59721, 53.51944], [-113.59691, 53.51932], [-113.5968, 53.51906], [-113.59681, 53.51864], [-113.59671, 53.51808], [-113.59673, 53.51411], [-113.596741, 53.51265], [-113.59682, 53.51251], [-113.59706, 53.5124], [-113.597611, 53.51233], [-113.59938, 53.51223], [-113.60066, 53.51216], [-113.60275, 53.51212], [-113.60376, 53.51212], [-113.6067, 53.51213], [-113.60925, 53.51216], [-113.61189, 53.51217], [-113.613649, 53.51217], [-113.61462, 53.51216], [-113.616321, 53.51217], [-113.619621, 53.51218], [-113.621259, 53.51218], [-113.62411, 53.51219], [-113.627671, 53.51221], [-113.629851, 53.51221], [-113.631761, 53.51221], [-113.63314, 53.51222], [-113.63647, 53.51222], [-113.638199, 53.51222], [-113.63938, 53.51223], [-113.64244, 53.51223], [-113.64591, 53.51224], [-113.647451, 53.51227], [-113.64897, 53.51226], [-113.65118, 53.51226], [-113.654461, 53.51229], [-113.656049, 53.51231], [-113.658529, 53.51231], [-113.6595, 53.5123], [-113.6614, 53.51229], [-113.66285, 53.5123], [-113.66648, 53.51233], [-113.67021, 53.51233], [-113.67367, 53.51233], [-113.67479, 53.51233], [-113.675871, 53.51233], [-113.677331, 53.51243], [-113.677741, 53.51322], [-113.67808, 53.51423], [-113.678608, 53.514973], [-113.679931, 53.51671], [-113.68053, 53.51795], [-113.68076, 53.51867], [-113.681033, 53.51954], [-113.68143, 53.52077], [-113.680351, 53.520956], [-113.67768, 53.52144], [-113.67647, 53.52184], [-113.6749, 53.5227], [-113.67355, 53.52382], [-113.673091, 53.52409], [-113.672479, 53.52414], [-113.67161, 53.52387], [-113.66984, 53.52359], [-113.667691, 53.52349], [-113.66629, 53.52342], [-113.66559, 53.52318], [-113.665691, 53.52298], [-113.666099, 53.52296]]}, "properties": {"route_id": "678", "route_short_name": "678", "route_long_name": "678 \u2014 Jasper Place - Alex Janvier - Lewis Farms", "category": "Local Bus"}}, {"type": "Feature", "geometry": {"type": "LineString", "coordinates": [[-113.414258, 53.355772], [-113.41419, 53.35608], [-113.41421, 53.35693], [-113.41528, 53.35692], [-113.41525, 53.35933], [-113.41526, 53.36027], [-113.415249, 53.36134], [-113.415261, 53.36316], [-113.415249, 53.36353], [-113.41528, 53.36402], [-113.415359, 53.3644], [-113.415509, 53.36485], [-113.41566, 53.36523], [-113.41618, 53.3661], [-113.41658, 53.36677], [-113.41674, 53.36714], [-113.4172, 53.36787], [-113.41759, 53.36859], [-113.417849, 53.36931], [-113.41797, 53.36985], [-113.41802, 53.37048], [-113.418029, 53.3712], [-113.418041, 53.37258], [-113.41804, 53.37405], [-113.41805, 53.37618], [-113.41806, 53.37786], [-113.41807, 53.38044], [-113.41808, 53.38416], [-113.418101, 53.38725], [-113.4181, 53.38853], [-113.41812, 53.39025], [-113.41812, 53.39211], [-113.41811, 53.39373], [-113.418139, 53.39422], [-113.41814, 53.39586], [-113.418139, 53.39763], [-113.418159, 53.40367], [-113.41818, 53.40996], [-113.418189, 53.41128], [-113.41811, 53.41249], [-113.41793, 53.41398], [-113.417889, 53.41871], [-113.41788, 53.42123], [-113.41782, 53.42216], [-113.41779, 53.42301], [-113.41779, 53.42369], [-113.41779, 53.42434], [-113.4178, 53.4249], [-113.417794, 53.425557], [-113.41779, 53.42651], [-113.41779, 53.42939], [-113.41778, 53.43077], [-113.417819, 53.43198], [-113.41784, 53.43245], [-113.417849, 53.4333], [-113.41786, 53.43415], [-113.417899, 53.43483], [-113.41792, 53.4353], [-113.417941, 53.43577], [-113.41796, 53.43641], [-113.41798, 53.43685], [-113.41807, 53.43774], [-113.4182, 53.4386], [-113.418299, 53.43948], [-113.41838, 53.44085], [-113.418461, 53.442], [-113.41856, 53.44265], [-113.41875, 53.44349], [-113.41893, 53.44418], [-113.419151, 53.44514], [-113.419271, 53.44583], [-113.419339, 53.44642], [-113.419361, 53.44719], [-113.41933, 53.44798], [-113.419229, 53.44909], [-113.419169, 53.45005], [-113.41917, 53.45082], [-113.419261, 53.45175], [-113.41938, 53.4524], [-113.41962, 53.45344], [-113.41977, 53.45379], [-113.419911, 53.4541], [-113.420081, 53.45466], [-113.42019, 53.45479], [-113.42077, 53.45477], [-113.42166, 53.45465], [-113.422839, 53.4545], [-113.425409, 53.45417], [-113.42709, 53.45394], [-113.42856, 53.45378], [-113.429569, 53.4537], [-113.431061, 53.45364], [-113.43255, 53.45362], [-113.43377, 53.45364], [-113.43418, 53.45375], [-113.434409, 53.45392], [-113.43452, 53.45418], [-113.43449, 53.45464], [-113.4344, 53.45565], [-113.433161, 53.45636], [-113.43233, 53.45645], [-113.43143, 53.4565], [-113.431349, 53.45703], [-113.43007, 53.45711], [-113.428979, 53.45716], [-113.42828, 53.45735]]}, "properties": {"route_id": "540", "route_short_name": "540", "route_long_name": "540 \u2014 Beaumont To Edmonton", "category": "Local Bus"}}, {"type": "Feature", "geometry": {"type": "LineString", "coordinates": [[-113.490062, 53.59203], [-113.48886, 53.59208], [-113.487075, 53.592086], [-113.482678, 53.592107], [-113.48124, 53.59212], [-113.47898, 53.592135], [-113.47659, 53.59215], [-113.475454, 53.592156], [-113.470859, 53.59219], [-113.470367, 53.592162], [-113.468189, 53.59217], [-113.46719, 53.59228], [-113.467194, 53.592637], [-113.46721, 53.5932], [-113.46723, 53.59486], [-113.467248, 53.595717], [-113.467269, 53.59686], [-113.46729, 53.59869], [-113.4673, 53.59907], [-113.46731, 53.59965], [-113.467314, 53.59993], [-113.467357, 53.60178], [-113.46736, 53.60236], [-113.46738, 53.60377], [-113.467379, 53.60505], [-113.46738, 53.60646], [-113.467561, 53.60697], [-113.468269, 53.60697], [-113.46847, 53.60697], [-113.46928, 53.60697], [-113.470021, 53.60696], [-113.471131, 53.60688], [-113.47229, 53.60669], [-113.473029, 53.60656], [-113.474061, 53.60637], [-113.476109, 53.606], [-113.476355, 53.605963], [-113.477929, 53.60582], [-113.479371, 53.60582], [-113.480499, 53.60581], [-113.48155, 53.60585], [-113.4827, 53.606], [-113.483006, 53.606046], [-113.48394, 53.60617], [-113.4847, 53.60629], [-113.48543, 53.6064], [-113.487099, 53.60665], [-113.488231, 53.60681], [-113.48933, 53.60687], [-113.49094, 53.60687], [-113.491611, 53.60705], [-113.49173, 53.60756], [-113.49174, 53.6081], [-113.491741, 53.60969], [-113.491711, 53.61094], [-113.49168, 53.61231], [-113.49169, 53.61302], [-113.491689, 53.61346], [-113.49169, 53.61412], [-113.49169, 53.61494], [-113.4917, 53.61521], [-113.49174, 53.61642], [-113.491071, 53.61766], [-113.489061, 53.61766], [-113.490505, 53.617954], [-113.49121, 53.61822], [-113.491741, 53.619], [-113.49174, 53.62132], [-113.491741, 53.621591], [-113.49175, 53.62363], [-113.491749, 53.6252], [-113.49176, 53.62622], [-113.491749, 53.62658], [-113.491751, 53.62799], [-113.491711, 53.62842], [-113.491549, 53.62862], [-113.49128, 53.62876], [-113.490826, 53.628787], [-113.4904, 53.62878], [-113.48899, 53.62876], [-113.487859, 53.62875], [-113.486501, 53.628733], [-113.48417, 53.6287], [-113.48155, 53.62867], [-113.481541, 53.62923], [-113.481537, 53.629539], [-113.4808, 53.63018], [-113.478964, 53.63015], [-113.478239, 53.63017], [-113.477101, 53.63045], [-113.47639, 53.63094], [-113.475469, 53.631796], [-113.474374, 53.632805], [-113.473841, 53.6333], [-113.47319, 53.63422], [-113.472895, 53.634824], [-113.4726, 53.63547], [-113.473859, 53.63605], [-113.47411, 53.63689], [-113.47409, 53.637593], [-113.47408, 53.63801], [-113.47361, 53.63885], [-113.473279, 53.63939], [-113.473216, 53.63953], [-113.47294, 53.64034], [-113.472909, 53.641103], [-113.473381, 53.64207], [-113.473969, 53.64203], [-113.476781, 53.641292], [-113.47741, 53.64112], [-113.478329, 53.64077], [-113.478811, 53.64111], [-113.47913, 53.64132], [-113.48019, 53.6418], [-113.48146, 53.64208], [-113.482305, 53.642129], [-113.4844, 53.64206], [-113.48654, 53.64163], [-113.48699, 53.64151], [-113.48761, 53.64126], [-113.488121, 53.64076], [-113.488281, 53.64003], [-113.48839, 53.63889], [-113.488129, 53.637954], [-113.488039, 53.63748], [-113.487989, 53.63636], [-113.488, 53.636078], [-113.488189, 53.63495], [-113.488569, 53.63391], [-113.489019, 53.632841], [-113.48918, 53.6324], [-113.489109, 53.6319], [-113.48867, 53.63126], [-113.48797, 53.63082], [-113.4873, 53.63059], [-113.48697, 53.63052], [-113.485021, 53.63022], [-113.48443, 53.6302], [-113.48228, 53.6302], [-113.48153, 53.62984]]}, "properties": {"route_id": "610", "route_short_name": "610", "route_long_name": "610 \u2014 Queen E. - Dickinsfield - Lago Lindo", "category": "Local Bus"}}, {"type": "Feature", "geometry": {"type": "LineString", "coordinates": [[-113.593053, 53.61566], [-113.59191, 53.61561], [-113.5914, 53.6153], [-113.59094, 53.61507], [-113.59084, 53.61341], [-113.59084, 53.61275], [-113.59092, 53.61225], [-113.59122, 53.61176], [-113.59281, 53.61267], [-113.59376, 53.61322], [-113.59476, 53.6138], [-113.595669, 53.61436], [-113.59707, 53.61519], [-113.59855, 53.61603], [-113.60015, 53.6169], [-113.600819, 53.61727], [-113.60161, 53.6177], [-113.60281, 53.61834], [-113.603959, 53.61891], [-113.60534, 53.61965], [-113.606599, 53.62027], [-113.60701, 53.62046], [-113.60785, 53.62084], [-113.60854, 53.62127], [-113.60882, 53.62152], [-113.608869, 53.62175], [-113.608559, 53.62209], [-113.60779, 53.62277], [-113.607449, 53.62328], [-113.608171, 53.62359], [-113.609458, 53.624165], [-113.61248, 53.62552], [-113.61311, 53.6259], [-113.613315, 53.626038], [-113.61422, 53.6267], [-113.616099, 53.628039], [-113.61716, 53.62884], [-113.61738, 53.62926], [-113.617359, 53.62974], [-113.616231, 53.63086], [-113.615685, 53.631295], [-113.61449, 53.63228], [-113.613421, 53.63245], [-113.61247, 53.63206], [-113.610472, 53.631185], [-113.60903, 53.63054], [-113.607232, 53.62976], [-113.60481, 53.62877], [-113.60337, 53.62875], [-113.6022, 53.62877], [-113.60139, 53.62875], [-113.60083, 53.6285], [-113.59996, 53.62922], [-113.599516, 53.629579], [-113.59811, 53.63073], [-113.59717, 53.6315], [-113.597841, 53.631826], [-113.60005, 53.63278], [-113.600749, 53.63333], [-113.600323, 53.633528], [-113.59968, 53.63388], [-113.59881, 53.63454], [-113.597989, 53.635228], [-113.59691, 53.63611], [-113.595137, 53.637599], [-113.59475, 53.63791], [-113.59391, 53.6386], [-113.593619, 53.638841], [-113.59405, 53.63949], [-113.594689, 53.63985], [-113.59494, 53.64032], [-113.59482, 53.64076], [-113.59458, 53.64103], [-113.593809, 53.64142], [-113.59152, 53.64215], [-113.59029, 53.642869], [-113.589219, 53.6435], [-113.588069, 53.64511], [-113.587729, 53.64541], [-113.58836, 53.64604], [-113.588719, 53.64718], [-113.588528, 53.647891], [-113.587839, 53.64886], [-113.58686, 53.65013], [-113.5866, 53.65049], [-113.58573, 53.65127], [-113.583929, 53.65166], [-113.584013, 53.651947], [-113.584201, 53.65222], [-113.58463, 53.65254], [-113.58544, 53.65279], [-113.586079, 53.65283], [-113.58659, 53.65276], [-113.5872, 53.65255], [-113.58769, 53.6522], [-113.58819, 53.65172], [-113.58849, 53.65147], [-113.58907, 53.65111], [-113.58982, 53.65079], [-113.59098, 53.65064], [-113.591481, 53.65065], [-113.59204, 53.65086], [-113.59197, 53.651], [-113.59203, 53.65173], [-113.59238, 53.65293], [-113.59268, 53.65382], [-113.592699, 53.65412], [-113.59316, 53.65457], [-113.593829, 53.65476], [-113.594691, 53.6547], [-113.59555, 53.65451], [-113.59581, 53.6545], [-113.596339, 53.65453], [-113.597059, 53.65437], [-113.59723, 53.65373], [-113.59708, 53.65306], [-113.596739, 53.65257], [-113.597491, 53.65215], [-113.5987, 53.65175], [-113.59969, 53.65148], [-113.600131, 53.651391], [-113.60226, 53.6511], [-113.60338, 53.65071], [-113.60322, 53.64955]]}, "properties": {"route_id": "A9", "route_short_name": "A9", "route_long_name": "A9 \u2014 Sturgeon - Kingswood - Woodlands", "category": "Local Bus"}}, {"type": "Feature", "geometry": {"type": "LineString", "coordinates": [[-113.516716, 53.478704], [-113.51671, 53.4777], [-113.5167, 53.47629], [-113.51668, 53.47528], [-113.51668, 53.47233], [-113.51665, 53.46994], [-113.51658, 53.46695], [-113.51659, 53.466], [-113.51658, 53.46534], [-113.51657, 53.46469], [-113.516639, 53.46215], [-113.51667, 53.46115], [-113.51673, 53.45924], [-113.51673, 53.45823], [-113.515561, 53.45809], [-113.515359, 53.45792]]}, "properties": {"route_id": "662", "route_short_name": "662", "route_long_name": "662 \u2014 Harry Ainlay - Louis St. Laurent - Century Park", "category": "Local Bus"}}, {"type": "Feature", "geometry": {"type": "LineString", "coordinates": [[-113.426253, 53.53475], [-113.426281, 53.53391], [-113.42363, 53.53392], [-113.42274, 53.53392], [-113.41911, 53.53392], [-113.4185, 53.534274], [-113.4185, 53.53571], [-113.41847, 53.53682], [-113.41845, 53.53793], [-113.41845, 53.53803], [-113.418449, 53.53865], [-113.418451, 53.539314], [-113.41845, 53.54022], [-113.41845, 53.54058], [-113.41845, 53.54123], [-113.418461, 53.5419], [-113.418459, 53.542309], [-113.41846, 53.5447], [-113.418451, 53.54615], [-113.419383, 53.54744], [-113.420299, 53.54744], [-113.42231, 53.5474], [-113.4238, 53.54723], [-113.42508, 53.54693], [-113.42588, 53.54656], [-113.427631, 53.54521], [-113.428509, 53.54561], [-113.4303, 53.54642], [-113.431, 53.546998], [-113.43118, 53.5473], [-113.43124, 53.54851], [-113.43123, 53.5493], [-113.431729, 53.54934], [-113.4321, 53.54934], [-113.433204, 53.54934], [-113.43573, 53.54937], [-113.43676, 53.54941], [-113.43715, 53.54954], [-113.43738, 53.54974], [-113.437509, 53.55012], [-113.437471, 53.55111], [-113.437529, 53.55238], [-113.43766, 53.55321], [-113.437909, 53.55398], [-113.43798, 53.55432], [-113.43822, 53.55492], [-113.43857, 53.55569], [-113.438991, 53.55643], [-113.43949, 53.55716], [-113.440151, 53.55797], [-113.44091, 53.55874], [-113.441731, 53.55946], [-113.442381, 53.55996], [-113.4431, 53.56057], [-113.44371, 53.56113], [-113.44467, 53.56191], [-113.445691, 53.56294], [-113.446001, 53.563206], [-113.446381, 53.5635], [-113.44747, 53.56413], [-113.448409, 53.56478], [-113.449001, 53.56527], [-113.44973, 53.56615], [-113.45032, 53.56697], [-113.451209, 53.56826], [-113.451769, 53.56908], [-113.45209, 53.56966], [-113.45217, 53.57011], [-113.45244, 53.57043], [-113.45363, 53.57044], [-113.454492, 53.570439], [-113.45542, 53.57044], [-113.45717, 53.57046], [-113.45837, 53.57046], [-113.458981, 53.57046], [-113.46061, 53.57045], [-113.460969, 53.57059], [-113.46064, 53.57071], [-113.45915, 53.57084], [-113.45861, 53.57117], [-113.458291, 53.57147], [-113.458021, 53.573419], [-113.458769, 53.57357], [-113.45979, 53.573566], [-113.46051, 53.5736], [-113.46088, 53.5739], [-113.46046, 53.57431], [-113.460071, 53.57513], [-113.459843, 53.575602], [-113.45961, 53.57609], [-113.459419, 53.57648], [-113.45913, 53.5769], [-113.45894, 53.57712], [-113.45833, 53.57768], [-113.457509, 53.57825], [-113.45677, 53.57876], [-113.45641, 53.57895], [-113.45609, 53.57911], [-113.45526, 53.57928], [-113.454579, 53.57924], [-113.454179, 53.57947], [-113.45396, 53.57975], [-113.453801, 53.57991], [-113.4532, 53.58034], [-113.45292, 53.5805], [-113.452459, 53.58076], [-113.45176, 53.58113], [-113.45099, 53.5815], [-113.450681, 53.58169], [-113.44987, 53.58205], [-113.44913, 53.58239], [-113.448329, 53.58275], [-113.447521, 53.583124], [-113.446481, 53.5836], [-113.445881, 53.58387], [-113.445411, 53.58401], [-113.444199, 53.58447], [-113.442959, 53.58495], [-113.44232, 53.585242], [-113.441979, 53.5854], [-113.44109, 53.58582], [-113.43958, 53.5865], [-113.439065, 53.586742], [-113.43762, 53.58739], [-113.43646, 53.58797], [-113.43587, 53.58795], [-113.43485, 53.58802], [-113.43464, 53.5881], [-113.43475, 53.58833], [-113.43568, 53.58847], [-113.43486, 53.58906], [-113.43349, 53.59008], [-113.432787, 53.590579], [-113.43238, 53.59088], [-113.43089, 53.59194], [-113.430327, 53.59235], [-113.42965, 53.59283], [-113.428411, 53.59378], [-113.427221, 53.594634], [-113.426479, 53.59519], [-113.42575, 53.59571], [-113.42474, 53.59636], [-113.42424, 53.59662], [-113.42345, 53.59699], [-113.42284, 53.59724], [-113.421891, 53.59762], [-113.42136, 53.59786], [-113.420749, 53.59822], [-113.42028, 53.5986], [-113.41949, 53.59929], [-113.41892, 53.59976], [-113.418059, 53.60049], [-113.41711, 53.60131], [-113.4163, 53.602], [-113.415639, 53.60257], [-113.41499, 53.60313], [-113.41295, 53.60424], [-113.411139, 53.60361], [-113.41175, 53.60295], [-113.4114, 53.60272], [-113.41177, 53.60226]]}, "properties": {"route_id": "633", "route_short_name": "633", "route_long_name": "633 \u2014 Austin O'Brien - Coliseum - Clareview", "category": "Local Bus"}}, {"type": "Feature", "geometry": {"type": "LineString", "coordinates": [[-113.565829, 53.553505], [-113.56585, 53.55449], [-113.56585, 53.55536], [-113.56584, 53.55604], [-113.56577, 53.55636], [-113.56575, 53.55673], [-113.56574, 53.55691], [-113.565741, 53.55762], [-113.565739, 53.55804], [-113.56573, 53.55883], [-113.56573, 53.55949], [-113.565749, 53.56001], [-113.56583, 53.5605], [-113.565839, 53.5611], [-113.56584, 53.56137], [-113.565849, 53.56187], [-113.565849, 53.56247], [-113.565859, 53.56326], [-113.56586, 53.56454], [-113.56586, 53.56523], [-113.56586, 53.56586], [-113.56586, 53.56689], [-113.565861, 53.56859], [-113.56578, 53.5691], [-113.56578, 53.56953], [-113.56577, 53.56982], [-113.565204, 53.570353], [-113.56488, 53.57034], [-113.56288, 53.5703], [-113.56072, 53.5703], [-113.55634, 53.57029], [-113.554093, 53.570277], [-113.5525, 53.57028], [-113.551501, 53.57028], [-113.5507, 53.57029], [-113.55014, 53.57018], [-113.54969, 53.57006], [-113.54961, 53.57003], [-113.54947, 53.57], [-113.54924, 53.57001], [-113.5491, 53.57005], [-113.54903, 53.57011], [-113.548989, 53.5702], [-113.548981, 53.57031], [-113.54904, 53.57042], [-113.549121, 53.57048], [-113.54932, 53.57079], [-113.549689, 53.57139], [-113.550059, 53.57194], [-113.55041, 53.57235], [-113.5512, 53.57329], [-113.55158, 53.57363], [-113.551809, 53.5739], [-113.55346, 53.57586], [-113.554465, 53.577254], [-113.554831, 53.57777], [-113.55569, 53.57919], [-113.555899, 53.57952], [-113.55593, 53.57973], [-113.55619, 53.58016], [-113.55641, 53.580487], [-113.55692, 53.58123], [-113.55768, 53.582228], [-113.558171, 53.58283], [-113.559009, 53.58378], [-113.5601, 53.58493], [-113.56105, 53.585938], [-113.56357, 53.58859], [-113.564785, 53.589872], [-113.56527, 53.59039], [-113.566215, 53.591365], [-113.567399, 53.59251], [-113.569, 53.5939], [-113.56986, 53.59461], [-113.57058, 53.59523], [-113.57096, 53.59555], [-113.57186, 53.59634], [-113.57308, 53.59748], [-113.573679, 53.59808], [-113.5742, 53.59875], [-113.57426, 53.59903], [-113.574169, 53.59923], [-113.573899, 53.59933], [-113.57323, 53.59935], [-113.57217, 53.59935], [-113.5712, 53.59935], [-113.5699, 53.59936], [-113.5681, 53.59937], [-113.5654, 53.59938], [-113.56307, 53.59939], [-113.5618, 53.59939], [-113.56006, 53.59939], [-113.557579, 53.59939], [-113.554109, 53.59939], [-113.552925, 53.599391], [-113.5517, 53.5994], [-113.549739, 53.599399], [-113.547909, 53.5994], [-113.546598, 53.599394], [-113.545141, 53.59939], [-113.54307, 53.59937], [-113.54232, 53.59937], [-113.54108, 53.59936], [-113.540169, 53.59936], [-113.539801, 53.59936], [-113.53842, 53.59937], [-113.53743, 53.59938], [-113.53604, 53.5994], [-113.534428, 53.599415], [-113.53338, 53.59942], [-113.53142, 53.59943], [-113.52797, 53.59943], [-113.526851, 53.59943], [-113.52377, 53.59944], [-113.521104, 53.59945], [-113.520099, 53.59945], [-113.518181, 53.59945], [-113.517441, 53.59945], [-113.516017, 53.599456], [-113.51489, 53.59946], [-113.511605, 53.59946], [-113.50937, 53.59946], [-113.506179, 53.599449], [-113.50533, 53.59945], [-113.5031, 53.59945], [-113.500222, 53.599435], [-113.49884, 53.59943], [-113.49592, 53.59943], [-113.49481, 53.59943], [-113.493251, 53.59943], [-113.49187, 53.59943], [-113.490861, 53.59943], [-113.49038, 53.59943], [-113.48906, 53.59943], [-113.488161, 53.5996], [-113.488551, 53.59982], [-113.48887, 53.59976], [-113.490546, 53.599751], [-113.49125, 53.59981], [-113.491361, 53.6002], [-113.49188, 53.60034], [-113.491829, 53.6013], [-113.49178, 53.60214], [-113.49175, 53.60326], [-113.49173, 53.60507], [-113.491729, 53.60635], [-113.49173, 53.60728], [-113.491733, 53.607707], [-113.491739, 53.60916], [-113.49172, 53.61055], [-113.49168, 53.61193], [-113.49169, 53.61287], [-113.491691, 53.61336], [-113.49169, 53.61405], [-113.49169, 53.61468], [-113.491694, 53.615049], [-113.491729, 53.61617], [-113.49114, 53.61766], [-113.48954, 53.61766], [-113.490872, 53.617958]]}, "properties": {"route_id": "684", "route_short_name": "684", "route_long_name": "684 \u2014 Archbishop Macdonald - Ross Sheppard - Lago Lindo", "category": "Local Bus"}}, {"type": "Feature", "geometry": {"type": "LineString", "coordinates": [[-113.623461, 53.639265], [-113.62329, 53.63877], [-113.623101, 53.6381], [-113.62337, 53.63789], [-113.623919, 53.63782], [-113.6243, 53.63854], [-113.62468, 53.63968], [-113.625549, 53.64023], [-113.626111, 53.64002], [-113.626831, 53.64033], [-113.62757, 53.64104], [-113.628289, 53.64175], [-113.62851, 53.6421], [-113.629051, 53.64271], [-113.62938, 53.64262], [-113.62978, 53.64249], [-113.630519, 53.64217], [-113.631439, 53.64174], [-113.6324, 53.6414], [-113.633301, 53.64123], [-113.634772, 53.641019], [-113.63519, 53.64096], [-113.63609, 53.64083], [-113.6369, 53.64071], [-113.637829, 53.64055], [-113.638151, 53.64046], [-113.638619, 53.64029], [-113.63937, 53.63985], [-113.640011, 53.6394], [-113.640511, 53.63911], [-113.6408, 53.63898], [-113.64185, 53.63873], [-113.64341, 53.63852], [-113.644826, 53.638326], [-113.64575, 53.6382], [-113.64715, 53.63801], [-113.648519, 53.63771], [-113.65065, 53.63701], [-113.65106, 53.63688], [-113.651609, 53.6367], [-113.652251, 53.63647], [-113.652689, 53.636274], [-113.65304, 53.63607], [-113.65349, 53.63575], [-113.653881, 53.63537], [-113.65431, 53.6345], [-113.65469, 53.63324], [-113.65319, 53.63292], [-113.65196, 53.63264], [-113.649054, 53.631966], [-113.64811, 53.63153], [-113.648362, 53.630847], [-113.64944, 53.63066], [-113.651149, 53.630329], [-113.652759, 53.62995], [-113.65469, 53.62957], [-113.65599, 53.6294], [-113.65705, 53.629325], [-113.65903, 53.62917], [-113.659472, 53.630235], [-113.65876, 53.63097], [-113.65726, 53.63139], [-113.655589, 53.63235], [-113.65469, 53.63324], [-113.65376, 53.63527], [-113.65299, 53.63594], [-113.652089, 53.63641], [-113.650999, 53.63677], [-113.650619, 53.636888], [-113.64951, 53.63727], [-113.647679, 53.63782], [-113.64597, 53.63807], [-113.644724, 53.638235], [-113.64365, 53.63838], [-113.64177, 53.63863], [-113.64076, 53.63888], [-113.64019, 53.63913], [-113.63991, 53.63931], [-113.639331, 53.63971], [-113.63859, 53.64018], [-113.63805, 53.64037], [-113.637489, 53.64051], [-113.63643, 53.64066], [-113.635969, 53.64073], [-113.63506, 53.64086], [-113.634069, 53.641], [-113.633406, 53.6411], [-113.631981, 53.64141], [-113.63128, 53.64168], [-113.63066, 53.64198], [-113.62966, 53.64242], [-113.62914, 53.64258], [-113.628129, 53.64275], [-113.62718, 53.64285], [-113.62637, 53.64286], [-113.62607, 53.64276], [-113.625829, 53.6424], [-113.62545, 53.64121], [-113.62494, 53.64044], [-113.62387, 53.64047]]}, "properties": {"route_id": "A3", "route_short_name": "A3", "route_long_name": "A3 \u2014 Riverside", "category": "Local Bus"}}, {"type": "Feature", "geometry": {"type": "LineString", "coordinates": [[-113.306598, 53.543023], [-113.30485, 53.54271], [-113.30543, 53.54244], [-113.30766, 53.54245], [-113.30813, 53.54232], [-113.30821, 53.54146], [-113.30871, 53.54126], [-113.310931, 53.54125], [-113.31374, 53.54125], [-113.31629, 53.5413], [-113.318381, 53.54132], [-113.31993, 53.54132], [-113.32218, 53.5413], [-113.32389, 53.5413], [-113.32682, 53.5413], [-113.330401, 53.54126], [-113.33409, 53.54118], [-113.3369, 53.54115], [-113.33847, 53.54114], [-113.33936, 53.54125], [-113.34002, 53.54142], [-113.34079, 53.54174], [-113.34146, 53.54223], [-113.341809, 53.54267], [-113.34198, 53.54304], [-113.34217, 53.54372], [-113.34236, 53.54445], [-113.342581, 53.54527], [-113.342829, 53.54616], [-113.343051, 53.54698], [-113.34319, 53.54743], [-113.34343, 53.5482], [-113.343619, 53.54923], [-113.343779, 53.55049], [-113.343861, 53.55128], [-113.34397, 53.55307], [-113.344009, 53.5564], [-113.34388, 53.55743], [-113.343851, 53.55768], [-113.34378, 53.55882], [-113.343671, 53.56045], [-113.3437, 53.56184], [-113.34359, 53.56334], [-113.34336, 53.5649], [-113.34329, 53.56534], [-113.34312, 53.56644], [-113.34296, 53.56754], [-113.343039, 53.56826], [-113.34335, 53.56886], [-113.344031, 53.56956], [-113.344451, 53.56984], [-113.34525, 53.57018], [-113.34581, 53.5704], [-113.34687, 53.57064], [-113.34803, 53.57072], [-113.34937, 53.57066], [-113.35097, 53.57037], [-113.352141, 53.57023], [-113.353611, 53.57015], [-113.356551, 53.5701], [-113.35927, 53.57016], [-113.36035, 53.57023], [-113.36135, 53.5703], [-113.36285, 53.57041], [-113.36403, 53.57049], [-113.365119, 53.57059], [-113.36667, 53.5708], [-113.368171, 53.57108], [-113.369731, 53.57145], [-113.3712, 53.57185], [-113.37293, 53.57233], [-113.374259, 53.5727], [-113.37618, 53.57323], [-113.37707, 53.57346], [-113.37882, 53.57384], [-113.38139, 53.57435], [-113.38247, 53.57464], [-113.383299, 53.5749], [-113.383829, 53.57509], [-113.38579, 53.57576], [-113.387409, 53.57633], [-113.389311, 53.57694], [-113.390601, 53.57732], [-113.392569, 53.57785], [-113.39382, 53.57817], [-113.395621, 53.57861], [-113.397659, 53.57911], [-113.39971, 53.57961], [-113.401779, 53.58013], [-113.404179, 53.58071], [-113.40568, 53.58107], [-113.407011, 53.58137], [-113.40833, 53.58163], [-113.41008, 53.58192], [-113.411651, 53.58214], [-113.41274, 53.58224], [-113.41424, 53.58236], [-113.416011, 53.58245], [-113.41738, 53.58249], [-113.418461, 53.5825], [-113.42015, 53.5825], [-113.42232, 53.58242], [-113.42403, 53.58228], [-113.42589, 53.58207], [-113.426851, 53.58193], [-113.42812, 53.58167], [-113.42949, 53.58124], [-113.43056, 53.58076], [-113.43192, 53.57999], [-113.43371, 53.57897], [-113.43462, 53.57863], [-113.43555, 53.57844], [-113.43644, 53.57838], [-113.438259, 53.57838], [-113.440251, 53.57839], [-113.442241, 53.5784], [-113.44408, 53.5784], [-113.445501, 53.5784], [-113.44822, 53.57842], [-113.44904, 53.57852], [-113.44968, 53.57867], [-113.45031, 53.57893], [-113.45139, 53.57953], [-113.452511, 53.5803], [-113.45284, 53.58055], [-113.453029, 53.5807], [-113.45356, 53.58115], [-113.454411, 53.58179], [-113.45545, 53.58224], [-113.45641, 53.58246], [-113.45721, 53.58252], [-113.45927, 53.5825], [-113.4609, 53.58247], [-113.46453, 53.58238], [-113.46707, 53.58232], [-113.46764, 53.58229], [-113.46851, 53.58222], [-113.46954, 53.58203], [-113.47072, 53.58172], [-113.471719, 53.5815], [-113.472521, 53.58141], [-113.473441, 53.58139], [-113.4806, 53.58139], [-113.48469, 53.58139], [-113.48558, 53.58139], [-113.486419, 53.5815], [-113.489291, 53.58156], [-113.49157, 53.5816], [-113.49217, 53.58137], [-113.492309, 53.58015], [-113.49231, 53.5783], [-113.49229, 53.57624], [-113.4923, 53.57511], [-113.4923, 53.5735], [-113.49232, 53.57155], [-113.49231, 53.57117], [-113.49224, 53.57082], [-113.492339, 53.5706], [-113.492471, 53.57048], [-113.49271, 53.5704], [-113.493091, 53.57038], [-113.494309, 53.57035], [-113.495551, 53.57031], [-113.49701, 53.57032], [-113.49841, 53.57034], [-113.501331, 53.57034], [-113.50284, 53.57035], [-113.50393, 53.57035], [-113.503325, 53.57082]]}, "properties": {"route_id": "415", "route_short_name": "415", "route_long_name": "415 \u2014 Bethel - Nait", "category": "Local Bus"}}, {"type": "Feature", "geometry": {"type": "LineString", "coordinates": [[-113.476494, 53.59215], [-113.47971, 53.59213], [-113.48063, 53.59212], [-113.482673, 53.592107], [-113.48659, 53.59209], [-113.488741, 53.592081], [-113.489751, 53.59213], [-113.49203, 53.59212], [-113.49294, 53.59208], [-113.493401, 53.59207], [-113.49546, 53.59204], [-113.49636, 53.59204], [-113.497249, 53.59204], [-113.501134, 53.592079], [-113.506591, 53.5921], [-113.50842, 53.59209], [-113.514047, 53.592113], [-113.51437, 53.59212], [-113.51648, 53.59217], [-113.516503, 53.593027], [-113.516539, 53.5941], [-113.516559, 53.59512], [-113.51657, 53.59538], [-113.516601, 53.59654], [-113.51662, 53.5984], [-113.516621, 53.598703], [-113.51662, 53.59945], [-113.51664, 53.60026], [-113.516639, 53.60041], [-113.51663, 53.60107], [-113.516619, 53.60203], [-113.516639, 53.6028], [-113.516639, 53.60584], [-113.516629, 53.607413], [-113.51663, 53.60812], [-113.51664, 53.61145], [-113.516635, 53.612539], [-113.51663, 53.61301], [-113.51661, 53.6137], [-113.5166, 53.61471], [-113.516591, 53.61514], [-113.51661, 53.61554], [-113.51668, 53.61595], [-113.51677, 53.61622], [-113.516956, 53.616668], [-113.51705, 53.61686], [-113.51728, 53.61728], [-113.51759, 53.61772], [-113.517754, 53.617936], [-113.51827, 53.61857], [-113.51875, 53.61927], [-113.51887, 53.61951], [-113.51913, 53.62028], [-113.519191, 53.62106], [-113.51909, 53.62178], [-113.518911, 53.6223], [-113.51866, 53.62279], [-113.519365, 53.622915], [-113.52155, 53.62318], [-113.52269, 53.62317], [-113.523447, 53.623495], [-113.52339, 53.62452], [-113.522961, 53.62531], [-113.522471, 53.62614], [-113.52381, 53.62642], [-113.52604, 53.6274], [-113.52674, 53.62771], [-113.528697, 53.62773], [-113.52956, 53.62773], [-113.53129, 53.62756], [-113.532102, 53.627111], [-113.53332, 53.62607], [-113.53371, 53.62577], [-113.53469, 53.62524], [-113.536569, 53.62463], [-113.537257, 53.624357], [-113.53766, 53.62411], [-113.53813, 53.6236], [-113.53669, 53.62286], [-113.53663, 53.62283], [-113.53505, 53.62207], [-113.533581, 53.62164], [-113.533714, 53.621355], [-113.533459, 53.62017], [-113.53266, 53.61963], [-113.53084, 53.61855], [-113.5305, 53.61802]]}, "properties": {"route_id": "613", "route_short_name": "613", "route_long_name": "613 \u2014 Archbishop O'Leary - Queen Elizabeth - Dunluce", "category": "Local Bus"}}, {"type": "Feature", "geometry": {"type": "LineString", "coordinates": [[-113.475454, 53.592156], [-113.470859, 53.59219], [-113.470367, 53.592162], [-113.468189, 53.59217], [-113.46689, 53.59217], [-113.466291, 53.59217], [-113.46383, 53.59218], [-113.46138, 53.59224], [-113.457869, 53.59224], [-113.457091, 53.592243], [-113.45206, 53.59225], [-113.45158, 53.59225], [-113.44892, 53.59227], [-113.44715, 53.592269], [-113.44608, 53.59226], [-113.443449, 53.59226], [-113.442899, 53.59226], [-113.4429, 53.592766], [-113.4429, 53.59406], [-113.442888, 53.595748], [-113.44286, 53.59858], [-113.442851, 53.59907], [-113.44285, 53.59968], [-113.44285, 53.59989], [-113.44285, 53.60028], [-113.44284, 53.60072], [-113.44284, 53.60116], [-113.44282, 53.60221], [-113.44279, 53.6031], [-113.44278, 53.60409], [-113.442769, 53.6049], [-113.442759, 53.60566], [-113.44276, 53.60698], [-113.44276, 53.60722], [-113.442759, 53.60957], [-113.44276, 53.610428], [-113.442759, 53.61244], [-113.44274, 53.61389], [-113.44274, 53.614805], [-113.44274, 53.61526], [-113.442769, 53.61637], [-113.44277, 53.61655], [-113.442779, 53.6186], [-113.44278, 53.61913], [-113.44279, 53.619888], [-113.44278, 53.6204], [-113.442771, 53.62075], [-113.44281, 53.6211], [-113.44281, 53.62234], [-113.44281, 53.62308], [-113.44282, 53.62411], [-113.44282, 53.62501], [-113.442851, 53.62674], [-113.44285, 53.62716], [-113.44285, 53.62792], [-113.442704, 53.62836], [-113.442292, 53.628605], [-113.44153, 53.62866], [-113.44125, 53.62866], [-113.43813, 53.62866], [-113.436696, 53.628621], [-113.43596, 53.62862], [-113.4345, 53.62865], [-113.432009, 53.62864], [-113.430124, 53.62864], [-113.421229, 53.62863], [-113.41822, 53.62862], [-113.4171, 53.62862], [-113.41523, 53.62861], [-113.41464, 53.62861], [-113.411949, 53.62861], [-113.412054, 53.629368], [-113.41211, 53.62966], [-113.4124, 53.63069], [-113.4131, 53.63162], [-113.41383, 53.63239], [-113.414331, 53.63229], [-113.41479, 53.63208], [-113.416061, 53.6316], [-113.417501, 53.63133], [-113.418766, 53.631317], [-113.420299, 53.63131], [-113.421999, 53.631386], [-113.422299, 53.63142], [-113.42404, 53.63206], [-113.42523, 53.632787], [-113.42702, 53.63405], [-113.427931, 53.63468], [-113.427451, 53.63496], [-113.42662, 53.63564], [-113.426244, 53.636867], [-113.426239, 53.63708], [-113.4267, 53.63824], [-113.42731, 53.639], [-113.427639, 53.63922], [-113.42897, 53.6399], [-113.430031, 53.64019], [-113.432433, 53.640215], [-113.43385, 53.64011], [-113.435391, 53.63988], [-113.436502, 53.639777], [-113.43754, 53.63974], [-113.44056, 53.64005], [-113.44105, 53.64015], [-113.44237, 53.64028], [-113.443341, 53.64039], [-113.44374, 53.64048], [-113.44483, 53.64097], [-113.44558, 53.64155], [-113.44569, 53.64166], [-113.44596, 53.64164], [-113.446952, 53.642079], [-113.447429, 53.64223], [-113.44883, 53.64244], [-113.45268, 53.64244], [-113.45368, 53.6424], [-113.45392, 53.64236], [-113.45601, 53.64189], [-113.456941, 53.64157], [-113.457779, 53.64114], [-113.458365, 53.641223], [-113.45997, 53.64215], [-113.460841, 53.64258], [-113.4618, 53.64279], [-113.46263, 53.64282], [-113.46443, 53.64279], [-113.465233, 53.642675]]}, "properties": {"route_id": "626", "route_short_name": "626", "route_long_name": "626 \u2014 O'Leary - Crystallina Nera", "category": "Local Bus"}}, {"type": "Feature", "geometry": {"type": "LineString", "coordinates": [[-113.6027, 53.526836], [-113.602733, 53.525773], [-113.602747, 53.525407], [-113.60277, 53.52467], [-113.60279, 53.524146], [-113.60281, 53.52249], [-113.602829, 53.52156], [-113.603329, 53.51952], [-113.60468, 53.51952], [-113.6078, 53.51954], [-113.609479, 53.51955], [-113.609721, 53.51955], [-113.610591, 53.51956], [-113.61108, 53.51961], [-113.61263, 53.51961], [-113.61347, 53.519621], [-113.61445, 53.51963], [-113.61485, 53.5197], [-113.61511, 53.51983], [-113.61524, 53.52014], [-113.61523, 53.52087], [-113.61522, 53.52214], [-113.61521, 53.52331], [-113.615199, 53.52429], [-113.61549, 53.52485], [-113.618519, 53.52486], [-113.61989, 53.52486], [-113.62179, 53.52486], [-113.62298, 53.52489], [-113.62344, 53.52524], [-113.62254, 53.52519], [-113.62194, 53.52519], [-113.62122, 53.52519], [-113.6207, 53.52519]]}, "properties": {"route_id": "671", "route_short_name": "671", "route_long_name": "671 \u2014 Alex Janvier - Wem", "category": "Local Bus"}}, {"type": "Feature", "geometry": {"type": "LineString", "coordinates": [[-113.460277, 53.570739], [-113.45915, 53.57084], [-113.45861, 53.57117], [-113.45803, 53.57199], [-113.45953, 53.57357], [-113.46051, 53.5736], [-113.46088, 53.5739], [-113.46046, 53.57431], [-113.460071, 53.57513], [-113.45967, 53.57597], [-113.459479, 53.57638], [-113.45923, 53.57676], [-113.45886, 53.57721], [-113.458109, 53.57785], [-113.457141, 53.57851], [-113.456639, 53.57886], [-113.45609, 53.57911], [-113.45526, 53.57928], [-113.454579, 53.57924], [-113.454179, 53.57947], [-113.45396, 53.57975], [-113.453801, 53.57991], [-113.45352, 53.58001], [-113.45319, 53.58007], [-113.452909, 53.58006], [-113.452529, 53.57991], [-113.45165, 53.57933], [-113.45107, 53.579], [-113.45052, 53.57883], [-113.44993, 53.57859], [-113.449241, 53.57839], [-113.448661, 53.5783], [-113.44679, 53.57825], [-113.444039, 53.57825], [-113.442281, 53.57824], [-113.440691, 53.57823], [-113.43824, 53.57822], [-113.43669, 53.57822], [-113.43586, 53.57825], [-113.43519, 53.57834], [-113.43451, 53.57849], [-113.433929, 53.57868], [-113.433169, 53.57905], [-113.4321, 53.57966], [-113.43133, 53.58011], [-113.430389, 53.58064], [-113.4294, 53.58109], [-113.42863, 53.58136], [-113.42763, 53.58162], [-113.4267, 53.58179], [-113.425539, 53.58197], [-113.42375, 53.58217], [-113.422459, 53.58227], [-113.42106, 53.58234], [-113.419961, 53.58236], [-113.41846, 53.58235], [-113.41742, 53.58231], [-113.41552, 53.5822], [-113.41359, 53.58204], [-113.41227, 53.5819], [-113.41098, 53.58174], [-113.409159, 53.58148], [-113.40742, 53.58115], [-113.40585, 53.5808], [-113.4038, 53.5803], [-113.401699, 53.5798], [-113.39911, 53.57917], [-113.39604, 53.57842], [-113.39327, 53.57776], [-113.391641, 53.57733], [-113.390611, 53.57704], [-113.38876, 53.57647], [-113.38752, 53.57607], [-113.385579, 53.57539], [-113.383769, 53.57475], [-113.383441, 53.57463], [-113.381891, 53.57408], [-113.380609, 53.57362], [-113.37863, 53.57292], [-113.377151, 53.57239], [-113.37614, 53.57201], [-113.37336, 53.57102], [-113.37135, 53.5703], [-113.369971, 53.56983], [-113.368629, 53.56947], [-113.36714, 53.56922], [-113.365071, 53.56911], [-113.36411, 53.56913], [-113.363329, 53.56916], [-113.3594, 53.56916], [-113.35679, 53.56918], [-113.35179, 53.56918], [-113.34972, 53.56931], [-113.34782, 53.56952], [-113.34619, 53.56962], [-113.344451, 53.56964], [-113.343019, 53.56965], [-113.34234, 53.56956], [-113.34198, 53.56942], [-113.34165, 53.56915], [-113.34154, 53.56895], [-113.341531, 53.5687], [-113.341631, 53.56847], [-113.34186, 53.56826], [-113.34218, 53.5681], [-113.34279, 53.56798], [-113.34331, 53.56801], [-113.34364, 53.5681], [-113.3439, 53.56823], [-113.34413, 53.5684], [-113.3443, 53.56862], [-113.344381, 53.5688], [-113.34443, 53.56905], [-113.344451, 53.56935], [-113.344451, 53.56964], [-113.34445, 53.57024], [-113.344459, 53.57083], [-113.34448, 53.57135], [-113.34452, 53.5716], [-113.34456, 53.5725], [-113.34445, 53.57465], [-113.344371, 53.57628], [-113.34435, 53.57676], [-113.34424, 53.57887], [-113.344149, 53.58082], [-113.344059, 53.58185], [-113.34398, 53.58249], [-113.34401, 53.58404], [-113.343989, 53.58481], [-113.343839, 53.58572], [-113.34355, 53.58665], [-113.34346, 53.5871], [-113.338549, 53.58667], [-113.33857, 53.587], [-113.338821, 53.5873], [-113.339541, 53.58761], [-113.34214, 53.58863], [-113.34243, 53.58906], [-113.342399, 53.58966], [-113.34153, 53.58994], [-113.341909, 53.59145], [-113.34288, 53.5936], [-113.342862, 53.594468]]}, "properties": {"route_id": "589", "route_short_name": "589", "route_long_name": "589 \u2014 Edmonton Waste Management Centre - Coliseum", "category": "Local Bus"}}, {"type": "Feature", "geometry": {"type": "LineString", "coordinates": [[-113.445409, 53.458626], [-113.44402, 53.45858], [-113.44358, 53.45838], [-113.439699, 53.45842], [-113.43676, 53.45841], [-113.43511, 53.45839], [-113.434571, 53.4572], [-113.434331, 53.45635], [-113.43263, 53.45643], [-113.431489, 53.45647], [-113.43134, 53.45682], [-113.43029, 53.45711], [-113.42934, 53.45713], [-113.42862, 53.45723]]}, "properties": {"route_id": "642", "route_short_name": "642", "route_long_name": "642 \u2014 Lakewood - Mill Woods", "category": "Local Bus"}}, {"type": "Feature", "geometry": {"type": "LineString", "coordinates": [[-113.516715, 53.478703], [-113.51671, 53.4777], [-113.5167, 53.47629], [-113.51668, 53.47528], [-113.51668, 53.47233], [-113.51665, 53.46994], [-113.51658, 53.46695], [-113.51659, 53.466], [-113.51635, 53.46583], [-113.51512, 53.46585], [-113.51399, 53.46592], [-113.512869, 53.46605], [-113.51165, 53.46627], [-113.510071, 53.46664], [-113.508591, 53.467], [-113.507021, 53.46733], [-113.5054, 53.46757], [-113.50423, 53.46768], [-113.502941, 53.46774], [-113.50148, 53.46774], [-113.498799, 53.46772], [-113.49631, 53.4677], [-113.49455, 53.46769], [-113.49296, 53.46767], [-113.492059, 53.46766], [-113.49144, 53.46766], [-113.49118, 53.46766], [-113.49002, 53.46766], [-113.48935, 53.46765], [-113.48776, 53.46764], [-113.48735, 53.46764], [-113.48618, 53.46763], [-113.4849, 53.46763], [-113.48376, 53.46769], [-113.483059, 53.46769], [-113.481701, 53.46759], [-113.481071, 53.46751], [-113.48019, 53.46736], [-113.478689, 53.46704], [-113.477941, 53.46682], [-113.47726, 53.4666], [-113.47646, 53.46634], [-113.47604, 53.4662], [-113.475451, 53.46602], [-113.4742, 53.46572], [-113.473519, 53.46559], [-113.47275, 53.46547], [-113.471941, 53.46539], [-113.47159, 53.46536], [-113.47075, 53.46522], [-113.468731, 53.46522], [-113.46764, 53.46522], [-113.46638, 53.46522], [-113.46527, 53.46524], [-113.464898, 53.46524], [-113.461361, 53.46523], [-113.45773, 53.46513], [-113.456181, 53.465038], [-113.45472, 53.46495], [-113.45274, 53.46484], [-113.451071, 53.46479], [-113.450011, 53.46478], [-113.44924, 53.46478], [-113.44695, 53.4648], [-113.44455, 53.4649], [-113.44311, 53.46497], [-113.441785, 53.465043], [-113.43836, 53.46522], [-113.43731, 53.46527], [-113.436459, 53.46523], [-113.43611, 53.46511], [-113.435879, 53.46479], [-113.43523, 53.46335], [-113.43486, 53.46242], [-113.434619, 53.46159], [-113.4345, 53.46102], [-113.43441, 53.4602], [-113.4344, 53.45942], [-113.434439, 53.45881], [-113.434571, 53.4572], [-113.434331, 53.45635], [-113.43263, 53.45643], [-113.431489, 53.45647], [-113.43134, 53.45682], [-113.43029, 53.45711], [-113.42934, 53.45713], [-113.42862, 53.45723]]}, "properties": {"route_id": "661", "route_short_name": "661", "route_long_name": "661 \u2014 Harry Ainlay - Mill Woods", "category": "Local Bus"}}, {"type": "Feature", "geometry": {"type": "LineString", "coordinates": [[-113.565829, 53.553505], [-113.56585, 53.55449], [-113.56585, 53.55536], [-113.56584, 53.55604], [-113.56577, 53.55636], [-113.56575, 53.55673], [-113.565741, 53.55731], [-113.56574, 53.558], [-113.56573, 53.55854], [-113.56573, 53.5592], [-113.56575, 53.55997], [-113.56577, 53.56039], [-113.565839, 53.56093], [-113.56584, 53.56129], [-113.565851, 53.56162], [-113.56585, 53.56222], [-113.56585, 53.56288], [-113.565861, 53.56417], [-113.56586, 53.56483], [-113.565859, 53.56576], [-113.56586, 53.56656], [-113.565861, 53.56844], [-113.56586, 53.56895], [-113.56578, 53.56924], [-113.56577, 53.56974], [-113.56577, 53.57037], [-113.56433, 53.57032], [-113.56136, 53.5703], [-113.55634, 53.57029], [-113.552831, 53.57027], [-113.552009, 53.57028], [-113.550949, 53.57029], [-113.550321, 53.57022], [-113.54973, 53.57009], [-113.54964, 53.57004], [-113.54953, 53.57001], [-113.54934, 53.57], [-113.549141, 53.57003], [-113.54906, 53.57008], [-113.549, 53.57017], [-113.548979, 53.57028], [-113.54901, 53.57038], [-113.5491, 53.57047], [-113.54926, 53.5707], [-113.54967, 53.57136], [-113.549809, 53.5716], [-113.55073, 53.57273], [-113.55131, 53.57341], [-113.551809, 53.5739], [-113.55346, 53.57586], [-113.554549, 53.57737], [-113.55557, 53.579], [-113.555861, 53.57946], [-113.55589, 53.57966], [-113.556131, 53.58006], [-113.556531, 53.58066], [-113.55712, 53.58151], [-113.558171, 53.58283], [-113.559009, 53.58378], [-113.5601, 53.58493], [-113.56327, 53.58827], [-113.56415, 53.5892], [-113.56584, 53.59099], [-113.567399, 53.59251], [-113.569, 53.5939], [-113.57027, 53.59497], [-113.57077, 53.59539], [-113.57161, 53.59612], [-113.572501, 53.59693], [-113.573999, 53.59842], [-113.57423, 53.59886], [-113.574251, 53.59911], [-113.57409, 53.59928], [-113.573741, 53.59935], [-113.57217, 53.59935], [-113.5712, 53.59935], [-113.5699, 53.59936], [-113.5681, 53.59937], [-113.5654, 53.59938], [-113.56307, 53.59939], [-113.5618, 53.59939], [-113.56006, 53.59939], [-113.557579, 53.59939], [-113.554109, 53.59939], [-113.552925, 53.599391], [-113.5517, 53.5994], [-113.549739, 53.599399], [-113.547909, 53.5994], [-113.546431, 53.59939], [-113.54395, 53.59938], [-113.542669, 53.59937], [-113.54194, 53.59945], [-113.541349, 53.59948], [-113.54114, 53.59956], [-113.541079, 53.59985], [-113.54108, 53.60026], [-113.54108, 53.600618], [-113.54108, 53.60106], [-113.5411, 53.60154], [-113.54116, 53.60288], [-113.54119, 53.60383], [-113.54132, 53.60417], [-113.542114, 53.604198], [-113.542819, 53.60422], [-113.54359, 53.60436], [-113.54441, 53.6047], [-113.54467, 53.6049], [-113.54658, 53.60662], [-113.54711, 53.606892], [-113.54801, 53.60723], [-113.5487, 53.60685], [-113.548922, 53.606589], [-113.55112, 53.60588], [-113.55184, 53.6057], [-113.55291, 53.60506], [-113.55337, 53.604631], [-113.554236, 53.603979], [-113.55456, 53.60382], [-113.555619, 53.60348], [-113.557675, 53.603399], [-113.558649, 53.60369], [-113.55916, 53.60398], [-113.55985, 53.60461], [-113.560053, 53.604995], [-113.559825, 53.605112], [-113.559817, 53.604848], [-113.55985, 53.60461], [-113.55953, 53.60425], [-113.558821, 53.60378], [-113.55802, 53.60344], [-113.556725, 53.603373], [-113.55535, 53.60355], [-113.554813, 53.603714], [-113.55387, 53.60421], [-113.55291, 53.60506], [-113.552501, 53.60537], [-113.55112, 53.60588], [-113.549571, 53.60628], [-113.5487, 53.60685], [-113.548519, 53.60737], [-113.55032, 53.60759], [-113.551324, 53.607619], [-113.55482, 53.60782], [-113.556001, 53.60803], [-113.55665, 53.60808], [-113.55805, 53.60811], [-113.560181, 53.608403], [-113.56044, 53.60889], [-113.560761, 53.60944], [-113.560939, 53.61057], [-113.56092, 53.61155], [-113.55964, 53.6126], [-113.55998, 53.612982], [-113.56011, 53.61377], [-113.560091, 53.61445], [-113.559515, 53.61462], [-113.557229, 53.61464], [-113.557026, 53.614918], [-113.557219, 53.61646], [-113.55808, 53.61627], [-113.559807, 53.61614], [-113.56004, 53.61616], [-113.56107, 53.61632], [-113.561851, 53.61655], [-113.562679, 53.61707], [-113.562967, 53.617473], [-113.56301, 53.61758], [-113.56295, 53.61827], [-113.562501, 53.61902], [-113.562201, 53.61937], [-113.560971, 53.62082], [-113.56087, 53.62178], [-113.56084, 53.62319], [-113.560824, 53.624555], [-113.560786, 53.625641], [-113.5607, 53.62587], [-113.55926, 53.62657], [-113.556831, 53.626812], [-113.55641, 53.6268], [-113.55489, 53.62674], [-113.553726, 53.626713], [-113.551369, 53.62673], [-113.54997, 53.62682], [-113.54691, 53.62689], [-113.546939, 53.62625], [-113.5474, 53.62531], [-113.54745, 53.624336], [-113.545781, 53.62379], [-113.54463, 53.62328], [-113.542751, 53.62359], [-113.54216, 53.62369], [-113.541111, 53.62373], [-113.54039, 53.62373], [-113.539001, 53.62373], [-113.53854, 53.62368], [-113.537905, 53.623866], [-113.53766, 53.62411], [-113.53688, 53.62453], [-113.535489, 53.62497], [-113.53469, 53.62524], [-113.53371, 53.62577], [-113.533088, 53.626291], [-113.531731, 53.62737], [-113.53129, 53.62756], [-113.52956, 53.62773], [-113.527749, 53.627731], [-113.52674, 53.62771], [-113.52604, 53.6274], [-113.52381, 53.62642], [-113.522697, 53.625799], [-113.522961, 53.62531], [-113.52339, 53.62452], [-113.523401, 53.62314], [-113.52269, 53.62317], [-113.52155, 53.62318], [-113.51883, 53.62283], [-113.519009, 53.62251], [-113.519249, 53.62187], [-113.519371, 53.62118], [-113.51935, 53.62051], [-113.51914, 53.6197], [-113.518995, 53.619385], [-113.518609, 53.61875], [-113.517981, 53.61796], [-113.51761, 53.61747], [-113.51722, 53.6168], [-113.516631, 53.61692], [-113.516321, 53.616534]]}, "properties": {"route_id": "683", "route_short_name": "683", "route_long_name": "683 \u2014 Arch Macdonald - Ross Sheppard - Castle Downs", "category": "Local Bus"}}, {"type": "Feature", "geometry": {"type": "LineString", "coordinates": [[-113.552453, 53.40823], [-113.54817, 53.40799], [-113.542859, 53.40536], [-113.5395, 53.40341], [-113.539873, 53.403138], [-113.54031, 53.40273], [-113.54068, 53.40229], [-113.540899, 53.40177], [-113.540959, 53.40123], [-113.54097, 53.40023], [-113.540831, 53.39922], [-113.53921, 53.39921], [-113.53765, 53.39929], [-113.536717, 53.399111], [-113.536339, 53.39868], [-113.535239, 53.39794], [-113.533648, 53.397477], [-113.53322, 53.3974], [-113.53063, 53.39733], [-113.52818, 53.39732], [-113.525941, 53.39735], [-113.52192, 53.39752], [-113.520975, 53.397904], [-113.5207, 53.39815], [-113.520519, 53.39893], [-113.52093, 53.39987], [-113.52125, 53.40017], [-113.521656, 53.400948], [-113.521139, 53.40156], [-113.520729, 53.4026], [-113.520734, 53.403018], [-113.52072, 53.40379], [-113.520797, 53.404048], [-113.52099, 53.40428], [-113.52119, 53.404926], [-113.52002, 53.40563], [-113.518599, 53.40639], [-113.517979, 53.4067], [-113.515081, 53.40806], [-113.5132, 53.40898], [-113.512881, 53.409127], [-113.51083, 53.41012], [-113.509122, 53.410962], [-113.508211, 53.41139], [-113.506781, 53.41187], [-113.50479, 53.41221], [-113.503301, 53.41237], [-113.503172, 53.412721], [-113.50254, 53.41336], [-113.50087, 53.41367], [-113.49948, 53.41383], [-113.49813, 53.41481], [-113.49618, 53.41659], [-113.4959, 53.41718], [-113.49585, 53.41823], [-113.49578, 53.41958], [-113.49572, 53.42155], [-113.49562, 53.42248], [-113.495761, 53.42322]]}, "properties": {"route_id": "664", "route_short_name": "664", "route_long_name": "664 \u2014 Walker - A. Anderson -  M. Mccaffery", "category": "Local Bus"}}, {"type": "Feature", "geometry": {"type": "LineString", "coordinates": [[-113.54585, 53.407047], [-113.549249, 53.40815], [-113.55319, 53.4097], [-113.552691, 53.41042], [-113.552961, 53.41062], [-113.55325, 53.41061], [-113.55667, 53.4104], [-113.562269, 53.41041], [-113.566052, 53.410418], [-113.567749, 53.41044], [-113.570539, 53.409969], [-113.570501, 53.40905], [-113.5709, 53.40834], [-113.57122, 53.40807], [-113.571631, 53.4078], [-113.573428, 53.406736], [-113.57437, 53.40619], [-113.575731, 53.40562], [-113.577693, 53.405527], [-113.57887, 53.40554], [-113.580017, 53.405704], [-113.58048, 53.40586], [-113.582239, 53.40697], [-113.58276, 53.40668], [-113.58506, 53.40546], [-113.58602, 53.40469], [-113.586259, 53.404369], [-113.58654, 53.40374], [-113.586689, 53.40307], [-113.58614, 53.40192], [-113.58564, 53.40182], [-113.582657, 53.401195], [-113.58141, 53.4008], [-113.57963, 53.39954], [-113.579099, 53.39969], [-113.57799, 53.39979], [-113.57641, 53.40039], [-113.575922, 53.400738], [-113.574761, 53.40142], [-113.573818, 53.40201], [-113.57131, 53.40344], [-113.569609, 53.40364], [-113.568444, 53.403637], [-113.56621, 53.40385], [-113.56541, 53.404433], [-113.56541, 53.40516], [-113.565399, 53.40729], [-113.565419, 53.40769], [-113.565419, 53.40887], [-113.56529, 53.40956], [-113.56539, 53.410854]]}, "properties": {"route_id": "663", "route_short_name": "663", "route_long_name": "663 \u2014 Fr. M. Mccaffery - Chappelle", "category": "Local Bus"}}, {"type": "Feature", "geometry": {"type": "LineString", "coordinates": [[-113.306088, 53.543019], [-113.3041, 53.54334], [-113.30361, 53.54296], [-113.30479, 53.54248], [-113.30693, 53.54244], [-113.30814, 53.54245], [-113.30814, 53.54152], [-113.30847, 53.54133], [-113.31021, 53.54125], [-113.312811, 53.54124], [-113.315389, 53.54129], [-113.31629, 53.5413], [-113.318381, 53.54132], [-113.31993, 53.54132], [-113.32218, 53.5413], [-113.32389, 53.5413], [-113.32682, 53.5413], [-113.330401, 53.54126], [-113.33422, 53.54107], [-113.33915, 53.54072], [-113.342101, 53.54052], [-113.34322, 53.54044], [-113.345039, 53.54032], [-113.34776, 53.5402], [-113.35128, 53.54016], [-113.354089, 53.54012], [-113.35649, 53.5401], [-113.357969, 53.54012], [-113.3604, 53.54022], [-113.36344, 53.54055], [-113.3668, 53.54097], [-113.36923, 53.54118], [-113.370961, 53.54127], [-113.373341, 53.5413], [-113.37956, 53.54126], [-113.3821, 53.54127], [-113.38565, 53.54122], [-113.38717, 53.54121], [-113.388089, 53.54126], [-113.38864, 53.54127], [-113.39144, 53.54126], [-113.39389, 53.54126], [-113.39709, 53.54126], [-113.403921, 53.54124], [-113.40833, 53.54124], [-113.41201, 53.54123], [-113.415361, 53.54123], [-113.41672, 53.54123], [-113.417439, 53.54123], [-113.418999, 53.54123], [-113.419961, 53.54121], [-113.42078, 53.54121], [-113.42174, 53.54112], [-113.42328, 53.54085], [-113.42455, 53.54051], [-113.425921, 53.54012], [-113.426881, 53.53975], [-113.42758, 53.53948], [-113.428759, 53.53892], [-113.4301, 53.53836], [-113.43094, 53.53808], [-113.43197, 53.53784], [-113.4328, 53.5377], [-113.433519, 53.53762], [-113.43468, 53.53756], [-113.43597, 53.53755], [-113.43691, 53.53755], [-113.43856, 53.53755], [-113.4417, 53.53758], [-113.44289, 53.5376], [-113.4442, 53.53759], [-113.44696, 53.53758], [-113.448859, 53.53759], [-113.450119, 53.53754], [-113.45494, 53.53755], [-113.45526, 53.53759], [-113.45555, 53.53768], [-113.455729, 53.53778], [-113.455911, 53.53788], [-113.45612, 53.53793], [-113.45634, 53.53794], [-113.45658, 53.5379], [-113.456819, 53.53782], [-113.45702, 53.53779], [-113.45737, 53.53779], [-113.458459, 53.53792], [-113.4605, 53.53821], [-113.46108, 53.53828], [-113.46201, 53.53833], [-113.46361, 53.53834], [-113.46694, 53.53825], [-113.46871, 53.53821], [-113.47071, 53.53814], [-113.4748, 53.53796], [-113.476549, 53.53788], [-113.47714, 53.53784], [-113.477741, 53.53781], [-113.478401, 53.53773], [-113.47921, 53.53758], [-113.4807, 53.53723], [-113.48283, 53.53667], [-113.48375, 53.53647], [-113.4848, 53.53629], [-113.48666, 53.53605], [-113.48813, 53.53585], [-113.489779, 53.53557], [-113.49096, 53.53532], [-113.4921, 53.53502], [-113.49283, 53.53477], [-113.49381, 53.5344], [-113.49445, 53.53422], [-113.495139, 53.53412], [-113.496079, 53.53408], [-113.49824, 53.53406], [-113.50017, 53.53407], [-113.50176, 53.53407], [-113.50262, 53.53408], [-113.50293, 53.53373], [-113.50291, 53.53296], [-113.502911, 53.532651], [-113.50372, 53.53246], [-113.504209, 53.53265], [-113.50482, 53.53355], [-113.50473, 53.53391], [-113.5044, 53.5343], [-113.504077, 53.534707], [-113.50403, 53.53577], [-113.50464, 53.5358], [-113.50464, 53.53625], [-113.50475, 53.53702], [-113.50477, 53.537619], [-113.50477, 53.53822], [-113.504776, 53.539717], [-113.50478, 53.53997], [-113.50478, 53.54035], [-113.50539, 53.54094]]}, "properties": {"route_id": "413", "route_short_name": "413", "route_long_name": "413 \u2014 Bethel - Government Centre", "category": "Local Bus"}}, {"type": "Feature", "geometry": {"type": "LineString", "coordinates": [[-113.429158, 53.457298], [-113.43008, 53.45726], [-113.43135, 53.4571], [-113.431369, 53.45655], [-113.43161, 53.45646], [-113.432891, 53.45639], [-113.434301, 53.456641], [-113.43425, 53.45719], [-113.43448, 53.45838], [-113.435959, 53.4584], [-113.437055, 53.458413], [-113.439699, 53.45842], [-113.44358, 53.45838], [-113.4459, 53.458506], [-113.446229, 53.45842], [-113.44697, 53.45846], [-113.44781, 53.45859], [-113.448051, 53.45915], [-113.448059, 53.45952], [-113.44815, 53.45999], [-113.448322, 53.460395], [-113.448829, 53.4611], [-113.44981, 53.46222], [-113.45009, 53.46258], [-113.45048, 53.4634], [-113.4505, 53.46478], [-113.45062, 53.46496], [-113.451695, 53.464979], [-113.45327, 53.46505], [-113.45475, 53.46513], [-113.45656, 53.46524], [-113.457148, 53.46528], [-113.458381, 53.46534], [-113.4607, 53.4654], [-113.464, 53.46541], [-113.4647, 53.46541], [-113.466381, 53.46541], [-113.46704, 53.46541], [-113.46807, 53.46542], [-113.46848, 53.46542], [-113.47068, 53.46543], [-113.470979, 53.46543], [-113.47176, 53.46537], [-113.47239, 53.46543], [-113.47293, 53.4655], [-113.473661, 53.46561], [-113.47462, 53.46581], [-113.475491, 53.466031], [-113.47585, 53.46614], [-113.476351, 53.4663], [-113.47693, 53.46649], [-113.47748, 53.46667], [-113.47859, 53.46701], [-113.47961, 53.46725], [-113.480811, 53.46747], [-113.48151, 53.46757], [-113.48265, 53.46767], [-113.483309, 53.46769], [-113.48463, 53.4677], [-113.4856, 53.46777], [-113.48618, 53.46763], [-113.48617, 53.467135], [-113.486169, 53.46668], [-113.48614, 53.46551], [-113.486129, 53.46513], [-113.48612, 53.46443], [-113.48612, 53.4627], [-113.4854, 53.462701], [-113.48445, 53.4627], [-113.48271, 53.4627], [-113.48063, 53.46287], [-113.48012, 53.46311], [-113.47986, 53.463335], [-113.479581, 53.46386], [-113.47958, 53.464764], [-113.47958, 53.46515], [-113.47958, 53.46616], [-113.47958, 53.46689], [-113.47958, 53.46773], [-113.47948, 53.46959], [-113.47941, 53.47175], [-113.47941, 53.47287], [-113.47851, 53.4741], [-113.47716, 53.4741], [-113.476104, 53.474101], [-113.47414, 53.47411], [-113.472653, 53.474109], [-113.47145, 53.47411], [-113.47005, 53.47407], [-113.46944, 53.47406], [-113.46689, 53.47404], [-113.466269, 53.47404], [-113.46186, 53.47407], [-113.45893, 53.47402], [-113.458316, 53.473934], [-113.45742, 53.47374], [-113.45617, 53.47334], [-113.4554, 53.47294], [-113.454451, 53.47236], [-113.45314, 53.47224], [-113.45169, 53.47303], [-113.451336, 53.473189], [-113.45035, 53.47356], [-113.44959, 53.47377], [-113.44867, 53.47398], [-113.448, 53.47405], [-113.44748, 53.47412], [-113.446429, 53.47418], [-113.445869, 53.474191]]}, "properties": {"route_id": "526", "route_short_name": "526", "route_long_name": "526 \u2014 Mill Woods - Millbourne Woodvale", "category": "Local Bus"}}, {"type": "Feature", "geometry": {"type": "LineString", "coordinates": [[-113.571022, 53.519367], [-113.57537, 53.51936], [-113.57724, 53.51939], [-113.578061, 53.51946], [-113.578046, 53.518943], [-113.57804, 53.51837], [-113.57803, 53.51692], [-113.57803, 53.51632], [-113.57806, 53.5153], [-113.578179, 53.5148], [-113.57837, 53.51446], [-113.57861, 53.51409], [-113.578979, 53.51364], [-113.57924, 53.5133], [-113.57944, 53.5129], [-113.579429, 53.51249], [-113.57928, 53.51224], [-113.57883, 53.51193], [-113.57812, 53.5117], [-113.57709, 53.51154], [-113.57581, 53.51141], [-113.57473, 53.51135], [-113.573889, 53.51141], [-113.57217, 53.51138], [-113.57104, 53.51126], [-113.57007, 53.51102], [-113.56933, 53.51073], [-113.56869, 53.51036], [-113.568159, 53.50992], [-113.56778, 53.50945], [-113.5675, 53.50891], [-113.56721, 53.50815], [-113.56698, 53.50734], [-113.566841, 53.50663], [-113.56672, 53.50547], [-113.566711, 53.50519], [-113.56671, 53.50456], [-113.56677, 53.50395], [-113.56684, 53.50347], [-113.566969, 53.50302], [-113.56731, 53.50241], [-113.567819, 53.50185], [-113.568321, 53.50146], [-113.569641, 53.5006], [-113.57053, 53.5], [-113.57122, 53.49941], [-113.571721, 53.49879], [-113.572041, 53.49814], [-113.57218, 53.49732], [-113.572199, 53.49539], [-113.57291, 53.49107], [-113.57292, 53.49047], [-113.57186, 53.49035], [-113.57186, 53.49047], [-113.573689, 53.49048], [-113.574979, 53.49047], [-113.575662, 53.490447], [-113.57703, 53.49034], [-113.578111, 53.4903], [-113.577976, 53.489543], [-113.57786, 53.48811], [-113.577869, 53.48683], [-113.57792, 53.486444], [-113.5782, 53.48528], [-113.57865, 53.48419], [-113.579026, 53.483395], [-113.57956, 53.48222], [-113.58022, 53.48084], [-113.580788, 53.479724], [-113.58158, 53.47871], [-113.582613, 53.477829], [-113.58377, 53.47711], [-113.58514, 53.47655], [-113.58799, 53.4757], [-113.590179, 53.47486], [-113.590955, 53.474442], [-113.593891, 53.47236], [-113.594515, 53.471916], [-113.59529, 53.47104], [-113.59557, 53.47016], [-113.595511, 53.46973], [-113.594573, 53.467777], [-113.594461, 53.46755], [-113.59354, 53.46542], [-113.593589, 53.46447], [-113.59365, 53.46423], [-113.59429, 53.4625], [-113.59421, 53.46142], [-113.594038, 53.461021], [-113.593871, 53.46056], [-113.59306, 53.45954], [-113.59208, 53.45875], [-113.59171, 53.45854], [-113.59123, 53.45822], [-113.589931, 53.45769], [-113.58737, 53.45693], [-113.58535, 53.45633], [-113.5836, 53.45581], [-113.582281, 53.45556], [-113.581759, 53.45589], [-113.58157, 53.45616], [-113.58135, 53.45606], [-113.581119, 53.45574], [-113.58007, 53.45544]]}, "properties": {"route_id": "682", "route_short_name": "682", "route_long_name": "682 \u2014 Ross Sheppard - Archbishop Macdonald - Leger", "category": "Local Bus"}}, {"type": "Feature", "geometry": {"type": "LineString", "coordinates": [[-113.623698, 53.640451], [-113.62429, 53.64057], [-113.624959, 53.63975], [-113.62478, 53.6392], [-113.624661, 53.6388], [-113.624578, 53.638543], [-113.62416, 53.63728], [-113.62399, 53.63681], [-113.623801, 53.63622], [-113.6241, 53.63554], [-113.62459, 53.6354], [-113.62533, 53.63513], [-113.62634, 53.63473], [-113.62707, 53.63441], [-113.6272, 53.63433], [-113.62743, 53.63407], [-113.62747, 53.6338], [-113.62714, 53.63316], [-113.627089, 53.6326], [-113.627364, 53.632178], [-113.627401, 53.63211], [-113.62758, 53.63167], [-113.62793, 53.63161], [-113.627841, 53.63141], [-113.62776, 53.63125], [-113.62761, 53.63103], [-113.627151, 53.63062], [-113.62793, 53.63033], [-113.628949, 53.62995], [-113.629934, 53.629587], [-113.6307, 53.62927], [-113.631211, 53.62897], [-113.631651, 53.62861], [-113.632409, 53.62793], [-113.63278, 53.62758], [-113.633299, 53.62709], [-113.63391, 53.62726], [-113.63459, 53.62727], [-113.63566, 53.62696], [-113.636162, 53.626778], [-113.637051, 53.62645], [-113.6377, 53.62619], [-113.638969, 53.62569], [-113.63928, 53.62557], [-113.64053, 53.62508], [-113.641869, 53.62454], [-113.642411, 53.62433], [-113.64333, 53.62395], [-113.64411, 53.62362], [-113.645481, 53.62306], [-113.645891, 53.62284], [-113.646309, 53.62229], [-113.646369, 53.62127], [-113.64643, 53.61994], [-113.64645, 53.61935], [-113.6473, 53.61763], [-113.647476, 53.617357], [-113.647981, 53.61654], [-113.64825, 53.61577], [-113.64825, 53.61544], [-113.64799, 53.61467], [-113.647559, 53.61411], [-113.646661, 53.6128], [-113.64634, 53.61216], [-113.64579, 53.61118], [-113.64542, 53.61063], [-113.644611, 53.60933], [-113.64488, 53.60887], [-113.64578, 53.6082], [-113.64681, 53.60741], [-113.64712, 53.60678], [-113.64713, 53.604668], [-113.64712, 53.60333], [-113.64683, 53.60209], [-113.64651, 53.60209], [-113.64421, 53.604803], [-113.644201, 53.60561], [-113.64366, 53.6066], [-113.64316, 53.60649], [-113.64288, 53.60638], [-113.64199, 53.60613], [-113.64013, 53.60579], [-113.63894, 53.60572], [-113.63887, 53.60692], [-113.638851, 53.608025], [-113.63654, 53.61078], [-113.636522, 53.610424], [-113.636431, 53.60872], [-113.63617, 53.60815], [-113.635361, 53.6077], [-113.63454, 53.60757], [-113.63235, 53.60762], [-113.631829, 53.607711], [-113.631249, 53.60787], [-113.630281, 53.60841], [-113.629782, 53.608196], [-113.628231, 53.60767], [-113.627185, 53.607666], [-113.62644, 53.60768], [-113.62383, 53.60857], [-113.622511, 53.60914], [-113.62212, 53.60927], [-113.62069, 53.60987], [-113.619861, 53.61048], [-113.619634, 53.610751], [-113.619361, 53.61145], [-113.61963, 53.61197], [-113.62019, 53.61229], [-113.6206, 53.6124], [-113.622991, 53.61243], [-113.62385, 53.61234], [-113.624809, 53.61199], [-113.625274, 53.611795], [-113.62621, 53.61145], [-113.62718, 53.61129], [-113.62857, 53.61122], [-113.628931, 53.61124], [-113.629709, 53.61135], [-113.63011, 53.61151], [-113.630679, 53.61258], [-113.63088, 53.61332], [-113.63089, 53.61352], [-113.63025, 53.614302], [-113.62569, 53.61431], [-113.623251, 53.61428], [-113.619271, 53.61423], [-113.61661, 53.61419], [-113.61505, 53.61425], [-113.61502, 53.6144], [-113.61502, 53.614684], [-113.615039, 53.61606], [-113.615031, 53.61652], [-113.614841, 53.61699], [-113.6143, 53.61748], [-113.613756, 53.617922], [-113.612331, 53.61909], [-113.61178, 53.61953], [-113.611361, 53.619886], [-113.61081, 53.62032], [-113.60986, 53.62106], [-113.609291, 53.62112], [-113.608101, 53.62069], [-113.60749, 53.6204], [-113.606409, 53.61988], [-113.60568, 53.61952], [-113.60515, 53.61925], [-113.6044, 53.61888], [-113.60336, 53.61836], [-113.602261, 53.6178], [-113.60157, 53.61743], [-113.60102, 53.61715], [-113.6004, 53.61681], [-113.599689, 53.61642], [-113.598391, 53.61569], [-113.59743, 53.61514], [-113.596691, 53.61471], [-113.595889, 53.61426], [-113.59472, 53.61358], [-113.592909, 53.61253], [-113.591341, 53.61162], [-113.59086, 53.61193], [-113.59065, 53.61238], [-113.59064, 53.61301], [-113.59064, 53.6144], [-113.590641, 53.61526], [-113.59177, 53.61535]]}, "properties": {"route_id": "A21", "route_short_name": "A21", "route_long_name": "A21 \u2014 Heritage Lakes - Riel", "category": "Local Bus"}}, {"type": "Feature", "geometry": {"type": "LineString", "coordinates": [[-113.358373, 53.469207], [-113.35902, 53.46986], [-113.35957, 53.47011], [-113.360039, 53.470243], [-113.36051, 53.47029], [-113.361669, 53.47032], [-113.363499, 53.47032], [-113.36415, 53.47109], [-113.36506, 53.47229], [-113.365311, 53.47298], [-113.36543, 53.47378], [-113.365456, 53.474845], [-113.365471, 53.47548], [-113.3654, 53.47589], [-113.364329, 53.47695], [-113.36411, 53.47719], [-113.36382, 53.47756], [-113.363811, 53.478], [-113.364199, 53.4786], [-113.36495, 53.47905], [-113.36598, 53.47929], [-113.367031, 53.47926], [-113.36721, 53.47896], [-113.367811, 53.47887], [-113.367719, 53.47832], [-113.36771, 53.47804], [-113.36805, 53.47799], [-113.368069, 53.47889], [-113.36737, 53.47894], [-113.36704, 53.47911], [-113.367589, 53.47937], [-113.36883, 53.47938], [-113.36896, 53.479], [-113.36894, 53.47859], [-113.36889, 53.47763], [-113.36942, 53.47723], [-113.37075, 53.47723], [-113.3725, 53.47722], [-113.37463, 53.4772], [-113.375917, 53.477527], [-113.376026, 53.479135], [-113.376149, 53.47932], [-113.376779, 53.47981], [-113.377721, 53.48014], [-113.379599, 53.48063], [-113.38053, 53.48088], [-113.38176, 53.48122], [-113.3825, 53.48145], [-113.38386, 53.48163], [-113.38443, 53.48161], [-113.385251, 53.48154], [-113.38624, 53.48128], [-113.386637, 53.481104], [-113.38715, 53.4808], [-113.387771, 53.48019], [-113.38844, 53.48036], [-113.3892, 53.48045], [-113.392276, 53.48046], [-113.39358, 53.48045], [-113.394246, 53.480441], [-113.394661, 53.48044], [-113.39525, 53.48044], [-113.396539, 53.480434], [-113.398509, 53.48035], [-113.399371, 53.48027], [-113.399509, 53.480493], [-113.40139, 53.48234], [-113.402023, 53.482978], [-113.40243, 53.48336], [-113.403653, 53.48407], [-113.404391, 53.48432], [-113.4059, 53.48455], [-113.40643, 53.48456], [-113.40787, 53.48439], [-113.408401, 53.48425], [-113.408939, 53.48406], [-113.40972, 53.48365], [-113.410966, 53.483859], [-113.41209, 53.48444], [-113.412539, 53.48466], [-113.41404, 53.48499], [-113.414808, 53.484984], [-113.41505, 53.48497], [-113.41643, 53.48484], [-113.416742, 53.48483], [-113.41782, 53.4849], [-113.41804, 53.485505], [-113.418041, 53.48583], [-113.41804, 53.48633], [-113.418081, 53.48719], [-113.41809, 53.48818], [-113.41808, 53.48845], [-113.41807, 53.48899], [-113.418089, 53.4904], [-113.418091, 53.49108], [-113.418101, 53.49288], [-113.4181, 53.4938], [-113.4181, 53.49422], [-113.418109, 53.49544], [-113.41811, 53.4978], [-113.418131, 53.50049], [-113.41813, 53.50348], [-113.418141, 53.50548], [-113.418149, 53.50638], [-113.41816, 53.50747], [-113.4182, 53.50897], [-113.41821, 53.50942], [-113.41826, 53.51143], [-113.418279, 53.51209], [-113.418301, 53.51306], [-113.41832, 53.51393], [-113.41833, 53.51446], [-113.418339, 53.51519], [-113.41829, 53.51725], [-113.41831, 53.51788], [-113.418441, 53.51969], [-113.41846, 53.5209], [-113.41847, 53.52158], [-113.419031, 53.52196], [-113.419465, 53.522091], [-113.420881, 53.52253], [-113.42487, 53.52377], [-113.42575, 53.52404], [-113.427024, 53.52444], [-113.4282, 53.5248], [-113.4292, 53.5251], [-113.430229, 53.52526], [-113.431019, 53.52528], [-113.43252, 53.52528], [-113.43341, 53.52528], [-113.437184, 53.52528], [-113.43892, 53.52528], [-113.440469, 53.52528], [-113.44175, 53.52531], [-113.442219, 53.52539], [-113.4426, 53.52557], [-113.44279, 53.52583], [-113.44284, 53.52615], [-113.44284, 53.52649], [-113.44285, 53.52679], [-113.44288, 53.527], [-113.44288, 53.52899], [-113.44292, 53.53398], [-113.442929, 53.53587], [-113.44289, 53.53612], [-113.44288, 53.53656], [-113.442871, 53.53713], [-113.44318, 53.5376], [-113.444519, 53.53759], [-113.448051, 53.53759], [-113.44906, 53.53759], [-113.449275, 53.537994], [-113.4493, 53.54073], [-113.449299, 53.541579], [-113.4493, 53.54177], [-113.44929, 53.54313], [-113.44929, 53.544982], [-113.449291, 53.54632], [-113.449279, 53.54817], [-113.449876, 53.549351], [-113.45094, 53.54935], [-113.45248, 53.54935], [-113.45323, 53.54935], [-113.45452, 53.54935], [-113.455579, 53.54935], [-113.45688, 53.54934], [-113.45718, 53.54876], [-113.457181, 53.54709]]}, "properties": {"route_id": "634", "route_short_name": "634", "route_long_name": "634 \u2014 Mcnally - Tamarack", "category": "Local Bus"}}, {"type": "Feature", "geometry": {"type": "LineString", "coordinates": [[-113.592418, 53.61566], [-113.59191, 53.61561], [-113.5914, 53.6153], [-113.59094, 53.61507], [-113.59084, 53.61341], [-113.59084, 53.61275], [-113.59092, 53.61225], [-113.59122, 53.61176], [-113.59281, 53.61267], [-113.59376, 53.61322], [-113.59476, 53.6138], [-113.595669, 53.61436], [-113.59707, 53.61519], [-113.59855, 53.61603], [-113.60015, 53.6169], [-113.600819, 53.61727], [-113.60161, 53.6177], [-113.60281, 53.61834], [-113.603959, 53.61891], [-113.60534, 53.61965], [-113.606599, 53.62027], [-113.607499, 53.62068], [-113.6087, 53.62125], [-113.60996, 53.62183], [-113.61052, 53.62208], [-113.61136, 53.62255], [-113.61305, 53.62369], [-113.61409, 53.62311], [-113.61446, 53.62291], [-113.61585, 53.62229], [-113.616739, 53.62191], [-113.61725, 53.6218], [-113.619009, 53.6216], [-113.619853, 53.622611], [-113.62012, 53.62348], [-113.62084, 53.62475], [-113.621803, 53.625666], [-113.62431, 53.62795], [-113.62515, 53.62843], [-113.62615, 53.62803], [-113.62645, 53.62763], [-113.62675, 53.62684], [-113.627561, 53.62476], [-113.62816, 53.62451], [-113.629479, 53.624], [-113.63119, 53.62335], [-113.632702, 53.622766], [-113.63487, 53.62189], [-113.63519, 53.62121], [-113.636481, 53.62121], [-113.63892, 53.6216], [-113.64127, 53.62211], [-113.64144, 53.62184], [-113.641881, 53.6207], [-113.642045, 53.61986], [-113.6423, 53.61861], [-113.64242, 53.61764], [-113.642049, 53.61702], [-113.641359, 53.61659], [-113.64076, 53.61637], [-113.639811, 53.61601], [-113.639379, 53.61571], [-113.63886, 53.61568], [-113.638221, 53.61584], [-113.63578, 53.61639], [-113.634294, 53.616592], [-113.632171, 53.61691], [-113.63193, 53.61695], [-113.63034, 53.61721], [-113.628909, 53.61729], [-113.626871, 53.61729], [-113.62668, 53.61729], [-113.62422, 53.61726], [-113.62335, 53.61727], [-113.6233, 53.61842], [-113.62114, 53.6184], [-113.619289, 53.61838], [-113.61901, 53.61954], [-113.61924, 53.62081], [-113.619292, 53.62096], [-113.6195, 53.62155], [-113.61759, 53.62177], [-113.616911, 53.62186], [-113.6161, 53.6222], [-113.614901, 53.62267], [-113.61369, 53.62332], [-113.61324, 53.6234], [-113.61265, 53.62314], [-113.61241, 53.62297], [-113.6107, 53.62193], [-113.60972, 53.62142], [-113.608101, 53.62069], [-113.60749, 53.6204], [-113.606409, 53.61988], [-113.60568, 53.61952], [-113.60515, 53.61925], [-113.6044, 53.61888], [-113.60336, 53.61836], [-113.602261, 53.6178], [-113.60157, 53.61743], [-113.60102, 53.61715], [-113.6004, 53.61681], [-113.599689, 53.61642], [-113.598391, 53.61569], [-113.59743, 53.61514], [-113.596691, 53.61471], [-113.595889, 53.61426], [-113.59472, 53.61358], [-113.592909, 53.61253], [-113.591341, 53.61162], [-113.59086, 53.61193], [-113.59065, 53.61238], [-113.59064, 53.61301], [-113.59064, 53.6144], [-113.590641, 53.61526], [-113.59177, 53.61535]]}, "properties": {"route_id": "A24", "route_short_name": "A24", "route_long_name": "A24 \u2014 The Gardens", "category": "Local Bus"}}, {"type": "Feature", "geometry": {"type": "LineString", "coordinates": [[-113.623535, 53.640446], [-113.623681, 53.6407], [-113.62429, 53.64057], [-113.624959, 53.63975], [-113.62478, 53.6392], [-113.624661, 53.6388], [-113.62431, 53.63774], [-113.62403, 53.63692], [-113.623899, 53.63652], [-113.62354, 53.63542], [-113.623061, 53.63393], [-113.62292, 53.63343], [-113.62248, 53.63204], [-113.621981, 53.63093], [-113.621219, 53.62984], [-113.619899, 53.62854], [-113.618471, 53.62739], [-113.61764, 53.62677], [-113.61717, 53.62642], [-113.61663, 53.62603], [-113.615331, 53.62509], [-113.614421, 53.62444], [-113.61358, 53.62383], [-113.61265, 53.62314], [-113.61241, 53.62297], [-113.6107, 53.62193], [-113.60972, 53.62142], [-113.608101, 53.62069], [-113.60749, 53.6204], [-113.606409, 53.61988], [-113.60568, 53.61952], [-113.60515, 53.61925], [-113.6044, 53.61888], [-113.60336, 53.61836], [-113.602261, 53.6178], [-113.60157, 53.61743], [-113.60102, 53.61715], [-113.6004, 53.61681], [-113.599689, 53.61642], [-113.598391, 53.61569], [-113.59743, 53.61514], [-113.596691, 53.61471], [-113.595889, 53.61426], [-113.59472, 53.61358], [-113.592909, 53.61253], [-113.591341, 53.61162], [-113.59086, 53.61193], [-113.59065, 53.61238], [-113.59064, 53.61301], [-113.59064, 53.6144], [-113.590641, 53.61526], [-113.59177, 53.61535], [-113.591939, 53.61565], [-113.59418, 53.61566], [-113.59395, 53.61539], [-113.59251, 53.61537], [-113.5914, 53.6153], [-113.59094, 53.61507], [-113.59084, 53.61341], [-113.59084, 53.61275], [-113.59092, 53.61225], [-113.59122, 53.61176], [-113.59066, 53.61123], [-113.589179, 53.61042], [-113.588649, 53.61022], [-113.586419, 53.60895], [-113.58396, 53.60755], [-113.58251, 53.60673], [-113.582099, 53.6065], [-113.58158, 53.60619], [-113.58118, 53.60593], [-113.5807, 53.60559], [-113.58021, 53.60519], [-113.57987, 53.60487], [-113.57945, 53.60442], [-113.578801, 53.60368], [-113.578021, 53.60281], [-113.57791, 53.60256], [-113.57715, 53.60168], [-113.57622, 53.60062], [-113.57588, 53.60023], [-113.57519, 53.59941], [-113.574451, 53.59861], [-113.5735, 53.5976], [-113.57248, 53.59662], [-113.571819, 53.59603], [-113.57049, 53.59489], [-113.56833, 53.59307], [-113.56716, 53.59202], [-113.566419, 53.59129], [-113.565019, 53.58982], [-113.563061, 53.58776], [-113.562001, 53.58656], [-113.56095, 53.58546], [-113.55977, 53.58428], [-113.558981, 53.58348], [-113.55807, 53.58249], [-113.55769, 53.58197], [-113.55715, 53.58108], [-113.55629, 53.57988], [-113.555899, 53.57952], [-113.55569, 53.57919], [-113.554831, 53.57777], [-113.55389, 53.57645], [-113.552079, 53.57422], [-113.55149, 53.57353], [-113.55119, 53.5731], [-113.55034, 53.57211], [-113.549931, 53.57156], [-113.5497, 53.57106], [-113.54965, 53.57081], [-113.54968, 53.57057], [-113.549751, 53.57045], [-113.54981, 53.57036], [-113.54981, 53.57023], [-113.54976, 53.57012], [-113.54967, 53.57005], [-113.549569, 53.57002], [-113.54939, 53.57], [-113.54918, 53.57002], [-113.549069, 53.57007], [-113.54888, 53.57013], [-113.548611, 53.57018], [-113.548091, 53.57025], [-113.547211, 53.57025], [-113.54656, 53.57025], [-113.54601, 53.5703], [-113.54538, 53.5703], [-113.54253, 53.57029], [-113.54192, 53.5703], [-113.5405, 53.57031], [-113.539481, 53.57031], [-113.5368, 53.57031], [-113.535599, 53.57031], [-113.534931, 53.57031], [-113.53346, 53.57031], [-113.53293, 53.57031], [-113.53222, 53.57026], [-113.53171, 53.57027], [-113.53064, 53.57017], [-113.53, 53.56991], [-113.52925, 53.56959], [-113.52741, 53.56881], [-113.526061, 53.56823], [-113.524631, 53.56761], [-113.522629, 53.56677], [-113.52125, 53.56619], [-113.51942, 53.56542], [-113.5176, 53.56464], [-113.51702, 53.5644], [-113.515839, 53.5639], [-113.5141, 53.56315], [-113.51238, 53.56243], [-113.51085, 53.56178], [-113.50896, 53.56097], [-113.50854, 53.56025], [-113.50855, 53.55928], [-113.50856, 53.55874], [-113.50855, 53.55673], [-113.50855, 53.55524], [-113.508521, 53.55344], [-113.50852, 53.55236], [-113.508451, 53.55194], [-113.50845, 53.55097], [-113.50845, 53.55031], [-113.50845, 53.5495], [-113.508451, 53.54894], [-113.508443, 53.547929], [-113.50845, 53.54603], [-113.50845, 53.54534], [-113.50845, 53.54458], [-113.50845, 53.54417], [-113.50845, 53.54375], [-113.50844, 53.54232], [-113.508439, 53.54092], [-113.507163, 53.540933], [-113.50539, 53.54094], [-113.50478, 53.540393], [-113.504781, 53.54031], [-113.504781, 53.53993], [-113.50477, 53.538241], [-113.504769, 53.53806], [-113.50475, 53.53702], [-113.504381, 53.53659]]}, "properties": {"route_id": "208", "route_short_name": "208", "route_long_name": "208 \u2014 Government Centre Express", "category": "Local Bus"}}, {"type": "Feature", "geometry": {"type": "LineString", "coordinates": [[-113.437841, 53.6049], [-113.43958, 53.6049], [-113.442765, 53.60523], [-113.44276, 53.60618], [-113.44276, 53.607101], [-113.44276, 53.60882], [-113.442761, 53.61015], [-113.442759, 53.61071], [-113.44275, 53.61327], [-113.44274, 53.61451], [-113.442741, 53.61489], [-113.4427, 53.61536], [-113.4426, 53.61556], [-113.44235, 53.61573], [-113.441829, 53.61581], [-113.440181, 53.61581], [-113.432869, 53.6158], [-113.43287, 53.61617], [-113.43288, 53.61646], [-113.43275, 53.61712], [-113.43213, 53.61788], [-113.4328, 53.61812], [-113.43423, 53.61813], [-113.434931, 53.61784], [-113.435963, 53.617263], [-113.43644, 53.61707], [-113.43742, 53.61692], [-113.438089, 53.61692], [-113.438977, 53.617078], [-113.43995, 53.61746], [-113.44033, 53.61811], [-113.44037, 53.61859], [-113.44028, 53.61895], [-113.43936, 53.62006], [-113.438411, 53.621069], [-113.437661, 53.622], [-113.437599, 53.622178], [-113.437559, 53.62256], [-113.437801, 53.62318], [-113.439364, 53.62449], [-113.43988, 53.62496], [-113.440145, 53.62561], [-113.439409, 53.62714], [-113.43729, 53.62738], [-113.43602, 53.62739], [-113.43219, 53.62734], [-113.431558, 53.627361], [-113.43081, 53.62744], [-113.430188, 53.627042], [-113.42943, 53.62619], [-113.429185, 53.625167], [-113.42924, 53.62485], [-113.429729, 53.62417], [-113.43057, 53.6235], [-113.430185, 53.623234], [-113.427971, 53.62312], [-113.42603, 53.62334], [-113.42538, 53.62343], [-113.423991, 53.62357], [-113.42267, 53.62366], [-113.42232, 53.62368], [-113.42065, 53.62367], [-113.41996, 53.62363], [-113.418801, 53.623501], [-113.4182, 53.62272], [-113.418351, 53.62164], [-113.418615, 53.621388], [-113.41794, 53.62072], [-113.415736, 53.619894], [-113.412291, 53.61895], [-113.41113, 53.61882], [-113.4091, 53.61878], [-113.407564, 53.618877], [-113.40679, 53.61903], [-113.40487, 53.61989], [-113.40441, 53.62024], [-113.40372, 53.62099], [-113.403551, 53.621353], [-113.403459, 53.62155], [-113.403031, 53.6227], [-113.40291, 53.62313], [-113.4027, 53.62397], [-113.402821, 53.6245], [-113.40316, 53.624916], [-113.403701, 53.62524], [-113.40511, 53.625967], [-113.405691, 53.62636], [-113.40593, 53.62706], [-113.40589, 53.62854], [-113.405264, 53.628428]]}, "properties": {"route_id": "620", "route_short_name": "620", "route_long_name": "620 \u2014 J.J. Bowlen - Lazerte - Brintnell", "category": "Local Bus"}}, {"type": "Feature", "geometry": {"type": "LineString", "coordinates": [[-113.522833, 53.5248], [-113.5215, 53.5248], [-113.52089, 53.52473], [-113.52085, 53.52385], [-113.52084, 53.52289], [-113.520841, 53.522406], [-113.52084, 53.52143], [-113.520841, 53.52054], [-113.520849, 53.52005], [-113.52154, 53.52001], [-113.52219, 53.51966], [-113.52253, 53.51945], [-113.522859, 53.51937], [-113.52392, 53.51934], [-113.52556, 53.51959], [-113.525619, 53.52039], [-113.525629, 53.52083], [-113.525635, 53.521383], [-113.526641, 53.522902], [-113.52723, 53.5229], [-113.52948, 53.52293], [-113.53165, 53.52294], [-113.533381, 53.52295], [-113.53836, 53.52298], [-113.54075, 53.52306], [-113.54132, 53.52326], [-113.54175, 53.52362], [-113.542011, 53.52407], [-113.542031, 53.52445], [-113.5418, 53.52509], [-113.54137, 53.52599], [-113.540351, 53.52779], [-113.53987, 53.52862], [-113.539459, 53.52932], [-113.539, 53.53013], [-113.53868, 53.53069], [-113.53842, 53.53115], [-113.53814, 53.53165], [-113.53801, 53.53208], [-113.538019, 53.53234], [-113.53813, 53.53267], [-113.538399, 53.53305], [-113.53903, 53.53356], [-113.53946, 53.53387], [-113.53976, 53.53419], [-113.53992, 53.53455], [-113.53994, 53.53491], [-113.5399, 53.53524], [-113.53972, 53.53559], [-113.539341, 53.53609], [-113.53901, 53.53653], [-113.53871, 53.53693], [-113.538379, 53.53738], [-113.537951, 53.53796], [-113.53768, 53.53829], [-113.53746, 53.53873], [-113.53744, 53.53917], [-113.537619, 53.53957], [-113.53796, 53.53987], [-113.53847, 53.54013], [-113.53928, 53.54033], [-113.54019, 53.54053], [-113.54068, 53.54073], [-113.541019, 53.54099], [-113.541249, 53.54134], [-113.541289, 53.54169], [-113.541181, 53.54198], [-113.54095, 53.54225], [-113.540529, 53.54262], [-113.540311, 53.54304], [-113.540319, 53.5435], [-113.540481, 53.54394], [-113.54078, 53.54424], [-113.54116, 53.54446], [-113.5418, 53.54469], [-113.542201, 53.5449], [-113.54248, 53.54527], [-113.54265, 53.54558], [-113.54296, 53.54584], [-113.543529, 53.54605], [-113.54411, 53.54623], [-113.54442, 53.54642], [-113.54464, 53.54671], [-113.54494, 53.54715], [-113.5456, 53.5477], [-113.54585, 53.54791], [-113.5463, 53.54826], [-113.54769, 53.54895], [-113.548431, 53.54939], [-113.549289, 53.55037], [-113.549761, 53.55103], [-113.550239, 53.55184], [-113.55059, 53.55278], [-113.55071, 53.55339], [-113.550769, 53.55436], [-113.550779, 53.55712], [-113.55093, 53.5577], [-113.55119, 53.55837], [-113.551311, 53.55885], [-113.55138, 53.55942], [-113.55139, 53.55987], [-113.551401, 53.56218], [-113.551389, 53.56353], [-113.55112, 53.5642], [-113.55004, 53.56541], [-113.54958, 53.56601], [-113.54945, 53.56639], [-113.54941, 53.56737], [-113.5494, 53.56895], [-113.54936, 53.56952], [-113.5493, 53.56971], [-113.549181, 53.56995], [-113.54906, 53.57008], [-113.549, 53.57017], [-113.548979, 53.57028], [-113.54901, 53.57038], [-113.5491, 53.57047], [-113.54926, 53.5707], [-113.54967, 53.57136], [-113.549809, 53.5716], [-113.55073, 53.57273], [-113.55131, 53.57341], [-113.551809, 53.5739], [-113.55346, 53.57586], [-113.554549, 53.57737], [-113.55557, 53.579], [-113.555861, 53.57946], [-113.55589, 53.57966], [-113.556131, 53.58006], [-113.556531, 53.58066], [-113.55712, 53.58151], [-113.558171, 53.58283], [-113.559009, 53.58378], [-113.5601, 53.58493], [-113.56327, 53.58827], [-113.56415, 53.5892], [-113.56584, 53.59099], [-113.567399, 53.59251], [-113.569, 53.5939], [-113.57027, 53.59497], [-113.57077, 53.59539], [-113.57161, 53.59612], [-113.572501, 53.59693], [-113.573999, 53.59842], [-113.57462, 53.59914], [-113.5752, 53.59983], [-113.57589, 53.60061], [-113.57673, 53.60152], [-113.57717, 53.60201], [-113.57772, 53.60262], [-113.578021, 53.60281], [-113.578801, 53.60368], [-113.57945, 53.60442], [-113.57987, 53.60487], [-113.58021, 53.60519], [-113.5807, 53.60559], [-113.58118, 53.60593], [-113.58158, 53.60619], [-113.582099, 53.6065], [-113.58251, 53.60673], [-113.58396, 53.60755], [-113.586419, 53.60895], [-113.588649, 53.61022], [-113.58904, 53.6105], [-113.58937, 53.6107], [-113.59105, 53.61166], [-113.5907, 53.61222], [-113.590631, 53.61284], [-113.59064, 53.61341], [-113.59064, 53.61496], [-113.5914, 53.6153], [-113.59191, 53.61561], [-113.593581, 53.615661]]}, "properties": {"route_id": "204", "route_short_name": "204", "route_long_name": "204 \u2014 Uofa Express", "category": "Local Bus"}}, {"type": "Feature", "geometry": {"type": "LineString", "coordinates": [[-113.476355, 53.605963], [-113.477929, 53.60582], [-113.479371, 53.60582], [-113.480499, 53.60581], [-113.48155, 53.60585], [-113.4827, 53.606], [-113.483006, 53.606046], [-113.48394, 53.60617], [-113.4847, 53.60629], [-113.48543, 53.6064], [-113.487099, 53.60665], [-113.488231, 53.60681], [-113.48933, 53.60687], [-113.49094, 53.60687], [-113.491611, 53.60705], [-113.49173, 53.60756], [-113.49174, 53.6081], [-113.491741, 53.60969], [-113.491711, 53.61094], [-113.49168, 53.61231], [-113.49169, 53.61302], [-113.491689, 53.61346], [-113.49169, 53.61412], [-113.49169, 53.61494], [-113.4917, 53.61521], [-113.49174, 53.61642], [-113.491071, 53.61766], [-113.489061, 53.61766], [-113.490505, 53.617954], [-113.49121, 53.61822], [-113.491741, 53.619], [-113.49174, 53.62132], [-113.491741, 53.621591], [-113.49175, 53.62363], [-113.491749, 53.6252], [-113.49176, 53.62622], [-113.491749, 53.62658], [-113.491751, 53.62799], [-113.491711, 53.62842], [-113.491549, 53.62862], [-113.49128, 53.62876], [-113.490826, 53.628787], [-113.4904, 53.62878], [-113.48899, 53.62876], [-113.487859, 53.62875], [-113.486501, 53.628733], [-113.48417, 53.6287], [-113.48155, 53.62867], [-113.481541, 53.62923], [-113.481537, 53.629539], [-113.4808, 53.63018], [-113.478964, 53.63015], [-113.478239, 53.63017], [-113.477101, 53.63045], [-113.47639, 53.63094], [-113.475469, 53.631796], [-113.474374, 53.632805], [-113.473841, 53.6333], [-113.47319, 53.63422], [-113.472895, 53.634824], [-113.4726, 53.63547], [-113.473859, 53.63605], [-113.47411, 53.63689], [-113.47409, 53.637593], [-113.47408, 53.63801], [-113.47361, 53.63885], [-113.473279, 53.63939], [-113.473216, 53.63953], [-113.47294, 53.64034], [-113.472909, 53.641103], [-113.473381, 53.64207], [-113.473969, 53.64203], [-113.476781, 53.641292], [-113.47741, 53.64112], [-113.478329, 53.64077], [-113.478811, 53.64111], [-113.47913, 53.64132], [-113.48019, 53.6418], [-113.48146, 53.64208], [-113.482305, 53.642129], [-113.4844, 53.64206], [-113.48654, 53.64163], [-113.48699, 53.64151], [-113.48761, 53.64126], [-113.488121, 53.64076], [-113.488281, 53.64003], [-113.48839, 53.63889], [-113.488129, 53.637954], [-113.488039, 53.63748], [-113.487989, 53.63636], [-113.488, 53.636078], [-113.488189, 53.63495], [-113.488569, 53.63391], [-113.489019, 53.632841], [-113.48918, 53.6324], [-113.489109, 53.6319], [-113.48867, 53.63126], [-113.48797, 53.63082], [-113.4873, 53.63059], [-113.48697, 53.63052], [-113.485021, 53.63022], [-113.48443, 53.6302], [-113.48228, 53.6302], [-113.48153, 53.62984]]}, "properties": {"route_id": "611", "route_short_name": "611", "route_long_name": "611 \u2014 Cardinal Leger - Lago Lindo", "category": "Local Bus"}}, {"type": "Feature", "geometry": {"type": "LineString", "coordinates": [[-113.437841, 53.6049], [-113.43958, 53.6049], [-113.442765, 53.60523], [-113.44276, 53.60618], [-113.44276, 53.607101], [-113.44276, 53.60882], [-113.442761, 53.61015], [-113.442759, 53.61071], [-113.44275, 53.61327], [-113.44274, 53.61451], [-113.442741, 53.61489], [-113.44275, 53.6158], [-113.44277, 53.61648], [-113.442771, 53.61662], [-113.44278, 53.61866], [-113.442791, 53.61947], [-113.443528, 53.61947], [-113.44504, 53.61946], [-113.44636, 53.61937], [-113.44736, 53.61931], [-113.448359, 53.61941], [-113.449465, 53.619463], [-113.450869, 53.61851], [-113.451721, 53.61789], [-113.452789, 53.6174], [-113.454409, 53.61707], [-113.455271, 53.617024], [-113.455769, 53.61696], [-113.457219, 53.61656], [-113.45833, 53.61647], [-113.460311, 53.6165], [-113.4618, 53.61659], [-113.462356, 53.616844], [-113.462659, 53.6172], [-113.46237, 53.61799], [-113.462018, 53.618439], [-113.4618, 53.619757], [-113.461881, 53.6202], [-113.462641, 53.62081], [-113.463155, 53.621527], [-113.462949, 53.62161], [-113.46232, 53.62199], [-113.46199, 53.62265], [-113.461989, 53.623317], [-113.46196, 53.62469], [-113.46171, 53.62528], [-113.461447, 53.625617], [-113.460633, 53.626268], [-113.460021, 53.62655], [-113.458544, 53.626896], [-113.45777, 53.62698], [-113.45573, 53.62706], [-113.454482, 53.62716], [-113.45292, 53.62741], [-113.451289, 53.62761], [-113.451274, 53.629147], [-113.451251, 53.63095], [-113.45146, 53.63168], [-113.452651, 53.63281], [-113.45413, 53.6324], [-113.45572, 53.6322], [-113.45734, 53.63227], [-113.458736, 53.632436], [-113.459171, 53.6325], [-113.460851, 53.63306], [-113.461459, 53.63347], [-113.46236, 53.63456], [-113.46248, 53.63509], [-113.46248, 53.63593], [-113.462539, 53.636296], [-113.46277, 53.63671], [-113.46095, 53.63728], [-113.45974, 53.63764], [-113.458697, 53.637953], [-113.45795, 53.63819], [-113.455892, 53.639116], [-113.45623, 53.63959], [-113.45716, 53.64049], [-113.457779, 53.64114], [-113.45746, 53.6413], [-113.45662, 53.6417], [-113.45548, 53.64205], [-113.454338, 53.642282], [-113.453461, 53.64243], [-113.4519, 53.64244], [-113.448631, 53.642425], [-113.447751, 53.6423], [-113.446811, 53.64203], [-113.44599, 53.64162], [-113.44595, 53.64146], [-113.44569, 53.64144], [-113.445112, 53.641138], [-113.44413, 53.64061], [-113.44263, 53.64026]]}, "properties": {"route_id": "621", "route_short_name": "621", "route_long_name": "621 \u2014 M.E. Lazerte - Londonderry - Crystallina Nera", "category": "Local Bus"}}, {"type": "Feature", "geometry": {"type": "LineString", "coordinates": [[-113.552453, 53.40823], [-113.54817, 53.40799], [-113.542859, 53.40536], [-113.5395, 53.40341], [-113.539873, 53.403138], [-113.54031, 53.40273], [-113.54068, 53.40229], [-113.540899, 53.40177], [-113.540959, 53.40123], [-113.54097, 53.40023], [-113.540831, 53.39922], [-113.53921, 53.39921], [-113.53765, 53.39929], [-113.536717, 53.399111], [-113.536339, 53.39868], [-113.535239, 53.39794], [-113.533648, 53.397477], [-113.53322, 53.3974], [-113.53063, 53.39733], [-113.52818, 53.39732], [-113.525941, 53.39735], [-113.52192, 53.39752], [-113.520975, 53.397904], [-113.5207, 53.39815], [-113.520519, 53.39893], [-113.52093, 53.39987], [-113.52125, 53.40017], [-113.522091, 53.40067], [-113.522501, 53.40086], [-113.52314, 53.40112], [-113.523899, 53.40135], [-113.524764, 53.401525], [-113.525821, 53.40166], [-113.527411, 53.40173], [-113.528529, 53.40173], [-113.528539, 53.403], [-113.52865, 53.404], [-113.528681, 53.40452], [-113.529135, 53.405315], [-113.53164, 53.40537], [-113.531577, 53.405979], [-113.53121, 53.40643], [-113.53023, 53.4071], [-113.52905, 53.40733], [-113.52847, 53.40707], [-113.52773, 53.40715], [-113.5264, 53.40788], [-113.52594, 53.408089], [-113.52419, 53.40901], [-113.523999, 53.40991], [-113.524, 53.410686], [-113.523951, 53.41119], [-113.522441, 53.41252], [-113.522086, 53.412875], [-113.52207, 53.41322], [-113.522281, 53.41364], [-113.52299, 53.41397], [-113.523692, 53.414407], [-113.523921, 53.41453], [-113.52518, 53.41495], [-113.52459, 53.41562], [-113.52359, 53.41676], [-113.523366, 53.417025], [-113.522741, 53.41771], [-113.5218, 53.41886], [-113.52149, 53.41977], [-113.52129, 53.42041], [-113.520633, 53.42105], [-113.51733, 53.42104], [-113.51628, 53.42104]]}, "properties": {"route_id": "658", "route_short_name": "658", "route_long_name": "658 \u2014 Fr. M. Mccaffery - Rutherford", "category": "Local Bus"}}, {"type": "Feature", "geometry": {"type": "LineString", "coordinates": [[-113.54595, 53.401089], [-113.54727, 53.40114], [-113.54843, 53.40142], [-113.549641, 53.40144], [-113.55018, 53.40119], [-113.551439, 53.40041], [-113.55219, 53.399763], [-113.55259, 53.39937], [-113.553011, 53.39882], [-113.55324, 53.39786], [-113.554119, 53.39733], [-113.55594, 53.39734], [-113.55657, 53.39744], [-113.55749, 53.3979], [-113.558949, 53.39958], [-113.5608, 53.40125], [-113.56239, 53.40214], [-113.56419, 53.4027], [-113.565009, 53.4032], [-113.56541, 53.40402], [-113.56541, 53.404433], [-113.5654, 53.40549], [-113.5654, 53.4074], [-113.565421, 53.4077], [-113.56531, 53.40901], [-113.565409, 53.40969], [-113.566052, 53.410418], [-113.570539, 53.41042], [-113.570539, 53.40953], [-113.570589, 53.40874], [-113.5711, 53.40817], [-113.57139, 53.407958], [-113.57206, 53.40756], [-113.573428, 53.406736], [-113.574611, 53.40605], [-113.576289, 53.40553], [-113.577693, 53.405527], [-113.57965, 53.4056], [-113.580017, 53.405704], [-113.58067, 53.40594], [-113.58269, 53.406719], [-113.58326, 53.4064], [-113.58521, 53.40538], [-113.5861, 53.40462], [-113.58643, 53.4041], [-113.58666, 53.40344], [-113.58672, 53.40242], [-113.586, 53.401892], [-113.58454, 53.40159], [-113.582657, 53.401195], [-113.58111, 53.40065], [-113.579269, 53.39965], [-113.57901, 53.39971], [-113.577289, 53.39979], [-113.576231, 53.40056], [-113.57531, 53.40109], [-113.574689, 53.40146], [-113.573818, 53.40201], [-113.57087, 53.40358], [-113.56891, 53.40363]]}, "properties": {"route_id": "668", "route_short_name": "668", "route_long_name": "668 \u2014 Chappelle - Dr. Anne Anderson", "category": "Local Bus"}}, {"type": "Feature", "geometry": {"type": "LineString", "coordinates": [[-113.54585, 53.407047], [-113.549249, 53.40815], [-113.55319, 53.4097], [-113.552691, 53.41042], [-113.552961, 53.41062], [-113.55325, 53.41061], [-113.55667, 53.4104], [-113.562269, 53.41041], [-113.56539, 53.410854], [-113.565421, 53.41286], [-113.565322, 53.413262], [-113.56533, 53.41427], [-113.5654, 53.41683], [-113.56538, 53.41769], [-113.5653, 53.42097], [-113.565211, 53.42196], [-113.564979, 53.4225], [-113.564679, 53.42301], [-113.56434, 53.42368], [-113.56422, 53.42482], [-113.566519, 53.42491], [-113.568301, 53.42492], [-113.57007, 53.42486], [-113.57109, 53.42488], [-113.57214, 53.42503], [-113.572989, 53.42514], [-113.574, 53.42516], [-113.57544, 53.42516], [-113.57661, 53.42515], [-113.57765, 53.42513], [-113.58049, 53.42507], [-113.58429, 53.42507], [-113.585669, 53.4251], [-113.58653, 53.42513], [-113.58705, 53.42514], [-113.5878, 53.4251], [-113.58914, 53.42493], [-113.589961, 53.4249], [-113.59536, 53.42491], [-113.59777, 53.42491], [-113.59871, 53.42492], [-113.59983, 53.4249], [-113.600711, 53.42482], [-113.60241, 53.42453], [-113.60335, 53.4243], [-113.60372, 53.42417], [-113.604319, 53.42389], [-113.60636, 53.4228], [-113.60737, 53.42226], [-113.60652, 53.42117], [-113.604557, 53.421185], [-113.60315, 53.42116], [-113.60141, 53.42093], [-113.5997, 53.42091], [-113.59667, 53.42086], [-113.595725, 53.419838], [-113.59729, 53.41885], [-113.598641, 53.41762], [-113.598932, 53.417299], [-113.60104, 53.41457], [-113.602509, 53.41277], [-113.604099, 53.41146], [-113.60464, 53.41121], [-113.60756, 53.41047], [-113.608346, 53.410425], [-113.60888, 53.41035], [-113.609399, 53.41032], [-113.610881, 53.41032], [-113.61221, 53.41037], [-113.613479, 53.41034], [-113.61809, 53.41041], [-113.62699, 53.41038], [-113.62786, 53.41037], [-113.63626, 53.41033], [-113.63649, 53.410793], [-113.63649, 53.41171], [-113.636399, 53.41245], [-113.63633, 53.41261], [-113.63649, 53.41298], [-113.6365, 53.41405], [-113.636339, 53.41527], [-113.63638, 53.41546], [-113.63639, 53.41568], [-113.636456, 53.415865], [-113.63644, 53.41703], [-113.63633, 53.41923], [-113.636239, 53.41939], [-113.63636, 53.41953], [-113.63635, 53.42094], [-113.63615, 53.42109], [-113.631579, 53.42111], [-113.63005, 53.42111], [-113.628318, 53.421104], [-113.62615, 53.4211], [-113.621518, 53.420541], [-113.621341, 53.41964], [-113.620678, 53.418904], [-113.61943, 53.41816], [-113.61894, 53.41712], [-113.61894, 53.41572]]}, "properties": {"route_id": "669", "route_short_name": "669", "route_long_name": "669 \u2014 Keswick - Fr. M. Mccaffery", "category": "Local Bus"}}, {"type": "Feature", "geometry": {"type": "LineString", "coordinates": [[-113.565824, 53.553187], [-113.56582, 53.55277], [-113.56582, 53.55234], [-113.56583, 53.55194], [-113.56589, 53.55169], [-113.565951, 53.55154], [-113.56605, 53.55144], [-113.56629, 53.5513], [-113.56664, 53.55117], [-113.566891, 53.55112], [-113.567509, 53.55111], [-113.568289, 53.55111], [-113.573599, 53.5511], [-113.57697, 53.55111], [-113.5789, 53.5511], [-113.57983, 53.55109], [-113.58243, 53.55109], [-113.584219, 53.55109], [-113.58686, 53.5511], [-113.58863, 53.55113], [-113.58956, 53.55115], [-113.591589, 53.5512], [-113.593431, 53.55132], [-113.59477, 53.55135], [-113.60139, 53.55135], [-113.605049, 53.55135], [-113.60632, 53.55144], [-113.60701, 53.55161], [-113.608239, 53.55197], [-113.608571, 53.5519], [-113.60986, 53.55038], [-113.61131, 53.54851], [-113.613, 53.54641], [-113.61409, 53.54501], [-113.615169, 53.54373], [-113.61647, 53.54267], [-113.616801, 53.54203], [-113.616901, 53.54132], [-113.616889, 53.54038], [-113.616901, 53.53929], [-113.6169, 53.53889], [-113.61672, 53.5386], [-113.61647, 53.53835], [-113.61604, 53.53804], [-113.61575, 53.53781], [-113.61557, 53.53761], [-113.61541, 53.53714], [-113.61542, 53.53641], [-113.615421, 53.53566], [-113.61542, 53.53477], [-113.615419, 53.53297], [-113.61543, 53.53226], [-113.615439, 53.53127], [-113.615419, 53.52948], [-113.615461, 53.52674], [-113.61548, 53.52577], [-113.615859, 53.52485], [-113.619031, 53.52486], [-113.62029, 53.52486], [-113.62195, 53.52486]]}, "properties": {"route_id": "681", "route_short_name": "681", "route_long_name": "681 \u2014 Ross Sheppard - A. Macdonald - Lewis Farms", "category": "Local Bus"}}, {"type": "Feature", "geometry": {"type": "LineString", "coordinates": [[-113.476494, 53.59215], [-113.47971, 53.59213], [-113.48063, 53.59212], [-113.482673, 53.592107], [-113.48659, 53.59209], [-113.488741, 53.592081], [-113.489751, 53.59213], [-113.49203, 53.59212], [-113.49202, 53.59269], [-113.49202, 53.592805], [-113.49203, 53.59325], [-113.49202, 53.59406], [-113.491999, 53.595048], [-113.492, 53.59562], [-113.49189, 53.59611], [-113.49187, 53.59654], [-113.49187, 53.59715], [-113.491869, 53.59783], [-113.491869, 53.59871], [-113.49187, 53.59952], [-113.491881, 53.60017], [-113.491861, 53.60083], [-113.49181, 53.60163], [-113.49176, 53.60257], [-113.49174, 53.60398], [-113.49173, 53.60539], [-113.491731, 53.60675], [-113.49173, 53.60756], [-113.49299, 53.6081], [-113.49431, 53.60809], [-113.495579, 53.60811], [-113.49596, 53.60814], [-113.497331, 53.6081], [-113.49978, 53.6081], [-113.499799, 53.60671], [-113.499889, 53.60561], [-113.50045, 53.60508], [-113.501041, 53.60484], [-113.501626, 53.604789], [-113.504251, 53.60476], [-113.505842, 53.604761], [-113.507211, 53.60474], [-113.508419, 53.604787], [-113.50869, 53.60484], [-113.509379, 53.6052], [-113.51068, 53.60651], [-113.51078, 53.60745], [-113.51075, 53.60764], [-113.51054, 53.60794], [-113.50899, 53.60917], [-113.50846, 53.60957], [-113.50821, 53.60975], [-113.50777, 53.60981], [-113.5077, 53.60997], [-113.50797, 53.61001], [-113.508429, 53.61039], [-113.50865, 53.61131], [-113.508664, 53.612669], [-113.507889, 53.61408], [-113.50639, 53.61406], [-113.503859, 53.61405], [-113.50227, 53.61415], [-113.502189, 53.61649], [-113.502141, 53.61704], [-113.5021, 53.61758], [-113.50223, 53.61808], [-113.502569, 53.61849], [-113.503008, 53.619003], [-113.503609, 53.61963], [-113.50415, 53.61997], [-113.504833, 53.620315], [-113.50584, 53.62082], [-113.50661, 53.62115], [-113.507121, 53.62131], [-113.50781, 53.62143], [-113.50872, 53.62156], [-113.509604, 53.62206], [-113.509441, 53.6226], [-113.50913, 53.62309], [-113.507891, 53.6245], [-113.507731, 53.62487], [-113.507701, 53.62498], [-113.50776, 53.62581], [-113.50843, 53.62672], [-113.509639, 53.62802], [-113.510154, 53.628473], [-113.51159, 53.62992], [-113.51223, 53.630706], [-113.51234, 53.63123], [-113.51192, 53.63223], [-113.51104, 53.63322], [-113.51068, 53.63342], [-113.5097, 53.63372], [-113.508579, 53.63378], [-113.50621, 53.63342], [-113.505399, 53.63331], [-113.50423, 53.63324], [-113.502919, 53.63334], [-113.50211, 53.6335], [-113.4998, 53.63413], [-113.498779, 53.6342], [-113.497661, 53.63401], [-113.49676, 53.63356], [-113.496526, 53.633331], [-113.49626, 53.63289], [-113.496261, 53.63224], [-113.496531, 53.63179], [-113.49709, 53.63137], [-113.4982, 53.63051]]}, "properties": {"route_id": "614", "route_short_name": "614", "route_long_name": "614 \u2014 Archbishop O'Leary - Queen E. - Baturyn", "category": "Local Bus"}}, {"type": "Feature", "geometry": {"type": "LineString", "coordinates": [[-113.442814, 53.414153], [-113.44274, 53.41283], [-113.443258, 53.41045], [-113.446249, 53.41045], [-113.4483, 53.4104], [-113.45246, 53.41038], [-113.452467, 53.40994], [-113.45247, 53.40951], [-113.452471, 53.40864], [-113.452621, 53.40831], [-113.452519, 53.40787], [-113.4522, 53.40769], [-113.45173, 53.40719], [-113.451589, 53.40675], [-113.45157, 53.4063], [-113.45152, 53.40529], [-113.45112, 53.40478], [-113.451899, 53.40429], [-113.45471, 53.4026], [-113.455618, 53.402551], [-113.45647, 53.40289], [-113.45723, 53.40296], [-113.458245, 53.402964], [-113.46113, 53.40301], [-113.46295, 53.40312], [-113.463267, 53.403248], [-113.46385, 53.40364], [-113.46455, 53.4044], [-113.46503, 53.40502], [-113.465249, 53.40538], [-113.46531, 53.40584], [-113.465239, 53.40618], [-113.464679, 53.40695], [-113.465689, 53.40735], [-113.46701, 53.40754], [-113.46915, 53.40754], [-113.469568, 53.407541], [-113.4714, 53.40756], [-113.472841, 53.40767], [-113.474259, 53.40775], [-113.47431, 53.40888], [-113.47435, 53.41031], [-113.474359, 53.411219], [-113.47436, 53.4115], [-113.474191, 53.41185], [-113.473451, 53.4126], [-113.47301, 53.41321], [-113.472435, 53.413272], [-113.47163, 53.413], [-113.47011, 53.41293], [-113.468841, 53.41293], [-113.467289, 53.413297], [-113.46727, 53.41501], [-113.467271, 53.41572], [-113.46731, 53.41766], [-113.46727, 53.41886], [-113.46727, 53.42019], [-113.467279, 53.42127], [-113.4655, 53.42127], [-113.4648, 53.42127], [-113.46441, 53.42129], [-113.46366, 53.42149], [-113.463059, 53.42202], [-113.46294, 53.42279], [-113.462939, 53.423187], [-113.462921, 53.42396], [-113.4628, 53.42485], [-113.46185, 53.42485], [-113.45868, 53.42485], [-113.45643, 53.42491], [-113.45534, 53.42498], [-113.455349, 53.42544], [-113.45587, 53.42612], [-113.45649, 53.42651], [-113.458114, 53.427601], [-113.45864, 53.428], [-113.459705, 53.428965], [-113.460749, 53.42968], [-113.461329, 53.42987], [-113.46245, 53.43004], [-113.463852, 53.430082], [-113.46418, 53.43005], [-113.465819, 53.42985], [-113.467051, 53.42982], [-113.467886, 53.42982], [-113.468491, 53.42981], [-113.469419, 53.43003], [-113.469279, 53.43063], [-113.46868, 53.43102], [-113.46828, 53.43135], [-113.467749, 53.43194], [-113.46747, 53.43237], [-113.46725, 53.43292], [-113.467139, 53.43343], [-113.46707, 53.43401], [-113.466941, 53.43524], [-113.466779, 53.43635], [-113.46667, 53.43724], [-113.466619, 53.4377], [-113.46655, 53.43821], [-113.46644, 53.43957], [-113.466429, 53.4411], [-113.466409, 53.44318], [-113.466389, 53.44441], [-113.46637, 53.44657], [-113.466361, 53.44899], [-113.46637, 53.45068], [-113.466359, 53.45114], [-113.46639, 53.45193], [-113.466391, 53.45297], [-113.46635, 53.45467], [-113.466351, 53.4558], [-113.466351, 53.45687], [-113.46622, 53.45842], [-113.465899, 53.45864], [-113.464921, 53.458756], [-113.461979, 53.45871], [-113.46039, 53.45875], [-113.459426, 53.458776], [-113.45732, 53.4588], [-113.45369, 53.45867], [-113.44975, 53.4585], [-113.44696, 53.4584], [-113.446229, 53.45842], [-113.44599, 53.45863]]}, "properties": {"route_id": "638", "route_short_name": "638", "route_long_name": "638 \u2014 Lakewood - Orchards", "category": "Local Bus"}}, {"type": "Feature", "geometry": {"type": "LineString", "coordinates": [[-113.552466, 53.262208], [-113.55247, 53.26122], [-113.552269, 53.2602], [-113.55165, 53.25936], [-113.55088, 53.2586], [-113.54993, 53.2578], [-113.5495, 53.25745], [-113.548179, 53.25637], [-113.54758, 53.25579], [-113.54715, 53.25539], [-113.546327, 53.254648], [-113.544511, 53.253], [-113.543821, 53.25238], [-113.54283, 53.25151], [-113.54173, 53.25054], [-113.539559, 53.25054], [-113.53722, 53.25054], [-113.533111, 53.25053], [-113.52942, 53.25052], [-113.525306, 53.251044], [-113.52533, 53.25188], [-113.5254, 53.25416], [-113.52577, 53.25474], [-113.5265, 53.25523], [-113.527078, 53.255484], [-113.52837, 53.25606], [-113.53047, 53.25702], [-113.53244, 53.25785], [-113.53345, 53.25803], [-113.53596, 53.25807], [-113.537472, 53.25807], [-113.540569, 53.25807], [-113.54198, 53.25807], [-113.54418, 53.25804], [-113.54718, 53.25805], [-113.54853, 53.25806], [-113.54997, 53.25805], [-113.55088, 53.2586], [-113.55165, 53.25936], [-113.552269, 53.2602], [-113.55247, 53.26122], [-113.552465, 53.262146], [-113.55247, 53.26276], [-113.55247, 53.26353], [-113.55248, 53.26397], [-113.5525, 53.26511], [-113.55247, 53.26605], [-113.552469, 53.266731], [-113.552471, 53.26748], [-113.552469, 53.26831], [-113.55245, 53.26905], [-113.5523, 53.26972], [-113.55206, 53.27032], [-113.55178, 53.27083], [-113.55145, 53.271288], [-113.55104, 53.27184], [-113.550079, 53.27323], [-113.549629, 53.273988], [-113.549419, 53.27439], [-113.54893, 53.2753], [-113.54877, 53.27585], [-113.54853, 53.27696], [-113.548315, 53.278011], [-113.54784, 53.28017], [-113.54757, 53.28158], [-113.54723, 53.28255], [-113.54714, 53.28343], [-113.54739, 53.28413], [-113.547709, 53.28499], [-113.54813, 53.28648], [-113.54816, 53.28796], [-113.548111, 53.28974], [-113.548141, 53.29103], [-113.548141, 53.29189], [-113.54804, 53.29333], [-113.547959, 53.29513], [-113.54792, 53.2969], [-113.54792, 53.29928], [-113.54791, 53.30152], [-113.54791, 53.30491], [-113.54792, 53.30862], [-113.547919, 53.31084], [-113.547919, 53.31397], [-113.547921, 53.3174], [-113.54791, 53.32107], [-113.54793, 53.32535], [-113.547921, 53.33074], [-113.54792, 53.33277], [-113.54792, 53.33504], [-113.547911, 53.33766], [-113.547899, 53.33829], [-113.547821, 53.33894], [-113.547699, 53.3396], [-113.54755, 53.34021], [-113.547299, 53.34095], [-113.54707, 53.34151], [-113.54679, 53.3421], [-113.54636, 53.34287], [-113.545791, 53.34374], [-113.544669, 53.34524], [-113.542729, 53.34791], [-113.53969, 53.35211], [-113.53734, 53.35534], [-113.53296, 53.36137], [-113.52956, 53.3661], [-113.52866, 53.36732], [-113.52657, 53.3702], [-113.523761, 53.37406], [-113.522379, 53.37597], [-113.52108, 53.37775], [-113.51989, 53.3794], [-113.51958, 53.37983], [-113.517901, 53.38214], [-113.516391, 53.38422], [-113.51566, 53.3854], [-113.515049, 53.38664], [-113.51465, 53.38768], [-113.51436, 53.3887], [-113.51389, 53.39066], [-113.51348, 53.39215], [-113.513051, 53.39319], [-113.512599, 53.39401], [-113.51198, 53.39494], [-113.51136, 53.39574], [-113.51089, 53.39628], [-113.51035, 53.3968], [-113.509449, 53.39758], [-113.508399, 53.3984], [-113.50743, 53.39915], [-113.50643, 53.39996], [-113.505409, 53.40083], [-113.504411, 53.40176], [-113.50353, 53.40264], [-113.502571, 53.40366], [-113.5019, 53.4044], [-113.501229, 53.40519], [-113.500361, 53.40632], [-113.499249, 53.40784], [-113.49559, 53.41288], [-113.49522, 53.41345], [-113.49481, 53.41421], [-113.49427, 53.41536], [-113.493921, 53.41612], [-113.49368, 53.41672], [-113.493391, 53.41756], [-113.493209, 53.41825], [-113.49302, 53.41927], [-113.49295, 53.41999], [-113.49289, 53.42168], [-113.4928, 53.42475], [-113.4928, 53.42526], [-113.492771, 53.42605], [-113.49263, 53.42696], [-113.4925, 53.4277], [-113.492369, 53.4283], [-113.49222, 53.42879], [-113.491961, 53.42952], [-113.49093, 53.4323], [-113.4905, 53.43347], [-113.49025, 53.43414], [-113.490089, 53.43462], [-113.490001, 53.435], [-113.48996, 53.43525], [-113.48992, 53.43573], [-113.48994, 53.43628], [-113.490001, 53.43676], [-113.49009, 53.43719], [-113.49018, 53.4375], [-113.49027, 53.43774], [-113.490449, 53.43811], [-113.49093, 53.43899], [-113.49172, 53.44034], [-113.492191, 53.44115], [-113.492471, 53.44176], [-113.492621, 53.44232], [-113.492679, 53.44282], [-113.492659, 53.44386], [-113.4926, 53.44568], [-113.49255, 53.44711], [-113.492521, 53.44843], [-113.492399, 53.44889], [-113.492371, 53.44903], [-113.49233, 53.44936], [-113.49222, 53.45033], [-113.492089, 53.4519], [-113.492069, 53.45295], [-113.492429, 53.45433], [-113.493551, 53.45434], [-113.494709, 53.45427], [-113.496129, 53.45411], [-113.497119, 53.45404], [-113.49975, 53.45403], [-113.501451, 53.45403], [-113.503909, 53.45402], [-113.507209, 53.45401], [-113.508911, 53.45401], [-113.51037, 53.45401], [-113.511871, 53.454], [-113.512659, 53.454], [-113.514421, 53.45402], [-113.515121, 53.45402], [-113.51564, 53.45406], [-113.51595, 53.45418], [-113.516121, 53.45439], [-113.51618, 53.45504], [-113.51615, 53.45589], [-113.51613, 53.457], [-113.51613, 53.457661]]}, "properties": {"route_id": "L1", "route_short_name": "1", "route_long_name": "1 \u2014 Leduc - Nisku - Edmonton", "category": "Local Bus"}}, {"type": "Feature", "geometry": {"type": "LineString", "coordinates": [[-113.507705, 53.62496], [-113.50765, 53.6254], [-113.50809, 53.62633], [-113.509309, 53.62767], [-113.510154, 53.628473], [-113.51091, 53.62922], [-113.51223, 53.630706], [-113.51232, 53.63096], [-113.512129, 53.63192], [-113.511239, 53.63306], [-113.510997, 53.633245], [-113.50999, 53.63366], [-113.50876, 53.6338], [-113.50744, 53.63363], [-113.505832, 53.633369], [-113.50485, 53.63325], [-113.50351, 53.63326], [-113.50223, 53.63347], [-113.500109, 53.63406], [-113.498779, 53.6342], [-113.49806, 53.63412], [-113.49706, 53.63376], [-113.496526, 53.633331], [-113.49631, 53.63302], [-113.496221, 53.63242], [-113.496391, 53.63198], [-113.496729, 53.63161], [-113.49801, 53.63069], [-113.498226, 53.630467], [-113.49841, 53.62961], [-113.49783, 53.62879], [-113.49707, 53.62879], [-113.49425, 53.62879], [-113.49308, 53.62879], [-113.49199, 53.62879], [-113.49095, 53.62879], [-113.49052, 53.62878], [-113.48957, 53.62877], [-113.48821, 53.62875], [-113.486501, 53.628733], [-113.48579, 53.62872], [-113.48245, 53.62868], [-113.48154, 53.62906], [-113.481537, 53.629539], [-113.48152, 53.6302], [-113.47939, 53.63015], [-113.47868, 53.63015], [-113.477389, 53.63034], [-113.47666, 53.63072], [-113.475469, 53.631796], [-113.47481, 53.6324], [-113.474121, 53.63304], [-113.4733, 53.634], [-113.472895, 53.634824], [-113.47267, 53.6353], [-113.47358, 53.63581], [-113.4741, 53.63661], [-113.47409, 53.637593], [-113.47408, 53.63788], [-113.47389, 53.63841], [-113.473349, 53.63925], [-113.473216, 53.63953], [-113.473029, 53.64004], [-113.47291, 53.64086], [-113.4729, 53.64207], [-113.473426, 53.642067], [-113.47624, 53.64144], [-113.47719, 53.64118], [-113.47794, 53.64093], [-113.478722, 53.641047], [-113.47898, 53.64122], [-113.47979, 53.64165], [-113.48101, 53.64201], [-113.482305, 53.642129], [-113.483291, 53.64214], [-113.4856, 53.64184], [-113.486962, 53.641517], [-113.48752, 53.6413], [-113.48798, 53.64098], [-113.48818, 53.640487], [-113.48844, 53.63933], [-113.48821, 53.63826], [-113.48811, 53.63788], [-113.487999, 53.63654], [-113.488, 53.636078], [-113.48807, 53.63558], [-113.48836, 53.63444], [-113.489019, 53.632841], [-113.48913, 53.63257], [-113.48916, 53.63205], [-113.488801, 53.63141], [-113.488121, 53.63089], [-113.48755, 53.63066], [-113.487115, 53.63055], [-113.48596, 53.63032], [-113.484558, 53.630204], [-113.48363, 53.6302], [-113.48153, 53.62985]]}, "properties": {"route_id": "616", "route_short_name": "616", "route_long_name": "616 \u2014 Mary Butterworth - Lago Lindo - Klarvatten", "category": "Local Bus"}}, {"type": "Feature", "geometry": {"type": "LineString", "coordinates": [[-113.540963, 53.400869], [-113.54098, 53.39922], [-113.540105, 53.399215], [-113.53791, 53.39925], [-113.53703, 53.39946], [-113.536586, 53.399655], [-113.53545, 53.4003], [-113.53487, 53.40066], [-113.534014, 53.401126], [-113.53249, 53.40162], [-113.531351, 53.40171], [-113.52886, 53.40173], [-113.528532, 53.402085], [-113.528651, 53.40315], [-113.528663, 53.404216], [-113.528679, 53.40476], [-113.529135, 53.405315], [-113.53165, 53.40578], [-113.531511, 53.40616], [-113.53099, 53.40659], [-113.52951, 53.40758], [-113.529048, 53.407329], [-113.528051, 53.40696], [-113.527301, 53.40745], [-113.5263, 53.40793], [-113.525219, 53.40841], [-113.524011, 53.40931], [-113.523989, 53.41041], [-113.524, 53.410686], [-113.52376, 53.41145], [-113.522291, 53.41263], [-113.522085, 53.412875], [-113.52214, 53.41335], [-113.522671, 53.41388], [-113.522354, 53.414207], [-113.52196, 53.41446], [-113.520091, 53.41565], [-113.51881, 53.41648], [-113.51821, 53.41693], [-113.517749, 53.417344], [-113.51763, 53.41747], [-113.5173, 53.41782], [-113.51687, 53.41843], [-113.516661, 53.41889], [-113.51648, 53.41928], [-113.5164, 53.41949], [-113.516301, 53.42013], [-113.516281, 53.42071], [-113.516281, 53.421358], [-113.51628, 53.42205], [-113.51629, 53.42345], [-113.51638, 53.4241], [-113.516241, 53.42449], [-113.51596, 53.42468], [-113.515619, 53.42474], [-113.514469, 53.424741], [-113.51266, 53.42474], [-113.510749, 53.42475], [-113.51002, 53.42475], [-113.508394, 53.42474], [-113.50758, 53.42474], [-113.50559, 53.42476], [-113.504069, 53.42477], [-113.50349, 53.42477], [-113.50148, 53.4248], [-113.50089, 53.42479], [-113.49901, 53.42477], [-113.498, 53.42477], [-113.49668, 53.42476], [-113.495539, 53.42475], [-113.49515, 53.42475], [-113.4928, 53.42475], [-113.49107, 53.42475], [-113.4899, 53.42476], [-113.48858, 53.42476], [-113.48757, 53.42477], [-113.485919, 53.42479], [-113.4844, 53.4248], [-113.48229, 53.42486], [-113.480659, 53.42494], [-113.47949, 53.42498], [-113.47892, 53.42499], [-113.47782, 53.42499], [-113.47688, 53.42497], [-113.47532, 53.42492], [-113.47386, 53.42488], [-113.472252, 53.424851], [-113.4711, 53.42485], [-113.46736, 53.42485], [-113.46493, 53.42485], [-113.46296, 53.42485], [-113.462959, 53.42434], [-113.46294, 53.42359], [-113.462951, 53.423354], [-113.46296, 53.4224], [-113.46321, 53.42174], [-113.463981, 53.42138], [-113.464559, 53.42128], [-113.465328, 53.42127], [-113.4661, 53.42127], [-113.467277, 53.420883], [-113.467269, 53.42014], [-113.467302, 53.417877], [-113.4673, 53.41757], [-113.46727, 53.41501], [-113.46728, 53.41458], [-113.46614, 53.413], [-113.464414, 53.41336], [-113.46407, 53.4134], [-113.462631, 53.41331], [-113.46164, 53.41294], [-113.461099, 53.4126], [-113.460547, 53.412785], [-113.459629, 53.41289], [-113.4573, 53.41284], [-113.45673, 53.41277], [-113.45563, 53.41244], [-113.45495, 53.41232], [-113.4542, 53.412301], [-113.452093, 53.412626], [-113.451931, 53.41285], [-113.450779, 53.41372], [-113.44992, 53.41455], [-113.45023, 53.41494], [-113.45106, 53.41623], [-113.45116, 53.416524], [-113.451229, 53.41696], [-113.45114, 53.4175], [-113.45103, 53.41758], [-113.45111, 53.41772], [-113.451119, 53.4185], [-113.45075, 53.41903], [-113.44991, 53.41966], [-113.44928, 53.42031], [-113.448637, 53.420195], [-113.44792, 53.4201], [-113.44709, 53.42008], [-113.445989, 53.420229], [-113.444399, 53.42051], [-113.44347, 53.42058], [-113.442831, 53.4206], [-113.441949, 53.420593], [-113.439399, 53.42048], [-113.437969, 53.42043], [-113.43732, 53.42042], [-113.43651, 53.42057], [-113.43559, 53.42096], [-113.435961, 53.42138], [-113.43636, 53.42269], [-113.436351, 53.42351], [-113.43634, 53.42454], [-113.43632, 53.42547], [-113.436307, 53.425983], [-113.43632, 53.42716], [-113.436601, 53.42804], [-113.43659, 53.4285], [-113.43652, 53.42869], [-113.4363, 53.42915], [-113.435631, 53.42961], [-113.434239, 53.43002], [-113.43291, 53.43011], [-113.43248, 53.430188], [-113.43119, 53.43043], [-113.42983, 53.43053], [-113.42806, 53.43033], [-113.427531, 53.430176], [-113.426521, 53.42979], [-113.425361, 53.42911], [-113.424159, 53.42859], [-113.423608, 53.428612], [-113.421335, 53.42862]]}, "properties": {"route_id": "665", "route_short_name": "665", "route_long_name": "665 \u2014 Charlesworth - Dr. Anne Anderson", "category": "Local Bus"}}, {"type": "Feature", "geometry": {"type": "LineString", "coordinates": [[-113.544726, 53.401088], [-113.54325, 53.40118], [-113.54083, 53.40123], [-113.540775, 53.401605], [-113.54068, 53.4019], [-113.54049, 53.40228], [-113.5403, 53.40255], [-113.540029, 53.40284], [-113.53937, 53.40334], [-113.53895, 53.40361], [-113.53818, 53.40409], [-113.537361, 53.40461], [-113.536716, 53.405013], [-113.53606, 53.40543], [-113.53553, 53.40576], [-113.53502, 53.40609], [-113.53415, 53.40666], [-113.53362, 53.40701], [-113.532816, 53.40754], [-113.531999, 53.40807], [-113.53148, 53.40841], [-113.531757, 53.408909], [-113.5324, 53.40928], [-113.532891, 53.40978], [-113.53371, 53.41045], [-113.534821, 53.411047], [-113.535301, 53.41122], [-113.53647, 53.41142], [-113.537412, 53.411424], [-113.53857, 53.41124], [-113.53962, 53.41081], [-113.539952, 53.410996], [-113.54087, 53.41385], [-113.538529, 53.4139], [-113.5383, 53.413941], [-113.536811, 53.414], [-113.53558, 53.41433], [-113.534692, 53.415199], [-113.53514, 53.41575], [-113.535515, 53.416786], [-113.535951, 53.41741], [-113.536321, 53.41867], [-113.53636, 53.4192], [-113.536329, 53.42008], [-113.53601, 53.42093], [-113.535349, 53.42166], [-113.53473, 53.42199], [-113.534493, 53.422093], [-113.53357, 53.42245], [-113.532851, 53.42261], [-113.53197, 53.42267], [-113.530869, 53.42261], [-113.530009, 53.422583], [-113.528731, 53.42258], [-113.528572, 53.423002], [-113.528585, 53.424217], [-113.528595, 53.425343], [-113.52868, 53.42555], [-113.528681, 53.42724], [-113.528691, 53.42795], [-113.52848, 53.42874], [-113.528006, 53.428749], [-113.527789, 53.42877], [-113.52664, 53.429], [-113.525941, 53.42902], [-113.523319, 53.42904], [-113.521497, 53.429028], [-113.51809, 53.429371], [-113.51733, 53.42943], [-113.516479, 53.42943], [-113.516553, 53.4298], [-113.51667, 53.43013], [-113.51699, 53.43073], [-113.51752, 53.43137], [-113.518221, 53.43205], [-113.51868, 53.43258], [-113.5189, 53.43292], [-113.519171, 53.43348], [-113.5193, 53.43386], [-113.51941, 53.4343], [-113.519441, 53.43488], [-113.51942, 53.43522], [-113.51933, 53.43559], [-113.51911, 53.43617], [-113.51863, 53.43721], [-113.51831, 53.43816], [-113.518219, 53.43855], [-113.51818, 53.43896], [-113.51819, 53.43972], [-113.51819, 53.439806], [-113.518129, 53.44065], [-113.51801, 53.44151], [-113.517851, 53.44228], [-113.51756, 53.44324], [-113.517476, 53.443491], [-113.516879, 53.44498], [-113.51657, 53.44572], [-113.51622, 53.44668], [-113.51612, 53.44733], [-113.51611, 53.44804], [-113.516137, 53.449115], [-113.516149, 53.44988], [-113.51616, 53.450677], [-113.516159, 53.45179], [-113.51616, 53.45236], [-113.516179, 53.45306], [-113.51618, 53.45341], [-113.51618, 53.45382], [-113.51618, 53.45407], [-113.51619, 53.45475], [-113.51617, 53.45538], [-113.51613, 53.45689], [-113.51613, 53.45751], [-113.51581, 53.45797], [-113.51548, 53.45805], [-113.51536, 53.45745]]}, "properties": {"route_id": "667", "route_short_name": "667", "route_long_name": "667 \u2014 Century Park - Dr. Anne Anderson", "category": "Local Bus"}}, {"type": "Feature", "geometry": {"type": "LineString", "coordinates": [[-113.606568, 53.513729], [-113.60936, 53.51383], [-113.609339, 53.51429], [-113.60936, 53.51516], [-113.60955, 53.515647], [-113.609661, 53.51593], [-113.609679, 53.5165], [-113.612559, 53.51665], [-113.61252, 53.517], [-113.61222, 53.51753], [-113.61187, 53.51784], [-113.61109, 53.5185], [-113.61077, 53.51942], [-113.61108, 53.51961], [-113.61263, 53.51961], [-113.61347, 53.519621], [-113.61445, 53.51963], [-113.61485, 53.5197], [-113.61511, 53.51983], [-113.61524, 53.52014], [-113.61523, 53.52087], [-113.61522, 53.52214], [-113.61521, 53.52331], [-113.615199, 53.52429], [-113.61549, 53.52485], [-113.618519, 53.52486], [-113.61989, 53.52486], [-113.62179, 53.52486], [-113.62298, 53.52489], [-113.62344, 53.52524], [-113.62254, 53.52519], [-113.622022, 53.52519]]}, "properties": {"route_id": "673", "route_short_name": "673", "route_long_name": "673 \u2014 Hillcrest - Wem", "category": "Local Bus"}}, {"type": "Feature", "geometry": {"type": "LineString", "coordinates": [[-113.60955, 53.515647], [-113.609679, 53.516], [-113.61113, 53.51651], [-113.612525, 53.516953], [-113.612451, 53.51716], [-113.612191, 53.51756], [-113.61149, 53.51814], [-113.61087, 53.51886], [-113.61077, 53.51956], [-113.61138, 53.51961], [-113.612749, 53.51961], [-113.61347, 53.519621], [-113.614549, 53.51964], [-113.61495, 53.51973], [-113.615159, 53.51989], [-113.61524, 53.52028], [-113.615229, 53.52149], [-113.61521, 53.52282], [-113.61521, 53.52344], [-113.6152, 53.5247], [-113.615859, 53.52485], [-113.619031, 53.52486], [-113.62029, 53.52486], [-113.62195, 53.52486], [-113.62291, 53.524886], [-113.62403, 53.52503], [-113.6249, 53.52496], [-113.625819, 53.52487], [-113.62773, 53.5247], [-113.62987, 53.52467], [-113.6301, 53.52421], [-113.630198, 53.523433], [-113.63043, 53.52225], [-113.630589, 53.52175], [-113.63076, 53.52159], [-113.631, 53.52145], [-113.63362, 53.52159], [-113.63586, 53.52165], [-113.638117, 53.521664], [-113.63901, 53.52165], [-113.63984, 53.52163], [-113.641051, 53.5216], [-113.64337, 53.52155], [-113.645081, 53.52151], [-113.64796, 53.52144], [-113.649959, 53.52139], [-113.650711, 53.52137], [-113.651581, 53.52136], [-113.65237, 53.52141], [-113.65305, 53.52149], [-113.65408, 53.52167], [-113.65484, 53.52187], [-113.65565, 53.52211], [-113.656561, 53.52235], [-113.65789, 53.52263], [-113.65882, 53.52281], [-113.659491, 53.52291], [-113.66057, 53.52311], [-113.6616, 53.52327], [-113.66237, 53.52334], [-113.6636, 53.52339], [-113.66532, 53.5235], [-113.666369, 53.52354], [-113.66809, 53.52356], [-113.667969, 53.52313], [-113.667125, 53.523301]]}, "properties": {"route_id": "674", "route_short_name": "674", "route_long_name": "674 \u2014 H.E. Beriault - Lewis Farms", "category": "Local Bus"}}, {"type": "Feature", "geometry": {"type": "LineString", "coordinates": [[-113.516321, 53.485238], [-113.51633, 53.4858], [-113.516541, 53.48646], [-113.5165, 53.48753], [-113.51626, 53.48797], [-113.51537, 53.48816], [-113.51407, 53.48817], [-113.513149, 53.48817], [-113.51041, 53.48819], [-113.509131, 53.48819], [-113.508771, 53.48819], [-113.5071, 53.4882], [-113.50593, 53.4882], [-113.50437, 53.48831], [-113.50438, 53.48894], [-113.50435, 53.48983], [-113.50436, 53.49094], [-113.50436, 53.49279], [-113.50436, 53.493631], [-113.50437, 53.49385], [-113.50439, 53.49482], [-113.5044, 53.49562], [-113.5044, 53.496522], [-113.5044, 53.49813], [-113.50441, 53.49892], [-113.50441, 53.49916], [-113.504399, 53.500508], [-113.50441, 53.50182], [-113.504411, 53.502237], [-113.50441, 53.50349], [-113.504409, 53.5039], [-113.50441, 53.50562], [-113.50441, 53.50633], [-113.504419, 53.507726], [-113.50441, 53.50841], [-113.50441, 53.50942], [-113.504411, 53.51039], [-113.504429, 53.51226], [-113.50368, 53.51226], [-113.500808, 53.512321], [-113.49811, 53.51236], [-113.49768, 53.5121], [-113.49771, 53.51129], [-113.49772, 53.50969], [-113.49772, 53.50925]]}, "properties": {"route_id": "652", "route_short_name": "652", "route_long_name": "652 \u2014 Strathcona - Southgate", "category": "Local Bus"}}, {"type": "Feature", "geometry": {"type": "LineString", "coordinates": [[-113.507745, 53.624815], [-113.507891, 53.6245], [-113.50913, 53.62309], [-113.509441, 53.6226], [-113.510282, 53.621698], [-113.51384, 53.62203], [-113.51609, 53.62235], [-113.51733, 53.62256], [-113.51883, 53.62283], [-113.519009, 53.62251], [-113.519249, 53.62187], [-113.519371, 53.62118], [-113.51935, 53.62051], [-113.51914, 53.6197], [-113.518995, 53.619385], [-113.518609, 53.61875], [-113.517981, 53.61796], [-113.51761, 53.61747], [-113.51722, 53.6168], [-113.516631, 53.61692], [-113.516319, 53.61653], [-113.516296, 53.616317], [-113.516739, 53.61615], [-113.516821, 53.61512], [-113.516831, 53.61424], [-113.51585, 53.61411], [-113.514191, 53.61411], [-113.513301, 53.614103], [-113.51227, 53.6141], [-113.50989, 53.61408], [-113.507889, 53.61408], [-113.50639, 53.61406], [-113.503859, 53.61405], [-113.501671, 53.614033], [-113.49968, 53.61402], [-113.49746, 53.614], [-113.495669, 53.61399], [-113.493689, 53.61402], [-113.49266, 53.61404], [-113.491919, 53.61406], [-113.49176, 53.61409], [-113.49169, 53.61468], [-113.491694, 53.615049], [-113.491729, 53.61617], [-113.491739, 53.61822], [-113.490551, 53.618225]]}, "properties": {"route_id": "617", "route_short_name": "617", "route_long_name": "617 \u2014 Mary Butterworth - Eaux Claires", "category": "Local Bus"}}, {"type": "Feature", "geometry": {"type": "LineString", "coordinates": [[-113.476494, 53.59215], [-113.47971, 53.59213], [-113.48063, 53.59212], [-113.482673, 53.592107], [-113.48659, 53.59209], [-113.488741, 53.592081], [-113.489751, 53.59213], [-113.49203, 53.59212], [-113.49294, 53.59208], [-113.493401, 53.59207], [-113.49546, 53.59204], [-113.49636, 53.59204], [-113.497249, 53.59204], [-113.501134, 53.592079], [-113.506591, 53.5921], [-113.50842, 53.59209], [-113.514047, 53.592113], [-113.51437, 53.59212], [-113.51648, 53.59217], [-113.51728, 53.59216], [-113.517947, 53.592153], [-113.51996, 53.59216], [-113.52252, 53.59216], [-113.524133, 53.59216], [-113.525091, 53.59216], [-113.529342, 53.592186], [-113.530391, 53.59217], [-113.532771, 53.59219], [-113.534139, 53.59219], [-113.5366, 53.59219], [-113.53864, 53.5922], [-113.53919, 53.59221], [-113.54072, 53.59219], [-113.541196, 53.592697], [-113.54119, 53.59302], [-113.541191, 53.59377], [-113.54119, 53.594542], [-113.541191, 53.59642], [-113.54119, 53.59687], [-113.5412, 53.59761], [-113.54113, 53.59798], [-113.54111, 53.59839], [-113.54108, 53.59936], [-113.541079, 53.59971], [-113.54108, 53.60008], [-113.54108, 53.600618], [-113.54108, 53.60087], [-113.5411, 53.60141], [-113.54114, 53.60259], [-113.54118, 53.6035], [-113.54123, 53.60407], [-113.541329, 53.60439], [-113.541329, 53.604542], [-113.54133, 53.60516], [-113.54132, 53.60641], [-113.541319, 53.606996], [-113.54132, 53.60829], [-113.54132, 53.609163], [-113.54132, 53.60961], [-113.54132, 53.61046], [-113.542419, 53.61047], [-113.54327, 53.61046], [-113.54388, 53.61152], [-113.544062, 53.611768], [-113.544859, 53.61219], [-113.546202, 53.61226], [-113.54743, 53.61227], [-113.548649, 53.612327], [-113.549661, 53.61243], [-113.551727, 53.612789], [-113.552069, 53.61286], [-113.553371, 53.61299], [-113.555571, 53.613], [-113.55702, 53.613], [-113.55777, 53.61299], [-113.55923, 53.61277], [-113.55998, 53.612982], [-113.560101, 53.61364], [-113.5601, 53.61409], [-113.55953, 53.61462], [-113.558791, 53.61463], [-113.557026, 53.614918], [-113.557059, 53.61587], [-113.556754, 53.616594], [-113.556119, 53.61673], [-113.5535, 53.61679], [-113.552368, 53.6168], [-113.55108, 53.6167], [-113.54984, 53.61661], [-113.548681, 53.61691], [-113.54792, 53.61734], [-113.54724, 53.61768], [-113.545692, 53.617935], [-113.54474, 53.61813], [-113.54402, 53.61861], [-113.54385, 53.61879], [-113.543659, 53.61949], [-113.543691, 53.62038], [-113.54366, 53.62111], [-113.543961, 53.62241], [-113.54463, 53.62328], [-113.54479, 53.62344], [-113.54635, 53.62384], [-113.55004, 53.62383], [-113.55129, 53.62382], [-113.55251, 53.62331], [-113.55282, 53.62244], [-113.553371, 53.621287], [-113.55419, 53.62128], [-113.55801, 53.62136], [-113.55868, 53.62137], [-113.56083, 53.62138], [-113.560861, 53.622228], [-113.56083, 53.62434], [-113.560811, 53.62515], [-113.560786, 53.625641], [-113.56045, 53.62609], [-113.55945, 53.62702], [-113.55946, 53.62768], [-113.558827, 53.628716], [-113.55793, 53.62872], [-113.55632, 53.62873], [-113.555133, 53.628731], [-113.55478, 53.62873], [-113.553579, 53.62873], [-113.552381, 53.62873], [-113.55135, 53.62873], [-113.54987, 53.62872], [-113.549521, 53.62872], [-113.54744, 53.62872], [-113.54647, 53.62871], [-113.54488, 53.62871], [-113.54412, 53.62867]]}, "properties": {"route_id": "625", "route_short_name": "625", "route_long_name": "625 \u2014 O'Leary - Palisades", "category": "Local Bus"}}, {"type": "Feature", "geometry": {"type": "LineString", "coordinates": [[-113.426253, 53.53475], [-113.426281, 53.53391], [-113.42717, 53.53392], [-113.43096, 53.53384], [-113.433489, 53.533259], [-113.43586, 53.5327], [-113.43559, 53.53229], [-113.434421, 53.530532], [-113.43394, 53.52981], [-113.432629, 53.52768], [-113.43185, 53.5268], [-113.429027, 53.526777], [-113.42633, 53.52678], [-113.418769, 53.52674], [-113.41876, 53.52606], [-113.41875, 53.52519], [-113.41872, 53.52372], [-113.41871, 53.52273], [-113.41869, 53.52232], [-113.41867, 53.52108], [-113.41865, 53.52004], [-113.418611, 53.51807], [-113.41861, 53.51724], [-113.418569, 53.51479], [-113.41855, 53.51424], [-113.418539, 53.51357], [-113.41854, 53.51331], [-113.41853, 53.51249], [-113.41848, 53.51087], [-113.41845, 53.50942], [-113.41843, 53.5088], [-113.41841, 53.50774], [-113.41839, 53.50678], [-113.418339, 53.50362], [-113.41831, 53.50059], [-113.418309, 53.49844], [-113.41831, 53.49544], [-113.418301, 53.49412], [-113.4183, 53.49362], [-113.418291, 53.49254], [-113.41829, 53.49127], [-113.418301, 53.49049], [-113.4183, 53.49013], [-113.41835, 53.48918], [-113.418349, 53.48836], [-113.418311, 53.48734], [-113.41833, 53.48623], [-113.41835, 53.48535], [-113.41835, 53.48368], [-113.41835, 53.4819], [-113.416719, 53.48187], [-113.414946, 53.481901], [-113.41322, 53.48198], [-113.41144, 53.48191], [-113.410978, 53.48179], [-113.41004, 53.4813], [-113.40953, 53.48057], [-113.409464, 53.479191], [-113.409431, 53.47875], [-113.409191, 53.47812], [-113.407529, 53.4767], [-113.407115, 53.476383], [-113.40693, 53.47615], [-113.40679, 53.47431], [-113.406783, 53.47396], [-113.40668, 53.47358], [-113.405999, 53.47291], [-113.405151, 53.47231], [-113.40372, 53.4713], [-113.403431, 53.47134], [-113.4026, 53.47179], [-113.400781, 53.47247], [-113.40029, 53.472578], [-113.398189, 53.47284], [-113.397147, 53.472824], [-113.393759, 53.47286], [-113.392896, 53.47286], [-113.39158, 53.47286], [-113.389499, 53.47301], [-113.387631, 53.47329], [-113.38712, 53.47223], [-113.38625, 53.47232], [-113.385327, 53.472266], [-113.38241, 53.47226], [-113.38163, 53.47226], [-113.38053, 53.47231], [-113.379291, 53.472483], [-113.37685, 53.47295], [-113.376095, 53.472942], [-113.375159, 53.47277], [-113.37405, 53.47264], [-113.373512, 53.472664], [-113.37198, 53.47247], [-113.37172, 53.47202], [-113.371626, 53.47133], [-113.371609, 53.47114], [-113.37157, 53.47002], [-113.371601, 53.469595], [-113.37188, 53.46894], [-113.37208, 53.46836], [-113.37218, 53.46749], [-113.37309, 53.46749], [-113.37488, 53.46761], [-113.37625, 53.46764], [-113.378247, 53.467613], [-113.37904, 53.4676], [-113.381635, 53.466498], [-113.384214, 53.465439], [-113.38455, 53.46532], [-113.38569, 53.46522], [-113.38671, 53.46538], [-113.38744, 53.46578], [-113.388113, 53.466316], [-113.38884, 53.46692], [-113.38919, 53.46762], [-113.39362, 53.46764], [-113.39394, 53.4676], [-113.393952, 53.467234], [-113.393971, 53.46659], [-113.39401, 53.46549], [-113.39403, 53.46425], [-113.393821, 53.46348], [-113.39136, 53.46346], [-113.390503, 53.46331], [-113.39002, 53.46318], [-113.387509, 53.46256], [-113.38661, 53.46207], [-113.386341, 53.46175], [-113.386, 53.46093], [-113.38596, 53.460331], [-113.38602, 53.45931], [-113.386549, 53.45833], [-113.38655, 53.45819], [-113.38633, 53.45767], [-113.385349, 53.45719], [-113.38483, 53.4571], [-113.38174, 53.4571], [-113.37989, 53.45709], [-113.378139, 53.45717], [-113.37705, 53.4577], [-113.376949, 53.45793], [-113.376969, 53.45861], [-113.377371, 53.45918], [-113.377471, 53.45934], [-113.3776, 53.45997], [-113.377616, 53.461064], [-113.37762, 53.46138], [-113.377569, 53.46299], [-113.377151, 53.463474], [-113.37677, 53.46369], [-113.37585, 53.46389], [-113.373151, 53.463507], [-113.371129, 53.46347]]}, "properties": {"route_id": "630", "route_short_name": "630", "route_long_name": "630 \u2014 Austin O'Brien - Silver Berry", "category": "Local Bus"}}, {"type": "Feature", "geometry": {"type": "LineString", "coordinates": [[-113.426253, 53.53475], [-113.426281, 53.53391], [-113.42717, 53.53392], [-113.43096, 53.53384], [-113.433489, 53.533259], [-113.43586, 53.5327], [-113.43559, 53.53229], [-113.434421, 53.530532], [-113.43394, 53.52981], [-113.432629, 53.52768], [-113.43185, 53.5268], [-113.429027, 53.526777], [-113.42633, 53.52678], [-113.418769, 53.52674], [-113.41876, 53.52606], [-113.41875, 53.52519], [-113.41872, 53.52372], [-113.41871, 53.52273], [-113.41869, 53.52232], [-113.41867, 53.52108], [-113.41865, 53.52004], [-113.418611, 53.51807], [-113.41861, 53.51724], [-113.418569, 53.51479], [-113.41855, 53.51424], [-113.418539, 53.51357], [-113.41854, 53.51331], [-113.41853, 53.51249], [-113.418515, 53.512047], [-113.41847, 53.51047], [-113.418439, 53.5092], [-113.41843, 53.50871], [-113.418415, 53.507913], [-113.41839, 53.5071], [-113.41837, 53.50484], [-113.418339, 53.50362], [-113.418326, 53.501938], [-113.41831, 53.5005], [-113.41831, 53.49927], [-113.41831, 53.49557], [-113.418299, 53.494815], [-113.418301, 53.49412], [-113.4183, 53.49362], [-113.418291, 53.49254], [-113.418289, 53.491448], [-113.41829, 53.49073], [-113.418301, 53.49039], [-113.418311, 53.48987], [-113.41835, 53.48912], [-113.41836, 53.48866], [-113.418319, 53.48758], [-113.418309, 53.48667], [-113.41834, 53.48561], [-113.418289, 53.48493], [-113.418039, 53.48481], [-113.417179, 53.484826], [-113.41643, 53.48484], [-113.41505, 53.48497], [-113.414419, 53.48501], [-113.41396, 53.48498], [-113.412539, 53.48466], [-113.411767, 53.484273], [-113.41007, 53.4834], [-113.40925, 53.483915], [-113.408939, 53.48406], [-113.408401, 53.48425], [-113.40702, 53.48453], [-113.40556, 53.48453], [-113.40496, 53.48445], [-113.40329, 53.48391], [-113.40283, 53.48365], [-113.40188, 53.48285], [-113.401157, 53.482125], [-113.399649, 53.48069], [-113.399321, 53.48019], [-113.39865, 53.48032], [-113.396181, 53.48044], [-113.39561, 53.48044], [-113.39476, 53.48044], [-113.3942, 53.48044], [-113.39305, 53.48046], [-113.39259, 53.48046], [-113.388561, 53.48037], [-113.387771, 53.48019], [-113.38757, 53.480437], [-113.38689, 53.48096], [-113.38624, 53.48128], [-113.385251, 53.48154], [-113.38443, 53.48161], [-113.383471, 53.4816], [-113.3825, 53.48145], [-113.381261, 53.48108], [-113.380095, 53.480762], [-113.378679, 53.48041], [-113.376811, 53.47983], [-113.376309, 53.4795], [-113.37596, 53.47895], [-113.375934, 53.47848], [-113.375476, 53.477086], [-113.374631, 53.47709], [-113.372, 53.47711], [-113.3704, 53.47716], [-113.36866, 53.47717], [-113.36854, 53.47796], [-113.368112, 53.478564], [-113.36814, 53.47881], [-113.36782, 53.47894], [-113.36711, 53.479], [-113.36644, 53.47923], [-113.365071, 53.47896], [-113.364199, 53.4784], [-113.363959, 53.47783], [-113.363981, 53.47751], [-113.36411, 53.47719], [-113.363229, 53.47637], [-113.36218, 53.47617], [-113.36086, 53.47605], [-113.3591, 53.4761], [-113.356886, 53.476229], [-113.35594, 53.47628], [-113.35423, 53.4762], [-113.35343, 53.47605], [-113.35216, 53.47568], [-113.3507, 53.47507], [-113.349813, 53.474994], [-113.34848, 53.47604], [-113.348114, 53.476658], [-113.34801, 53.47706], [-113.34798, 53.4779], [-113.34806, 53.47967], [-113.348281, 53.479981], [-113.349461, 53.48049], [-113.35179, 53.48113], [-113.352332, 53.481192], [-113.353029, 53.48118], [-113.353669, 53.48101], [-113.35423, 53.4807], [-113.354521, 53.4803], [-113.35457, 53.47827], [-113.35452, 53.47709], [-113.354531, 53.47627]]}, "properties": {"route_id": "631", "route_short_name": "631", "route_long_name": "631 \u2014 Austin O'Brien - Maple", "category": "Local Bus"}}, {"type": "Feature", "geometry": {"type": "LineString", "coordinates": [[-113.492463, 53.546162], [-113.4912, 53.54619], [-113.489549, 53.54629], [-113.488649, 53.54636], [-113.48806, 53.54641], [-113.48768, 53.54644], [-113.48734, 53.54646], [-113.48715, 53.54635], [-113.486978, 53.545944], [-113.486801, 53.54552], [-113.486461, 53.5447], [-113.48616, 53.544], [-113.485961, 53.54349], [-113.48564, 53.54272], [-113.4858, 53.54206], [-113.48697, 53.54166], [-113.48738, 53.54152], [-113.488001, 53.54134], [-113.48923, 53.5412], [-113.49032, 53.54114], [-113.491351, 53.54114], [-113.491619, 53.54113], [-113.49314, 53.54103], [-113.49373, 53.54209], [-113.493792, 53.542915], [-113.49381, 53.54424], [-113.49376, 53.54542], [-113.49375, 53.54663], [-113.493729, 53.547136], [-113.49369, 53.54815], [-113.49372, 53.54939], [-113.49372, 53.54982], [-113.49372, 53.55069], [-113.49371, 53.55265], [-113.49371, 53.55312], [-113.49371, 53.55405], [-113.493899, 53.55474], [-113.494314, 53.55492], [-113.495629, 53.55545], [-113.495949, 53.55558], [-113.497449, 53.55622], [-113.499169, 53.55676], [-113.50019, 53.55709], [-113.50185, 53.55798], [-113.50284, 53.55852], [-113.50446, 53.55922], [-113.50621, 53.55995], [-113.507631, 53.56057], [-113.508539, 53.56094], [-113.509909, 53.56151], [-113.510729, 53.56186], [-113.51314, 53.56291], [-113.5153, 53.56383], [-113.51642, 53.5643], [-113.51779, 53.56488], [-113.519579, 53.56564], [-113.52216, 53.56673], [-113.52558, 53.56819], [-113.527869, 53.56916], [-113.529149, 53.56972], [-113.52991, 53.57004], [-113.53058, 53.5703], [-113.531169, 53.57039], [-113.53222, 53.57038], [-113.53293, 53.57031], [-113.53346, 53.57031], [-113.534931, 53.57031], [-113.535599, 53.57031], [-113.5368, 53.57031], [-113.539481, 53.57031], [-113.5405, 53.57031], [-113.54192, 53.5703], [-113.54253, 53.57029], [-113.54538, 53.5703], [-113.54601, 53.5703], [-113.546751, 53.57033], [-113.54778, 53.57033], [-113.548549, 53.5704], [-113.54897, 53.57045], [-113.549121, 53.57048], [-113.54932, 53.57079], [-113.549689, 53.57139], [-113.550059, 53.57194], [-113.551081, 53.57314], [-113.55149, 53.57353], [-113.552079, 53.57422], [-113.55389, 53.57645], [-113.554831, 53.57777], [-113.55569, 53.57919], [-113.555899, 53.57952], [-113.55593, 53.57973], [-113.55619, 53.58016], [-113.55683, 53.58108], [-113.55748, 53.58198], [-113.55873, 53.58347], [-113.55951, 53.58431], [-113.560681, 53.58555], [-113.56357, 53.58859], [-113.56483, 53.58992], [-113.56646, 53.59161], [-113.567619, 53.59271], [-113.56986, 53.59461], [-113.57058, 53.59523], [-113.57096, 53.59555], [-113.57186, 53.59634], [-113.57308, 53.59748], [-113.574161, 53.5986], [-113.574791, 53.59934], [-113.575551, 53.60024], [-113.576101, 53.60083], [-113.576789, 53.60159], [-113.57743, 53.6023], [-113.57781, 53.60267], [-113.578251, 53.60307], [-113.57883, 53.60372], [-113.579621, 53.60461], [-113.57996, 53.60496], [-113.58036, 53.60532], [-113.58085, 53.6057], [-113.58138, 53.60606], [-113.581831, 53.60634], [-113.58219, 53.60655], [-113.58304, 53.60703], [-113.584679, 53.60796], [-113.58715, 53.60937], [-113.58884, 53.61033], [-113.58917, 53.61058], [-113.589931, 53.61102], [-113.59086, 53.61193], [-113.59065, 53.61238], [-113.59064, 53.61301], [-113.59064, 53.6144], [-113.590641, 53.61526], [-113.59177, 53.61535], [-113.591939, 53.61565], [-113.593581, 53.615661], [-113.59418, 53.61555], [-113.59374, 53.61539], [-113.5914, 53.6153], [-113.59094, 53.61507], [-113.59084, 53.61341], [-113.59084, 53.61275], [-113.59092, 53.61225], [-113.59122, 53.61176], [-113.59281, 53.61267], [-113.59376, 53.61322], [-113.59476, 53.6138], [-113.595669, 53.61436], [-113.59707, 53.61519], [-113.59855, 53.61603], [-113.60015, 53.6169], [-113.600819, 53.61727], [-113.60161, 53.6177], [-113.60281, 53.61834], [-113.603959, 53.61891], [-113.60534, 53.61965], [-113.606599, 53.62027], [-113.607499, 53.62068], [-113.6087, 53.62125], [-113.60996, 53.62183], [-113.61052, 53.62208], [-113.61136, 53.62255], [-113.61305, 53.62369], [-113.613849, 53.62424], [-113.614871, 53.62496], [-113.61647, 53.62612], [-113.61685, 53.6264], [-113.617249, 53.62669], [-113.61814, 53.62734], [-113.618983, 53.628008], [-113.619701, 53.62861], [-113.620711, 53.62959], [-113.62124, 53.63019], [-113.6218, 53.63102], [-113.622261, 53.63208], [-113.62257, 53.63303], [-113.622769, 53.6337], [-113.622909, 53.6341], [-113.62341, 53.63579], [-113.623669, 53.63654], [-113.623781, 53.63693], [-113.62395, 53.63744], [-113.62361, 53.63779], [-113.623141, 53.63802], [-113.623229, 53.63858], [-113.62344, 53.63921], [-113.62348, 53.63977]]}, "properties": {"route_id": "211", "route_short_name": "211", "route_long_name": "211 \u2014 Downtown Edmonton Express", "category": "Local Bus"}}, {"type": "Feature", "geometry": {"type": "LineString", "coordinates": [[-113.504399, 53.500508], [-113.50441, 53.502], [-113.50441, 53.50254], [-113.504409, 53.503672], [-113.50441, 53.50438], [-113.504411, 53.505996], [-113.50441, 53.50657], [-113.504419, 53.507726], [-113.50441, 53.50847], [-113.50441, 53.509683], [-113.50443, 53.51132], [-113.503912, 53.51226], [-113.50259, 53.51227], [-113.49811, 53.51236], [-113.49768, 53.5121], [-113.49771, 53.51129], [-113.49772, 53.50969], [-113.49772, 53.50925], [-113.497721, 53.50844], [-113.49772, 53.50762], [-113.49772, 53.50612], [-113.497731, 53.50544], [-113.497721, 53.50411], [-113.49773, 53.50319], [-113.49772, 53.50253], [-113.49772, 53.50158], [-113.49772, 53.5005], [-113.49772, 53.4998], [-113.49651, 53.4998], [-113.495369, 53.4998], [-113.493941, 53.4998], [-113.491479, 53.4998], [-113.48985, 53.49979], [-113.48829, 53.49979], [-113.4873, 53.4998], [-113.48615, 53.4998], [-113.48615, 53.50048], [-113.486151, 53.50126], [-113.486159, 53.50191], [-113.48617, 53.50287], [-113.48617, 53.50339], [-113.48615, 53.50434], [-113.48615, 53.50528], [-113.486159, 53.50616], [-113.48616, 53.50688], [-113.486159, 53.50727], [-113.486141, 53.50807], [-113.48607, 53.5088], [-113.48606, 53.50948], [-113.486059, 53.51043], [-113.48606, 53.51138], [-113.48607, 53.51229], [-113.48607, 53.51326], [-113.486059, 53.5138], [-113.48605, 53.51469], [-113.48604, 53.51553], [-113.48604, 53.51577], [-113.486151, 53.5161], [-113.48615, 53.5165], [-113.48616, 53.51679], [-113.48617, 53.51752], [-113.48617, 53.51802], [-113.485096, 53.51802], [-113.479719, 53.51801], [-113.47809, 53.518], [-113.476691, 53.51751], [-113.476699, 53.51704], [-113.47673, 53.51562], [-113.476741, 53.51515], [-113.476749, 53.5142], [-113.476746, 53.513887], [-113.47674, 53.51325], [-113.47657, 53.51202], [-113.476491, 53.51184], [-113.47648, 53.51087], [-113.476469, 53.51038], [-113.47646, 53.509203], [-113.47646, 53.50848], [-113.476444, 53.507268], [-113.476439, 53.50658], [-113.47644, 53.50569], [-113.47643, 53.50488], [-113.47643, 53.50439], [-113.47645, 53.50329], [-113.475583, 53.502891], [-113.471479, 53.5029], [-113.469764, 53.502897], [-113.46753, 53.50289], [-113.466029, 53.50287], [-113.465713, 53.502721], [-113.46512, 53.50244], [-113.4641, 53.50196], [-113.463878, 53.501939], [-113.462859, 53.50194], [-113.4609, 53.50194], [-113.46035, 53.50178], [-113.45968, 53.50131], [-113.45851, 53.50048], [-113.45797, 53.50016], [-113.457634, 53.49991], [-113.456371, 53.49901], [-113.45555, 53.49835], [-113.45502, 53.49704], [-113.45312, 53.49725], [-113.452179, 53.49738], [-113.45184, 53.49754], [-113.45065, 53.49842], [-113.448439, 53.49839], [-113.44729, 53.49778], [-113.446129, 53.49813], [-113.44583, 53.49846], [-113.445721, 53.49873], [-113.44578, 53.50009], [-113.444991, 53.50017], [-113.444301, 53.50038]]}, "properties": {"route_id": "656", "route_short_name": "656", "route_long_name": "656 \u2014 Allendale - Strathcona", "category": "Local Bus"}}, {"type": "Feature", "geometry": {"type": "LineString", "coordinates": [[-113.579314, 53.455052], [-113.579981, 53.4552], [-113.581091, 53.45547], [-113.58139, 53.45562], [-113.58128, 53.45595], [-113.581439, 53.45613], [-113.58179, 53.456], [-113.5827, 53.45574], [-113.58536, 53.45655], [-113.586849, 53.45701], [-113.58781, 53.45731], [-113.58807, 53.45753], [-113.58808, 53.45822], [-113.587859, 53.45937], [-113.587679, 53.46008], [-113.58734, 53.46087], [-113.58702, 53.46143], [-113.58662, 53.46199], [-113.58582, 53.46302], [-113.58489, 53.46415], [-113.58389, 53.46529], [-113.58309, 53.46609], [-113.58231, 53.46679], [-113.58158, 53.46744], [-113.581151, 53.46787], [-113.580711, 53.46837], [-113.580339, 53.4689], [-113.580123, 53.469263], [-113.57972, 53.46998], [-113.57882, 53.47144], [-113.57787, 53.47267], [-113.57684, 53.47395], [-113.57615, 53.47461], [-113.57507, 53.4755], [-113.574401, 53.47617], [-113.57385, 53.47689], [-113.573691, 53.47713], [-113.57307, 53.47816], [-113.57253, 53.47896], [-113.57206, 53.47959], [-113.5715, 53.48021], [-113.57085, 53.48086], [-113.570249, 53.4814], [-113.569769, 53.48178], [-113.569269, 53.48206], [-113.568799, 53.48221], [-113.56806, 53.48231], [-113.5669, 53.48234], [-113.56579, 53.48241], [-113.56427, 53.48241], [-113.556271, 53.48244], [-113.55317, 53.48245], [-113.550739, 53.48251], [-113.54854, 53.48263], [-113.544891, 53.48286], [-113.54226, 53.48298], [-113.541081, 53.483], [-113.53603, 53.48302], [-113.528389, 53.48303], [-113.52432, 53.48303], [-113.52385, 53.48303], [-113.52133, 53.483], [-113.51783, 53.48281], [-113.51581, 53.48266], [-113.512931, 53.48239], [-113.5102, 53.48208], [-113.50775, 53.48174], [-113.50545, 53.48135], [-113.50416, 53.48111], [-113.50279, 53.48087], [-113.50178, 53.48067], [-113.50048, 53.48041], [-113.4994, 53.48016], [-113.49796, 53.47981], [-113.49734, 53.47973], [-113.49651, 53.47969], [-113.49561, 53.47968], [-113.49387, 53.47975], [-113.492041, 53.4802], [-113.492039, 53.48068], [-113.49205, 53.48148], [-113.49205, 53.48194], [-113.492049, 53.48225], [-113.492049, 53.48287], [-113.49205, 53.48368], [-113.492051, 53.48467], [-113.49204, 53.48554], [-113.492, 53.48716], [-113.492001, 53.48759], [-113.49201, 53.48841], [-113.492009, 53.48874], [-113.49201, 53.48948], [-113.49201, 53.49045], [-113.49201, 53.4917], [-113.49201, 53.49244], [-113.49201, 53.49296], [-113.492011, 53.49356], [-113.49201, 53.49408], [-113.492011, 53.4947], [-113.49201, 53.49567], [-113.49201, 53.49642], [-113.492, 53.49708], [-113.49205, 53.49773], [-113.49212, 53.49794], [-113.49249, 53.49847], [-113.49314, 53.49905], [-113.49379, 53.49963], [-113.49399, 53.49986], [-113.49419, 53.50023], [-113.49438, 53.50071], [-113.494539, 53.50115], [-113.494631, 53.50159], [-113.494649, 53.50229], [-113.49466, 53.50266], [-113.49466, 53.50341], [-113.49466, 53.50394], [-113.4947, 53.50492], [-113.49479, 53.50593], [-113.494829, 53.5068], [-113.494679, 53.50738], [-113.49437, 53.508], [-113.4942, 53.50843], [-113.49415, 53.50901], [-113.49423, 53.50964], [-113.49434, 53.51034], [-113.49446, 53.51113], [-113.49624, 53.51143], [-113.496969, 53.51155], [-113.4977, 53.51169], [-113.497721, 53.50997], [-113.49772, 53.50953]]}, "properties": {"route_id": "657", "route_short_name": "657", "route_long_name": "657 \u2014 Leger - Strathcona Hs", "category": "Local Bus"}}, {"type": "Feature", "geometry": {"type": "LineString", "coordinates": [[-113.592777, 53.61566], [-113.59191, 53.61561], [-113.5914, 53.6153], [-113.59094, 53.61507], [-113.59084, 53.61341], [-113.59084, 53.61275], [-113.59092, 53.61225], [-113.59122, 53.61176], [-113.59281, 53.61267], [-113.59376, 53.61322], [-113.59476, 53.6138], [-113.595669, 53.61436], [-113.59707, 53.61519], [-113.59855, 53.61603], [-113.60015, 53.6169], [-113.600819, 53.61727], [-113.60161, 53.6177], [-113.60281, 53.61834], [-113.603959, 53.61891], [-113.60534, 53.61965], [-113.606599, 53.62027], [-113.60701, 53.62046], [-113.60785, 53.62084], [-113.60854, 53.62127], [-113.60882, 53.62152], [-113.608869, 53.62175], [-113.608559, 53.62209], [-113.60779, 53.62277], [-113.606891, 53.623528], [-113.60511, 53.625], [-113.60443, 53.62498], [-113.603855, 53.62473], [-113.60227, 53.62403], [-113.600811, 53.62348], [-113.600121, 53.6234], [-113.599309, 53.623437], [-113.598649, 53.6236], [-113.598089, 53.62385], [-113.59756, 53.6244], [-113.596605, 53.625248], [-113.59597, 53.62564], [-113.59339, 53.626989], [-113.59227, 53.62766], [-113.591851, 53.62845], [-113.591855, 53.629372], [-113.58951, 53.63003], [-113.58882, 53.63009], [-113.587909, 53.63036], [-113.587412, 53.630545], [-113.58627, 53.631], [-113.58525, 53.63147], [-113.58437, 53.63211], [-113.58388, 53.63282], [-113.583758, 53.634209], [-113.58377, 53.63485], [-113.58375, 53.63671], [-113.583792, 53.637776], [-113.58404, 53.63847], [-113.584459, 53.63928], [-113.58421, 53.63939], [-113.58315, 53.64008], [-113.582691, 53.64064], [-113.582501, 53.6412], [-113.58246, 53.641485], [-113.582541, 53.64203], [-113.579772, 53.642289], [-113.57879, 53.64234], [-113.57778, 53.64236], [-113.577739, 53.64402], [-113.5777, 53.64443], [-113.577345, 53.645367], [-113.57688, 53.64652], [-113.575219, 53.64784], [-113.574571, 53.64783], [-113.57446, 53.64694], [-113.57263, 53.6459], [-113.57191, 53.64578], [-113.57099, 53.64522], [-113.57099, 53.645109], [-113.570979, 53.64404], [-113.57097, 53.64322], [-113.570949, 53.64237], [-113.57009, 53.64238], [-113.56806, 53.64239], [-113.567296, 53.642398], [-113.5658, 53.63945], [-113.56669, 53.63612], [-113.569664, 53.63611], [-113.57109, 53.63611], [-113.57609, 53.63611], [-113.57802, 53.6361], [-113.578009, 53.63546], [-113.577971, 53.6348], [-113.577941, 53.63416], [-113.577921, 53.6336], [-113.57789, 53.63299], [-113.57774, 53.63214], [-113.577419, 53.63094], [-113.577241, 53.63039], [-113.57686, 53.62939], [-113.57654, 53.62848], [-113.57632, 53.62779], [-113.57617, 53.62713], [-113.57626, 53.62651], [-113.576419, 53.62603], [-113.57677, 53.62547], [-113.57728, 53.6249], [-113.577901, 53.62439], [-113.57859, 53.62396], [-113.5799, 53.62338], [-113.58182, 53.62267], [-113.583789, 53.62195], [-113.585849, 53.6212], [-113.5873, 53.62061], [-113.58851, 53.61991], [-113.58945, 53.61915], [-113.59004, 53.61847], [-113.59055, 53.61759], [-113.590789, 53.61675], [-113.59084, 53.61601], [-113.59177, 53.61535]]}, "properties": {"route_id": "A13", "route_short_name": "A13", "route_long_name": "A13 \u2014 Akinsdale - Campbell", "category": "Local Bus"}}, {"type": "Feature", "geometry": {"type": "LineString", "coordinates": [[-113.444157, 53.500289], [-113.444389, 53.50039], [-113.445229, 53.50012], [-113.445759, 53.49959], [-113.445731, 53.49866], [-113.44596, 53.4983], [-113.44629, 53.49804], [-113.44807, 53.49716], [-113.44858, 53.49684], [-113.449879, 53.496], [-113.45047, 53.49564], [-113.45268, 53.49423], [-113.453091, 53.49402], [-113.45348, 53.49396], [-113.45432, 53.49394], [-113.455031, 53.49539], [-113.45502, 53.49704], [-113.45555, 53.49835], [-113.456371, 53.49901], [-113.45701, 53.49946], [-113.45797, 53.50016], [-113.45811, 53.50053], [-113.456231, 53.50147], [-113.45438, 53.50239], [-113.452721, 53.50322], [-113.453471, 53.503793], [-113.454019, 53.5042], [-113.454589, 53.50464], [-113.45486, 53.50508], [-113.45497, 53.506023], [-113.454969, 53.50674], [-113.45497, 53.50937], [-113.454979, 53.509855], [-113.455019, 53.51178], [-113.455029, 53.51276], [-113.455039, 53.513079], [-113.455059, 53.51419], [-113.455061, 53.51562], [-113.45505, 53.51705], [-113.455, 53.51765], [-113.455009, 53.51808], [-113.45499, 53.51926], [-113.45499, 53.52004], [-113.45499, 53.522393], [-113.45499, 53.52253], [-113.45512, 53.52282], [-113.4554, 53.52315], [-113.456889, 53.52469], [-113.45734, 53.5252], [-113.457611, 53.52585], [-113.45762, 53.5268], [-113.45764, 53.52782], [-113.457631, 53.529124], [-113.45761, 53.53129], [-113.45757, 53.5322], [-113.45759, 53.53268], [-113.457471, 53.53314], [-113.457151, 53.53351], [-113.456309, 53.53454], [-113.45612, 53.53485], [-113.456019, 53.535158], [-113.455991, 53.53529], [-113.45596, 53.5357], [-113.456, 53.5361], [-113.45611, 53.53677], [-113.4561, 53.53702], [-113.45608, 53.53715], [-113.45601, 53.53727], [-113.45581, 53.53741], [-113.4555, 53.53747], [-113.453401, 53.53752], [-113.450119, 53.53754], [-113.449275, 53.537994], [-113.4493, 53.54073], [-113.449299, 53.541579], [-113.4493, 53.54177], [-113.44929, 53.54313], [-113.44929, 53.544982], [-113.449291, 53.54632], [-113.449279, 53.54817], [-113.449876, 53.549351], [-113.45094, 53.54935], [-113.45248, 53.54935], [-113.45323, 53.54935], [-113.45452, 53.54935], [-113.455579, 53.54935], [-113.45688, 53.54934], [-113.45718, 53.54876], [-113.457181, 53.54709]]}, "properties": {"route_id": "636", "route_short_name": "636", "route_long_name": "636 \u2014 Mcnally - Davies", "category": "Local Bus"}}, {"type": "Feature", "geometry": {"type": "LineString", "coordinates": [[-113.51536, 53.457461], [-113.515421, 53.4565], [-113.515779, 53.45646], [-113.515781, 53.45781], [-113.51613, 53.45822], [-113.51611, 53.4597], [-113.516111, 53.46031], [-113.51588, 53.46098], [-113.514954, 53.46114], [-113.51449, 53.46113], [-113.51323, 53.46096], [-113.511878, 53.460562], [-113.511349, 53.46033], [-113.51073, 53.45994], [-113.510287, 53.459498], [-113.50973, 53.4587], [-113.509611, 53.45821], [-113.509669, 53.457701], [-113.509689, 53.45646], [-113.509593, 53.45617], [-113.50915, 53.45562], [-113.50813, 53.45579], [-113.50668, 53.45605], [-113.50555, 53.45641], [-113.50482, 53.45651], [-113.504441, 53.45649], [-113.50288, 53.456201], [-113.50121, 53.45606], [-113.501052, 53.456224], [-113.50011, 53.4568], [-113.499437, 53.457348], [-113.4991, 53.45792], [-113.499079, 53.45865], [-113.49941, 53.459238], [-113.500051, 53.45979], [-113.50147, 53.46033], [-113.50229, 53.46052], [-113.501939, 53.46104], [-113.50169, 53.4614], [-113.50153, 53.46194], [-113.50165, 53.46236], [-113.50218, 53.46297], [-113.502791, 53.463635], [-113.50336, 53.46436], [-113.50385, 53.46558], [-113.50401, 53.46642], [-113.504049, 53.467252], [-113.504039, 53.4678], [-113.504049, 53.468652], [-113.504049, 53.47121], [-113.50405, 53.47177], [-113.504069, 53.47298], [-113.504258, 53.473871], [-113.504489, 53.47415], [-113.505381, 53.47471], [-113.50601, 53.47501], [-113.506672, 53.475294], [-113.50778, 53.47573], [-113.50832, 53.47583], [-113.50972, 53.47586], [-113.511221, 53.47586], [-113.512001, 53.47587], [-113.51576, 53.4759], [-113.51619, 53.47626], [-113.51619, 53.47743], [-113.51793, 53.47821], [-113.51953, 53.47845], [-113.51979, 53.47918], [-113.52061, 53.47942]]}, "properties": {"route_id": "660", "route_short_name": "660", "route_long_name": "660 \u2014 Century Park - Harry Ainlay", "category": "Local Bus"}}, {"type": "Feature", "geometry": {"type": "LineString", "coordinates": [[-113.475454, 53.592156], [-113.470859, 53.59219], [-113.470367, 53.592162], [-113.468189, 53.59217], [-113.46719, 53.59228], [-113.467194, 53.592637], [-113.46721, 53.5932], [-113.46723, 53.59486], [-113.467248, 53.595717], [-113.467269, 53.59686], [-113.46729, 53.59869], [-113.4673, 53.59907], [-113.46731, 53.59965], [-113.467314, 53.59993], [-113.467357, 53.60178], [-113.46736, 53.60236], [-113.46738, 53.60377], [-113.467379, 53.60505], [-113.46738, 53.60646], [-113.46738, 53.607297], [-113.46738, 53.608], [-113.46737, 53.60979], [-113.467359, 53.610837], [-113.46736, 53.61227], [-113.467361, 53.61434], [-113.46735, 53.61519], [-113.46734, 53.61598], [-113.46869, 53.61598], [-113.47109, 53.61595], [-113.47373, 53.61593], [-113.47508, 53.61581], [-113.47625, 53.61568], [-113.476441, 53.61636], [-113.47642, 53.61693], [-113.476331, 53.61718], [-113.475771, 53.61786], [-113.4754, 53.61828], [-113.47521, 53.6186], [-113.475112, 53.619189], [-113.47513, 53.61981], [-113.47556, 53.62046], [-113.475233, 53.620891], [-113.47459, 53.62102], [-113.47323, 53.62103], [-113.47208, 53.62085], [-113.4702, 53.62075], [-113.46941, 53.62075], [-113.4683, 53.62077], [-113.46734, 53.62079], [-113.466001, 53.6208], [-113.46536, 53.62081], [-113.46363, 53.62134], [-113.463019, 53.62158], [-113.462571, 53.6218], [-113.46204, 53.62241], [-113.461989, 53.623317], [-113.462, 53.62433], [-113.46187, 53.62499], [-113.461447, 53.625617], [-113.46081, 53.62615], [-113.4606, 53.62629], [-113.45911, 53.6268], [-113.458339, 53.62693], [-113.456429, 53.627], [-113.454482, 53.62716], [-113.453159, 53.62736], [-113.45184, 53.62758], [-113.450874, 53.62761], [-113.449591, 53.62746], [-113.44848, 53.62695], [-113.448189, 53.62654], [-113.448176, 53.625703], [-113.44814, 53.62508], [-113.44798, 53.624709], [-113.44718, 53.62335], [-113.44709, 53.623124], [-113.44709, 53.62237], [-113.447279, 53.62191], [-113.44778, 53.621205], [-113.447931, 53.62099], [-113.448619, 53.62009], [-113.448595, 53.619497], [-113.44799, 53.61933], [-113.44636, 53.61937], [-113.445799, 53.619419], [-113.443759, 53.61947], [-113.442791, 53.61947], [-113.441965, 53.61948], [-113.44156, 53.61948], [-113.440099, 53.61931], [-113.438641, 53.62082], [-113.43819, 53.62131], [-113.437611, 53.62212], [-113.43758, 53.62227], [-113.437609, 53.62279], [-113.438051, 53.62347], [-113.439364, 53.62449], [-113.44012, 53.62549], [-113.44022, 53.62598], [-113.43895, 53.62724], [-113.436845, 53.627383], [-113.43469, 53.62738], [-113.43195, 53.62734], [-113.431401, 53.62737], [-113.43058, 53.62747], [-113.430188, 53.627042], [-113.42925, 53.62596], [-113.429185, 53.625167], [-113.42932, 53.6247], [-113.43002, 53.62395], [-113.43071, 53.62329], [-113.429869, 53.6232], [-113.42725, 53.62318], [-113.425632, 53.623395], [-113.425311, 53.62344], [-113.423329, 53.62362], [-113.422445, 53.623674], [-113.42198, 53.62369], [-113.420319, 53.62366], [-113.41939, 53.62357], [-113.418801, 53.623501], [-113.418169, 53.62206], [-113.41849, 53.6215], [-113.418951, 53.62109], [-113.41645, 53.62016], [-113.41457, 53.61946], [-113.411841, 53.6189], [-113.40953, 53.61877], [-113.40896, 53.61878], [-113.407564, 53.618877], [-113.405911, 53.61932], [-113.404606, 53.620091], [-113.404011, 53.62061], [-113.40365, 53.62112], [-113.403551, 53.621353], [-113.40336, 53.62182], [-113.402935, 53.623041], [-113.40281, 53.62352], [-113.402699, 53.62411], [-113.4029, 53.62465], [-113.40316, 53.624916], [-113.40478, 53.6258], [-113.40539, 53.62611], [-113.40586, 53.62658], [-113.40592, 53.62771], [-113.405529, 53.62848]]}, "properties": {"route_id": "612", "route_short_name": "612", "route_long_name": "612 \u2014 O'Leary - Brintnell", "category": "Local Bus"}}, {"type": "Feature", "geometry": {"type": "LineString", "coordinates": [[-113.556041, 53.592684], [-113.55483, 53.5926], [-113.553491, 53.5923], [-113.552862, 53.59222], [-113.54964, 53.5922], [-113.548326, 53.5922], [-113.54555, 53.59219], [-113.543849, 53.592188], [-113.5412, 53.59249], [-113.54119, 53.59297], [-113.54119, 53.59367], [-113.54119, 53.594542], [-113.54119, 53.59523], [-113.54119, 53.596766], [-113.5412, 53.59741], [-113.54119, 53.59788], [-113.54111, 53.59818], [-113.54111, 53.59884], [-113.541081, 53.5996], [-113.54108, 53.59996], [-113.54108, 53.60034], [-113.54108, 53.60064], [-113.54109, 53.60126], [-113.54112, 53.60207], [-113.54117, 53.60317], [-113.541199, 53.60398], [-113.54163, 53.60416], [-113.542114, 53.604198], [-113.54297, 53.60423], [-113.544029, 53.60451], [-113.544572, 53.604824], [-113.54567, 53.60595], [-113.546799, 53.60672], [-113.54711, 53.606892], [-113.54821, 53.6073], [-113.54958, 53.60753], [-113.551324, 53.607619], [-113.55299, 53.60765], [-113.555599, 53.60797], [-113.556206, 53.608046], [-113.55779, 53.60812], [-113.560029, 53.60813], [-113.560261, 53.60855], [-113.56069, 53.60928], [-113.560921, 53.6099], [-113.560933, 53.610935], [-113.560491, 53.61216], [-113.55998, 53.612982], [-113.560101, 53.61364], [-113.5601, 53.61409], [-113.55953, 53.61462], [-113.558791, 53.61463], [-113.557026, 53.614918], [-113.557059, 53.61587], [-113.557812, 53.616329], [-113.55936, 53.61613], [-113.559821, 53.61614], [-113.56071, 53.61625], [-113.56145, 53.61641], [-113.562459, 53.61687], [-113.56288, 53.6173], [-113.562999, 53.61754], [-113.56302, 53.61801], [-113.56273, 53.61872], [-113.562286, 53.61927], [-113.561171, 53.62047], [-113.56084, 53.62143], [-113.560861, 53.622228], [-113.560824, 53.624555], [-113.560801, 53.62539], [-113.560781, 53.62572], [-113.55984, 53.62637], [-113.55731, 53.62683], [-113.55652, 53.6268], [-113.55566, 53.62677], [-113.553726, 53.626713], [-113.5528, 53.62671], [-113.550928, 53.626758], [-113.548541, 53.62691], [-113.546931, 53.626434], [-113.547149, 53.62569], [-113.54745, 53.624336], [-113.54635, 53.62384], [-113.54479, 53.62344], [-113.54331, 53.62345], [-113.542739, 53.623592], [-113.54128, 53.62373], [-113.540651, 53.62373], [-113.539629, 53.62373], [-113.53875, 53.62371], [-113.53796, 53.62381], [-113.537821, 53.62395], [-113.53714, 53.62442], [-113.53575, 53.62489], [-113.535386, 53.625005], [-113.53402, 53.62556], [-113.533088, 53.626291], [-113.53252, 53.62682], [-113.531345, 53.627537], [-113.530269, 53.62773], [-113.52814, 53.62773], [-113.52692, 53.62773], [-113.52639, 53.6276], [-113.524479, 53.62655], [-113.52218, 53.6266], [-113.521751, 53.62737], [-113.52163, 53.62852], [-113.52166, 53.629496], [-113.52166, 53.63041], [-113.52163, 53.630974], [-113.52165, 53.63147], [-113.52183, 53.63226], [-113.522051, 53.632769], [-113.522591, 53.63371], [-113.523209, 53.63463], [-113.523551, 53.63506], [-113.52463, 53.63644], [-113.524969, 53.63703], [-113.526111, 53.63787], [-113.529541, 53.63781], [-113.5308, 53.63781], [-113.53176, 53.63771], [-113.532391, 53.63755], [-113.53345, 53.63703], [-113.533744, 53.636857], [-113.53459, 53.63612], [-113.53481, 53.63558], [-113.53484, 53.634503], [-113.53491, 53.6337], [-113.53578, 53.63279], [-113.5364, 53.6325], [-113.53887, 53.63222]]}, "properties": {"route_id": "618", "route_short_name": "618", "route_long_name": "618 \u2014 Sir John Thompson - Rapperswill", "category": "Local Bus"}}, {"type": "Feature", "geometry": {"type": "LineString", "coordinates": [[-113.476494, 53.59215], [-113.47971, 53.59213], [-113.48063, 53.59212], [-113.482673, 53.592107], [-113.48659, 53.59209], [-113.488741, 53.592081], [-113.489751, 53.59213], [-113.49203, 53.59212], [-113.49294, 53.59208], [-113.493401, 53.59207], [-113.49546, 53.59204], [-113.49636, 53.59204], [-113.497249, 53.59204], [-113.501134, 53.592079], [-113.506591, 53.5921], [-113.50842, 53.59209], [-113.514047, 53.592113], [-113.51437, 53.59212], [-113.51648, 53.59217], [-113.516503, 53.593027], [-113.516539, 53.5941], [-113.516559, 53.59512], [-113.51657, 53.59538], [-113.516601, 53.59654], [-113.51662, 53.5984], [-113.516621, 53.598703], [-113.51662, 53.59945], [-113.51664, 53.60026], [-113.516639, 53.60041], [-113.51663, 53.60107], [-113.516619, 53.60203], [-113.516639, 53.6028], [-113.516639, 53.60584], [-113.516629, 53.607413], [-113.51663, 53.60812], [-113.51664, 53.61145], [-113.516635, 53.612539], [-113.51663, 53.61301], [-113.51661, 53.6137], [-113.5166, 53.61471], [-113.516591, 53.61514], [-113.51661, 53.61554], [-113.51668, 53.61595], [-113.516569, 53.6162], [-113.516319, 53.61653], [-113.51651, 53.6169], [-113.51705, 53.61686], [-113.51728, 53.61728], [-113.51759, 53.61772], [-113.517754, 53.617936], [-113.51827, 53.61857], [-113.51875, 53.61927], [-113.51887, 53.61951], [-113.51913, 53.62028], [-113.519191, 53.62106], [-113.51909, 53.62178], [-113.518911, 53.6223], [-113.51866, 53.62279], [-113.518482, 53.623063], [-113.51802, 53.62362], [-113.51749, 53.62411], [-113.51682, 53.6246], [-113.516231, 53.62495], [-113.51558, 53.62528], [-113.5147, 53.6257], [-113.514419, 53.62603], [-113.515129, 53.62648], [-113.51568, 53.62669], [-113.51617, 53.62712], [-113.51646, 53.62748], [-113.51654, 53.62773], [-113.516541, 53.62877], [-113.51772, 53.62878], [-113.51999, 53.62878], [-113.52166, 53.62925], [-113.52166, 53.6299], [-113.52163, 53.630974], [-113.52165, 53.63136], [-113.52177, 53.63204], [-113.522051, 53.632769], [-113.52254, 53.63362], [-113.52294, 53.63427], [-113.523364, 53.634825], [-113.52433, 53.63605], [-113.524768, 53.636679], [-113.52535, 53.63787], [-113.528231, 53.63785], [-113.530011, 53.63781], [-113.53136, 53.63777], [-113.53225, 53.63759], [-113.532869, 53.63733], [-113.533744, 53.636857], [-113.53441, 53.63636], [-113.53473, 53.63586], [-113.53484, 53.63478], [-113.534839, 53.63404], [-113.53527, 53.63314], [-113.536135, 53.632623], [-113.537869, 53.63223], [-113.539337, 53.632273]]}, "properties": {"route_id": "624", "route_short_name": "624", "route_long_name": "624 \u2014 O'Leary - Rapperswill", "category": "Local Bus"}}, {"type": "Feature", "geometry": {"type": "LineString", "coordinates": [[-113.552453, 53.40823], [-113.54817, 53.40799], [-113.542859, 53.40536], [-113.540438, 53.406917], [-113.538429, 53.40826], [-113.53688, 53.40923], [-113.537789, 53.40974], [-113.539761, 53.41089], [-113.54014, 53.4111], [-113.54008, 53.41386], [-113.53833, 53.41394], [-113.53799, 53.41395], [-113.536311, 53.41406], [-113.53444, 53.41502], [-113.53482, 53.41529], [-113.53522, 53.41611], [-113.535515, 53.416786], [-113.53612, 53.41772], [-113.53633, 53.4188], [-113.53634, 53.41982], [-113.536149, 53.42073], [-113.53565, 53.42141], [-113.53529, 53.42171], [-113.53467, 53.42202], [-113.53423, 53.4222], [-113.53328, 53.42253], [-113.532519, 53.42265], [-113.53158, 53.42267], [-113.53031, 53.42258], [-113.529359, 53.42259], [-113.528561, 53.42258], [-113.528572, 53.423002], [-113.528591, 53.42475], [-113.528595, 53.425343], [-113.52868, 53.42616], [-113.528684, 53.427505], [-113.52868, 53.4285], [-113.52834, 53.42874], [-113.52799, 53.42875], [-113.52747, 53.42881], [-113.526561, 53.42901], [-113.525418, 53.429024], [-113.52189, 53.42903], [-113.52048, 53.42902]]}, "properties": {"route_id": "659", "route_short_name": "659", "route_long_name": "659 \u2014 Fr. M. Mccaffery - Macewan", "category": "Local Bus"}}, {"type": "Feature", "geometry": {"type": "LineString", "coordinates": [[-113.429498, 53.457127], [-113.42867, 53.45722], [-113.42786, 53.45756], [-113.427249, 53.45739], [-113.42649, 53.45695], [-113.42536, 53.45629], [-113.42491, 53.45592], [-113.42456, 53.45499], [-113.424221, 53.45412], [-113.42307, 53.45427], [-113.42155, 53.45447], [-113.42101, 53.45454], [-113.420081, 53.45466], [-113.41893, 53.45482], [-113.418219, 53.45491], [-113.4162, 53.45515], [-113.414899, 53.45526], [-113.41428, 53.4553], [-113.41206, 53.45537], [-113.409969, 53.45533], [-113.40837, 53.45525], [-113.40785, 53.45521], [-113.40743, 53.45517], [-113.40624, 53.45504], [-113.40451, 53.45479], [-113.40281, 53.45452], [-113.40086, 53.45422], [-113.39868, 53.4539], [-113.398261, 53.45385], [-113.39712, 53.4538], [-113.39589, 53.4538], [-113.39394, 53.45383], [-113.393093, 53.453822], [-113.39193, 53.45382], [-113.39046, 53.45391], [-113.38829, 53.45396], [-113.38643, 53.45401], [-113.385789, 53.45403], [-113.3845, 53.45406], [-113.3838, 53.45407], [-113.382749, 53.45406], [-113.381121, 53.45405], [-113.379778, 53.454049], [-113.378999, 53.45405], [-113.377274, 53.45405], [-113.37591, 53.45406], [-113.374471, 53.45406], [-113.37155, 53.45408], [-113.36958, 53.45411], [-113.369, 53.45503], [-113.36895, 53.45571], [-113.36893, 53.45653], [-113.369569, 53.45687], [-113.36937, 53.457717]]}, "properties": {"route_id": "646", "route_short_name": "646", "route_long_name": "646 \u2014 Elder Dr. Whiskeyjack - Mill Woods", "category": "Local Bus"}}, {"type": "Feature", "geometry": {"type": "LineString", "coordinates": [[-113.580561, 53.455565], [-113.579909, 53.4554], [-113.57925, 53.45528], [-113.57892, 53.45514], [-113.579139, 53.45501], [-113.579981, 53.4552], [-113.581091, 53.45547], [-113.58139, 53.45562], [-113.58128, 53.45595], [-113.581439, 53.45613], [-113.58185, 53.45634], [-113.58239, 53.4568], [-113.58283, 53.45693], [-113.58404, 53.45743], [-113.5846, 53.45777], [-113.58558, 53.45903], [-113.58537, 53.45938], [-113.58443, 53.45978], [-113.58277, 53.45968], [-113.581109, 53.45907], [-113.58048, 53.4588], [-113.578911, 53.45836], [-113.578036, 53.458334], [-113.57747, 53.45835], [-113.576841, 53.45848], [-113.576631, 53.4587], [-113.57605, 53.45923], [-113.575171, 53.459985], [-113.5724, 53.46017], [-113.570703, 53.46016], [-113.569149, 53.46015], [-113.567979, 53.46017], [-113.566877, 53.459851], [-113.56657, 53.45942], [-113.56631, 53.45894], [-113.565951, 53.4586], [-113.565375, 53.458668], [-113.56301, 53.458783], [-113.56063, 53.45882], [-113.559369, 53.45948], [-113.55937, 53.46025], [-113.559577, 53.460664], [-113.55956, 53.46098], [-113.55931, 53.46203], [-113.55926, 53.46305], [-113.55952, 53.46351], [-113.56006, 53.46376], [-113.56082, 53.46383], [-113.562509, 53.46398], [-113.56293, 53.46403], [-113.563871, 53.4641], [-113.5656, 53.4639], [-113.567365, 53.463431], [-113.56915, 53.46304], [-113.569385, 53.463346], [-113.57011, 53.46419], [-113.570959, 53.46492], [-113.57168, 53.46541], [-113.57155, 53.4665], [-113.57195, 53.46677], [-113.57205, 53.46695], [-113.57197, 53.46743], [-113.571941, 53.46766], [-113.57222, 53.46815], [-113.57241, 53.46827], [-113.57215, 53.46918], [-113.571869, 53.46996], [-113.57175, 53.47145], [-113.57191, 53.47211], [-113.571959, 53.4727], [-113.57169, 53.47308], [-113.571526, 53.473257], [-113.571291, 53.47358], [-113.571159, 53.47406], [-113.571289, 53.4746], [-113.57047, 53.47477], [-113.56951, 53.47499], [-113.568469, 53.475422], [-113.56712, 53.47612], [-113.56612, 53.476572], [-113.56522, 53.4769], [-113.56465, 53.47724], [-113.564349, 53.47778], [-113.56442, 53.47854], [-113.564839, 53.47906], [-113.565582, 53.479339], [-113.566611, 53.47953], [-113.567771, 53.47967], [-113.56856, 53.47957], [-113.56975, 53.47912], [-113.57016, 53.47887], [-113.570831, 53.47812], [-113.571871, 53.47717], [-113.57197, 53.47699], [-113.57207, 53.47641], [-113.57212, 53.47561], [-113.572711, 53.475677], [-113.57327, 53.47583], [-113.573881, 53.47606], [-113.57577, 53.47663], [-113.57647, 53.47682], [-113.57719, 53.477], [-113.5782, 53.477232], [-113.578741, 53.47735], [-113.58156, 53.47805], [-113.58166, 53.47841], [-113.581231, 53.47887], [-113.580601, 53.47967], [-113.580348, 53.480193], [-113.57979, 53.48136], [-113.579318, 53.482339], [-113.57861, 53.48383], [-113.57847, 53.48414], [-113.57791, 53.48541], [-113.577757, 53.486175], [-113.57767, 53.4873], [-113.57768, 53.488145], [-113.57777, 53.48943], [-113.57734, 53.4902], [-113.57497, 53.49034]]}, "properties": {"route_id": "650", "route_short_name": "650", "route_long_name": "650 \u2014 Riverbend School - Leger", "category": "Local Bus"}}, {"type": "Feature", "geometry": {"type": "LineString", "coordinates": [[-113.51603, 53.486195], [-113.516041, 53.48525], [-113.5162, 53.48461], [-113.51657, 53.48478], [-113.51658, 53.48554], [-113.516541, 53.48646], [-113.5165, 53.48753], [-113.51649, 53.48829], [-113.51832, 53.48829], [-113.519819, 53.48831], [-113.5203, 53.48831], [-113.52277, 53.48831], [-113.524039, 53.48901], [-113.524011, 53.49009], [-113.52407, 53.49062]]}, "properties": {"route_id": "651", "route_short_name": "651", "route_long_name": "651 \u2014 Avalon - Southgate", "category": "Local Bus"}}, {"type": "Feature", "geometry": {"type": "LineString", "coordinates": [[-113.528671, 53.502772], [-113.529099, 53.50217], [-113.52901, 53.50194], [-113.52846, 53.50191], [-113.52777, 53.50189], [-113.5269, 53.50181], [-113.52555, 53.50177], [-113.52297, 53.50176], [-113.52275, 53.50323], [-113.52275, 53.50494], [-113.52282, 53.50607], [-113.52321, 53.50676], [-113.52408, 53.50774], [-113.524529, 53.50824], [-113.52526, 53.50905], [-113.52562, 53.50963], [-113.525711, 53.50992], [-113.52575, 53.51043], [-113.525761, 53.51179], [-113.524409, 53.51224], [-113.52297, 53.51224], [-113.5221, 53.51224], [-113.51867, 53.51227], [-113.516619, 53.51228], [-113.51432, 53.51227], [-113.510651, 53.51229], [-113.507241, 53.51229], [-113.50504, 53.51226], [-113.50259, 53.51227], [-113.49811, 53.51236], [-113.49768, 53.5121], [-113.49771, 53.51129], [-113.49772, 53.50969], [-113.49772, 53.50925]]}, "properties": {"route_id": "655", "route_short_name": "655", "route_long_name": "655 \u2014 Strathcona - South Campus", "category": "Local Bus"}}, {"type": "Feature", "geometry": {"type": "LineString", "coordinates": [[-113.372924, 53.463499], [-113.375615, 53.463885], [-113.37618, 53.46386], [-113.37708, 53.46353], [-113.377569, 53.46299], [-113.377627, 53.46194], [-113.377621, 53.46124], [-113.3776, 53.45997], [-113.377471, 53.45934], [-113.377019, 53.45869], [-113.376781, 53.45834], [-113.376949, 53.45793], [-113.37752, 53.4574], [-113.378731, 53.45709], [-113.37989, 53.45709], [-113.382233, 53.457099], [-113.38483, 53.4571], [-113.386142, 53.457555], [-113.38633, 53.45767], [-113.38655, 53.45819], [-113.386191, 53.458995], [-113.38602, 53.45931], [-113.38596, 53.46058], [-113.386, 53.46093], [-113.386341, 53.46175], [-113.387329, 53.46251], [-113.387785, 53.462632], [-113.39002, 53.46318], [-113.39126, 53.46345], [-113.391702, 53.463513], [-113.39296, 53.46355], [-113.393828, 53.464033], [-113.39382, 53.46487], [-113.39379, 53.46613], [-113.39376, 53.467], [-113.39362, 53.46764], [-113.38919, 53.46762], [-113.38884, 53.46692], [-113.388376, 53.466516], [-113.38744, 53.46578], [-113.38671, 53.46538], [-113.386016, 53.465243], [-113.38482, 53.46525], [-113.384289, 53.46541], [-113.3835, 53.46572], [-113.379744, 53.46729], [-113.37849, 53.46761], [-113.37625, 53.46764], [-113.37488, 53.46761], [-113.37309, 53.46749], [-113.372152, 53.467871], [-113.37208, 53.46836], [-113.37188, 53.46894], [-113.371585, 53.469722], [-113.37157, 53.47002], [-113.371609, 53.47114], [-113.37167, 53.47181], [-113.37172, 53.47202], [-113.37198, 53.47247], [-113.373829, 53.47268], [-113.374088, 53.472635], [-113.375159, 53.47277], [-113.3765, 53.47296], [-113.376949, 53.472937], [-113.37981, 53.4724], [-113.38053, 53.47231], [-113.38163, 53.47226], [-113.384113, 53.47226], [-113.385501, 53.47227], [-113.386971, 53.47226], [-113.38747, 53.47332], [-113.38842, 53.47328], [-113.390341, 53.47305], [-113.392284, 53.472993], [-113.39272, 53.47299], [-113.39444, 53.47299], [-113.395121, 53.472982], [-113.39761, 53.47291], [-113.398462, 53.472822], [-113.3998, 53.47267], [-113.401177, 53.472347], [-113.402109, 53.47201], [-113.403559, 53.47129], [-113.40382, 53.47136], [-113.404597, 53.471917], [-113.406266, 53.473112], [-113.406569, 53.4734], [-113.406769, 53.47385], [-113.406788, 53.474668], [-113.40682, 53.47591], [-113.407219, 53.47647], [-113.407902, 53.476959], [-113.409, 53.47785], [-113.40937, 53.47853], [-113.40947, 53.47948], [-113.40949, 53.48031], [-113.409809, 53.48108], [-113.41066, 53.48167], [-113.41164, 53.48195], [-113.41218, 53.482], [-113.41497, 53.482], [-113.416121, 53.48198], [-113.41758, 53.48195], [-113.41795, 53.48211], [-113.418051, 53.482348], [-113.41805, 53.48368], [-113.418041, 53.48505], [-113.41804, 53.48562], [-113.418039, 53.48624], [-113.418061, 53.48668], [-113.4181, 53.48778], [-113.41808, 53.48831], [-113.418071, 53.4888], [-113.41807, 53.48954], [-113.41809, 53.49092], [-113.418101, 53.49189], [-113.418099, 53.49363], [-113.4181, 53.49412], [-113.4181, 53.49499], [-113.41811, 53.49595], [-113.41812, 53.49927], [-113.41813, 53.50229], [-113.41814, 53.50489], [-113.41815, 53.50581], [-113.418159, 53.50719], [-113.41819, 53.50871], [-113.4182, 53.5092], [-113.41824, 53.51087], [-113.418271, 53.51174], [-113.418291, 53.51281], [-113.4183, 53.51345], [-113.41832, 53.51427], [-113.418329, 53.51481], [-113.418279, 53.51605], [-113.418311, 53.51773], [-113.41831, 53.5181], [-113.41846, 53.52083], [-113.41847, 53.52127], [-113.418482, 53.522077], [-113.41849, 53.52249], [-113.4185, 53.52353], [-113.418541, 53.52549], [-113.41855, 53.52635], [-113.41856, 53.527595], [-113.418549, 53.52849], [-113.418519, 53.53035], [-113.41852, 53.53082], [-113.41851, 53.53345], [-113.4185, 53.534274], [-113.418489, 53.53606], [-113.41846, 53.53709], [-113.41845, 53.537948], [-113.418451, 53.53834], [-113.41845, 53.53912], [-113.418449, 53.53963], [-113.418449, 53.54029], [-113.41845, 53.54066], [-113.41846, 53.54171], [-113.41846, 53.54202], [-113.418459, 53.542309], [-113.418458, 53.544982], [-113.41844, 53.54745], [-113.41843, 53.54897], [-113.41842, 53.55047], [-113.418691, 53.55143], [-113.419389, 53.551408], [-113.419569, 53.55139], [-113.42006, 53.55129], [-113.420901, 53.55103], [-113.422221, 53.550599], [-113.422669, 53.55046], [-113.423779, 53.55016], [-113.42491, 53.5499], [-113.4263, 53.54965], [-113.42681, 53.54958], [-113.428111, 53.54944], [-113.42895, 53.549372], [-113.43001, 53.54932], [-113.43123, 53.5493], [-113.431729, 53.54934], [-113.4321, 53.54934], [-113.433204, 53.54934], [-113.43573, 53.54937], [-113.437681, 53.54939], [-113.439481, 53.5494], [-113.441231, 53.54941], [-113.442379, 53.54939], [-113.442989, 53.54935], [-113.443628, 53.549349], [-113.443849, 53.54935], [-113.44537, 53.54935], [-113.44665, 53.54935], [-113.447164, 53.549351], [-113.44848, 53.54935], [-113.449876, 53.549351], [-113.45094, 53.54935], [-113.45248, 53.54935], [-113.45323, 53.54935], [-113.45452, 53.54935], [-113.455579, 53.54935], [-113.45688, 53.54934], [-113.45718, 53.54876], [-113.457181, 53.54709]]}, "properties": {"route_id": "635", "route_short_name": "635", "route_long_name": "635 \u2014 Mcnally - Silver Berry", "category": "Local Bus"}}, {"type": "Feature", "geometry": {"type": "LineString", "coordinates": [[-113.372733, 53.46749], [-113.37425, 53.46761], [-113.375473, 53.467623], [-113.37767, 53.46762], [-113.37849, 53.46761], [-113.38139, 53.4666], [-113.3835, 53.46572], [-113.384289, 53.46541], [-113.38482, 53.46525], [-113.386571, 53.46533], [-113.38723, 53.46564], [-113.388113, 53.466316], [-113.38865, 53.46673], [-113.38914, 53.46741], [-113.392097, 53.467633], [-113.39394, 53.46768], [-113.393952, 53.467234], [-113.39396, 53.46678], [-113.394, 53.4657], [-113.39403, 53.46454], [-113.39403, 53.46348], [-113.39159, 53.46343], [-113.39083, 53.46338], [-113.39041, 53.46329], [-113.38865, 53.46286], [-113.38692, 53.46227], [-113.386591, 53.462046], [-113.386031, 53.46101], [-113.38596, 53.460331], [-113.38597, 53.45949], [-113.38646, 53.45861], [-113.386549, 53.458247], [-113.38644, 53.45785], [-113.385711, 53.4573], [-113.385183, 53.457161], [-113.382979, 53.4571], [-113.38114, 53.457096], [-113.37841, 53.45709], [-113.37711, 53.45765], [-113.37698, 53.457858], [-113.37694, 53.45857], [-113.37727, 53.45904], [-113.377437, 53.459286], [-113.37755, 53.45956], [-113.37761, 53.46083], [-113.377621, 53.46124], [-113.37763, 53.46283], [-113.37731, 53.46335], [-113.37708, 53.46353], [-113.37618, 53.46386], [-113.373761, 53.46353], [-113.372439, 53.46348], [-113.370649, 53.46347], [-113.368867, 53.463125], [-113.36887, 53.46273], [-113.368881, 53.46147], [-113.368881, 53.46067], [-113.368901, 53.45942], [-113.36892, 53.457119]]}, "properties": {"route_id": "644", "route_short_name": "644", "route_long_name": "644 \u2014 Elder Dr. Whiskeyjack - Silverberry - Wild Rose", "category": "Local Bus"}}, {"type": "Feature", "geometry": {"type": "LineString", "coordinates": [[-113.368112, 53.478565], [-113.368069, 53.47889], [-113.36737, 53.47894], [-113.36704, 53.47911], [-113.367589, 53.47937], [-113.36883, 53.47938], [-113.36896, 53.479], [-113.36894, 53.47859], [-113.36889, 53.47763], [-113.36887, 53.47714], [-113.36887, 53.47673], [-113.36886, 53.476382], [-113.36886, 53.47594], [-113.36884, 53.47508], [-113.36883, 53.474], [-113.368851, 53.47304], [-113.368864, 53.472139], [-113.36888, 53.47137], [-113.368881, 53.47042], [-113.36887, 53.47002], [-113.368801, 53.46972], [-113.36882, 53.46879], [-113.36883, 53.46806], [-113.368845, 53.467102], [-113.36886, 53.46634], [-113.36887, 53.46496], [-113.36886, 53.46346], [-113.368871, 53.46287], [-113.36887, 53.46222], [-113.368879, 53.46105], [-113.36889, 53.45984], [-113.3689, 53.45811]]}, "properties": {"route_id": "645", "route_short_name": "645", "route_long_name": "645 \u2014 Elder Dr. Whiskeyjack - Meadows", "category": "Local Bus"}}, {"type": "Feature", "geometry": {"type": "LineString", "coordinates": [[-113.608047, 53.531683], [-113.610289, 53.531716], [-113.61234, 53.53172], [-113.61544, 53.53174], [-113.61718, 53.531726], [-113.617649, 53.53172], [-113.61892, 53.53162], [-113.620009, 53.53143], [-113.62091, 53.5312], [-113.621201, 53.53161], [-113.621281, 53.53227], [-113.62096, 53.53309], [-113.62092, 53.53329], [-113.621071, 53.53368], [-113.62174, 53.53409], [-113.62242, 53.5342], [-113.62304, 53.5342], [-113.624, 53.5342], [-113.62604, 53.53421], [-113.62674, 53.53422], [-113.628479, 53.53453], [-113.6289, 53.53386], [-113.63007, 53.53339], [-113.631783, 53.533773], [-113.6323, 53.53384], [-113.633129, 53.53387], [-113.634779, 53.53387], [-113.636, 53.53368], [-113.637581, 53.53332], [-113.63822, 53.53352], [-113.6387, 53.53363], [-113.63992, 53.53381], [-113.641745, 53.533858], [-113.64484, 53.53369], [-113.645421, 53.533653], [-113.64618, 53.5336], [-113.64754, 53.53334], [-113.64846, 53.53277], [-113.648772, 53.53191], [-113.649139, 53.5305], [-113.649129, 53.52989], [-113.6488, 53.52851], [-113.64859, 53.52805], [-113.64859, 53.52687], [-113.64866, 53.52647], [-113.64907, 53.52487], [-113.649569, 53.5237], [-113.64957, 53.52323], [-113.64925, 53.52235]]}, "properties": {"route_id": "676", "route_short_name": "676", "route_long_name": "676 \u2014 Alex Janvier - St. Thomas More - La Perle", "category": "Local Bus"}}, {"type": "Feature", "geometry": {"type": "LineString", "coordinates": [[-113.592777, 53.61566], [-113.59191, 53.61561], [-113.5914, 53.6153], [-113.590641, 53.61603], [-113.59059, 53.61675], [-113.5904, 53.61744], [-113.5899, 53.61837], [-113.58917, 53.61919], [-113.588099, 53.62001], [-113.586759, 53.62071], [-113.5837, 53.62185], [-113.58147, 53.62266], [-113.579409, 53.62344], [-113.57857, 53.62383], [-113.577711, 53.62435], [-113.57695, 53.62501], [-113.576599, 53.62543], [-113.57623, 53.62605], [-113.57601, 53.62673], [-113.57595, 53.62737], [-113.57599, 53.62801], [-113.57623, 53.62866], [-113.57663, 53.62975], [-113.577, 53.63072], [-113.577329, 53.63149], [-113.57755, 53.63214], [-113.577741, 53.63315], [-113.57781, 53.63422], [-113.57784, 53.635], [-113.57784, 53.63546], [-113.5776, 53.63588], [-113.57608, 53.63603], [-113.573667, 53.636018], [-113.57109, 53.63601], [-113.56899, 53.636], [-113.56731, 53.636], [-113.565849, 53.63613], [-113.5658, 53.6424], [-113.567564, 53.642388], [-113.569191, 53.64238], [-113.570949, 53.64237], [-113.57097, 53.64351], [-113.570979, 53.64404], [-113.57099, 53.64513], [-113.571564, 53.645783], [-113.57191, 53.64578], [-113.57263, 53.6459], [-113.57446, 53.64694], [-113.574571, 53.64783], [-113.575843, 53.647891], [-113.57688, 53.64652], [-113.577209, 53.64621], [-113.577528, 53.645524], [-113.577979, 53.64406], [-113.57871, 53.64235], [-113.580125, 53.642267], [-113.58068, 53.64222], [-113.582471, 53.641575], [-113.58247, 53.64138], [-113.58262, 53.64079], [-113.58293, 53.64031], [-113.58382, 53.63959], [-113.58467, 53.63921], [-113.583921, 53.63826], [-113.583747, 53.63702], [-113.58375, 53.63609], [-113.583765, 53.635523], [-113.58375, 53.63391], [-113.58376, 53.63324], [-113.584279, 53.63222], [-113.58487, 53.63169], [-113.5858, 53.63119], [-113.587129, 53.63066], [-113.587829, 53.63039], [-113.58854, 53.63016], [-113.58927, 53.63004], [-113.59192, 53.63004], [-113.59184, 53.62921], [-113.59206, 53.62786], [-113.593, 53.62719], [-113.59368, 53.62684], [-113.596909, 53.62506], [-113.597249, 53.62476], [-113.597859, 53.62403], [-113.59834, 53.62373], [-113.59939, 53.62342], [-113.60029, 53.62342], [-113.600361, 53.62343], [-113.60159, 53.62372], [-113.60288, 53.6243], [-113.60425, 53.6249], [-113.60488, 53.62518], [-113.60643, 53.62412], [-113.607756, 53.623035], [-113.60794, 53.62289], [-113.60916, 53.6219], [-113.60954, 53.62134], [-113.607849, 53.62057], [-113.60735, 53.62033], [-113.60603, 53.61969], [-113.605501, 53.61943], [-113.604901, 53.61913], [-113.60396, 53.61866], [-113.60301, 53.61819], [-113.602009, 53.61767], [-113.601291, 53.61729], [-113.60065, 53.61695], [-113.60033, 53.61677], [-113.599141, 53.61611], [-113.59812, 53.61554], [-113.59719, 53.615], [-113.5965, 53.6146], [-113.595399, 53.61398], [-113.594209, 53.61328], [-113.59258, 53.61234], [-113.59116, 53.61152], [-113.59076, 53.6121], [-113.59063, 53.61257], [-113.590639, 53.61318], [-113.590639, 53.61476], [-113.59084, 53.61526], [-113.59191, 53.61536]]}, "properties": {"route_id": "A12", "route_short_name": "A12", "route_long_name": "A12 \u2014 Campbell - Akinsdale", "category": "Local Bus"}}, {"type": "Feature", "geometry": {"type": "LineString", "coordinates": [[-113.593357, 53.61566], [-113.59191, 53.61561], [-113.5914, 53.6153], [-113.59094, 53.61507], [-113.59084, 53.61341], [-113.59084, 53.61275], [-113.59092, 53.61225], [-113.59122, 53.61176], [-113.59281, 53.61267], [-113.59376, 53.61322], [-113.59476, 53.6138], [-113.595669, 53.61436], [-113.59707, 53.61519], [-113.59855, 53.61603], [-113.60015, 53.6169], [-113.600819, 53.61727], [-113.60161, 53.6177], [-113.60281, 53.61834], [-113.603959, 53.61891], [-113.60534, 53.61965], [-113.606599, 53.62027], [-113.607499, 53.62068], [-113.6087, 53.62125], [-113.60972, 53.62142], [-113.610699, 53.62062], [-113.611389, 53.62006], [-113.611752, 53.619753], [-113.61249, 53.61915], [-113.613609, 53.61824], [-113.614231, 53.61774], [-113.61482, 53.61725], [-113.61502, 53.61704], [-113.61521, 53.61671], [-113.61524, 53.616301], [-113.61523, 53.61534], [-113.6152, 53.6143], [-113.61661, 53.61419], [-113.620052, 53.61424], [-113.623887, 53.614288], [-113.62569, 53.61431], [-113.631603, 53.6143], [-113.633991, 53.6143], [-113.637861, 53.61429], [-113.63902, 53.6143], [-113.64179, 53.61427], [-113.647189, 53.61428], [-113.647559, 53.61411], [-113.646661, 53.6128], [-113.64634, 53.61216], [-113.64579, 53.61118], [-113.64542, 53.61063], [-113.644611, 53.60933], [-113.64488, 53.60887], [-113.64578, 53.6082], [-113.645249, 53.60775], [-113.64407, 53.60698], [-113.64316, 53.60649], [-113.64288, 53.60638], [-113.64199, 53.60613], [-113.64013, 53.60579], [-113.63894, 53.60572], [-113.63887, 53.60692], [-113.638851, 53.608025], [-113.63654, 53.61078], [-113.636522, 53.610424], [-113.636431, 53.60872], [-113.63617, 53.60815], [-113.635361, 53.6077], [-113.63454, 53.60757], [-113.63235, 53.60762], [-113.631829, 53.607711], [-113.631249, 53.60787], [-113.630281, 53.60841], [-113.629782, 53.608196], [-113.628231, 53.60767], [-113.627185, 53.607666], [-113.62644, 53.60768], [-113.62383, 53.60857], [-113.622511, 53.60914], [-113.62212, 53.60927], [-113.62069, 53.60987], [-113.619861, 53.61048], [-113.619634, 53.610751], [-113.619361, 53.61145], [-113.61963, 53.61197], [-113.62019, 53.61229], [-113.6206, 53.6124], [-113.622991, 53.61243], [-113.62385, 53.61234], [-113.624809, 53.61199], [-113.625274, 53.611795], [-113.62621, 53.61145], [-113.62718, 53.61129], [-113.62857, 53.61122], [-113.628931, 53.61124], [-113.629709, 53.61135], [-113.63011, 53.61151], [-113.630679, 53.61258], [-113.63088, 53.61332], [-113.63089, 53.61352], [-113.63025, 53.614302], [-113.62569, 53.61431], [-113.623251, 53.61428], [-113.619271, 53.61423], [-113.61661, 53.61419], [-113.61505, 53.61425], [-113.61502, 53.6144], [-113.61502, 53.614684], [-113.615039, 53.61606], [-113.615031, 53.61652], [-113.614841, 53.61699], [-113.6143, 53.61748], [-113.613756, 53.617922], [-113.612331, 53.61909], [-113.61178, 53.61953], [-113.611361, 53.619886], [-113.61081, 53.62032], [-113.60986, 53.62106], [-113.609291, 53.62112], [-113.608101, 53.62069], [-113.60749, 53.6204], [-113.606409, 53.61988], [-113.60568, 53.61952], [-113.60515, 53.61925], [-113.6044, 53.61888], [-113.60336, 53.61836], [-113.602261, 53.6178], [-113.60157, 53.61743], [-113.60102, 53.61715], [-113.6004, 53.61681], [-113.599689, 53.61642], [-113.598391, 53.61569], [-113.59743, 53.61514], [-113.596691, 53.61471], [-113.595889, 53.61426], [-113.59472, 53.61358], [-113.592909, 53.61253], [-113.591341, 53.61162], [-113.59086, 53.61193], [-113.59065, 53.61238], [-113.59064, 53.61301], [-113.59064, 53.6144], [-113.590641, 53.61526], [-113.59177, 53.61535]]}, "properties": {"route_id": "A22", "route_short_name": "A22", "route_long_name": "A22 \u2014 Riel - Heritage Lakes", "category": "Local Bus"}}, {"type": "Feature", "geometry": {"type": "LineString", "coordinates": [[-113.292708, 53.546786], [-113.291139, 53.54675], [-113.29048, 53.54657], [-113.29034, 53.5464], [-113.290181, 53.54635], [-113.28976, 53.54617], [-113.28787, 53.54524], [-113.287443, 53.545061], [-113.286581, 53.54483], [-113.28653, 53.54471], [-113.286319, 53.54475], [-113.28579, 53.54464], [-113.283671, 53.54453], [-113.282149, 53.54456], [-113.280212, 53.54485], [-113.27918, 53.54504], [-113.27873, 53.54432], [-113.27828, 53.54383], [-113.27793, 53.54338], [-113.27784, 53.54319], [-113.27753, 53.54324], [-113.276379, 53.54381], [-113.275389, 53.544223], [-113.27472, 53.5446], [-113.27357, 53.54472], [-113.271082, 53.544698], [-113.26947, 53.54473], [-113.26826, 53.54509], [-113.2674, 53.54535], [-113.266259, 53.5457], [-113.264929, 53.5461], [-113.263891, 53.54614], [-113.262899, 53.54614], [-113.26213, 53.54614], [-113.261471, 53.54614], [-113.2606, 53.54614], [-113.259341, 53.54559], [-113.25973, 53.54499], [-113.260152, 53.544506], [-113.26047, 53.54414], [-113.26076, 53.54372], [-113.260691, 53.54327], [-113.260099, 53.54283], [-113.259351, 53.54268], [-113.258742, 53.542704], [-113.258359, 53.54278], [-113.25761, 53.54284], [-113.25513, 53.54284], [-113.2541, 53.54291], [-113.2534, 53.54313], [-113.25298, 53.54337], [-113.252667, 53.543736], [-113.25256, 53.54416], [-113.25283, 53.54511], [-113.252909, 53.54548], [-113.25316, 53.5471], [-113.25341, 53.54757], [-113.25378, 53.54787], [-113.25232, 53.54884], [-113.251899, 53.5491], [-113.25122, 53.5497], [-113.25114, 53.55015], [-113.25128, 53.55103], [-113.25147, 53.55156], [-113.25193, 53.552007], [-113.25238, 53.55238], [-113.25267, 53.55249], [-113.25425, 53.55228], [-113.258521, 53.55228], [-113.25931, 53.55228], [-113.26146, 53.55245], [-113.26239, 53.55272], [-113.263181, 53.55314], [-113.263799, 53.55366], [-113.26417, 53.55422], [-113.26429, 53.55505], [-113.26409, 53.55561], [-113.26099, 53.55564], [-113.25855, 53.55577], [-113.25851, 53.55788], [-113.25845, 53.55923], [-113.258311, 53.56015], [-113.257871, 53.56062], [-113.25735, 53.56088], [-113.257789, 53.56259], [-113.257779, 53.56308], [-113.25763, 53.56343], [-113.25684, 53.56432], [-113.256381, 53.56504], [-113.2558, 53.56576], [-113.25491, 53.56616], [-113.25361, 53.56628], [-113.25213, 53.56616], [-113.251669, 53.56599], [-113.251029, 53.56556], [-113.25081, 53.5649], [-113.25084, 53.56254], [-113.25082, 53.56188], [-113.251059, 53.5613], [-113.25177, 53.56047], [-113.25159, 53.56023], [-113.25166, 53.55902], [-113.25191, 53.55826], [-113.25239, 53.55712], [-113.252872, 53.556311], [-113.25295, 53.55595], [-113.25336, 53.55546], [-113.25416, 53.55542], [-113.256051, 53.55554], [-113.257609, 53.55564], [-113.258411, 53.5559], [-113.25852, 53.55709], [-113.259091, 53.55921], [-113.26043, 53.55924], [-113.26085, 53.55932], [-113.26214, 53.55962], [-113.263901, 53.55974], [-113.26662, 53.55978], [-113.26687, 53.55986], [-113.266979, 53.55983], [-113.26723, 53.5598], [-113.269826, 53.559794], [-113.27035, 53.55978], [-113.27076, 53.55982], [-113.27146, 53.55997], [-113.27179, 53.56], [-113.272822, 53.560368], [-113.27336, 53.56063], [-113.273249, 53.56112], [-113.272849, 53.56165], [-113.27177, 53.56313], [-113.271219, 53.56393], [-113.27099, 53.56462], [-113.270939, 53.565155], [-113.27092, 53.56693], [-113.27206, 53.56695], [-113.27382, 53.56685], [-113.27479, 53.5668], [-113.277159, 53.56683], [-113.279279, 53.56697], [-113.280249, 53.56709], [-113.283327, 53.567386], [-113.285671, 53.5676], [-113.28837, 53.56768], [-113.289183, 53.567528]]}, "properties": {"route_id": "433A", "route_short_name": "433A", "route_long_name": "433A \u2014 School Special", "category": "Local Bus"}}, {"type": "Feature", "geometry": {"type": "LineString", "coordinates": [[-113.379335, 53.599942], [-113.37933, 53.60129], [-113.37956, 53.60226], [-113.379096, 53.602407], [-113.37832, 53.60279], [-113.377849, 53.60325], [-113.37764, 53.60393], [-113.37771, 53.60433], [-113.37778, 53.60478], [-113.378462, 53.605592], [-113.37915, 53.6057], [-113.380879, 53.60577], [-113.381777, 53.605459], [-113.382039, 53.60528], [-113.38234, 53.60489], [-113.382361, 53.60439], [-113.382179, 53.60376], [-113.382061, 53.6033], [-113.382059, 53.60319], [-113.38343, 53.60254], [-113.384681, 53.60267], [-113.38509, 53.60269], [-113.386801, 53.60275], [-113.388121, 53.60278], [-113.389241, 53.60284], [-113.38992, 53.60296], [-113.39064, 53.60304], [-113.391504, 53.602939], [-113.39257, 53.60277], [-113.39412, 53.602786], [-113.395329, 53.60283], [-113.396279, 53.602892], [-113.397149, 53.602866], [-113.39889, 53.60271], [-113.39995, 53.60226], [-113.400416, 53.601905], [-113.400811, 53.60164], [-113.401481, 53.60126], [-113.401837, 53.60114], [-113.40306, 53.6007], [-113.403807, 53.599786], [-113.403399, 53.59933], [-113.40283, 53.59806], [-113.40255, 53.59735], [-113.40246, 53.59708], [-113.40238, 53.59644], [-113.40239, 53.59585], [-113.40181, 53.59475], [-113.40143, 53.59479], [-113.39999, 53.59503], [-113.398031, 53.59517], [-113.39798, 53.59499], [-113.39799, 53.59442], [-113.39725, 53.59273], [-113.396769, 53.59273], [-113.393228, 53.592829], [-113.391701, 53.59314], [-113.390449, 53.59329], [-113.3894, 53.59328], [-113.388971, 53.59328], [-113.38627, 53.59307], [-113.38626, 53.59271], [-113.38622, 53.59184], [-113.386129, 53.591], [-113.385981, 53.59011], [-113.38586, 53.58958], [-113.385653, 53.58883], [-113.38559, 53.58862], [-113.385249, 53.58763], [-113.38483, 53.58657], [-113.384641, 53.58608], [-113.38439, 53.58544], [-113.384119, 53.58475], [-113.38368, 53.58362], [-113.38354, 53.58327], [-113.383039, 53.58197], [-113.382879, 53.58154], [-113.38269, 53.58087], [-113.38261, 53.58044], [-113.38267, 53.57972], [-113.38329, 53.57951], [-113.38477, 53.57954], [-113.38641, 53.57963], [-113.38741, 53.579826], [-113.38888, 53.5805], [-113.39001, 53.58142], [-113.39119, 53.5821], [-113.391858, 53.58238], [-113.39232, 53.58252], [-113.39333, 53.58275], [-113.393845, 53.582832], [-113.396601, 53.58305], [-113.39725, 53.58314], [-113.39861, 53.58344], [-113.40027, 53.58384], [-113.40106, 53.58403], [-113.40289, 53.58448], [-113.40405, 53.58478], [-113.4051, 53.58519], [-113.40552, 53.58538], [-113.40621, 53.5858], [-113.40696, 53.58642], [-113.40731, 53.58673], [-113.408259, 53.58754], [-113.40919, 53.58834], [-113.409631, 53.588592], [-113.41014, 53.58884], [-113.41174, 53.58929], [-113.41295, 53.58942], [-113.413438, 53.58942], [-113.41432, 53.58941], [-113.415889, 53.589434], [-113.4172, 53.58952], [-113.41822, 53.5895], [-113.41831, 53.58917], [-113.418351, 53.58898], [-113.41841, 53.58848], [-113.41842, 53.58813], [-113.41842, 53.58733], [-113.41843, 53.58692], [-113.41843, 53.5863], [-113.41843, 53.585716], [-113.41844, 53.5853], [-113.41847, 53.58454], [-113.41847, 53.58356], [-113.418461, 53.5825], [-113.418471, 53.58156], [-113.41847, 53.581083], [-113.41847, 53.58084], [-113.41838, 53.58055], [-113.41838, 53.57989], [-113.41838, 53.57905], [-113.418387, 53.577989], [-113.41839, 53.5776], [-113.4184, 53.57669], [-113.41841, 53.57582], [-113.418421, 53.57507], [-113.418411, 53.57449], [-113.41841, 53.5719], [-113.41842, 53.57094], [-113.418421, 53.57068], [-113.418591, 53.57049], [-113.41905, 53.57036], [-113.419273, 53.57036], [-113.42153, 53.57036], [-113.423535, 53.570361], [-113.42458, 53.57036], [-113.426515, 53.570362], [-113.428351, 53.57037], [-113.429507, 53.57037], [-113.4319, 53.57037], [-113.432541, 53.57037], [-113.4331, 53.57037], [-113.43565, 53.57037], [-113.435801, 53.57037], [-113.43815, 53.57037], [-113.43989, 53.57038], [-113.441579, 53.57038], [-113.442429, 53.57037], [-113.44303, 53.57037], [-113.44406, 53.57037], [-113.444639, 53.57037], [-113.44612, 53.57039], [-113.447221, 53.57039], [-113.448151, 53.57039], [-113.448711, 53.57039], [-113.44961, 53.57039], [-113.450439, 53.57038], [-113.45072, 53.57042], [-113.45145, 53.57043]]}, "properties": {"route_id": "627", "route_short_name": "627", "route_long_name": "627 \u2014 Eastglen - Bannerman", "category": "Local Bus"}}, {"type": "Feature", "geometry": {"type": "LineString", "coordinates": [[-113.400384, 53.627505], [-113.400219, 53.62834], [-113.400311, 53.62883], [-113.400564, 53.629303], [-113.401009, 53.62977], [-113.40151, 53.63053], [-113.401709, 53.631152], [-113.401899, 53.63183], [-113.40261, 53.63267], [-113.403467, 53.633583], [-113.40426, 53.63424], [-113.40621, 53.63474], [-113.407196, 53.634715], [-113.40761, 53.6346], [-113.40858, 53.63425], [-113.4105, 53.63388], [-113.41166, 53.63347], [-113.412519, 53.63317], [-113.41394, 53.63248], [-113.414696, 53.632123], [-113.4149, 53.63198], [-113.416579, 53.63148], [-113.417811, 53.63132], [-113.418766, 53.631317], [-113.42093, 53.63131], [-113.421999, 53.631386], [-113.42286, 53.63155], [-113.42485, 53.63253], [-113.42523, 53.632787], [-113.42746, 53.63435], [-113.427577, 53.634887], [-113.427101, 53.63523], [-113.426341, 53.63621], [-113.426244, 53.636867], [-113.426289, 53.63741], [-113.4269, 53.63858], [-113.427344, 53.639024], [-113.427971, 53.63943], [-113.42933, 53.64003], [-113.4304, 53.64023], [-113.432433, 53.640215], [-113.43465, 53.63999], [-113.43613, 53.6398], [-113.43708, 53.63974], [-113.438009, 53.63977], [-113.44085, 53.64008], [-113.441106, 53.640155], [-113.44248, 53.64028], [-113.442656, 53.639907], [-113.442669, 53.6398], [-113.442731, 53.63928], [-113.44276, 53.63867], [-113.4428, 53.63781], [-113.44281, 53.63639], [-113.442809, 53.63515], [-113.44284, 53.63318], [-113.44285, 53.631969], [-113.44286, 53.63151], [-113.442861, 53.63057], [-113.442849, 53.62958], [-113.442963, 53.628997], [-113.443277, 53.628659], [-113.443019, 53.628398], [-113.44285, 53.62807], [-113.44285, 53.627808], [-113.44285, 53.62716], [-113.442842, 53.626349], [-113.44282, 53.62501], [-113.44282, 53.623788], [-113.44281, 53.62308], [-113.44281, 53.62234], [-113.44281, 53.6211], [-113.44289, 53.62073], [-113.44296, 53.62024], [-113.442971, 53.61991], [-113.44297, 53.619149], [-113.44297, 53.61803], [-113.442951, 53.61685], [-113.44296, 53.61593], [-113.44295, 53.61531], [-113.44295, 53.61504], [-113.442951, 53.61133], [-113.442941, 53.61015], [-113.44238, 53.61016], [-113.4404, 53.61018], [-113.438159, 53.610677], [-113.437449, 53.61084], [-113.435811, 53.61123], [-113.431583, 53.611346]]}, "properties": {"route_id": "628", "route_short_name": "628", "route_long_name": "628 \u2014 Steele Heights - Cy Becker", "category": "Local Bus"}}, {"type": "Feature", "geometry": {"type": "LineString", "coordinates": [[-113.52121, 53.5248], [-113.52089, 53.52473], [-113.52085, 53.52385], [-113.52084, 53.52289], [-113.520841, 53.522406], [-113.52084, 53.52143], [-113.520841, 53.52054], [-113.520849, 53.52005], [-113.52075, 53.5191], [-113.52074, 53.51814], [-113.52049, 53.51806], [-113.519848, 53.518071], [-113.519711, 53.51807], [-113.518569, 53.51806], [-113.516851, 53.51806], [-113.515849, 53.51806], [-113.514676, 53.51805], [-113.512719, 53.51805], [-113.51083, 53.51805], [-113.510489, 53.51805], [-113.50934, 53.51805], [-113.507681, 53.51804], [-113.50675, 53.51804], [-113.506031, 53.51808], [-113.50574, 53.51808], [-113.504941, 53.51807], [-113.50348, 53.51807], [-113.501571, 53.51808], [-113.49988, 53.51808], [-113.49973, 53.51808], [-113.49926, 53.51804], [-113.49853, 53.51804], [-113.497473, 53.51804], [-113.49666, 53.51804], [-113.49522, 53.51804], [-113.49453, 53.51804], [-113.493731, 53.51804], [-113.49243, 53.51803], [-113.49103, 53.51803], [-113.49083, 53.51803], [-113.48996, 53.51803], [-113.48871, 53.51802], [-113.48617, 53.51802], [-113.485096, 53.51802], [-113.479719, 53.51801], [-113.47809, 53.518], [-113.476421, 53.518], [-113.476, 53.518003], [-113.47559, 53.51802], [-113.47501, 53.51804], [-113.47166, 53.51803], [-113.47084, 53.51803], [-113.469605, 53.518031], [-113.468951, 53.51804], [-113.46796, 53.51804], [-113.466867, 53.51804], [-113.46497, 53.51805], [-113.463969, 53.51805], [-113.46089, 53.51805], [-113.459921, 53.51805], [-113.45844, 53.51805], [-113.45805, 53.51801], [-113.45777, 53.517997], [-113.456319, 53.51799], [-113.45546, 53.51798], [-113.455, 53.51798], [-113.453711, 53.518], [-113.45327, 53.518], [-113.45221, 53.51802], [-113.451685, 53.51806], [-113.451331, 53.51806], [-113.448469, 53.51806], [-113.44715, 53.51806], [-113.44533, 53.51805], [-113.44484, 53.51801], [-113.44382, 53.51801], [-113.44282, 53.518], [-113.442839, 53.51861], [-113.442841, 53.51885], [-113.44284, 53.52003], [-113.44283, 53.52066], [-113.442823, 53.52149], [-113.442821, 53.52244], [-113.44283, 53.52412], [-113.44283, 53.52461], [-113.4427, 53.52478], [-113.44249, 53.52497], [-113.442251, 53.52508], [-113.441941, 53.52516], [-113.44112, 53.52519], [-113.439361, 53.5252], [-113.436258, 53.5252], [-113.43339, 53.5252], [-113.43252, 53.52551], [-113.43253, 53.52576], [-113.432629, 53.52768], [-113.43394, 53.52981]]}, "properties": {"route_id": "637", "route_short_name": "637", "route_long_name": "637 \u2014 Braemar - University", "category": "Local Bus"}}, {"type": "Feature", "geometry": {"type": "LineString", "coordinates": [[-113.386413, 53.452561], [-113.38644, 53.45118], [-113.386611, 53.45084], [-113.38743, 53.44965], [-113.387699, 53.44926], [-113.38783, 53.44772], [-113.387851, 53.44628], [-113.38782, 53.44555], [-113.38779, 53.44445], [-113.387819, 53.44335], [-113.38783, 53.44207], [-113.38782, 53.44179], [-113.38764, 53.44132], [-113.387059, 53.4409], [-113.386159, 53.44069], [-113.384974, 53.440654], [-113.3835, 53.44066], [-113.38171, 53.44066], [-113.379931, 53.440656], [-113.3783, 53.44072], [-113.376833, 53.441188], [-113.37622, 53.44156], [-113.37553, 53.442407], [-113.37539, 53.44289], [-113.37547, 53.44454], [-113.375469, 53.445238], [-113.37546, 53.44707], [-113.375449, 53.44749], [-113.37552, 53.44874], [-113.37602, 53.44983], [-113.376599, 53.45047], [-113.376969, 53.45089], [-113.377491, 53.45149], [-113.37789, 53.45236], [-113.37789, 53.45334], [-113.377274, 53.45405], [-113.37591, 53.45406], [-113.374471, 53.45406], [-113.37155, 53.45408], [-113.36958, 53.45411], [-113.369, 53.45503], [-113.36895, 53.45571], [-113.36893, 53.45653], [-113.369569, 53.45687], [-113.36937, 53.457717]]}, "properties": {"route_id": "647", "route_short_name": "647", "route_long_name": "647 \u2014 Elder Dr. Whiskeyjack - Laurel", "category": "Local Bus"}}, {"type": "Feature", "geometry": {"type": "LineString", "coordinates": [[-113.443928, 53.500098], [-113.443739, 53.49927], [-113.44432, 53.49958], [-113.445229, 53.50012], [-113.445759, 53.49959], [-113.445731, 53.49866], [-113.44596, 53.4983], [-113.44629, 53.49804], [-113.44807, 53.49716], [-113.44858, 53.49684], [-113.449879, 53.496], [-113.45047, 53.49564], [-113.45268, 53.49423], [-113.453091, 53.49402], [-113.45348, 53.49396], [-113.45432, 53.49394], [-113.455031, 53.49539], [-113.45502, 53.49704], [-113.45555, 53.49835], [-113.456371, 53.49901], [-113.457881, 53.50009], [-113.45835, 53.50041], [-113.45903, 53.50023], [-113.45987, 53.5], [-113.460651, 53.49997], [-113.46252, 53.49997], [-113.466021, 53.49997], [-113.46738, 53.49997], [-113.46882, 53.49995], [-113.47038, 53.49989], [-113.47534, 53.49988], [-113.47844, 53.49988], [-113.47942, 53.49988], [-113.481761, 53.49988], [-113.4835, 53.49988], [-113.48422, 53.49992], [-113.48537, 53.49991], [-113.48719, 53.49993], [-113.488299, 53.49993], [-113.49097, 53.49994], [-113.49171, 53.49994], [-113.49413, 53.5001], [-113.494279, 53.50045], [-113.49451, 53.50106], [-113.49461, 53.50145], [-113.49465, 53.50209], [-113.49466, 53.50253], [-113.494661, 53.50313], [-113.49466, 53.50366], [-113.49468, 53.50452], [-113.494761, 53.50561], [-113.494839, 53.5066], [-113.49477, 53.50714], [-113.494489, 53.50776], [-113.49426, 53.50825], [-113.494149, 53.50872], [-113.49418, 53.50931], [-113.49431, 53.51016], [-113.49443, 53.51094], [-113.49602, 53.51139], [-113.49681, 53.51152], [-113.49746, 53.51163], [-113.497719, 53.51021], [-113.497721, 53.50959], [-113.497721, 53.508702]]}, "properties": {"route_id": "653", "route_short_name": "653", "route_long_name": "653 \u2014 Strathcona - Davies", "category": "Local Bus"}}, {"type": "Feature", "geometry": {"type": "LineString", "coordinates": [[-113.497721, 53.508702], [-113.49772, 53.50834], [-113.497719, 53.50639], [-113.497729, 53.5058], [-113.49772, 53.50432], [-113.49773, 53.50343], [-113.49772, 53.50266], [-113.497721, 53.50221], [-113.49772, 53.50074], [-113.49772, 53.49994], [-113.498321, 53.49989], [-113.498841, 53.49975], [-113.49958, 53.4994], [-113.500751, 53.49882], [-113.501581, 53.49848], [-113.502421, 53.49829], [-113.5031, 53.49822], [-113.50647, 53.4982], [-113.510911, 53.49822], [-113.51145, 53.49827], [-113.51185, 53.49844], [-113.511899, 53.49861], [-113.511879, 53.49918], [-113.51189, 53.49954], [-113.511949, 53.4999], [-113.51203, 53.50024], [-113.51203, 53.50152], [-113.51203, 53.50295], [-113.512031, 53.50437], [-113.51203, 53.50562], [-113.51203, 53.50705], [-113.51204, 53.50803], [-113.51206, 53.50942], [-113.51206, 53.51085], [-113.512061, 53.51187], [-113.512752, 53.512284], [-113.515829, 53.51228], [-113.516894, 53.512279], [-113.51867, 53.51227], [-113.52056, 53.512252], [-113.52229, 53.51224], [-113.522826, 53.512243], [-113.524249, 53.51224], [-113.52576, 53.51224], [-113.526481, 53.51225], [-113.530949, 53.512269], [-113.532599, 53.51227], [-113.534637, 53.511907], [-113.53464, 53.51082], [-113.534655, 53.509412], [-113.53465, 53.50863], [-113.533919, 53.50863], [-113.534641, 53.51035], [-113.53464, 53.51177], [-113.53549, 53.51225], [-113.537179, 53.51227], [-113.538459, 53.51311], [-113.53766, 53.51422], [-113.537261, 53.51492], [-113.536989, 53.51616], [-113.536791, 53.51778], [-113.53577, 53.51816], [-113.53283, 53.5178], [-113.532431, 53.5187], [-113.53244, 53.51927], [-113.53246, 53.52095], [-113.53246, 53.52125], [-113.53248, 53.52283], [-113.5343, 53.52296], [-113.53621, 53.52295], [-113.536211, 53.523389], [-113.53622, 53.52347], [-113.536289, 53.52364], [-113.536999, 53.52409], [-113.53731, 53.5245], [-113.53729, 53.52513], [-113.537001, 53.5255], [-113.53623, 53.52592], [-113.537781, 53.52657], [-113.53665, 53.52746], [-113.53537, 53.5279], [-113.533988, 53.527914], [-113.53259, 53.52792], [-113.53067, 53.52766], [-113.53066, 53.52693], [-113.53066, 53.52625]]}, "properties": {"route_id": "654", "route_short_name": "654", "route_long_name": "654 \u2014 Strathcona - Belgravia - Windsor Park", "category": "Local Bus"}}, {"type": "Feature", "geometry": {"type": "LineString", "coordinates": [[-113.493709, 53.553625], [-113.49371, 53.55303], [-113.49372, 53.55142], [-113.494449, 53.5514], [-113.49556, 53.55141], [-113.49653, 53.55141], [-113.499251, 53.55142], [-113.5002, 53.55142], [-113.50109, 53.55141], [-113.50166, 53.55141], [-113.50386, 53.55141], [-113.50571, 53.55141], [-113.5075, 53.55141], [-113.509361, 53.55141], [-113.51122, 53.5514], [-113.512471, 53.5514], [-113.513971, 53.5514], [-113.515771, 53.55141], [-113.51858, 53.55141], [-113.520521, 53.55141], [-113.521299, 53.55141], [-113.52223, 53.55141], [-113.52317, 53.55141], [-113.52646, 53.55141], [-113.52798, 53.55113], [-113.528861, 53.551], [-113.529689, 53.55097], [-113.530709, 53.55097], [-113.53187, 53.55097], [-113.53413, 53.55098], [-113.53523, 53.55097], [-113.53571, 53.55097], [-113.53637, 53.55102], [-113.53714, 53.55101], [-113.53856, 53.55101], [-113.5403, 53.55101], [-113.542169, 53.551], [-113.54371, 53.55101], [-113.5454, 53.55101], [-113.54688, 53.55102], [-113.54812, 53.55102], [-113.549761, 53.55103], [-113.55053, 53.55101], [-113.55198, 53.55102], [-113.555791, 53.551], [-113.55757, 53.551], [-113.55921, 53.55099], [-113.56471, 53.55099], [-113.56491, 53.55104], [-113.565391, 53.55128], [-113.56555, 53.55135], [-113.56575, 53.55139], [-113.566001, 53.55139], [-113.566209, 53.55134], [-113.56657, 53.55119], [-113.56682, 53.55113], [-113.567429, 53.55111], [-113.56804, 53.55111], [-113.572339, 53.5511], [-113.57672, 53.55111], [-113.57812, 53.55111], [-113.57945, 53.55109], [-113.5816, 53.55109], [-113.58334, 53.55109], [-113.585989, 53.5511], [-113.58775, 53.55111], [-113.58948, 53.55115], [-113.591019, 53.55118], [-113.59285, 53.55128], [-113.59426, 53.55135], [-113.597969, 53.55135], [-113.60375, 53.55135], [-113.606, 53.55139], [-113.6069, 53.55158], [-113.607701, 53.55181], [-113.60851, 53.55197], [-113.60907, 53.55127], [-113.61057, 53.54944], [-113.61287, 53.54657], [-113.61401, 53.54509], [-113.61485, 53.54406], [-113.61599, 53.54303], [-113.616719, 53.54218], [-113.61689, 53.54166], [-113.61689, 53.54063], [-113.6169, 53.53976], [-113.6169, 53.53901], [-113.61682, 53.53874], [-113.616511, 53.53838], [-113.616111, 53.53809], [-113.61586, 53.53791], [-113.615649, 53.53771], [-113.61543, 53.5373], [-113.61541, 53.53683], [-113.615419, 53.53629], [-113.615421, 53.53548], [-113.615421, 53.53315], [-113.61543, 53.53258], [-113.615441, 53.53162], [-113.61544, 53.5307], [-113.61545, 53.52744], [-113.61548, 53.52592], [-113.61549, 53.52485], [-113.618519, 53.52486], [-113.61989, 53.52486], [-113.62179, 53.52486], [-113.62298, 53.52489], [-113.62344, 53.52524], [-113.62254, 53.52519], [-113.622022, 53.52519]]}, "properties": {"route_id": "692", "route_short_name": "692", "route_long_name": "692 \u2014 Victoria School - Wem", "category": "Local Bus"}}, {"type": "Feature", "geometry": {"type": "LineString", "coordinates": [[-113.50478, 53.540393], [-113.50478, 53.54002], [-113.50477, 53.53944], [-113.50477, 53.538241], [-113.50477, 53.53725], [-113.5047, 53.53692], [-113.50438, 53.53625], [-113.50438, 53.53577], [-113.504, 53.53493], [-113.504499, 53.53417], [-113.504669, 53.53396], [-113.50477, 53.53375], [-113.50454, 53.53292], [-113.503939, 53.5324], [-113.503171, 53.532485], [-113.502911, 53.5328], [-113.502921, 53.53349], [-113.50293, 53.53373], [-113.50215, 53.53396], [-113.501099, 53.53394], [-113.499471, 53.53392], [-113.49832, 53.53392], [-113.49627, 53.53391], [-113.49541, 53.53393], [-113.4948, 53.53399], [-113.49413, 53.53413], [-113.493481, 53.53434], [-113.492311, 53.5348], [-113.49144, 53.53507], [-113.49029, 53.53535], [-113.48881, 53.53564], [-113.487561, 53.53582], [-113.48613, 53.53596], [-113.4853, 53.53601], [-113.483861, 53.53606], [-113.483151, 53.53601], [-113.482531, 53.53589], [-113.482129, 53.53578], [-113.48183, 53.53561], [-113.48162, 53.53534], [-113.48165, 53.53499], [-113.481931, 53.53463], [-113.482261, 53.53428], [-113.48254, 53.5339], [-113.48255, 53.53355], [-113.4823, 53.53325], [-113.481851, 53.53304], [-113.48109, 53.53291], [-113.480331, 53.53287], [-113.47983, 53.53287], [-113.47901, 53.53291], [-113.47848, 53.53301], [-113.477569, 53.53308], [-113.47652, 53.53308], [-113.47559, 53.533], [-113.47468, 53.53284], [-113.473819, 53.53263], [-113.473339, 53.53241], [-113.47245, 53.53204], [-113.471379, 53.53162], [-113.470831, 53.53137], [-113.470411, 53.53119], [-113.4689, 53.53031], [-113.46797, 53.52985], [-113.467041, 53.52943], [-113.46613, 53.52904], [-113.46484, 53.52848], [-113.46412, 53.52815], [-113.46325, 53.5277], [-113.46289, 53.5275], [-113.461719, 53.52685], [-113.45932, 53.52551], [-113.45912, 53.52536], [-113.45898, 53.52528], [-113.45878, 53.5252], [-113.458589, 53.52514], [-113.45838, 53.5251], [-113.457839, 53.52505], [-113.457369, 53.52489], [-113.45688, 53.52448], [-113.456103, 53.523693], [-113.45553, 53.5231], [-113.455241, 53.52274], [-113.45517, 53.52213], [-113.455171, 53.5195], [-113.45507, 53.51804], [-113.45435, 53.518], [-113.45357, 53.518], [-113.452351, 53.518], [-113.45192, 53.51806], [-113.45031, 53.51806], [-113.44715, 53.51806], [-113.44533, 53.51805], [-113.44484, 53.51801], [-113.44382, 53.51801], [-113.44282, 53.518], [-113.441989, 53.518], [-113.441389, 53.518], [-113.44088, 53.518], [-113.44001, 53.51799], [-113.43942, 53.51798], [-113.4391, 53.51796], [-113.43833, 53.51787], [-113.43765, 53.51774], [-113.43653, 53.51745], [-113.43432, 53.51683], [-113.43129, 53.516], [-113.43007, 53.51571], [-113.42727, 53.51514], [-113.42522, 53.51475], [-113.424199, 53.51455], [-113.42292, 53.51431], [-113.4221, 53.51418], [-113.421201, 53.51411], [-113.4202, 53.51409], [-113.41926, 53.51415], [-113.41855, 53.51424], [-113.41624, 53.51459], [-113.414391, 53.51488], [-113.41299, 53.5151], [-113.40987, 53.51558], [-113.40796, 53.51588], [-113.40478, 53.51636], [-113.40226, 53.51662], [-113.39944, 53.51674], [-113.39533, 53.51686], [-113.39358, 53.51691], [-113.39017, 53.51706], [-113.38636, 53.51716], [-113.37981, 53.51731], [-113.37446, 53.51748], [-113.371949, 53.51737], [-113.369609, 53.51706], [-113.368691, 53.5169], [-113.36572, 53.5164], [-113.361109, 53.51562], [-113.35922, 53.51531], [-113.357201, 53.51497], [-113.35505, 53.51461], [-113.352031, 53.5141], [-113.348089, 53.51344], [-113.34533, 53.51298], [-113.344401, 53.51282], [-113.343341, 53.51264], [-113.341739, 53.51236], [-113.340119, 53.51212], [-113.33893, 53.51205], [-113.33733, 53.51204], [-113.336389, 53.51204], [-113.334289, 53.51204], [-113.33243, 53.51205], [-113.33024, 53.51206], [-113.33017, 53.51273], [-113.330659, 53.51299], [-113.3309, 53.51324], [-113.330898, 53.51362]]}, "properties": {"route_id": "403", "route_short_name": "403", "route_long_name": "403 \u2014 Ordze - Government Centre", "category": "Local Bus"}}, {"type": "Feature", "geometry": {"type": "LineString", "coordinates": [[-113.444157, 53.500289], [-113.444389, 53.50039], [-113.445229, 53.50012], [-113.44585, 53.50139], [-113.444331, 53.50143], [-113.44307, 53.50148], [-113.442631, 53.50164], [-113.44262, 53.50256], [-113.442619, 53.504], [-113.44263, 53.50502], [-113.44266, 53.50594], [-113.44269, 53.50691], [-113.44271, 53.50768], [-113.44273, 53.50831], [-113.44275, 53.50873], [-113.442759, 53.50907], [-113.442769, 53.50945], [-113.442791, 53.5106], [-113.44281, 53.51155], [-113.44281, 53.51223], [-113.442813, 53.512417], [-113.44283, 53.513], [-113.44284, 53.51384], [-113.44283, 53.51609], [-113.44283, 53.51678], [-113.44282, 53.518], [-113.442839, 53.51861], [-113.44284, 53.51959], [-113.44283, 53.52112], [-113.442821, 53.52244], [-113.44283, 53.52412], [-113.44273, 53.52474], [-113.44257, 53.52491], [-113.44233, 53.52505], [-113.442049, 53.52514], [-113.441491, 53.52519], [-113.439361, 53.5252], [-113.436829, 53.5252], [-113.43594, 53.5252], [-113.43252, 53.52528], [-113.432527, 53.525667], [-113.43255, 53.52728], [-113.43299, 53.52838], [-113.4341, 53.530049], [-113.43516, 53.53165], [-113.435378, 53.532812], [-113.433069, 53.53336], [-113.43119, 53.5338], [-113.430251, 53.5339], [-113.42578, 53.533912], [-113.42274, 53.53392], [-113.42374, 53.53476]]}, "properties": {"route_id": "632", "route_short_name": "632", "route_long_name": "632 \u2014 O'Brien - Ottewell - Kenilworth - Davies", "category": "Local Bus"}}, {"type": "Feature", "geometry": {"type": "LineString", "coordinates": [[-113.667125, 53.523301], [-113.66559, 53.52318], [-113.664871, 53.52334], [-113.66284, 53.52326], [-113.66201, 53.5232], [-113.66024, 53.52292], [-113.65898, 53.5227], [-113.65813, 53.52256], [-113.657189, 53.52237], [-113.65647, 53.52218], [-113.65592, 53.52194], [-113.655759, 53.52169], [-113.65576, 53.52143], [-113.656031, 53.52114], [-113.6565, 53.52086], [-113.656979, 53.52074], [-113.65751, 53.52074], [-113.657979, 53.52089], [-113.658249, 53.52107], [-113.65847, 53.52132], [-113.658609, 53.52167], [-113.658671, 53.5225], [-113.658679, 53.5229], [-113.65875, 53.52497], [-113.65875, 53.52575], [-113.65879, 53.52607], [-113.65885, 53.52744], [-113.65882, 53.52944], [-113.65882, 53.53109], [-113.658659, 53.53177], [-113.65863, 53.53206], [-113.658601, 53.53251], [-113.65857, 53.533], [-113.65853, 53.53342], [-113.65848, 53.53367], [-113.658209, 53.53409], [-113.6577, 53.53461], [-113.65696, 53.53506], [-113.65549, 53.53575], [-113.654379, 53.53618], [-113.653151, 53.53647], [-113.652229, 53.53659], [-113.651131, 53.53667], [-113.64999, 53.53677], [-113.64904, 53.53685], [-113.64698, 53.53702], [-113.64522, 53.53716], [-113.64258, 53.53736], [-113.64104, 53.53746], [-113.64006, 53.53749], [-113.638761, 53.53751], [-113.63744, 53.53756], [-113.63628, 53.5376], [-113.63437, 53.53768], [-113.632861, 53.53773], [-113.63062, 53.5378], [-113.629181, 53.53784], [-113.62839, 53.53784], [-113.62737, 53.53784], [-113.62667, 53.53791], [-113.625909, 53.53794], [-113.62509, 53.53801], [-113.624689, 53.53807], [-113.62394, 53.53822], [-113.62335, 53.53838], [-113.622509, 53.53862], [-113.62134, 53.53896], [-113.620409, 53.53915], [-113.61985, 53.53922], [-113.618751, 53.53925], [-113.61762, 53.53928], [-113.616901, 53.53929], [-113.61608, 53.53929], [-113.615, 53.53928], [-113.614959, 53.53994], [-113.61493, 53.54052], [-113.61489, 53.54132], [-113.61498, 53.54185], [-113.615, 53.54223], [-113.615151, 53.5428], [-113.615049, 53.54315], [-113.61477, 53.5437], [-113.61428, 53.54436], [-113.612881, 53.54623], [-113.610359, 53.54937], [-113.60888, 53.55122], [-113.608239, 53.55197], [-113.6074, 53.55303], [-113.605639, 53.55524], [-113.60423, 53.55696], [-113.60281, 53.5583], [-113.601511, 53.55875], [-113.59881, 53.55887], [-113.59195, 53.55887], [-113.59044, 53.55887], [-113.58876, 53.55887], [-113.58421, 53.55885], [-113.58117, 53.55884], [-113.579389, 53.55884], [-113.57817, 53.55884], [-113.577009, 53.55885], [-113.57327, 53.55881], [-113.572539, 53.55881], [-113.569651, 53.55883], [-113.567169, 53.55885], [-113.56598, 53.55854], [-113.565921, 53.55788], [-113.56591, 53.55673], [-113.56591, 53.55636], [-113.56584, 53.55604], [-113.56585, 53.55536], [-113.56585, 53.55449], [-113.56583, 53.55348], [-113.56582, 53.553], [-113.56582, 53.55264], [-113.56582, 53.55221], [-113.56587, 53.55178], [-113.565911, 53.55163], [-113.56598, 53.5515], [-113.566159, 53.55136], [-113.56635, 53.55126], [-113.56648, 53.55113], [-113.56651, 53.551], [-113.56647, 53.55089], [-113.566311, 53.55073], [-113.56615, 53.55065], [-113.565919, 53.55062], [-113.565709, 53.55064], [-113.56547, 53.5507], [-113.56514, 53.55085], [-113.56484, 53.55092], [-113.56139, 53.551], [-113.55789, 53.55097], [-113.55635, 53.5509], [-113.55549, 53.55121], [-113.55548, 53.55238], [-113.55552, 53.55396], [-113.555529, 53.55576], [-113.55553, 53.55772], [-113.555531, 53.55882], [-113.55776, 53.55895]]}, "properties": {"route_id": "685", "route_short_name": "685", "route_long_name": "685 \u2014 Ross Sheppard - A. Macdonald - Lewis Farms", "category": "Local Bus"}}, {"type": "Feature", "geometry": {"type": "LineString", "coordinates": [[-113.593357, 53.61566], [-113.59191, 53.61561], [-113.5914, 53.6153], [-113.59094, 53.61507], [-113.59084, 53.61341], [-113.59084, 53.61275], [-113.59092, 53.61225], [-113.59122, 53.61176], [-113.59281, 53.61267], [-113.59376, 53.61322], [-113.59476, 53.6138], [-113.595669, 53.61436], [-113.59707, 53.61519], [-113.59855, 53.61603], [-113.60015, 53.6169], [-113.600819, 53.61727], [-113.60161, 53.6177], [-113.60281, 53.61834], [-113.603959, 53.61891], [-113.60534, 53.61965], [-113.606599, 53.62027], [-113.607499, 53.62068], [-113.6087, 53.62125], [-113.60972, 53.62142], [-113.610699, 53.62062], [-113.611389, 53.62006], [-113.611752, 53.619753], [-113.61249, 53.61915], [-113.613609, 53.61824], [-113.614231, 53.61774], [-113.61482, 53.61725], [-113.61502, 53.61704], [-113.61521, 53.61671], [-113.61524, 53.616301], [-113.61523, 53.61534], [-113.6152, 53.6143], [-113.61661, 53.61419], [-113.620052, 53.61424], [-113.623887, 53.614288], [-113.62569, 53.61431], [-113.630899, 53.61369], [-113.630849, 53.61302], [-113.630703, 53.612635], [-113.630211, 53.61175], [-113.62993, 53.61136], [-113.62931, 53.61128], [-113.62819, 53.61124], [-113.627499, 53.61127], [-113.626621, 53.61136], [-113.62566, 53.61163], [-113.625082, 53.611876], [-113.624191, 53.61224], [-113.623279, 53.61242], [-113.621017, 53.61243], [-113.6206, 53.6124], [-113.619801, 53.6121], [-113.619588, 53.611913], [-113.619361, 53.61145], [-113.6197, 53.61066], [-113.620153, 53.610227], [-113.62069, 53.60987], [-113.62212, 53.60927], [-113.62327, 53.60885], [-113.62383, 53.60857], [-113.62644, 53.60768], [-113.627781, 53.60765], [-113.628231, 53.60767], [-113.6299, 53.60825], [-113.630603, 53.60821], [-113.631249, 53.60787], [-113.6322, 53.60764], [-113.633641, 53.60759], [-113.63454, 53.60757], [-113.63566, 53.6078], [-113.6363, 53.6083], [-113.63648, 53.60945], [-113.636522, 53.610415], [-113.638861, 53.61081], [-113.63885, 53.607681], [-113.63889, 53.60635], [-113.639081, 53.6061], [-113.63926, 53.60595], [-113.63951, 53.60586], [-113.640771, 53.60601], [-113.642451, 53.60638], [-113.643779, 53.60701], [-113.644389, 53.60741], [-113.64519, 53.60793], [-113.64489, 53.60858], [-113.64464, 53.60919], [-113.6447, 53.60969], [-113.645939, 53.6114], [-113.646191, 53.611872], [-113.64682, 53.61312], [-113.647049, 53.61348], [-113.647419, 53.61423], [-113.64226, 53.61428], [-113.63978, 53.61429], [-113.63796, 53.61429], [-113.63583, 53.61429], [-113.63092, 53.6143], [-113.62771, 53.61431], [-113.62347, 53.61428], [-113.622885, 53.614275], [-113.618412, 53.614218], [-113.615131, 53.61418], [-113.61502, 53.61434], [-113.61502, 53.614684], [-113.61502, 53.61509], [-113.61504, 53.6163], [-113.614949, 53.61682], [-113.61467, 53.61718], [-113.613756, 53.617922], [-113.61271, 53.61877], [-113.61181, 53.6195], [-113.611361, 53.619886], [-113.611, 53.62018], [-113.61029, 53.62072], [-113.60947, 53.62114], [-113.60874, 53.62098], [-113.60778, 53.62054], [-113.606689, 53.62001], [-113.605899, 53.61963], [-113.605329, 53.61934], [-113.6047, 53.61903], [-113.603571, 53.61846], [-113.602661, 53.61801], [-113.601721, 53.61751], [-113.601151, 53.61722], [-113.600461, 53.61685], [-113.600091, 53.61664], [-113.59876, 53.6159], [-113.597819, 53.61536], [-113.59697, 53.61487], [-113.596261, 53.61447], [-113.59497, 53.61373], [-113.59347, 53.61285], [-113.59193, 53.61196], [-113.59105, 53.61166], [-113.5907, 53.61222], [-113.590631, 53.61284], [-113.59064, 53.61341], [-113.59064, 53.61496], [-113.5914, 53.6153], [-113.592518, 53.61537]]}, "properties": {"route_id": "A23", "route_short_name": "A23", "route_long_name": "A23 \u2014 Heritage Lakes - Riel", "category": "Local Bus"}}, {"type": "Feature", "geometry": {"type": "LineString", "coordinates": [[-113.403103, 53.44738], [-113.40254, 53.44693], [-113.402169, 53.44642], [-113.402029, 53.44588], [-113.402061, 53.44536], [-113.402, 53.44477], [-113.400661, 53.44442], [-113.399019, 53.444404], [-113.3988, 53.44532], [-113.398201, 53.44775], [-113.39816, 53.44819], [-113.398401, 53.44916], [-113.39875, 53.44978], [-113.39911, 53.45018], [-113.399981, 53.45081], [-113.40055, 53.45107], [-113.401829, 53.45143], [-113.40427, 53.45163], [-113.40609, 53.45174], [-113.40868, 53.4519], [-113.409336, 53.452335], [-113.409178, 53.454187], [-113.40912, 53.45482], [-113.409739, 53.45551], [-113.410529, 53.45554], [-113.41281, 53.45555], [-113.41421, 53.45549], [-113.415464, 53.4554], [-113.4179, 53.45514], [-113.418779, 53.45503], [-113.419729, 53.45491], [-113.420269, 53.45484], [-113.42099, 53.45474], [-113.42201, 53.45461], [-113.422865, 53.454496], [-113.424299, 53.45431], [-113.425409, 53.45417], [-113.42709, 53.45394], [-113.42856, 53.45378], [-113.429569, 53.4537], [-113.431061, 53.45364], [-113.43255, 53.45362], [-113.43377, 53.45364], [-113.43418, 53.45375], [-113.434409, 53.45392], [-113.43452, 53.45418], [-113.434506, 53.45435], [-113.43445, 53.45503], [-113.43436, 53.45606], [-113.432891, 53.45639], [-113.43161, 53.45646], [-113.431369, 53.45655], [-113.43135, 53.4571], [-113.4298, 53.45712], [-113.42867, 53.45722], [-113.428221, 53.45738]]}, "properties": {"route_id": "643", "route_short_name": "643", "route_long_name": "643 \u2014 Td Baker - Mill Woods", "category": "Local Bus"}}, {"type": "Feature", "geometry": {"type": "LineString", "coordinates": [[-113.523689, 53.569842], [-113.52439, 53.56959], [-113.525431, 53.56922], [-113.52641, 53.56855], [-113.526061, 53.56823], [-113.525283, 53.567886], [-113.52381, 53.56727], [-113.52229, 53.56663], [-113.520836, 53.566008], [-113.51971, 53.56554], [-113.518884, 53.56519], [-113.5176, 53.56464], [-113.51702, 53.5644], [-113.516569, 53.56421], [-113.515401, 53.56371], [-113.51328, 53.56281], [-113.511987, 53.562261], [-113.51126, 53.56195], [-113.509641, 53.56126], [-113.5084, 53.56072], [-113.50776, 53.56045], [-113.507443, 53.560318], [-113.50659, 53.55958], [-113.50659, 53.55884], [-113.504896, 53.55884], [-113.50395, 53.55884], [-113.50301, 53.55882], [-113.502369, 53.55876], [-113.50174, 53.55835], [-113.50114, 53.55816], [-113.501019, 53.55845]]}, "properties": {"route_id": "691", "route_short_name": "691", "route_long_name": "691 \u2014 Amiskwaciy - Kingsway", "category": "Local Bus"}}, {"type": "Feature", "geometry": {"type": "LineString", "coordinates": [[-113.28767, 53.567631], [-113.28692, 53.56761], [-113.28563, 53.5675], [-113.283451, 53.56729], [-113.28217, 53.56716], [-113.280321, 53.56699], [-113.27833, 53.5668], [-113.277159, 53.56673], [-113.27521, 53.56671], [-113.27382, 53.56685], [-113.27206, 53.56695], [-113.271461, 53.56675], [-113.271191, 53.5656], [-113.27119, 53.56487], [-113.271281, 53.5644], [-113.27166, 53.56368], [-113.27217, 53.56296], [-113.27387, 53.56065], [-113.27414, 53.56026], [-113.27544, 53.55851], [-113.27623, 53.5574], [-113.27649, 53.55659], [-113.2764, 53.55597], [-113.27623, 53.55558], [-113.27571, 53.55497], [-113.27445, 53.55413], [-113.273169, 53.55338], [-113.271101, 53.55222], [-113.27019, 53.55168], [-113.267521, 53.55016], [-113.264911, 53.54866], [-113.26426, 53.54822], [-113.263959, 53.54791], [-113.26354, 53.54724], [-113.26345, 53.54667], [-113.26344, 53.5457], [-113.263459, 53.54334], [-113.26344, 53.54248], [-113.26345, 53.5413], [-113.26346, 53.54053], [-113.263433, 53.539112], [-113.263421, 53.53845], [-113.26325, 53.5376], [-113.26277, 53.53658], [-113.262661, 53.53592], [-113.262919, 53.53482], [-113.26334, 53.53403], [-113.263601, 53.53346], [-113.26418, 53.53231], [-113.26434, 53.53197], [-113.26449, 53.53131], [-113.264379, 53.53065], [-113.263783, 53.529672], [-113.26365, 53.52949], [-113.262129, 53.52769], [-113.260081, 53.52834], [-113.25912, 53.52867], [-113.25901, 53.5287], [-113.25818, 53.52878], [-113.25745, 53.52877], [-113.255392, 53.528512], [-113.255039, 53.52839], [-113.25286, 53.5277], [-113.25259, 53.52761], [-113.252483, 53.527213], [-113.25249, 53.5264], [-113.25249, 53.52534], [-113.252487, 53.524842], [-113.25248, 53.52371], [-113.25274, 53.52298], [-113.253091, 53.52266], [-113.253886, 53.522296], [-113.254299, 53.52219], [-113.253879, 53.52111], [-113.25387, 53.51987], [-113.25377, 53.51904], [-113.2535, 53.51858], [-113.25254, 53.51777], [-113.252211, 53.51749], [-113.251769, 53.51678], [-113.25214, 53.51596], [-113.25297, 53.51555], [-113.253551, 53.515425], [-113.25418, 53.5154], [-113.25591, 53.51545], [-113.25748, 53.5155], [-113.258418, 53.51551], [-113.25938, 53.5155], [-113.260799, 53.51547], [-113.26358, 53.5155], [-113.26395, 53.51552], [-113.264821, 53.51572], [-113.26563, 53.51625], [-113.267161, 53.51597], [-113.267922, 53.51589], [-113.268281, 53.5159], [-113.2693, 53.51606], [-113.270431, 53.51616], [-113.270631, 53.51601], [-113.27065, 53.51359], [-113.270731, 53.51247], [-113.270869, 53.5123], [-113.27102, 53.5122], [-113.272789, 53.51216], [-113.274434, 53.51216], [-113.27509, 53.51216], [-113.27659, 53.51216], [-113.28065, 53.51216], [-113.29473, 53.51219], [-113.29649, 53.51218], [-113.29997, 53.51218], [-113.29996, 53.51082], [-113.30015, 53.51064], [-113.3006, 53.51048], [-113.30177, 53.51011], [-113.302019, 53.51007], [-113.302281, 53.50985], [-113.303098, 53.509665], [-113.303911, 53.50964], [-113.306148, 53.509749], [-113.30669, 53.51004], [-113.30755, 53.51101]]}, "properties": {"route_id": "441A", "route_short_name": "441A", "route_long_name": "441A \u2014 Bethel - Regency", "category": "Local Bus"}}]}